Bloomberg symbol,Primary Exchange,me,Industry me,Country,Country Premium,$/Local currency,Market Cap in $,FCFF,FCFE,Market Capitalization,Firm Value,Enterprise Value,Cash & near Cash,Invested Capital,Total Debt,Book Equity,Revenues,Net Cap Ex,EBIT,EBITDA,EBIT (1-t),Chg in non-cash WC,Reinvestment,Tax Rate,Net Income,Standard deviation in stock prices,Beta,Geo growth in earnings per share,Cash/Firm Value,Payout Ratio,Reinvestment Rate,Net Margin,After-tax Margin,PE,PBV,PS,EV/EBITDA,EV/EBIT,Firm Value/BV,EV/Sales,ROE,ROIC,Market Debt to Capital,Market Debt to Equity,Book Debt to Equity,Interest Coverage Ratio
BL3M IN Equity     ,Bombay,3M INDIA LTD,Diversified Operations,India,0.02,0.0221,109.24279730000002,300.206375,407.06622355293956,4943.113,4978.323,4918.523,59.8,820.26,35.21,844.85,2100.34,-34.73,318.53,377.48,187.136375,-78.34,-113.07,0.4125,298.52,0.32646000000000003,0.627,0.4391,0.012012077159316499,0,-0.6042117680221176,0.1421293695306474,0.08909813411162001,16.55873308321051,5.850876486950346,2.3534822933429824,13.02989032531525,15.441317929237437,5.656799536395246,2.341774665054229,0.35334082973308867,0.22814275351717744,0.007072662822400233,0.007123041694575867,0.04167603716636089,15.447623666343354
ARTO IN Equity     ,Bombay,AARTI INDUSTRIES,Chemicals-Diversified,India,0.02,0.0221,52.18808920000001,-221.24659600000007,104.10289968959432,2361.452,3932.9320000000002,3907.202,25.73,2931.69,1571.48,1385.94,4730.31,117.92,514.76,689.94,354.10340399999995,457.43,575.35,0.3121,373.73,0.53716,1.035,,0.006542192949178882,0,1.6248078767409988,0.07900750690758111,0.07485839279032451,6.318604340031574,1.7038630820959062,0.49921717604131655,5.663104038032293,7.590337244541146,1.3298523713236539,0.8259927996262402,0.2696581381589391,0.1207847364489424,0.3995695832015402,0.6654719215126964,1.1338730392369079,3.634540704652969
ABAN IN Equity     ,Bombay,ABAN LOYD CHILES OFFSHORE,Diversified Operations,India,0.02,0.0221,68.1820581,-449.10655,176.3341181935275,3085.161,6181.201,6020.411,160.79,4295.63,3096.04,1360.38,2684.09,844.86,659.34,1070.71,176.37345,-219.38,625.48,0.7325,367.27,0.4077,0.719,-0.2823,0.026012744125292156,0.08026792278160481,3.546338748830961,0.13683222246645976,0.0657107064219158,8.400253219702128,2.267867066554933,1.1494253173328763,5.622821305488881,9.130965814299147,1.3870328649454047,2.2429989307363014,0.26997603610755816,0.041058808603161814,0.5008800069759906,1.0035262341252207,2.275864096796483,1.78026784749973
ABB IN Equity     ,Bombay,ABB LTD INDIA,Engineering/R&D Services,India,0.02,0.0221,644.217652,1401.64125,1786.8565854069793,29150.12,30907.99,29754.73,1153.26,5726.33,1757.87,5121.72,11757.58,9.13,987.5,1170.72,653.23125,-757.54,-748.41,0.3385,1229.68,0.36603,0.733,0.0403,0.03731268193111231,0.1717113395354889,-1.145704526536353,0.10458614782974048,0.055558307917105386,23.705451824865005,5.691470834016697,2.4792618889261226,25.415752699193657,30.131372151898734,4.4927081410374745,2.5306848858353503,0.2400912193559976,0.1140750271116055,0.05687429043428576,0.060304039914758495,0.3432186843482267,165.4103852596315
BOOT IN Equity     ,Bombay,ABBOTT INDIA LTD,Medical-Drugs,India,0.02,0.0221,140.938109,478.524998,885.1942654360068,6377.29,6452.07,6338.54,113.53,1687.13,74.78,1725.88,3549.69,11.49,687.98,741.14,474.774998,-15.24,-3.749999999999991,0.3099,881.6,0.34781,0.562,0.19030000000000002,0.017595903330249053,0.1837568058076225,-0.007898478259800848,0.2483597159188549,0.13375111573123286,7.233768148820326,3.6950946763390267,1.7965766024638772,8.552419246026393,9.213262013430622,3.583169504515011,1.7856601562389955,0.5108118756808121,0.28140984867793234,0.01159007884291398,0.011725983921069922,0.0433286207615825,546.015873015873
ABIN IN Equity     ,Bombay,ABHISHEK INDUSTRIES LTD,Textile-Products,India,0.02,0.0221,68.03115930000001,385.57764299999997,375.5210635043236,3078.333,4665.383,4646.563,18.82,3955.87,1587.05,2387.64,3064.13,-190.92,500.03,780.49,294.06764300000003,99.41,-91.51,0.4119,320.55,0.71923,0.342,,0.0040339667718598884,0,-0.31118690606841076,0.10461370764295248,0.09597100743114685,9.603284978942442,1.28927853445243,1.0046352471990418,5.953392099834719,9.292568445893247,1.1737727973753929,1.5164379448652636,0.13425390762426498,0.07433703407847075,0.34017571547716446,0.5155550098056317,0.6646940074718132,2.6300757416368605
ADX IN Equity     ,Bombay,ADANI EXPORTS,Distribution/Wholesale,India,0.02,0.0221,163.78824930000002,594.9897920000001,990.6990768971195,7411.233,11788.233,11542.123,246.11,10185.23,4377,6054.34,44838.71,21.19,960.62,1002.96,904.519792,288.34,309.53,0.0584,1170.35,0.69894,1.163,0.1241,0.02087759887338501,0.06892809843209297,0.3422036783911523,0.02610133074747244,0.02017274341746228,6.33249284402102,1.2241190616978894,0.16528649017779504,11.508059144931003,12.015284920155732,1.130078494229888,0.25741425210493346,0.19330761073874278,0.08880700700916917,0.37130246746904305,0.5905899868483422,0.7229524605489616,2.0356862828201487
ADLF IN Equity     ,Bombay,ADLABS FILMS LTD,Motion Pictures&Services,India,0.02,0.0221,56.949379500000006,-189.71430000000004,-37.69751926745522,2576.895,2692.985,2680.065,12.92,1035.48,116.09,932.31,739,-11.14,249,291.51,154.20569999999998,355.06,343.92,0.3807,268.14,0.6674800000000001,1.315,,0.004797650191144771,0.10024614007607967,2.2302677527484396,0.3628416779431664,0.20866806495263868,9.610259565898412,2.7639894455706795,3.487002706359946,9.193732633528867,10.763313253012049,2.5686617703166736,3.6266102841677945,0.2876081989896065,0.14892194924093174,0.04310829804102139,0.045050341593274076,0.12451866868316333,23.782234957020055
ABM IN Equity     ,Bombay,AFTEK INFOSYS LIMITED,Decision Support Softwar,India,0.02,0.0221,96.46650000000001,-106.12214399999999,-99.9462578897606,4365,4373.03,3512.29,860.74,1487.24,8.03,2339.95,962.54,352.77,451.68,499.33,424.21785600000004,177.57,530.34,0.0608,428.58,0.7537699999999999,1.121,,0.1968292008058486,0.048135703952587615,1.2501595406677082,0.4452594177904295,0.4407275084671806,10.184796304073918,1.865424474881942,4.534876472666071,7.034005567460397,7.776058271342543,1.862464756940008,3.6489808215762465,0.18315775978119192,0.2852383314058256,0.0018362554110079282,0.0018396334478808704,0.003431697258488429,82.87706422018348
AECL IN Equity     ,Bombay,AHMEDABAD ELECTRICITY CO,Electric-Integrated,India,0.02,0.0221,148.8577324,891.406604,860.6412799765719,6735.644,7762.894,7711.814,51.08,6402.71,1027.25,5426.54,11155.18,-248.28,703.67,1771.38,465.266604,-177.86,-426.14,0.33880000000000005,502.33,0.72222,0.829,0.0207,0.006580020286248917,0.12706786375490214,-0.9159049807924751,0.04503109766045908,0.04170856983033891,13.408802978121953,1.241241011768088,0.6038131164176642,4.3535627589788755,10.959418477411287,1.2028426707407587,0.6913213412961512,0.09256911402108894,0.07266713688422557,0.1323282270761394,0.15250954474434814,0.18930110162276514,1.6701160610447867
ALBC IN Equity     ,Bombay,ALEMBIC LIMITED,Medical-Drugs,India,0.02,0.0221,60.3245578,-161.04414199999997,61.56851472296236,2729.618,4980.718,4976.8679999999995,3.85,3801.77,2251.1,1554.52,5030.55,470.43,510.91,769.75,431.105858,121.72,592.15,0.1562,303.45,0.38936,0.908,,0.0007729809236339018,0.10548690064260999,1.3735605513391098,0.06032143602588186,0.08569755951138544,8.995280935903773,1.7559233718446852,0.5426082635099542,6.465564144202663,9.741183378677261,1.3087796469432051,0.9893288010257326,0.19520495072433935,0.11339609129431817,0.45196294992007174,0.8246941513427886,1.4480997349664204,2.079321150950307
ALFA IN Equity     ,Bombay,ALFA-LAVAL (INDIA) LTD,Engineering/R&D Services,India,0.02,0.0221,220.8610573,295.58387400000004,585.6023503702502,9993.713,10066.873,9897.463,169.41,1432.21,73.16,1528.46,2905.69,-100.11,415.57,544.97,277.683874,82.21,-17.9,0.3318,568.52,0.36253,0.463,,0.01682846301925136,0.5104305917118132,-0.06446179154069286,0.19565748582952758,0.09556555379273081,17.578472173362414,6.53841971657747,3.4393596701644014,18.161482283428445,23.81659648194047,6.285431625479202,3.406235007863881,0.37195608651845646,0.19388488699282927,0.007267400711223833,0.007320602462768343,0.047865171479790115,526.0379746835442
ALBK IN Equity     ,Bombay,ALLAHABAD BANK,Commer Banks Non-US,India,0.02,0.0221,222.20003,3422.48181,3151.4587299883906,10054.3,18231.7,2774.1,15457.6,5043,8177.4,12323.2,30963.1,-107.5,3076.7,3472.9,1736.18181,-1578.8,-1686.3,0.4357,2137.8,0.47336,,,0.8478419456221857,0.07503040508934418,-0.9712692474297954,0.06904347432912081,0.05607260933175296,4.7031059968191595,0.8158838613347181,0.3247187781585177,0.7987848771919712,0.9016478694705357,0.8893251904822297,0.08959374222865271,0.17347766813814594,0.34427559190957774,0.4485264676360406,0.8133236525665636,0.6635776421708647,
ALOK IN Equity     ,Bombay,ALOK INDUSTRIES LTD,Textile-Products,India,0.02,0.0221,112.30649820000001,-1537.37628,-15.754597968763733,5081.742,10523.442,10506.442,17,7928.9,5441.7,2504.2,7936,732.5,1106.8,1361,396.1237200000001,1201,1933.5,0.6420999999999999,593.6,0.72764,1.463,,0.0016154410315560252,0.07260781671159029,4.881050798977651,0.0747983870967742,0.04991478326612905,8.560886118598383,2.0292875968373134,0.6403404737903226,7.719648787656134,9.492629201301048,1.3243864131187153,1.3238964213709676,0.23704176982669117,0.0499594798774105,0.5171026742010837,1.0708335842315488,2.1730293107579266,2.069171807814545
ABBAP IN Equity     ,Bombay,ALSTOM PROJECTS INDIA LTD,Power Conv/Supply Equip,India,0.02,0.0221,173.3039568,-586.985805,-176.4512641859593,7841.808,7948.248,7598.678,349.57,2317.68,106.44,2560.81,5944.26,-104.9,297.63,465.09,275.754195,967.64,862.74,0.0735,651.86,0.60755,1.102,,0.043980761546443946,0,3.1286559393955913,0.10966209418834304,0.046389995558740696,12.02989598993649,3.0622373389669675,1.3192235871243856,16.338080801565287,25.53061855323724,2.9799411378760894,1.2783219441949039,0.2545522705706398,0.11897854535570053,0.01339163045742911,0.013573400419903165,0.04156497358257739,18.49782473586078
MDCM IN Equity     ,Bombay,AMBUJA CEMENT EASTERN LTD,Bldg Prod-Cement/Aggreg,India,0.02,0.0221,158.85636910000002,1618.7558969999998,523.4026022916837,7188.071,9213.351,9097.881000000001,115.47,3541.23,2025.28,1631.42,3652.05,-144.97,626.93,874.15,626.93,70.28,-74.69,0,490.08,0.57623,0.542,,0.01253289926759547,0,-0.11913610769942419,0.13419312440957817,0.17166522911789267,14.66713801828273,4.40602113496218,1.9682290768198683,10.407688611794317,14.511797170338,2.5195807695463124,2.491170986158459,0.30040087776293045,0.177037357076496,0.21982012842015894,0.28175570330343147,1.2414215836510525,3.6804626042033575
AMTK IN Equity     ,Bombay,AMTEK AUTO LIMITED,Metal Processors&Fabrica,India,0.02,0.0221,139.15673850000002,0,,6296.685,6296.685,6296.685,0,0,0,0,0,0,0,0,0,0,0,0,0,0.57436,0.481,,0,,,,,,,,,,,,,,0,0,,
ANDB IN Equity     ,Bombay,ANDHRA BANK LTD,Money Center Banks,India,0.02,0.0221,464.98400000000004,2939.04608,3792.4852849851227,21040,32322.27,19400.62,12921.65,9440.57,11282.27,11079.95,28005.54,651.01,5401.76,5769.72,3824.44608,234.39,885.4,0.292,4231.18,0.47595999999999994,0.808,,0.3997754489396939,0.14889463459365945,0.23151065055674674,0.15108367844362222,0.13656034056118896,4.972608114048563,1.8989255366675841,0.7512799253290599,3.3624889942666196,3.5915368324397976,1.4453962978630923,0.6927422217175603,0.3818771745359862,0.4051075390574933,0.3490556201652916,0.5362295627376426,1.018260010198602,
APHS IN Equity     ,Bombay,APOLLO HOSPITALS ENTERPRISE,Medical-Hospitals,India,0.02,0.0221,146.15846050000002,-232.1962999999999,108.60368589399963,6613.505,9375.155,9104.125,271.03,4765.55,2761.65,2274.93,4620.54,531.72,554.41,806.37,316.01370000000003,16.49,548.21,0.43,356.22,0.44290999999999997,0.694,-0.011399999999999999,0.028909388698106855,0.2773847622255909,1.7347665623357464,0.07709488501343999,0.06839323975119792,18.565787996182134,2.9071246148233136,1.431327290749566,11.290257574066496,16.42128569109504,1.8614129032001876,1.9703595250771555,0.1565850377813823,0.0663121150759094,0.29457112975732136,0.41757736631332404,1.213949440202556,2.237960683001655
APTY IN Equity     ,Bombay,APOLLO TYRES LIMITED,Rubber-Tires,India,0.02,0.0221,204.89663610000002,-222.34259999999995,312.4236555619218,9271.341,12119.841,11284.741,835.1,6495.1,2848.5,4481.7,16083.3,783.1,1786.5,2123.6,1299.8574,739.1,1522.2,0.2724,1243.1,0.5340699999999999,1.002,0.20309999999999997,0.06890354419666067,0.1279060413482423,1.171051532268078,0.07729135189917492,0.08082031672604503,7.458242297482102,2.068710757078787,0.576457629964,5.313967319645885,6.316675622726001,1.6534120487844808,0.7016433816443143,0.27737242564205544,0.2001289279610784,0.23502783576121172,0.30723710841829677,0.6355847111587121,5.415277356774781
APTR IN Equity     ,Bombay,APTECH LTD,Educatiol Software,India,0.02,0.0221,57.2081484,-77.42190400000001,-74.53476732719517,2588.604,2690.004,2649.584,40.42,922.95,101.4,861.97,1166.22,-45.16,70.32,176.84,64.188096,186.77,141.61,0.0872,52.17,0.7475499999999999,,,0.01502599996133835,0,2.206172309582138,0.04473426969182487,0.05503944024283583,49.6186313973548,3.0031253987957816,2.2196532386685184,14.982945035059942,37.67895335608646,2.7922854147419995,2.2719418291574485,0.06052414817221017,0.06954666666666666,0.03769511123403534,0.03917169254161703,0.11763750478554938,5.114181818181818
ARVND IN Equity     ,Bombay,ARVIND MILLS LIMITED,Textile-Apparel,India,0.02,0.0221,258.14855300000005,1809.9602,834.5378051553652,11680.93,31581.83,31298.55,283.28,26981.52,19900.9,7363.9,18092.4,-1443.9,2680.1,4569.1,2680.1,2319.4,875.5,0,1071,0.51488,1.156,,0.008969714547890351,0.062464985994397766,0.326666915413604,0.05919612655037474,0.14813402312573234,10.9065639589169,1.5862423444098916,0.6456263403418009,6.850047055218752,11.67812768180292,1.158337123323846,1.7299280360814486,0.1454392373606377,0.09933094947949558,0.6301376456019173,1.7037085232083404,2.702494602045112,1.457685195257261
AISG IN Equity     ,Bombay,ASAHI INDIA GLASS LTD,Auto/Trk Prts&Equip-Orig,India,0.02,0.0221,235.12587800000003,368.53490200000005,365.04837043932616,10639.18,11513.41,11417.49,95.92,1569.13,874.23,790.82,4120.16,-188.1,397.23,835.73,392.22490200000004,211.79,23.69,0.0126,376.3,0.47054,0.649,0.6743000000000001,0.008331154714372197,0.10815838426787139,0.06039902076385756,0.09133140460564639,0.09519652197972896,28.27313313845336,13.453352216686477,2.582224962137393,13.66169695954435,28.742768673060944,6.914753310711389,2.7711278202788243,0.47583520902354515,0.24996329303499393,0.07593145731803176,0.08217080639673358,1.105472800384411,5.050603941513033
ALF IN Equity     ,Bombay,ASHOK LEYLAND FINCE LTD,Fince-Commercial,India,0.02,0.0221,63.33778230000001,914.0072439999999,868.7143064746231,2865.963,13310.863,12594.943,715.92,11845.12,10444.9,2116.14,3565.51,-180.59,788.34,1026.26,501.857244,-231.56,-412.15,0.36340000000000006,799.28,0.54012,0.633,,0.053784641912398914,0.17519517565809228,-0.821249478666487,0.224169894348915,0.14075328466334408,3.585680862776499,1.3543352519209506,0.8038017001775342,12.27266287295617,15.976536773473374,1.0596943405960015,3.532437996247381,0.3777065789598042,0.04236827013993949,0.7846899183020665,3.6444643563088563,4.93582655211848,
AL IN Equity     ,Bombay,ASHOK LEYLAND LIMITED,Auto-Med&Heavy Duty Trks,India,0.02,0.0221,685.339564,2879.240592,2453.963728898654,31010.84,39142.94,37368.7,1774.24,15952.71,8132.1,9594.85,26986.63,213.51,2105.76,3135.45,1488.1405920000002,-1604.61,-1391.1,0.2933,1701.02,0.47855,0.907,0.45539999999999997,0.045327203321978364,0.3146229909113355,-0.9347907096132754,0.0630319532301736,0.05514362452814598,18.230732148945926,3.2320296825901393,1.149118656164182,11.918129774035625,17.745944457108124,2.208103480858241,1.3847116146032314,0.17728468918221754,0.09328450100327781,0.20775393979093038,0.2622341091050742,0.8475484244151811,2.2023322700413117
AHOT IN Equity     ,Bombay,ASIAN HOTELS LIMITED,Hotels&Motels,India,0.02,0.0221,77.2820646,-778.736096,-291.3258880232382,3496.926,6561.596,6542.276,19.32,5709.19,3064.67,2663.84,1066.48,965.42,163.28,225.44,122.753904,-63.93,901.49,0.2482,127.88,0.64321,0.662,-0.32799999999999996,0.0029444055988817356,0.7132467938692524,7.343880484648374,0.11990848398469732,0.11510192783737154,27.345370659993744,1.3127387530782628,3.2789419398394717,29.020031937544356,40.06783439490446,1.1454280432433563,6.134457280024004,0.04800588623941377,0.0215011068119996,0.46706167219072925,0.876389720571725,1.1504707489939334,4.486946963451498
APNT IN Equity     ,Bombay,ASIAN PAINTS (INDIA) LTD,Coatings/Paint,India,0.02,0.0221,733.583863779,978.2783319999999,2031.2814180966616,33193.83999,35455.79999,34786.39999,669.4,6367.92,2261.96,4775.36,16577.59,-105.36,2152.89,2657.77,1332.208332,459.29,353.93,0.3812,2271.45,0.22545,0.517,0.1812,0.018879844769792205,0.2901450615245768,0.2656716607294121,0.13701931342251797,0.08036200267952097,14.613502383939775,6.951065467315554,2.0023320633457575,13.08856672699293,16.158001565337756,5.038253197239858,2.098399103247215,0.47566047376532866,0.2092061979421852,0.06379661439420253,0.06814396890150219,0.4736731890370569,15.679047410967883
ASN IN Equity     ,Bombay,ASIAN STAR CO LIMITED,Retail-Jewelry,India,0.02,0.0221,245.266905,0,,11098.05,11098.05,11098.05,0,0,0,0,0,0,0,0,0,0,0,0,0,0.27341,0.446,,0,,,,,,,,,,,,,,0,0,,
ACC IN Equity     ,Bombay,ASSOCIATED CEMENT COS LTD,Bldg Prod-Cement/Aggreg,India,0.02,0.0221,920.8186000000001,493.07797000000016,1200.924274533227,41666,56216.6,55825.3,391.3,25392.1,14550.6,11232.8,30201.1,1032.3,1492.9,3310.2,1297.77797,-227.6,804.7,0.1307,1551.5,0.42672,1.027,0.5649000000000001,0.006960577480672969,0.32613599742184984,0.6200598396657941,0.05137230100890365,0.04297121528686042,26.855301321301965,3.709315575813689,1.3796186231627325,16.86463053591928,37.393864290977284,2.1803408394548427,1.8484525398081526,0.1381222847375543,0.05110951713328161,0.25883102144206516,0.3492199875198003,1.2953671390926573,1.068417662635082
ASTR IN Equity     ,Bombay,ASTRAZENECA PHARMA INDIA LTD,Medical-Drugs,India,0.02,0.0221,110.74310000000001,19.368849999999995,100.82,5011,5011,4961.55,49.45,710.41,0,759.86,1377.19,7.61,139.82,188.35,86.33885,59.36,66.97,0.3825,167.79,0.64078,0.55,0.08070000000000001,0.009868289762522452,0.0896358543417367,0.7756647210380959,0.12183504091664911,0.06269203958785642,29.864711842183684,6.5946358539731005,3.6385683892563843,26.342182107778076,35.48526677156344,6.5946358539731005,3.6026619420704478,0.2208169926039007,0.12153383257555496,0,0,0,176.9873417721519
ATCP IN Equity     ,Bombay,ATLAS COPCO (INDIA) LIMITED,Machinery-Constr&Mining,India,0.02,0.0221,98.4631245,188.4044,584.5543506750408,4455.345,4476.895,4289.3150000000005,187.58,1025.68,21.55,1191.71,2457.7,24.28,308,360.78,174.5744,-38.11,-13.83,0.43320000000000003,570.97,0.59356,0.749,0.0866,0.0418995754870284,0.07813019948508677,-0.0792212374781182,0.23231883468283357,0.07103161492452294,7.803115750389688,3.7386150993110743,1.8128107580257966,11.889004379400191,13.926347402597404,3.689971646637984,1.7452557268991338,0.47911824185414237,0.17020357226425395,0.004813604071571926,0.004836886930192835,0.018083258510879326,123.69477911646585
ARBP IN Equity     ,Bombay,AUROBINDO PHARMA LTD,Medical-Drugs,India,0.02,0.0221,419.07567000000006,-2472.1139999999996,-192.5223630564185,18962.7,25926.3,25525,401.3,11543.4,6963.6,4981.1,12497.6,3614.7,1362.4,1673.3,957.0860000000001,-185.5,3429.2,0.2975,1237.5,0.53761,1.034,0.2494,0.01547849095320196,0.04977777777777778,3.582959107123079,0.09901901165023684,0.07658158366406351,15.32339393939394,3.8069301961414146,1.5173073230060172,15.25428793402259,18.735320023487965,2.1705275142950433,2.0423921392907443,0.24843909979723353,0.08291196701145243,0.26859212459934506,0.3672261861443782,1.3980044568468812,2.849613051662832
ATXL IN Equity     ,Bombay,AUTOMOTIVE AXLES LIMITED,Auto/Trk Prts&Equip-Repl,India,0.02,0.0221,78.50072490000001,51.66932000000003,207.15652616852145,3552.069,3804.889,3784.909,19.98,766.27,252.82,533.43,2103.28,-3.13,314.8,407.63,203.32932000000002,154.79,151.66,0.35409999999999997,310.05,0.5261399999999999,0.821,,0.005251138732299418,0.4445734558942106,0.7458835744889127,0.14741261268114564,0.09667249248792363,11.456439283986454,6.658922445306788,1.6888236468753564,9.2851581090695,12.023217916137229,4.839286486486487,1.799526929367464,0.5812384005399022,0.26534944601772226,0.06644609080580274,0.0711754191711929,0.4739515962731755,27.397737162750218
HOEC IN Equity     ,Bombay,AVENTIS PHARMA LTD,Medical-Drugs,India,0.02,0.0221,345.467863,646.380157,1011.73,15632.03,15632.03,15045.19,586.84,2104.67,0,2691.51,6160.83,-18.25,816.61,966.62,550.150157,-77.98,-96.23,0.32630000000000003,915.5,0.36517000000000005,0.624,0.24710000000000001,0.037540869611944194,0.15094483888585472,-0.17491588210162048,0.14860010745305421,0.0892980583784977,17.074855270344074,5.807903370227121,2.5373253279184786,15.564741056464795,18.423960029879623,5.807903370227121,2.4420719286200074,0.34014363684325893,0.26139497260853245,0,0,0,200.64127764127764
BJA IN Equity     ,Bombay,BAJAJ AUTO LIMITED,Motorcycle/Motor Scooter,India,0.02,0.0221,2199.817867,3757.9237439999997,8187.218240865299,99539.27,107944.07,107656.69,287.38,40523.48,8404.8,32406.06,41556.71,-598.17,4960.12,6671.69,3378.833744,219.08,-379.09,0.3188,7886.2,0.35905000000000004,0.879,0.064,0.0026623046546234543,0.1789619842256093,-0.1121955173654735,0.18976959436875537,0.08130657465424958,12.621956075169283,3.07162518368478,2.3952634845251226,16.136344764220162,21.704452714853673,2.644983957701455,2.5905970419698767,0.24335571803545386,0.08337965406722225,0.07786254492720164,0.0844370267131756,0.2593588976876547,443.66010733452595
BJH IN Equity     ,Bombay,BAJAJ HINDUSTHAN LIMITED,Sugar,India,0.02,0.0221,59.41379470000001,1295.260593,762.1604922760941,2688.407,3554.047,3527.367,26.68,1804,865.64,965.04,5909.57,35.16,250.69,434.94,205.490593,-1124.93,-1089.77,0.18030000000000002,187.69,0.71489,1.235,,0.007506935051787441,0.11503010282913315,-5.303259794476334,0.03176034804562769,0.034772511874806455,14.323656028557728,2.7857985161236845,0.4549243007528467,8.110008277003725,14.070633052774344,1.9413807983918545,0.5968906367129927,0.19448934759180966,0.11390831097560976,0.24356458988865368,0.3219899367915646,0.8969990881206997,1.1750175767518163
BJT IN Equity     ,Bombay,BAJAJ TEMPO LIMITED,Auto-Cars/Light Trucks,India,0.02,0.0221,136.20599070000003,32.089960000000005,287.6828443339474,6163.167,6777.347000000001,6582.887000000001,194.46,1808.61,614.18,1388.89,6996.65,-108.03,138.96,390.11,126.93996,202.88,94.85,0.08650000000000001,353.45,0.60104,0.668,,0.028692643301279984,0,0.7472036386335713,0.05051703315157968,0.01814296270357957,17.43716791625407,4.437476690018648,0.8808739896950685,16.874437979031555,47.372531663788145,3.3834798584173296,0.9408626985771763,0.25448379641296287,0.07018647469603728,0.0906224810386719,0.09965331135761855,0.44220924623260294,2.284774745149622
BLJT IN Equity     ,Bombay,BALAJI TELEFILMS LTD,Broadcast Serv/Program,India,0.02,0.0221,110.9477018,299.37518400000005,639.49,5020.258,5020.258,5013.308,6.95,1057.49,0,1064.44,1859.66,119.48,890.88,933.31,565.085184,146.23,265.71,0.3657,905.2,0.5483,0.858,,0.0013843910014186523,0.11382015024304021,0.4702122928071672,0.48675564350472666,0.3038647838852263,5.546020768890853,4.716337228965465,2.699556908252046,5.371535716964353,5.627366199712644,4.716337228965465,2.6958196659604443,0.850400210439292,0.5343645651495522,0,0,0,1509.9661016949153
BILT IN Equity     ,Bombay,BALLARPUR INDUSTRIES LTD,Paper&Related Products,India,0.02,0.0221,243.95902700000005,2243.9843,1586.1511734429514,11038.87,22871.72,22820.8,50.92,23687.26,11832.85,11905.33,16673.39,-413.08,2475.25,3861.05,1725.7443,-105.16,-518.24,0.3028,1326.24,0.45508000000000004,1.005,,0.0022263301579417724,0.23935335987453252,-0.3002994128388544,0.07954231263108462,0.10350290492815199,8.323433164434794,0.9272208330218483,0.6620651229294103,5.910516569326997,9.219593980406021,0.9634993078660622,1.368695868086814,0.11139884404716208,0.07285537879856091,0.5173572429183289,1.0719258402354588,0.9939119705207667,1.6619108365784878
BRCM IN Equity     ,Bombay,BALRAMPUR CHINI MILLS,Sugar,India,0.02,0.0221,100.6903625,-862.4163920000001,-153.06009462545876,4556.125,7821.755,7800.465,21.29,5609.33,3265.63,2364.99,5323.05,732.02,498.28,711.05,392.943608,523.34,1255.36,0.2114,374.22,0.57575,0.944,-0.07440000000000001,0.0027218955336749872,0.430922986478542,3.1947586738705778,0.0703018006593964,0.07381925925925925,12.17499064721287,1.9264880612603015,0.8559237655103746,10.97034667041699,15.65478245163362,1.3891463107082347,1.4654126863358412,0.15823322720180638,0.07005179014249474,0.4175060456380953,0.7167560152541909,1.380821906223705,3.484475524475524
BOI IN Equity     ,Bombay,BANK OF INDIA,Money Center Banks,India,0.02,0.0221,709.84095,19419.354919999998,14515.552009621213,32119.5,144429.5,110931.59,33497.91,115298.29,112310,36486.2,75307.57,-936.66,11144.08,13371.32,8207.61492,-10275.08,-11211.74,0.2635,11766.33,0.44673999999999997,0.937,0.255,0.23193260379631586,0.10380891917870738,-1.3660168160033512,0.15624365518632455,0.10898791343287267,2.7297806537807454,0.8803191343576476,0.4265109072036184,8.296233281381344,9.954306681215497,0.970653148400295,1.4730469991263824,0.32248713212118557,0.0711859206238011,0.777611222084131,3.4966297731907408,3.0781500951044505,
BOB IN Equity     ,Bombay,BANK OF BARODA,Money Center Banks,India,0.02,0.0221,1528.1177600000003,15937.901986,16370.521283837925,69145.6,102874.42,68216.18,34658.24,42940.34,33728.82,43869.76,73528.46,-5280.38,11640.93,17856.78,7685.341986,-2972.18,-8252.56,0.3398,11705,0.52939,1.104,0.10869999999999999,0.3368985215177883,0.16469030328919265,-1.0738051754929412,0.15919006055614382,0.10452200394241902,5.907355830841521,1.5761563318331353,0.9403923324383511,3.82018370613291,5.860028365431286,1.3257255480705963,0.9277520568226237,0.26681249224978665,0.17897720386005328,0.3278640112867708,0.48779416188448715,0.7688398568854719,
BOP IN Equity     ,Bombay,BANK OF PUNJAB LIMITED,Money Center Banks,India,0.02,0.0221,68.10667500000001,0,,3081.75,3081.75,3081.75,0,0,0,0,0,0,0,0,0,0,0,0,0,0.6079,0.668,,0,,,,,,,,,,,,,,0,0,,
BOR IN Equity     ,Bombay,BANK OF RAJASTHAN,Money Center Banks,India,0.02,0.0221,95.0889628,-283.3240729999999,373.7509867524104,4302.668,10415.277999999998,6628.767999999998,3786.51,5176.63,6112.61,2850.53,5993.33,187.07,1105.53,1197.32,680.8959270000001,777.15,964.22,0.38409999999999994,680.4,0.45049,0.754,,0.36355342603433155,0,1.4161048139152694,0.11352620329599739,0.11360894978250825,6.323733098177542,1.509427369647048,0.717909409293331,5.5363378211338645,5.9960091539804425,1.1620121966185957,1.1060241968988855,0.2386924536840517,0.1315326625623234,0.5868887993196149,1.4206557419721904,2.1443766597790583,
BNRI IN Equity     ,Bombay,BANRI AMMAN SUGARS LTD,Sugar,India,0.02,0.0221,61.3843191,-484.259553,2.199326846292621,2777.571,5412.901,5399.5109999999995,13.39,4043.93,2635.33,1421.99,3035.88,129,274.83,490.92,156.90044699999999,512.16,641.16,0.4291,226.91,0.64411,0.984,-0.0605,0.0024737197299562657,0.13873341853598342,4.086412832208183,0.07474274345494551,0.051682031898494005,12.240848794676303,1.95329854640328,0.91491462113127,10.998759472011733,19.646730706254775,1.334107489672986,1.7785653583145578,0.15957214888993593,0.03879900171367951,0.4868609272550893,0.9487894278850117,1.8532690103305929,2.4158755274261603
BASF IN Equity     ,Bombay,BASF INDIA LIMITED,Chemicals-Specialty,India,0.02,0.0221,95.56625650000001,82.88940000000008,264.6396253233647,4324.265,5643.5650000000005,5630.465,13.1,3504.6,1319.3,2198.4,5275.3,-97.8,554,768.3,399.48940000000005,414.4,316.6,0.2789,462.5,0.41707,0.868,0.1094,0.002321227805474022,0.30464864864864866,0.7925116411098766,0.08767273899114741,0.07572828085606506,9.349762162162163,1.9670055494905387,0.8197192576725495,7.328471951060784,10.163294223826716,1.604333797651875,1.0673260288514397,0.21038027656477437,0.11399001312560636,0.23377067509632649,0.3050923104851344,0.6001182678311499,3.9913544668587893
BATA IN Equity     ,Bombay,BATA INDIA LIMITED,Footwear&Related Apparel,India,0.02,0.0221,63.867276200000006,216.61,143.43864404479038,2889.922,3506.392,3490.622,15.77,3681.9,616.47,3081.2,6497.26,-36.78,-134.88,-3.8499999999999943,-92.446752,-314.71,-351.49,0.3146,-149.45147,0.7449899999999999,0.711,,0.004497500564683014,,,-0.016108328741654174,-0.014228575122436226,,0.9379209398935481,0.44479088107910103,,,0.948270667744823,0.5372452387621859,-0.0485043067635986,-0.025108436405116924,0.17581320057768784,0.2133171760345089,0.20007464624172402,-1.6217386076710352
BYR IN Equity     ,Bombay,BAYER INDIA LTD,Chemicals-Diversified,India,0.02,0.0221,87.76942070000001,134.694011,322.9659322356826,3971.467,5609.747,5533.517000000001,76.23,2443.09,1638.28,881.04,5770.63,44.18,500.89,625.99,345.564011,166.69,210.87,0.31010000000000004,396.71,0.59997,0.719,0.2271,0.013588848124523262,0.08177257946610875,0.6102197951394887,0.06874639337472685,0.05988323822528909,10.011008041138364,4.507703395986562,0.6882206968736516,8.839625233629931,11.047369681966103,2.2266909324738426,0.9589103789360954,0.4502746753836375,0.14144546905762787,0.2920416910067424,0.41251255518426816,1.8594842458912195,2.7019635343618513
BRGR IN Equity     ,Bombay,BERGER PAINTS INDIA LIMITED,Coatings/Paint,India,0.02,0.0221,96.8967428,297.820324,439.3762066975918,4384.468,4901.358,4617.648,283.71,1900.06,516.89,1666.88,6233.09,-16.7,448.03,588.72,327.420324,46.3,29.6,0.2692,461.97,0.40879,0.768,0.1023,0.05788395787453191,0.1774357642271143,0.09040367329182655,0.07411572751235744,0.05252937531786,9.490806762343874,2.6303441159531578,0.7034180478703179,7.8435385242560125,10.306559828582909,2.2444479043122674,0.7408280644110706,0.2771465252447687,0.17232104459859163,0.10545852802427408,0.11789115577990306,0.3100943079285851,6.388564095251676
BEPL IN Equity     ,Bombay,BHANSALI ENGINEERNG POLYMER,Petrochemicals,India,0.02,0.0221,52.62653110000001,0,,2381.291,2381.291,2381.291,0,0,0,0,0,0,0,0,0,0,0,0,0,0.29073,1.222,,0,,,,,,,,,,,,,,0,0,,
BEML IN Equity     ,Bombay,BHARAT EARTH MOVERS LIMITED,Engineering/R&D Services,India,0.02,0.0221,162.6927081,1971.03,2327.404397989121,7361.661,7696.601,5944.861,1751.74,4434.61,334.94,5851.41,15482.92,-70.88,-89.22,103.84,-61.490424000000004,-1989.37,-2060.25,0.31079999999999997,378.7,0.6653100000000001,1.287,0.198,0.22759917007520594,0.11642461050963825,,0.024459210536513783,-0.003971500466320306,19.439294956429894,1.2581003552989793,0.47546980802070926,57.25020223420647,,1.2441263426737899,0.38396252128151537,0.06471944368964061,-0.013866027452244956,0.04351791134813927,0.04549788424107005,0.05724090432904206,-2.978964941569282
BHE IN Equity     ,Bombay,BHARAT ELECTRONICS LIMITED,Electronic Compo-Misc,India,0.02,0.0221,990.522,1216.5318399999996,2852.9627613226985,44820,45509.83,41822.24,3687.59,7726.65,689.83,10724.41,25800.39,438.91,3688.68,4288.4,2537.81184,882.37,1321.28,0.312,4094.39,0.37487000000000004,0.882,0.3914,0.08102842836371835,0.09921624466648268,0.5206374953314112,0.1586948879454923,0.09836331311270875,10.946685586863978,4.179250886528956,1.7371830425819146,9.752411155675778,11.337996247980309,3.9871099608909577,1.620992550887797,0.38178230783791367,0.3284491778455087,0.015157824144805638,0.01539112003569835,0.0643233520538659,25.943733295822195
BHFC IN Equity     ,Bombay,BHARAT FORGE LIMITED,Metal Processors&Fabrica,India,0.02,0.0221,597.785552,580.7603780000001,1065.8226136329788,27049.12,30896.56,30672.24,224.32,5818.38,3847.44,2195.26,5960.63,108.86,1063.58,1481.15,764.820378,75.2,184.06,0.2809,1132.69,0.44814,0.967,0.1153,0.007260355198119144,0.14422304425747556,0.24065781364418606,0.190028570805435,0.12831200359693523,23.88042624195499,12.321601997029964,4.537963268983312,20.708395503493907,28.838676921341133,5.113038873351315,5.1458050575190875,0.5159707733935843,0.13144902498633637,0.12452648450183453,0.1422390081451818,1.7526124468172333,2.6047069771998137
BHEL IN Equity     ,Bombay,BHARAT HEAVY ELECTRICALS,Power Conv/Supply Equip,India,0.02,0.0221,3055.3846700000004,5202.7638799999995,12399.329361670229,138252.7,143710.92,132516.5,11194.42,42300.5,5458.22,48036.7,71158.02,13.2,3688.22,5541.49,2043.27388,-3172.69,-3159.49,0.446,9562.21,0.41558,0.896,-0.09179999999999999,0.07789540279889656,0.10232780915708817,-1.5462880580649325,0.13437993356195124,0.02871459717400793,14.458237164839511,2.878064063518102,1.942896949634068,23.913514235341037,35.929662547245016,2.686440506874298,1.8622848134335384,0.1990605099850739,0.048303776078296945,0.037980551512717335,0.03948002462158062,0.11362604009018105,6.732785688207375
BPCL IN Equity     ,Bombay,BHARAT PETROLEUM CORP LTD,Oil Refining&Marketing,India,0.02,0.0221,3027.5895,13160.783888000002,26772.50536721707,136995,195154.94,189768.88,5386.06,103961.39,58159.94,51187.51,568183.6,6874.07,30812.92,38174.44,18993.083888,-1041.77,5832.3,0.3836,29502.71,0.47641,1.201,0.2439,0.027598891424424104,0.1415832647238169,0.30707493498119587,0.05192460676443319,0.03342772281354126,4.643471735308384,2.67633647348738,0.24111044387764802,4.971097938830275,6.158743799678836,1.7847232834419091,0.3339921814005192,0.5763654063266606,0.1826936316261258,0.2980193071207934,0.42454060367166685,1.1362135020828323,6.274636457864545
BTL IN Equity     ,Bombay,BHARTI TELECOM LIMITED,Telecommunication Equip,India,0.02,0.0221,58.451185,20.231681999999992,54.40972468748819,2644.85,2744.75,2723.54,21.21,1302.74,99.9,1224.05,730.74,139.53,97.38,112.29,73.901682,-85.86,53.67,0.24109999999999998,104.03,,,,0.007727479734037709,0.3249062770354705,0.7262351620088973,0.14236253660672743,0.1011326627801954,25.423916178025568,2.1607368980025328,3.619413197580535,24.254519547599966,27.96816594783323,2.0731523093772424,3.7270985576265154,0.08498835831869614,0.056727882770161345,0.03639675744603334,0.03777151823354822,0.08161431314080309,9
BHARTI IN Equity    ,Bombay,BHARTI TELEVENTURES,Telecom Services,India,0.02,0.0221,5191.60603,-26840.202135,-16242.17311931085,234914.3,271448.21,270789.93,658.28,72437,36533.91,36561.37,30499.41,24252.59,619.85,5420.9,619.85,3208.02,27460.61,0,-2506.71,0.5655,0.847,,0.0024250666453096157,,44.302024683391146,-0.0577840686098518,0.020323343959768404,,6.425205073004649,7.702257191204682,49.95294692763193,200,3.7136215908879473,8.878530109270963,-0.06856170871058716,0.008557090989411488,0.13458887792997423,0.15552016203355865,0.9992489340525259,0.19825303208638248
BHUS IN Equity     ,Bombay,BHUSHAN STEEL & STRIPS LTD,Steel-Producers,India,0.02,0.0221,81.4372845,0,,3684.945,3684.945,3684.945,0,0,0,0,0,0,0,0,0,0,0,0,0,0.65852,0.932,,0,,,,,,,,,,,,,,0,0,,
BJUT IN Equity     ,Bombay,BIRLA CORP LIMITED,Bldg Prod-Cement/Aggreg,India,0.02,0.0221,94.62968060000001,228.67885,122.1061458770321,4281.886,6925.586,6783.356000000001,142.23,4863.63,2643.7,2362.16,9470.16,-13.78,169.25,494.01,104.96885000000002,-109.93,-123.71,0.37979999999999997,63.73,0.7141500000000001,1.17,,0.020536890307910404,0,-1.1785401097563701,0.006729558951485508,0.0110841685884927,67.18791777812648,1.8126993937751892,0.45214505351546336,13.731211918787071,40.078912850812415,1.3834957429892167,0.7162873700127559,0.02697954414603583,0.02158240861249725,0.38172943054927044,0.6174148494378411,1.1191875232837742,0.5368925263291461
BDE IN Equity     ,Bombay,BLUE DART EXPRESS,Transport-Services,India,0.02,0.0221,80.7558752,153.24776000000003,279.9682414458213,3654.112,4404.122,4328.252,75.87,1816.48,750.01,1142.34,3148.48,51.46,399.12,515.73,218.71776000000003,14.01,65.47,0.452,319.49,0.43394,0.706,,0.017227043210882895,0.16657798366146045,0.29933554549936864,0.10147436223193414,0.06946773046041266,11.437328241885504,3.198795454943362,1.1605955889826203,8.392476683535959,10.844487873321308,2.327329510925569,1.374711606870617,0.27968030533816557,0.12040746939135032,0.17029728059304441,0.20525096110901908,0.656555841518287,4.480466995958689
BLSTR IN Equity     ,Bombay,BLUE STAR LIMITED,Bldg Prod-Air&Heating,India,0.02,0.0221,55.4934536,403.77420500000005,459.26943240370986,2511.016,2638.996,2617.986,21.01,1221.07,127.98,1114.1,5868.8,-80.09,210.55,339.67,196.46420500000002,-127.22,-207.31,0.0669,273.32,0.40407,0.571,0.2615,0.007961361063070957,0.4412410361481048,-1.055204941785706,0.04657170119956379,0.03347604365458016,9.187092053270892,2.253851539359124,0.427858505997819,7.707439573703889,12.4340346710995,2.1246586371248233,0.44608540076335873,0.24532806749842925,0.16089512067285253,0.048495715794946256,0.05096741717296903,0.1148729916524549,3.76654740608229
BD IN Equity     ,Bombay,BOMBAY DYEING & MFG CO LTD,Textile-Products,India,0.02,0.0221,119.45664380000001,-369.9,282.23697911014654,5405.278,9243.578000000001,9212.678000000002,30.9,7341.1,3838.3,3533.7,8404.7,-279,-259.2,113.1,-249.76512,389.7,110.7,0.0364,335.3,0.65253,0.861,0.06860000000000001,0.003342861389821127,0.23173277661795408,,0.03989434483086844,-0.029717315311670846,16.12072174172383,1.5296369244701022,0.6431256320868085,81.45603890362511,,1.2538765599565926,1.0961340678429927,0.09488637971531257,-0.03402284671234556,0.41523963988836354,0.7101022371097286,1.0861986020318648,-1.4249587685541505
BRPL IN Equity     ,Bombay,BONGAIGAON REFINERY & PETRO,Oil Refining&Marketing,India,0.02,0.0221,317.72949,-1647.8122579999997,1426.2964915114528,14376.9,16154.44,15463.05,691.39,5313.76,1777.54,4227.61,17226.18,-286.3,1202.29,1529.69,697.0877419999999,2631.2,2344.9,0.4202,3077.1,0.58841,0.92,,0.04279875996939542,0,3.363852007026111,0.17862927242139578,0.0404667629155158,4.67222384712879,3.4007157708492506,0.8345959464025106,10.108616778562975,12.861331292782939,2.690097666169871,0.8976482307743213,0.7278580569163192,0.13118540205052542,0.11003414541141632,0.12363861472222802,0.42045978697183517,4.644198084054388
BRIT IN Equity     ,Bombay,BRITANNIA INDUSTRIES LTD,Food-Dairy Products,India,0.02,0.0221,372.47229500000003,876.7725680000001,1517.372125927392,16853.95,18398.46,18274.46,124,5332.16,1544.51,3911.65,12958.27,-108.08,1211.28,1471.83,815.312568,46.62,-61.46,0.32689999999999997,1473.31,0.25565,0.434,0.2939,0.006739694517910739,0.13798861067935467,-0.07538213246333768,0.11369650424014933,0.06291831918921276,11.439513747955285,4.308654915444889,1.3006327233496446,12.416148604118682,15.086899808467075,3.3720528723497845,1.4102546096045228,0.3766466836245574,0.1529047455440197,0.08394778693434125,0.09164083197114029,0.39484872112791275,10.953879544221378
BSES IN Equity     ,Bombay,BSES LIMITED,Electric-Integrated,India,0.02,0.0221,1574.982136,4638.35728,4405.70859286984,71266.16,77585.56,77082.56,503,31451.4,6319.4,25635,26774.8,-1663.6,1314.2,3912.3,1049.25728,-1925.5,-3589.1,0.2016,1526.4,0.45457000000000003,0.758,-0.1426,0.0064831651663015645,0.3859407756813417,-3.420610052855673,0.05700882919760372,0.039188239688064896,46.68904612159329,2.780033547883753,2.6616878557449546,19.70261994223347,58.6535991477705,2.42800866234384,2.878921971405949,0.05954359274429491,0.03336122652727701,0.08145072356247735,0.0886732216244007,0.24651453091476497,1.72128356254093
BBIL IN Equity     ,Bombay,BURR-BROWN (INDIA) LIMITED,Diversified Fin Serv,India,0.02,0.0221,84.90515020000001,0,,3841.862,3841.862,3841.862,0,0,0,0,0,0,0,0,0,0,0,0,0,,,,0,,,,,,,,,,,,,,0,0,,
BW IN Equity     ,Bombay,BURROUGHS WELLCOME (INDIA),Medical-Drugs,India,0.02,0.0221,163.7263914,411.540803,735.91,7408.434,7408.434,7245.664,162.77,1657.12,0,1819.89,1577.39,-9.6,314.01,329.78,207.340803,-194.6,-204.2,0.3397,531.71,0.47123,0.706,0.1426,0.021970905052268806,0.12830302232419927,-0.9848519782186818,0.33708214201941183,0.13144549096925934,13.933222997498635,4.070814170087203,4.69664065323097,21.971205045788103,23.07462819655425,4.070814170087203,4.593451207374207,0.29216601003357345,0.12512117589552957,0,0,0,
CDH IN Equity     ,Bombay,CADILA HEALTHCARE LTD,Medical-Drugs,India,0.02,0.0221,556.184291,560.5056999999999,893.3827961018701,25166.71,30096.65,30009.65,87,9412.94,4929.94,4570,10353,588,1847,2329,1372.5057,224,812,0.2569,1284,0.37841,0.767,,0.0028906871695022537,0.12694704049844235,0.5916186723304683,0.1240220226021443,0.13257082005215878,19.600241433021807,5.506938730853392,2.430861586013716,12.885208243881493,16.247780184082295,3.16808843003219,2.898642905438037,0.28096280087527353,0.14581052253599833,0.16380361269443608,0.19589131833282936,1.078761487964989,3.694
CBK IN Equity     ,Bombay,CARA BANK,Commer Banks Non-US,India,0.02,0.0221,1348.2768,10739.517938,8300.158718107337,61008,76030.47,19954.84,56075.63,3137.44,15022.47,44190.6,83726.95,14.01,13315.38,14428.18,10387.327938,-366.2,-352.19,0.21989999999999998,8037.32,0.5357999999999999,,,0.7375415409111636,0.2171893118601723,-0.0339057361144421,0.09599441995677617,0.12406194108348627,7.590589898125246,1.3805650975546837,0.7286542744002976,1.383046233135434,1.4986309065156236,1.2840149987156553,0.2383323410204242,0.1818784990473087,1,0.19758486301610392,0.2462377065302911,0.3399471833376329,
CSTRL IN Equity     ,Bombay,CASTROL (INDIA) LIMITED,Petrochemicals,India,0.02,0.0221,562.816943,2377.269197,3192.59,25466.83,25466.83,25336.2,130.63,3130.69,0,3261.32,11445.56,76.91,2243.17,2377.24,1489.689197,-964.49,-887.58,0.33590000000000003,2305.01,0.33759999999999996,0.541,-0.0067,0.005129417363684447,0.6578930243252741,-0.5958155578945238,0.2013890102362838,0.1301543303254712,11.048468336362966,7.808749218108005,2.225040102887059,10.657821675556526,11.294819385066669,7.808749218108005,2.2136269435484155,0.7067721045466253,0.47583414423018566,0,0,0,30.109664429530202
CENTDZ IN Equity    ,Bombay,CENTURION BANK LIMITED,Regiol Banks-Non US,India,0.02,0.0221,72.6146772,0,,3285.732,3285.732,3285.732,0,0,0,0,0,0,0,0,0,0,0,0,0,0.64054,0.959,,0,,,,,,,,,,,,,,0,0,,
CENTD IN Equity     ,Bombay,CENTURION BANK LIMITED,Regiol Banks-Non US,India,0.02,0.0221,72.61469930000001,-72.91,255.15116706609973,3285.733,7995.033,5796.633,2198.4,4269.1,4709.3,1758.2,4635.32,-488.27,-213.8,366.82,-213.8,347.38,-140.89,0,216.85,0.64054,0.959,,0.2749707224472995,0,,0.0467820991862482,-0.04612410793645315,15.1521005303205,1.868805027869412,0.7088470698894576,15.802390818385039,,1.2361860069578663,1.250535669597784,0.12333636673871004,-0.050080813286172726,0.5890282128916792,1.4332570540576486,2.678477988852235,
CENT IN Equity     ,Bombay,CENTURY TEXTILES & INDS LTD,Diversified Operations,India,0.02,0.0221,247.68243500000003,1764.6640399999997,1207.2472434015992,11207.35,21662.15,21331.05,331.1,17965,10454.8,7841.3,21589,-592.1,1150.6,2504.9,1062.4640399999998,-110.1,-702.2,0.0766,906.3,0.60299,1.329,,0.015284724738772466,0.1533708485049101,-0.6609164861711461,0.04197971189031451,0.049213212284033525,12.36604876972305,1.4292719319500593,0.5191231645745519,8.515729170825185,18.539066573961417,1.1839763665480623,0.9880517856315718,0.11558032469105887,0.05914077595324241,0.48262984052829466,0.9328521015226614,1.3332993253669672,1.081390977443609
CENK IN Equity     ,Bombay,CENTURY ENKA LIMITED,Textile-Products,India,0.02,0.0221,91.82039490000001,5.886280000000056,319.42100000000005,4154.769,5161.169,5121.0689999999995,40.1,5879.9,1006.4,4913.6,7361.4,-51.1,745.3,1136.1,557.18628,602.4,551.3,0.25239999999999996,777,0.54268,1.127,0.5081,0.007769557633164115,0.22123552123552123,0.989435705416149,0.10555057461895835,0.07569026000489038,5.3471930501930505,0.8455651660696841,0.5643992990463771,4.507586480063375,6.87115121427613,0.8718190878378378,0.6956650908794523,0.15813253012048192,0.09476118301331656,0.19499458359143054,0.24222766656822556,0.20481927710843373,12.13843648208469
CESC IN Equity     ,Bombay,CESC LIMITED,Electric-Integrated,India,0.02,0.0221,169.96393960000003,3006.765776,-172.20885327522586,7690.676,39199.386,39035.736,163.65,49431.86,31508.71,18086.8,22162.18,-1995.26,4003.48,7230.74,3688.005776,2676.5,681.24,0.0788,76.23,0.86779,1.231,,0.004174810289120345,0,0.18471771504080198,0.003439643572969807,0.16640988278228946,100.88778696051423,0.4252093239268417,0.3470180280098799,5.398581058093639,9.750451107536442,0.790381750283443,1.7613671579239947,0.004214675896233718,0.07460786982322738,0.8038062126789435,4.097001355927619,1.7420831766813367,1.0122041560372268
CHMB IN Equity     ,Bombay,CHAMBAL FERTILIZERS & CHEM,Agricultural Chemicals,India,0.02,0.0221,183.48967000000002,2194.0382480000003,1253.5137915841892,8302.7,19953.57,19662.45,291.12,18279.64,11650.87,6919.89,19479.52,-977.36,2445.38,3860.11,1906.4182480000002,689.74,-287.62,0.22039999999999998,1146.34,0.44274,0.716,-0.0949,0.014589870384096681,0.526737268175236,-0.15086930703781218,0.05884847265230354,0.09786782466919103,7.242790097178848,1.1998312111897733,0.42622713496020437,5.093753804943383,8.040652168579117,1.0744616806205023,1.0093908884818517,0.16565870266723892,0.10429189240050679,0.5838990215785947,1.4032627940308573,1.6836784977795891,1.606889164876036
MRL IN Equity     ,Bombay,CHENI PETROLEUM CORP LTD,Oil Refining&Marketing,India,0.02,0.0221,277.68208,-9872.605313,-403.0195706751865,12564.8,32321.5,32242.67,78.83,32630.67,19756.7,12952.8,80534.97,9476.41,5586.41,6606.6,3467.484687,3863.68,13340.09,0.37929999999999997,4879.59,0.39390000000000003,0.707,0.17980000000000002,0.0024389338366103057,0.06179822485085837,3.847195071982159,0.06058970407513655,0.043055640139929276,2.574970438090085,0.9700450867766043,0.156016696846103,4.880372657645385,5.771626142728514,0.988138002720922,0.40035614342440307,0.3767208634426534,0.10626458748778374,0.6112556657333355,1.5723847574175476,1.5252841084553148,5.237979597194614
CIPLA IN Equity     ,Bombay,CIPLA LIMITED,Medical-Drugs,India,0.02,0.0221,1716.103675,-988.3186799999999,235.6140757703488,77651.75,78599.58,78558.52,41.06,11607.56,947.83,10700.79,14441.73,1067.33,2720.65,3004.21,2156.93132,2077.92,3145.25,0.2072,3124.94,0.35243,0.758,0.1943,0.0005223946489281495,0.13434177936216377,1.4582059107936731,0.21638266329587938,0.1493540815400925,24.849037101512348,7.256637126791572,5.376900828363361,26.14947690074928,28.874908569643285,6.747544344308596,5.439689012327471,0.29202890627701317,0.185821250977811,0.012058970289663126,0.01220616405940626,0.08857570328919641,158.45369831100757
CMC IN Equity     ,Bombay,CMC LIMITED,Decision Support Softwar,India,0.02,0.0221,205.22484319999998,-722.817472,-171.99759402000905,9286.192,9833.532,9662.591999999999,170.94,1588.26,547.34,1211.86,6723.5,-35.97,503.46,592.32,330.672528,1089.46,1053.49,0.3432,553.72,0.43604,0.858,0.3924,0.01738337761040489,0.10913458065448241,3.1859011886224793,0.0823559158176545,0.04918160600877519,16.770555515422956,7.662759724720678,1.3811544582434743,16.313128038897894,19.192372780359907,5.589774897680764,1.4371372053246074,0.4569174657138614,0.20819798269804696,0.05566057038305261,0.05894127539038608,0.45165283118512045,31.368224299065417
CLGT IN Equity     ,Bombay,COLGATE-PALMOLIVE (INDIA),Cosmetics&Toiletries,India,0.02,0.0221,444.65553600000004,1392.245164,2051.419636557144,20120.16,20490.17,20031.54,458.63,2698.4,370.01,2787.02,10207.56,68.04,1143.72,1145.88,684.745164,-775.54,-707.5,0.40130000000000005,1426.84,0.24568,0.562,0.013000000000000001,0.022382928008894024,0.48201620363881026,-1.033231101432065,0.13978267088314936,0.06708215910560408,14.101202657621037,7.219237752151043,1.9711037701468324,17.481359304639223,17.51437414751862,6.490331102333522,1.9624219695990028,0.511959009981988,0.25375969611621707,0.018057927289036647,0.0183900128030791,0.13276187469052966,80.03638908327503
COLR IN Equity     ,Bombay,COLOUR-CHEM LIMITED,Coatings/Paint,India,0.02,0.0221,63.078925000000005,380.72123,482.79767013254104,2854.25,3114.27,3063.7,50.57,1699.83,260.02,1490.38,4008,-61.17,126.9,293.32,88.41123000000002,-231.14,-292.31,0.30329999999999996,233.91,0.22954999999999998,0.564,0.1002,0.016238155330141574,0.30639989739643453,-3.3062541941787247,0.05836077844311377,0.022058690119760485,12.202342781411653,1.9151156080999476,0.7121382235528942,10.44490658666303,24.142631993695822,1.7791761882998172,0.7643962075848303,0.15694655054415652,0.05201180706305925,0.08349308184582582,0.09109923797845318,0.1744655725385472,2.6025430680885973
CCRI IN Equity     ,Bombay,CONTAINER CORP OF INDIA LTD,Transport-Rail,India,0.02,0.0221,946.887097,964.2547,2910.3582870009404,42845.57,43270.99,43014.9,256.09,11184.43,425.42,11015.1,14834.39,2009.5,3834.69,4274.09,2415.8547,-557.9,1451.6,0.37,4307.98,0.44924,0.989,0.187,0.005918283820176058,0.15083867613127266,0.6008639509652629,0.2904049307049363,0.16285500785674367,9.945628809790204,3.8897123040190285,2.8882596453241423,10.064107213465322,11.217308309146242,3.782257275018967,2.899674337805599,0.3910976750097593,0.21600159328638113,0.009831529160761056,0.009929147867562504,0.03862152862888217,140.05441928414902
CRFT IN Equity     ,Bombay,COROMANDEL FERTILISERS LTD,Agricultural Chemicals,India,0.02,0.0221,59.5938655,-378.93784500000004,101.18729456266396,2696.555,4475.085,4431.815,43.27,4030.6,1778.53,2295.34,5762.45,-43.51,458.37,614.35,266.542155,688.99,645.48,0.41850000000000004,464.87,0.57886,0.742,-0.013000000000000001,0.00966909008432242,0.30180480564458884,2.421680728138482,0.08067228349052921,0.046255005249503246,5.800664701959687,1.1747954551395434,0.46795286726999796,7.213827622690648,9.66864105417021,1.0984849786566582,0.7690851981362093,0.20252773009663055,0.06612964695082618,0.3974293225715266,0.6595563598739874,0.7748438139883416,3.5579445781262127
CRPBK IN Equity     ,Bombay,CORPORATION BANK,Money Center Banks,India,0.02,0.0221,816.7567720000001,5288.0815,4952.327556865415,36957.32,55152.28,42312.46,12839.82,29960.36,18194.96,24605.22,27216.55,-4288.78,6370.98,11490.07,4300.4115,3301.11,-987.6700000000005,0.325,4384.53,0.54608,0.862,0.1704,0.2328066944829842,0.11884968286224522,-0.2296687189121321,0.16109793489623042,0.15800722354596744,8.429026600342569,1.5020113618167201,1.3578987785005814,3.682524127355186,6.64143663926115,1.2885992535545412,1.5546592055201707,0.17819511469517443,0.1435367098392676,0.32990404023188163,0.4923235775754302,0.7394756072085517,
EDC IN Equity     ,Bombay,CRANES SOFTWARE INTL LTD,Applications Software,India,0.02,0.0221,78.24224330000001,-192.99522800000003,-4.4674823357565,3540.373,3753.603,3746.533,7.07,581.69,213.23,375.53,610.13,205.39,247.38,297.61,158.174772,145.78,351.17,0.36060000000000003,219.52,0.23822,,,0.0018835236438163546,0,2.220139125599625,0.35979217543802144,0.25924765541769784,16.12779245626822,9.427670226080474,5.802653532853654,12.588733577500754,15.144850028296547,6.375438209117467,6.140548735515382,0.5845604878438474,0.27192279736629477,0.05680675340466213,0.06022811720685927,0.5678108273639922,4.405699020480855
CRISIL IN Equity    ,Bombay,CRISIL LTD,Commercial Serv-Fince,India,0.02,0.0221,74.60102520000001,157.65842800000001,289.91,3375.612,3375.612,3359.212,16.4,769.62,0,786.02,712.18,-12.42,218.46,295,135.83842800000002,-9.4,-21.82,0.3782,268.09,0.42709,0.588,0.10880000000000001,0.004858378273332361,0.15032265284046403,-0.16063201202534527,0.3764357325395265,0.19073608919093493,12.59133872953113,4.294562479326226,4.7398298183043615,11.387159322033899,15.376782935091091,4.294562479326226,4.7168019320958186,0.34107274624055367,0.1765006470725813,0,0,0,
CRG IN Equity     ,Bombay,CROMPTON GREAVES LIMITED,Power Conv/Supply Equip,India,0.02,0.0221,175.85219730000003,848.78684,478.5427180831149,7957.113,11983.913,11523.913,460,8087.2,4026.8,4520.4,15467.3,-193.87,870.8,1333.38,594.14684,-60.77,-254.64,0.3177,343.87,0.59405,1.24,,0.038384791344863736,0,-0.42858092117430097,0.022232063773250665,0.03841309342936389,23.139887166661822,1.7602674542075925,0.5144474471950502,8.642632257870975,13.233708084519982,1.4020864142643203,0.7450500733806159,0.07607070170781348,0.07346755861113859,0.3360171256249941,0.5060629401643536,0.8908061233519159,1.298732289336316
KKC IN Equity     ,Bombay,CUMMINS INDIA LTD,Engines-Interl Combust,India,0.02,0.0221,492.93387000000007,1159.6376060000002,1761.9241098495816,22304.7,22870.85,22674.1,196.75,7574.24,566.15,7204.84,10561.47,-31.01,962.94,1266.95,659.5176060000001,-469.11,-500.12,0.3151,1298.24,0.46023000000000003,0.716,0.015700000000000002,0.008602653596171544,0.22892531427162927,-0.7583118258711048,0.12292228259891853,0.062445626035012185,17.180721592309588,3.0957939385191064,2.1118935148232207,17.896602075851455,23.54674226846948,2.9431063480972184,2.146869706584406,0.18018998340004774,0.08707376660892711,0.024754217705069987,0.025382542692795686,0.07857912181255933,18.14471452798191
DLNK IN Equity     ,Bombay,D-LINK (INDIA) LTD,Networking Products,India,0.02,0.0221,128.21177980000002,120.86856399999998,176.60720632058698,5801.438,5811.408,5790.2880000000005,21.12,1176.87,9.97,1188.02,1882.28,17.17,215.42,251.65,192.62856399999998,54.59,71.76,0.1058,247.77,0.7417900000000001,1.04,,0.0036342311536206027,0.12108003390240948,0.37253042077394094,0.13163291327538942,0.10233789021824595,23.41461032409089,4.883283109711958,3.082133370168094,23.00929068150209,26.879064153746175,4.850965366989708,3.0762097031259965,0.20855709499840072,0.16367871047779275,0.0017155911269695744,0.0017185394379807214,0.008392114610865137,61.02549575070822
DABUR IN Equity     ,Bombay,DABUR INDIA LIMITED,Cosmetics&Toiletries,India,0.02,0.0221,563.023357,1105.098896,1052.9023580329062,25476.17,28343.53,27970.77,372.76,6660.56,2867.36,4165.96,12131.08,158.33,1288.56,1581.66,1123.108896,-140.32,18.01,0.1284,1063.57,0.44687,0.751,0.142,0.013151502300525022,0.14025405003901953,0.016035844844737114,0.08767315028835025,0.09258111363538943,23.95344923230253,6.115317957925663,2.1000743544680276,17.68443913356853,21.706998509964613,4.029893421598904,2.305711445312371,0.25530009889677285,0.16862079104459685,0.1011645338459959,0.11255066990053844,0.6882831328193262,4.932098292888311
DMCT IN Equity     ,Bombay,DAEWOO MOTORS INDIA LIMITED,Auto-Cars/Light Trucks,India,0.02,0.0221,81.90326300000001,1333.7,-2796.580965119589,3706.03,38901.7,38880.76,20.94,35945.38,35195.67,770.65,2274.69,-910.06,-1536,-618.7,-1536,-1959.64,-2869.7,0,-2858.07,1.27511,1.312,,0.0005382798181056356,,,-1,-0.6752568481859066,,4.808966456887044,1.6292461829963645,,,1.0816146884084887,17.092773081167103,-1,-0.04273149984782468,0.9047334692314218,9.496865918516578,45.670109647699995,-1.1618144273752524
DCMS IN Equity     ,Bombay,DCM SHRIRAM CONSOLIDATED,Diversified Operations,India,0.02,0.0221,85.26071710000001,972.4211600000001,734.7142402038866,3857.951,9294.551,9161.751,132.8,8028.6,5436.6,2724.8,12939.7,225.5,1180.4,1728.5,882.8211600000001,-315.1,-89.6,0.2521,704.8,0.67716,1.198,,0.014287941397061571,0.09988649262202044,-0.1014928097101796,0.05446803248916126,0.06822578266884086,5.473823779795687,1.4158657516147972,0.298148411477855,5.300405553948511,7.761564723822433,1.1388427230622196,0.7080342666367845,0.25866118614210215,0.1099595396457664,0.584923359934224,1.4091936367258164,1.9952290076335877,1.9066386690356971
DFPC IN Equity     ,Bombay,DEEPAK FERTILIZERS & PETRO,Agricultural Chemicals,India,0.02,0.0221,75.53649610000001,896.243569,1235.078536425921,3417.941,4261.931,4065.0409999999997,196.89,4483.98,843.99,3836.88,5225.7,264.97,915.59,1222.47,585.1535690000001,-576.06,-311.09,0.36090000000000005,980.08,0.5969,0.584,-0.0353,0.04619736922066547,0.1525385682801404,-0.5316382168387661,0.1875499933023327,0.1119761120998144,3.487410211411313,0.890812587310523,0.6540637617926784,3.3252685137467584,4.439804934523094,0.9104997575237082,0.7778940620395354,0.25543670899272325,0.1304987018229341,0.19802995402788082,0.24692936478423708,0.2199677863263902,5.427004919684666
DBNK IN Equity     ,Bombay,DE BANK,Money Center Banks,India,0.02,0.0221,133.6955633,1095.36972,1666.806279028853,6049.573,13799.383000000002,2651.113000000001,11148.27,6585.81,7749.81,9984.27,21945.16,-30.47,1742.93,2023.51,1052.72972,-12.17,-42.64,0.396,1642.8,0.58548,1.063,0.0168,0.807881772685054,0,-0.040504223629214124,0.07485933116915074,0.04797092935298718,3.682476868760653,0.6059103970545668,0.27566775544129096,1.31015562067892,1.521066824255708,0.7781279322073658,0.12080627345619722,0.16453881956317287,0.15984817661001455,0.5616055442478841,1.2810507452344158,0.7762019656920336,
DEIL IN Equity     ,Bombay,DIGITAL GLOBALSOFT LTD,Applications Software,India,0.02,0.0221,586.760525,457.5450919999999,699.921576023086,26550.25,26567.45,26356.95,210.5,3039.96,17.2,3233.26,4234.37,160.91,997.14,1189.65,915.175092,296.72,457.63,0.08220000000000001,1155.13,0.44793999999999995,1.121,0.31,0.00792322936525711,0.09894990174266098,0.5000463889373423,0.272798550906038,0.21613016623488263,22.984642421199343,8.211603768332889,6.270177145596629,22.155213718320514,26.432547084662136,8.173443143432007,6.2245269071904445,0.357264803944007,0.30104839932104366,0.0006474087652371605,0.0006478281748759428,0.0053197082820435095,243.799511002445
DIVI IN Equity     ,Bombay,DIVI'S LABORATORIES LTD,Medical-Drugs,India,0.02,0.0221,401.124282,-213.41599999999988,151.9951446856511,18150.42,18643.15,18628.31,14.84,2157.11,492.73,1679.22,2473.39,505.21,614.5,703.17,486.684,194.89,700.1,0.20800000000000002,693.27,0.58941,,,0.0007960028214116177,0,1.4385104092183016,0.2802914218946466,0.19676799857685204,26.180881907481933,10.808839818487154,7.338276616303939,26.491900962782825,30.314580960130183,8.583599990791685,7.531489170733285,0.412852395755172,0.22561853591147418,0.026429546509039517,0.027147030206463547,0.2934279010492967,13.812092605079792
DRRD IN Equity     ,Bombay,DR. REDDY'S LABORATORIES,Medical-Drugs,India,0.02,0.0221,2320.48453,2213.2359460000002,3221.304002663825,104999.3,105465.29,104941.75,523.54,17247.9,465.99,17305.45,17288.99,1004.1,3521.07,4272.5,3126.005946,-91.33,912.77,0.11220000000000001,4110.14,0.39668,0.965,0.3886,0.004964097666635155,0.0465409937374396,0.2919924068500156,0.23773164308614905,0.18080905512699122,25.546404745337142,6.067412289192133,6.0731887750527935,24.562141603276775,29.803937439471525,5.934538225377347,6.069860067013747,0.2375055257158872,0.1812397999756492,0.004418420505931383,0.004438029586863912,0.026927355255136388,90.09902763561925
DCIL IN Equity     ,Bombay,DREDGING CORP OF INDIA LTD,Pollution Control,India,0.02,0.0221,297.45716000000004,1531.9135110000002,2154.445502983155,13459.6,14657.91,14454.26,203.65,7573.35,1198.31,6578.69,4928.04,-435.48,1335.91,1838.16,1218.4835110000001,122.05,-313.43,0.08789999999999999,1889.31,0.47412999999999994,1.07,0.31829999999999997,0.013893522337086257,0.1111516902996332,-0.2572295785461802,0.383379599191565,0.2472551990243586,7.124082336937824,2.045939237142957,2.7312278309429305,7.863439526483004,10.819785764011048,1.8847769062620547,2.9330646666829003,0.28718635473019705,0.16089095459737104,0.08175176406459038,0.08903013462510029,0.18215024571761249,19.04905176101526
DSP IN Equity     ,Bombay,DSP MERRILL LYNCH LTD,Fince-Invest Bnkr/Brkr,India,0.02,0.0221,223.76250000000002,2237.048256,2196.301024948237,10125,11863.64,11804.14,59.5,4248.62,1738.64,2569.48,2828.52,-37.56,1413.52,1480.63,915.6782559999999,-1283.81,-1321.37,0.3522,1408.2,0.51336,0.737,,0.005015324133233983,0.17607584149978694,-1.4430505380483776,0.4978575368036995,0.3237305219690863,7.190029825308905,3.940486012734094,3.579610538373425,7.972376623464337,8.350882902258192,2.753785874116784,4.173256685475089,0.5480486324081137,0.21552368910375602,0.14655198573119213,0.17171753086419755,0.6766505285116055,
CISIL IN Equity     ,Bombay,E-SERVE INTERTIOL LTD,Applications Software,India,0.02,0.0221,197.77466800000002,309.893693,446.14367432425746,8949.08,8965.15,8943.7,21.45,584.92,16.07,590.3,2563.89,96.34,451.69,655.03,307.013693,-99.22,-2.88,0.32030000000000003,443.34,0.41031999999999996,0.95,,0.0023925980044951843,0.049578201831551406,-0.009380689088678515,0.17291693481389608,0.11974526715264695,20.185591194117382,15.160223615110962,3.49043055669315,13.653878448315343,19.800526910048927,14.784949783135708,3.4883321827379485,0.7510418431306116,0.5248815102920058,0.0017924965003374177,0.0017957153137529221,0.02722344570557344,100.82366071428571
EIM IN Equity     ,Bombay,EICHER MOTORS LIMITED,Auto-Cars/Light Trucks,India,0.02,0.0221,110.47348000000001,178.48477999999997,421.50241308144155,4998.8,5249.8,5240.6,9.2,1250.6,251,1008.8,6259.2,251.7,603.8,764.3,385.28477999999996,-44.9,206.8,0.3619,587.1,0.50666,1.107,0.6545000000000001,0.0017524477122938015,0.08312042241526145,0.5367458325241916,0.09379792944785277,0.06155495590490797,8.514392778061659,4.955194290245837,0.7986324130879346,6.856731649875704,8.679364027823784,4.167169391966979,0.8372635480572598,0.5819785884218874,0.30807994562609947,0.04781134519410263,0.05021205089221413,0.24881046788263284,14.173708920187792
EID IN Equity     ,Bombay,E.I.D. PARRY (INDIA) LTD,Agricultural Chemicals,India,0.02,0.0221,66.8246319,31.466079999999977,561.1734121040661,3023.739,8437.939,8277.439,160.5,10655.7,5414.2,5402,15273.5,-285.1,866.8,1485.7,516.26608,769.9,484.8,0.4044,803.3,0.76276,0.76,0.039599999999999996,0.01902123255453731,0.14403087265031744,0.9390506538798753,0.052594362785216224,0.0338014259992798,3.764146645089008,0.559744353942984,0.19797289422856582,5.571406744295619,9.549422011998155,0.7801204674469776,0.5419477526434675,0.1487041836356905,0.048449757406833896,0.6416495781730586,1.7905645956876568,1.002258422806368,1.7069712485230404
EIH IN Equity     ,Bombay,EIH LIMITED,Hotels&Motels,India,0.02,0.0221,327.04751300000004,-1156.8,-457.3830482679301,14798.53,21514.74,21087.48,427.26,15344.91,6716.21,9055.96,4240.81,829.3,-92.9,301.11,-19.239589999999996,234.6,1063.9,0.7929,153.48,0.43681,0.449,,0.01985894321753365,2.623534010946052,,0.03619119932277088,-0.004536772456205299,96.4199244201199,1.6341205128997922,3.4895527033750624,70.0324798246488,,1.3640951118330582,4.972512326654578,0.016947954717114477,-0.0012538092435863096,0.31216784399904435,0.45384305062732583,0.741634238667132,-0.3417954378219279
ELSC IN Equity     ,Bombay,ELECTROSTEEL CASTINGS LTD,Metal Processors&Fabrica,India,0.02,0.0221,124.424547,1049.135869,1441.6262212847846,5630.07,8161.74,8141.12,20.62,6714.05,2531.67,4203,5874.08,-54.77,731.71,955.93,602.855869,-391.51,-446.28,0.1761,1163.11,0.49939999999999996,0.723,0.2064,0.0025264220619622777,0.13921297211785644,-0.7402764457452764,0.19800717729414646,0.10262983633181706,4.840530990190094,1.3395360456816559,0.9584598779723803,8.516439488247046,11.126156537426029,1.2118990240056304,1.3859395854329528,0.276733285748275,0.08979019652817598,0.3101875335406421,0.4496693646793024,0.6023483226266952,5.097603455482793
ELEQ IN Equity     ,Bombay,ELGI EQUIPMENTS LIMITED,Machinery-Constr&Mining,India,0.02,0.0221,82.38064510000001,185.608365,230.91380022487897,3727.631,3769.401,3762.181,7.22,864.36,41.77,829.81,2213.79,5.290000000000006,197.45,270.3,127.88836500000001,-63.01,-57.72,0.35229999999999995,175.96,0.5484100000000001,0.77,0.1478,0.0019154236972930181,0.4327119799954535,-0.4513311277378516,0.07948360052218142,0.057768968601357856,21.184536258240506,4.492150010243309,1.6838232171976564,13.91853866074732,19.053841478855407,4.324790610156268,1.69942993689555,0.21204854123233033,0.1479572921005137,0.01108133626536418,0.011205508270534289,0.05033682409226209,24.86775818639798
HMN IN Equity     ,Bombay,EMAMI LIMITED,Medical-Drugs,India,0.02,0.0221,68.99487400000001,0,,3121.94,3121.94,3121.94,0,0,0,0,0,0,0,0,0,0,0,0,0,0.72283,,,0,,,,,,,,,,,,,,0,0,,
ENGR IN Equity     ,Bombay,ENGINEERS INDIA LTD,Building-Heavy Construct,India,0.02,0.0221,513.682455,1024.396369,1719.85,23243.55,23243.55,21917.73,1325.82,6318.56,0,7644.38,6066.68,-62.95,741.97,820.59,421.2163690000001,-540.23,-603.18,0.43229999999999996,1116.67,0.49122,1.025,,0.057040340223416815,0.13830406476398577,-1.4319956307301056,0.1840660789756506,0.06943111701952305,20.815057268485763,3.0406063016228915,3.831345975063791,26.70972105436332,29.53991401269593,3.0406063016228915,3.6128046971325336,0.1460772489070402,0.06666334876933987,0,0,0,
ESC IN Equity     ,Bombay,ESCORTS LIMITED,Diversified Manufact Op,India,0.02,0.0221,132.09651780000002,-2057.1,-3306.193351369399,5977.218,22232.718,21465.318,767.4,19599.2,16255.5,4111.1,15248.2,-115.9,-1521.6,-168.2,-1521.6,651.4,535.5,0,-3198.1,0.7944199999999999,0.888,,0.034516697418642196,,,-0.1387245707690088,-0.09978882753374167,,1.453921821410328,0.3919949895725397,,,1.0916263883024169,1.4077279941238965,-0.7779183186981585,-0.07763582187028042,0.7311521695188146,2.719576230948913,3.9540512271654786,-0.907605129734566
ESRS IN Equity     ,Bombay,ESSAR SHIPPING LIMITED,Transport-Marine,India,0.02,0.0221,181.45757500000002,116.7159079999999,263.22244267847174,8210.75,28237.61,28169.04,68.57,30544.71,20026.86,10586.42,5031.35,847.4,1300.28,2021.08,1300.28,363.6,1211,0,682,0.8517100000000001,1.316,0.0043,0.0024283216603671483,0.01348973607038123,0.9313378656904667,0.1355501008675604,0.25843560873324256,12.039222873900293,0.7755926932806368,1.631917874924225,13.937617511429533,21.663826252807088,0.9223974040024461,5.5987041251354,0.06442215593184476,0.04256972811331324,0.7092264536552492,2.43910239624882,1.8917499966938778,1.7893925632345251
ESRGJ IN Equity     ,Bombay,ESSAR STEEL LIMITED,Steel-Producers,India,0.02,0.0221,154.3695829,2600,72.82531055900621,6985.049,61960.049,61856.549,103.5,59144.5,54975,4273,16254.6,-1773.5,1799.6,3754.3,1799.6,973.1,-800.4,0,15.1,0.6587999999999999,1.371,,0.001670431216088935,0,-0.44476550344521004,0.0009289677998843403,0.11071327501138138,200,1.6346943599344723,0.429727523285716,16.476187038862104,34.372387752833966,1.0457745240345666,3.805479618077344,0.003533816990404868,0.030427174124390263,0.8872652763718764,7.870381438984895,12.865668148841563,0.6232380952380953
ESEL IN Equity     ,Bombay,ESSEL PROPACK LTD,Containers-Paper/Plastic,India,0.02,0.0221,182.0842426,-55.30709200000001,450.59748957438836,8239.106,11378.866,10807.796,571.07,8512.33,3139.76,5943.64,4630.39,552.35,891.46,1445.06,641.672908,144.63,696.98,0.2802,906.66,0.49064,0.958,0.2,0.050186899116309136,0.19472569651247437,1.0861920322807208,0.1958064007567397,0.13857858798071004,9.087316083206494,1.386205422939478,1.779354654791497,7.479133046378697,12.123702689969264,1.2527099984587267,2.3341005833201955,0.15254288617749392,0.07538158271589564,0.27592907764271063,0.38108018030111523,0.52825541250816,3.4411333281865204
CHLR IN Equity     ,Bombay,EXIDE INDUSTRIES LTD,Batteries/Battery Sys,India,0.02,0.0221,211.22768940000003,890.816958,1002.0011543598259,9557.814,12407.974,12394.554,13.42,6568.15,2850.16,3731.41,9190.98,-94,1077.79,1559.82,711.556958,-85.26,-179.26,0.3398,900.37,0.49251,0.595,0.1344,0.0010815625500182383,0.13706587291891112,-0.25192642413876865,0.09796235004319453,0.07741905194005427,10.615429212434888,2.5614483533034433,1.0399123923672993,7.946143785821441,11.499971237439576,1.8852605077511901,1.3485563019395104,0.2412948456481598,0.108334456125393,0.2297038984768988,0.2982020784250457,0.7638292227334975,3.469914040114613
FDCLT IN Equity     ,Bombay,FDC LIMITED,Medical-Drugs,India,0.02,0.0221,182.450240479,268.82275300000003,438.86947522358895,8255.66699,8266.876989999999,8189.886989999999,76.99,1519.69,11.21,1585.47,2180.79,33.37,405.67,451.82,322.87275300000005,20.68,54.05,0.2041,492.54,0.47525,0.917,0.2882,0.009313069505344123,0.13586713769440045,0.1674034104698825,0.22585393366624024,0.14805311515551706,16.761414281073616,5.2070786517562615,3.7856313491899725,18.12643749723341,20.18854485172677,5.177541517398601,3.755467968029934,0.3106586690382032,0.2124596154478874,0.0013560138869321682,0.0013578551573820204,0.007070458602181057,64.3920634920635
FB IN Equity     ,Bombay,FEDERAL BANK LIMITED,Money Center Banks,India,0.02,0.0221,129.93560190000002,2414.5679150000005,4248.532607502334,5879.439,10452.909,4362.539,6090.37,3787.09,4573.47,5303.99,13456.64,379.32,1760.95,1953.59,1048.9979150000001,-1744.89,-1365.57,0.4043,3515.25,0.56268,1.196,,0.5826483326316148,0.023927174454164,-1.301785237580763,0.26122791424902503,0.07795392571994199,1.672552165564327,1.1084936057571753,0.43691731368305914,2.233088314334123,2.4773781197648996,1.0582588033765765,0.32419229465899363,0.6627557744264224,0.27699313060951825,0.4375308347178762,0.7778752360556849,0.8622697252445801,
FCT IN Equity     ,Bombay,FERTILISERS & CHEM TRAVANCR,Agricultural Chemicals,India,0.02,0.0221,234.03767400000004,-701.68,-2045.2366752334328,10589.94,18006.42,17858.14,148.28,9450.83,7416.48,2182.63,10978.79,-498.62,-2019.63,-1356.43,-2019.63,-819.33,-1317.95,0,-2344.91,0.79077,0.917,,0.00823484068460027,,,-0.19440211535150959,-0.183957430645818,,4.851917182481685,0.964581707091583,,,1.8758426562462558,1.6266036603305098,-1,-0.21369869101444,0.4118797628845712,0.7003325797879874,3.3979556773250614,-6.208896950319725
WWTC IN Equity     ,Bombay,FINCIAL TECHN (INDIA) LTD,Telecommunication Equip,India,0.02,0.0221,70.82009090000001,0,,3204.529,3204.529,3204.529,0,0,0,0,0,0,0,0,0,0,0,0,0,1.09401,1.548,,0,,,,,,,,,,,,,,0,0,,
FNXC IN Equity     ,Bombay,FINOLEX CABLES LIMITED,Telecommunication Equip,India,0.02,0.0221,111.02224510000002,-232.68450799999997,-35.65709440614569,5023.631,7264.041,7170.291,93.75,7643.67,2240.41,5497.01,5129.06,541.81,270.44,542.25,248.615492,-60.51,481.3,0.08070000000000001,306.28,0.47433,0.852,0.0022,0.012906039489589885,0.3379913804362022,1.9359211935191873,0.059714645568583705,0.04847194066749072,16.40208632623743,0.9138842752696467,0.9794447715565815,13.223219917012448,26.513426268303505,0.9388195289902836,1.3979737027837458,0.05571756282051515,0.032525670522144466,0.30842474595063546,0.44597423656315516,0.407568841970453,0.9089809088464641
FNXP IN Equity     ,Bombay,FINOLEX INDUSTRIES LIMITED,Petrochemicals,India,0.02,0.0221,175.68501080000001,1004.503122,918.8994572193967,7949.548,10567.658,10371.557999999999,196.1,6243.15,2618.11,3821.14,7436.62,-198.08,871.97,1148.03,699.843122,-106.58,-304.66,0.1974,738.11,0.6196,0.599,,0.018556618694511123,0.31426210185473713,-0.4353261329901303,0.09925342427070363,0.09410768897698148,10.770139952039669,2.0804126517217374,1.0689732701146488,9.034222102209872,11.894397743041617,1.641131808828668,1.3946602085355981,0.19316486702921118,0.1120977586634952,0.24774741953231266,0.3293407373601619,0.6851646367314467,6.119946659180236
GAIL IN Equity     ,Bombay,GAIL INDIA LTD,Gas-Distribution,India,0.02,0.0221,4047.08239,14332.183289999999,24307.57282277538,183125.9,203597.1,202501.3,1095.8,82766.7,20471.2,63391.3,102175.3,-112.09999999999945,23798.1,30233.5,15490.183289999999,1270.1,1158,0.34909999999999997,25182.9,0.57628,1.164,0.09949999999999999,0.005382198469428101,0.251853440231268,0.07475702374339048,0.24646759050377146,0.1516039912777354,7.271835253286952,2.888817550673357,1.7922717134180177,6.697911257380059,8.509137284068897,2.427748993888806,1.9819007137732898,0.3972611383581028,0.18715477710238537,0.10054760112005524,0.11178757346721573,0.32293390417928014,12.769276171057573
GMON IN Equity     ,Bombay,GAMMON INDIA LIMITED,Building-Heavy Construct,India,0.02,0.0221,123.9965584,-858.3849559999999,-160.64269675411288,5610.704,8399.493999999999,8156.433999999998,243.06,4434.86,2788.79,1889.13,6994.65,1256.85,599.69,787.68,280.415044,-118.05,1138.8,0.5324,299.25,0.55921,0.781,-0.06480000000000001,0.028937457423030485,0.04223893065998329,4.061123054439261,0.04278269820505672,0.04008993216243844,18.749219715956556,2.9699935949352345,0.8021422086880687,10.355009648588256,13.60108389334489,1.7955617026370692,1.166096087724189,0.15840625049626017,0.06322973983395193,0.3320188097044894,0.4970481422652131,1.47622979890214,1.584092770161397
GMSS IN Equity     ,Bombay,GEOMETRIC SOFTWARE SOL CO,Applications Software,India,0.02,0.0221,62.0669881,97.80497600000001,149.45524729027002,2808.461,2838.551,2790.181,48.37,749.68,30.09,767.96,841.16,60.29,174.32,235.13,158.944976,0.85,61.14,0.0882,208.29,0.61311,0.792,,0.017040384336938105,0.09539584233520573,0.3846614189302844,0.2476223310666223,0.18895926577583338,13.483417350808967,3.6570407312880873,3.3387952351514576,11.866546165950751,16.00608650757228,3.5568585928199985,3.3170633411003854,0.2712250638054065,0.21201709529399207,0.01060047890631523,0.01071405299913369,0.039181728215011195,
GHCL IN Equity     ,Bombay,GHCL LTD,Chemicals-Specialty,India,0.02,0.0221,53.587063400000005,618.51628,501.1843965659616,2424.754,3631.564,3466.2039999999997,165.36,3225.4,1206.81,2183.95,4633.58,-84.13,679.48,987.04,619.0062800000001,84.62,0.4900000000000091,0.08900000000000001,501.5,0.46703000000000006,0.595,0.0169,0.0455341004591961,0.46506480558325025,0.0007915913227891792,0.10823164809930982,0.13359136563952712,4.835002991026919,1.1102607660431787,0.523300342283936,3.5117158372507697,5.101259786895861,1.0710177069447557,0.7480617578632504,0.22962979921701507,0.19191612823215728,0.33231136777432535,0.49770409699293205,0.5525813319902012,3.1659677569658
INSP IN Equity     ,Bombay,GILLETTE INDIA LTD,Cosmetics&Toiletries,India,0.02,0.0221,508.59415100000007,363.270808,386.8201868846867,23013.31,23025.84,22898,127.84,2627.87,12.53,2743.18,3842.32,-104.87,251.14,456.62,149.98080799999997,-108.42,-213.29,0.4028,174.5,0.42235,0.805,0.0138,0.00555202329209271,0.4187965616045845,-1.4221152882440802,0.045415269941077266,0.03903391909054945,131.88143266475646,8.389281782456857,5.989430864685919,50.14673032280671,91.17623636218842,8.355683290331712,5.959420350205084,0.06361230396838706,0.05707314593187637,0.0005441712441326788,0.0005444675277046196,0.00456769151131169,4.569505094614264
SKB IN Equity     ,Bombay,GLAXOSMITHKLINE CONSUMER HEA,Food-Dairy Products,India,0.02,0.0221,287.584869,1060.2416710000002,1618.36,13012.89,13012.89,12742.11,270.78,4561.41,0,4832.19,7991.2,29.98,1227.17,1582.36,805.3916710000002,-284.83,-254.85,0.34369999999999995,1363.51,0.27951,0.497,0.06849999999999999,0.020808598243741396,0.23625789323143945,-0.31642989265529653,0.1706264390829913,0.10078482217939737,9.54367038012189,2.6929590930820186,1.6284024927420162,8.052598650117545,10.383329123104376,2.6929590930820186,1.5945177194914404,0.28217226557730557,0.17656638429783778,0,0,0,16.368814192343606
GLXO IN Equity     ,Bombay,GLAXOSMITHKLINE PHARMACEUTIC,Medical-Drugs,India,0.02,0.0221,962.1915680000001,1465.759074,2396.8905629409737,43538.08,43538.81,43013.62,525.19,5188.02,0.73,5712.48,10984.54,-104.41,1678.62,1919.55,1078.849074,-282.5,-386.91,0.35729999999999995,2010.03,0.32252000000000003,0.546,0.131,0.01206257130132863,0.20054924553364875,-0.35863218435686395,0.18298718016412155,0.09821522558067974,21.660413028661264,7.621572416883736,3.963577901304925,22.408179000286527,25.624393847326974,7.620726351735716,3.9158326156580063,0.3518664397949752,0.2079500607168053,1.6766650259848624e-05,1.676693138512309e-05,0.00012779038176063636,25.234816596512328
GNP IN Equity     ,Bombay,GLENMARK PHARMACEUTICALS LTD,Drug Delivery Systems,India,0.02,0.0221,169.62477090000002,-329.1279599999999,50.57948339348866,7675.329,8985.378999999999,8971.928999999998,13.45,2729.45,1310.05,1432.85,3143.95,261.3,522.2,628.77,395.93204000000003,463.76,725.06,0.2418,429.34,0.72026,0.9,,0.0014968762029960005,0.16094470582754924,1.8312738721524024,0.13656069593982093,0.12593458547368758,17.877041505566684,5.356687022368008,2.4413012293452505,14.269015697313801,17.181020681731134,3.275868241642058,2.8537123681992393,0.299640576473462,0.14505927567825022,0.14579796801003053,0.17068323716156011,0.9142966814390899,4.230738070161225
GLTB IN Equity     ,Bombay,GLOBAL TRUST BANK,Money Center Banks,India,0.02,0.0221,77.6448803,-1815.66,-2565.630505105464,3513.343,16129.562999999998,8859.302999999998,7270.26,8021.2,12616.22,2675.24,7311.89,-2038.39,-2724.66,-295.57,-2724.66,1129.39,-909,0,-2724.66,0.72625,1.146,,0.4507412879071802,,,-0.37295418831519617,-0.37263416161895213,,1.3132814252179243,0.4804972448983778,,,1.0548085663501066,1.2116296880833817,-1,-0.3396823417942453,0.7821799015881584,3.5909445789949914,4.715920814581122,
GP IN Equity     ,Bombay,GODFREY PHILIPS INDIA LTD,Tobacco,India,0.02,0.0221,101.72674200000002,606.921434,854.2214420963652,4603.02,4932.25,4776.09,156.16,2801.34,329.23,2628.27,5556.49,30.23,435.71,545.11,289.921434,-347.23,-317,0.3346,572.51,0.36203,0.479,-0.0037,0.031661006639971616,0.333147019266039,-1.0933996690979393,0.10303446960221291,0.05217708193481856,8.040069169097483,1.7513497471720945,0.8284042624030639,8.76169947350076,10.961625852057562,1.66770921386306,0.8595516234169414,0.21782769654563647,0.10349384009081367,0.06675046885295757,0.0715247815564564,0.12526490809543922,17.463326653306613
GCPL IN Equity     ,Bombay,GODREJ CONSUMER PRODUCTS LTD,Soap&Cleaning Prepar,India,0.02,0.0221,201.44326800000002,630.8785150000001,761.6798304282672,9115.08,9293.58,9222.16,71.42,562.53,178.5,455.45,4760.18,-53.88,714.89,804.75,545.818515,-31.18,-85.06,0.2365,700.57,0.45998,0.739,,0.007684874935170301,0.7830480894129066,-0.15583934524463686,0.14717300606279596,0.1146634192404489,13.010948227871589,20,1.9148603624232696,11.459658278968623,12.900110506511492,14.65979966874359,1.9373553100933156,1,0.9702922777451869,0.019206807279864166,0.01958293289801077,0.39192007904270504,23.165586519766688
GDSP IN Equity     ,Bombay,GODREJ INDUSTRIES LTD,Chemicals-Specialty,India,0.02,0.0221,58.0384454,333.75,904.703292118404,2626.174,6751.024,6499.924,251.1,6663.87,4124.85,2790.12,15611.76,-12.59,-205.33,119.62,-124.90223900000002,-526.49,-539.08,0.3917,687.19,0.5171399999999999,0.798,0.3039,0.037194357478213674,0.27593533084008787,,0.0440174586337479,-0.008000522618846307,3.8216126544332716,0.9412405201209985,0.168217676930724,54.338103995987304,,0.9762911480454723,0.4163479325841545,0.2462940662050378,-0.018743198621821857,0.6109961985026272,1.5706689655750155,1.478377274095738,-0.4931431178999448
GDLS IN Equity     ,Bombay,GOODLASS NEROLAC PAINTS LTD,Coatings/Paint,India,0.02,0.0221,146.8263667,273.65527,541.7173862202155,6643.727,7376.937,7329.0869999999995,47.85,2970.92,733.21,2285.56,6448.34,-34.26,420.9,662.32,298.96527,59.57,25.31,0.2897,560.88,0.36718000000000006,0.864,0.05,0.0064864319703421625,0.20417914705462845,0.08465866286073968,0.08698052522044433,0.046363136869333806,11.84518435315932,2.9068267733071984,1.0303003563707869,11.065779381567822,17.412893799002138,2.443689648432971,1.1365850746083488,0.24540156460561088,0.1006305353223917,0.09939220031294832,0.11036124753470455,0.32080102906946223,25.555555555555557
CC IN Equity     ,Bombay,GRAPHITE INDIA LTD,Electric Products-Misc,India,0.02,0.0221,82.06916770000001,427.04379900000004,336.05340885316764,3713.537,5612.727,5600.397,12.33,5331.52,1899.19,3444.66,3877.12,-94.55,512.71,711.36,470.10379900000004,137.61,43.06,0.08310000000000001,363.81,0.64038,0.823,0.0345,0.002196793109659529,0.21890547263681592,0.09159679222247681,0.09383511472433147,0.12125077351229781,10.207352739067096,1.0780561797100439,0.9578081153020799,7.8728028002699055,10.923128084102123,1.0503152221712808,1.4444734751568176,0.10561564856908955,0.0881744416226517,0.3383720604975086,0.5114234757860229,0.5513432385199121,2.213964936523016
GRASIM IN Equity    ,Bombay,GRASIM INDUSTRIES LIMITED,Bldg Prod-Cement/Aggreg,India,0.02,0.0221,2297.96905,6120.20047,6776.456102832088,103980.5,127803,127083.4,719.6,50641.8,23822.5,27538.9,48905.1,540.6,7429.1,10284.2,6030.20047,-630.6,-90.00000000000011,0.1883,6728.2,0.43441,0.887,0.1266,0.005630540754129403,0.12310870663773371,-0.01492487695023514,0.1375766535596492,0.12330412308736717,15.454430605511133,3.775768095312449,2.1261688453760446,12.357149802609827,17.106163599897698,2.488308340504737,2.598571519125817,0.24431622178082638,0.1190755555687199,0.18640016275048316,0.22910545727323872,0.8650490760342642,3.55221382805776
GESCO IN Equity     ,Bombay,GREAT EASTERN SHIPPING CO,Transport-Marine,India,0.02,0.0221,636.472044,-1224.7492500000005,768.1509391599557,28799.64,39008.23,38791.53,216.7,21745.48,10208.59,11753.59,9767.4,2892,2157.5,3841.1,1851.3507499999998,184.1,3076.1,0.1419,2414.4,0.63811,0.956,0.11539999999999999,0.00555523795875896,0.35379390324718357,1.6615436053919013,0.2471896308127035,0.1895438653070418,11.928280318091451,2.450284551358351,2.948547208059463,10.09906797531957,17.979851680185398,1.7761547350946034,3.9715308065605996,0.20541808928165778,0.08513726760687738,0.2617034918016019,0.35446936142257335,0.8685508002235912,5.52213974916816
GWN IN Equity     ,Bombay,GRINDWELL NORTON LIMITED,Bldg&Construct Prod-Misc,India,0.02,0.0221,63.956162400000004,204.426423,307.7508920210793,2893.944,2988.874,2925.154,63.72,1365.17,94.93,1333.96,1982.85,-12.75,199.69,264.94,131.136423,-60.54,-73.29,0.3433,239.33,0.60108,0.716,0.0052,0.02131906530686807,0.165294781264363,-0.5588836291500797,0.12070000252162293,0.0661353218851653,12.091856432540842,2.1694383639689345,1.459487101898782,11.040816788706877,14.648475136461515,2.0917453407890036,1.4752270721436318,0.17941317580737054,0.09605867620882381,0.031761124758019246,0.03280298443922896,0.07116405289513929,7.058677978084129
GTS IN Equity     ,Bombay,GTL LTD,E-Services/Consulting,India,0.02,0.0221,181.40610410000002,-279.51254400000005,-50.72982908351628,8208.421,9348.501,5308.851000000001,4039.65,11223.36,1140.08,14122.93,5779.13,914.8,886.93,1785.8,797.5274559999999,162.24,1077.04,0.1008,945.86,0.82721,1.303,0.0219,0.4321174057744659,0.07513796967838791,1.3504738826195346,0.16366823379989723,0.13800130054177703,8.67826211067177,0.5812123263373818,1.4203558321062166,2.9728138649344835,5.985648247325043,0.6124939314067147,0.9186246026651071,0.0669733546792344,0.07105959855159238,0.1219532414875925,0.13889151153431334,0.08072545852737356,9.32236703804919
GMDC IN Equity     ,Bombay,GUJARAT MINERAL DEV CORP LTD,Diversified Minerals,India,0.02,0.0221,173.37582600000002,-3489.2121600000005,-965.3744943409049,7845.06,13143.46,12793.96,349.5,11127.6,5298.4,6178.7,2916.15,4246.63,1186.65,1312.91,770.84784,13.43,4260.06,0.3504,1328.03,0.7371099999999999,1.155,-0.0019,0.026591171578868884,0.09578096880341559,5.5264603193283905,0.45540524321451226,0.2643375135023919,5.9072912509506565,1.2696942722579185,2.6902114088781444,9.74473497802591,10.781578392954955,1.1451899870176265,4.387277746343638,0.21493679900302654,0.06927350372047882,0.40312063946632015,0.6753804304874659,0.8575266641850227,104.18349429323969
GGAS IN Equity     ,Bombay,GUJARAT GAS COMPANY LIMITED,Electric-Distribution,India,0.02,0.0221,145.24497910000002,482.892674,892.2033212370146,6572.171,7322.171,7305.301,16.87,2490.78,750,1757.65,4542.75,534.25,859.26,1007.95,524.062674,-493.08,41.17,0.3901,921.06,0.31989,0.601,0.19190000000000002,0.0023039614890173967,0.4551495016611296,0.07855930605735148,0.20275383853392767,0.11536242892521051,7.135442859314269,3.7391807242625097,1.4467384293654726,7.247681928667097,8.501851593231386,2.9199334037844196,1.608123053216664,0.5240292435922965,0.21040102859345264,0.10242863762673665,0.11411754198118094,0.4267061132762495,8.423291834133908
GIP IN Equity     ,Bombay,GUJARAT INDS POWER CO LTD,Electric-Integrated,India,0.02,0.0221,137.138456,5252.366375,1389.5540452315465,6205.36,18966.14,18879.88,86.26,16939.91,12760.78,4265.39,8237.58,-1390.62,2451.85,3842.47,1366.906375,-2494.84,-3885.46,0.4425,416.17,0.6806300000000001,1.364,-0.15130000000000002,0.004548105202218269,0.09169329841170674,-2.8425209444209374,0.05052090541154077,0.1659354294586517,14.91063747987601,1.4548165583920811,0.7532989057465906,4.913474926284396,7.700258988111019,1.113940481035958,2.291920685444026,0.09756903823565957,0.08069147799486537,0.6728190343422542,2.05641252078848,2.9917029861278803,1.0735788003380315
GNFC IN Equity     ,Bombay,GUJARAT RMADA VALLEY FERT,Agricultural Chemicals,India,0.02,0.0221,201.3490999,1357.6024929999999,1602.2018116854267,9110.819,17694.859,17514.169,180.69,15777.82,8584.04,7374.47,15851.6,369.18,2359.79,3396.55,1455.282493,-271.5,97.68000000000006,0.3833,1647.34,0.58613,0.963,0.0643,0.010211440509359243,0.22233418723517914,0.06712098885944619,0.10392263241565519,0.09180666260819097,5.530624521956609,1.235454073309675,0.5747570592243054,5.156458465207343,7.421918475796576,1.1088039547551745,1.1048833556234072,0.2233841889654443,0.09223596751642495,0.48511491388543987,0.9421809389474208,1.1640212788173252,3.0823961231500707
GSFC IN Equity     ,Bombay,GUJARAT STATE FERT & CHEMICA,Agricultural Chemicals,India,0.02,0.0221,101.00886770000001,2548.54,-1510.0680238188042,4570.537,19265.967,18907.737,358.23,20396.8,14695.43,6059.6,18365.24,-991.43,-771.84,652.86,-771.84,-2328.95,-3320.38,0,-2479.48,0.84028,1.347,,0.018593927831393048,,,-0.12024999401042404,-0.04202722098921658,,0.7542638127929236,0.2488688958053366,28.961396011396012,,0.928255319312957,1.0295393362678624,-0.40918212423262257,-0.037841229996862256,0.7627662810799998,3.2152523871921392,2.425148524655093,-0.45199222318521465
GAMB IN Equity     ,Bombay,GUJARAT AMBUJA CEMENTS LTD,Bldg Prod-Cement/Aggreg,India,0.02,0.0221,988.69212,2814.6155999999996,2745.1354178275856,44737.2,64507.3,64052.5,454.8,33462.3,19770.1,14147,21289.8,-695.8,3274,5334.2,3274,1546.1,850.3,0,3099.8,0.41509999999999997,0.836,0.1766,0.007050364842428687,0.29350280663268596,0.25971288943188764,0.14560024049075146,0.15378256254168662,14.43228595393251,3.1623100303951364,2.1013443057238677,12.007892467474035,19.563989004276113,1.9019108355372363,3.008600362614961,0.21911359298791264,0.09784145142443886,0.3064784915815729,0.441916347022165,1.3974764967837703,2.2891903230317436
GALK IN Equity     ,Bombay,GUJARAT ALKALIES & CHEMICALS,Chemicals-Specialty,India,0.02,0.0221,76.8003288,1599.131949,769.2329798830459,3475.128,12315.888,12129.818000000001,186.07,11842.59,8840.76,3187.9,7368.71,-538.56,1343.23,2138.37,706.941949,-353.63,-892.19,0.47369999999999995,532.78,0.76268,1.283,,0.015108126998231875,0,-1.2620413900491283,0.07230302183150103,0.09593835949575978,6.5226322309396005,1.090099438501835,0.4716060205924782,5.672459864289156,9.030335832284866,1.023878636523104,1.6461250340968774,0.16712569403055302,0.059694876627494495,0.7178337445095311,2.5440098897076595,2.7732237523134353,1.4420384764031433
HCLT IN Equity     ,Bombay,HCL TECHNOLOGIES LTD,Applications Software,India,0.02,0.0221,2121.175459,2820.84485,3572.4079851462957,95980.79,96517.49,94967.09,1550.4,21878.1,536.7,22891.8,21435,-115.8,2466.9,4042,2236.24485,-468.8,-584.6,0.0935,3001.2,0.50013,1.438,,0.016063409854524816,0.3705184592829535,-0.26142038963219966,0.14001399580125962,0.10432679496151155,31.980804344928696,4.1928022261246385,4.477760205271752,23.49507422068283,38.49653005796749,4.119661523358302,4.430468392815489,0.1311037139936571,0.10221385083713852,0.005560650199254043,0.005591743931259579,0.023445076402904098,50.140243902439025
HCLHP IN Equity     ,Bombay,HCL-INFOSYSTEMS LTD,Computers-Integrated Sys,India,0.02,0.0221,363.18079200000005,1480.0193649999999,914.70896215874,16433.52,18775.78,17980.69,795.09,4512.08,2342.26,2964.91,26187.08,-94.61,1050.35,1235.89,1050.35,-141.9,-236.51,0,782.58,0.5908599999999999,1.113,0.28809999999999997,0.0423465762807191,0.1014848322216259,-0.22517256152711002,0.029884202438759878,0.04010947383213401,20.99915663574331,5.542670772468642,0.6275430479457809,14.548778612983357,17.118760413195602,3.537813938502064,0.6866244728316405,0.2639473036281034,0.23278620946437117,0.12474901175876583,0.14252941548736972,0.7899936254388836,15.890317700453858
HDFCB IN Equity     ,Bombay,HDFC BANK LIMITED,Money Center Banks,India,0.02,0.0221,2301.67743,16493.00816,10934.423754005325,104148.3,136027.2,115207.6,20819.6,33576.7,31878.9,22517.4,24949.9,553.4,5702.4,7683.3,3868.5081600000003,-13177.9,-12624.5,0.32159999999999994,5708.5,0.30221,0.539,0.342,0.15305468318101084,0.12339493737409127,-3.2634027066392433,0.22879851221848582,0.155051048701598,18.244424980292546,4.625236483785872,4.174297291772713,14.994546614085095,20.20335297418631,2.500670082340159,4.617557585401144,0.25351505946512476,0.11521406689758076,0.2343568051095663,0.3060914100374178,1.415745157078526,
HEG IN Equity     ,Bombay,H.E.G. LIMITED,Electric Products-Misc,India,0.02,0.0221,91.58056570000001,1026.080858,714.5275312363376,4143.917,6019.917,5989.2570000000005,30.66,4315.24,1876,2469.9,5389.41,-119.79,522.94,756.37,481.470858,-424.82,-544.61,0.0793,405.01,0.66694,0.824,0.042800000000000005,0.0050930934762057345,0.24703093750771585,-1.131138034526692,0.0751492278375555,0.08933646874147634,10.231641194044593,1.677767116077574,0.7688999352433755,7.918422200774753,11.453048150839484,1.3851945511861756,1.1113010515065658,0.16397829871654723,0.1115745260982008,0.3116322035669262,0.4527117700475178,0.7595449208469979,2.346179729911616
SPICF IN Equity     ,Bombay,HENKEL SPIC INDIA LTD,Soap&Cleaning Prepar,India,0.02,0.0221,62.12119940000001,-16.91,22.172566794787684,2810.914,3560.3640000000005,3497.7140000000004,62.65,3030.78,749.45,2343.98,3279.69,-19.12,142.88,201.64,142.88,178.91,159.79,0,143.25,0.60468,0.849,,0.01759651541246906,0,1.118351063829787,0.043677908582823374,0.043565093042330215,19.62243630017452,1.1992056246213705,0.8570669788912977,17.346330093235473,24.480081187010082,1.1509437743863609,1.0664770145958917,0.06111400267920375,0.047142979694996,0.21049814007781226,0.2666214619159462,0.3197339567743752,1.6961063627730295
HH IN Equity     ,Bombay,HERO HONDA MOTORS LIMITED,Motorcycle/Motor Scooter,India,0.02,0.0221,2016.56312,5274.51296,8881.121767351766,91247.2,93375,93137.2,237.8,10500.3,2127.8,8610.3,51017.1,244.7,7965.6,8545.4,5230.21296,-289,-44.3,0.34340000000000004,8845.6,0.45529000000000003,0.951,0.49950000000000006,0.0025467202141900938,0.267624581712942,-0.008470018398638963,0.17338500228354808,0.10251882133637545,10.315546712489825,10.597447243417768,1.7885610903010951,10.899103611299648,11.692427437983328,8.695672418770547,1.8256074923898065,1,0.49810128853461333,0.022787684069611784,0.023319071708501744,0.24712263219632305,
APTH IN Equity     ,Bombay,HEXAWARE TECHNOLOGIES LTD,Educatiol Software,India,0.02,0.0221,171.976233,-263.79012,-287.96672555090146,7781.73,7968.33,7812.25,156.08,2150.14,186.6,2119.62,2485.92,148.9,16.54,159.04,16.54,171.49,320.39,0,6.5,0.65522,,-0.35810000000000003,0.01958754218261543,0,19.37061668681983,0.0026147261376070026,0.006653472356310742,200,3.671285419084553,3.130321973353929,49.1212902414487,200,3.455147384031012,3.142599118233893,0.0030665874071767584,0.007692522347382031,0.023417704839031515,0.023979243690027796,0.08803464771987432,
HKCI IN Equity     ,Bombay,HIKAL LTD,Chemicals-Diversified,India,0.02,0.0221,112.95146460000002,-38.50706400000007,81.7796005765006,5110.926,6053.396000000001,6049.216,4.18,1570.84,942.47,632.55,1284.19,258.29,276.88,392.13,276.88,77.78,336.07,0,216.75,0.55776,1.115,,0.0006905214857907858,0,1.2137749205431958,0.16878343547294403,0.21560672486158589,23.579820069204153,8.079876689589756,3.9798830391141498,15.426557519190066,21.84778965616874,3.8433772269558486,4.710530373231376,0.342660659236424,0.1762623819103155,0.15569277146249808,0.184402982942817,1.4899533633704847,4.240122511485452
HMFC IN Equity     ,Bombay,HIMACHAL FUTURISTIC COMMUN,Telecommunication Equip,India,0.02,0.0221,104.4526444,-1266.759116,-2506.593826615908,4726.364,20699.984,20378.904,321.08,26656.02,15973.62,11003.48,12160.44,-499.09,279.18,1300.49,279.18,2046.09,1547,0,-1875.6,1.0876000000000001,0.923,,0.015511123100385004,,5.5412278816534135,-0.16813700820036115,0.022958050860001775,,0.4295335657446553,0.38866718638470316,15.670173549969626,72.99557274876423,0.7673168724584927,1.675836071721089,-0.17045516509322506,0.010473431517533377,0.7716730602303847,3.3796846793856763,1.4516880114291117,0.1295631108512238
HSS IN Equity     ,Bombay,HIMATSINGKA SEIDE LIMITED,Textile-Products,India,0.02,0.0221,137.7106692,385.70048800000006,448.39,6231.252,6231.252,6211.402,19.85,2468.61,0,2488.46,1250.87,-77.78,395.97,535.56,368.41048800000004,60.49,-17.29,0.0696,431.1,0.5196500000000001,0.95,0.1023,0.0031855556475648876,0.13240547436789607,-0.04693134577645357,0.3446401304691935,0.29452340211213,14.454307585247042,2.504059538831245,4.9815344520213936,11.597957278362834,15.686546960628329,2.504059538831245,4.965665496814218,0.1732396743367384,0.14923802787803664,0,0,0,235.69642857142858
SCH IN Equity     ,Bombay,HIND LEVER CHEMICALS LTD,Agricultural Chemicals,India,0.02,0.0221,86.78289880000001,-1065.664827,-216.15107054452693,3926.828,7545.098,7298.788,246.31,6496.24,3618.27,3124.28,9834.26,59.44,495.03,592.18,341.125173,1347.35,1406.79,0.3109,435.71,0.45082,0.813,,0.03264503655220913,0.4743751577884373,4.123970059518299,0.04430531631256444,0.034687426710296454,9.01248077849946,1.2568745438949134,0.3993008116523256,12.325286230538012,14.744132678827546,1.1190273709501597,0.7421796861177149,0.13945933142996145,0.05251117153922885,0.479552419332393,0.9214230926335455,1.1581132292880278,6.371042471042471
HNDL IN Equity     ,Bombay,HINDALCO INDUSTRIES LIMITED,Metal-Aluminum,India,0.02,0.0221,2612.97803,-6329.209584,2650.037203424594,118234.3,151270.73,150567.99,702.74,93890.74,33036.43,61557.05,63908.35,12156.59,11024.24,14664.84,7754.450416,1927.07,14083.66,0.2966,11815.03,0.39459000000000005,0.746,0.0599,0.004645578163072261,0.140022496768946,1.8162035017905,0.1848745899401252,0.12133704619192953,10.007109588380224,1.920727195341557,1.850060281637689,10.26727806099487,13.657902041319858,1.59916655989398,2.3559987075241344,0.19193626075323622,0.0825901512332313,0.2183927452455607,0.27941494134950684,0.536679876634764,6.343864010404078
MTMF IN Equity     ,Bombay,HINDUJA TMT LTD,Applications Software,India,0.02,0.0221,295.961653,-931.0662780000001,-631.6684791623989,13391.93,13437.99,13377.44,60.55,3551.67,46.06,3566.16,1945.08,28.65,148.23,401.63,139.543722,1041.96,1070.61,0.058600000000000006,425.29,0.59418,1.223,,0.004505882204109394,0.5020103929083684,7.672219033974169,0.2186491044070167,0.0717418933925597,31.488936960662137,3.755280189335308,6.885027865177782,33.30787042800588,90.24785805842274,3.720147167116067,6.877578300121332,0.11925712811539584,0.039289607987228546,0.0034275959425479558,0.0034393847638092495,0.01291585346703457,11.499612102404964
HCP IN Equity     ,Bombay,HINDUSTAN COPPER LIMITED,Metal-Copper,India,0.02,0.0221,393.361657,0,,17799.17,17799.17,17799.17,0,0,0,0,0,0,0,0,0,0,0,0,0,0.9040699999999999,1.142,,0,,,,,,,,,,,,,,0,0,,
HPHT IN Equity     ,Bombay,HINDUSTAN PHOTO FILMS MFG,Photo Equipment&Supplies,India,0.02,0.0221,130.38558,0,,5899.8,5899.8,5899.8,0,0,0,0,0,0,0,0,0,0,0,0,0,,,,0,,,,,,,,,,,,,,0,0,,
HPCL IN Equity     ,Bombay,HINDUSTAN PETROLEUM CORP,Oil Refining&Marketing,India,0.02,0.0221,3196.90644,19150.3575,26606.570912781524,144656.4,168786.9,168665.4,121.5,88112.1,24130.5,64103.1,498387.5,1500.2,22274.6,28651.4,14200.057499999999,-6450.5,-4950.3,0.3625,23010.1,0.37610999999999994,1.268,0.1502,0.0007198425944193536,0.1762356530393175,-0.34861126442621804,0.04616909533244714,0.028492001705500238,6.286648037166288,2.256620974648652,0.290248852549472,5.8868118137333605,7.572095570739767,1.9129549287346315,0.33842221163251485,0.35895455913988555,0.16115899518908297,0.1429642940299277,0.16681252955278855,0.37643265302302076,8.936291422610928
HINK IN Equity     ,Bombay,HINDUSTAN INKS & RESINS LTD,Chemicals-Specialty,India,0.02,0.0221,282.953372,236.038615,-368.6138990179587,12803.32,17928.25,17462.12,466.13,6697.52,5124.93,2038.72,6405.59,142.21,206.45,472.96,206.45,129.35,271.56,0,-291.33,0.73866,1.126,,0.025999748999484054,,1.315379026398644,-0.01191147107448338,0.03222966190468013,,6.280077695809135,1.9987729467543192,36.920923545331526,84.58280455316057,2.5026697284205675,2.726075193698004,-0.14289848532412494,0.03082484262831615,0.28585779426324376,0.40028133327918075,2.5137978731753257,0.41474145204708907
HLVR IN Equity     ,Bombay,HINDUSTAN LEVER LIMITED,Soap&Cleaning Prepar,India,0.02,0.0221,9488.50461,14087.321320000001,21046.639562418735,429344.1,433510.84,430683.69,2827.15,38250.02,4166.74,36910.43,107082.5,272.55,18651.12,20577.59,14426.64132,66.77,339.32,0.22649999999999998,21351.54,0.27177,1.049,0.20629999999999998,0.0065215208920727345,0.5137680935426672,0.02352037404087897,0.19939336492890997,0.13472454714822685,20.10834347311716,11.632053595690973,4.009470268251115,20.929743959326625,23.091572516824726,10.553571241641038,4.021980155487591,0.5784690126882835,0.3771668961218844,0.009611616632239231,0.00970489637565766,0.11288787478227698,145.0207604385351
HM IN Equity     ,Bombay,HINDUSTAN MOTORS LIMITED,Auto-Cars/Light Trucks,India,0.02,0.0221,60.018030800000005,-9.750249999999966,-325.85439060430025,2715.748,7122.567999999999,6922.607999999999,199.96,5770.83,4406.82,1563.97,8924.14,-227.66,80.06,496.53,53.03975,290.45,62.79,0.3375,-309.407375,0.7814700000000001,1.115,,0.028074144044676026,,1.1838291093000997,-0.04511359077737463,0.0059434018291958665,,1.7364450724758147,0.30431481352825035,13.941973294664972,86.46774918810891,1.192902111780853,0.7757170999110278,-0.19783459721094393,0.00919100891899432,0.6187122397427445,1.622691059700679,2.8177138947678024,0.1463378968725438
HOE IN Equity     ,Bombay,HINDUSTAN OIL EXPLORATION,Oil Comp-Explor&Prodtn,India,0.02,0.0221,58.1622496,-202.57,-109.5,2631.776,2631.776,2618.656,13.12,1817.83,0,1830.95,542.37,-62.1,-42.2,102.09,-42.2,222.47,160.37,0,50.87,0.6758799999999999,1.372,,0.004985226706224238,1.3562020837428739,,0.09379206077032284,-0.07780666334789904,51.73532533909967,1.4373827794314427,4.852362778177259,25.650465275737098,,1.4373827794314427,4.828172649667201,0.027783391135749198,-0.02321449200420281,0,0,0,-1055
HZ IN Equity     ,Bombay,HINDUSTAN ZINC LIMITED,Metal-Diversified,India,0.02,0.0221,1043.049722,2722.561128,4017.0760193672077,47196.82,47203.77,47052.76,151.01,11553.31,6.95,11697.37,14520.33,-307.28,1610.36,2622.66,998.1011279999998,-1417.18,-1724.46,0.38020000000000004,2293.64,0.7231399999999999,1.053,0.1265,0.003199108884735266,0.09301372490887846,-1.7277407585496691,0.15796059731424836,0.06873818487596355,20.57725711096772,4.034823212397316,3.2503958243373257,17.940853942180837,29.218783377629844,4.033021140912073,3.2404745622172495,0.1960816833185579,0.08639092415939671,0.00014723400270783457,0.00014725568375157478,0.0005941506509582923,540.3892617449665
HMT IN Equity     ,Bombay,HMT LIMITED,Diversified Operations,India,0.02,0.0221,227.10733500000003,1254.25,,10276.35,21926.5,21597.78,328.72,3336.51,11650.15,-7984.92,4631.3,-99.7,-2289.25,-2124.75,-2259.9476,-3443.8,-3543.5,0.0128,-3804.155456,0.81163,0.883,,0.014991904772763551,,,-0.6641763651674476,-0.4879726210783149,,,2.218891024118498,,,,4.663437911601494,,-0.6773387761463326,0.5313273892322076,1.1336855984858436,,-1.4634996132282336
LELA IN Equity     ,Bombay,HOTEL LEELAVENTURE LIMITED,Hotels&Motels,India,0.02,0.0221,72.51197850000001,-196.81,-18.429617853933287,3281.085,10326.875,10260.725,66.15,10593.91,7045.79,3614.27,1344.17,479.33,-3.8,258.79,-3.8,-286.32,193.01,0,47.01,0.87485,0.919,-0.2752,0.006405616413484235,0.7096362476068921,,0.034973254871035656,-0.0028270233675799935,69.79546904913849,0.9078140260688881,2.440974727899001,39.64884655512192,,0.9687445474040485,7.633502458766376,0.01300677591878858,-0.0003586966474134668,0.6822770683289959,2.147396364312415,1.949436539052146,-0.00675219446320054
HDFC IN Equity     ,Bombay,HOUSING DEVELOPMENT FINCE,Fince-Mtge Loan/Banker,India,0.02,0.0221,3386.8404700000006,8614.24414,9453.718102235194,153250.7,298159.9,295713.2,2446.7,175001,144909.2,32538.5,30808.2,-82.6,8233.4,8665.4,6686.34414,-1845.3,-1927.9,0.18789999999999998,9100.2,0.35813,0.7,0.1998,0.008205999532465633,0.33739917804004305,-0.2883339474656475,0.29538239819268897,0.21703131439032466,16.840366145798992,4.709826820535674,4.974347738589077,34.12574145452028,35.91629217577186,1.6802691722687868,9.598522471290112,0.27967484672003934,0.03820746247164302,0.4860117004332239,0.9455695797800597,4.453468967530772,
HSSL IN Equity     ,Bombay,HUGHES SOFTWARE SYSTEMS,Communications Software,India,0.02,0.0221,380.99781200000007,548.203531,686.06,17239.72,17239.72,17051.73,187.99,2592.1,0,2780.09,2203.71,25.87,388.09,594.16,320.523531,-253.55,-227.68,0.1741,458.38,0.46398000000000006,1.303,,0.010904469446139497,0.14573061651904534,-0.7103378628385322,0.20800377545139787,0.14544723715915434,37.61010515292988,6.201137373250506,7.82304386693349,28.698885822000808,43.937566028498544,6.201137373250506,7.737737724110704,0.16487955425903478,0.12365399907410977,0,0,0,
IFLEX IN Equity     ,Bombay,I-FLEX SOLUTIONS LTD,Applications Software,India,0.02,0.0221,1104.1429620000001,1989.4141519999998,2337.706759055177,49961.22,49972.77,47519.27,2453.5,5554.35,11.55,7996.3,6141.21,212.16,1851.21,2002.51,1612.774152,-588.8,-376.64,0.1288,1961.61,0.45848,,,0.049096738083560305,0.023776387763112954,-0.2335354888549826,0.3194175089273938,0.26261504687187054,25.469496994815486,6.248042219526531,8.135403283717704,23.72985403318835,25.669302780343667,6.24047278607866,7.737769918306002,0.24531470805247424,0.2903623559912501,0.00023112587114942798,0.00023117930266714864,0.0014444180433450472,
IBP IN Equity     ,Bombay,IBP COMPANY LIMITED,Petrochemicals,India,0.02,0.0221,342.00656100000003,1665.0342449999998,2548.8977117691043,15475.41,15475.42,14300.57,1174.85,3813.72,0.01,4988.56,85929.9,689.9,839.67,1283.57,523.5342449999999,-1831.4,-1141.5,0.3765,1407.4,0.41705,1.037,0.22699999999999998,0.07591716412220152,0.1566718772204064,-2.180373129173241,0.01637846663384922,0.006092573655968411,10.995743924968025,3.1021797873534647,0.1800934249894391,11.141246679183839,17.03117891552634,3.1021755733607024,0.1664213504263359,0.28212550315121,0.13727652921556902,6.461860162761334e-07,6.461864338327709e-07,2.0045864938980386e-06,172.06352459016392
ICI IN Equity     ,Bombay,ICI INDIA LIMITED,Chemicals-Specialty,India,0.02,0.0221,160.64131980000002,521.3960400000001,966.8210908686547,7268.838,7687.038,7308.937999999999,378.1,5017.6,418.2,4977.5,8943.3,-54,646.8,1040.6,333.29604000000006,-134.1,-188.1,0.48469999999999996,793.3,0.36759000000000003,0.71,-0.0795,0.04918669583785069,0.5842682465649818,-0.5643631409482092,0.08870327507743227,0.037267679715541256,9.162785831337452,1.4603391260673029,0.8127691120727248,7.023772823371132,11.300151515151514,1.424660007042645,0.817252915590442,0.1593771973882471,0.06642539062500002,0.05440326950380628,0.05753326735304873,0.08401808136614766,9.046153846153846
ICICIBC IN Equity   ,Bombay,ICICI BANK LTD,Money Center Banks,India,0.02,0.0221,3971.5468,35244.104529000004,11186.659460560873,179708,601429.3,552339.74,49089.56,439353.32,421721.3,66721.58,134124.3,-17547.19,8043.17,28067.56,8043.17,-6084.99,-23632.18,0,7958.49,0.4375,0.989,,0.08162149732312675,7.162162671562067e-05,-2.9381674140917076,0.059336675009673864,0.059968029656072765,22.580665427738175,2.6934014452295645,1.3398616059878785,19.67893682243843,68.67189677701703,1.2313196171474545,4.118118342462925,0.11927909980549022,0.01830683787708717,0.7011984617310796,2.3467029848420773,6.320613210898183,
IDBIB IN Equity     ,Bombay,IDBI BANK LIMITED,Commer Banks Non-US,India,0.02,0.0221,244.445669,1636.157654,1277.9582113858646,11060.89,27026.44,21018.28,6008.16,13500.24,15965.55,3542.85,7635.26,82.95,1136.26,1405.66,713.457654,-1005.65,-922.7,0.3721,1110.39,0.6137,0.99,,0.22230674850257748,0.12608182710579166,-1.2932792784923992,0.14542923227237842,0.09344248316363818,9.96126586154414,3.1220316976445517,1.4486592467054167,14.952605893317019,18.4977733969338,1.385374505341289,2.7527916534603927,0.3134171641475084,0.052847775595100545,0.5907381808332877,1.4434236304673493,4.50641432744824,
IFCI IN Equity     ,Bombay,IFCI LIMITED,Diversified Fin Serv,India,0.02,0.0221,249.13153200000002,-20044.8,,11272.92,208199.62,207570.5,629.12,195990.71,196926.7,-306.87,14472.18,-299.46,-20932.22,-20608.85,-20932.22,-587.96,-887.42,0,-20932.22,0.6718600000000001,1.44,,0.003021715409470968,,,-0.17887215333142623,-1,,,0.7789372437324578,,,,14.342725145762422,,-0.1068021030180461,0.945855232588801,17.469005368617893,,
MSCT IN Equity     ,Bombay,IGATE GLOBAL SOLUTIONS LTD,Enterprise Software/Serv,India,0.02,0.0221,157.72177720000002,203.28121000000004,316.8597393485824,7136.732,7136.782,6794.842000000001,341.94,2264.99,0.05,2606.88,4208.56,-102.42,202.9,337.95,189.69121,88.83,-13.59,0.06509999999999999,303.27,0.748,1.673,,0.047912350412272646,0.14317275035446964,-0.07164275034146293,0.07206027714942877,0.045072711331191666,23.532601312361923,2.7376526729270236,1.6957657726158115,20.1060571090398,33.4886249383933,2.737619345360251,1.6145289600243313,0.11633446879027802,0.08374924834105228,7.005958708000329e-06,7.006007791801626e-06,1.9180015957773276e-05,1067.8947368421052
ICEM IN Equity     ,Bombay,INDIA CEMENTS LIMITED,Bldg Prod-Cement/Aggreg,India,0.02,0.0221,132.30169420000001,1470.06,-2315.049784553092,5986.502,23777.632,23734.282000000003,43.35,19888.23,17791.13,2140.45,8543.65,-777.03,-555.25,262.31,-412.38417499999997,-1248.28,-2025.31,0.25730000000000003,-2532.547584,0.63494,1.12,,0.0018231420185155526,,,-0.39099916312114846,-0.0482679153523377,,2.796842719988788,0.7006960725216975,90.4818039723991,,1.1929627254838804,2.7780026101256494,-1,-0.020735086782483907,0.7482296807352389,2.971874059342167,8.311864327594666,-0.1945058448086819
IGLY IN Equity     ,Bombay,INDIA GLYCOLS LIMITED,Chemicals-Specialty,India,0.02,0.0221,61.7127472,205.46669599999996,154.17894251053323,2792.432,5010.422,4997.642,12.78,3447.68,2217.99,1242.47,3174.93,217.53,532.08,824.27,532.08,230.77,448.3,0,315.14,0.66937,0.922,0.1398,0.002550683355613559,0.17696896617376406,0.8425424748158172,0.09925888129817036,0.1675879468208748,8.860925303039918,2.2474844463045383,0.8795255328463935,6.063112814975676,9.392651480980303,1.447906347710998,1.574095176901538,0.25363992691976467,0.15432986820122518,0.44267528763046304,0.7942861276478711,1.7851457178040513,2.237228272295337
INE IN Equity     ,Bombay,INDIA NIPPON ELECTRICALS LTD,Auto/Trk Prts&Equip-Orig,India,0.02,0.0221,70.579886,200.75477899999998,327.76,3193.66,3193.66,3178.04,15.62,737.13,0,752.75,1454.89,25.83,332.89,365.59,246.70477899999997,20.12,45.95,0.2589,373.71,0.64684,0.705,,0.004890940175222159,0.12472237831473602,0.1862550056235433,0.2568647801552007,0.16956936881826115,8.545824302266464,4.242656924609764,2.1951212806466467,8.692907355234006,9.546817266965064,4.242656924609764,2.1843850737856467,0.4964596479574892,0.3346828632669949,0,0,0,86.24093264248705
ITDC IN Equity     ,Bombay,INDIA TOURISM DEVELOPMENT,Hotels&Motels,India,0.02,0.0221,119.44890880000001,0,,5404.928,5404.928,5404.928,0,0,0,0,0,0,0,0,0,0,0,0,0,,,,0,,,,,,,,,,,,,,0,0,,
IL IN Equity     ,Bombay,INDIAN ALUMINIUM CO LTD,Metal-Aluminum,India,0.02,0.0221,251.965194,1020.4356220000001,1645.259164778035,11401.14,15710.29,15630.9,79.39,12231.11,4309.15,8001.35,13710.4,-621.83,1234.14,1855.97,946.9556220000001,548.35,-73.48,0.2327,1597.5,0.34883000000000003,0.457,0.1052,0.005053375844748888,0.1953740219092332,-0.07759603332287943,0.116517388260007,0.06906841682226632,7.136863849765258,1.4249020477794372,0.8315687361419069,8.421957251464192,12.665418834167921,1.2761699362332968,1.1400761465748628,0.19965380841982913,0.07742188746565111,0.2742883804181845,0.37795781825326236,0.5385528692033219,3.5122659229324382
IH IN Equity     ,Bombay,INDIAN HOTELS CO LIMITED,Hotels&Motels,India,0.02,0.0221,446.6217730000001,-419.8166,-175.29968243949585,20209.13,34876.63,34376.43,500.2,24849.3,14667.5,10682,8666.1,913,680.4,1355.2,345.98339999999996,-147.2,765.8,0.4915,147.4,0.39688,0.792,-0.2727,0.014341982009156273,2.4484396200814107,2.213400989758468,0.017008804421827582,0.03992377193893446,137.1040027137042,1.8918863508706236,2.331975167607113,25.366314935064946,50.523853615520295,1.3758310814808972,3.966770519610898,0.01379891406103726,0.013923265444097015,0.4205538207103151,0.7257858205672386,1.3731042875865942,0.6712044983722995
IOCL IN Equity     ,Bombay,INDIAN OIL CORPORATION LTD,Oil Refining&Marketing,India,0.02,0.0221,12035.341760000001,-7979.98483999999,57151.894077286386,544585.6,713979.7,702065.6,11914.1,351456.5,169394.1,193976.5,1071704,24690,84083.6,102803.6,59960.01516000001,43250,67940,0.2869,93420,0.4366,1.048,0.3098,0.01668688899698409,0.13851423678013272,1.1330884393325424,0.08716959160365176,0.05594829837343148,5.829432669663883,2.8074823496660675,0.5081492650955861,6.829192752004793,8.349613955634629,1.9648802076997973,0.6550928241380083,0.4816047304699281,0.17060437112416477,0.23725338409481392,0.31105137557805423,0.8732712467747382,9.314368637355578
IOB IN Equity     ,Bombay,INDIAN OVERSEAS BANK,Money Center Banks,India,0.02,0.0221,461.13506400000006,5221.575236,4900.076289699543,20865.84,27728.34,848.9200000000019,26879.42,-5421.05,6862.5,14595.87,40044.06,89.41,4337.78,4755.14,4147.785236,-1163.2,-1073.79,0.0438,4169.69,0.43790999999999997,0.663,,0.9693843915647312,0.19254668812309791,-0.2588827383540067,0.10412755349981995,0.10358053693856217,5.004170573831629,1.4295715157780933,0.5210720391488776,0.17852681519366453,0.19570379318453263,1.2921922774190209,0.021199648587081378,0.285676016571811,,0.2474904736453751,0.32888683129938695,0.47016724594011866,
IPCL IN Equity     ,Bombay,INDIAN PETROCHEMICALS CORP,Petrochemicals,India,0.02,0.0221,1025.567517,3583.0511239999996,2811.794951370282,46405.77,80433.37,80227.17,206.2,56672.6,34027.6,22851.2,50052.5,-2228.1,5832.67,10376.07,4533.151124,3178.2,950.1,0.2228,3193.5,0.48914,0.989,-0.0348,0.002563612590147597,0.15547205260685767,0.20958930642524953,0.06380300684281505,0.09056792615753459,14.531319868482855,2.0307804404145076,0.9271419010039458,7.731941862381422,13.754793259347776,1.4141186171297564,1.6028603965835873,0.13975196050973251,0.07998840928420435,0.4230532675679261,0.7332622645847704,1.4890946646127992,1.5807978968479823
INRY IN Equity     ,Bombay,INDIAN RAYON & INDS LTD,Diversified Operations,India,0.02,0.0221,292.64245400000004,1864.085,2129.7893588614215,13241.74,16064.24,15967.34,96.9,14433.5,2822.5,11707.9,14081.8,-344.6,1233,1911.1,1041.885,-477.6,-822.2,0.155,1467.3,0.46759999999999996,0.911,-0.08039999999999999,0.006032031393953278,0.13466912015266136,-0.7891465948737145,0.10419832691843373,0.07398805550426793,9.024562120902338,1.1310089768446947,0.9403442741694954,8.355052064256189,12.94999188969992,1.1055607553818203,1.1338990754022924,0.12532563482776587,0.07218519416634912,0.1757008112428599,0.21315174591858774,0.24107653806404222,2.8240952817224003
IGFL IN Equity     ,Bombay,INDO GULF FERTILISERS LTD,Agricultural Chemicals,India,0.02,0.0221,92.52976070000001,0,,4186.867,4186.867,4186.867,0,0,0,0,0,0,0,0,0,0,0,0,0,0.47735,,,0,,,,,,,,,,,,,,0,0,,
IRS IN Equity     ,Bombay,INDO RAMA SYNTHETICS (I),Textile-Products,India,0.02,0.0221,255.90584500000003,1489.3954,2151.829609684363,11579.45,21473.57,21408.16,65.41,15670.06,9894.12,5841.35,17270.86,-186.36,2486,3432.39,1451.5754000000002,148.54,-37.82,0.41609999999999997,2137.79,0.61632,0.714,,0.003046070122480798,0,-0.02605445090899172,0.12378017076161812,0.08404766178406867,5.416551672521623,1.9823242914737176,0.6704616909638548,6.237100096434263,8.611488334674176,1.364660223050217,1.239553791762541,0.3659753310450495,0.09263368487421235,0.46075803883564775,0.8544550906994719,1.6938070822669418,4.00857829304868
IGL IN Equity     ,Bombay,INDRAPRASTHA GAS LTD,Gas-Distribution,India,0.02,0.0221,328.27384200000006,-410.7409600000001,207.26598834765514,14854.02,15652.77,15557.43,95.34,2640.59,798.75,1937.18,3069.06,1195.43,946.32,1208.61,612.26904,-172.42,1023.01,0.353,931.61,,,,0.006090934703570039,0,1.6708504483584539,0.3035489693912794,0.1994972532306309,15.94446173828104,7.667857400964288,4.839924928153898,12.872167200337577,16.439925183870148,5.72118804209172,5.069118883306289,0.48091039552338966,0.23186827186348505,0.05102930663390569,0.05377332196940626,0.41232616483754736,11.380877931449188
IDBI IN Equity     ,Bombay,INDUS DVLP BANK OF INDIA,Diversified Fin Serv,India,0.02,0.0221,986.1232160000001,7768.9846880000005,8073.161801141014,44620.96,548864.76,536989.68,11875.08,566857.23,504243.8,74488.51,74250.41,-1585.15,7772.89,10042.74,5434.804688,-749.03,-2334.18,0.30079999999999996,7772.73,0.62377,1.162,-0.098,0.02163571222900155,0.13370463144866734,-0.4294873751680255,0.10468265427759926,0.07319561855618036,5.7407062898106584,0.5990314479374067,0.6009523718454888,53.47043535927447,69.08494523915816,0.9483914246985796,7.2321443073513,0.10434803971780346,0.009587607602711533,0.9187031792676943,11.300604021069919,6.769417189308794,
IOXZ IN Equity     ,Bombay,INDUSTRIAL OXYGEN CO LTD,Chemicals-Diversified,India,0.02,0.0221,85.52423750000001,204.589734,163.63583260075652,3869.875,4525.305,4498.685,26.62,1964.07,655.43,1335.26,1490.39,33.91,243.21,339.04,205.609734,-32.89,1.0200000000000102,0.15460000000000002,164.32,,,,0.005882476429765507,0.19979308666017526,0.004960854625686205,0.11025302102134339,0.13795700051664328,23.550845910418698,2.898218324521067,2.5965519092318115,13.268891576215196,18.49712182887217,2.273234406160678,3.018461610719342,0.12306217515689828,0.1046855427759703,0.14483664636969218,0.16936722762363124,0.49086320267213873,2.7700455580865606
IOX IN Equity     ,Bombay,INDUSTRIAL OXYGEN CO LTD,Chemicals-Diversified,India,0.02,0.0221,85.52423750000001,204.589734,163.63583260075652,3869.875,4525.305,4498.685,26.62,1964.07,655.43,1335.26,1490.39,33.91,243.21,339.04,205.609734,-32.89,1.0200000000000102,0.15460000000000002,164.32,,,,0.005882476429765507,0.19979308666017526,0.004960854625686205,0.11025302102134339,0.13795700051664328,23.550845910418698,2.898218324521067,2.5965519092318115,13.268891576215196,18.49712182887217,2.273234406160678,3.018461610719342,0.12306217515689828,0.1046855427759703,0.14483664636969218,0.16936722762363124,0.49086320267213873,2.7700455580865606
IIB IN Equity     ,Bombay,INDUSIND BANK LIMITED,Money Center Banks,India,0.02,0.0221,204.4147014,-665.4956580000002,552.7240380146493,9249.534,30294.364,24546.714,5747.65,21319.81,21044.83,6022.63,10008.14,-2238.5,898.77,3448.67,898.77,3806.9,1568.4,0,901.7,0.59173,0.715,,0.18972670956221427,0.3706332483087501,1.7450515704796556,0.09009666131768741,0.08980389962570468,10.257883996894753,1.5357964875810068,0.9242011003043523,7.1177335030606,27.311452318168165,1.1192170968387871,2.452674922612993,0.14971864451244724,0.04215656706133872,0.6946780595889057,2.275231379224078,3.494292360646429,
INFO IN Equity     ,Bombay,INFOSYS TECHNOLOGIES LTD,Applications Software,India,0.02,0.0221,8039.785520000001,6902.4776,9690.3,363791.2,363791.2,361671.6,2119.6,26455.3,0,28574.9,36399.8,354.8,10616,12519.4,8769.8776,1512.6,1867.4,0.1739,11557.7,0.31751,1.208,0.7092,0.005826419110742645,0.1431859279960546,0.21293341653935965,0.31752097538997465,0.24093202709904998,31.47608953338467,12.731145165862348,9.994318650102473,28.88889243893478,34.06853805576489,12.731145165862348,9.936087560920665,0.4044703568516425,0.3314979455912425,0,0,0,
VYSB IN Equity     ,Bombay,ING VYSYA BANK LIMITED,Money Center Banks,India,0.02,0.0221,293.943039,-278.75334599999974,739.5956154281898,13300.59,27917.91,22805.93,5111.98,16601.52,14617.32,7096.18,12988.55,75.89,1293.39,1868.43,851.8266540000002,1054.69,1130.58,0.3414,1109.08,0.33909,1.048,-0.060599999999999994,0.1831075463743525,0.06667688534641325,1.327241868625538,0.08538905420543479,0.0655828906228948,11.99245320445775,1.874330978075528,1.0240242367315828,12.205932253282167,17.632678465118794,1.2857397471619039,1.7558488052938936,0.15629254049361768,0.0513101603949518,0.5235821735939402,1.098997864004529,2.059885741342525,
INGR IN Equity     ,Bombay,INGERSOLL RAND (INDIA) LTD,Machinery-Constr&Mining,India,0.02,0.0221,168.3785077,214.37280499999997,540.1107613054476,7618.937,7774.177,7666.406999999999,107.77,2971.94,155.24,2924.47,4476.41,-0.9600000000000009,638.15,692.89,443.32280499999996,229.91,228.95,0.3053,757.52,0.44209000000000004,0.696,-0.021099999999999997,0.01386256062860416,0.2506204456648009,0.5164408359276713,0.16922489226858128,0.09903534417088693,10.057737089449784,2.6052368463345497,1.7020194754278541,11.064392616432622,12.013487424586694,2.5243211211445233,1.712623955357083,0.259028131593075,0.14916950039368224,0.019968673211325137,0.020375545827455984,0.05308312275386652,26.700836820083683
IPCA IN Equity     ,Bombay,IPCA LABORATORIES LIMITED,Medical-Drugs,India,0.02,0.0221,147.1998125,239.16362900000001,634.3091122872028,6660.625,8062.8150000000005,8027.535000000001,35.28,3348.81,1402.19,1981.9,4654.42,88.41,656.09,767.76,510.50362900000005,182.93,271.34,0.22190000000000001,793.22,0.47981999999999997,1.169,0.2621,0.004375642998134026,0.08498272862509769,0.5315143411056927,0.17042295280614986,0.10968147030134798,8.396945361942462,3.3607270800746756,1.4310322231341392,10.455786964676463,12.235417397003461,2.382565180004078,1.7247122090400093,0.400232100509612,0.15244329448371213,0.1739082442050326,0.21051928310030965,0.7074978555931177,9.164548121245984
NDEN IN Equity     ,Bombay,ISPAT INDUSTRIES LTD,Steel-Producers,India,0.02,0.0221,192.09337680000002,-1191.1277200000002,-2908.620989223469,8692.008,74179.708,73862.808,316.9,76080.6,65487.7,10909.8,29388.1,-602.3,197.4,2298.6,172.17228,1965.6,1363.3,0.1278,-2713.93752,0.58128,1.042,,0.004272057797800983,,7.918231668884214,-0.04344275403990051,0.005858571326489294,,0.7967156134851235,0.29576624552114633,32.13382406682329,200,0.9709703589777152,2.5133577196212076,-0.24876143650662708,0.002263024739552527,0.8828249903598974,7.5342429505357105,6.002648994482025,0.059655485040797825
ITCH IN Equity     ,Bombay,ITC HOTELS LIMITED,Hotels&Motels,India,0.02,0.0221,79.93379940000001,-1572.8773199999998,94.23451158272552,3616.914,3973.454,3905.1440000000002,68.31,2361.17,356.54,2072.94,1547.28,-56.17,116.94,247.65,0,52.93,-3.24,1,91.47,0.52922,0.807,,0.017191592000310056,0.0010932546190007655,,0.059116643400031026,0,39.54207937028534,1.744823294451359,2.3375950054288817,15.768802745810621,33.39442449119207,1.6355162421588159,2.523876738534719,0.04412573446409447,0,0.08973049643962155,0.09857574717010137,0.17199725993034048,2.619036954087346
ITC IN Equity     ,Bombay,ITC LTD,Tobacco,India,0.02,0.0221,5689.424,12705.048780000001,20939.71574496929,257440,259185.9,258570.3,615.6,55002.8,1745.9,53872.5,61707,2517.2,19483.4,22081.8,12794.748780000002,-2427.5,89.70000000000027,0.3433,21026.6,0.29724,0.679,0.2104,0.0023751292026302356,0.15793804038693846,0.007010688645971231,0.34074902361158377,0.20734679663571395,12.243539136141841,4.778690426469906,4.1719740061905455,11.70965682145477,13.271313015182153,4.660074723472808,4.190291214935097,0.39030303030303026,0.23261995352963852,0.006736091739558364,0.006781774394033562,0.03240800037124693,46.73398896617895
JI IN Equity     ,Bombay,JAIN IRRIGATION SYSTEMS LTD,Rubber/Plastic Products,India,0.02,0.0221,85.77418850000001,57.17127400000001,-42.844028521675135,3881.185,7314.905,7251.115,63.79,4690.51,3433.72,1320.58,3691.58,-125.06,209.79,395.5,54.67127400000001,122.56,-2.5,0.7394,-43.53844200000002,0.7357299999999999,0.806,,0.008720550711184903,,-0.04572785335128644,-0.054827472247655475,0.01480972212440202,,2.9390002877523513,1.0513614766576913,18.334045512010114,34.5636827303494,1.5385871737164254,1.9642307629795372,-0.03296918172318225,0.011655720593283037,0.4694141619064089,0.884709180314775,2.6001605355222703,0.5566788727909568
JP IN Equity     ,Bombay,JAIPRAKASH INDUSTRIES LTD,Building-Heavy Construct,India,0.02,0.0221,520.291239,-2137.1265599999997,-135.1848692013482,23542.59,35904.39,34962.49,941.9,21569.8,12361.8,10149.9,16716.7,1288,3043.9,3613.4,2099.07344,2948.2,4236.2,0.3104,1774.8,0.73002,1.13,0.4465,0.026233560854257654,0,2.0181285319869513,0.10616927982197442,0.12556745290637505,13.264925625422583,2.3194898471906127,1.4083276005431693,9.675787347096916,11.486083642695226,1.5949213075867217,2.091470804644457,0.17485886560458724,0.09731538725440202,0.344297730723179,0.5250824144667176,1.2179233292938847,1.7968713105076741
J&KBK IN Equity     ,Bombay,JAMMU & KASHMIR BANK LTD,Money Center Banks,India,0.02,0.0221,417.107002,3014.7780549999998,3386.1955482934145,18873.62,44110.14,36904.53,7205.61,30450.87,25236.52,12419.96,17129.13,53.86,4701.45,4998.75,3365.768055,297.13,350.99,0.2841,3501.96,0.49848,1.089,,0.16335495647939452,0.06924693600155342,0.10428228988583707,0.20444470910081247,0.19649381229519536,5.389444768072736,1.5196200309823864,1.1018434678235263,7.3827516879219806,7.849605972625467,1.1713824552905636,2.1544894574330393,0.2819622607480218,0.11053109664847016,0.5721251394804007,1.3371319333545977,2.031932469991852,
JBCP IN Equity     ,Bombay,J.B. CHEMICALS & PHARMA LTD,Medical-Drugs,India,0.02,0.0221,118.75083610000001,43.377635000000055,253.0484102519519,5373.341,5536.831,5451.7210000000005,85.11,2330.43,163.49,2252.05,2782.17,136.64,560.35,633.67,434.88763500000005,254.87,391.51,0.22390000000000002,618.06,0.40270000000000006,0.969,0.099,0.015371608777656387,0.12966378668737663,0.9002555338231218,0.22215033588889246,0.1563123874529594,8.693882470957513,2.3859776647942983,1.9313489111017659,8.603407136206542,9.72913536182743,2.2921711087375907,1.9595211651336908,0.2744432850069936,0.18661261441021618,0.029527720820808873,0.030426135248070054,0.07259607912790568,36.38636363636364
JISC IN Equity     ,Bombay,JINDAL IRON & STEEL CO LTD,Steel-Producers,India,0.02,0.0221,255.13013500000002,-752.0399990000001,1063.583687581389,11544.35,20023.41,20000.79,22.62,17255.48,8479.06,8799.04,13692.74,-73.76,829.53,1250.59,548.900001,1374.7,1300.94,0.3383,1726.1,0.61192,0.713,,0.0011296777122378257,0,2.3700856214791663,0.12605950306512795,0.04008693665402249,6.688111928625225,1.3120010819362111,0.8431000661664503,15.993083264699063,24.11099056092004,1.1588895769789502,1.460685735652616,0.1961691275411863,0.031810184416776584,0.423457343179808,0.734477038551326,0.9636346692366439,0.7813003305925235
JDPS IN Equity     ,Bombay,JINDAL POLYESTER,Textile-Products,India,0.02,0.0221,93.13183077900001,0,,4214.10999,4214.10999,4214.10999,0,0,0,0,0,0,0,0,0,0,0,0,0,0.34208,0.496,,0,,,,,,,,,,,,,,0,0,,
JSP IN Equity     ,Bombay,JINDAL STEEL & POWER LTD,Steel-Producers,India,0.02,0.0221,333.59729000000004,-1119.9269999999995,1037.8830909659532,15094.9,23947.4,23828.82,118.58,14462.04,8852.5,5728.12,8805.98,3184.32,2399.3,2975.68,1943.4330000000002,-120.96,3063.36,0.19,2241.35,0.4966,1.274,,0.004951685777996776,0.09243090101947486,1.5762622122810508,0.2545259017167879,0.2206946870195027,6.734735761929195,2.6352276139466353,1.714164692629327,8.00785702763738,9.931571708414953,1.642413011243692,2.705981617037513,0.3912889394775249,0.1343816639976103,0.36966434769536566,0.586456352807902,1.5454459752938137,3.226123085611327
JDSL IN Equity     ,Bombay,JINDAL STAINLESS LTD,Steel-Producers,India,0.02,0.0221,202.9627535,881.4236699999999,1399.5484505590682,9183.835,19798.355,19587.114999999998,211.24,14459.6,10614.52,4056.32,17249.89,-121.82,1318.05,2419.4,908.66367,149.06,27.240000000000066,0.3106,1407.08,,,,0.010669573305458964,0.050729169627881855,0.029978088592449246,0.08157037523137829,0.052676490690665274,6.526874804559798,2.2640804966077623,0.5323996268961715,8.095856410680334,14.860676757330905,1.3495038457238986,1.135492168355856,0.34688584727043226,0.06284154955877064,0.5361314109177253,1.1557829599508267,2.6167856579362576,1.3457866631270485
JDVS IN Equity     ,Bombay,JINDAL VIJAYGAR STEEL LTD,Steel-Producers,India,0.02,0.0221,344.36993500000005,1890.6144800000002,-1173.7021542115879,15582.35,72869.05,72580.45,288.6,64642.5,57286.7,7644.4,24455.2,-2137,3002.6,5808.5,825.1144800000001,1071.5,-1065.5,0.7252,-1299.1444800000004,0.62473,0.948,,0.003960529195865735,,-1.2913359610414301,-0.04525417907029998,0.033739837744119865,,2.0384006593061588,0.6371794137852073,12.495558233623138,24.1725338040365,1.1222518947006905,2.967894353757074,-0.16994721364659102,0.012764272421394595,0.7861595560803935,3.6763838573770964,7.493943278739993,0.38842462032030217
VAM IN Equity     ,Bombay,JUBILANT ORGANOSYS LTD,Chemicals-Diversified,India,0.02,0.0221,278.728073,-483.33655199999987,329.5146264753925,12612.13,16928.46,16895.78,32.68,5764.93,4316.33,1481.28,7114.33,845.91,985.13,1222.65,738.4534480000001,375.88,1221.79,0.2504,641.68,0.37472,0.652,0.0412,0.0019304768419572721,0.08430993641690564,1.6545254183713958,0.0901954224782938,0.10379803129739555,19.6548591198105,8.514345701015337,1.7727783220626536,13.81898335582546,17.150812583110856,2.9199032014916493,2.3748940518643358,0.4331929142363361,0.12809408752578091,0.25497475848364237,0.3422364025743471,2.9139190429898467,2.2838298365596383
KB IN Equity     ,Bombay,KALYANI BRAKES LIMITED,Auto/Trk Prts&Equip-Repl,India,0.02,0.0221,103.39319250000001,-71.40015199999996,117.92345905031499,4678.425,5193.085,5180.185,12.9,1287.11,514.66,785.35,2169.02,162.84,268.42,355.34,172.969848,81.53,244.37,0.3556,265.55,0.46918,0.485,0.1996,0.0024840725695805094,0.24368292223686686,1.4127895863098634,0.12242856220781737,0.07974562152492831,17.617868574656374,5.957121028840644,2.1569303187614683,14.578108290651207,19.298804112957306,3.9946500411535295,2.388260596951619,0.3381294964028777,0.13438622029197195,0.09910486733800813,0.11000710709266472,0.6553256509836378,14.377075522228173
KBL IN Equity     ,Bombay,KARTAKA BANK LTD,Commer Banks Non-US,India,0.02,0.0221,106.33724400000001,0,,4811.64,4811.64,4811.64,0,0,0,0,0,0,0,0,0,0,0,0,0,0.52062,0.905,,0,,,,,,,,,,,,,,0,0,,
KVB IN Equity     ,Bombay,KARUR VYSYA BANK LTD,Regiol Banks-Non US,India,0.02,0.0221,153.5456728,1286.388464,1266.4242866197271,6947.768,13383.528,11078.848,2304.68,9717.87,6435.76,5586.79,6481.59,119.78,1752.24,1861.22,1250.398464,-155.77,-35.99,0.2864,1249.7,0.38726,0.585,,0.1722027256191342,0.03329599103784908,-0.02878282486437861,0.1928076289922689,0.19291539020518114,5.559548691686005,1.243606435896105,1.071923401511049,5.952465587088039,6.322677258822992,1.113202107705936,1.7092793589227335,0.22368837919449272,0.1286700134906106,0.48087171035918186,0.9263061173027078,1.1519602490875798,
KEC IN Equity     ,Bombay,KEC INTERTIOL LIMITED,Electric-Transmission,India,0.02,0.0221,66.9360159,1264.841,-107.29974059874294,3028.779,10314.719,10137.278999999999,177.44,9245.1,7285.94,2136.6,7217.96,-53.54,195,312.86,145.041,-1066.26,-1119.8,0.2562,-361.21903199999997,1.04546,1.454,,0.017202601447504292,,-7.720575561392986,-0.023904261037744734,0.020094458822160276,,1.41756950294861,0.41961703860924693,32.40196573547273,51.98604615384615,1.0946856155558904,1.404452088955882,-0.1690625442291491,0.0156884187299218,0.7063634016593181,2.405570033336866,3.4100627164654123,0.2864950634696756
WDIA IN Equity     ,Bombay,KENMETAL WIDIA INDIA LTD,Mach Tools&Rel Products,India,0.02,0.0221,98.6981138,361.087125,4.402805135544938,4465.978,4689.268,4628.428,60.84,1350.5,223.29,1188.05,2779.6,-23.94,76.03,237.02,76.03,61.06,37.12,0,35.65,0.5481,1.025,,0.012974306437593246,0.3262272089761571,0.4882283309220045,0.012825586415311556,0.02735285652611887,125.27287517531558,3.7590825301965407,1.6066980860555475,19.527584170112224,60.87633828751808,3.322564371448411,1.665141747013959,0.03000715458103615,0.05629766753054424,0.04761724004684739,0.049998007155431574,0.18794663524262448,1.114482556435063
KSI IN Equity     ,Bombay,KESORAM INDUSTRIES LIMITED,Rubber-Tires,India,0.02,0.0221,58.1788688,376.094685,310.83030505393054,2632.528,6988.198,6806.758000000001,181.44,7573.91,4355.67,3399.68,11385.77,-196.7,493.95,1035.05,429.884685,250.49,53.79,0.1297,334.41,0.54309,1.067,0.1648,0.025963774924522745,0.281749947669029,0.12512657900339008,0.02937087258920565,0.03775631204564996,7.872156933106067,0.7743458207831325,0.23121211828449018,6.576260084053912,13.78025711104363,0.9010809312281199,0.5978302741053086,0.09836514024849399,0.056758620712419335,0.6232894374200616,1.654557900238858,1.2811999952936748,1.0703373854254696
KKB IN Equity     ,Bombay,KIRLOSKAR BROTHERS LIMITED,Machinery-Pumps,India,0.02,0.0221,54.243079800000004,289.995364,196.60829044822327,2454.438,3578.098,3301.6279999999997,276.47,3140.8,1123.66,2293.61,6095.35,4.790000000000006,366.36,451.77,256.415364,-38.37,-33.58,0.30010000000000003,174.07,0.61066,0.543,0.1833,0.0772673079384634,0.17584879646119378,-0.13095939134130818,0.02855783507099674,0.04206737332556785,14.100292985580515,1.0701200291243933,0.40267384153494057,7.308205502800097,9.011977290097171,1.0470632990662134,0.5416633991485311,0.07589346052729103,0.081640143912379,0.3140383522195312,0.4578074492001835,0.48990892087146465,4.7672088484059865
KKOE IN Equity     ,Bombay,KIRLOSKAR OIL ENGINES LTD,Engines-Interl Combust,India,0.02,0.0221,135.38767190000002,420.51924799999995,532.2598007010976,6126.139,6892.839,6707.729,185.11,4601.67,766.7,4020.08,8605.74,-166.12,237.26,591.77,237.26,-6.51,-172.63,0,387.28,0.46186,0.716,-0.12560000000000002,0.026855407474336773,0.17029022929146873,-0.7275984152406643,0.045002521572810705,0.027569970740459273,15.818371720718861,1.5238848480627252,0.7118666146083893,11.33502712202376,28.271638708589734,1.4399740535391223,0.7794482519806548,0.09633639131559571,0.051559542513913426,0.11123138085772787,0.1251522369962549,0.19071759765974808,2.6912431941923773
CRL IN Equity     ,Bombay,KOCHI REFINERIES LIMITED,Oil Refining&Marketing,India,0.02,0.0221,549.149861,1186.7439360000003,4756.20125722734,24848.41,35023.95,34975.08,48.87,24503.73,10175.54,14377.06,92241.53,-568.81,7574.88,8728.5,4959.2739360000005,4341.34,3772.53,0.3453,6965.25,0.54114,1.099,0.1555,0.0013953309092777943,0.04380316571551632,0.7607020803216222,0.07551099813717314,0.053764003437497196,3.5674828613474032,1.7283373652193148,0.26938419169760086,4.006997765939164,4.61724542170965,1.4264864006255957,0.37916847216215943,0.48446970381983523,0.20238853170517307,0.2905309081357186,0.4095046725323673,0.70776222676959,7.980278128950695
KMF IN Equity     ,Bombay,KOTAK MAHINDRA BANK LTD,Diversified Fin Serv,India,0.02,0.0221,427.96959400000003,804.1529929999999,737.6200229157103,19365.14,46167.91,45255.88,912.03,36446.62,26802.77,10555.88,7007.33,240.95,1412.53,1688.31,788.332993,-256.77,-15.819999999999936,0.44189999999999996,733.15,0.48074,1.158,,0.019754630434862655,0.18648298438245925,-0.020067661940415496,0.10462615575404612,0.11250119417809637,26.4136124940326,1.8345358226883974,2.7635547348276734,26.8054326515865,32.03888059014676,1.2358024179139235,6.458362885721096,0.06945418098727914,0.021629797029189535,0.5805497801394951,1.3840731334759264,2.539131744582167,
LMW IN Equity     ,Bombay,LAKSHMI MACHINE WORKS LTD,Machinery-General Indust,India,0.02,0.0221,119.899572,659.8626220000001,665.8840442341186,5425.32,6500.87,6402.88,97.99,3961.32,1075.55,2983.76,5276.9,-178.99,378.98,644.19,293.29262200000005,-187.58,-366.57,0.2261,396.44,0.26227,0.621,0.0149,0.015073367103172345,0.09169105034809807,-1.249843918678595,0.07512744224828972,0.05558047755310885,13.685097366562404,1.8182829718207896,1.0281263620686387,9.939427808565796,16.895034038735552,1.6014716786843082,1.2133790672553963,0.13286591414859103,0.07403911372976685,0.1654470863130627,0.19824637072098975,0.36046800010724717,3.589165640685671
LT IN Equity     ,Bombay,LARSEN & TOUBRO LIMITED,Diversified Operations,India,0.02,0.0221,2936.886679779,8690.33417,6364.631034582835,132890.79999,180663.59999000002,177288.39999,3375.2,76563.59,47772.8,32165.99,103269,-1608.8,5942.1,10348.2,4799.43417,-2282.1,-3890.9,0.1923,4799,0.40414,1.027,-0.021400000000000002,0.01868223593566619,0.41062721400291724,-0.8106997329645631,0.04647086734644472,0.04647507160909857,27.69135236299229,4.13140711633623,1.2868411623042733,17.13229353800661,29.83598390972888,2.2600242008917073,1.7167630168782502,0.149194848347587,0.06268559468018675,0.264429580738147,0.3594891444975491,1.4851960098227974,1.4812294346395454
LICHF IN Equity     ,Bombay,LIC HOUSING FINCE,Fince-Mtge Loan/Banker,India,0.02,0.0221,362.941006779,2224.87,2340.6045420497962,16422.66999,90459.10999,90219.10999,240,82521.4,74036.44,8724.96,10136.24,47.78,2448.75,2465.37,1900.23,-372.42,-324.64,0.22399999999999998,2306.38,0.49028,0.945,0.1588,0.0026531324487553696,0.16157354815771902,-0.17084247696331495,0.22753802198842965,0.1874689233877651,7.120539542486493,1.8822630694008913,1.6201934829877744,36.5945517265157,36.8429239367024,1.0930108720973788,8.900648562977988,0.26434275916451194,0.023027117814288175,0.8184520056430417,4.508185334362918,8.485590764886028,
LPC IN Equity     ,Bombay,LUPIN LTD,Medical-Drugs,India,0.02,0.0221,565.1816430000001,926.34144,883.1780588677071,25573.83,31530.23,31446.83,83.4,9636.7,5956.4,3763.7,10276.2,356.9,1539.6,1795.6,1210.74144,-72.5,284.4,0.21359999999999998,993.3,0.49104,1.14,-0.1079,0.002645080609941634,0.10852713178294573,0.23489738651383732,0.09666024405908798,0.1178199567933672,25.746330413772277,6.794864096500785,2.488646581421148,17.51327132991758,20.425324759677842,3.2438174504377537,3.0601613436873554,0.26391582751016285,0.12563859412454473,0.18891076912537583,0.23290997085692675,1.5825915986927757,2.455894081990748
MCMI IN Equity     ,Bombay,MACMILLAN INDIA LTD,Publishing-Books,India,0.02,0.0221,90.9718654,134.76675,218.16,4116.374,4116.374,4034.524,81.85,997.54,0,1079.39,815.32,9.52,223.75,263.65,193.00675,48.72,58.24,0.1374,276.4,0.47154,0.914,,0.019884004708998745,0.15137481910274966,0.30175110455981463,0.3390079968601285,0.23672515086101162,14.89281476121563,3.81361139161934,5.0487832998086635,15.302575384031861,18.03139217877095,3.81361139161934,4.948393268900554,0.2560705583709317,0.19348271748501314,0,0,0,379.23728813559325
MAL IN Equity     ,Bombay,MADRAS ALUMINIUM CO LTD,Metal-Aluminum,India,0.02,0.0221,69.4906875,585.921396,427.31613805568304,3144.375,7414.745,7409.215,5.53,5333.62,4270.37,1068.78,2637.46,-182.9,554.18,749.92,439.021396,36,-146.9,0.2078,397.91,0.64447,0.786,-0.08960000000000001,0.0007458112180526776,0.225176547460481,-0.33460783765536567,0.15086863876608556,0.16645613431104167,7.902226634163504,2.9420226800651212,1.1921981755173539,9.880007200768082,13.369690353314809,1.3887500819418823,2.8092236469936984,0.3723029996818803,0.0823120874752982,0.5759294486863675,1.3580981912144703,3.995555680308389,1.3356953482766931
MC IN Equity     ,Bombay,MADRAS CEMENTS LIMITED,Bldg Prod-Cement/Aggreg,India,0.02,0.0221,217.73715600000003,625.94247,288.9963382197316,9852.36,15539.18,15218.9,320.28,8061.49,5686.82,2694.95,6182.54,-210.53,895.54,1535.61,497.47247,82.06,-128.47,0.4445,247.69,0.36184,0.53,-0.16649999999999998,0.020611126198422307,0.2929872017441156,-0.2582454462253962,0.040062822076363434,0.0804640924280312,39.77697928862692,3.6558600345089896,1.5935780439754537,9.910654397926557,16.994104115952386,1.8539258414392186,2.4615934551171526,0.09190894079667526,0.06170974224367951,0.3659665439231671,0.5772038374562033,2.110176441121357,1.3532700676982592
MDF IN Equity     ,Bombay,MADRAS FERTILIZERS LTD,Agricultural Chemicals,India,0.02,0.0221,67.468427,0,,3052.87,3052.87,3052.87,0,0,0,0,0,0,0,0,0,0,0,0,0,0.61615,0.943,,0,,,,,,,,,,,,,,0,0,,
MTNL IN Equity     ,Bombay,MAHAGAR TELEPHONE NIGAM,Telecom Services,India,0.02,0.0221,1883.0857500000002,29222.923604000003,34153.06,85207.5,85207.5,82819.77,2387.73,92585.34,0,94973.07,58098.76,3389.19,10811.37,19484.12,7667.423604000001,-24944.69,-21555.5,0.2908,12597.56,0.37043,1.174,-0.0553,0.02802253322770883,0.22504357986784743,-2.811309393256264,0.2168301010210889,0.1319722418172092,6.763809817139192,0.8971753782414319,1.466597565937724,4.250629230368115,7.6604324891295,0.8971753782414319,1.4254997869145571,0.13264349567724829,0.08281466163001616,0,0,0,32.94241140802584
MHS IN Equity     ,Bombay,MAHARASHTRA SEAMLESS LTD,Steel Pipe&Tube,India,0.02,0.0221,125.64402500000001,0,,5685.25,5685.25,5685.25,0,0,0,0,0,0,0,0,0,0,0,0,0,0.39470999999999995,0.818,,0,,,,,,,,,,,,,,0,0,,
MSM IN Equity     ,Bombay,MAHAVIR SPINNING MILLS LTD,Textile-Products,India,0.02,0.0221,99.3602961,-127.49201599999992,293.781240737334,4495.941,10343.801,10148.010999999999,195.79,10349.23,5847.86,4697.16,9987.85,699.62,1173.17,1862.92,885.977984,313.85,1013.47,0.24480000000000002,745.22,0.64656,0.734,0.0002,0.018928245042610547,0.14821126647164595,1.1438997563171953,0.0746126543750657,0.08870557567444444,6.033038565792651,0.9571615614541553,0.4501410213409292,5.447368110278487,8.650077141420253,0.9809181016252221,1.0160355832336287,0.1586533139173458,0.08560810649681184,0.5653492367070867,1.3006976737461635,1.2449778163826652,2.1768100345121906
MM IN Equity     ,Bombay,MAHINDRA & MAHINDRA LIMITED,Auto-Med&Heavy Duty Trks,India,0.02,0.0221,1047.8480740000002,2567.08288,3118.8342107161197,47413.94,75251.37,72510.95,2740.42,42902.22,27837.43,17805.21,52823.11,-425.8,4563.52,6692.01,2881.86288,740.58,314.78,0.3685,3241.63,0.45437,1.139,-0.13,0.03641687852327473,0.3127408124924806,0.10922795882641033,0.061367647607268865,0.05455685740578319,14.62657366818545,2.662925065191593,0.8975984185709627,10.835451531004884,15.889258730103077,1.6487076558235894,1.3727126252127146,0.18206075637411748,0.06717281483335827,0.3699258897213433,0.587114886465879,1.5634429473171056,1.6730346923587358
MRPL IN Equity     ,Bombay,MANGALORE REFINERY & PETRO,Oil Refining&Marketing,India,0.02,0.0221,2304.1791500000004,-1440.67,-3733.506099199281,104261.5,158213.35,158136.17,77.18,64003.84,53951.85,10129.17,80587.66,-3506.25,-562.48,3174.93,-324.382216,4384.44,878.19,0.4233,-3594.6922069999996,0.62166,1.118,,0.0004878222981815378,,,-0.0810014833536549,-0.0040252095171891085,,10.293192828237654,1.2937650751988579,49.807765840506725,,2.4689580471721584,1.9622876504914029,-0.3548851689723837,-0.005068168034917906,0.34100693778369523,0.5174666583542343,5.326384096623909,-0.09919005136904774
MRCO IN Equity     ,Bombay,MARICO INDUSTRIES LTD,Consumer Products-Misc,India,0.02,0.0221,143.914095,257.78896,437.77610806001815,6511.95,6625.7,6441.19,184.51,1568.96,113.75,1639.72,7680.71,69.01,539.2,758.68,473.84896000000003,147.05,216.06,0.12119999999999999,639.82,0.36707,0.579,0.12890000000000001,0.027847623647312737,0.2561345378387671,0.4559680789422858,0.0833021947189778,0.06169337990888864,10.177784376855989,3.9713792598736366,0.8478317759686279,8.48999578214794,11.94582715133531,3.7786218184514135,0.838619085995956,0.39020076598443637,0.302014684886804,0.017167997343676893,0.017467885963497878,0.06937160002927328,28.349106203995795
MUL IN Equity     ,Bombay,MARUTI UDYOG LTD,Auto-Cars/Light Trucks,India,0.02,0.0221,2674.63924,5487.532999999999,6473.921508117537,121024.4,127309.4,126915.4,394,36871,6285,30980,73038,-2204,2107,5328,1093.533,-2190,-4394,0.48100000000000004,2821,0.52257,,,0.0030948225347067855,0.14073023750443106,-4.018168633228261,0.038623730113091816,0.01497211040828062,42.90124069478908,3.906533247256294,1.657005942112325,23.820457957957956,60.23512102515424,3.4163263115523947,1.7376625865987567,0.09105874757908328,0.029658349380271756,0.049367917844244026,0.05193167658753111,0.2028728211749516,3.769230769230769
MAST IN Equity     ,Bombay,MASTEK LIMITED,Applications Software,India,0.02,0.0221,92.23406270000001,59.185810000000004,182.90916985064263,4173.487,4183.087,4000.577,182.51,1372.15,9.6,1545.06,3720.54,271.29,509.74,649.77,449.33581,118.86,390.15,0.1185,570.65,0.56647,1.352,0.8924,0.04363045760224446,0.08295803031630597,0.8682815642937517,0.15337827304638574,0.1207716648658528,7.313566985017086,2.7011811839022433,1.1217422739709828,6.156912445942411,7.848269706124691,2.690676417994932,1.0752678374644542,0.3693384075699326,0.3274684327515214,0.0022949558543726195,0.002300234791674204,0.006213350937827657,59.13457076566126
HDPH IN Equity     ,Bombay,MATRIX LABORATORIES LTD,Medical-Drugs,India,0.02,0.0221,390.70479500000005,418.4199279999999,512.4352115959484,17678.95,30746.85,30332.65,414.2,22835.3,13067.9,10181.6,3950.25,463.5,1219.61,1292.41,957.1499279999998,75.23,538.73,0.2152,748.36,0.2814,0.775,,0.013471298685881643,0.057632690149126094,0.5628480807867752,0.1894462375799,0.2423011019555724,23.62359025068149,1.7363626541997328,4.475400291120815,23.46983542374324,24.87077836357524,1.3224736015828298,7.6786659072210615,0.07350121788324035,0.041915364720410936,0.42501589593730743,0.7391785145611023,1.2834819674707314,4.682163697788697
MAX IN Equity     ,Bombay,MAX INDIA LIMITED,Diversified Operations,India,0.02,0.0221,78.2162095,-1186.04,-1361.6664060764767,3539.195,5881.585,5781.615,99.97,5863.67,2342.39,3621.25,3600.31,150.24,-1291.41,-944.65,-1136.957364,-255.61,-105.37,0.11960000000000001,-1425.649328,0.75842,1.157,,0.01699711897388204,,,-0.36281320219647756,-0.31579429660223707,,0.9773406972730411,0.9830250728409499,,,0.9862407858287893,1.6058658837711197,-0.3936898385916465,-0.1938985932018685,0.39825829262010154,0.6618425941492344,0.6468457024508112,-3.938306242566558
MCDOW IN Equity     ,Bombay,MCDOWELL & CO LTD,Beverages-Wine/Spirits,India,0.02,0.0221,61.836993400000004,-372.00146199999995,68.13919100138358,2798.054,6622.104,6543.414000000001,78.69,6376.08,3824.05,2630.72,10151.32,67.73,464.14,591.37,198.04853799999998,502.32,570.05,0.5733,300.47,0.59592,0.996,,0.011882930259023415,0.3499850234632409,2.87833480497594,0.029599106323118574,0.019509634018039033,9.312257463307484,1.063607681547257,0.2756344987646927,11.06483927152206,14.097931658551301,1.0259240840494703,0.6445875019209325,0.11421588006325266,0.031061175204828036,0.57746752391687,1.3666819868379954,1.4536134594331591,1.1766763848396502
EMER IN Equity     ,Bombay,MERCK LTD,Medical-Drugs,India,0.02,0.0221,137.5388638,284.66924,527.2,6223.478,6223.478,6199.778,23.7,1732.6,0,1756.3,3461.9,-64.5,553.4,651,364.46924,144.3,79.8,0.3414,607,0.35802999999999996,0.667,0.1547,0.00380816000313651,0.21367380560131793,0.21894851812460225,0.1753372425546665,0.10528011785435744,10.252846787479408,3.5435164835164836,1.79770588405211,9.523468509984639,11.203068305023493,3.5435164835164836,1.7908599324070598,0.3456129362865114,0.21035971372503753,0,0,0,149.56756756756755
MIRC IN Equity     ,Bombay,MIRC ELECTRONICS LIMITED,Audio/Video Products,India,0.02,0.0221,124.23744840000002,503.8926410000002,645.1462076555767,5621.604,7174.744000000001,7079.694,95.05,3634.78,1553.14,2176.69,9198.41,260.67,799.21,918.12,665.0226410000001,-99.54,161.13,0.1679,739.18,0.7675799999999999,0.528,0.2462,0.013247859435820984,0.09396899266755053,0.2422925026397709,0.0803595403988298,0.07229756457909575,7.605189534348874,2.582638777225972,0.6111495356262658,7.711076983400863,8.858365135571377,1.9236115318928746,0.7696649747075854,0.3395890089999035,0.18296090574945395,0.216473228870605,0.27628057757181046,0.7135329330313458,7.889536031589339
MMTC IN Equity     ,Bombay,MMTC OF INDIA LIMITED,Investment Companies,India,0.02,0.0221,136.578,0,,6180,6180,6180,0,0,0,0,0,0,0,0,0,0,0,0,0,0.16235,,,0,,,,,,,,,,,,,,0,0,,
MCHM IN Equity     ,Bombay,MONSANTO INDIA LIMITED,Agricultural Chemicals,India,0.02,0.0221,238.81768300000002,715.414186,838.6884289620411,10806.23,10826.23,10758.39,67.84,2733.62,20,2781.46,2943.37,62.3,548.14,613.43,465.86418599999996,-311.85,-249.55,0.1501,590.92,0.49811999999999995,0.702,0.2216,0.0062662625863296835,0.11661477018885806,-0.5356711408590658,0.2007630709017215,0.15827578116240906,18.287128545319163,3.8850927210889243,3.671380084732806,17.53808910552141,19.627084321523697,3.8644956558365995,3.655126606576815,0.21244957684093962,0.1704202434866587,0.0018473651492717225,0.0018507842235451217,0.007190468315201369,221.0241935483871
MBI IN Equity     ,Bombay,MOSER BAER INDIA LTD.,Computers-Peripher Equip,India,0.02,0.0221,745.9596430000001,-1730.4701250000003,181.2152102778823,33753.83,45626.7,45022.08,604.62,22652.7,11872.87,11384.45,10926.57,6782.05,2616.25,3791.53,2616.25,-2424.08,4357.97,0,2314.44,0.5624199999999999,1.006,0.4102,0.013251451452767786,0.05454451184735832,1.665731485905399,0.21181761522600415,0.23943927508815668,14.584016003871348,2.964906517223054,3.089151490357908,11.87438316458,17.208630673674154,1.9618210524686424,4.120422053764356,0.20329835872615717,0.11549395877754086,0.26021759189246646,0.35174882376311073,1.0429023800007906,4.8147705105083
MSS IN Equity     ,Bombay,MOTHERSON SUMI SYSTEMS LTD,Auto/Trk Prts&Equip-Repl,India,0.02,0.0221,207.7804872,451.29535400000003,500.5702189629693,9401.832,10144.322,10040.872,103.45,1777.69,742.49,1138.65,4188.45,-23.48,462.19,727.74,331.205354,-96.61,-120.09,0.2834,427.88,0.6412300000000001,0.718,0.2827,0.010197822979199595,0.18217724595681034,-0.36258471836176903,0.10215712256323939,0.07907587627881436,21.973057866691597,8.256999077855355,2.244704365576765,13.797334212768295,21.724554836755445,5.392645948733215,2.3972763194021653,0.37577833399200805,0.18631221079040777,0.07319266876583767,0.07897290655693485,0.6520792166161682,5.947625788186849
MICO IN Equity     ,Bombay,MOTOR INDUSTRIES CO LIMITED,Auto/Trk Prts&Equip-Repl,India,0.02,0.0221,964.808429,3192.7029030000003,3956.778383197848,43656.49,44404.36,44225.93,178.43,7624.38,747.87,7054.94,15569.29,-331.13,1545.69,2618.07,1033.602903,-1827.97,-2159.1,0.33130000000000004,2004.62,0.42284,0.746,0.1454,0.004018299103961863,0.054359429717352914,-2.088906671733681,0.1287547473263071,0.06638728567584005,21.777937963304765,6.188073888651073,2.804012899753296,16.892569717387236,28.612419049097813,5.690816513538072,2.840587464168244,0.2841441599786816,0.1355655021129587,0.016842265038838528,0.01713078628171894,0.10600657128196697,22.43707359558717
BFL IN Equity     ,Bombay,MPHASIS BFL LIMITED,Applications Software,India,0.02,0.0221,488.87719400000003,-257.54317000000003,-108.91566577075162,22121.14,22135.15,21799.67,335.48,9233.88,14.01,9555.35,4292.66,359.77,753.35,947.59,640.19683,537.97,897.74,0.1502,787.51,0.42369,1.287,,0.015155984937983254,0.03249482546253381,1.4022874808674077,0.18345501390746063,0.14913755806423057,28.089979809780193,2.3150528238107446,5.153247636663514,23.0053820745259,28.936974845689253,2.313127523679744,5.078359338964651,0.08241561010324058,0.06933129193795023,0.0006329299778858512,0.0006333308319553152,0.0014661943309245604,489.18831168831167
MRF IN Equity     ,Bombay,MRF LIMITED,Rubber-Tires,India,0.02,0.0221,180.6818871,1022.2858600000002,1267.7062514413276,8175.651,13052.451000000001,12709.251,343.2,10497.5,4876.8,5963.9,17990.4,-223.2,1093.9,2029.6,762.8858600000001,-36.2,-259.4,0.30260000000000004,1125,0.55751,0.67,0.0464,0.026293912154889527,0.06071111111111111,-0.3400246532292524,0.06253335112059764,0.04240516386517254,7.267245333333333,1.3708564865272725,0.454445204108858,6.26194865983445,11.618293262638266,1.2040228952004945,0.7064462713447172,0.1886349536377203,0.07267309930935938,0.373630975515633,0.5965029573791739,0.8177199483559416,2.606385513461997
NFCLZ IN Equity     ,Bombay,GARJU FERTILIZERS & CH,Agricultural Chemicals,India,0.02,0.0221,76.03328200000001,0,,3440.42,3440.42,3440.42,0,0,0,0,0,0,0,0,0,0,0,0,0,0.64579,1.124,,0,,,,,,,,,,,,,,0,0,,
NFCL IN Equity     ,Bombay,GARJU FERTILIZERS & CH,Agricultural Chemicals,India,0.02,0.0221,76.03328200000001,2661.1270999999997,-702.1040112890234,3440.42,22982.47,22835.98,146.49,27810.49,19542.05,8414.93,7486.47,-578.83,941.16,2158.27,703.5171,-1378.78,-1957.61,0.2525,-1291.33615,0.64579,1.124,,0.00637398852255654,,-2.782604715649413,-0.22777490593029825,0.09397180513646619,,0.4088471324182138,0.4595516979297319,10.580687309743452,24.26365336393387,0.8220655449909111,3.0503000746680344,-0.15345774118144775,0.025296825046951712,0.8503024261534986,5.680134983519454,2.322306899760307,0.3526660921047701
CL IN Equity     ,Bombay,TIOL ALUMINIUM CO LTD,Metal-Aluminum,India,0.02,0.0221,2310.31853,3288.70308,6598.616846599979,104539.3,118113.6,118079.7,33.9,46640.8,13574.3,33100.4,25672.5,1237.4,6606.9,10208.4,4579.90308,53.8,1291.2,0.3068,7514.3,0.4974,1.172,0.1375,0.00028701182590319826,0.3429727319910038,0.28192736340612684,0.2926984126984127,0.1783972375109553,13.912047695726814,3.158248842914285,4.072034277923849,11.566915481368287,17.872179085501525,2.530570094719409,4.5994624598305585,0.22701538349989728,0.09819520848698994,0.1149258002465423,0.1298487745756859,0.41009474205749774,5.485180572851806
NFL IN Equity     ,Bombay,TIOL FERTILIZERS LTD,Agricultural Chemicals,India,0.02,0.0221,499.2639730000001,1695.9492160000004,3565.441122208572,22591.13,30131.25,29984.35,146.9,17662.98,7540.12,10269.76,36537.14,146.64,5152.74,6831.72,3289.5092160000004,1446.92,1593.56,0.3616,4484.34,0.6549299999999999,1.175,0.08650000000000001,0.004875337066998549,0.21879696900770235,0.4844370072742182,0.12273374434890087,0.0900319295927377,5.0377825945401105,2.1997719518275014,0.6183059210436285,4.38898988834437,5.81910789211177,1.6918277944601534,0.8206539975487955,0.436654800112174,0.18623749876861098,0.25024252229827837,0.333764623549154,0.7342060573956938,7.3096805311240995
NMDC IN Equity     ,Bombay,TL MINERAL DEVELOPMENT,0,India,0.02,0.0221,1577.1638480000001,0,,71364.88,71364.88,71364.88,0,0,0,0,0,0,0,0,0,0,0,0,0,0.5336,,,0,,,,,,,,,,,,,,0,0,,
NPI IN Equity     ,Bombay,VNEET PUBLICATIONS INDIA,Printing-Commercial,India,0.02,0.0221,82.42181740000001,-574.4346499999999,-97.55742066033889,3729.494,4433.564,4424.224,9.34,2051.42,704.07,1356.69,3211.06,226.31,499.5,616.64,344.30535000000003,692.43,918.74,0.3107,507.29,0.54735,0.792,,0.0021066573077551153,0.32105896035798065,2.668387232437718,0.15798209936905572,0.10722482606989593,7.351798773876875,2.7489654969079154,1.1614526044359184,7.1747275557861965,8.857305305305305,2.151421805547468,1.3778079512684285,0.37391740191200645,0.167837571048347,0.15880451934380557,0.18878432302076367,0.518961590341198,10.113383275966795
NEST IN Equity     ,Bombay,NESTLE INDIA LIMITED,Food-Dairy Products,India,0.02,0.0221,1373.505497,2298.001449,3143.4856802156783,62149.57,62776.64,62720.48,56.16,3463.9,627.07,2892.99,19363.1,152.87,3486.41,3980.44,2262.331449,-188.54,-35.67,0.35109999999999997,3114.17,0.2132,0.411,0.2271,0.0008946002844370135,0.557329882440586,-0.015766920455341286,0.1608301356704247,0.11683725483006337,19.957025467460028,20,3.209691113509717,15.757172573886304,17.989989702874876,17.83396873916922,3.2391755452381075,1,0.6531168477727416,0.009988906701601106,0.01008969169054589,0.21675498359828416,57.39891340138294
NLC IN Equity     ,Bombay,NEYVELI LIGNITE CORPORATION,Diversified Minerals,India,0.02,0.0221,2046.671939,-1665.7329800000007,8854.749789563379,92609.59,106477.38,106476.03,1.35,73548.11,13867.79,59681.67,26814.65,530.62,12161.11,16958.21,8293.87702,9428.99,9959.61,0.318,16936.47,0.6440600000000001,1.404,0.35509999999999997,1.2678749232935672e-05,0.13372739419725596,1.2008388810182768,0.6316125699943874,0.3093039446720356,5.468057393305688,1.551725848154048,3.4536937830626164,6.2787304792192105,8.755453243988418,1.4476976445510275,3.9708155802891327,0.2837800952955908,0.11276805100770096,0.1302416532037133,0.1497446430763812,0.2323626332842228,309.91615698267077
NP IN Equity     ,Bombay,NICHOLAS PIRAMAL LIMITED,Medical-Drugs,India,0.02,0.0221,584.508093,899.6653999999999,1198.3077340436025,26448.33,33115.43,32892.13,223.3,10927.4,6667.1,4483.6,13788.1,160.8,1890.3,2540.1,1546.2654,485.8,646.6,0.182,1458.3,0.52068,0.835,0.1199,0.006743080189506825,0.2465199204553247,0.4181688344057884,0.10576511629593635,0.11214492207048106,18.136412260851678,5.898904897849942,1.9181997519600236,12.949147671351522,17.40048140506798,2.969807276673213,2.3855447813694415,0.3252520296190561,0.14150350495085745,0.20132910851527522,0.25208018804968024,1.4869970559371932,2.3242345997786797
NIIT IN Equity     ,Bombay,NIIT LIMITED,Educatiol Software,India,0.02,0.0221,201.40835,-548.82,-411.1638686962953,9113.5,9608.87,9501.06,107.81,7125.04,495.37,6737.48,3521.23,53.43999999999994,-56.68,403.55,-56.68,438.7,492.14,0,47.27,0.5522699999999999,1.183,-0.33030000000000004,0.01121984166712631,4.032578802623228,,0.013424286399922755,-0.016096648046279284,192.79669980960438,1.3526570765330659,2.5881581152040622,23.543699665468967,,1.3285039783764354,2.6982219281330675,0.007015976299744119,-0.007955043059407387,0.05155340846530341,0.05435562626872223,0.07352452252177373,
NIRMA IN Equity     ,Bombay,NIRMA LIMITED,Soap&Cleaning Prepar,India,0.02,0.0221,741.5685940000001,2729.7320999999997,3477.44376330623,33555.14,39857.74,39740.14,117.6,20408.5,6302.6,14223.5,17178.8,-228.6,3757.7,5009.3,2528.9321,27.8,-200.8,0.327,3338.3,0.47965,0.658,-0.08800000000000001,0.0029504934298833804,0.08321600814785969,-0.07940110373070115,0.19432672829301234,0.14721238386848906,10.05156516789983,2.359133827820157,1.953287773301977,7.933272113868206,10.575655321074061,1.9418077472096502,2.3133245628332597,0.23470313214047175,0.12391562829213318,0.15812738002706628,0.18782815389832974,0.44311175167856015,6.402623956380984
HCBA IN Equity     ,Bombay,NOVARTIS INDIA LIMITED,Medical-Drugs,India,0.02,0.0221,263.21519900000004,516.9606,1020.321641650846,11910.19,11997.49,11675.59,321.9,2201.17,87.3,2435.77,4716.98,-107.08,445.4,613.59,329.1506,-80.73,-187.81,0.261,839.01,0.5049199999999999,0.718,0.1002,0.026830612069691243,0.2845854042264097,-0.570589875880524,0.17787016268883907,0.06977994394718655,14.195528062835962,4.889702229685069,2.524960885990613,19.028325103081865,26.213718006286484,4.755115791476257,2.475225674054162,0.34445370457801844,0.14953438398669797,0.007276522005852891,0.007329857878001946,0.035840822409340785,49.37915742793792
ONGC IN Equity     ,Bombay,OIL & TURAL GAS CORP LTD,Oil Comp-Explor&Prodtn,India,0.02,0.0221,24671.6444,81957.51705999998,140539.42100987048,1116364,1178388.92,1175837.82,2551.1,418165.82,62024.92,358692,332680.7,434.07,160406.7,189685.38,104553.08705999999,22161.5,22595.57,0.3482,159803.8,0.47678,1.058,0.3135,0.002164904944965029,0.27642346427306486,0.21611576124034534,0.4803518809477075,0.314274579378966,6.985841388002038,3.1123192042197765,3.3556620507291224,6.198884805987682,7.330353532614285,2.8009068900770617,3.5344335274033023,0.4455181604273304,0.25002781685982844,0.05263535573637267,0.055559763661314765,0.17291971942502202,135.60920142704973
OCP IN Equity     ,Bombay,ORCHID CHEMICALS & PHARMA,Medical-Drugs,India,0.02,0.0221,165.77808910000002,-1678.4222630000002,-595.1999470910071,7501.271,13483.561,13325.401,158.16,9825.02,5982.29,4000.89,5270.44,1896.67,646.89,1050.03,454.957737,236.71,2133.38,0.2967,259.78,0.51234,1.166,-0.2065,0.011729839023978903,0.4311340364924167,4.689182810842055,0.04929000235274474,0.08632253417172002,28.875475402263454,1.874900584619922,1.4232722505141886,12.690495509652106,20.59917605775325,1.3506278560538825,2.5283279953855846,0.06493055295196819,0.04630603673071403,0.44367285467095824,0.7975035164040868,1.495239809142466,1.4873769888715165
OTH IN Equity     ,Bombay,ORIENTAL HOTELS LIMITED,Hotels&Motels,India,0.02,0.0221,54.4691849,129.610028,173.39872067915172,2464.669,2554.6189999999997,2509.709,44.91,2391.07,89.95,2346.03,988.69,-54.53,97.94,217.04,61.330028,-13.75,-68.28,0.3738,107.64,0.5657,0.652,-0.2801,0.017579920919714446,0.7466555183946488,-1.113320867878945,0.10887133479654897,0.06203160545772689,22.897333704942398,1.0505701120616528,2.492863283739089,11.563347769996314,25.624964263835,1.048702780811008,2.5384185133863997,0.0458817662178233,0.02564961628057731,0.03521073005407069,0.03649577286037192,0.038341368183697565,7.598138091543832
OBC IN Equity     ,Bombay,ORIENTAL BANK OF COMMERCE,Money Center Banks,India,0.02,0.0221,1072.2937680000002,21661.004805,17159.70475670004,48520.08,66053.72,47094.71,18959.01,19668,17533.64,21093.37,38356.75,26.98,8259.85,8675.84,5131.844805,-16556.14,-16529.16,0.3787,8133.49,0.57741,0.863,0.16820000000000002,0.28702410704499304,0.10652622674891098,-3.2209002080295766,0.21204846604574162,0.13379248254870393,5.9654686979390155,2.300252638625312,1.2649684866418558,5.428259396208322,5.701642281639498,1.710039684666248,1.2278076218657734,0.3855946204897558,0.26092357153752294,0.26544515585193384,0.36136873640768935,0.8312393894384823,
PNCB IN Equity     ,Bombay,PACEA BIOTEC LIMITED,Medical-Drugs,India,0.02,0.0221,54.4323442,-433.685672,33.07563707887317,2463.002,3793.852,3721.372,72.48,2261.14,1330.85,1002.77,2716.57,66.15,421.96,522.98,266.59432799999996,634.13,700.28,0.3682,333.99,0.63684,0.85,,0.019104593431688955,0.16790921883888738,2.6267625618801613,0.12294547904158552,0.09813637344150894,7.374478277792748,2.4561983306241713,0.906658764544996,7.115706145550498,8.819253009763958,1.6257368380456116,1.3698789282072612,0.33306740329287876,0.11790261903287722,0.3507912274912147,0.5403365486507928,1.3271737287713035,2.9659098896464466
PF IN Equity     ,Bombay,PANTALOON RETAIL INDIA LTD,Retail-Major Dept Store,India,0.02,0.0221,95.96785770000001,-220.27610000000004,-113.07032970791624,4342.437,6126.947,6089.5470000000005,37.4,3587.93,1784.51,1840.82,4336.88,354.69,310.18,381.74,265.2039,130.79,485.48,0.145,133.44,0.53261,1.265,,0.006104182066533299,0,1.8305914807436847,0.030768663186438176,0.061150850380919,32.54224370503597,2.358968829108767,1.0012813358912398,15.952079949703988,19.632300599651817,1.69003842408829,1.4041308498275258,0.07248943405656175,0.07391557248887241,0.291255987688485,0.41094666428090953,0.9694103714648907,1.7248512484012677
PFIZ IN Equity     ,Bombay,PFIZER LIMITED,Medical-Drugs,India,0.02,0.0221,317.700981,100.51646500000004,696.9308427638875,14375.61,14454.2,13938.01,516.19,2657.89,78.59,3095.49,6619.97,80.49,974.01,1080.41,532.296465,351.29,431.78,0.4535,1118.02,0.38906999999999997,0.483,0.08689999999999999,0.035712111358636243,0.14519418257276256,0.8111645077334864,0.16888596171885975,0.08040768538226004,12.858097350673512,4.644049891939564,2.1715521369432187,12.90066733925084,14.309924949435837,4.553823470107874,2.105449118349479,0.3611770672817551,0.20027031404610426,0.005437173970195514,0.005466898448135418,0.02538854914730786,75.15509259259258
PEICO IN Equity     ,Bombay,PHILIPS INDIA LIMITED,Audio/Video Products,India,0.02,0.0221,104.70418660000001,768.6,1031.8109118086697,4737.746,5580.746,5034.746,546,3468,843,3171,15022,-161,1000,1545,829.6,222,61,0.1704,1080,,0.303,0.11869999999999999,0.0978363824477946,0.011111111111111112,0.07352941176470588,0.07189455465317535,0.05522566901877247,4.386801851851852,1.4940857773573006,0.3153871654906138,3.258735275080906,5.034746,1.3903203786746388,0.335158168020237,0.34058656575212864,0.23921568627450981,0.1510550739990675,0.17793271315093717,0.26584673604541154,10.204081632653061
PIDI IN Equity     ,Bombay,PIDILITE INDUSTRIES LTD,Chemicals-Diversified,India,0.02,0.0221,187.863922779,162.97642499999995,540.2500305578094,8500.62999,8916.06999,8859.47999,56.59,3418.79,415.44,3059.94,5742.97,166.05,884.05,1109.35,573.306425,244.28,410.33,0.3515,901.53,0.33753,0.532,0.15130000000000002,0.006346966776109841,0.19575610351291692,0.71572545170761,0.15697975089544258,0.09982751520554695,9.429114937938836,2.7780381281985917,1.4801801141221353,7.9861901023121655,10.021469362592613,2.5654949933532447,1.542665204589263,0.29462342398870567,0.16769278750669095,0.046594519835078146,0.04887167192181247,0.1357673679876076,29.282875124213312
PGLT IN Equity     ,Bombay,PNB GILTS LTD,Diversified Fin Serv,India,0.02,0.0221,86.07881490000001,948.938672,1509.7173902473803,3894.969,10881.569,10853.229,28.34,11682.77,6986.6,4724.51,2300.94,8.15,1500.16,1509.6,925.148672,-31.94,-23.79,0.3833,1500.12,0.33884000000000003,0.757,,0.0026044038318371186,0.21599605364904143,-0.025714785871735,0.6519596338887584,0.4020742270550297,2.5964382849372054,0.8244175586462934,1.6927729536624163,7.189473370429251,7.234714297141638,0.9291663215527819,4.716867454170903,0.31751864214489967,0.07918915394208736,0.6420581443723787,1.7937498347226897,1.4787988595642723,
POL IN Equity     ,Bombay,POLARIS SOFTWARE LAB,Applications Software,India,0.02,0.0221,435.19452600000005,193.57257200000004,317.7926102924507,19692.06,19768.16,19036.94,731.22,3679.78,76.1,4334.9,4282.75,322.79,764.44,953.83,589.612572,73.25,396.04,0.22870000000000001,707,0.59987,1.087,,0.03698978559461275,0.12612446958981613,0.6716953111372936,0.16508084758624716,0.13767148958029304,27.852984441301274,4.5426791852176525,4.597994279376569,19.95842026356898,24.90311862278269,4.481559737021084,4.4450271437744435,0.16309488108145517,0.1602303865991989,0.003849624851275991,0.003864501733185862,0.017555191584580958,76.0636815920398
PPC IN Equity     ,Bombay,POLYPLEX CORPORATION LTD,Containers-Paper/Plastic,India,0.02,0.0221,62.8583007,0,,2844.267,2844.267,2844.267,0,0,0,0,0,0,0,0,0,0,0,0,0,0.63723,0.763,,0,,,,,,,,,,,,,,0,0,,
PRIC IN Equity     ,Bombay,PREMIER INSTRUMENTS & CONTR,Auto/Trk Prts&Equip-Repl,India,0.02,0.0221,69.61500000000001,-182.59691999999995,155.1870206917048,3150,4344.32,4305.07,39.25,2114.27,1194.32,959.2,3040.7,98.61,370.67,559.49,45.96308000000004,129.95,228.56,0.8759999999999999,256.99,0.45524000000000003,1.018,-0.33130000000000004,0.009034785651149088,0.08070352932020701,4.972686773819331,0.08451672312296511,0.015115953563324248,12.257286275730573,3.2839866555462884,1.035945670404841,7.694632611842928,11.61429303693312,2.0173111928377723,1.4158154372348473,0.2679211843202669,0.02173945617163373,0.2749152916912198,0.37914920634920635,1.2451209341117597,3.525825168838581
PRSC IN Equity     ,Bombay,PRISM CEMENT LIMITED,Bldg Prod-Cement/Aggreg,India,0.02,0.0221,65.3200197,379.54,-186.17180336389671,2955.657,6146.357,6086.367,59.99,4844.56,3190.7,1713.85,3257.18,-283.34,-11.85,334.74,-10.026285,-108.05,-391.39,0.1539,-322.93944799999997,0.7337,1.469,,0.009760253106026871,,,-0.11329432208229205,-0.0030782102923387717,,1.7245715786095634,0.9074282047660861,18.182371392722715,,1.25319489045886,1.8686001387703475,-0.18842923709776235,-0.0020695966197136584,0.5191205131755282,1.0795230975718764,1.8617148525250167,-0.032041748911662116
PG IN Equity     ,Bombay,PROCTER & GAMBLE HYGIENE,Cosmetics&Toiletries,India,0.02,0.0221,298.46690900000004,590.178623,892.7934497437611,13505.29,13506.21,12467.65,1038.56,1265.93,0.92,2303.57,4382.28,-61.17,849.61,980.23,623.868623,94.86,33.69,0.2657,926.47,0.3276,0.513,0.0951,0.0768949986709817,0.46716029660971214,0.05400175414816462,0.21141278056171675,0.14236165261005687,14.577147668030266,5.862765186210968,3.0817953211570237,12.719106740254839,14.67455656124575,5.860823869923497,2.8450144673548934,0.40218877655117924,0.49281447078432444,6.811681441351793e-05,6.812145463000054e-05,0.00039938009263881715,155.60622710622712
PNB IN Equity     ,Bombay,PUNJAB TIOL BANK,Commer Banks Non-US,India,0.02,0.0221,1588.336945,16698.492250000003,16933.713131557517,71870.45,95717.45,30027.35,65690.1,2094.7,23847,43937.8,90097.6,-8260.6,16793.5,27331.6,11646.29225,3208.4,-5052.2,0.3065,13658.9,0.5501,0.997,,0.6862917890102589,0.052595743434683616,-0.4338032990714277,0.15160115252792525,0.12926306860560102,5.2618036591526405,1.6357316479204693,0.7976954991031947,1.0986312546649297,1.7880340607973317,1.4120783715523244,0.33327580312905103,0.3108690011789393,1,0.24913952471571277,0.3318053525475352,0.5427445161114121,
PJT IN Equity     ,Bombay,PUNJAB TRACTORS LIMITED,Auto-Med&Heavy Duty Trks,India,0.02,0.0221,305.934499,1230.2365920000002,1199.1568361301747,13843.19,15087.2,14718.18,369.02,5640.14,1244.01,4765.15,5472.07,-123.39,725.89,896.24,502.89659200000006,-603.95,-727.34,0.3072,622.39,0.45718000000000003,0.827,-0.149,0.024459144175194864,0.6833175340220763,-1.4463013103894726,0.11373940757336803,0.09190244130648915,22.241986535773393,2.905090081109724,2.529790371833694,16.42214139069892,20.27604733499566,2.510700330828269,2.6896914695901186,0.13061288731729326,0.08916384912431254,0.08245466355586192,0.08986440264129872,0.2610641847580874,4.387898204678716
RSCM IN Equity     ,Bombay,RAASI CEMENT LIMITED,Bldg Prod-Cement/Aggreg,India,0.02,0.0221,97.34205780000002,0,,4404.618,4404.618,4404.618,0,0,0,0,0,0,0,0,0,0,0,0,0,,,,0,,,,,,,,,,,,,,0,0,,
RCAL IN Equity     ,Bombay,RAIN CALCINING LTD,Petrochemicals,India,0.02,0.0221,58.664538400000005,660.7121689999999,482.223839602555,2654.504,4673.174,4664.334,8.84,3330.49,2018.67,1320.66,3231.86,-190.84,599.49,796.55,526.412169,56.54,-134.3,0.1219,429.11,0.69112,0.895,,0.0018916479463422504,0,-0.25512328154404806,0.1327749345578088,0.16288210782645285,6.186068840157535,2.0099828873442065,0.821354885422017,5.855670077207959,7.780503427913726,1.3994346171237944,1.443235164889568,0.32492087289688487,0.15805847457881572,0.43196979183741074,0.7604697525413411,1.528531188950979,2.609655232456904
RNSP IN Equity     ,Bombay,RAMA NEWSPRINT & PAPERS,Paper&Related Products,India,0.02,0.0221,56.8613331,226.79,-82.50929382979902,2572.911,6284.171,6282.151,2.02,5413.93,3711.26,1704.69,1870.13,-272.84,-71.94,232.36,-46.257419999999996,-25.89,-298.73,0.35700000000000004,-176.53565,0.56825,1.671,,0.00032144255781709315,,,-0.12094346382337057,-0.024734868698967447,,1.509313130246555,1.3757925919588476,27.036284214150452,,1.1603081638493706,3.3592055097773947,-0.10355879954713174,-0.008544148151158214,0.5905727262991411,1.44243621330081,2.177087916278033,-0.3550663836928088
RMCS IN Equity     ,Bombay,RAMCO SYSTEMS LTD,Enterprise Software/Serv,India,0.02,0.0221,78.53902420000001,-222.76,-298.071928204501,3553.802,4530.6320000000005,4503.332,27.3,3079.58,976.83,2130.05,810.25,-89.46,-243.09,-99.67,-243.09,69.13,-20.33,0,-312.01,0.70093,1.114,,0.006025649401672879,,,-0.3371551990126504,-0.30001851280468994,,1.668412478580315,4.38605615550756,,,1.458257802039345,5.557953717988275,-0.1464801295744231,-0.07893608868741842,0.2156056815031545,0.27486899945466853,0.4585948686650548,-3.5271329077190945
RBXY IN Equity     ,Bombay,RANBAXY LABORATORIES LTD,Medical-Drugs,India,0.02,0.0221,4223.066900000001,271.97695999999996,3729.8283177067915,191089,195574.66,194127.79,1446.87,20923.19,4485.66,17884.4,38277,1288.95,6279.36,7131.61,4935.57696,3374.65,4663.6,0.214,7458.28,0.30504000000000003,0.665,0.1972,0.007398044306966965,0.23308725336136485,0.9448945964769233,0.19485017112103875,0.12894367270162238,25.621054720391296,10.684674912213996,4.992266896569742,27.220752396723885,30.91521906691128,8.742697158612895,5.0716563471536436,0.4170271297890899,0.23589027103419696,0.022935793420272337,0.02347419265368493,0.2508141173313055,16.23664477426695
RCF IN Equity     ,Bombay,RASHTRIYA CHEMICALS & FERT,Agricultural Chemicals,India,0.02,0.0221,559.0172900000001,-1822.5,-1308.5161979860914,25294.9,31504.8,31232.4,272.4,17788.5,6209.9,11851,20351.6,-292.2,-1142.8,-459.2,-605.5697200000001,971.9,679.7,0.47009999999999996,-862.51823,0.8708199999999999,1.249,,0.008646301515959472,,,-0.04457143418699267,-0.02975538630869318,,2.1344105982617503,1.2428949075256983,,,1.744364898759198,1.5346410110261604,-0.07278020673360898,-0.03404276470753577,0.1971096467839821,0.2455000810440049,0.5239979748544427,-2.3567745926995256
RW IN Equity     ,Bombay,RAYMOND LIMITED,Wool,India,0.02,0.0221,247.83558800000003,91.91885000000008,1203.9873588957876,11214.28,16426.81,16226.91,199.9,15128.31,5212.53,10115.68,11135.54,653.33,770.43,1388.4,535.44885,-209.8,443.53,0.305,1496.69,0.49579,0.767,0.2332,0.012169130829418492,0.18274993485624944,0.8283330891456764,0.13440659366317215,0.048084677527986966,7.49272060346498,1.108603672714044,1.0070710535815954,11.687489196197062,21.06214711265138,1.0716717738079007,1.4572180603724652,0.1479574284674881,0.035393831168187326,0.31731845683976373,0.4648118292034798,0.5152921009759106,2.0925930955808454
REIA IN Equity     ,Bombay,REI AGRO LIMITED,0,India,0.02,0.0221,57.173584000000005,0,,2587.04,2587.04,2587.04,0,0,0,0,0,0,0,0,0,0,0,0,0,0.19421,1.027,,0,,,,,,,,,,,,,,0,0,,
RIL IN Equity     ,Bombay,RELIANCE INDUSTRIES LIMITED,Petrochemicals,India,0.02,0.0221,17256.88666,-8738.307540000002,16233.588081966365,780854.6,978679.5,977306.3,1373.2,501808.8,197824.9,305357.1,454338.8,3038.9,54350.1,88881.8,44817.09246,50516.5,53555.4,0.1754,48733.8,0.32487,1.085,0.1152,0.0014031151158269894,0.12777989814051027,1.1949771183349096,0.1072631261076536,0.098642450215566,16.022854774304484,2.5571850138739203,1.7186614922608414,10.995572771928563,17.981683566359585,1.9449811400248818,2.1510518141968067,0.1595960925748902,0.08931109310956684,0.20213450879475864,0.25334409248533596,0.6478477166569895,3.487378727991376
RCFT IN Equity     ,Bombay,RELIANCE CAPITAL LIMITED,Diversified Fin Serv,India,0.02,0.0221,383.326047,2175.07,2021.0577367126773,17345.07,32718.67,32513.17,205.5,29113.8,15373.6,13945.7,5236.8,-883.9,1123,2034.9,1111.77,-179.4,-1063.3,0.01,1515.3,0.51911,1.228,,0.006280817649372668,0.23856662047119384,-0.9564028531081069,0.28935609532538953,0.21229949587534372,11.446624430805782,1.2437575740192317,3.31215054995417,15.977772863531376,28.95206589492431,1.1159430818607536,6.208594943476932,0.10865714879855438,0.038187045318714835,0.46987240007005177,0.8863383082339824,1.1023899840094078,
RAI IN Equity     ,Bombay,RICO AUTO INDUSTRIES LTD,Auto/Trk Prts&Equip-Repl,India,0.02,0.0221,71.7524015,32.14889599999998,257.7675668286756,3246.715,3837.655,3836.895,0.76,1184.36,590.94,594.18,4340.01,98.27,402.24,553.92,231.44889599999996,101.03,199.3,0.42460000000000003,357.69,0.55078,0.684,0.2671,0.00019803760369288014,0.17976460063183203,0.8610972160351114,0.08241686079064334,0.053329115831530334,9.076896195029216,5.464194351879902,0.748089290116843,6.9268035095320615,9.538820107398568,3.2381995072228977,0.8840751519005716,0.601989296172877,0.19542106791853828,0.15398465990298763,0.18201166409740308,0.9945471069372919,7.399558498896248
RLTA IN Equity     ,Bombay,ROLTA INDIA LIMITED,Computer Aided Design,India,0.02,0.0221,141.6054185,-379.3981940000002,-92.79245217279492,6407.485,8809.175,8648.804999999998,160.37,6372,2401.69,4130.68,3911.45,-44.11,1164.93,2058.78,1018.381806,1441.89,1397.78,0.1258,791.08,0.48875,1.342,,0.018204882977123284,0.22580522829549474,1.372550051232946,0.20224724846284628,0.260359152232548,8.099667543105626,1.551193750181568,1.6381354740569354,4.2009369626672095,7.424313048852719,1.3485419533798604,2.21115059632617,0.19151326173898728,0.15982137570621466,0.272635065145147,0.3748256921397397,0.5814272710546448,4.195526903407044
PMBI IN Equity     ,Bombay,SAHARA INDIA MASS COMM LTD,0,India,0.02,0.0221,105.16019800000001,0,,4758.38,4758.38,4758.38,0,0,0,0,0,0,0,0,0,0,0,0,0,0.43390999999999996,0.709,,0,,,,,,,,,,,,,,0,0,,
SCS IN Equity     ,Bombay,SATYAM COMPUTER SERVICES LTD,Applications Software,India,0.02,0.0221,2382.30265,3771.538616,4093.4726517055988,107796.5,107990.63,105321.29,2669.34,19507.33,194.13,21982.54,22219.58,-1175.6,3766.32,5563.26,3093.278616,497.34,-678.26,0.1787,3421.15,0.49793,1.406,0.7175,0.02471825564866137,0.13708840594536925,-0.21926896481024907,0.15397005703978203,0.13921409027533374,31.508849363518113,4.903732689670984,4.851419333758783,18.93157788778522,27.963978100639352,4.869560218012894,4.740021638572826,0.15563033207263582,0.1585700665339644,0.0017976559632997787,0.0018008933499696186,0.008831099590857107,204.5801195002716
SAW IN Equity     ,Bombay,SAW PIPES LIMITED,Steel Pipe&Tube,India,0.02,0.0221,253.09185200000005,-265.5508399999999,715.770178022793,11452.12,15571.39,15540.98,30.41,7091.15,4119.27,3002.29,6397.72,433.96,740.7,942.72,547.2291600000001,378.82,812.78,0.2612,1058.42,0.54118,1.052,0.38770000000000004,0.001952940617375841,0.06382154532227281,1.485264418292329,0.16543706195332086,0.08553502810376197,10.820014738950512,3.8144616276242473,1.7900314487036006,16.48525543109301,20.981476981233968,2.186513909873679,2.4291435073745022,0.3525375629935816,0.07717072125113698,0.26454093051423155,0.3596949735070887,1.37204267409211,1.4450145340330478
SESA IN Equity     ,Bombay,SESA GOA LIMITED,Diversified Minerals,India,0.02,0.0221,270.473723,741.942026,615.5773107256671,12238.63,13931.51,13877.24,54.27,4056.43,1692.88,2417.82,5977.48,-53.74,633.82,883.66,402.03202600000003,-286.17,-339.91,0.3657,415.65,0.69806,0.819,-0.030899999999999997,0.003895485844678718,0.14088776614940457,-0.8454799071156585,0.06953599175572314,0.06725777852874457,29.444556718392878,5.0618449677808925,2.04745645322109,15.704275400040736,21.894607301757592,3.389084584134088,2.321587023294097,0.17191106037670295,0.09910981478787997,0.12151446612750523,0.13832267173695098,0.7001679198616936,3.029297901830522
SSCD IN Equity     ,Bombay,SHASUN CHEMICALS & DRUGS,Medical-Drugs,India,0.02,0.0221,61.8468279,-32.223749,103.77200155077274,2798.499,3445.249,3400.259,44.99,1283.38,646.75,681.62,2261.49,84.59,89.31,233.44,68.95625100000001,16.59,101.18,0.2279,155.69,0.46497999999999995,1.02,,0.013058562675731132,0.21118890102126023,1.4673071481220752,0.06884399223520776,0.03049151267527162,17.974815338172007,4.105658578093365,1.2374580475704071,14.565879883481838,38.07254506774157,2.593591393964031,1.5035481032416682,0.228411725008069,0.053730189811279604,0.1877222807408115,0.2311060321979747,0.9488424635427364,1.266269672479796
SHAW IN Equity     ,Bombay,SHAW WALLACE & CO LIMITED,Diversified Manufact Op,India,0.02,0.0221,52.939445,-180.52346899999995,393.35565180982906,2395.45,5126.97,4965.74,161.23,3707.92,2731.52,1137.63,9836.91,286,198.27,350.33,0,-320.54,-34.54,1,383.2,0.8786400000000001,0.797,,0.0314474241120974,0.004253653444676409,,0.03895532235224273,0,6.2511743215031315,2.105649464237054,0.24351651077421668,14.174464076727654,25.045342210117514,1.3250894899396506,0.5048068956613407,0.33684062480771426,0,0.5327747187910209,1.140295142875034,2.40106185666693,0.458279400887574
SCI IN Equity     ,Bombay,SHIPPING CORP OF INDIA LTD,Transport-Marine,India,0.02,0.0221,1069.3429760000001,934.1270400000001,1115.542540359587,48386.56,59590.36,58000.66,1589.7,32733,11203.8,23118.9,23765.1,1583.4,1430.2,4007.8,1430.2,-436.3,1147.1,0,1888.2,0.78082,1.134,0.0222,0.026677133684038828,0.9620273276136002,0.8020556565515313,0.07945264274082584,0.060180685122301195,25.625759983052642,2.092943868436647,2.0360343528956326,14.471944707819752,40.55423017759754,1.7361792632863966,2.4405813566953225,0.08167343601987984,0.04369290929642869,0.18801363173506586,0.23154776863658008,0.48461648261811757,2.9140179299103504
SRCM IN Equity     ,Bombay,SHREE CEMENTS LIMITED,Bldg Prod-Cement/Aggreg,India,0.02,0.0221,93.27371277900001,-137.8673939999999,-77.07637301196435,4220.52999,7736.72999,7700.60999,36.12,6867.68,3516.2,3387.6,4849.69,318.21,416.46,1024.91,239.922606,59.58,377.79,0.4239,108.3,0.55761,0.896,-0.0223,0.0046686390822332415,0.3216989843028625,1.5746327797056352,0.022331324270211086,0.04947174066796022,38.97072936288089,1.2458761335458732,0.8702679944491298,7.513449951703076,18.49063533112424,1.1206480474521279,1.5878561289484483,0.031969535954658165,0.03493502987908581,0.4544814158623623,0.8331181174713084,1.0379619789821704,1.2294748029403948
BNS IN Equity     ,Bombay,SHREE GLOBAL TRADEFIN LTD,0,India,0.02,0.0221,97.7906215,0,,4424.915,4424.915,4424.915,0,0,0,0,0,0,0,0,0,0,0,0,0,,,,0,,,,,,,,,,,,,,0,0,,
SIEM IN Equity     ,Bombay,SIEMENS INDIA LIMITED,Electric Products-Misc,India,0.02,0.0221,694.092932,910.7135000000001,1848.1601717640995,31406.92,31437.92,29369.67,2068.25,3674.51,31,5711.76,17190.98,-55.75,1635,2003.02,1301.6235000000001,446.66,390.91,0.2039,2236.96,0.41494,0.888,,0.0657883854911521,0.1263321650811816,0.3003249403533356,0.13012405342801867,0.07571549149612182,14.040000715256419,5.498641399498577,1.8269418032014464,14.662694331559345,17.96310091743119,5.474357277685294,1.7084348885287517,0.3916411053685729,0.35423049603892764,0.000986070325263249,0.000987043619686362,0.005427398910318361,865.0793650793652
SKF IN Equity     ,Bombay,SKF BEARINGS INDIA LIMITED,Auto/Trk Prts&Equip-Orig,India,0.02,0.0221,90.12715920000001,655.13504,616.3320998037566,4078.152,4966.252,4499.852000000001,466.4,2387.2,888.1,1965.5,4145.2,-202,386.2,660.2,239.13503999999998,-214,-416,0.38079999999999997,329.8,0.62181,1.099,-0.16870000000000002,0.09391388113208914,0.13705275924802912,-1.7396028620481552,0.07956190292386375,0.057689626556016595,12.365530624620982,2.074867463749682,0.9838251471581589,6.815892153892761,11.651610564474367,1.7403462293243623,1.085557271060504,0.16779445433731877,0.10017386058981233,0.17882701079204197,0.21777020572063033,0.45184431442381073,3.050552922590837
SIB IN Equity     ,Bombay,SOUTH INDIAN BANK LIMITED,Commer Banks Non-US,India,0.02,0.0221,64.67980480000001,615.3252430000001,993.073154444402,2926.688,8115.758,4151.987999999999,3963.77,4435.11,5189.07,3209.81,8377.29,107.98,1193.77,1263.32,723.3052430000001,0,107.98,0.39409999999999995,1034.34,0.46866,0.887,,0.4884041638501296,0.08637391960090493,0.1492869034823241,0.12346952296028904,0.08634119661608945,2.8295222073979547,0.911794779130229,0.3493597571529695,3.286568723680461,3.4780468599478955,0.9662905054007201,0.4956242412522425,0.3222433726606871,0.16308620146963668,0.6393820515594476,1.7730178276604815,1.616628398565647,
SRF IN Equity     ,Bombay,SRF LIMITED,Textile-Products,India,0.02,0.0221,71.65783560000001,969.5904,784.862301799536,3242.436,6342.6759999999995,6119.335999999999,223.34,6436.71,3100.24,3559.81,8066.83,-451.02,841.45,1500.9,464.4804000000001,-54.09,-505.11,0.44799999999999995,514.88,0.84175,1.145,0.5553,0.03521226687284673,0.28274549409571165,-1.0874732281491317,0.06382680681258933,0.05757904901925541,6.2974596022374145,0.91084524174043,0.40194673744209314,4.077111066693317,7.272370313149919,0.9523466040044745,0.758580012222893,0.14463693287001272,0.07216115064994386,0.4887905357297141,0.9561453179029593,0.8709004132243012,1.8851797916433293
SWSL IN Equity     ,Bombay,SSI LIMITED,Educatiol Software,India,0.02,0.0221,66.09159700000001,-807.36,-614.461728183145,2990.57,3607.34,3013,594.34,8085.99,616.77,8063.56,1513.96,-55.32000000000005,-23.33,616.49,-17.282863999999996,839.35,784.03,0.25920000000000004,113.86,0.6994,1.189,-0.42840000000000006,0.16475852012840486,0.7821008255752678,,0.07520674258236677,-0.011415667520938463,26.265325838749344,0.37087465089861055,1.9753295991968085,4.887346104559684,,0.4155763663363029,1.990145050067373,0.014120314104440222,-0.0021373837959235663,0.1709763981216076,0.20623827564644864,0.07648854848230806,-0.48654848800834194
SBMS IN Equity     ,Bombay,STATE BANK OF MYSORE,Commer Banks Non-US,India,0.02,0.0221,169.88049,0,,7686.9,7686.9,7686.9,0,0,0,0,0,0,0,0,0,0,0,0,0,0.47726999999999997,0.799,,0,,,,,,,,,,,,,,0,0,,
SBBJ IN Equity     ,Bombay,STATE BANK OF BIKANER & JAI,Money Center Banks,India,0.02,0.0221,212.26497500000002,7661.083,6037.451487240651,9604.75,18495.92,9703.76,8792.16,9133.52,8891.17,9034.51,17781.88,-1033.74,3201.8,4649.78,2033.1430000000003,-4594.2,-5627.94,0.365,3200.98,0.40271,0.914,,0.475356727321485,0.06252772588394805,-2.7680984564292817,0.18001358686483093,0.11433791027720354,3.000565451830377,1.063117977621365,0.5401425496066782,2.086928843945304,3.030720219876319,1.031811345511021,0.5457105772842915,0.35430587823800075,0.222602348273174,0.4807097997828711,0.9257055102943856,0.984134169977121,
SBIN IN Equity     ,Bombay,STATE BANK OF INDIA,Money Center Banks,India,0.02,0.0221,7263.688770000001,78857.432506,93197.9256166952,328673.7,597823.3,406322.8,191500.5,302821.5,269149.6,225172.4,492025.8,-36290.56,73224.38,116490.97,43107.192506,540.32,-35750.24,0.4113,76913.06,0.35733,0.899,0.17670000000000002,0.3203296024092738,0.06191978319416754,-0.8293335269984005,0.15631916049930714,0.08761165066140841,4.273314571023439,1.4596535809894997,0.6680009462918408,3.4880197151762067,5.549009769696924,1.2093803229473907,0.8258160446057912,0.34157410055584075,0.14235182279329572,0.4502159751886552,0.8188960662200838,1.1953045755163598,
SBTR IN Equity     ,Bombay,STATE BANK OF TRAVANCORE,Money Center Banks,India,0.02,0.0221,195.89440000000002,2601.4070840000004,3250.572897077018,8864,14293.57,6007.04,8286.53,4371.09,5429.57,7228.05,18794.35,-1650.13,2671.64,4554.14,1678.0570840000003,726.78,-923.35,0.37189999999999995,2723.3,0.46009999999999995,0.733,,0.579738301907781,0.05459919950060588,-0.55024945742549,0.14489993003216395,0.08928518858061069,3.2548746006683067,1.2263335201056993,0.47163110190030516,1.319028400532263,2.2484466470033384,1.1292462564052326,0.31961946010370135,0.3767682846687558,0.38389900093569357,0.37986101442816594,0.6125417418772563,0.7511804705280123,
STC IN Equity     ,Bombay,STATE TRADING CORP OF INDIA,Investment Companies,India,0.02,0.0221,92.82000000000001,0,,4200,4200,4200,0,0,0,0,0,0,0,0,0,0,0,0,0,0.65711,0.977,,0,,,,,,,,,,,,,,0,0,,
SAIL IN Equity     ,Bombay,STEEL AUTHORITY OF INDIA,Steel-Producers,India,0.02,0.0221,4103.11915,9831.90256,-10996.10915836141,185661.5,314449.6,310546.1,3903.5,140489,128788.1,15604.4,177268.9,-9086.2,2610.4,14813.6,2601.00256,1855.3,-7230.9,0.0036,-11777.54764,0.55965,1.227,,0.012413754064244319,,-2.780043399880391,-0.026117948495195716,0.014672638911845224,,11.89802235266976,1.0473438939374025,20.963580763622616,118.96494790070486,2.1777419187284655,1.751836334517786,-0.7547581220681346,0.018513923225305894,0.40956674773954244,0.6936715474128993,8.253319576529698,0.18089463289560306
SLT IN Equity     ,Bombay,STERLING BIOTECH LTD,Agricultural Biotech,India,0.02,0.0221,188.7835703,-527.89047,-254.79678099889605,8542.243,9971.163,9958.203000000001,12.96,3230.22,1428.92,1814.26,1590.78,426.12,469.3,609.22,460.89952999999997,562.67,988.79,0.0179,298.34,0.6402899999999999,1.023,,0.0012997480835485289,0.06341757726084335,2.145348249758467,0.18754321779252944,0.28973178566489394,28.632576925655297,4.70838964646743,5.3698456103295245,16.34582416860904,21.219269124227576,3.074501877786617,6.259949835929545,0.16444170074851452,0.14268363455120703,0.14330524934754352,0.16727690841855003,0.7876048636909815,2.5190552871712293
STLT IN Equity     ,Bombay,STERLITE INDUSTRIES (INDIA),Metal Processors&Fabrica,India,0.02,0.0221,1075.659598,5613.048256,3722.1618358277165,48672.38,77034.43,76602.5,431.93,41055.95,28362.05,13125.83,43892.03,-860.39,5107.52,8125.24,3449.1082560000004,-1303.55,-2163.94,0.3247,3037.54,0.71423,,0.0565,0.005606973401373906,0.12947319212257286,-0.6273911513898274,0.06920481918926967,0.07858165265994761,16.02361779597964,3.7081373139831917,1.1089115723287348,9.427721519610499,14.997983365703902,1.8567935985160002,1.745248510948343,0.23141698467830224,0.08400994876503895,0.3681736854546727,0.5827134403536461,2.1607814515348744,2.6708500669344044
SOTL IN Equity     ,Bombay,STERLITE OPTICAL TECH LTD,Telecom Eq Fiber Optics,India,0.02,0.0221,83.7155293,79.63,-635.8562758089012,3788.033,6435.513,6417.433,18.08,6052.5,2647.48,3423.1,1460.85,-136.87,-809.39,-399.32,-809.39,-752.15,-889.02,0,-1137.16,0.6374799999999999,1.342,,0.0028094108426165868,,,-0.7378170243351473,-0.5540541465585105,,1.1066089217376063,2.593033507889243,,,1.0601150137219177,4.392944518602184,-0.3322018053810873,-0.13372821148285832,0.41138600761120364,0.6989062661280934,0.773415909555666,-2.4693840192818137
SUNP IN Equity     ,Bombay,SUN PHARMACEUTICAL INDUS LTD,Medical-Drugs,India,0.02,0.0221,1234.2449990000002,426.81131300000015,1052.445742899981,55848.19,57111.39,57003.29,108.1,6761.6,1263.2,5606.5,8730,785,2608.41,2820.41,2397.911313,1186.1,1971.1,0.08070000000000001,2661.1,0.4156,0.648,0.3379,0.0018927923134071853,0.08752019841418962,0.8220070480980294,0.3048224513172967,0.274674835395189,20.986881364849125,9.961328814768573,6.397272623138603,20.210994146241152,21.853654141795193,8.313520241058562,6.529586483390607,0.4746455007580487,0.35463667075840044,0.022118179928732256,0.022618459076292355,0.22530990814233479,89.9451724137931
SDC IN Equity     ,Bombay,SUNDARAM CLAYTON LIMITED,Auto/Trk Prts&Equip-Repl,India,0.02,0.0221,236.859623,1002.1637199999998,2196.7509493681,10717.63,15462.79,14779.1,683.69,8075.61,4745.16,4014.14,31863.42,1545.61,2523.96,3726.86,1532.04372,-1015.73,529.88,0.39299999999999996,2439.58,0.45681,0.952,0.6781999999999999,0.044215177209287596,0.08266996778133942,0.34586480338824804,0.07656365826392773,0.0480815844626848,4.393227522770313,2.669969159022854,0.33636157072906797,3.9655635038611585,5.85552068970982,1.7652997385635838,0.4638265446709738,0.6077466157134529,0.1897124452518138,0.30687605535611623,0.44274340502517817,1.1821112367779898,4.654262479485147
SF IN Equity     ,Bombay,SUNDRAM FASTENERS LIMITED,Metal Products-Fasteners,India,0.02,0.0221,253.19660600000003,49.32149199999998,423.37312395454165,11456.86,12850.68,12833.64,17.04,3581.86,1393.82,2205.08,5636.89,273.33,772.61,945.32,523.211492,200.56,473.89,0.32280000000000003,713.73,0.5138,0.835,0.1335,0.0013259998692676184,0.14260294509128102,0.9057331638273726,0.1266176916704069,0.09281917724135116,16.052092527986773,5.195666370381121,2.0324789023734717,13.575974273261963,16.610760927246606,3.5707243880074473,2.276723512433274,0.3236753315072469,0.14607256900046348,0.10846274282761689,0.1216581157489923,0.632094980680973,9.639550842170928
SI IN Equity     ,Bombay,SUPREME INDUSTRIES LIMITED,Rubber/Plastic Products,India,0.02,0.0221,55.288012,1316.109676,565.9784734876147,2501.72,4911.71,4844.49,67.22,4218.89,2409.99,1876.12,6933.67,-126.46,464.46,829.25,395.069676,-794.58,-921.04,0.1494,162.82,0.5288,0.975,-0.057999999999999996,0.013685661409163002,0.5934160422552512,-2.331335599647491,0.023482513589484357,0.05697843652784168,15.364942881709863,1.3334541500543675,0.3608074800214028,5.842013867952968,10.430370753132669,1.1459598563732614,0.6986905924279637,0.08678549346523677,0.09364303786066953,0.49066211156603307,0.9633332267400029,1.2845606890817218,1.3508419858651077
SM IN Equity     ,Bombay,SWARAJ MAZDA LIMITED,Auto-Cars/Light Trucks,India,0.02,0.0221,57.939017500000006,344.854194,315.33672254065004,2621.675,2917.905,2862.505,55.4,522.09,296.23,281.26,3705.33,15.14,245.51,266.06,159.434194,-200.56,-185.42,0.3506,225.03,0.39857,0.944,0.17010000000000003,0.01898622470573922,0.11176287606096964,-1.1629876587201866,0.060731432827845294,0.04302833863650471,11.65033551082078,9.321179691388751,0.7075415684972729,10.758870179658723,11.65942324141583,5.052736843928034,0.7725371289466796,0.8000782194410866,0.3053768392422762,0.10152146831373879,0.11299264783010861,1.0532247742302496,7.47822113920195
SNDB IN Equity     ,Bombay,SYNDICATE BANK,Money Center Banks,India,0.02,0.0221,374.45466500000003,5309.17705,4703.400386431143,16943.65,34642.98,18143.18,16499.8,16995.43,17699.33,15795.9,33703.46,118.21,4542.25,4879.65,3442.1170500000003,-1985.27,-1867.06,0.2422,3822.92,0.47409999999999997,0.978,,0.4762811975182273,0,-0.5424161854112427,0.11342811687583412,0.10212948611210838,4.432122565996673,1.072661260200432,0.5027273164238925,3.718131423360283,3.994315592492708,1.0342660731095144,0.5383180243215386,0.24201976462246533,0.20253191887466215,0.510906682970114,1.0445995992598998,1.12050152254699,
SYNG IN Equity     ,Bombay,SYNGENTA INDIA LTD,Agricultural Chemicals,India,0.02,0.0221,135.72352560000002,324.309266,502.8613008489056,6141.336,6149.0560000000005,5938.626,210.43,2394.1,7.72,2596.81,3420.28,-15.2,525.33,615.53,388.849266,79.74,64.54,0.25980000000000003,567.21,0.5721,0.852,,0.03422151302573923,0.09691295992665855,0.16597691096066,0.16583729987018606,0.11368930789292105,10.827270323160734,2.364953924237815,1.795565275357573,9.647987912855587,11.304562846210953,2.360908110100479,1.7362981978083665,0.2184256838197635,0.1624198095317656,0.0012554772635019098,0.0012570554680610211,0.0029728782621755152,26.69359756097561
SSHL IN Equity     ,Bombay,T.SPIRITUAL WORLD LTD,0,India,0.02,0.0221,62.82552640000001,0,,2842.784,2842.784,2842.784,0,0,0,0,0,0,0,0,0,0,0,0,0,0.57327,0.092,,0,,,,,,,,,,,,,,0,0,,
TNNP IN Equity     ,Bombay,TAMILDU NEWSPRINT & PAPER,Paper&Related Products,India,0.02,0.0221,121.81184080000001,167.39124600000014,396.22930795151575,5511.848,8704.318,8578.447999999999,125.87,7180.41,3192.47,4113.81,5438.6,923.99,826.38,1366.22,645.981246,-445.4,478.59,0.2183,665.7,0.54591,0.814,,0.014460638961030607,0.2583445996695208,0.7408729014402375,0.12240282425624241,0.11877712021476115,8.279777677632566,1.3398401968005327,1.0134681719560181,6.278965320372999,10.380754616520242,1.1913474435690938,1.5773265178538591,0.16182079386262369,0.08996439562643359,0.3667685394766138,0.5792013858147032,0.7760372987571131,2.886009638890829
TTCH IN Equity     ,Bombay,TATA CHEMICALS LIMITED,Chemicals-Specialty,India,0.02,0.0221,503.805744,4262.75832,4098.251228324878,22796.64,30959.24,30748.24,211,24310.2,8162.6,16358.6,15207.3,-1150.4,2791.6,4160.9,2094.25832,-1018.1,-2168.5,0.2498,2651.6,0.52195,0.958,-0.0739,0.006815412781450708,0.3387388746417258,-1.0354501062696029,0.17436362799445004,0.13771401366449007,8.597314828782622,1.3935569058476887,1.499059004557022,7.3898050902448995,11.014557959593064,1.262549956772099,2.0219394632840806,0.1620921105718093,0.08614730935985718,0.26365634298516377,0.358061538893451,0.4989791302434194,2.8413231552162848
TELX IN Equity     ,Bombay,TATA ELXSI LIMITED,Computers-Integrated Sys,India,0.02,0.0221,69.36599930000001,63.594960000000015,103.33787938694385,3138.733,3161.6330000000003,3130.1330000000003,31.5,438.93,22.9,447.53,1096.04,23.49,145.96,180.11,113.26496000000002,26.18,49.67,0.22399999999999998,150.59,0.52169,1.312,0.414,0.0099632057231184,0.7066206255395444,0.4385292680101595,0.13739462063428343,0.1033401700667859,20.84290457533701,7.0134583156436445,2.8637029670449987,17.379007273332963,21.445142504795836,6.720729970452566,2.855856538082552,0.33649140839720243,0.2580478891850637,0.007243092414584487,0.00729593756461604,0.05116975398297321,12.042904290429044
TTF IN Equity     ,Bombay,TATA FINCE LIMITED,Diversified Fin Serv,India,0.02,0.0221,91.90386660000001,756.7254439999997,,4158.546,24623.616,24055.216,568.4,17862.23,20465.07,-2034.44,4517.53,-1230.62,2561.64,3841.72,1670.445444,2144.34,913.72,0.3479,-347.85622400000005,0.59336,1.085,,0.02308353086727798,,0.5469918238167857,-0.15305709093243433,0.3697696404893825,,,0.9205353367880237,6.261574503087159,9.390552927031122,,5.324860266561595,,0.09351830336973603,0.8311155437121825,4.921208037616994,,0.827649042997273
THW IN Equity     ,Bombay,TATA HONEYWELL LIMITED,Instruments-Controls,India,0.02,0.0221,75.7849885,125.308334,130.4629984010886,3429.185,3997.965,3909.485,88.48,1381.27,568.78,900.97,2600.97,47.24,209.14,275.85,209.14,37.24,84.48,0,182.25,0.50096,1.085,0.2563,0.022131259278157765,0.2903703703703704,0.4039399445347615,0.0700700123415495,0.08040846299649747,18.815829903978052,3.8061034218675425,1.3184254335882384,14.172503172013778,18.693148130438942,2.720166695016159,1.5030873097344455,0.20228198497175265,0.15141138227862763,0.14226737852882654,0.16586448383508035,0.631297379490993,4.4365719134493
TUL IN Equity     ,Bombay,TATA INFOTECH LIMITED,Computers,India,0.02,0.0221,193.48136730000002,168.22277799999998,193.33907386636756,8754.813,8857.503,8728.933,128.57,2118.19,102.69,2144.07,4576.82,21.64,135.82,276.99,135.82,0,21.64,0,213.99,0.5558299999999999,1.224,-0.027200000000000002,0.014515377527955677,0.3426795644656292,0.159328523045207,0.046755170620649274,0.02967562630822274,40.91225290901444,4.08326827015909,1.9128593652361248,31.51353117441063,64.26839198939774,3.9423449767665435,1.9072047841077433,0.09980551008129399,0.0641207823660767,0.011593560848920964,0.011729548078297045,0.047894891491415854,14.464323748668795
ICIL IN Equity     ,Bombay,TATA INVESTMENT CORP LTD,Fince-Invest Bnkr/Brkr,India,0.02,0.0221,96.72084890000001,484.211142,519.4832383884459,4376.509,4429.119,4421.8189999999995,7.3,3526.68,52.61,3481.37,539.85,-0.86,493.89,495.28,458.231142,-25.12,-25.98,0.0722,493.89,0.43737000000000004,0.801,,0.001648183306883378,0.23736054587053798,-0.05669627753060922,0.9148652403445401,0.8488119699916643,8.861303124177448,1.25712262701178,8.106898212466426,8.927917541592635,8.953044200125534,1.2532948686749783,8.190828933963136,0.14186656402508208,0.12993272482901766,0.011878208736319796,0.01202099664367193,0.015111866879992646,
TISCO IN Equity     ,Bombay,TATA IRON & STEEL CO LTD,Steel-Producers,India,0.02,0.0221,3484.82303,18054.74625,14361.091122005575,157684.3,200844.2,196741.2,4103,72000.9,43159.9,32944,91368.2,-998.7,17347.5,23044.4,14424.44625,-2631.6,-3630.3,0.1685,12789.6,0.43361,1.068,0.23809999999999998,0.020428770161149787,0.11471038969162443,-0.2516769057945638,0.13997867967192087,0.15787162546706623,12.329103333958841,4.786434555609519,1.725811606226236,8.537484161010918,11.341184608733245,2.639078943391863,2.153278711849418,0.3882224380767363,0.20033702703716205,0.21489243901491806,0.27371082599853,1.3100989558037883,4.906383460135193
TELCO IN Equity     ,Bombay,TATA MOTORS LTD,Auto-Cars/Light Trucks,India,0.02,0.0221,3388.5731100000003,9410.1384,5302.872002776565,153329.1,184288.2,181972.4,2315.8,50843.4,30959.1,22200.1,94760.7,-1688.4,6944,10921.4,3826.8383999999996,-3894.9,-5583.3,0.4489,2971.2,0.44153,1.199,,0.012566187091740002,0.00013462574044157246,-1.4589850462460083,0.031354770490298195,0.04038423523675954,51.60510904684976,6.90668510502205,1.6180663502907853,16.66200303990331,26.205702764976962,3.4667225992866713,1.9203361731181812,0.13383723496741007,0.07526716151948926,0.16799285032899555,0.201912748460664,1.394547772307332,1.9634122204314757
TPWR IN Equity     ,Bombay,TATA POWER COMPANY LIMITED,Electric-Integrated,India,0.02,0.0221,1679.004184,-2860.16281,3731.6022427477333,75973.04,103479.93,102673.63,806.3,65697.39,27506.89,38996.8,41201.38,4798.4,3250.7,7122.3,2378.53719,440.3,5238.7,0.2683,6803.5,0.45247,1.073,0.0761,0.007791849105425564,0.14561622694201515,2.2024881603806246,0.16512796416042377,0.0577295515344389,11.166758286176233,1.9481865178681324,1.8439440620678238,14.415796863372787,31.585083212846463,1.556002832324041,2.4919949283252163,0.174463032864235,0.036204439628423596,0.2658185988336096,0.3620611996044913,0.7053627477126327,0.9869148096423582
TT IN Equity     ,Bombay,TATA TEA LIMITED,Tea,India,0.02,0.0221,424.05126400000006,1682.1706769999998,1793.8661751358536,19187.84,36885.41,36301.47,583.94,28946.05,17697.57,11832.42,32847.62,-828.43,2768.69,3979.27,1670.350677,816.61,-11.819999999999936,0.3967,1789.13,0.49137000000000003,0.888,-0.0674,0.015831191791008965,0.23026275340528637,-0.007076358373577584,0.05446756873100699,0.05085149782541322,10.724676239289487,1.621632768275636,0.5841470401812977,9.122645610878378,13.111424536513658,1.2490830508239252,1.1051476484445448,0.1512057550357408,0.057705651617405485,0.4797986520957744,0.9223325814682632,1.495684737357193,1.5178306132853832
TTEL IN Equity     ,Bombay,TATA TELECOM LIMITED,Telecommunication Equip,India,0.02,0.0221,96.8588413,145.492257,258.8192098685741,4382.753,4638.063,4419.803,218.26,1114.05,255.31,1077,3190.2,46.83,316.49,367.64,196.002257,3.68,50.51,0.3807,299.65,0.56882,1.144,,0.04705843797292102,0.09370932754880694,0.25770111412543584,0.09392828035859821,0.06143886182684471,14.626240614049724,4.069408542246982,1.373817628988778,12.022094984223697,13.965063667098486,3.4812190856482355,1.3854313209203186,0.27822655524605383,0.1759366787846147,0.05504668651546993,0.05825333985282767,0.23705663881151345,9.3997623997624
HTIL IN Equity     ,Bombay,TATA TELESERVICES MAHARASHTR,Telecom Services,India,0.02,0.0221,571.4622420000001,51.7,-1763.980279474985,25858.02,32913.52,32113.12,800.4,12507.41,7055.5,6252.31,3595.9,-1646.5,-1528.3,644.7,-1528.3,66.5,-1580,0,-2506.3,0.74454,0.999,,0.024318274070959284,,,-0.5700937178453238,-0.42501181901610163,,4.135754625090566,7.1909730526432885,49.810950829843335,,2.473248415779907,8.930481937762453,-0.400859842202322,-0.12219156484036262,0.21436479598657326,0.2728553849057275,1.1284629201047292,-1.5626789366053169
TLEI IN Equity     ,Bombay,TELEVISION EIGHTEEEN INDIA,Television,India,0.02,0.0221,58.457903400000006,-55.633960000000016,-37.6109866463182,2645.154,2821.824,2786.944,34.88,358.27,176.67,216.48,363.86,-9.96,26.06,55.73,26.06,92.54,82.58,0,7.86,0.60226,0.933,,0.012360799256084009,0.0050890585241730275,3.168841135840369,0.021601714945308634,0.07162095311383498,200,12.218930155210643,7.269702632880778,50.00796698367127,106.94336147352264,7.177474246470814,7.659385477931072,0.03630820399113082,0.07273843749127752,0.06260844049806082,0.06679006212870782,0.8161031042128603,0.9687732342007435
TMX IN Equity     ,Bombay,THERMAX LIMITED,Machinery-Therml Process,India,0.02,0.0221,202.5839374,713.0785020000001,1114.2601122512485,9166.694,9245.144,8930.794,314.35,3638.39,78.45,3874.29,7040.78,-54.39,509.31,654.2,379.028502,-279.66,-334.05,0.25579999999999997,786.84,0.35591,0.895,0.037000000000000005,0.034001633722525036,0.15482181892125463,-0.8813321379192744,0.11175466354580033,0.05383331136607024,11.650010167251283,2.366031969728647,1.30194296654632,13.651473555487618,17.53508472246765,2.3389203438627386,1.2684381559997615,0.20309269569392072,0.10417478665013921,0.008485535758015235,0.008558156299315762,0.0202488714061157,70.63938973647711
TC IN Equity     ,Bombay,THOMAS COOK (INDIA) LIMITED,Travel Services,India,0.02,0.0221,166.9148468,209.301404,319.5854905136687,7552.708,7795.338,7137.447999999999,657.89,657.16,242.63,1072.42,1023.39,-0.5400000000000063,307.86,362.88,197.461404,-11.3,-11.84,0.3586,309.93,0.5240100000000001,0.648,0.0654,0.08439531422498935,0.13173942503145872,-0.05996108485078941,0.3028464221850907,0.1929483422742063,24.36907688832962,7.042677309263161,7.380087747584009,19.668893298059963,23.18407068147859,5.927788297022926,6.974318685935957,0.2890005781317021,0.3004769066893906,0.03112501343751868,0.032124901426084526,0.22624531433580125,11.23986856516977
TMKN IN Equity     ,Bombay,TIMKEN INDIA LIMITED,Auto/Trk Prts&Equip-Orig,India,0.02,0.0221,70.0044462,64,93.38196869851728,3167.622,3320.022,3250.622,69.4,804.68,152.4,721.68,1321.54,-92.29,-37.85,84.62,-32.827305,-9.56,-101.85,0.13269999999999998,9.29,0.49957999999999997,0.905,,0.02090347594082208,2.776103336921421,,0.0070296774974650785,-0.024840190232607414,200,4.389233455271034,2.3969172329252237,38.41434649019144,,3.7983045030203186,2.4597227477034367,0.012872741381221594,-0.04079547770542328,0.045903310279269235,0.04811180121870602,0.2111739275024942,-2.1603881278538815
TTAN IN Equity     ,Bombay,TITAN INDUSTRIES LIMITED,Retail-Jewelry,India,0.02,0.0221,112.67726990000001,507.685362,228.7582314562823,5098.519,9772.899000000001,9570.139000000001,202.76,5272.14,4674.38,800.52,7515.32,-77.07,480.34,692.99,355.115362,-75.5,-152.57,0.2607,206.45,0.62678,1.165,-0.0584,0.020747170312514225,0.5298135141680794,-0.4296350322349614,0.027470553482752565,0.04725219445080183,24.6961443448777,6.369008894218759,0.67841675404374,13.809923664122138,19.923676978806682,1.7850369869769314,1.2734173661267918,0.25789486833558184,0.06735696737947021,0.47830024642636737,0.9168113328596009,5.839179533303353,0.9443614344133375
TRP IN Equity     ,Bombay,TORRENT PHARMACEUTICALS LTD,Medical-Drugs,India,0.02,0.0221,168.4645872,331.509961,542.825829727063,7622.832,7690.202,7628.602,61.6,2512.62,67.37,2506.85,3739.29,76.67,559.41,711.9,403.949961,-4.23,72.44,0.2779,613.37,0.42314,0.98,0.023399999999999997,0.008010192710152478,0.27459771426708185,0.17932914220531387,0.16403381390584845,0.10802851905040796,12.427787469227384,3.040801005245627,2.03857737698868,10.71583368450625,13.63687098907778,2.987391132071074,2.040120450673791,0.24467758342142532,0.16076842538863814,0.008760498098749552,0.008837922703793025,0.026874364241976985,40.41979768786127
TWI IN Equity     ,Bombay,TRANSWORLD INFOTECH LTD,0,India,0.02,0.0221,74.41297630000001,0,,3367.103,3367.103,3367.103,0,0,0,0,0,0,0,0,0,0,0,0,0,0.3751,0.925,,0,,,,,,,,,,,,,,0,0,,
LAKME IN Equity     ,Bombay,TRENT LIMITED,Cosmetics&Toiletries,India,0.02,0.0221,72.0407623,-110.37,43.82582784013589,3259.763,3314.183,3292.253,21.93,2050.33,54.42,2017.84,993.73,84.97,-5.05,23.48,-5.05,20.35,105.32,0,146.38,0.57991,0.752,0.863,0.006617015415262223,0.44377647219565514,,0.14730359353144212,-0.005081863282783049,22.26918294849023,1.6154714942711017,3.280330673321727,140.21520442930154,,1.599308484456584,3.3130256709569,0.07254291717876542,-0.0024630181482980787,0.016420336475083,0.016694465211121178,0.026969432660666853,-20.2
TI IN Equity     ,Bombay,TUBE INVESTMENTS OF INDIA,Steel Pipe&Tube,India,0.02,0.0221,75.2194053,555.4928259999999,722.934717845384,3403.593,6203.833,5848.192999999999,355.64,6274.59,2800.24,3829.99,10899.05,-35.84,502.39,821.89,368.452826,-151.2,-187.04,0.2666,614.89,0.49906,0.82,0.24559999999999998,0.05732585000273218,0.24155540015287288,-0.5076362204370769,0.05641684366986114,0.033805957950463573,5.5352876124184816,0.8886688999187987,0.31228345589753237,7.115542225845307,11.64074324727801,0.9356889579999488,0.5365782338827696,0.16054611108645192,0.058721418610618394,0.4513725627366178,0.8227305673739487,0.7311350682377761,2.9098754706052707
TVTN IN Equity     ,Bombay,TV TODAY NETWORK LTD,Cable TV,India,0.02,0.0221,90.48624000000001,103.88341,293.48422207944236,4094.4,4453.3,4167.76,285.54,850.63,358.9,777.27,1084.93,94.84,462.3,539.15,289.72341,91,185.84,0.37329999999999997,420.62,,,,0.064118743403768,0,0.6414393645304672,0.3876932152304757,0.2670434129390836,9.734201892444487,5.267667605851249,3.773884029384384,7.730242047667626,9.01527146874324,3.9195718950509164,3.841501295014425,0.5411504367851583,0.34059862690006226,0.08059192059820806,0.08765631105900741,0.46174431021395396,10.05437146585472
TVSL IN Equity     ,Bombay,TVS MOTOR CO LTD,Motorcycle/Motor Scooter,India,0.02,0.0221,533.995007,1202.3016499999999,2104.7484276835494,24162.67,25650.07,25062.87,587.2,5349.9,1487.4,4449.7,27207.4,1218.2,2101.5,3046.1,1389.30165,-1031.2,187,0.3389,2244.9,0.42347999999999997,0.959,0.1536,0.022892725049093437,0.05144995322731524,0.13459999849564722,0.08251064048751443,0.05106337430257945,10.763361396944184,5.430179562667146,0.8880918426604526,8.227855290371295,11.926181299072091,4.320302841454582,0.9211784293978843,0.5045059217475336,0.25968740537206303,0.057988145841317396,0.06155776658788123,0.33426972604894717,14.247457627118644
UCO IN Equity     ,Bombay,UCO BANK LTD,Commer Banks Non-US,India,0.02,0.0221,396.598423,2798.7073,2533.0989827726276,17945.63,42428.33,21090.23,21338.1,12241.6,24482.7,9097,34018.2,-364.3,2679,3043.3,2434.4073,0,-364.3,0.0913,2434.4073,,,,0.5029210435574532,,-0.1496462814583246,0,0.0715619080374623,,1.9726975926129495,0.5275302632120454,6.930052903098611,7.872426278462114,1.2635112880698758,0.6199690165852398,0.26760550731010224,0.19886349006665796,0.5770366168076848,1.364270855913111,2.6912938331318017,
UL IN Equity     ,Bombay,UNICHEM LABORATORIES LTD,Medical-Drugs,India,0.02,0.0221,72.2287449,-357.900626,-26.743019473583956,3268.269,3876.2789999999995,3867.6389999999997,8.64,1723.45,608.01,1124.08,3452.11,304.65,227.74,309.37,134.389374,187.64,492.29,0.40990000000000004,292.74,0.38195999999999997,0.791,0.0712,0.002228941724782969,0,3.6631616425268856,0.08480031053471644,0.03892963260151038,11.16440869030539,2.9075056935449433,0.9467453238743839,12.501661440992985,16.982695178712564,2.2379200849840366,1.1203695710739228,0.2604263041776386,0.07797694972293946,0.15685403450061258,0.18603425850197766,0.5408956657889118,4.383830606352261
UNBK IN Equity     ,Bombay,UNION BANK OF INDIA,Commer Banks Non-US,India,0.02,0.0221,552.663761,7653.816442,8194.186973005351,25007.41,38437.22,15964.8,22472.42,16625.7,13429.81,25668.31,51310.77,110.4,8293.26,8811.76,5529.1164420000005,-2235.1,-2124.7,0.3333,6799.3,0.38043999999999994,,,0.5846525841358974,0.06618328357330902,-0.3842747792143531,0.13251214121323848,0.1077574248447256,3.6779389054755636,0.9742522978723569,0.48737155961604167,1.8117606471351924,1.925033099167276,0.9830963739432995,0.3111393572928257,0.2648908323142427,0.3325644298886663,0.34939597608776074,0.5370332233525983,0.5232058518850675,
294928Q IN Equity   ,Bombay,UNIPHOS ENTERPRISES LTD/OLD,Agricultural Chemicals,India,0.02,0.0221,0,859.0709239999999,335.74381500584104,0,6101.72,5986.82,114.9,9660.76,6101.72,3673.94,9432.44,-37.58,1256.76,1430.67,1256.76,793.32,755.74,0,619.77,,,0.0906,0.01883075591800345,0.07788373106152283,0.6013399535313028,0.06570622235603936,0.13323805929324756,0,0,0,4.184626783255398,4.763693943155416,0.6241747360280534,0.6347053360530256,0.16869355514787937,0.13008914412530692,,,1.6608110094340136,1.190451832907076
USHA IN Equity     ,Bombay,USHA (INDIA) LIMITED,Diversified Operations,India,0.02,0.0221,85.3382881,0,,3861.461,3861.461,3861.461,0,0,0,0,0,0,0,0,0,0,0,0,0,,,,0,,,,,,,,,,,,,,0,0,,
UTIB IN Equity     ,Bombay,UTI BANK LIMITED,Commer Banks Non-US,India,0.02,0.0221,814.779264,4960.1887799999995,3686.149913514691,36867.84,69015.04,53014.74,16000.3,25336.2,32147.2,9189.3,18768.1,-468.9,3028.2,4463.1,1931.6887799999997,-2559.6,-3028.5,0.36210000000000003,3012.9,0.64472,1.003,,0.23183787186097407,0.09532344253045238,-1.5677991358421621,0.16053303211300027,0.10292404558799238,12.236662351886885,4.0120400901047955,1.9643885102913987,11.878456678093698,17.507014067763027,1.6695907974792252,2.8247259978367545,0.327870458032712,0.076242245482748,0.4657999183945993,0.8719577821754679,3.498329578966842,
VI IN Equity     ,Bombay,VESUVIUS INDIA LIMITED,Ceramic Products,India,0.02,0.0221,55.1259748,94.56723599999998,150.01,2494.388,2494.388,2406.578,87.81,676.28,0,764.09,1063.14,-18.95,228.12,271.6,168.87723599999998,93.26,74.31,0.2597,224.32,0.50552,1.022,0.26489999999999997,0.03520302374770886,0.22619472182596292,0.4400237815356003,0.21099761085087568,0.1588475986229471,11.119775320970042,3.2645211951471684,2.3462460259232083,8.860743740795286,10.549614238120288,3.2645211951471684,2.263651071354666,0.2935779816513761,0.2497149642160052,0,0,0,54.705035971223026
VCIN IN Equity     ,Bombay,VIDEOCON INTERTIOL LTD,Audio/Video Products,India,0.02,0.0221,105.7590196,-3433.4826100000005,-816.0621753501614,4785.476,27563.325999999997,27217.325999999997,346,39528.5,22777.85,17096.65,63823.04,5906.35,5373.55,7380.9,3771.15739,1298.29,7204.64,0.2982,2273.01,0.69172,1.267,0.055999999999999994,0.012552911793010758,0.043585377978979406,1.910458582053506,0.03561425466414637,0.05908771174171584,2.1053475347666746,0.27990723328839273,0.0749803832597131,3.6875348534731534,5.0650549450549445,0.6912519530025454,0.42644985259241797,0.13295060728271327,0.09540350354807291,0.8263824909954626,4.759787741073198,1.3322990176438072,1.6851640459868162
VSNL IN Equity     ,Bombay,VIDESH SANCHAR NIGAM LTD,Telecom Services,India,0.02,0.0221,1042.40175,8666.083306999999,14830.60223001789,47167.5,50707.5,50435.65,271.85,58772.34,3540,55504.19,45385.45,1318.58,10023.53,11522.77,6233.633306999999,-3751.03,-2432.45,0.37810000000000005,12543.99,0.48672,0.914,-0.042199999999999994,0.0053611398708277875,0.2851221979609359,-0.39021384162403383,0.2763879172730468,0.13734871653800942,3.7601672195210614,0.8498007087392861,1.0392647864018094,4.377042152190836,5.031725350250859,0.8588059214632294,1.1112735469186712,0.22600077579728664,0.10606406528989655,0.0698121579647981,0.07505167753219907,0.06377896875893513,
VJYBK IN Equity     ,Bombay,VIJAYA BANK/INDIA,Commer Banks Non-US,India,0.02,0.0221,523.696407,236.8923639999996,968.5851764030205,23696.67,29615.23,18751.46,10863.77,3239.73,5918.56,8184.94,20345.92,29.95,2363.74,2562.34,1982.2323639999997,1715.39,1745.34,0.16140000000000002,1981.49,0.57653,0.884,,0.36683051254371485,0.20252436297937412,0.8804921318497857,0.09739004183639767,0.09742652895519101,11.959015690212919,2.8951550041906233,1.1646890383919724,7.318099861845033,7.932962170120233,2.099849682702875,0.9216324452273478,0.2420897404257087,0.6118510999373404,0.19984852388450133,0.24976336337552918,0.7231036513401443,
VSI IN Equity     ,Bombay,VISUALSOFT TECHNOLOGIES LTD,Decision Support Softwar,India,0.02,0.0221,93.95262500000001,120.59446199999996,183.05,4251.25,4251.25,4051.94,199.31,1744.35,0,1943.66,1229.71,127.83,314.94,417.83,288.894462,40.47,168.3,0.0827,351.35,0.55582,1.35,0.6103000000000001,0.04688268156424581,0.111484274939519,0.5825656844886145,0.28571777085654343,0.23492893609062296,12.099758075992598,2.187239537779241,3.4571159053760643,9.697580355647034,12.865752206769544,2.187239537779241,3.2950370412536287,0.1807672123725343,0.16561725685785533,0,0,0,
VOLT IN Equity     ,Bombay,VOLTAS LIMITED,Diversified Operations,India,0.02,0.0221,89.94439220000001,62.46904000000001,275.8095103731754,4069.882,5295.302,4314.081999999999,981.22,2108.48,1225.42,1864.28,12555.42,-28.85,195.76,372.34,167.17904,133.56,104.71,0.146,338.99,0.61143,0.87,,0.1853001018638786,0.17307295200448392,0.6263344974346066,0.026999495038795996,0.013315288536743493,12.005905778931531,2.1830851588817133,0.32415339351451405,11.586404898748453,22.03760727421332,1.7138563614590414,0.34360316102527827,0.18183427382152897,0.0792888905752011,0.23141645179066278,0.30109472461363745,0.6573154247216084,2.005943231888513
VST IN Equity     ,Bombay,VST INDUSTRIES LIMITED,Tobacco,India,0.02,0.0221,63.134285500000004,433.0151199999999,743.5144733870361,2856.755,2976.655,2902.2250000000004,74.43,1253.87,119.9,1208.4,3313.11,108.7,625.68,706.83,349.7551199999999,-191.96,-83.26,0.441,667.77,0.3019,0.607,0.4183,0.025004577285577267,0.10406277610554532,-0.2380522692562729,0.20155382706882655,0.10556701105607719,4.278052323404766,2.36408060244952,0.8622578181829158,4.105973147715859,4.638513297532286,2.240950839418806,0.8759820832993774,0.5526067527308838,0.2789404962236914,0.04028011307995048,0.04197069752218864,0.09922211188348229,24.157528957528957
WLSP IN Equity     ,Bombay,WELSPUN INDIA LTD,Textile-Products,India,0.02,0.0221,104.25202060000001,0,,4717.286,4717.286,4717.286,0,0,0,0,0,0,0,0,0,0,0,0,0,0.7515999999999999,0.586,,0,,,,,,,,,,,,,,0,0,,
WGS IN Equity     ,Bombay,WELSPUN-GUJARAT STAHL LTD,Steel Pipe&Tube,India,0.02,0.0221,131.20646240000002,648.994752,57.99235012987933,5936.944,9032.804,9022.604,10.2,4509.38,3095.86,1423.72,3817,-16.35,333.08,503.1,333.08,-134.89,-151.24,0,10.35,0.5441400000000001,0.756,,0.0011292174611560264,0,-0.45406508946799573,0.0027115535761068903,0.0872622478386167,200,4.170022195375496,1.555395336651821,17.934017094017094,27.08839918337937,1.9985936746334836,2.3637946030914327,0.007269687859972466,0.07386381276361717,0.342735212675931,0.5214568303153946,2.174486556345349,0.9121730795563467
KELV IN Equity     ,Bombay,WHIRLPOOL OF INDIA LTD,Appliances,India,0.02,0.0221,71.35840270000001,-236.18437699999998,-98.70295021931153,3228.887,7343.657000000001,7083.527000000001,260.13,6162.24,4114.77,2307.6,10969.81,39.95,272.03,683.9,272.03,472.1,512.05,0,85.28,0.6275,0.925,,0.035422406030129125,0,1.8823291548726244,0.0077740635434889035,0.02479805940121114,37.86218339587242,1.399240336280118,0.2943430196147427,10.357547887118,26.039506672058234,1.1434496922475659,0.645729233231934,0.036956144912463164,0.04414466168146647,0.5603162021319895,1.2743617227855915,1.7831383255330215,0.7747273089738842
WPRO IN Equity     ,Bombay,WIPRO LTD,Applications Software,India,0.02,0.0221,8859.29772,5106.516299999999,7485.217052821225,400873.2,401400.01,398657.96,2742.05,32559.1,526.81,34774.34,42918.5,954.56,9225.25,10793.74,7981.686299999999,1920.61,2875.17,0.1348,10317.48,0.42276,1.263,0.5096,0.0068312155747081325,0.02253166470882425,0.3602208721232254,0.24039703158311682,0.1859730955182497,38.853789878923926,11.52784495694239,9.34033575264746,36.93418222043518,43.21378390829517,11.370734664451444,9.28872071484325,0.2966980825516746,0.2451445617354288,0.0013124314570894006,0.001314156197021901,0.015149388888473512,304.9669421487603
WPL IN Equity     ,Bombay,WOCKHARDT LIMITED,Medical-Drugs,India,0.02,0.0221,545.4540780000001,24.831928999999946,214.63059323380128,24681.18,25179.79,25108.01,71.78,3894.11,498.61,3467.28,7673.42,611.63,1219.83,1401.55,1105.531929,469.07,1080.7,0.09369999999999999,1159.46,0.38406999999999997,0.554,,0.0028506989136922903,0.22261225053041933,0.9775384786738258,0.15110081293608327,0.14407290738679754,21.286788677487795,7.118311760227036,3.2164510739670185,17.914458991830475,20.58320421698106,6.349089359513249,3.272075554316068,0.3344004522276828,0.2838984848912845,0.019801991994373266,0.020202032479808504,0.14380436538150942,13.69518356348939
CY IN Equity     ,Bombay,WYETH LTD,Medical-Drugs,India,0.02,0.0221,183.72326700000002,242.47371199999998,451.3365449674465,8313.27,8338.29,8211.83,126.46,2120.61,25.02,2222.05,2998.75,56.16,408.36,487.97,261.023712,-37.61,18.55,0.3608,469.68,0.34155,0.74,0.0123,0.01516617915663763,0.23624595469255663,0.07106634051698725,0.15662526052521886,0.08704417240516882,17.699859478794075,3.7412614477622013,2.772245102125886,16.828555034120953,20.109290821823883,3.7107388732883266,2.738417674030847,0.21137238135955536,0.12308897534200064,0.0030006152340587814,0.003009646023766821,0.01125987264012961,118.02312138728324
Z IN Equity     ,Bombay,ZEE TELEFILMS LIMITED,Television,India,0.02,0.0221,1421.6963150000001,1704.1311680000003,2742.919935126386,64330.15,71258.96,70108.71,1150.25,45915.11,6928.81,40136.55,12079.25,-123.69,3459.98,3758.4,2565.9211680000003,985.48,861.79,0.2584,3477.84,0.49722,1.309,0.2064,0.016141829743235095,0.07238113311710716,0.3358598895194117,0.28791853798869965,0.21242388128402015,18.49715628090999,1.6027822520869381,5.325674193348097,18.653871328224778,20.26275007369985,1.5140425994829319,5.80406151044146,0.08665019788696338,0.055884025280566685,0.09723422850964987,0.10770703938977291,0.1726309311587568,4.508998501335766
ICIM IN Equity     ,Bombay,ZENSAR TECHNOLOGIES LTD,Applications Software,India,0.02,0.0221,60.2931316,8.823399999999992,53.30586821857649,2728.196,2734.006,2345.566,388.44,731.9,5.81,1114.53,2284.32,43.97,124.58,198.74,90.9434,38.15,82.12,0.27,135,0.68402,1.283,0.4255,0.14207723026211355,0.3287407407407408,0.9029792156440161,0.05909855011557049,0.03981202283392869,20.20885925925926,2.4478443828340195,1.1943142817118442,11.80218375767334,18.827789372290898,2.4403359694378493,1.0268114800028016,0.12112729132459422,0.12425659243065995,0.002125086777424775,0.0021296123885527285,0.005212959722932536,35.19209039548023
,,,,,,,,,,,,,,,,,,,,,,,,,,,,,,,,,,,,,,,,,,,,,,
,,,,,,,,,,,,,,,,,,,,,,,,,,,,,,,,,,0,,,,,,,,,,,,
,,,,,,,,,,,,,,,,,,,,,,,,,,,,,,,,,,0.01,,,,,,,,,,,,
,,,,,,,,,,,,,,,,,,,,,,,,,,,,,,,,,,4,,,,,,,,,,,,
,,,,,,,,,,,,,,,,,,,,,,,,,,,,,,,,,,8,,,,,,,,,,,,
,,,,,,,,,,,,,,,,,,,,,,,,,,,,,,,,,,12,,,,,,,,,,,,
,,,,,,,,,,,,,,,,,,,,,,,,,,,,,,,,,,16,,,,,,,,,,,,
,,,,,,,,,,,,,,,,,,,,,,,,,,,,,,,,,,20,,,,,,,,,,,,
,,,,,,,,,,,,,,,,,,,,,,,,,,,,,,,,,,24,,,,,,,,,,,,
,,,,,,,,,,,,,,,,,,,,,,,,,,,,,,,,,,28,,,,,,,,,,,,
,,,,,,,,,,,,,,,,,,,,,,,,,,,,,,,,,,32,,,,,,,,,,,,
,,,,,,,,,,,,,,,,,,,,,,,,,,,,,,,,,,36,,,,,,,,,,,,
,,,,,,,,,,,,,,,,,,,,,,,,,,,,,,,,,,40,,,,,,,,,,,,
