Company Name,Exchange:Ticker,Industry Classifications,"Market Capitalization [Latest] ($USDmm, Historical rate)","Total Debt [Latest Quarter] ($USDmm, Historical rate)","EBITDA [LTM] ($USDmm, Historical rate)","EBIT [LTM] ($USDmm, Historical rate)","Interest Expense [LTM] ($USDmm, Historical rate)","Total Common Equity [Latest Quarter] ($USDmm, Historical rate)",S&P Entity Credit Rating - Issuer Credit Rating - Foreign Currency LT [Latest] (Rating)
Exxon Mobil Corporation (NYSE:XOM),NYSE:XOM,Energy (Primary),359694.7,29121,56047,38750,-286,174399,AAA
PetroChina Co. Ltd. (SEHK:857),SEHK:857,Energy (Primary),334899.5,86976.6,55998.2,27978.6,-3759.9,189599.2,
Chevron Corporation (NYSE:CVX),NYSE:CVX,Energy (Primary),204074.7,27818,36487,19694,,155028,AA
Royal Dutch Shell plc (ENXTAM:RDSA),ENXTAM:RDSA,Energy (Primary),198999.2,45540,44378,23026,-1804,171966,AA
BP p.l.c. (LSE:BP.),LSE:BP.,Energy (Primary),123135.7,52854,27837,9555,-840,111420,A
China Petroleum & Chemical Corp. (SEHK:386),SEHK:386,Energy (Primary),120388.3,53060.3,26256.7,12301.2,-1808.8,95620.9,AA-
TOTAL S.A. (ENXTPA:FP),ENXTPA:FP,Energy (Primary),117573.8,56556,29354,16474,-748,90330,AA-
Schlumberger Limited (NYSE:SLB),NYSE:SLB,Energy (Primary),110245,13372,13584,9490,-369,37850,AA-
"Kinder Morgan, Inc. (NYSE:KMI)",NYSE:KMI,Energy (Primary),90079,43016,6525,4485,-1807,34076,BBB-
ConocoPhillips (NYSE:COP),NYSE:COP,Energy (Primary),81017.9,22565,19538,10647,-648,51911,A
Eni SpA (BIT:ENI),BIT:ENI,Energy (Primary),65272.7,31375.7,22949.8,10793.4,-863,72328.3,A
Enterprise Products Partners L.P. (NYSE:EPD),NYSE:EPD,Energy (Primary),64599.3,21363.8,4824.2,3463.7,-921,18063.2,BBB+
CNOOC Ltd. (SEHK:883),SEHK:883,Energy (Primary),64385,22019.2,21764.6,12661.7,-384.7,61207.7,AA-
China Shenhua Energy Co. Ltd. (SEHK:1088),SEHK:1088,Energy (Primary),63800.4,14669.9,13551.1,10265.2,-686.2,47927.1,AA-
Open Joint Stock Company Gazprom (MICEX:GAZP),MICEX:GAZP,Energy (Primary),61054.7,51086.2,48060.3,36592.7,-1054.5,246599,BB+
Statoil ASA (OB:STL),OB:STL,Energy (Primary),60182,30956.9,27401.4,15612.1,-507.9,50899.7,AA-
Occidental Petroleum Corporation (NYSE:OXY),NYSE:OXY,Energy (Primary),59118.3,6838,10306,-453,-77,34959,A
"EOG Resources, Inc. (NYSE:EOG)",NYSE:EOG,Energy (Primary),51703.9,5909.9,9474.8,4734.2,-201.5,17712.6,A-
Open Joint Stock Company Rosneft Oil Company (LSE:ROSN),LSE:ROSN,Energy (Primary),50457.1,55087.7,17287.2,9727.1,-1417.5,46794.4,BB+
BG Group plc (LSE:BG.),LSE:BG.,Energy (Primary),46181.6,17507,9145,6109,-108,29140,
Petróleo Brasileiro S.A. - Petrobras (BOVESPA:PETR4),BOVESPA:PETR4,Energy (Primary),45282.7,135174.2,28647.1,14697,-2501.3,142543.3,BBB-
Suncor Energy Inc. (TSX:SU),TSX:SU,Energy (Primary),45098,11509.7,10160.9,5067.9,-266,35924.4,A-
Anadarko Petroleum Corporation (NYSE:APC),NYSE:APC,Energy (Primary),44042.4,16309,9077,3223,-772,19725,BBB
Oil and Natural Gas Corp. Ltd. (BSE:500312),BSE:500312,Energy (Primary),43754,,9526.6,5636.2,-86.6,,BBB-
Reliance Industries Limited (BSE:500325),BSE:500325,Energy (Primary),43282,21042.9,5915.5,4147.3,-361.9,33237.4,BBB+
Enbridge Inc. (TSX:ENB),TSX:ENB,Energy (Primary),42398.5,31940.2,4125,2763.2,-974.9,8869.1,A-
Phillips 66 (NYSE:PSX),NYSE:PSX,Energy (Primary),42176.8,8684,4401,3406,-267,21590,BBB+
Open Joint Stock Company Oil company LUKOIL (MICEX:LKOH),MICEX:LKOH,Energy (Primary),38240,13529,17581,8765,-637,81130,BBB-
Halliburton Company (NYSE:HAL),NYSE:HAL,Energy (Primary),37827.4,7840,7028,4902,-396,16267,A
"Williams Companies, Inc. (NYSE:WMB)",NYSE:WMB,Energy (Primary),37791.2,21690,2469,1293,-747,8777,BB+
Coal India Limited (BSE:533278),BSE:533278,Energy (Primary),36462.4,27.3,2636.3,2336.2,-3.85,7583.2,
Canadian Natural Resources Limited (TSX:CNQ),TSX:CNQ,Energy (Primary),35899.7,12090.8,9164.4,4783.8,-285.8,24947.5,BBB+
Imperial Oil Ltd. (TSX:IMO),TSX:IMO,Energy (Primary),35308.4,5950.4,4650.8,3704.4,-3.45,19454.8,AAA
"Energy Transfer Equity, L.P. (NYSE:ETE)",NYSE:ETE,Energy (Primary),34190.9,30661,4589,2865,-1526,665,BB
Ecopetrol SA (BVC:ECOPETROL),BVC:ECOPETROL,Energy (Primary),33626.1,14951.5,9682.2,6963,-342.9,28748.9,BBB
TransCanada Corp. (TSX:TRP),TSX:TRP,Energy (Primary),30989.2,24509.7,4233.8,2842.7,-1034.5,14519.8,A-
Valero Energy Corporation (NYSE:VLO),NYSE:VLO,Energy (Primary),30117,6386,7592,5902,-397,20677,BBB
PTT Public Company Limited (SET:PTT),SET:PTT,Energy (Primary),29882.3,14460,7763.8,3239.8,-652.3,21199.8,BBB+
Williams Partners L.P. (NYSE:WPZ),NYSE:WPZ,Energy (Primary),28079.2,17128,2502,1307,-562,20594,BBB
Baker Hughes Incorporated (NYSE:BHI),NYSE:BHI,Energy (Primary),27955.5,4133,4847,3033,-232,18625,A
Marathon Petroleum Corporation (NYSE:MPC),NYSE:MPC,Energy (Primary),26818.1,6637,5214,3888,-202,10751,BBB
"Repsol, S.A. (CATS:REP)",CATS:REP,Energy (Primary),26795.6,16084.2,1996,336.5,-555.6,33815.9,BBB-
Joint Stock Company NOVATEK (LSE:NVTK),LSE:NVTK,Energy (Primary),26413.4,3335.2,2311.3,2038.9,-761.6,6268.9,BB+
Devon Energy Corporation (NYSE:DVN),NYSE:DVN,Energy (Primary),25902,11263,8966,5647,-488,21539,BBB+
Pioneer Natural Resources Co. (NYSE:PXD),NYSE:PXD,Energy (Primary),25601,2668,2870,1747,-184,8581,BBB-
Spectra Energy Corp. (NYSE:SE),NYSE:SE,Energy (Primary),24697.9,14679,2733,1924,-679,8160,BBB
Apache Corp. (NYSE:APA),NYSE:APA,Energy (Primary),24661.5,11245,10159,4821,-142,25937,A-
Open Joint Stock Company Surgutneftegas (MICEX:SNGS),MICEX:SNGS,Energy (Primary),24253.6,0,8571,6960.8,-165.2,63524.7,
Sasol Ltd. (JSE:SOL),JSE:SOL,Energy (Primary),22720.3,3102.9,5684,4544.5,-168,15929.3,BBB
Woodside Petroleum Ltd. (ASX:WPL),ASX:WPL,Energy (Primary),21643.9,2586,5555,3654,-178,15824,BBB+
"National Oilwell Varco, Inc. (NYSE:NOV)",NYSE:NOV,Energy (Primary),21632.3,3166,4495,3717,-105,20692,A+
Formosa Petrochemical Corp. (TSEC:6505),TSEC:6505,Energy (Primary),21624.9,6049.3,784.2,-7.07,-92.1,7546.4,BBB+
Husky Energy Inc. (TSX:HSE),TSX:HSE,Energy (Primary),21425.3,4797.6,5107.6,1525,-81.2,17305.5,BBB+
Hess Corporation (NYSE:HES),NYSE:HES,Energy (Primary),20795.3,5987,5612,2009,-323,22205,BBB
"Energy Transfer Partners, L.P. (NYSE:ETP)",NYSE:ETP,Energy (Primary),20158.7,19340,3605,2475,-1017,11886,BBB-
"Plains All American Pipeline, L.P. (NYSE:PAA)",NYSE:PAA,Energy (Primary),19742.9,10136,2473,2090,-340,7793,BBB+
"Noble Energy, Inc. (NYSE:NBL)",NYSE:NBL,Energy (Primary),19519.3,6171,3435,1676,-210,10325,BBB
Marathon Oil Corporation (NYSE:MRO),NYSE:MRO,Energy (Primary),19013,6391,4564,1265,-265,21020,BBB
"Cheniere Energy, Inc. (AMEX:LNG)",AMEX:LNG,Energy (Primary),18579.4,9829.3,-327.3,-391.6,-181.2,-164.2,B+
Magellan Midstream Partners LP (NYSE:MMP),NYSE:MMP,Energy (Primary),18351,3009.4,1116.6,964.2,-123.1,1868.2,BBB+
"Continental Resources, Inc. (NYSE:CLR)",NYSE:CLR,Energy (Primary),18201,5997.9,3852.4,1867.2,-283.9,4967.8,BBB-
Tenaris S.A. (BIT:TEN),BIT:TEN,Energy (Primary),17425.8,999.2,2679.1,2103.6,-44.4,12819.1,
Inpex Corporation (TSE:1605),TSE:1605,Energy (Primary),16815.8,5655.7,5749.1,5257.2,-22.7,25480.4,A
Oil Transporting Joint Stock Company Transneft (MICEX:TRNFP),MICEX:TRNFP,Energy (Primary),16578.6,15407.5,9104.1,6178.8,-873.6,35402.7,BB+
YPF S.A. (BASE:YPFD),BASE:YPFD,Energy (Primary),15811.4,5764.6,4693.1,2307.4,-857.7,8491.8,NR
Empresas Copec S.A. (SNSE:COPEC),SNSE:COPEC,Energy (Primary),15398.1,7024.5,1809.2,1244.5,-300.3,9739.2,BBB
Cenovus Energy Inc. (TSX:CVE),TSX:CVE,Energy (Primary),14780.2,4713,3788.2,1929.9,-265.1,8795.7,BBB+
Indian Oil Corporation Limited (BSE:530965),BSE:530965,Energy (Primary),14516.9,,3575.8,2512.8,-699.6,,NR
Shaanxi Coal Industry Company Limited (SHSE:601225),SHSE:601225,Energy (Primary),14328.1,3287,1375.5,674,-113.5,5722.4,
"Concho Resources, Inc. (NYSE:CXO)",NYSE:CXO,Energy (Primary),14253,3609.9,2741,1089.7,-216.7,5280.8,BB+
PTT Exploration and Production Public Company Limited (SET:PTTEP),SET:PTTEP,Energy (Primary),14128.7,4284.7,5890.1,2063.6,-259.4,12548,BBB+
China Oilfield Services Ltd. (SEHK:2883),SEHK:2883,Energy (Primary),13950.7,4375.6,1880.6,1385.4,-94.7,7622.2,A-
Joint Stock Company Gazprom Neft (MICEX:SIBN),MICEX:SIBN,Energy (Primary),13517.9,9180.1,4777.1,3386.1,-225.8,17364.6,BB+
"Western Gas Equity Partners, LP (NYSE:WGP)",NYSE:WGP,Energy (Primary),13412.6,2424.1,569,388.9,-76.8,1260.2,
China Coal Energy Company Limited (SEHK:1898),SEHK:1898,Energy (Primary),12828.4,15351.2,1298.7,471.2,-440.6,13982.2,
EQT Corporation (NYSE:EQT),NYSE:EQT,Energy (Primary),12790.8,2988.9,1780.5,1101.2,-136.5,4582.8,BBB
Cabot Oil & Gas Corporation (NYSE:COG),NYSE:COG,Energy (Primary),12734.8,1752,718.7,86,-73.8,2142.7,
"Enbridge Energy Partners, L.P. (NYSE:EEP)",NYSE:EEP,Energy (Primary),12589.6,7364.2,1560.5,1102.3,-403.2,3746.5,BBB+
"MarkWest Energy Partners, L.P. (NYSE:MWE)",NYSE:MWE,Energy (Primary),12183.6,3621.4,922,433.8,-173.7,5209.8,BB
OAO Tatneft (MICEX:TATN),MICEX:TATN,Energy (Primary),11777.2,468.4,2109.2,1765.1,-89.3,9058.5,NR
Ultrapar Holdings Inc. (NYSE:UGP),NYSE:UGP,Energy (Primary),11561.9,3152.6,1166.5,846.4,-274.3,2896.2,BBB
Crescent Point Energy Corp. (TSX:CPG),TSX:CPG,Energy (Primary),11268.5,2541.4,2763.2,825.7,10.9,8774,
Pembina Pipeline Corporation (TSX:PPL),TSX:PPL,Energy (Primary),11268.3,2477.4,804.8,613.1,-85.5,4711.3,BBB
Cimarex Energy Co. (NYSE:XEC),NYSE:XEC,Energy (Primary),10885.4,1500,1627.5,813.9,-36.9,4500.6,BB+
Tesoro Corporation (NYSE:TSO),NYSE:TSO,Energy (Primary),10758.8,4260,2091,1711,-194,4454,BB+
Weatherford International plc (NYSE:WFT),NYSE:WFT,Energy (Primary),10499.2,7525,2514,1143,-498,6958,NR
Cheniere Energy Partners LP. (AMEX:CQP),AMEX:CQP,Energy (Primary),10471.7,9014.5,-60.3,-118.9,-177,1105.8,BB
Antero Resources Corporation (NYSE:AR),NYSE:AR,Energy (Primary),10459.3,4362.6,1754.1,1259.7,-160.1,4383.8,BB
"ONEOK Partners, L.P. (NYSE:OKS)",NYSE:OKS,Energy (Primary),10431.8,7146.2,1433.5,1142.2,-281.9,5738.9,BBB
Chesapeake Energy Corporation (NYSE:CHK),NYSE:CHK,Energy (Primary),10183.6,11582,6499,3584,-173,13841,BB+
Sunoco Logistics Partners L.P. (NYSE:SXL),NYSE:SXL,Energy (Primary),10175.5,4260,690,394,-68,5753,BBB
ONEOK Inc. (NYSE:OKE),NYSE:OKE,Energy (Primary),10114.1,8303.7,1431.7,1137,-356.2,592.1,BB+
"JX Holdings, Inc. (TSE:5020)",TSE:5020,Energy (Primary),9963.6,24469.2,-25.5,-1614.6,-210.5,16639.3,NR
Galp Energia SGPS SA (ENXTLS:GALP),ENXTLS:GALP,Energy (Primary),9823.9,4638.1,959.6,349.6,-123,6057.7,
"Buckeye Partners, L.P. (NYSE:BPL)",NYSE:BPL,Energy (Primary),9765.2,3555,680.7,495.3,-171.2,3702.6,BBB-
Origin Energy Limited (ASX:ORG),ASX:ORG,Energy (Primary),9608.5,9887.5,1540,989.3,-335.5,11091.2,BBB
OMV Aktiengesellschaft (WBAG:OMV),WBAG:OMV,Energy (Primary),9573.3,6704.6,5342.9,2366.4,-438.2,14125.8,
Southwestern Energy Co. (NYSE:SWN),NYSE:SWN,Energy (Primary),9550.2,6972,2462,1520,-67,4662,BBB-
Regency Energy Partners LP (NYSE:RGP),NYSE:RGP,Energy (Primary),9513,6656,893,352,-304,8684,BB
Yanzhou Coal Mining Co. Ltd. (SEHK:1171),SEHK:1171,Energy (Primary),9377.5,9906.2,904,345.5,-352.1,6650.6,BB+
Range Resources Corporation (NYSE:RRC),NYSE:RRC,Energy (Primary),9342.3,3073,1573.4,947.2,-169,3457.4,BB+
Western Gas Partners LP (NYSE:WES),NYSE:WES,Energy (Primary),9243.8,2423,576.9,396.9,-76.8,3836.7,BBB-
Bharat Petroleum Corp. Ltd. (BSE:500547),BSE:500547,Energy (Primary),9243.7,,1830.9,1399.6,-187.3,,
"Offshore Oil Engineering Co., Ltd. (SHSE:600583)",SHSE:600583,Energy (Primary),9167.2,305.3,987.6,810.2,-19.8,3314.6,
Murphy Oil Corporation (NYSE:MUR),NYSE:MUR,Energy (Primary),8973.1,3001.6,3263.7,1218,-115.8,8573.4,BBB
Encana Corporation (TSX:ECA),TSX:ECA,Energy (Primary),8942.8,7872,4164,2367,-654,9685,BBB
Cameron International Corporation (NYSE:CAM),NYSE:CAM,Energy (Primary),8923.8,3082,1642,1282,-149,4555,BBB+
Polskie Gornictwo Naftowe I Gazownictwo Spolka Akcyjna (WSE:PGN),WSE:PGN,Energy (Primary),8876.8,1677.8,1793.2,1101.4,-60.4,8514.2,BBB-
"FMC Technologies, Inc. (NYSE:FTI)",NYSE:FTI,Energy (Primary),8811.1,1308.9,1304.7,1072.2,-33.6,2456.3,BBB
"SK Innovation Co., Ltd. (KOSE:A096770)",KOSE:A096770,Energy (Primary),8599.9,10055.1,507.3,-211.9,-222.6,13737.1,BBB
"Guanghui Energy Co., Ltd. (SHSE:600256)",SHSE:600256,Energy (Primary),8517.6,3084.6,375.2,232.8,-77.4,1765.3,
Oil Search Limited (ASX:OSH),ASX:OSH,Energy (Primary),8414.5,4421.1,1147.5,704.3,-123.4,5025.5,
Inter Pipeline Ltd. (TSX:IPL),TSX:IPL,Energy (Primary),8396.9,3947.5,602.5,479.2,-78.5,2200.3,BBB+
Talisman Energy Inc. (TSX:TLM),TSX:TLM,Energy (Primary),7997.2,5146,3702,1039,-301,7214,BBB-
Kunlun Energy Company Limited (SEHK:135),SEHK:135,Energy (Primary),7985.9,3630.8,2155.5,1469.1,-62.7,6820.5,
Targa Resources Partners LP (NYSE:NGLS),NYSE:NGLS,Energy (Primary),7970.3,2966.2,999.5,648.6,-143.8,2438.6,BB+
"Helmerich & Payne, Inc. (NYSE:HP)",NYSE:HP,Energy (Primary),7889.8,81,1645.4,1127.5,-4.02,4921.2,BBB+
"Oil and Gas Development Co., Ltd. (KASE:OGDC)",KASE:OGDC,Energy (Primary),7354.8,0,1668.7,1380.7,-1.63,4149.7,
"Enable Midstream Partners, LP (NYSE:ENBL)",NYSE:ENBL,Energy (Primary),7339.8,2544,868,592,-70,8792,BBB-
Royal Vopak NV (ENXTAM:VPK),ENXTAM:VPK,Energy (Primary),7334.6,2963.5,798.5,517.9,-110,2128.2,
HollyFrontier Corporation (NYSE:HFC),NYSE:HFC,Energy (Primary),7330.5,1056,878.9,515.5,-43.6,5523.6,BBB-
Technip SA (ENXTPA:TEC),ENXTPA:TEC,Energy (Primary),7226.7,3162.9,1190.6,894.8,-124.3,5281.6,BBB+
Caltex Australia Ltd. (ASX:CTX),ASX:CTX,Energy (Primary),7210.5,566.5,384.5,229.9,-77,2062.6,BBB+
"EnLink Midstream Partners, LP (NYSE:ENLK)",NYSE:ENLK,Energy (Primary),7193.5,2035.7,633.7,352.9,-47.4,4791.2,BBB
Polski Koncern Naftowy Orlen Spolka Akcyjna (WSE:PKN),WSE:PKN,Energy (Primary),7025.8,3098.4,561.7,-0.282,-68.3,5298.4,
Whiting Petroleum Corp. (NYSE:WLL),NYSE:WLL,Energy (Primary),7008.8,5628.8,2164.2,307.1,-170.6,5695,BB+
S-Oil Corporation (KOSE:A010950),KOSE:A010950,Energy (Primary),6865.4,3332.7,45.8,-265.4,-39.1,4488.3,BBB
Neste Oil Corp. (HLSE:NES1V),HLSE:NES1V,Energy (Primary),6791.5,2259.9,515.6,116.2,-78.7,3196.8,
CONSOL Energy Inc. (NYSE:CNX),NYSE:CNX,Energy (Primary),6726.9,3288.9,912.9,341.7,-223.6,5329.5,BB
Tourmaline Oil Corp. (TSX:TOU),TSX:TOU,Energy (Primary),6684.4,793.4,833,385.4,-24.3,3820.6,
Cairn India Limited (BSE:532792),BSE:532792,Energy (Primary),6616,0,1823.4,1341.4,,9276.8,
"Yantai Jereh Oilfield Services Group Co., Ltd. (SZSE:002353)",SZSE:002353,Energy (Primary),6257.2,140.1,242.2,226.4,,1259.6,
Dresser-Rand Group Inc. (NYSE:DRC),NYSE:DRC,Energy (Primary),6239.8,1083.7,401.3,309,-52,1300.4,BB
Keyera Corp. (TSX:KEY),TSX:KEY,Energy (Primary),6129.3,1116.9,517,388.7,-35.9,1138.3,
Newfield Exploration Co. (NYSE:NFX),NYSE:NFX,Energy (Primary),5951,2892,2055,1185,-147,3893,BBB-
Transocean Ltd. (NYSE:RIG),NYSE:RIG,Energy (Primary),5944.3,10092,3796,2672,-483,13671,
ARC Resources Ltd. (TSX:ARX),TSX:ARX,Energy (Primary),5897.7,928.1,1228.9,561.1,-40.8,3067,
Türkiye Petrol Rafinerileri A.S. (IBSE:TUPRS),IBSE:TUPRS,Energy (Primary),5879.7,3318.6,354.3,247.6,-126.2,2634.5,
"Plains GP Holdings, L.P. (NYSE:PAGP)",NYSE:PAGP,Energy (Primary),5856.1,10742,2187,1803,-349,1657,
MPLX LP (NYSE:MPLX),NYSE:MPLX,Energy (Primary),5851.7,644.8,233.5,183.3,-4.1,1117.6,BBB-
Cameco Corporation (TSX:CCO),TSX:CCO,Energy (Primary),5814.8,1287.7,646.2,336,-62.6,4700.6,BBB+
Zeons Corporation (OTCPK:ZEON),OTCPK:ZEON,Energy (Primary),5796,,,,,,
Petronas Dagangan Bhd (KLSE:PETDAG),KLSE:PETDAG,Energy (Primary),5744,141.4,298.1,208.3,-1.28,1359.1,
"China Merchants Energy Shipping Co., Ltd. (SHSE:601872)",SHSE:601872,Energy (Primary),5697.8,2285.4,139.4,61.4,-20.7,1626.9,
Phillips 66 Partners LP (NYSE:PSXP),NYSE:PSXP,Energy (Primary),5666.2,429.6,149.4,133.2,-5.2,589.2,BBB
"Cheniere Energy Partners LP Holdings, LLC (AMEX:CQH)",AMEX:CQH,Energy (Primary),5662.7,0,,18.1,,1.21,
Ensco plc (NYSE:ESV),NYSE:ESV,Energy (Primary),5510.5,5920.4,2347.8,1817.8,-161.4,8215,BBB+
"Oceaneering International, Inc. (NYSE:OII)",NYSE:OII,Energy (Primary),5484.2,750,858.1,628.3,-4.71,1657.6,BBB
Santos Limited (ASX:STO),ASX:STO,Energy (Primary),5445.8,6752.6,1463.1,654.6,-44.2,7705.9,BBB
"EQT Midstream Partners, LP (NYSE:EQM)",NYSE:EQM,Energy (Primary),5425.6,640.3,311.3,274.7,-30.9,718.5,BBB-
"EnLink Midstream, LLC (NYSE:ENLC)",NYSE:ENLC,Energy (Primary),5403.5,2035.7,682.3,401.5,-50.8,2774.3,
Amec Foster Wheeler plc (LSE:AMFW),LSE:AMFW,Energy (Primary),5321.8,2055.6,470.7,392.7,-17.1,3109.2,
SeaDrill Limited (NYSE:SDRL),NYSE:SDRL,Energy (Primary),5223.3,13726,2152,1590,-478,9764,
Targa Resources Corp. (NYSE:TRGP),NYSE:TRGP,Energy (Primary),5159,3068.2,991.3,635.8,-147.1,169.8,B+
Petrofac Limited (LSE:PFC),LSE:PFC,Energy (Primary),5146,2691,887,637,-73,1861,BBB+
JSC KazMunaiGas Exploration Production (LSE:KMG),LSE:KMG,Energy (Primary),5091.6,39.6,1109.1,-455.4,-36.5,7344.5,BB+
Joint Stock Oil Company Bashneft (MICEX:BANE),MICEX:BANE,Energy (Primary),5047.7,2733.8,1658.7,1185.7,-201.3,3185.2,
"Shell Midstream Partners, L.P. (NYSE:SHLX)",NYSE:SHLX,Energy (Primary),5022.8,0,113.1,101.5,-0.2,417,
"INA-Industrija nafte, d.d. (ZGSE:INA-R-A)",ZGSE:INA-R-A,Energy (Primary),4997.7,547.5,394.9,62.4,-48,1846.4,
Rabigh Refining & Petrochemical Company (SASE:2380),SASE:2380,Energy (Primary),4983.4,5640.9,794.5,195.5,-71.6,2546.4,
Energen Corp. (NYSE:EGN),NYSE:EGN,Energy (Primary),4976.2,1038.6,1150,177,-37.8,3414.6,BB
"Shanxi Lu'an Environmental Energy Development Co., Ltd. (SHSE:601699)",SHSE:601699,Energy (Primary),4971.5,2238.3,396.7,251.7,-103.4,2976.7,
Core Laboratories NV (NYSE:CLB),NYSE:CLB,Energy (Primary),4931.9,357.1,375.6,348.9,-10.6,87.6,
Saipem SpA (BIT:SPM),BIT:SPM,Energy (Primary),4923.4,5355,1952.4,552,-240.9,5007.6,
Gulf International Services  Q.S.C. (DSM:GISS),DSM:GISS,Energy (Primary),4900.6,1333,367.9,269,-13.3,1147.1,
NuStar Energy L.P. (NYSE:NS),NYSE:NS,Energy (Primary),4893.6,2826.5,538.6,346.9,-132.3,1676.9,BB+
OMV Petrom SA (BVB:SNP),BVB:SNP,Energy (Primary),4891.7,578.3,1817.8,901.3,-148.3,7301,
Vermilion Energy Inc. (TSX:VET),TSX:VET,Energy (Primary),4822.3,1069.1,838.9,450.7,-42.9,1745.4,BB-
"Diamondback Energy, Inc. (NasdaqGS:FANG)",NasdaqGS:FANG,Energy (Primary),4709.3,673.5,510.7,340.2,-34.5,1751,B
Inner Mongolia Yitai Coal Co. Ltd. (SHSE:900948),SHSE:900948,Energy (Primary),4599.2,4301.1,886.6,618.4,-119.8,3697.5,
AltaGas Ltd. (TSX:ALA),TSX:ALA,Energy (Primary),4591.9,2881,433.5,280.1,-96.2,2377,BBB
"Shanxi Xishan Coal and Electricity Power Co.,Ltd (SZSE:000983)",SZSE:000983,Energy (Primary),4535.4,3112.9,678,238.7,-171.7,2698.1,
"Cobalt International Energy, Inc. (NYSE:CIE)",NYSE:CIE,Energy (Primary),4463.7,1928.5,-366.9,-441.9,-74.8,2114.3,CCC+
Lundin Petroleum AB (publ) (OM:LUPE),OM:LUPE,Energy (Primary),4461.2,2789.3,664.2,-259.2,-36.1,431.5,
Canadian Oil Sands Limited (TSX:COS),TSX:COS,Energy (Primary),4415.4,1631.2,1132.9,664.9,-6.91,3883.2,BBB-
Oil India Limited (BSE:533106),BSE:533106,Energy (Primary),4415,,685,506.9,-11.8,,
Tesoro Logistics LP (NYSE:TLLP),NYSE:TLLP,Energy (Primary),4414,2593,280,203,-83,1474,BB
Dragon Oil plc (LSE:DGO),LSE:DGO,Energy (Primary),4368.4,0,919,578.6,,3708.2,
The National Shipping Company of Saudi Arabia (SASE:4030),SASE:4030,Energy (Primary),4346.7,2177.2,301.5,153.3,-28.4,2082.5,
Nabors Industries Ltd. (NYSE:NBR),NYSE:NBR,Energy (Primary),4324,4355,1752.6,604.3,-179.9,4908.6,BBB
DCP Midstream Partners LP (NYSE:DPM),NYSE:DPM,Energy (Primary),4301.6,2311,567,457,-86,2975,BB
Peyto Exploration & Development Corp (TSX:PEY),TSX:PEY,Energy (Primary),4293.5,798.7,584.6,331.1,-29.7,1340.1,
"Western Refining, Inc. (NYSE:WNR)",NYSE:WNR,Energy (Primary),4292.8,1548,1308.5,1117.9,-97.1,1119.7,B+
Qatar Fuel Company Q.S.C. (DSM:QFLS),DSM:QFLS,Energy (Primary),4257.2,0,327.5,283.1,,1857.2,
Genesis Energy LP (NYSE:GEL),NYSE:GEL,Energy (Primary),4254.4,1601,219.2,132.6,-66.6,1229.2,BB-
"Qinghai Sunshiny Mining Co.,Ltd. (SHSE:600381)",SHSE:600381,Energy (Primary),4191.5,,,,,,
"TC PipeLines, LP (NYSE:TCP)",NYSE:TCP,Energy (Primary),4143.6,1695,340,254,-51,1323,BBB-
World Fuel Services Corp. (NYSE:INT),NYSE:INT,Energy (Primary),4091.2,689.9,318.7,269.1,-31.2,1855.4,
"Jizhong Energy Resources Co., Ltd (SZSE:000937)",SZSE:000937,Energy (Primary),4087.5,1907.8,571.4,240.3,-124.3,3004.4,
"Diamond Offshore Drilling, Inc. (NYSE:DO)",NYSE:DO,Energy (Primary),4087.3,2244.5,1133.1,676.6,-62.1,4451.6,A-
Tullow Oil plc (LSE:TLW),LSE:TLW,Energy (Primary),4060.4,3373.3,1576.4,-1321,-83.8,3996,BB-
"QEP Resources, Inc. (NYSE:QEP)",NYSE:QEP,Energy (Primary),4050.2,2218.1,1854.6,-329.2,-174.7,4075.3,BB+
Gulfport Energy Corp. (NasdaqGS:GPOR),NasdaqGS:GPOR,Energy (Primary),4021.6,716.5,492.3,226.1,-24,2296.3,B
Semirara Mining and Power Corporation (PSE:SCC),PSE:SCC,Energy (Primary),4017.8,433.5,187.9,143.5,-6.17,506.8,
MEG Energy Corp. (TSX:MEG),TSX:MEG,Energy (Primary),3996.6,3795.1,791.6,464.7,-168.7,4117.4,BB-
"Yangquan Coal Industry (Group) Co., Ltd. (SHSE:600348)",SHSE:600348,Energy (Primary),3989.2,969.4,416.8,146.5,-35.9,2218.2,
"Boardwalk Pipeline Partners, LP (NYSE:BWP)",NYSE:BWP,Energy (Primary),3963.4,3690.1,695.2,406.5,-165.5,4022.3,BBB-
PrairieSky Royalty Ltd. (TSX:PSK),TSX:PSK,Energy (Primary),3921.5,0,264.4,227.7,-0.444,832.4,
"Linn Energy, LLC (NasdaqGS:LINE)",NasdaqGS:LINE,Energy (Primary),3915.9,10295.8,2545.2,1471.3,-587.8,4543.6,BB-
Veresen Inc. (TSX:VSN),TSX:VSN,Energy (Primary),3856.8,1564.2,28.6,-43.3,-50.7,1892.2,BBB
"Oriental Energy Co., Ltd. (SZSE:002221)",SZSE:002221,Energy (Primary),3831.7,1141,38.3,25.8,,447.3,
MOL Magyar Olaj- es Gazipari Nyilvanosan Mukodo Reszvenytarsasag (BUSE:MOL),BUSE:MOL,Energy (Primary),3826.4,3677.7,1463.1,357.9,-202.8,6688.1,BB
SapuraKencana Petroleum Berhad (KLSE:SKPETRO),KLSE:SKPETRO,Energy (Primary),3823.9,4671,853.7,493.8,-183.7,3302.4,
Noble Corporation plc (NYSE:NE),NYSE:NE,Energy (Primary),3822.9,4869,1558.9,931.4,-155.2,6564.7,
Cosan S. A. Indústria e Comércio (BOVESPA:CSAN3),BOVESPA:CSAN3,Energy (Primary),3803.9,2784.6,583,364.1,-341.6,3317.6,BB
"Guizhou Panjiang Refined Coal Co., Ltd. (SHSE:600395)",SHSE:600395,Energy (Primary),3768,499.8,183.1,112.3,-31.4,1176.8,
GS Holdings Corp. (KOSE:A078930),KOSE:A078930,Energy (Primary),3722.6,5386,508,303.5,-182,5403.5,
John Wood Group PLC (LSE:WG.),LSE:WG.,Energy (Primary),3698.8,509.7,522,414.7,-17.6,2546.2,
Antero Midstream Partners LP (NYSE:AM),NYSE:AM,Energy (Primary),3686.2,0,58.2,21.5,-4.62,1342.5,
SemGroup Corporation (NYSE:SEMG),NYSE:SEMG,Energy (Primary),3672.2,767.1,164.8,56.7,-49,1149.5,B+
Baytex Energy Corp. (TSX:BTE),TSX:BTE,Energy (Primary),3648.7,1780.8,1017.6,532.7,-71.5,2164.6,BB
SM Energy Company (NYSE:SM),NYSE:SM,Energy (Primary),3637.6,2366,2052.3,1124.6,-98.6,2286.7,BB
"Superior Energy Services, Inc. (NYSE:SPN)",NYSE:SPN,Energy (Primary),3618.8,1648.8,1198.7,546.6,-98.3,4079.7,BBB-
"CVR Energy, Inc. (NYSE:CVI)",NYSE:CVI,Energy (Primary),3527.9,675.9,603.8,449.4,-40,988.1,
Thai Oil Public Company Limited (SET:TOP),SET:TOP,Energy (Primary),3504.9,2434.3,61,-136.2,-114.7,2513.3,BBB
Hindustan Petroleum Corporation Limited (BSE:500104),BSE:500104,Energy (Primary),3500,,1139.1,641.6,-229,,
Memorial Resource Development Corp. (NasdaqGS:MRD),NasdaqGS:MRD,Energy (Primary),3486.2,2378.4,392,-360.6,-133.8,582.4,B
Qatar Gas Transport Company Limited (Nakilat) Q.S.C. (DSM:QGTS),DSM:QGTS,Energy (Primary),3478,7295.1,638.2,457.5,-342,1041.3,
Teekay Corporation (NYSE:TK),NYSE:TK,Energy (Primary),3477.6,6800,851.1,428.2,-420,1098.3,B+
Showa Shell Sekiyu K.K. (TSE:5002),TSE:5002,Energy (Primary),3428.2,1748.7,194.5,-150.7,-14.2,2270.8,NR
Seven Generations Energy Ltd. (TSX:VII),TSX:VII,Energy (Primary),3416,702.8,445.3,306.7,-52.5,1650.1,B
Shanxi Guoxin Energy Corporation Limited (SHSE:600617),SHSE:600617,Energy (Primary),3357.6,1552.9,154.7,120.7,-33.4,336.3,
Delek Group Ltd. (TASE:DLEKG),TASE:DLEKG,Energy (Primary),3350.9,5317.6,710.7,447.1,-251.3,1335.6,
"Laredo Petroleum, Inc. (NYSE:LPI)",NYSE:LPI,Energy (Primary),3333.9,1801.3,728,479.8,-121.3,1563.2,B+
S.N.G.N. RomGaz S.A. (BVB:SNG),BVB:SNG,Energy (Primary),3324.7,0,726,509.6,-6.61,2628.8,
EP Energy Corporation (NYSE:EPE),NYSE:EPE,Energy (Primary),3264,4598,2359,1484,-318,4348,
Kosmos Energy Ltd. (NYSE:KOS),NYSE:KOS,Energy (Primary),3257,795.1,812,613.9,-46.7,1339,B
Huolinhe Opencut Coal Industry Corporation Limited of Inner Mongolia (SZSE:002128),SZSE:002128,Energy (Primary),3243.7,326.1,209.8,125.5,,1034.1,
Golar LNG Ltd. (NasdaqGS:GLNG),NasdaqGS:GLNG,Energy (Primary),3227,1380.8,4.91,-44.9,-14.5,2282.5,
"Sdic Xinji Energy Co., Ltd. (SHSE:601918)",SHSE:601918,Energy (Primary),3226.9,1730.9,-150.5,-302.9,,1236.2,
TonenGeneral Sekiyu k.k. (TSE:5012),TSE:5012,Energy (Primary),3222.2,3218.9,-263.5,-608.9,-25,2185.6,NR
RPC Inc. (NYSE:RES),NYSE:RES,Energy (Primary),3132.6,224.5,646.3,415.4,-1.43,1078.4,
Energy Absolute Public Company Limited (SET:EA),SET:EA,Energy (Primary),3118.4,364.7,71.5,58.9,-9.96,179.1,
California Resources Corporation (NYSE:CRC),NYSE:CRC,Energy (Primary),3115.9,6360,2346,1148,-72,2611,BB+
Denbury Resources Inc. (NYSE:DNR),NYSE:DNR,Energy (Primary),3077.3,3571.4,1885.6,1290.3,-183,5703.9,BB
"Alliance Holdings GP, L.P. (NasdaqGS:AHGP)",NasdaqGS:AHGP,Energy (Primary),3059.6,838.2,810,532.7,-33.6,564.8,
"CVR Refining, LP (NYSE:CVRR)",NYSE:CVRR,Energy (Primary),3052.4,581.4,514,391.5,-34.2,1450.1,B+
Pakistan Petroleum Ltd. (KASE:PPL),KASE:PPL,Energy (Primary),3037.2,2.8,712.2,611.5,-1.23,1878.8,
Rice Energy Inc. (NYSE:RICE),NYSE:RICE,Energy (Primary),3034,935.9,338,178.4,-59.6,1522.7,B
Whitecap Resources Inc. (TSX:WCP),TSX:WCP,Energy (Primary),3014.5,660.7,609.4,372.4,-28.9,2188.2,
Brightoil Petroleum Holdings Limited (SEHK:933),SEHK:933,Energy (Primary),2991.8,1687.8,91.9,-2.36,-55.6,1080.6,
"Tallgrass Energy Partners, LP (NYSE:TEP)",NYSE:TEP,Energy (Primary),2967.1,559,102.5,53.4,-8.79,1074.5,
Patterson-UTI Energy Inc. (NasdaqGS:PTEN),NasdaqGS:PTEN,Energy (Primary),2958.5,985.5,986.1,345.2,-29.8,2905.8,
Subsea 7 SA (OB:SUBC),OB:SUBC,Energy (Primary),2949.2,580.3,1344.9,949.1,-22,5586.9,
Frank's International N.V. (NYSE:FI),NYSE:FI,Energy (Primary),2938.5,0.304,405.3,315.2,,1212,
Teekay LNG Partners LP. (NYSE:TGP),NYSE:TGP,Energy (Primary),2931.2,2171.5,289.1,185.8,-95.6,1481.2,
Paramount Resources Ltd. (TSX:POU),TSX:POU,Energy (Primary),2899.3,1115.6,139.6,-75,-61,1168.6,B
"Henan Dayou Energy Co., Ltd. (SHSE:600403)",SHSE:600403,Energy (Primary),2889.4,298.1,168,80.4,-7.31,1670.6,
Exxaro Resources Limited (JSE:EXX),JSE:EXX,Energy (Primary),2870.2,266.4,144.3,67.4,0,2980.4,
Crestwood Midstream Partners LP (NYSE:CMLP),NYSE:CMLP,Energy (Primary),2866.8,2016.3,411.1,189.4,-111.4,3678,BB
NGL Energy Partners LP (NYSE:NGL),NYSE:NGL,Energy (Primary),2866.7,2757.8,309.2,122.3,-99.6,1709.1,BB-
Compania Logistica de Hidrocarburos CLH SA (BDM:CLH.T),BDM:CLH.T,Energy (Primary),2863,914.9,378.1,281.9,-22,239.1,
Valero Energy Partners LP (NYSE:VLP),NYSE:VLP,Energy (Primary),2844.9,2.72,85.6,69.1,-0.872,580.6,
Idemitsu Kosan Co. Ltd. (TSE:5019),TSE:5019,Energy (Primary),2842.8,9267.4,245.4,-370.3,-102.6,5314.8,
IRPC Public Company Limited (SET:IRPC),SET:IRPC,Energy (Primary),2805.4,1916,-23.5,-174.3,-46,2061.5,BB+
Eurasia Drilling Company (LSE:EDCL),LSE:EDCL,Energy (Primary),2800.8,1140.1,900.9,644.4,-54.7,1924.4,BB+
Washington H. Soul Pattinson and Company Limited (ASX:SOL),ASX:SOL,Energy (Primary),2784.9,44.1,95.5,24.9,-3.28,2359.1,
SBM Offshore N.V. (ENXTAM:SBMO),ENXTAM:SBMO,Energy (Primary),2760.8,5250,1128,896,-162,2419,
Gibson Energy Inc. (TSX:GEI),TSX:GEI,Energy (Primary),2755.5,1006.3,365.9,188.6,-58.4,1232.4,
Columbia Pipeline Partners LP (NYSE:CPPL),NYSE:CPPL,Energy (Primary),2747.6,1836,521.9,407.6,-62,4171.3,
"Dril-Quip, Inc. (NYSE:DRQ)",NYSE:DRQ,Energy (Primary),2690.3,0,309.9,278.7,-0.035,1245.2,
"PetroChina Jinhong Energy Investment Co., Ltd. (SZSE:000669)",SZSE:000669,Energy (Primary),2678,669.4,123.8,96.5,-18.8,366.1,
Carrizo Oil & Gas Inc. (NasdaqGS:CRZO),NasdaqGS:CRZO,Energy (Primary),2612.2,1351.3,722.9,405.5,-53.2,1103.4,B+
PBF Energy Inc. (NYSE:PBF),NYSE:PBF,Energy (Primary),2567.5,1260.3,962.6,868.4,-98.8,1218.2,
"Pingdingshan Tianan Coal Mining Co., Ltd. (SHSE:601666)",SHSE:601666,Energy (Primary),2564,1440.1,177.8,116.9,-46.3,1921,
"Dominion Midstream Partners, LP (NYSE:DM)",NYSE:DM,Energy (Primary),2563.7,0,196.4,158.7,,1075.3,
"WPX Energy, Inc. (NYSE:WPX)",NYSE:WPX,Energy (Primary),2550.5,2280,1529,542,-123,4319,BB
"DaTong Coal Industry Co.,Ltd. (SHSE:601001)",SHSE:601001,Energy (Primary),2549.3,1074.4,98,-41.4,-26.3,1293.6,
Avner Oil Exploration - Limited Partnership (TASE:AVNR.L),TASE:AVNR.L,Energy (Primary),2543.5,988.4,162.1,125.9,-39,275.1,
Essar Oil Ltd. (BSE:500134),BSE:500134,Energy (Primary),2534.3,,844.1,618,-386.2,,
"Changzheng Engineering Co., Limited (SHSE:603698)",SHSE:603698,Energy (Primary),2518.7,4.82,,,,173.4,
Ultra Petroleum Corp. (NYSE:UPL),NYSE:UPL,Energy (Primary),2509.3,3378,935.5,642.6,-126.2,211.7,BB
Isramco Negev 2 Limited Partnership (TASE:ISRA.L),TASE:ISRA.L,Energy (Primary),2505.9,783.6,350.3,308,-53.5,716.7,
Banpu Public Company Limited (SET:BANPU),SET:BANPU,Energy (Primary),2495.2,3250.6,503.8,283.2,-120.9,2056.1,
Enbridge Energy Management LLC (NYSE:EEQ),NYSE:EEQ,Energy (Primary),2489.4,0,,,,741.6,
Delek Energy Systems Ltd. (TASE:DLEN),TASE:DLEN,Energy (Primary),2486.5,1285.3,158.1,123.7,-55.4,143.7,
Alliance Resource Partners LP (NasdaqGS:ARLP),NasdaqGS:ARLP,Energy (Primary),2456.4,838.2,814.5,537.2,-33.6,1274.7,
Rowan Companies plc (NYSE:RDC),NYSE:RDC,Energy (Primary),2436.6,2807.3,707.2,384.6,-103.9,4691.4,
PT Adaro Energy Tbk (JKSE:ADRO),JKSE:ADRO,Energy (Primary),2413.7,1896.1,828.5,512.2,-189.7,2766.4,
TGS Nopec Geophysical Co. ASA (OB:TGS),OB:TGS,Energy (Primary),2402.3,0,762,348.9,-1.15,1339.2,
"Exterran Holdings, Inc. (NYSE:EXH)",NYSE:EXH,Energy (Primary),2356.5,2032,653.5,267.5,-114.2,1797.3,BB-
Enerplus Corporation (TSX:ERF),TSX:ERF,Energy (Primary),2354.3,981.7,970.8,481.4,-55.1,1919.7,
"Tecnicas Reunidas, S.A. (CATS:TRE)",CATS:TRE,Energy (Primary),2348,33.2,205.5,190.7,-4.33,548.2,
"Shanghai U9 Game Co.,Ltd. (SHSE:600652)",SHSE:600652,Energy (Primary),2347.3,128.5,-2.44,-24.9,-8.51,143,
"RSP Permian, Inc. (NYSE:RSPP)",NYSE:RSPP,Energy (Primary),2337.3,500,269.5,177.2,-14,1325.8,B+
Oasis Petroleum Inc. (NYSE:OAS),NYSE:OAS,Energy (Primary),2329.4,2700,1249.9,785.7,-158.4,1872.3,BB-
Fugro NV (ENXTAM:FUR),ENXTAM:FUR,Energy (Primary),2286.5,1359.5,445.3,94.6,-43.9,1837.2,
Delek Drilling - Limited Partnership (TASE:DEDR.L),TASE:DEDR.L,Energy (Primary),2284.5,988.4,167.5,130.5,-39,301.9,
Gaztransport & Technigaz Sas (GTT) (ENXTPA:GTT),ENXTPA:GTT,Energy (Primary),2283.4,2.7,172.3,168.1,,91.7,
InterOil Corporation (NYSE:IOC),NYSE:IOC,Energy (Primary),2266.2,66.5,-55.9,-68.3,-11.4,1028.7,
"Delek US Holdings, Inc. (NYSE:DK)",NYSE:DK,Energy (Primary),2257.8,589.7,474.8,365.4,-40.6,1001.7,
"Wuhan Kaidi Electric Power Co., Ltd. (SZSE:000939)",SZSE:000939,Energy (Primary),2251.9,1374,117.9,72,-42.6,447.3,
Northern Tier Energy LP (NYSE:NTI),NYSE:NTI,Energy (Primary),2237.3,362.8,397.8,359.6,-26.6,403.7,B+
"Henan Shenhuo Coal & Power Co.,Ltd. (SZSE:000933)",SZSE:000933,Energy (Primary),2201.8,3577.7,403.1,183.1,-245.1,1106.9,
Petronet LNG Ltd. (BSE:532522),BSE:532522,Energy (Primary),2171.4,421.2,265.5,202.3,-43.9,855.1,
Oil States International Inc. (NYSE:OIS),NYSE:OIS,Energy (Primary),2136,147.4,438.4,313.7,-17.2,1340.7,NR
"Gansu Jingyuan Coal Industry & Electricity Power Co., Ltd (SZSE:000552)",SZSE:000552,Energy (Primary),2120,217.8,115.2,81.2,-11.8,452,
Fluxys Belgium SA (ENXTBR:FLUX),ENXTBR:FLUX,Energy (Primary),2078.5,2367.9,357.6,179.4,-70.1,907.2,
Teekay Offshore Partners LP (NYSE:TOO),NYSE:TOO,Energy (Primary),2063,2828.7,423.4,260.2,-219.7,589.2,
Petron Corporation (PSE:PCOR),PSE:PCOR,Energy (Primary),2061.2,4110.4,415.4,290.6,-74.1,2068.6,
Enbridge Income Fund Holdings Inc. (TSX:ENF),TSX:ENF,Energy (Primary),2058.1,0,,86.1,,2313.3,
Mangalore Refinery and Petrochemicals Limited (BSE:500109),BSE:500109,Energy (Primary),2052.2,1320.2,-293.3,-417.1,-41.9,949.6,
Matador Resources Company (NYSE:MTDR),NYSE:MTDR,Energy (Primary),2051,340,314.4,179.1,-5.33,866.4,B
Precision Drilling Corporation (TSX:PD),TSX:PD,Energy (Primary),2044.3,1599.4,544.6,194.3,-95.6,2108.1,BB+
"Shanxi Lanhua Sci-Tech Venture Co.,Ltd (SHSE:600123)",SHSE:600123,Energy (Primary),2042.4,1461,149.2,60.4,-28.7,1549.7,
Euronav NV (ENXTBR:EURN),ENXTBR:EURN,Energy (Primary),2036.3,1488.8,166.8,5.82,-96,1397.7,
Genel Energy plc (LSE:GENL),LSE:GENL,Energy (Primary),2022,491.4,416.4,-279.9,-24.5,3725.7,
PT Bayan Resources Tbk (JKSE:BYAN),JKSE:BYAN,Energy (Primary),2021.3,573.9,-109.3,-165.1,-38.8,147,
"Japan Petroleum Exploration Co., Ltd. (TSE:1662)",TSE:1662,Energy (Primary),2014.9,539.8,397,271.6,-6.79,3765.7,
"Bristow Group, Inc. (NYSE:BRS)",NYSE:BRS,Energy (Primary),2004.7,818.2,308.7,208.1,-30.7,1687.3,BB
"Atwood Oceanics, Inc. (NYSE:ATW)",NYSE:ATW,Energy (Primary),2004.6,1748.5,614.6,445.3,-49.1,2607.6,BB
"Foresight Energy, LP (NYSE:FELP)",NYSE:FELP,Energy (Primary),1952.8,1554.1,424.1,263.6,-113,127.8,B+
"U.S. Silica Holdings, Inc. (NYSE:SLCA)",NYSE:SLCA,Energy (Primary),1943.1,506.5,222.1,176.4,-18.2,403.8,
Petrobras Argentina SA (BASE:PESA),BASE:PESA,Energy (Primary),1942.2,313.2,648.8,328.8,-59.5,1354.6,CCC-
ERG SpA (BIT:ERG),BIT:ERG,Energy (Primary),1937.4,1886.2,382.6,197.8,-41.7,2023.2,
"Summit Midstream Partners, LP (NYSE:SMLP)",NYSE:SMLP,Energy (Primary),1934,808,163.2,79.3,-40.2,942.2,B+
"PDC Energy, Inc. (NasdaqGS:PDCE)",NasdaqGS:PDCE,Energy (Primary),1933,664.9,615.3,419.3,-47.8,1137.4,B
Calumet Specialty Products Partners LP (NasdaqGS:CLMT),NasdaqGS:CLMT,Energy (Primary),1932.6,1713.5,262.3,127.1,-110.8,779.6,B+
Ocean Rig UDW Inc. (NasdaqGS:ORIG),NasdaqGS:ORIG,Energy (Primary),1922,4398.9,957.5,633.2,-279.5,3166.3,B-
ShawCor Ltd. (TSX:SCL),TSX:SCL,Energy (Primary),1920.4,367.2,289.4,227.9,-17,840.5,
Golar LNG Partners Limited Partnership (NasdaqGS:GMLP),NasdaqGS:GMLP,Energy (Primary),1905.8,1203.5,325,244.5,-43.8,534.1,
"Parsley Energy, Inc. (NYSE:PE)",NYSE:PE,Energy (Primary),1897.1,677.5,288.5,193,-38.9,707.2,
Cosan Ltd. (BOVESPA:CZLT33),BOVESPA:CZLT33,Energy (Primary),1890,3198.9,674.5,419.1,-374.2,2198.9,BB
"Beijing Haohua Energy Resource Co., Ltd. (SHSE:601101)",SHSE:601101,Energy (Primary),1887.8,598.4,102.9,62.4,-19,1018.3,
Sinopec Kantons Holdings Limited (SEHK:934),SEHK:934,Energy (Primary),1863.2,0,44.9,21.3,,1320.4,
Secure Energy Services Inc. (TSX:SES),TSX:SES,Energy (Primary),1856.2,362.6,170.1,85.2,-7.94,658.2,
PT Bukit Asam (Persero) Tbk (JKSE:PTBA),JKSE:PTBA,Energy (Primary),1854,182.1,204.9,186.5,-3.93,690.6,
United Energy Group Limited (SEHK:467),SEHK:467,Energy (Primary),1837.3,655.9,529.3,305.3,-29.6,1261.1,
"Forum Energy Technologies, Inc. (NYSE:FET)",NYSE:FET,Energy (Primary),1835.6,428.9,313.2,248.1,-29.8,1395.4,BB
"Shaanxi Heimao Coking Co., Ltd. (SHSE:601015)",SHSE:601015,Energy (Primary),1819.7,428.1,155,76.7,-45.5,338.9,
Holly Energy Partners L.P (NYSE:HEP),NYSE:HEP,Energy (Primary),1804.9,868.6,216.9,156.7,-36.1,468.8,BB
WorleyParsons Limited (ASX:WOR),ASX:WOR,Energy (Primary),1803,1004.7,403.3,356,-49.8,1831.9,
Pengrowth Energy Corporation (TSX:PGF),TSX:PGF,Energy (Primary),1779.4,1614.7,938.5,426.6,-64.4,2527.3,
Kingdream Public Limited Company (SZSE:000852),SZSE:000852,Energy (Primary),1778.6,23.4,25.9,10.5,,184.9,
Sunoco LP (NYSE:SUN),NYSE:SUN,Energy (Primary),1770.9,870.5,104.1,77.1,-14.5,1142.4,BB
"Rose Rock Midstream, L.P. (NYSE:RRMS)",NYSE:RRMS,Energy (Primary),1761.8,432.1,61.7,29.6,-20.5,240.9,B+
Saras S.p.A. (BIT:SRS),BIT:SRS,Energy (Primary),1759.6,1000.7,-344.3,-591.6,-464.7,798.6,
DNO ASA (OB:DNO),OB:DNO,Energy (Primary),1727.2,214.7,257.5,53.1,-23,532.8,NR
Parkland Fuel Corporation (TSX:PKI),TSX:PKI,Energy (Primary),1700.4,420.7,140.3,75.5,-22.6,492.1,BB-
Bumi Armada Berhad (KLSE:ARMADA),KLSE:ARMADA,Energy (Primary),1678.1,1823.2,226.5,90.3,-29.1,1912,
"Helix Energy Solutions Group, Inc. (NYSE:HLX)",NYSE:HLX,Energy (Primary),1663.8,551.9,345.5,251.5,-22.6,1653.5,NR
Mullen Group Ltd. (TSX:MTL),TSX:MTL,Energy (Primary),1625.3,608.8,245.9,172.3,-24.6,778,
Nostrum Oil & Gas Plc (LSE:NOG),LSE:NOG,Energy (Primary),1609.1,945.1,510.8,398.8,-60.8,917.7,
GasLog Ltd. (NYSE:GLOG),NYSE:GLOG,Energy (Primary),1585,1947.2,216.1,145.4,-93.4,929.4,
"Anyuan Coal Industry Group Co., Ltd. (SHSE:600397)",SHSE:600397,Energy (Primary),1576.6,625.1,96.6,65.1,-34.1,560.7,
"Anhui Hengyuan Coal-Electricity Group Co., Ltd. (SHSE:600971)",SHSE:600971,Energy (Primary),1574.8,290.6,142.8,20.3,-19.2,1166.1,
Aker Solutions (OB:AKSO),OB:AKSO,Energy (Primary),1562.3,524.4,347.3,278.4,-25,758.8,
Paz Oil Company Ltd. (TASE:PZOL),TASE:PZOL,Energy (Primary),1550.1,1053.3,270.8,167.3,-33.1,772.5,
Ophir Energy Plc (LSE:OPHR),LSE:OPHR,Energy (Primary),1539.9,0,-44.7,-356.5,-3.4,1698.3,
"Rosetta Resources, Inc. (NasdaqGS:ROSE)",NasdaqGS:ROSE,Energy (Primary),1539.8,2000,998.7,581.9,-75.3,1669.1,BB-
"C&J Energy Services, Ltd. (NYSE:CJES)",NYSE:CJES,Energy (Primary),1532.6,353.7,231.9,123.7,-9.84,781.9,BB-
Z Energy Limited (NZSE:ZEL),NZSE:ZEL,Energy (Primary),1525.8,335.1,131.7,98.2,-25.7,431.7,
Scorpio Tankers Inc. (NYSE:STNG),NYSE:STNG,Energy (Primary),1515.4,1571.7,64.9,26.5,-20.4,1162.8,
Pason Systems Inc. (TSX:PSI),TSX:PSI,Energy (Primary),1509.8,0,204.3,156.3,,417.5,
"Shanghai Datun Energy Resources Co., Ltd. (SHSE:600508)",SHSE:600508,Energy (Primary),1509,392.9,124.8,15.9,-10,1285.1,
New Hope Corporation Limited (ASX:NHC),ASX:NHC,Energy (Primary),1505.3,0,98.8,49.7,,1460.8,
KazTransOil JSC (KAS:KZTO),KAS:KZTO,Energy (Primary),1492.8,0,586.4,397.7,,2510,BB+
Unit Corporation (NYSE:UNT),NYSE:UNT,Energy (Primary),1492.5,838,717.7,308.1,-17.4,2332.4,BB-
Grupa LOTOS Spólka Akcyjna (WSE:LTS),WSE:LTS,Energy (Primary),1487.4,1902.2,175.6,-225.2,-49.6,2331,
Raging River Exploration Inc. (TSX:RRX),TSX:RRX,Energy (Primary),1486.4,41.7,213.2,133.8,-3.19,429.1,
"NuStar GP Holdings, LLC (NYSE:NSH)",NYSE:NSH,Energy (Primary),1483.9,26,,62,-0.885,310.8,
Viper Energy Partners LP (NasdaqGS:VNOM),NasdaqGS:VNOM,Energy (Primary),1483.4,0,68,40.4,-11.2,535.4,
PT Indo Tambangraya Megah Tbk (JKSE:ITMG),JKSE:ITMG,Energy (Primary),1474.7,0,298.8,235.9,-0.898,898.6,
Memorial Production Partners LP (NasdaqGS:MEMP),NasdaqGS:MEMP,Energy (Primary),1472,1595.4,368.5,207.4,-83.6,1068.8,B+
Peabody Energy Corp. (NYSE:BTU),NYSE:BTU,Energy (Primary),1467.6,5986.8,782.8,127.1,-428.2,2724.8,BB-
Cairn Energy plc (LSE:CNE),LSE:CNE,Energy (Primary),1440.3,0,-319,-367,-0.3,2663.1,
Bangchak Petroleum Public Co. Ltd. (SET:BCP),SET:BCP,Energy (Primary),1436.3,949.1,118.3,19.4,-40.9,1012.2,
Total Gabon (ENXTPA:EC),ENXTPA:EC,Energy (Primary),1426.2,360.7,920.4,276.4,-3.3,2341,
"Western Refining Logistics, LP (NYSE:WNRL)",NYSE:WNRL,Energy (Primary),1411.3,269,92,74.7,-2.37,-27.1,B
"Exterran Partners, L.P. (NasdaqGS:EXLP)",NasdaqGS:EXLP,Energy (Primary),1407.8,1305.4,262.5,134.3,-57.8,663.8,B+
Ship Finance International Limited (NYSE:SFL),NYSE:SFL,Energy (Primary),1406.7,1732.5,155.4,88,-74.8,1153.5,NR
"Linn Co, LLC (NasdaqGS:LNCO)",NasdaqGS:LNCO,Energy (Primary),1397.3,0,,-2.82,,1298.6,
UMW Oil & Gas Corporation Berhad (KLSE:UMWOG),KLSE:UMWOG,Energy (Primary),1391.6,644.9,117.8,79.9,-7.33,915.6,
Slavneft-Megionneftegaz (MICEX:MFGS),MICEX:MFGS,Energy (Primary),1388.9,477.5,673.4,443.2,-27.7,2951.3,
"Sino Geophysical Co., Ltd. (SZSE:300191)",SZSE:300191,Energy (Primary),1368.3,0,6.65,5.52,,195.2,
Eclipse Resources Corporation (NYSE:ECR),NYSE:ECR,Energy (Primary),1364.1,414,64,-66.6,-48.3,1152.7,
Forte Oil Plc (NGSE:FO),NGSE:FO,Energy (Primary),1356.5,223.4,52.9,42.2,-22.9,67.7,
"Cangzhou Mingzhu Plastic Co., Ltd. (SZSE:002108)",SZSE:002108,Energy (Primary),1351.3,123.2,43.9,35.2,,197.3,
"Bonanza Creek Energy, Inc. (NYSE:BCEI)",NYSE:BCEI,Energy (Primary),1340.9,840.6,470.5,74.1,-46.4,740.1,B
BP Prudhoe Bay Royalty Trust (NYSE:BPT),NYSE:BPT,Energy (Primary),1328.7,0,,226.8,,0.833,
Ensign Energy Services Inc. (TSX:ESI),TSX:ESI,Energy (Primary),1301.4,679,475.9,217.8,-18.6,1766.1,
SEACOR Holdings Inc. (NYSE:CKH),NYSE:CKH,Energy (Primary),1297.8,883.4,245,113.3,-43.8,1399.5,BB-
Liquefied Natural Gas Limited (ASX:LNG),ASX:LNG,Energy (Primary),1295,0.011,-38.5,-38.6,-0.002,50.3,
Frontline 2012 Ltd. (OTCNO:FRNT),OTCNO:FRNT,Energy (Primary),1286.8,881.1,89.9,51.7,-8.41,1058.6,
Synergy Resources Corporation (AMEX:SYRG),AMEX:SYRG,Energy (Primary),1280.6,77,111,67.2,0,313.7,
Bourbon (ENXTPA:GBB),ENXTPA:GBB,Energy (Primary),1272.1,2058.8,456.9,85.3,-10.9,1967,
Martin Midstream Partners LP (NasdaqGS:MMLP),NasdaqGS:MMLP,Energy (Primary),1270.5,910.6,141.5,72.7,-43,498.7,B+
Overseas Shipholding Group Inc. (AMEX:OSGB),AMEX:OSGB,Energy (Primary),1259.4,1668.7,226.5,105,-232.5,1286.1,B
"Vanguard Natural Resources, LLC (NasdaqGS:VNR)",NasdaqGS:VNR,Energy (Primary),1251,1932.8,562.8,335.9,-71.7,1198.7,B+
"Qitaihe Baotailong Coal & Coal Chemicals Public Co., Ltd. (SHSE:601011)",SHSE:601011,Energy (Primary),1242.7,340,64.1,37.6,-23.5,468.8,
Ezion Holdings Limited (SGX:5ME),SGX:5ME,Energy (Primary),1242.4,1496,282.3,179.5,-22.5,1289.2,
Inner Mongolia PingZhuang Energy Co Ltd. (SZSE:000780),SZSE:000780,Energy (Primary),1242.2,0,42,5.38,-0.027,777.9,
"ShanDong SunWay Petrochemical Engineering Co., Ltd. (SZSE:002469)",SZSE:002469,Energy (Primary),1239,0,31.5,29.9,,180.3,
Det Norske Oljeselskap ASA (OB:DETNOR),OB:DETNOR,Energy (Primary),1228.1,2296.1,214.4,1.81,-83.8,651.7,
Emerge Energy Services LP (NYSE:EMES),NYSE:EMES,Energy (Primary),1225.3,222.9,122.6,97.8,-7.39,155.2,
Breitburn Energy Partners LP (NasdaqGS:BBEP),NasdaqGS:BBEP,Energy (Primary),1217.1,3359.6,1001.8,561.1,-126.5,3566.1,B+
"Cosmo Oil Company, Limited (TSE:5007)",TSE:5007,Energy (Primary),1217,7273,106.6,-80.9,-106.5,1449.9,
Bonavista Energy Corporation (TSX:BNP),TSX:BNP,Energy (Primary),1212.5,897.8,667.8,338.4,-40.4,2035.9,
Seadrill Partners LLC (NYSE:SDLP),NYSE:SDLP,Energy (Primary),1210.2,3650.4,828.3,614.8,-140.9,928.2,BB-
"Zhongyuan Special Steel Co.,Ltd. (SZSE:002423)",SZSE:002423,Energy (Primary),1201.1,95.8,4.87,-9.49,,285.2,
Transportadora de Gas Del Sur S.A. (BASE:TGSU2),BASE:TGSU2,Energy (Primary),1200.4,288.3,138.9,109.2,-35.1,218.3,CCC-
Oil Refineries Ltd. (TASE:ORL),TASE:ORL,Energy (Primary),1195,1684.8,238.4,70.3,-146.4,654.2,
"Zhengzhou Coal Industry & Electric Power Co., Ltd. (SHSE:600121)",SHSE:600121,Energy (Primary),1191,681.8,176.5,66.8,-47.5,633.9,
Hellenic Petroleum SA (ATSE:ELPE),ATSE:ELPE,Energy (Primary),1180.9,3618.8,-101.2,-338.9,-271,1958.7,
Hunting plc (LSE:HTG),LSE:HTG,Energy (Primary),1174.6,223.3,260.2,165.4,-12.4,1408.1,
"Shandong Molong Petroleum Machinery Co., Ltd. (SEHK:568)",SEHK:568,Energy (Primary),1171.3,308.4,49.6,10.2,-11,434.4,
CGG (ENXTPA:CGG),ENXTPA:CGG,Energy (Primary),1168.9,2778.9,89.6,-697.5,-144,2693,B
Petroleum Geo-Services ASA (OB:PGS),OB:PGS,Energy (Primary),1158.3,1184.9,703.4,178,-30.1,1909.7,B+
Zhejiang Haiyue Co. Ltd. (SHSE:600387),SHSE:600387,Energy (Primary),1152.5,1004.1,-2.7,-9.28,-8.73,201.9,
Crestwood Equity Partners LP (NYSE:CEQP),NYSE:CEQP,Energy (Primary),1146.6,2401.4,471.3,186,-127.1,776.2,
"Alon USA Energy, Inc. (NYSE:ALJ)",NYSE:ALJ,Energy (Primary),1142.2,564.9,325.4,201.3,-111.1,636.2,NR
McDermott International Inc. (NYSE:MDR),NYSE:MDR,Energy (Primary),1139.9,891.5,72.5,-20.7,-60.9,1488.2,B+
Premier Oil plc (LSE:PMO),LSE:PMO,Energy (Primary),1138.1,2386.2,1001.6,486.7,-149.4,1872.2,
"Alon USA Partners, LP (NYSE:ALDW)",NYSE:ALDW,Energy (Primary),1128.9,302.4,270.1,222.6,-46.7,188.4,B+
Navigator Holdings Ltd. (NYSE:NVGS),NYSE:NVGS,Energy (Primary),1127.4,542.9,157.3,115.5,-30.3,805.7,
Canadian Energy Services & Technology Corp. (TSX:CEU),TSX:CEU,Energy (Primary),1122.4,324.3,134.8,101.2,-20.2,466.3,B
Whitehaven Coal Limited (ASX:WHC),ASX:WHC,Energy (Primary),1121.4,818.4,127.3,-1.93,-33.2,2540.8,
Beijing Oil HBP Group (SZSE:002554),SZSE:002554,Energy (Primary),1120.4,48.9,37.7,34.4,,221.3,
Freehold Royalties Ltd. (TSX:FRU),TSX:FRU,Energy (Primary),1119.1,120,139.3,80.9,-3.8,363.4,
Seplat Petroleum Development Company Plc (LSE:SEPL),LSE:SEPL,Energy (Primary),1118,589.4,377.5,332.2,-47.4,1409.1,
Green Plains Inc. (NasdaqGS:GPRE),NasdaqGS:GPRE,Energy (Primary),1117.8,672.8,336.1,275.8,-39.9,797.4,B+
Schoeller-Bleckmann Oilfield Equipment AG (WBAG:SBO),WBAG:SBO,Energy (Primary),1109.7,200.7,177.9,125.9,-14.2,551.6,
"Xinjiang International Industry Co.,Ltd (SZSE:000159)",SZSE:000159,Energy (Primary),1106.3,70,8.45,3.75,-6.67,347.2,
Tidewater Inc. (NYSE:TDW),NYSE:TDW,Energy (Primary),1103.2,1491.3,451.3,278.3,-50.7,2502.7,NR
Global Partners LP (NYSE:GLP),NYSE:GLP,Energy (Primary),1092,609.3,253.8,167.4,-47.8,586.2,B+
Beach Energy Limited (ASX:BPT),ASX:BPT,Energy (Primary),1073.2,120.8,195.5,-113.2,-10.6,1459.1,
Nordic American Tankers Limited (NYSE:NAT),NYSE:NAT,Energy (Primary),1072,250,58.3,-6.28,-12.2,882.1,
CONE Midstream Partners LP (NYSE:CNNX),NYSE:CNNX,Energy (Primary),1068.5,31.3,72.2,64.8,,297.3,
RAK Petroleum plc (OB:RAKP),OB:RAKP,Energy (Primary),1048.9,0,-6.62,-6.65,-0.008,867.9,
BW LPG Limited (OB:BWLPG),OB:BWLPG,Energy (Primary),1044.3,531.9,327.4,269,-11.3,1071.4,
Capital Product Partners L.P. (NasdaqGS:CPLP),NasdaqGS:CPLP,Energy (Primary),1020,577.9,134.2,60.7,-16.5,735.5,BB-
"GI Technologies (Beijing) Co., Ltd. (SZSE:300309)",SZSE:300309,Energy (Primary),1018.1,0.484,19.5,16.2,,202,
"Delek Logistics Partners, LP (NYSE:DKL)",NYSE:DKL,Energy (Primary),1018,251.8,92.4,80.1,-8.66,27.1,
Enerflex Ltd. (TSX:EFX),TSX:EFX,Energy (Primary),1016.2,436.1,156.9,112.7,-9.03,877.7,
"Shanxi Coking Co.,Ltd. (SHSE:600740)",SHSE:600740,Energy (Primary),1015.6,351.4,66.1,21.8,-36,461.2,
"SandRidge Energy, Inc. (NYSE:SD)",NYSE:SD,Energy (Primary),1006.4,3195.4,1298,791.9,-244.1,1937.8,B
Penn West Petroleum Ltd. (TSX:PWT),TSX:PWT,Energy (Primary),1005.1,1855.7,993,-56.1,-136.4,4820.1,
OMV Petrol Ofisi AS (IBSE:PTOFS),IBSE:PTOFS,Energy (Primary),1003.3,1660.7,228.6,70.3,-162.8,827.9,NR
China Suntien Green Energy Corporation Limited (SEHK:956),SEHK:956,Energy (Primary),992,1777.8,256.9,169.4,-78.5,1186.6,
Oando PLC (NGSE:OANDO),NGSE:OANDO,Energy (Primary),991.5,2149.2,304.4,187.7,-252.3,1235.9,
Oando Energy Resources  Inc. (TSX:OER),TSX:OER,Energy (Primary),987.9,812.7,188.6,-367.7,-127.6,1012.1,
Naftna Industrija Srbije a.d. Novi Sad (BELEX:NIIS),BELEX:NIIS,Energy (Primary),986.6,1082.8,613.4,485.9,-25,1836.1,
Parex Resources Inc. (TSX:PXT),TSX:PXT,Energy (Primary),979.7,42.3,352.5,88.5,-39.6,803.7,
James Fisher and Sons Public Limited Company (LSE:FSJ),LSE:FSJ,Energy (Primary),972.8,125.8,111.2,78.5,-6.09,316,
Advantage Oil & Gas Ltd. (TSX:AAV),TSX:AAV,Energy (Primary),966.7,169.2,186.3,112.5,-12.8,945,
Pakistan State Oil Company Limited (KASE:PSO),KASE:PSO,Energy (Primary),965.9,1367.3,200.1,190.2,-63.6,828.4,
Stone Energy Corp. (NYSE:SGY),NYSE:SGY,Energy (Primary),961.8,1041,464.3,95.9,-38.9,1101.6,B
TORC Oil & Gas Ltd. (TSX:TOG),TSX:TOG,Energy (Primary),958.9,155.3,180.7,16.9,-5.36,808.5,
"USA Compression Partners, LP (NYSE:USAC)",NYSE:USAC,Energy (Primary),956.4,594.9,108.8,37.6,-12.5,825.6,
"Sinopec Shandong Taishan Pectroleum Co.,Ltd. (SZSE:000554)",SZSE:000554,Energy (Primary),949.5,8.95,9.95,4.44,-0.111,149.6,
"Zhejiang Kingland Pipeline And Technologies Co.,Ltd. (SZSE:002443)",SZSE:002443,Energy (Primary),949.1,88.6,20.7,13.1,,308.2,
Pacific Drilling S.A. (NYSE:PACD),NYSE:PACD,Energy (Primary),945.1,3158.6,568.5,369.2,-130.1,2578.9,B
Sundiro Holding Co Ltd (SZSE:000571),SZSE:000571,Energy (Primary),941.8,159.8,24.3,13.7,-1.21,356.1,
VTTI Energy Partners LP (NYSE:VTTI),NYSE:VTTI,Energy (Primary),935,643.8,187.8,119,-30.1,283.1,
Établissements Maurel & Prom Société anonyme (ENXTPA:MAU),ENXTPA:MAU,Energy (Primary),933.7,809.5,403.6,307.8,-45.9,1078.1,
"Shenzhen Guangju Energy Co., Ltd. (SZSE:000096)",SZSE:000096,Energy (Primary),932.9,0,14.4,11.9,,306.9,
Itochu Enex Co. Ltd. (TSE:8133),TSE:8133,Energy (Primary),928.1,433,227.7,129.7,-8.05,805.3,
Bonterra Energy Corp (TSX:BNE),TSX:BNE,Energy (Primary),923.4,178.5,192.3,99,-4.96,548.5,
Kelt Exploration Ltd. (TSX:KEL),TSX:KEL,Energy (Primary),922.7,40.5,94,19.3,-0.708,535.1,
"Tong Oil Tools Co., Ltd. (SZSE:300164)",SZSE:300164,Energy (Primary),917.7,21.2,6.9,-0.8,-1.09,189.5,
"QEP Midstream Partners, LP (NYSE:QEPM)",NYSE:QEPM,Energy (Primary),911.4,210,80.3,48.3,-4,357.2,
NuVista Energy Ltd. (TSX:NVA),TSX:NVA,Energy (Primary),910.7,148.5,143.5,54.2,-4.9,593.8,
Titas Gas Transmission and Distribution Company Limited (DSE:TITASGAS),DSE:TITASGAS,Energy (Primary),909.1,17.6,125.3,114.5,-0.731,676.8,
Birchcliff Energy Ltd. (TSX:BIR),TSX:BIR,Energy (Primary),903.4,446.7,272.4,152.6,-17.5,919.5,
Lanpec Technologies Limited (SHSE:601798),SHSE:601798,Energy (Primary),899.2,70.9,23.9,13.6,-4.65,311.9,
Ocean Yield AS (OB:OCY),OB:OCY,Energy (Primary),890.6,994.5,220.2,123.8,-56.7,708.1,
Par Petroleum Corporation (AMEX:PARR),AMEX:PARR,Energy (Primary),888.8,137.9,-10.3,-25.2,-13.8,292.2,NR
"MODEC, Inc. (TSE:6269)",TSE:6269,Energy (Primary),885.9,195.1,116.8,69.6,-6.18,807.8,
Transocean Partners LLC (NYSE:RIGP),NYSE:RIGP,Energy (Primary),879.3,43,284,233,-1,1411,
Sanchez Energy Corporation (NYSE:SN),NYSE:SN,Energy (Primary),872.3,1746.3,610,271.9,-89.8,999.5,B
"CAMAC Energy, Inc. (AMEX:CAK)",AMEX:CAK,Energy (Primary),868.4,160.4,-69.6,-93.3,-4.38,333.4,
Natural Resource Partners LP (NYSE:NRP),NYSE:NRP,Energy (Primary),864.7,1475.2,258.3,158.6,-80.2,708.6,B+
The Great Eastern Shipping Company Limited (BSE:500620),BSE:500620,Energy (Primary),861,985.5,231.6,128.2,-45.7,1145.5,
PT Golden Energy Mines Tbk (JKSE:GEMS),JKSE:GEMS,Energy (Primary),860.6,5.04,35.7,14.4,-0.201,248.1,
Halcón Resources Corporation (NYSE:HK),NYSE:HK,Energy (Primary),860.5,3746.7,1271.2,736.8,-148.8,1772.2,B
Rice Midstream Partners LP (NYSE:RMP),NYSE:RMP,Energy (Primary),854.6,0,-20.1,-24.1,-11.6,393.4,
"Gran Tierra Energy, Inc. (AMEX:GTE)",AMEX:GTE,Energy (Primary),850,0,394.2,208.3,,1276.7,
"Nippon Gas Co., Ltd. (TSE:8174)",TSE:8174,Energy (Primary),848.4,533.2,159.1,72.7,-4.83,254.2,
SOCO International plc (LSE:SIA),LSE:SIA,Energy (Primary),841.8,0,342.8,152.6,-2.2,975.1,
Dana Gas PJSC (ADX:DANA),ADX:DANA,Energy (Primary),833.9,748,393,252,-73,2707,
Motor Oil Hellas Corinth Refineries SA (ATSE:MOH),ATSE:MOH,Energy (Primary),830.9,1450.1,120.2,3.16,-90.3,498.8,
CrossAmerica Partners LP (NYSE:CAPL),NYSE:CAPL,Energy (Primary),818.2,290.4,56.7,23.3,-16.6,190.5,
NewOcean Energy Holdings Limited (SEHK:342),SEHK:342,Energy (Primary),813.5,957.8,129.9,115.6,-29.2,628.6,
Green Dragon Gas Ltd. (LSE:GDG),LSE:GDG,Energy (Primary),811.5,79.4,8.98,-8.26,-4.09,613.1,
Newpark Resources Inc. (NYSE:NR),NYSE:NR,Energy (Primary),811.3,184.1,170.5,129.4,-10.4,625.5,B+
PT Medco Energi Internasional Tbk. (JKSE:MEDC),JKSE:MEDC,Energy (Primary),807,1185.8,247.8,149.4,-71.4,910.8,NR
Höegh LNG Holdings Ltd. (OB:HLNG),OB:HLNG,Energy (Primary),792.5,831.9,1.62,-19.4,-18.3,366.3,
Societatea Nationala de Transport Gaze Naturale Transgaz S.A. (BVB:TGN),BVB:TGN,Energy (Primary),787.9,0,210.2,161.4,-3.55,910.2,BB
Trilogy Energy Corp. (TSX:TET),TSX:TET,Energy (Primary),783.9,605.4,327.6,102,-33.7,494,B
Lubelski Wegiel Bogdanka S.A. (WSE:LWB),WSE:LWB,Energy (Primary),783.1,229.7,211.6,102.3,-2.47,709.7,
"Lanzhou Haimo Technologies Co., Ltd. (SZSE:300084)",SZSE:300084,Energy (Primary),779.1,42.1,13.8,8.11,,102.7,
Dorian LPG Ltd. (NYSE:LPG),NYSE:LPG,Energy (Primary),774.9,135.1,38.4,22.8,-1.89,863.8,
"Hornbeck Offshore Services, Inc. (NYSE:HOS)",NYSE:HOS,Energy (Primary),770.5,1073.5,284,168.6,-30.7,1370.8,BB-
Shanghai SK Petroleum & Chemical Equipment Corporation Ltd (SZSE:002278),SZSE:002278,Energy (Primary),767.9,0,14.7,10.1,,190.9,
PT Sugih Energy Tbk (JKSE:SUGI),JKSE:SUGI,Energy (Primary),767.7,22.8,-1.75,-2.42,-4.33,294.7,
OAO TMK (LSE:TMKS),LSE:TMKS,Energy (Primary),767.7,3228.1,781.9,480.5,-232.7,1204.6,B+
Wison Engineering Services Co. Ltd. (SEHK:2236),SEHK:2236,Energy (Primary),765.5,87.1,52.9,46.2,-43.7,268.7,
"Southcross Energy Partners, L.P. (NYSE:SXE)",NYSE:SXE,Energy (Primary),765.4,476.7,37.3,-4.9,-15.6,607.4,B
PT Dian Swastatika Sentosa Tbk (JKSE:DSSA),JKSE:DSSA,Energy (Primary),765.4,270.1,38.5,8.22,-10.4,753.9,
PBF Logistics LP (NYSE:PBFX),NYSE:PBFX,Energy (Primary),764.2,510,20.8,17.1,-2.68,-120.3,
Calfrac Well Services Ltd. (TSX:CFW),TSX:CFW,Energy (Primary),762.5,653.4,308.5,188.1,-51.5,719.6,BB-
Pakistan Oilfields Ltd. (KASE:POL),KASE:POL,Energy (Primary),760.8,0,193.7,135.4,,344.1,
Pacific Rubiales Energy Corp. (TSX:PRE),TSX:PRE,Energy (Primary),759.2,4704.7,2284.7,-417.2,-279.7,2467.6,BB
Legacy Reserves LP (NasdaqGS:LGCY),NasdaqGS:LGCY,Energy (Primary),753.7,941,406.5,-215.9,-67.2,407.7,B+
"Xinjiang Zhundong Petroleum Technology Co., Ltd. (SZSE:002207)",SZSE:002207,Energy (Primary),735.2,39.5,10.3,1.99,-0.836,94.9,
Tsakos Energy Navigation Limited (NYSE:TNP),NYSE:TNP,Energy (Primary),734.5,1418.3,172.6,75.6,-43.1,1177.9,
Ratio Oil Exploration (1992) Limited Partnership (TASE:RATI.L),TASE:RATI.L,Energy (Primary),725.2,0,,-10.4,-0.263,127.1,
Afriquia Gaz SA (CBSE:GAZ),CBSE:GAZ,Energy (Primary),725.1,135.6,90.7,65.7,-9.82,227.2,
Athabasca Oil Corporation (TSX:ATH),TSX:ATH,Energy (Primary),718.7,681.5,18,-197.6,-19.2,2732.3,CCC+
Cardinal Energy Ltd. (TSX:CJ),TSX:CJ,Energy (Primary),718.3,41.2,114.8,58.6,-0.76,645.8,
"Qinghai Jinrun Mineral Development Co., Ltd (SHSE:600714)",SHSE:600714,Energy (Primary),714.5,70.3,11.7,5.29,-3.79,75.5,
CARBO Ceramics Inc. (NYSE:CRR),NYSE:CRR,Energy (Primary),708.8,25,158.8,107.9,,776.1,
Northern Blizzard Resources Inc. (TSX:NBZ),TSX:NBZ,Energy (Primary),704.1,328.8,219.8,82.6,-31.5,968.7,B
Dorchester Minerals LP (NasdaqGS:DMLP),NasdaqGS:DMLP,Energy (Primary),704,0,54.6,44.5,,93.8,
Aegean Marine Petroleum Network Inc. (NYSE:ANW),NYSE:ANW,Energy (Primary),695.7,755,110,74.8,-33.9,567.4,
PT Capitalinc Investment Tbk (JKSE:MTFN),JKSE:MTFN,Energy (Primary),693.9,121.7,,,,251.6,
EV Energy Partners LP (NasdaqGS:EVEP),NasdaqGS:EVEP,Energy (Primary),693.1,1030.4,266.2,41.3,-52.6,1077.8,B
Slovnaft AS (BSSE:1SLN01AE),BSSE:1SLN01AE,Energy (Primary),691.7,258.2,101.6,-36.7,-62.4,1546.2,
"SK Gas Co., Ltd. (KOSE:A018670)",KOSE:A018670,Energy (Primary),691.4,1303.1,145.5,110.3,-17.8,1082.5,
"DHT Holdings, Inc. (NYSE:DHT)",NYSE:DHT,Energy (Primary),683.4,670.8,39.3,-2.05,-13.8,674.9,
Apexindo Pratama Duta tbk PT (JKSE:APEX),JKSE:APEX,Energy (Primary),681,385.4,109.5,102.4,-32.2,28.9,NR
"Clayton Williams Energy, Inc. (NYSE:CWEI)",NYSE:CWEI,Energy (Primary),680.1,704.7,297.9,107.3,-50.9,397.8,B
CSI Compressco LP (NasdaqGS:CCLP),NasdaqGS:CCLP,Energy (Primary),677.8,540,81.2,40.3,-13,538.9,B
Bankers Petroleum Ltd. (TSX:BNK),TSX:BNK,Energy (Primary),675.4,99.5,358.5,240.9,-7.84,716.5,
Spartan Energy Corp. (TSX:SPE),TSX:SPE,Energy (Primary),675.3,64.3,79,21.4,-2.52,586.1,
Dynagas LNG Partners LP (NYSE:DLNG),NYSE:DLNG,Energy (Primary),674.3,575,82.5,64.7,-14.1,297.7,
"Midcoast Energy Partners, L.P. (NYSE:MEP)",NYSE:MEP,Energy (Primary),673.3,760,320.2,168.8,-16.7,1867.6,
Gulf Marine Services PLC (LSE:GMS),LSE:GMS,Energy (Primary),672.5,333.1,138.8,121.9,-21.3,358.6,
Boustead Singapore Limited (SGX:F9D),SGX:F9D,Energy (Primary),668,120.5,73,65.6,-1.02,276,
"Atlas Resource Partners, L.P. (NYSE:ARP)",NYSE:ARP,Energy (Primary),661.3,1394.5,260.5,-529,-62.1,735.7,B
Prosafe SE (OB:PRS),OB:PRS,Energy (Primary),655.8,830.1,312.6,248.3,-37.3,748.5,
GasLog Partners LP (NYSE:GLOP),NYSE:GLOP,Energy (Primary),651.4,473.1,89.3,64.7,-34.1,408.1,
PetroVietnam Drilling and Well Services Corporation (HOSE:PVD),HOSE:PVD,Energy (Primary),641.2,144.9,186.9,137.2,-6.77,535,
PJSC Ukrnafta (DB:UKAA),DB:UKAA,Energy (Primary),637.6,3.32,230.5,119.6,-140.5,1414.3,
Teekay Tankers Ltd. (NYSE:TNK),NYSE:TNK,Energy (Primary),633.2,663.3,89.4,39.2,-18.7,455.7,
Esso S.A.F. (ENXTPA:ES),ENXTPA:ES,Energy (Primary),631.9,,-562.9,-711.7,-10.9,,
Esso (Thailand) Public Company Limited (SET:ESSO),SET:ESSO,Energy (Primary),631.8,1084.2,-296.8,-361.3,-27.4,374.8,
PACC Offshore Services Holdings Ltd. (SGX:U6C),SGX:U6C,Energy (Primary),629.2,560.5,66,26.5,-10.9,1213.8,
Aldrees Petroleum and Transport Services Company Ltd. (SASE:4200),SASE:4200,Energy (Primary),626.8,84,52.4,36.9,-3.09,154.7,
The New Zealand Refining Company Limited (NZSE:NZR),NZSE:NZR,Energy (Primary),617.3,250.6,67.9,11.8,-1.91,502.9,
PT ABM Investama Tbk (JKSE:ABMM),JKSE:ABMM,Energy (Primary),613.7,649.2,36.4,-66.1,-40.4,207.2,
Lamprell plc (LSE:LAM),LSE:LAM,Energy (Primary),611.7,99,147.3,107.7,-6.01,672.2,
"Japan Drilling Co., Ltd. (TSE:1606)",TSE:1606,Energy (Primary),610.7,340.8,44.8,13.6,-4.13,515.4,
"World Point Terminals, LP (NYSE:WPT)",NYSE:WPT,Energy (Primary),602.4,0,54.3,33.8,-0.849,170,
Gujarat Mineral Development Corporation Limited (BSE:532181),BSE:532181,Energy (Primary),596.3,,102.8,82.4,,,
Sequa Petroleum NV (ENXTPA:MLSEQ),ENXTPA:MLSEQ,Energy (Primary),594.8,,,,,,
Exmar NV (ENXTBR:EXM),ENXTBR:EXM,Energy (Primary),589.5,,47.4,-6.5,,,
Sabine Royalty Trust (NYSE:SBR),NYSE:SBR,Energy (Primary),586.5,0,,59.2,,4.54,
"RigNet, Inc. (NasdaqGS:RNET)",NasdaqGS:RNET,Energy (Primary),584.7,86.1,68.5,39.7,-2.19,141.9,
Africa Oil Corp (TSX:AOI),TSX:AOI,Energy (Primary),582.1,0,-24.8,-153.1,,797,
Crew Energy Inc. (TSX:CR),TSX:CR,Energy (Primary),581,169.3,338.9,-2.53,-17.7,682.5,B
Navios Maritime Acquisition Corporation (NYSE:NNA),NYSE:NNA,Energy (Primary),575.6,1164.3,147.3,79.6,-78.6,487.3,B+
Höegh LNG Partners LP (NYSE:HMLP),NYSE:HMLP,Energy (Primary),574.9,228,10,8.29,-9.75,225.5,
C.A.T. Oil AG (XTRA:O2C),XTRA:O2C,Energy (Primary),571,72.9,154.3,93.6,-1.18,320.9,BB
Surge Energy Inc. (TSX:SGY),TSX:SGY,Energy (Primary),570.8,487.2,269.8,-56.7,-14.9,929,
Akastor ASA (OB:AKA),OB:AKA,Energy (Primary),567.3,672.1,147,24.2,-54.3,1253.5,
Naphtha Israel Petroleum Corp. Ltd. (TASE:NFTA),TASE:NFTA,Energy (Primary),563.1,912.9,364.3,226.7,-57,222.8,
QGEP Participações S.A. (BOVESPA:QGEP3),BOVESPA:QGEP3,Energy (Primary),560.7,94.5,105.8,37.3,-0.099,951.4,
Open Joint-Stock Company Slavneft - Yaroslavnefteorgsintez (MICEX:JNOS),MICEX:JNOS,Energy (Primary),558.8,433.9,299.9,205.4,-31.4,542.4,
Magnum Hunter Resources Corp. (NYSE:MHR),NYSE:MHR,Energy (Primary),558.7,948.7,0.048,-565,-86.5,117.6,CCC+
Mari Petroleum Company Limited (KASE:MARI),KASE:MARI,Energy (Primary),555.9,115.7,63.5,52.9,-11.1,87.6,
"Jadranski naftovod, Joint Stock Company (ZGSE:JNAF-R-A)",ZGSE:JNAF-R-A,Energy (Primary),551.9,,,,,,
Public Joint Stock Company Uzhgorodsky Turbogaz (UKR:UZHT),UKR:UZHT,Energy (Primary),551.5,22.3,2.5,1.6,-1.58,34.5,
KNOT Offshore Partners LP (NYSE:KNOP),NYSE:KNOP,Energy (Primary),551.4,617.9,81.7,50.7,-19.2,419.4,
San Juan Basin Royalty Trust (NYSE:SJT),NYSE:SJT,Energy (Primary),550,0,,59.9,,9.36,
Painted Pony Petroleum Ltd. (TSX:PPY),TSX:PPY,Energy (Primary),549.6,0,76,23.2,-1.63,577.6,
Sprague Resources LP (NYSE:SRLP),NYSE:SRLP,Energy (Primary),548.2,822.9,178.2,160.6,-29.7,115.9,
EXCO Resources Inc. (NYSE:XCO),NYSE:XCO,Energy (Primary),547.5,1446.5,483,216.7,-94.3,510,B
Hankook Shell Oil Co. Ltd. (KOSE:A002960),KOSE:A002960,Energy (Primary),544.8,0,31.4,30.3,,83,
Transmontaigne Partners L.P. (NYSE:TLP),NYSE:TLP,Energy (Primary),542.9,252,64,34.5,-6.46,333.6,
Dayang Enterprise Holdings Berhad (KLSE:DAYANG),KLSE:DAYANG,Energy (Primary),542.8,44,68.9,57.1,-2.06,275.5,
Penn Virginia Corporation (NYSE:PVA),NYSE:PVA,Energy (Primary),541.9,1110,520.6,-571.5,-88.8,671.8,B+
Callon Petroleum Company (NYSE:CPE),NYSE:CPE,Energy (Primary),541.3,335,132.3,73.5,-9.77,433.7,
"Northern Oil and Gas, Inc. (AMEX:NOG)",AMEX:NOG,Energy (Primary),540.5,806.1,478.7,305.8,-42.1,770.9,B
"TETRA Technologies, Inc. (NYSE:TTI)",NYSE:TTI,Energy (Primary),532.9,935,110.5,-6.4,-32.8,369.7,
Matrix Service Company (NasdaqGS:MTRX),NasdaqGS:MTRX,Energy (Primary),530.2,11.8,62.4,39.9,-1.51,289.4,
China Aviation Oil (Singapore) Corporation Ltd (SGX:G92),SGX:G92,Energy (Primary),525.1,0,10.6,9.79,-1.55,553.5,
Trinidad Drilling Ltd. (TSX:TDG),TSX:TDG,Energy (Primary),518.1,455.8,215.5,107.5,-34.1,980.8,BB
Shell Oman Marketing Company SAOG (MSM:SOMS),MSM:SOMS,Energy (Primary),518,18.2,41.5,36.4,-0.317,88,
Clean Energy Fuels Corp. (NasdaqGS:CLNE),NasdaqGS:CLNE,Energy (Primary),516,570.7,-7.38,-53.4,-44.4,437.4,
"Sichuan Renzhi Oilfield Technology Services Co.,Ltd. (SZSE:002629)",SZSE:002629,Energy (Primary),512.7,19.3,4.88,1.03,,117.6,
Westmoreland Coal Co. (NasdaqGM:WLB),NasdaqGM:WLB,Energy (Primary),508.6,984.8,128.8,-3.13,-84.2,-364.8,B
Fred Olsen Energy ASA (OB:FOE),OB:FOE,Energy (Primary),505.6,1455.4,516.2,186.8,,1307.9,
BW Offshore Limited (OB:BWO),OB:BWO,Energy (Primary),505.1,1900.7,503.4,282.7,-65.1,1198.1,
DeeThree Exploration Ltd. (TSX:DTX),TSX:DTX,Energy (Primary),503.6,120.2,151.5,73,-3.69,400.2,
Bellatrix Exploration Ltd. (TSX:BXE),TSX:BXE,Energy (Primary),499.5,484.8,261.8,103.4,-16.6,1077.9,
PHI Inc. (NasdaqGS:PHII),NasdaqGS:PHII,Energy (Primary),498.6,543,173.9,123.1,-29.5,597.1,BB-
REX American Resources Corporation (NYSE:REX),NYSE:REX,Energy (Primary),494.5,0,139.3,122.5,-2.08,350,
Energy Resources of Australia Ltd. (ASX:ERA),ASX:ERA,Energy (Primary),492.7,0,-101.7,-222.9,-0.998,610.1,
Gulf Keystone Petroleum Limited (LSE:GKP),LSE:GKP,Energy (Primary),487.7,519.6,-33.6,-42.6,-9.42,558.8,
PT. Golden Eagle Energy Tbk (JKSE:SMMT),JKSE:SMMT,Energy (Primary),486.3,20.4,-0.29,-1.04,,35.3,
"San-Ai Oil Co., Ltd. (TSE:8097)",TSE:8097,Energy (Primary),484.1,201.9,91.4,47.9,-6.86,617.5,
Avance Gas Holding Ltd. (OB:AVANCE),OB:AVANCE,Energy (Primary),481.5,183.4,100.7,81.4,-4.33,508.5,
AWE Limited (ASX:AWE),ASX:AWE,Energy (Primary),478.3,49,36.7,-72.5,-4.08,777.3,
Trican Well Service Ltd. (TSX:TCW),TSX:TCW,Energy (Primary),476.9,680.5,226,45.4,-34.3,1109.8,
PetroVietnam Technical Services Corporation (HASTC:PVS),HASTC:PVS,Energy (Primary),474.7,120.6,120.6,74.7,-4.47,434.8,
Parker Drilling Co. (NYSE:PKD),NYSE:PKD,Energy (Primary),473.6,615,264.3,119.2,-44.3,662.4,B+
Paladin Energy Ltd (ASX:PDN),ASX:PDN,Energy (Primary),465,699.9,-31.3,-389.2,-52.8,488,
Bill Barrett Corp. (NYSE:BBG),NYSE:BBG,Energy (Primary),462.8,829,484,201.7,-69.6,1029.5,B+
Indus Gas Ltd. (AIM:INDI),AIM:INDI,Energy (Primary),462.1,332,32.7,27.5,,79.1,
"Shanxi Meijin Energy Co.,Ltd. (SZSE:000723)",SZSE:000723,Energy (Primary),460.9,0,9.46,2.87,-0.046,74,
Jordan Petroleum Refinery Company Ltd. (ASE:JOPT),ASE:JOPT,Energy (Primary),458.4,1623.4,-64.2,-78.5,-93.1,196.4,
W&T Offshore Inc. (NYSE:WTI),NYSE:WTI,Energy (Primary),457.7,1360.1,573.2,62.1,-78.4,509.3,B
Triangle Petroleum Corporation (AMEX:TPLM),AMEX:TPLM,Energy (Primary),455.8,679,223.1,122.2,-20,535.7,
Yanchang Petroleum International Limited (SEHK:346),SEHK:346,Energy (Primary),454.3,119.7,41.1,40.4,-5.39,835.5,
Contango Oil & Gas Company (AMEX:MCF),AMEX:MCF,Energy (Primary),450.2,63.4,161,-42.2,-2.66,567.5,
"Canyon Services Group, Inc. (TSX:FRC)",TSX:FRC,Energy (Primary),447.3,43.6,102,59.4,-1.31,363.1,
Attock Petroleum Ltd. (KASE:APL),KASE:APL,Energy (Primary),444.1,0,38,34.6,-1.5,126.5,
EnQuest PLC (LSE:ENQ),LSE:ENQ,Energy (Primary),439.2,1122.4,605.9,341.8,-55.9,1359.9,B+
Tesco Corporation (NasdaqGS:TESO),NasdaqGS:TESO,Energy (Primary),439.1,0.025,93.3,49.7,-1.19,513.1,
Era Group Inc. (NYSE:ERA),NYSE:ERA,Energy (Primary),438.9,309.5,82.9,36.6,-14.5,460.7,B
Tanker Investments Ltd. (OB:TIL),OB:TIL,Energy (Primary),436.3,334,22.3,6.26,-9.18,389.9,
Aban Offshore Limited (BSE:523204),BSE:523204,Energy (Primary),434.3,2352.6,403,309.4,-174.4,871.2,
JP Energy Partners LP (NYSE:JPEP),NYSE:JPEP,Energy (Primary),433,85,11.6,-30.9,-9.39,600.7,
Hilong Holding Limited (SEHK:1623),SEHK:1623,Energy (Primary),428.9,397.6,118,91.8,-14.2,470.6,
MPI Société Anonyme (ENXTPA:MPI),ENXTPA:MPI,Energy (Primary),425,,-4.56,-4.6,,,
Storm Resources Ltd. (TSXV:SRX),TSXV:SRX,Energy (Primary),423.4,39.7,50.9,23.9,-1.32,277.7,
"American Midstream Partners, LP (NYSE:AMID)",NYSE:AMID,Energy (Primary),422.9,375.9,40.7,11.9,-7.58,326.9,
Western Energy Services Corp. (TSX:WRG),TSX:WRG,Energy (Primary),422.1,229,149.3,94.3,-18.2,517.3,B+
Sino Oil and Gas Holdings Limited (SEHK:702),SEHK:702,Energy (Primary),421.5,64.1,1.25,0.694,0.05,522.8,
"Renewable Energy Group, Inc. (NasdaqGS:REGI)",NasdaqGS:REGI,Energy (Primary),419.4,269.6,101.4,85.5,-6.69,769.8,
Denison Mines Corp. (TSX:DML),TSX:DML,Energy (Primary),417.6,0.039,-23.2,-27,-0.002,256.1,
"Marlin Midstream Partners, LP (NasdaqGM:FISH)",NasdaqGM:FISH,Energy (Primary),417.4,11,32.3,23.5,-0.766,153.9,
Energy Earth Public Company Limited (SET:EARTH-R),SET:EARTH-R,Energy (Primary),415.8,364.8,59,49.1,-11.5,160.9,
Karoon Gas Australia Ltd. (ASX:KAR),ASX:KAR,Energy (Primary),412.8,0,-15.1,-42.4,-2.05,776.7,
Anton Oilfield Services Group (SEHK:3337),SEHK:3337,Energy (Primary),399,433.7,41.9,6.12,-29.1,331.2,
SandRidge Permian Trust (NYSE:PER),NYSE:PER,Energy (Primary),397.4,0,,123.1,,399.9,
Energy XXI Ltd. (NasdaqGS:EXXI),NasdaqGS:EXXI,Energy (Primary),396.4,4023.8,814,214.8,-227.6,1523.5,B-
Petroceltic International plc (AIM:PCI),AIM:PCI,Energy (Primary),396,263.2,135,-30.9,-18.4,552,
S.C. Rompetrol Rafinare S.A. (BVB:RRC),BVB:RRC,Energy (Primary),394.6,485.9,96.9,10.1,-68.4,357.2,
KrisEnergy Ltd. (SGX:SK3),SGX:SK3,Energy (Primary),393.1,257.4,12.9,-16.9,-15,419,
Shell Refining Company (Federation of Malaya) Berhad (KLSE:SHELL),KLSE:SHELL,Energy (Primary),392.8,502.9,-155.1,-198.5,-16.8,92.9,
"Drillsearch Energy, Ltd. (ASX:DLS)",ASX:DLS,Energy (Primary),391.2,123.2,137.5,92.2,,341.5,
Pioneer Energy Services Corp. (NYSE:PES),NYSE:PES,Energy (Primary),386.7,455.1,266.3,83,-38.8,495.1,B+
Abraxas Petroleum Corp. (NasdaqCM:AXAS),NasdaqCM:AXAS,Energy (Primary),386.2,78.8,108.9,65.2,-3.5,207.5,NR
Permian Basin Royalty Trust (NYSE:PBT),NYSE:PBT,Energy (Primary),385.9,0,,47.7,,0.723,
Al Maha Petroleum Products Marketing Company SAOG (MSM:MHAS),MSM:MHAS,Energy (Primary),385.4,39,32.6,25.6,-0.4,126.1,
Amerisur Resources PLC (AIM:AMER),AIM:AMER,Energy (Primary),378.7,0,113.6,94.9,,211.9,
Total Energy Services Inc. (TSX:TOT),TSX:TOT,Energy (Primary),378.3,62,86.2,60.6,-5.62,329.9,
PT Humpuss Intermoda Transportasi Tbk (JKSE:HITS),JKSE:HITS,Energy (Primary),376.5,54.2,28,3.78,-4.8,19.9,
Cloud Peak Energy Inc. (NYSE:CLD),NYSE:CLD,Energy (Primary),374.1,562.5,184.7,57.5,-77.2,1087.8,
Southern Kuzbass Coal Company (MICEX:UKUZ),MICEX:UKUZ,Energy (Primary),373.1,2049.1,-123.9,-189.9,-158,274.1,
ION Geophysical Corporation (NYSE:IO),NYSE:IO,Energy (Primary),371.7,190.6,116,24,-19.4,135.6,B-
Isramco Inc. (NasdaqCM:ISRL),NasdaqCM:ISRL,Energy (Primary),366.2,100.2,45.6,14.4,-6.77,17.6,
Honghua Group Limited (SEHK:196),SEHK:196,Energy (Primary),364.9,826.7,100.8,63.9,-34.4,762.5,
"Gulfmark Offshore, Inc. (NYSE:GLF)",NYSE:GLF,Energy (Primary),361.8,544.7,171.9,96.6,-29.3,968.8,BB-
Pacific Radiance Ltd. (SGX:T8V),SGX:T8V,Energy (Primary),360.3,328.1,59.5,31.6,-9.11,428,
Aegis Logistics Limited (BSE:500003),BSE:500003,Energy (Primary),358.8,32.7,21.4,17.7,-2.66,61.7,
PT Citra Tubindo Tbk (JKSE:CTBN),JKSE:CTBN,Energy (Primary),357.4,22.7,40.2,33.9,-0.634,146.2,
Fission Uranium Corp. (TSX:FCU),TSX:FCU,Energy (Primary),357.2,0,-14.3,-14.3,,211.4,
Chevron Lubricants Lanka PLC (COSE:LLUB-N-0000),COSE:LLUB-N-0000,Energy (Primary),356.2,0,27.5,27.2,-0.003,39.6,
"Eagle Rock Energy Partners, L.P. (NasdaqGS:EROC)",NasdaqGS:EROC,Energy (Primary),352.2,263.3,194.4,-287.1,-17,388.5,B-
Hallador Energy Company (NasdaqCM:HNRG),NasdaqCM:HNRG,Energy (Primary),351.9,306.3,52.1,22.3,-9.06,189.9,
Siamgas and Petrochemicals Public Company Limited (SET:SGP),SET:SGP,Energy (Primary),349.6,347.9,21.1,-11.8,-13.4,251,
Oryx Petroleum Corporation Limited (TSX:OXC),TSX:OXC,Energy (Primary),348.3,0,-15.9,-20.7,-0.586,944.8,
"Basic Energy Services, Inc. (NYSE:BAS)",NYSE:BAS,Energy (Primary),348.2,931.1,312.7,95.1,-67,342.7,B+
Kinetic Mines and Energy Limited (SEHK:1277),SEHK:1277,Energy (Primary),348,185.4,35.4,27.5,-15.4,136.5,
CanElson Drilling Inc. (TSX:CDI),TSX:CDI,Energy (Primary),340.2,44.7,88.8,60.9,-0.422,375.4,
"Approach Resources, Inc. (NasdaqGS:AREX)",NasdaqGS:AREX,Energy (Primary),338,400,218.4,111.6,-21.7,774.3,B
"Earthstone Energy, Inc. (AMEX:ESTE)",AMEX:ESTE,Energy (Primary),337.9,11.2,33,-5.09,-0.597,316.5,
Faroe Petroleum plc (AIM:FPM),AIM:FPM,Energy (Primary),337.5,102.4,77.8,-179.2,-21.5,382.5,
"Shinko Plantech Co., Ltd. (TSE:6379)",TSE:6379,Energy (Primary),335.9,5.94,40.3,36.1,-0.217,281.4,
Panhandle Oil and Gas Inc. (NYSE:PHX),NYSE:PHX,Energy (Primary),335.6,78.7,70.4,44.6,-0.865,128.2,
Chesapeake Granite Wash Trust (NYSE:CHKR),NYSE:CHKR,Energy (Primary),325.4,0,,84,,256.6,
Ezra Holdings Limited (SGX:5DN),SGX:5DN,Energy (Primary),324.3,1786.9,132.1,66.9,-43.8,1112.7,
Legacy Oil + Gas Inc. (TSX:LEG),TSX:LEG,Energy (Primary),321.4,734.1,343.3,6.86,-37.6,1547.9,
PT Soechi Lines Tbk (JKSE:SOCI),JKSE:SOCI,Energy (Primary),320.7,171.5,57.8,45.1,-9.64,237.6,
Scomi Energy Services Bhd (KLSE:SCOMIES),KLSE:SCOMIES,Energy (Primary),318.8,136.9,67.1,42.1,-8.69,218.2,
RMP Energy Inc. (TSX:RMP),TSX:RMP,Energy (Primary),316.1,90.6,152.3,71,-3.35,316.7,
PT Energi Mega Persada Tbk (JKSE:ENRG),JKSE:ENRG,Energy (Primary),312.8,661.1,494.4,220.8,-69.1,902,B
PT Harum Energy Tbk (JKSE:HRUM),JKSE:HRUM,Energy (Primary),312.3,0,33.9,21.4,,287.6,
PT Elnusa Tbk (JKSE:ELSA),JKSE:ELSA,Energy (Primary),311.9,35.2,52.4,34.3,-2.25,206,
TOTAL Nigeria Plc (NGSE:TOTAL),NGSE:TOTAL,Energy (Primary),310.1,85.4,50.5,36.3,-14.3,75.8,
Mobil Oil Nigeria plc (NGSE:MOBIL),NGSE:MOBIL,Energy (Primary),307.7,9.33,,18.5,-1.01,73.8,
USD Partners LP (NYSE:USDP),NYSE:USDP,Energy (Primary),306.9,81.4,3.28,0.647,-4.83,40.6,
REX International Holding Limited (Catalist:5WH),Catalist:5WH,Energy (Primary),306.9,0,-7.61,-7.68,-0.158,189.1,
"Mitsuuroko Group Holdings Co.,Ltd. (TSE:8131)",TSE:8131,Energy (Primary),303,216.2,57,26.9,-3.27,568.9,
Canacol Energy Ltd (TSX:CNE),TSX:CNE,Energy (Primary),302.5,266.5,96.3,20.6,-17.1,372.3,
Key Energy Services Inc. (NYSE:KEG),NYSE:KEG,Energy (Primary),301.3,748.4,118.3,-82.7,-54.2,1058.1,B
North Atlantic Drilling Limited (OTCNO:NADL),OTCNO:NADL,Energy (Primary),299.2,2847.9,576.4,364.2,-103.3,451.5,
"Ring Energy, Inc. (AMEX:REI)",AMEX:REI,Energy (Primary),299.2,0,24.6,12.6,,142.5,
Exillon Energy plc (LSE:EXI),LSE:EXI,Energy (Primary),297.3,84.8,88.7,59.5,-2.66,585.7,
Padma Oil Company Limited (DSE:PADMAOIL),DSE:PADMAOIL,Energy (Primary),296.4,,,8.64,-1.47,,
Plexus Holdings plc (AIM:POS),AIM:POS,Energy (Primary),295.2,10,14.2,8.64,-0.221,54.8,
TransGlobe Energy Corporation (NasdaqGS:TGA),NasdaqGS:TGA,Energy (Primary),295,69.1,167.6,44.6,-7.57,500.1,
"Pacific Ethanol, Inc. (NasdaqCM:PEIX)",NasdaqCM:PEIX,Energy (Primary),294.4,40.7,105.3,92.1,-9.44,213.5,
"Nippon Coke & Engineering Company, Limited (TSE:3315)",TSE:3315,Energy (Primary),290.7,335.3,108.6,51.4,-5.11,362.2,
IchorCoal N.V. (DB:IO0),DB:IO0,Energy (Primary),290.2,170.9,3.66,-6.27,-19.3,-14.9,
PT Benakat Integra Tbk (JKSE:BIPI),JKSE:BIPI,Energy (Primary),286.7,820.7,198.1,143.8,-47.7,487.3,
Jamuna Oil Company Limited (DSE:JAMUNAOIL),DSE:JAMUNAOIL,Energy (Primary),286.4,0,19.5,18.6,-1.09,192.2,
KNM Group Bhd (KLSE:KNM),KLSE:KNM,Energy (Primary),282.2,228.4,63,50.1,-15.2,619.7,
"StealthGas, Inc. (NasdaqGS:GASS)",NasdaqGS:GASS,Energy (Primary),280.6,328,63,29.2,-11.2,592.4,
Global Offshore Services Limited (BSE:501848),BSE:501848,Energy (Primary),279.4,134.2,32.4,19.1,-8.4,67.7,
Adams Resources & Energy Inc. (AMEX:AE),AMEX:AE,Energy (Primary),278.6,0,39.6,6.95,-0.002,157.5,
D'Amico International Shipping S.A. (BIT:DIS),BIT:DIS,Energy (Primary),278.6,432.7,23.2,-8.47,-10.6,334.9,
Frontline Ltd. (NYSE:FRO),NYSE:FRO,Energy (Primary),278.6,957.5,106,24.5,-75.8,-71,
Pine Cliff Energy Ltd. (TSXV:PNE),TSXV:PNE,Energy (Primary),278.1,41.2,31.9,1.96,-0.571,161.6,
CropEnergies AG (XTRA:CE2),XTRA:CE2,Energy (Primary),277.5,184.1,30.9,-13.5,-6.12,466,
Meghna Petroleum Limited (DSE:MPETROLEUM),DSE:MPETROLEUM,Energy (Primary),273.5,0,8.67,7.49,-1.06,103.1,
SPT Energy Group Inc. (SEHK:1251),SEHK:1251,Energy (Primary),273.2,83.6,46.9,34.8,-5.82,286.1,
Rockhopper Exploration plc. (AIM:RKH),AIM:RKH,Energy (Primary),273.1,0,-14.7,-15.1,,260.8,
Tamarack Valley Energy Ltd (TSXV:TVE),TSXV:TVE,Energy (Primary),272.7,86.5,69.8,24.9,-2.18,262.9,
Senex Energy Limited (ASX:SXY),ASX:SXY,Energy (Primary),272.4,0,-32.2,-56.5,-0.796,342.7,
Ardmore Shipping Corporation (NYSE:ASC),NYSE:ASC,Energy (Primary),272.3,233.5,20.7,5.81,-4.12,327.2,
Navios Maritime Midstream Partners LP (NYSE:NAP),NYSE:NAP,Energy (Primary),270.6,126,46,26.5,-25.5,248.5,
Ganger Rolf ASA (OB:GRO),OB:GRO,Energy (Primary),268.8,222.6,-8.27,-8.51,-17.7,716.8,
Renaissance Services SAOG (MSM:RNSS),MSM:RNSS,Energy (Primary),266.9,1146.4,236.7,160.7,-77.3,437.7,
Natural Gas Services Group Inc. (NYSE:NGS),NYSE:NGS,Energy (Primary),266.7,0.417,43.4,22,-0.01,210.6,
Wah Seong Corporation Berhad (KLSE:WASEONG),KLSE:WASEONG,Energy (Primary),264.9,290.5,84.4,63.5,-5.97,307.4,
Agritrade Resources Limited (SEHK:1131),SEHK:1131,Energy (Primary),262.1,44.1,37.4,21.7,-6.15,180.6,
BP Castrol K.K. (TSE:5015),TSE:5015,Energy (Primary),260.1,0,22.1,20.5,,92.1,
Geospace Technologies Corporation (NasdaqGS:GEOS),NasdaqGS:GEOS,Energy (Primary),259.5,0,26.5,8.24,-0.451,321.3,
GeoPark Limited (NYSE:GPRK),NYSE:GPRK,Energy (Primary),259.5,369.6,213.3,69.9,-26.4,375.6,
Perdana Petroleum Berhad (KLSE:PERDANA),KLSE:PERDANA,Energy (Primary),258.5,196.6,39.1,24.2,-8.59,187.1,
BlackPearl Resources Inc. (TSX:PXX),TSX:PXX,Energy (Primary),258,25,90.2,31.2,-0.437,586.4,
MIE Holdings Corporation (SEHK:1555),SEHK:1555,Energy (Primary),257.8,727.9,255.7,106,-65.1,573.5,B
"Fuji Oil Company, Ltd. (TSE:5017)",TSE:5017,Energy (Primary),256.6,1406.7,-105.1,-177.7,-24.2,482.5,
"Blueknight Energy Partners, L.P. (NasdaqGM:BKEP)",NasdaqGM:BKEP,Energy (Primary),255.7,218.8,60.9,34.9,-12.3,525.8,
Petrolera Pampa S.A. (BASE:PETR),BASE:PETR,Energy (Primary),254.7,116.3,27.7,18.2,-20.3,30.1,
Falkland Oil and Gas Ltd. (AIM:FOGL),AIM:FOGL,Energy (Primary),253.6,0,-5.85,-5.92,,351.2,
"Solazyme, Inc. (NasdaqGS:SZYM)",NasdaqGS:SZYM,Energy (Primary),253,200.1,-121.4,-127.7,-13.5,86.4,
Shell Pakistan Limited (KASE:SHEL),KASE:SHEL,Energy (Primary),251.9,37.3,4.31,-2.37,-1.93,58.3,
Arc Logistics Partners LP (NYSE:ARCX),NYSE:ARCX,Energy (Primary),250.6,111.1,14.4,1.69,-3.71,213.1,
Linc Energy Ltd (DB:L7E),DB:L7E,Energy (Primary),249.4,563.5,15.5,-102.9,-65.9,174.3,
CH Offshore Ltd. (SGX:C13),SGX:C13,Energy (Primary),248.9,0,24.3,18.8,,228.5,
Tethys Oil AB (publ) (OM:TETY),OM:TETY,Energy (Primary),248.9,0,96,68.5,-4.09,214.1,
Bonheur ASA (OB:BON),OB:BON,Energy (Primary),248.8,2506.2,577.7,174.2,-233.7,1073.7,
Velocys plc (AIM:VLS),AIM:VLS,Energy (Primary),248.8,2.06,-33.6,-35.2,-0.07,71.4,
Steel Excel Inc. (OTCPK:SXCL),OTCPK:SXCL,Energy (Primary),248.7,79.9,37.4,13.3,-3.18,357.5,NR
Alon Natural Gas Exploration Ltd. (TASE:ALGS),TASE:ALGS,Energy (Primary),248.1,218.1,45.5,39.6,-13.7,11.3,
Rex Energy Corporation (NasdaqGS:REXX),NasdaqGS:REXX,Energy (Primary),244.8,679.2,193.1,-37.7,-35.5,527.1,B-
"Sinanen Co., Ltd. (TSE:8132)",TSE:8132,Energy (Primary),243.3,35.2,45.5,16.8,-0.426,380.1,
"Jones Energy, Inc. (NYSE:JONE)",NYSE:JONE,Energy (Primary),243.3,860,477.9,295.4,-46.7,215.5,B
TransAtlantic Petroleum Ltd. (AMEX:TAT),AMEX:TAT,Energy (Primary),241.1,158.6,120.6,51.9,-6.21,211.5,
Hugoton Royalty Trust (NYSE:HGT),NYSE:HGT,Energy (Primary),238.4,0,,43.9,,91.4,
Arch Coal Inc. (NYSE:ACI),NYSE:ACI,Energy (Primary),236.1,5160.4,252.6,-152.9,-390.9,1668.2,B
Seventy Seven Energy Inc. (NYSE:SSE),NYSE:SSE,Energy (Primary),235.2,1598.5,392.4,99.5,-79.7,291,B
Gastar Exploration Inc. (AMEX:GST),AMEX:GST,Energy (Primary),234.3,360.3,125.5,78.8,-27.6,350.2,B-
PT Bumi Resources Tbk (JKSE:BUMI),JKSE:BUMI,Energy (Primary),234.1,4263,216.6,6.16,-839.5,-442.3,D
Mermaid Maritime Public Company Limited (SGX:DU4),SGX:DU4,Energy (Primary),233.9,117.2,36.7,6.91,-3.42,558.9,
Varyeganneftegaz Open Joint Stock Company (MICEX:VJGZ),MICEX:VJGZ,Energy (Primary),233.2,0,197.4,111.7,-5.91,621.3,
Yakutsk Fuel and Energy Company Open Joint-Stock Company (MICEX:YAKG),MICEX:YAKG,Energy (Primary),232.7,90.5,,6.08,-10.4,192.5,
Gulf Island Fabrication Inc. (NasdaqGS:GIFI),NasdaqGS:GIFI,Energy (Primary),232.3,0,53.6,27.1,-0.037,285.8,
The Energy House Holding Company K.S.C.P. (KWSE:ENERGYH),KWSE:ENERGYH,Energy (Primary),232,0.256,2.67,-0.915,-0.205,214,
"Alpha Natural Resources, Inc. (NYSE:ANR)",NYSE:ANR,Energy (Primary),230.6,3897.8,253.3,-584.3,-288.5,2986.8,B
Dyna-Mac Holdings Ltd. (SGX:NO4),SGX:NO4,Energy (Primary),229.6,50.5,36.7,27.6,-1.35,148.1,
Chinook Energy Inc. (TSX:CKE),TSX:CKE,Energy (Primary),227.3,0,43.1,-56.2,-2.57,243.9,
"Aventine Renewable Energy Holdings, Inc (OTCPK:AVRW)",OTCPK:AVRW,Energy (Primary),227.3,,63.3,54.2,-15.7,,NR
Ipek Dogal Enerji Kaynaklari Arastirma ve Uretim Anonim Sirketi (IBSE:IPEKE),IBSE:IPEKE,Energy (Primary),227.2,26.2,226.2,152.7,-31.4,341.2,
PHX Energy Services Corp. (TSX:PHX),TSX:PHX,Energy (Primary),226.1,95,69.1,41.4,-3.65,172.7,
Awilco Drilling Plc (OB:AWDR),OB:AWDR,Energy (Primary),225.4,120,194.9,177,-11.9,208.4,
FAR Limited (ASX:FAR),ASX:FAR,Energy (Primary),224.7,0,-7.62,-7.66,-0.001,61.6,
Chu Kong Petroleum and Natural Gas Steel Pipe Holdings Limited (SEHK:1938),SEHK:1938,Energy (Primary),224.3,962.3,-26.4,-45.3,-42,525.3,
Sino Gas & Energy Holdings Ltd. (ASX:SEH),ASX:SEH,Energy (Primary),224.3,6.45,-5.13,-5.16,-0.66,102.2,
"Changhae Ethanol Co., Ltd. (KOSDAQ:A004650)",KOSDAQ:A004650,Energy (Primary),222.8,81.6,30,18.4,-4.43,86.2,
Nordic American Offshore Ltd. (NYSE:NAO),NYSE:NAO,Energy (Primary),222.6,0,24.2,12.8,-1.04,319.2,
Saudi Arabia Refineries Company (SASE:2030),SASE:2030,Energy (Primary),222.2,0,5.85,5.85,,127.2,
Sandridge Mississippian Trust II (NYSE:SDR),NYSE:SDR,Energy (Primary),221.8,0,,78.4,,364.9,
Goodrich Petroleum Corp. (NYSE:GDP),NYSE:GDP,Energy (Primary),221.6,568.6,-163.1,-301.9,-47.8,-18,B-
Delphi Energy Corp. (TSX:DEE),TSX:DEE,Energy (Primary),219.1,135.4,83.8,-5.14,-6.9,198.8,
Solstad Offshore ASA (OB:SOFF),OB:SOFF,Energy (Primary),218.5,1560.5,214.3,152.5,-58.4,696.8,
Reach Energy Berhad (KLSE:REACH),KLSE:REACH,Energy (Primary),217.9,0,-8.18,-8.25,-3.19,9.21,
INOC- Dead Sea Limited Partnership (TASE:HLDS.L),TASE:HLDS.L,Energy (Primary),214.1,0,-0.028,-11.3,-0.046,241.3,
Toyo Kanetsu Kabushiki Kaisha (TSE:6369),TSE:6369,Energy (Primary),213.1,33.5,43.6,36.1,-0.117,290.6,
Comstock Resources Inc. (NYSE:CRK),NYSE:CRK,Energy (Primary),212.7,1070.4,415.1,36.9,-58.6,870.3,B
Icon Offshore Berhad (KLSE:ICON),KLSE:ICON,Energy (Primary),212.1,191.3,50,30.5,-14.4,309.1,
Hargreaves Services Plc (AIM:HSP),AIM:HSP,Energy (Primary),211.3,96.3,105.3,70.5,-7.21,237.7,
Transportadora de Gas del Norte S.A. (BASE:TGNO4),BASE:TGNO4,Energy (Primary),210.8,206.9,-12.4,-28.5,-13.8,97,
Sumatec Resources Berhad (KLSE:SUMATEC),KLSE:SUMATEC,Energy (Primary),210.8,4.86,17,16.8,-0.55,175.9,
"Cardinal Ethanol, LLC (OTCPK:CRDE)",OTCPK:CRDE,Energy (Primary),210,0,94.3,85.5,-0.002,148.2,
Ithaca Energy Inc. (TSX:IAE),TSX:IAE,Energy (Primary),208.4,784.9,128.1,-471.9,-13.7,845,B
Anglo Pacific Group plc (LSE:APF),LSE:APF,Energy (Primary),207.2,0,-3.15,-13,,251.3,
Anhui Tianda Oil Pipe Company Limited (SEHK:839),SEHK:839,Energy (Primary),206.7,30,36.9,10.8,-0.911,358.9,
Hibiscus Petroleum Berhad (KLSE:HIBISCS),KLSE:HIBISCS,Energy (Primary),205.2,0.063,-5.22,-5.82,-0.002,145.4,
"Tide Water Oil Co. (India), Ltd. (BSE:590005)",BSE:590005,Energy (Primary),203.8,,15.6,14,-0.045,,
Twin Butte Energy Ltd. (TSX:TBE),TSX:TBE,Energy (Primary),203.7,282.2,311.6,-52.8,-15,340.8,
Sundance Energy Australia Limited (ASX:SEA),ASX:SEA,Energy (Primary),203.6,128.9,124.1,38.5,-0.699,435,
Swissco Holdings Limited (SGX:ADP),SGX:ADP,Energy (Primary),202.5,250.8,21.3,11.5,-4.73,217.6,
Aurora LPG Holding ASA (OB:AURLPG),OB:AURLPG,Energy (Primary),201.6,114,51.3,46.2,-2.71,239.3,
"LRR Energy, L.P. (NYSE:LRE)",NYSE:LRE,Energy (Primary),201.6,283.1,142.2,102.9,-12.3,218.3,
Maridive & Oil Services SAE (CASE:MOIL),CASE:MOIL,Energy (Primary),200.7,504.3,56.1,23.9,-17.4,272.1,
Evolution Petroleum Corp. (AMEX:EPM),AMEX:EPM,Energy (Primary),200.1,0,10.2,8.56,-0.067,48.7,
Petron Malaysia Refining & Marketing Bhd (KLSE:PETRONM),KLSE:PETRONM,Energy (Primary),199.8,282.6,16.5,-6.55,-17.4,217.4,
Feishang Anthracite Resources Limited (SEHK:1738),SEHK:1738,Energy (Primary),199.4,312.6,16,-17.8,-21.4,10.8,
PT Berau Coal Energy Tbk (JKSE:BRAU),JKSE:BRAU,Energy (Primary),198.9,961.2,216.4,160.2,-133.5,-85.1,CCC-
Kværner ASA (OB:KVAER),OB:KVAER,Energy (Primary),197.3,65.1,110,100.6,-7.35,312.4,
Lanna Resources Public Company Limited (SET:LANNA),SET:LANNA,Energy (Primary),196.5,56.5,35,26.7,-2.01,127.2,
Journey Energy Inc. (TSX:JOY),TSX:JOY,Energy (Primary),192.7,72,94,-93.5,-6.4,237.2,
Total Cote d'Ivoire SA (BRVM:TTLC),BRVM:TTLC,Energy (Primary),192.5,,,,,,
Gas Plus S.p.A. (BIT:GSP),BIT:GSP,Energy (Primary),191.5,66.6,43.2,16.6,-14.5,267.3,
Spectrum ASA (OB:SPU),OB:SPU,Energy (Primary),190.8,2.95,149.2,51.6,-0.452,174.3,
Roxi Petroleum PLC (AIM:RXP),AIM:RXP,Energy (Primary),190.6,11.4,18.9,18.2,-1.1,63.8,
Sunshine Oilsands Ltd. (SEHK:2012),SEHK:2012,Energy (Primary),188.6,181.4,-15.9,-17.2,-11.6,839.3,
Lightstream Resources Ltd. (TSX:LTS),TSX:LTS,Energy (Primary),188,1282.5,647.6,-365,-106.2,1205.9,B
Société Anonyme Marocaine de l'Industrie du Raffinage (CBSE:SAM),CBSE:SAM,Energy (Primary),187.4,3065.3,98.7,20.1,-94.8,778.1,
Artek Exploration Ltd (TSX:RTK),TSX:RTK,Energy (Primary),186.4,58.2,27.3,-27.7,-1.76,152.6,
PT Surya Esa Perkasa TBK (JKSE:ESSA),JKSE:ESSA,Energy (Primary),186.3,30.9,19.4,15.4,-0.958,98.5,
RH PetroGas Limited (SGX:T13),SGX:T13,Energy (Primary),186.3,39,21.4,-8.42,-2.08,150,
SALA Corporation (TSE:2734),TSE:2734,Energy (Primary),185.5,263.8,48.9,21.2,-1.97,243.2,
Open Joint Stock Company Kuzbasskaya Toplivnaya Company (MICEX:KBTK),MICEX:KBTK,Energy (Primary),183.8,218.9,40.5,20.8,-8.95,146,
"Amyris, Inc. (NasdaqGS:AMRS)",NasdaqGS:AMRS,Energy (Primary),183.8,237,-80.1,-95,-29.4,-124.5,
Barakah Offshore Petroleum Berhad (KLSE:BARAKAH),KLSE:BARAKAH,Energy (Primary),183.6,84.9,33.5,27.9,,100.6,
"Independence Contract Drilling, Inc. (NYSE:ICD)",NYSE:ICD,Energy (Primary),181,22.5,-4.16,-20.3,-1.65,236.7,
Resources Prima Group Limited (Catalist:5MM),Catalist:5MM,Energy (Primary),180.7,,,,,,
Total Petroleum Ghana Limited (GHSE:TOTAL),GHSE:TOTAL,Energy (Primary),180.5,12.9,,,,36.3,
Archer Limited (OB:ARCHER),OB:ARCHER,Energy (Primary),179.6,811.4,235.6,86.3,-46.9,546.1,
Turcas Petrol AS (IBSE:TRCAS),IBSE:TRCAS,Energy (Primary),177.2,172.6,6.82,6.09,-40.4,291,
Perisai Petroleum Teknologi Bhd (KLSE:PERISAI),KLSE:PERISAI,Energy (Primary),177.2,332.6,12.7,-0.79,-6.94,334.6,
"Atlas Energy Group, LLC (NYSE:ATLS)",NYSE:ATLS,Energy (Primary),177.1,1542.6,256,-548.6,-73.4,201.3,
"Aspen Aerogels, Inc. (NYSE:ASPN)",NYSE:ASPN,Energy (Primary),176.8,0.165,-5.86,-16,-50.3,123.7,
Total Kenya Limited (NASE:TOTL.O),NASE:TOTL.O,Energy (Primary),176.8,81,35,24.3,-3,181.2,
High Arctic Energy Services Inc (TSX:HWO),TSX:HWO,Energy (Primary),176.7,0,41.4,30.3,-0.345,143,
Chennai Petroleum Corporation Ltd (BSE:500110),BSE:500110,Energy (Primary),174.7,737.9,-50.5,-113.9,-44.2,312.3,
"Mid-Con Energy Partners, LP (NasdaqGS:MCEP)",NasdaqGS:MCEP,Energy (Primary),174.1,205,80.8,58.7,-4.73,232.8,
Gaylin Holdings Limited (SGX:RF7),SGX:RF7,Energy (Primary),173.6,62.2,10.7,8.87,-1.47,78.3,
PT Indika Energy Tbk (JKSE:INDY),JKSE:INDY,Energy (Primary),172.9,1010.7,129.3,-11,-69,692.3,
Deleum Berhad (KLSE:DELEUM),KLSE:DELEUM,Energy (Primary),171.6,44.4,28.4,22.2,-1.14,78.6,
Petro-king Oilfield Services Limited (SEHK:2178),SEHK:2178,Energy (Primary),170.4,96.7,-46.8,-50.3,-4.76,225.9,
"Pardee Resources Company, Inc. (OTCPK:PDER)",OTCPK:PDER,Energy (Primary),170.4,,,,,,
PetroQuest Energy Inc. (NYSE:PQ),NYSE:PQ,Energy (Primary),169.9,425,149.8,56.9,-29.3,66.2,B
Geo Energy Resources Limited (SGX:RE4),SGX:RE4,Energy (Primary),169.4,87.7,-4.25,-10.8,-5.24,107.7,
Alam Maritim Resources Berhad (KLSE:ALAM),KLSE:ALAM,Energy (Primary),166.6,90.2,24.6,13.4,-6.74,237.4,
Farstad Shipping ASA (OB:FAR),OB:FAR,Energy (Primary),166,1565.3,211.4,110.6,-78.1,885.5,
ZCL Composites Inc. (TSX:ZCL),TSX:ZCL,Energy (Primary),165.4,2.25,21.6,18.7,-0.331,106.6,
Sona Petroleum Berhad (KLSE:SONA),KLSE:SONA,Energy (Primary),164.9,0,3.32,3.29,-4.78,8.85,
Vallianz Holdings Limited (Catalist:545),Catalist:545,Energy (Primary),164.8,544.1,54.9,37.3,-22.3,212.8,
Chinese People Holdings Company Limited (SEHK:681),SEHK:681,Energy (Primary),164.4,8.07,8.69,4.66,-1.43,208.4,
Cequence Energy Ltd. (TSX:CQE),TSX:CQE,Energy (Primary),163.9,49.4,74.5,31.9,-6.95,447.4,
AB Klaipedos nafta (NSEL:KNF1L),NSEL:KNF1L,Energy (Primary),163.2,36.3,20.3,11.2,,211.9,
Uzma Berhad (KLSE:UZMA),KLSE:UZMA,Energy (Primary),161.5,26.1,15.6,13.5,-1.2,72.6,
Lanka IOC PLC (COSE:LIOC-N-0000),COSE:LIOC-N-0000,Energy (Primary),160.1,50.1,33,31.1,-0.063,146.2,
Baker Technology Limited (SGX:568),SGX:568,Energy (Primary),160,0,14.1,12.3,,163.7,
TSC Group Holdings Limited (SEHK:206),SEHK:206,Energy (Primary),159.6,65.2,34.8,27.4,-3.22,221.9,
Odfjell Drilling Ltd. (OB:ODL),OB:ODL,Energy (Primary),159.3,1713.9,352.2,211.2,-43.6,1115.9,
Rain Industries Limited (BSE:500339),BSE:500339,Energy (Primary),158,1213.7,194.9,138.4,-96.2,466,
National Refinery Limited (KASE:NRL),KASE:NRL,Energy (Primary),157.6,0,10.3,7.08,,262.4,
Songa Offshore SE (OB:SONG),OB:SONG,Energy (Primary),157.2,827.2,195.8,81.5,-33.5,1047.7,NR
Andes Energia PLC (AIM:AEN),AIM:AEN,Energy (Primary),155.8,62.5,7.5,4.73,-9.33,126,
Falcon Energy Group Limited (SGX:5FL),SGX:5FL,Energy (Primary),154.8,240,43.3,29.9,-5.2,267.9,
Toa Oil Co. Ltd. (TSE:5008),TSE:5008,Energy (Primary),154.4,220.6,51.5,9.16,-1.59,181.9,
Pacific Coast Oil Trust (NYSE:ROYT),NYSE:ROYT,Energy (Primary),154.3,0,,54.1,,236.1,
Cohen Development & Industrial Buildings Ltd. (TASE:CDEV),TASE:CDEV,Energy (Primary),152.9,0,6.61,6.6,-0.479,19.4,
Enduro Royalty Trust (NYSE:NDRO),NYSE:NDRO,Energy (Primary),151.1,0,,28.7,,528.4,
Attock Refinery Limited (KASE:ATRL),KASE:ATRL,Energy (Primary),150.9,65.7,-23.1,-24.5,-0.973,351.4,
Naphtha Exploration LP (TASE:NFEX.L),TASE:NFEX.L,Energy (Primary),148.8,0,-0.029,-11.3,-0.013,162.8,
Epsilon Energy Ltd. (Canada) (TSX:EPS),TSX:EPS,Energy (Primary),148.7,38.5,38.4,15.3,-4.4,91.7,
Mart Resources Inc. (TSX:MMT),TSX:MMT,Energy (Primary),148.6,189.9,116.5,59.6,-11.3,92,
The Parkmead Group Plc (AIM:PMG),AIM:PMG,Energy (Primary),148.6,7.36,3.41,-30.1,-2.65,129,
New Zealand Oil & Gas Limited (NZSE:NZO),NZSE:NZO,Energy (Primary),148,0.704,60.8,3.6,,256.7,
Flex LNG Ltd. (OB:FLNG),OB:FLNG,Energy (Primary),147.5,7,-3.04,-3.04,-0.035,210,
Quadrise Fuels International PLC (AIM:QFI),AIM:QFI,Energy (Primary),147.3,0,-8.3,-8.44,0,23.3,
SouthGobi Resources Limited (TSX:SGQ),TSX:SGQ,Energy (Primary),147.1,99.1,-37,-75.6,-20.4,284.3,
PetroVietnam Transportation Corporation (HOSE:PVT),HOSE:PVT,Energy (Primary),147.1,183.5,,,,143.8,
Madalena Energy Inc. (TSXV:MVN),TSXV:MVN,Energy (Primary),146.9,0,11.4,-24.1,,145.5,
MV Oil Trust (NYSE:MVO),NYSE:MVO,Energy (Primary),146.6,0,,39,,24.7,
AKITA Drilling Ltd. (TSX:AKT.A),TSX:AKT.A,Energy (Primary),146.6,17.3,29.8,3.75,-0.226,224.4,
Savanna Energy Services Corp. (TSX:SVY),TSX:SVY,Energy (Primary),146,300.4,137,45.3,-12.9,550.7,B+
Willbros Group Inc. (NYSE:WG),NYSE:WG,Energy (Primary),145.5,293.1,37,0.776,-30.4,113.5,B-
Chiwayland International Limited (SGX:ACW),SGX:ACW,Energy (Primary),144.7,629.3,6.81,6.49,-4.38,101.6,
KenolKobil Limited (NASE:KENO.O),NASE:KENO.O,Energy (Primary),143.8,115.8,35.1,24.2,-14.8,80.9,
Westernzagros Resources Ltd. (TSXV:WZR),TSXV:WZR,Energy (Primary),143.5,74.7,-17.5,-18,-13.6,423.1,
BowLeven plc (AIM:BLVN),AIM:BLVN,Energy (Primary),143,0,-11.9,-88.3,,506.8,
King Stone Energy Group Limited (SEHK:663),SEHK:663,Energy (Primary),142.3,208.2,-63.4,-165.8,-14.1,-194.6,
Great Eastern Energy Corporation Limited (LSE:GEEC),LSE:GEEC,Energy (Primary),141.4,104.1,25.3,21.7,-5.24,83.9,
Heurtey Petrochem S.A. (ENXTPA:ALHPC),ENXTPA:ALHPC,Energy (Primary),141.2,41.3,29.3,24.4,-1.66,94.5,
Asian Insulators Public Company Limited (SET:AI),SET:AI,Energy (Primary),141.1,14.2,16.6,12.3,-0.845,61.7,
Hidili Industry International Development Ltd. (SEHK:1393),SEHK:1393,Energy (Primary),139.8,1163.4,-40.1,-56.6,-86.1,897.2,CCC
Breitling Energy Corporation (OTCPK:BECC),OTCPK:BECC,Energy (Primary),139.7,0,-17.2,-17.3,-0.115,-0.339,
Vaalco Energy Inc. (NYSE:EGY),NYSE:EGY,Energy (Primary),139.5,15,65.6,43.9,,180.5,
Conoil Plc (NGSE:CONOIL),NGSE:CONOIL,Energy (Primary),137.6,63.1,28.7,19.9,-12.7,102,
Leucrotta Exploration Inc. (TSXV:LXE),TSXV:LXE,Energy (Primary),136.6,0,,,,192.1,
S.C. Conpet S.A. (BVB:COTE),BVB:COTE,Energy (Primary),136.4,0,,27.6,,194.7,
Uranium Energy Corp. (AMEX:UEC),AMEX:UEC,Energy (Primary),136.2,19.3,-18.7,-22.8,-2.75,30.3,
VERBIO Vereinigte BioEnergie AG (XTRA:VBK),XTRA:VBK,Energy (Primary),135.4,60.6,37.9,11.6,-4.97,237.5,
Pulse Seismic Inc. (TSX:PSD),TSX:PSD,Energy (Primary),134,4.63,24.4,4.73,-0.768,50.4,
Phoenix Petroleum Philippines Inc (PSE:PNX),PSE:PNX,Energy (Primary),133.5,309.4,46.3,31.5,-17.9,157.3,
Kicking Horse Energy Inc. (TSXV:KCK),TSXV:KCK,Energy (Primary),133.4,2.85,5.35,2.82,-0.054,56,
Long Run Exploration Ltd. (TSX:LRE),TSX:LRE,Energy (Primary),133.2,587.1,350.1,-206.1,-22.5,618.1,
EMAS Offshore Limited (OB:EMAS),OB:EMAS,Energy (Primary),132.7,620.5,13.2,6.12,-6.78,506.6,
Perpetual Energy Inc. (TSX:PMT),TSX:PMT,Energy (Primary),132.2,276.2,106.8,-0.356,-30.1,91.8,B-
Hurricane Energy plc (AIM:HUR),AIM:HUR,Energy (Primary),131.5,0,-10.2,-10.7,-8.12,318,
Shengli Oil & Gas Pipe Holdings Limited (SEHK:1080),SEHK:1080,Energy (Primary),130.2,171.7,-13.3,-26.2,-8.65,313.9,
"Royal Energy Resources, Inc. (OTCPK:ROYE)",OTCPK:ROYE,Energy (Primary),130,0.099,,-0.76,-0.009,-0.152,
Swiber Holdings Limited (SGX:AK3),SGX:AK3,Energy (Primary),129.5,1166,2.1,-42,-59,565.2,
PT Toba Bara Sejahtra Tbk (JKSE:TOBA),JKSE:TOBA,Energy (Primary),129.4,60.4,68.8,55.6,-4.64,111.1,
Cockatoo Coal Limited (ASX:COK),ASX:COK,Energy (Primary),128.1,55.1,89.6,-25.8,-0.565,203,
Island Drilling Company ASA (OTCNO:ISDRILL),OTCNO:ISDRILL,Energy (Primary),128,420.5,83.2,49.1,-28.5,219.9,
Xcite Energy Limited (AIM:XEL),AIM:XEL,Energy (Primary),127.8,125.7,-2.6,-2.85,,352,
RusPetro plc (LSE:RPO),LSE:RPO,Energy (Primary),127.7,420.4,11.4,-10.2,-28.9,50.4,
Lekoil Limited (AIM:LEK),AIM:LEK,Energy (Primary),125.4,0,-7.56,-7.65,-0.632,188.6,
Joint Stock Company Ventspils nafta (RISE:VNF1R),RISE:VNF1R,Energy (Primary),124.7,218.1,85.6,59.8,-8.44,394.9,
Corsa Coal Corp. (TSXV:CSO),TSXV:CSO,Energy (Primary),123.9,34.8,5.19,-14,-0.872,173,
PrimeEnergy Corp. (NasdaqCM:PNRG),NasdaqCM:PNRG,Energy (Primary),123.9,101.6,65.8,39.9,-4.02,69.6,
Petra Energy Berhad (KLSE:PENERGY),KLSE:PENERGY,Energy (Primary),123.9,101.8,19.7,10.1,-4.46,147.1,
Shell Cote d'Ivoire Exploration and Production B.V. (BRVM:SHEC),BRVM:SHEC,Energy (Primary),122.9,,,,,,
"PT Mitrabara Adiperdana, Tbk (JKSE:MBAP)",JKSE:MBAP,Energy (Primary),122.8,4.45,22.4,17.8,-0.561,46.2,
Cross Timbers Royalty Trust (NYSE:CRT),NYSE:CRT,Energy (Primary),122.1,0,,15.9,,11,
Susco Public Company Limited (SET:SUSCO),SET:SUSCO,Energy (Primary),121.5,43,11.5,3.71,-2.76,89.9,
Xtreme Drilling and Coil Services Corp. (TSX:XDC),TSX:XDC,Energy (Primary),121.4,111.1,61.8,15.1,-3.95,325.1,
ShaMaran Petroleum Corp (TSXV:SNM),TSXV:SNM,Energy (Primary),120.2,147.7,-1.84,-1.93,-5.29,322.2,
Swift Energy Co. (NYSE:SFY),NYSE:SFY,Energy (Primary),120.1,1074.5,358.4,85.1,-72.4,794.4,B-
LGO Energy plc (AIM:LGO),AIM:LGO,Energy (Primary),120.1,7.58,-4.19,-4.6,-0.455,24.8,
UR-Energy Inc. (TSX:URE),TSX:URE,Energy (Primary),119.4,40.6,6.83,-6.98,-2.7,32.1,
Sevan Marine ASA (OB:SEVAN),OB:SEVAN,Energy (Primary),119.4,0,6.8,6.3,,102.6,
Technics Oil & Gas Limited (SGX:5CQ),SGX:5CQ,Energy (Primary),119.3,82.5,7.13,2.12,-1.75,51.1,
"Kukdong Oil & Chemicals Co., Ltd. (KOSE:A014530)",KOSE:A014530,Energy (Primary),119.3,,,,,,
"Keystoneglobal Co., Ltd. (KOSE:A012170)",KOSE:A012170,Energy (Primary),118.7,51.9,-4.81,-6.36,-3.78,38.7,
PT Rukun Raharja Tbk (JKSE:RAJA),JKSE:RAJA,Energy (Primary),118.5,37.5,22.9,18.3,-2.98,49.8,
Deep Sea Supply Plc (OB:DESSC),OB:DESSC,Energy (Primary),118.3,320.6,51.1,18.3,-15.3,446.5,
KBC Advanced Technologies plc (AIM:KBC),AIM:KBC,Energy (Primary),117.9,1.34,18.1,11.3,-0.901,103.3,
"Michang Oil industrial Co., Ltd. (KOSE:A003650)",KOSE:A003650,Energy (Primary),117.1,0,18.8,16.9,-0.061,178,
Essential Energy Services Ltd. (TSX:ESN),TSX:ESN,Energy (Primary),114.9,48.6,56.4,33.5,-1.56,238.3,
Gear Energy Ltd. (TSX:GXE),TSX:GXE,Energy (Primary),114.5,85.4,76.3,-11.7,-2.4,153.7,
IG Seismic Services PLC (LSE:IGSS),LSE:IGSS,Energy (Primary),114.1,352.8,123.5,45.8,-44.6,266.6,B
North European Oil Royalty Trust (NYSE:NRT),NYSE:NRT,Energy (Primary),114.1,0,,16.2,,0.051,
Strong Petrochemical Holdings Limited (SEHK:852),SEHK:852,Energy (Primary),114,223.6,-19,-22,-2.68,139.2,
Victoria Oil & Gas plc (AIM:VOG),AIM:VOG,Energy (Primary),113.9,12.4,-0.437,-56.2,-0.353,119.7,
CLIQ Energy Berhad (KLSE:CLIQ),KLSE:CLIQ,Energy (Primary),113.7,0,2.27,2.22,-2.81,5.94,
Asia Green Energy Public Company Limited (SET:AGE),SET:AGE,Energy (Primary),113.6,50.7,-0.464,-1.92,-1.74,37.6,
DOF ASA (OB:DOF),OB:DOF,Energy (Primary),113.5,3133,394.2,256.6,-181.1,456.1,
PT Logindo Samudramakmur Tbk (JKSE:LEAD),JKSE:LEAD,Energy (Primary),113.1,125.2,39.8,26.1,-5.89,130.4,
Siem Offshore Inc. (OB:SIOFF),OB:SIOFF,Energy (Primary),113,1242.8,193.1,97.2,-55.9,785,
Refinaria de Petróleos de Manguinhos S.A. (BOVESPA:RPMG3),BOVESPA:RPMG3,Energy (Primary),112.6,17.4,-171,-178.6,-1.79,-410.8,
CHC Group Ltd. (NYSE:HELI),NYSE:HELI,Energy (Primary),112.4,1274.7,201.3,65.2,-164.9,-235.6,B+
AI Energy Public Company Limited (SET:AIE),SET:AIE,Energy (Primary),111.6,12.6,6.75,4.55,-0.704,56.2,
Vivo Energy Mauritius Limited (MUSE:SHEL),MUSE:SHEL,Energy (Primary),111.5,13.1,8.87,6.03,-0.299,15.9,
Paragon Offshore plc (NYSE:PGN),NYSE:PGN,Energy (Primary),110.3,2162.6,942.4,520.1,-56.7,491.6,BB-
National Petroleum Services Company K.S.C. (Closed) (KWSE:NAPESCO),KWSE:NAPESCO,Energy (Primary),109.6,0,17.2,10.3,,58.8,
Horizon Oil Limited (ASX:HZN),ASX:HZN,Energy (Primary),109.6,182.2,57.2,18.4,-14.2,256.4,
Toro Energy Limited (ASX:TOE),ASX:TOE,Energy (Primary),109.1,14.1,-17.4,-18.8,-2.02,116.1,
IGas Energy plc (AIM:IGAS),AIM:IGAS,Energy (Primary),109,178.1,50.1,19.7,-19.2,119.6,
Laugfs Gas PLC (COSE:LGL-X-0000),COSE:LGL-X-0000,Energy (Primary),109,26.1,14.7,11,-0.821,57.4,
SandRidge Mississippian Trust I (NYSE:SDT),NYSE:SDT,Energy (Primary),108.6,0,,34.3,,219.3,
Thai Agro Energy Public Company Limited (SET:TAE),SET:TAE,Energy (Primary),108.6,49.4,11.9,8.68,-1.74,48.9,
Misen Energy AB (publ) (OM:MISE),OM:MISE,Energy (Primary),108.3,27.1,74.4,70.5,-3.15,73.1,
Dawson Geophysical Company (NasdaqGM:DWSN),NasdaqGM:DWSN,Energy (Primary),108,11.7,11,-27.9,-0.372,199.5,
Eternal Energy Public Company Limited (SET:EE-R),SET:EE-R,Energy (Primary),106.6,0,-1.02,-1.03,,47.2,
Vantage Drilling Company (AMEX:VTG),AMEX:VTG,Energy (Primary),106.4,2728.2,420,293.3,-213.9,555.7,B-
EnviTec Biogas AG (DB:ETG),DB:ETG,Energy (Primary),106.2,134.8,25.4,6.36,-4.89,238.1,
Premiere Eastern Energy Limited (ASX:PEZ),ASX:PEZ,Energy (Primary),105.2,6.25,36.5,36.1,,136.9,
"Nuverra Environmental Solutions, Inc. (NYSE:NES)",NYSE:NES,Energy (Primary),104.9,597.3,93,7.16,-50.9,152.9,B-
Scomi Group Bhd (KLSE:SCOMI),KLSE:SCOMI,Energy (Primary),104.7,284,64.1,36.3,-16.5,178,
Mencast Holdings Ltd. (SGX:5NF),SGX:5NF,Energy (Primary),104.7,128.9,22.2,12.8,-3.92,95.3,
Eland Oil & Gas PLC (AIM:ELA),AIM:ELA,Energy (Primary),104.7,0,-26.6,-26.8,-0.011,232.7,
Orca Exploration Group Inc. (TSXV:ORC.B),TSXV:ORC.B,Energy (Primary),103.4,0,37.6,22.6,-0.116,128.9,
TH Heavy Engineering Berhad (KLSE:THHEAVY),KLSE:THHEAVY,Energy (Primary),102.4,98.7,-29.4,-33.1,-1.5,111,
New Source Energy Partners L.P. (NYSE:NSLP),NYSE:NSLP,Energy (Primary),102.3,120.2,69,14.3,-5.04,193.9,
Rock Energy Inc. (TSX:RE),TSX:RE,Energy (Primary),102.1,40.8,57.2,4.35,-0.717,88.9,
Logan International Inc. (TSX:LII),TSX:LII,Energy (Primary),102,49.3,33.1,19.4,-4.65,188.6,
Reliance Industrial Infrastructure Limited (NSEI:RIIL),NSEI:RIIL,Energy (Primary),101.4,0,3.68,3.48,,41,
Petroamerica Oil Corp. (TSXV:PTA),TSXV:PTA,Energy (Primary),101.3,30.7,117.5,68.2,-6.74,229.2,
SHS Holdings Ltd. (SGX:566),SGX:566,Energy (Primary),100.7,46.6,18.3,14.5,-0.947,113.8,
Lonestar Resources Limited (ASX:LNR),ASX:LNR,Energy (Primary),100.6,264.6,125.2,79.2,-20,207.7,
North American Energy Partners Inc. (NYSE:NOA),NYSE:NOA,Energy (Primary),100.2,111.5,52.6,17.3,-10.6,163.7,B
Uranerz Energy Corp. (AMEX:URZ),AMEX:URZ,Energy (Primary),99.7,19.3,-10.9,-11.2,-1.23,-5.95,
Whiting USA Trust II (NYSE:WHZ),NYSE:WHZ,Energy (Primary),99.2,0,,51.4,,57.8,
NWF Group plc (AIM:NWF),AIM:NWF,Energy (Primary),98.7,19.4,16.3,11,-1.25,51.8,
Jutal Offshore Oil Services Ltd. (SEHK:3303),SEHK:3303,Energy (Primary),98,37.1,10.7,7.5,-2.41,181.6,
"Hercules Offshore, Inc. (NasdaqGS:HERO)",NasdaqGS:HERO,Energy (Primary),96.8,1210.9,281.9,111,-99.1,615,CCC+
PT Atlas Resources Tbk (JKSE:ARII),JKSE:ARII,Energy (Primary),96.6,94.5,-14.1,-21.2,-2.24,112.2,
"Dakota Plains Holdings, Inc. (AMEX:DAKP)",AMEX:DAKP,Energy (Primary),95.6,48.5,8.31,3.98,-2.79,-3.78,
Peninsula Energy Limited (ASX:PEN),ASX:PEN,Energy (Primary),95,0.929,-4.8,-4.97,,117.9,
Sound Oil Plc (AIM:SOU),AIM:SOU,Energy (Primary),95,8.57,-4.12,-11.5,-0.871,25.5,
Philex Petroleum Corporation (PSE:PXP),PSE:PXP,Energy (Primary),93.2,0,-1.38,-10.4,-0.112,12.2,
Otto Energy Limited (ASX:OEL),ASX:OEL,Energy (Primary),92.8,0,40.7,24,-7.21,108.2,
Silk Holdings Berhad (KLSE:SILKHLD),KLSE:SILKHLD,Energy (Primary),92.5,460.1,51.2,27.5,-17,50.7,
"Unique Growing Solutions, Inc. (OTCPK:ALNE)",OTCPK:ALNE,Energy (Primary),92.4,0.14,,-0.461,-0.019,-0.292,
E.A. Technique (M) Berhad (KLSE:EATECH),KLSE:EATECH,Energy (Primary),92.2,94.9,15.6,8.43,-4.1,77.3,
Hans Energy Co. Ltd. (SEHK:554),SEHK:554,Energy (Primary),92,155.6,11.3,-4.72,-10.2,22.6,
Gulf Petroleum Investment Company - KSCC (KWSE:GPI),KWSE:GPI,Energy (Primary),91.7,31.5,26.5,16,-2.19,160.5,
Rocksource ASA (OB:RGT),OB:RGT,Energy (Primary),91.6,44.2,-37.3,-37.6,-2.29,14.5,
Petrolina (Holdings) Public Ltd. (CSE:PHL),CSE:PHL,Energy (Primary),91.2,74.3,18.2,11.3,-3.38,147.4,
Carnarvon Petroleum Limited (ASX:CVN),ASX:CVN,Energy (Primary),90.6,0,15.1,4.85,-0.166,111.7,
Sea Oil Public Company Limited (SET:SEAOIL),SET:SEAOIL,Energy (Primary),90.4,2.44,3.23,3.19,-0.101,32.8,
Volga Gas plc (AIM:VGAS),AIM:VGAS,Energy (Primary),90.3,0,17.4,12.8,,75.8,
Nighthawk Energy plc (AIM:HAWK),AIM:HAWK,Energy (Primary),90.1,34,33,26.8,-3.67,64,
Buru Energy Limited (ASX:BRU),ASX:BRU,Energy (Primary),89.7,0,-15.8,-26.4,,106.4,
NexGen Energy Ltd. (TSXV:NXE),TSXV:NXE,Energy (Primary),89.3,1.17,-2.92,-7.49,,47.5,
CosmoSteel Holdings Limited (SGX:B9S),SGX:B9S,Energy (Primary),88.6,52.8,7.93,5.77,-1.14,81.1,
Energy & Technology Corp. (OTCPK:ENGT),OTCPK:ENGT,Energy (Primary),88,0.201,0.235,-0.7,-0.086,3.7,
TerraVest Capital Inc. (TSX:TVK),TSX:TVK,Energy (Primary),87.6,40.8,26,19,-2.26,70.1,
VOC Energy Trust (NYSE:VOC),NYSE:VOC,Energy (Primary),87.6,0,,31.5,,101.6,
Strad Energy Services Ltd. (TSX:SDY),TSX:SDY,Energy (Primary),87.5,33.4,50.3,29.5,-1.88,125.6,
Byco Petroleum Pakistan Limited (KASE:BYCO),KASE:BYCO,Energy (Primary),86.9,191.7,-4.23,-14.7,-25.9,-30.2,
CVO Petrochemical Refinery Limited (DSE:CVOPRL),DSE:CVOPRL,Energy (Primary),86.8,6.4,,-0.089,,2.72,
Hindustan Oil Exploration Company Limited (BSE:500186),BSE:500186,Energy (Primary),86.7,,-3.39,-20.6,-2.23,,
MTQ Corporation Limited (SGX:M05),SGX:M05,Energy (Primary),86.4,46.7,27.8,18.9,-1.92,104.8,
"Aemetis, Inc. (NasdaqGM:AMTX)",NasdaqGM:AMTX,Energy (Primary),85.1,80.3,28.9,24.1,-16.1,-2.97,
McCoy Global Inc. (TSX:MCB),TSX:MCB,Energy (Primary),84.3,0,17.2,12.6,-0.242,88.4,
PT Samindo Resources Tbk (JKSE:MYOH),JKSE:MYOH,Energy (Primary),84.1,59.3,44.2,29.9,-1.23,80.9,
Coal Asia Holdings Incorporated (PSE:COAL),PSE:COAL,Energy (Primary),83.5,0.002,-0.266,-0.273,,87.5,
Electromagnetic Geoservices ASA (OB:EMGS),OB:EMGS,Energy (Primary),83,48.5,57.8,30.1,-5.93,126.2,
PetroVietnam Construction Joint Stock Corporation (HASTC:PVX),HASTC:PVX,Energy (Primary),82.8,116,-7.51,-12.1,-5.49,57.1,
AS Latvijas Kugnieciba (RISE:LSC1R),RISE:LSC1R,Energy (Primary),82.7,219,36.8,19.7,-10.5,157.9,
Jindal Drilling & Industries Limited (BSE:511034),BSE:511034,Energy (Primary),82.5,1.76,7.15,5.49,-0.138,124,
Dolphin Group ASA (OB:DOLP),OB:DOLP,Energy (Primary),81.8,242.7,124.8,57,-21.4,260.7,
Misumi Co. Ltd. (FKSE:7441),FKSE:7441,Energy (Primary),81.1,123.5,14,7.39,-1.06,123.2,
Concordia Maritime AB (publ) (OM:CCOR B),OM:CCOR B,Energy (Primary),80.1,257.4,17.4,-0.115,-5.8,201.3,NR
Zargon Oil & Gas Ltd (TSX:ZAR),TSX:ZAR,Energy (Primary),79.9,83.5,66.8,5.73,-6.28,139.3,
"Save the World Air, Inc. (OTCPK:ZERO)",OTCPK:ZERO,Energy (Primary),79.8,0.139,-3.92,-3.94,-0.04,1.37,
PT Delta Dunia Makmur Tbk (JKSE:DOID),JKSE:DOID,Energy (Primary),79.4,729.8,184.9,79.4,-53.2,91.9,
President Energy Plc (AIM:PPC),AIM:PPC,Energy (Primary),79.3,0,1.95,-0.824,-0.825,146.8,
Warren Resources Inc. (NasdaqGS:WRES),NasdaqGS:WRES,Energy (Primary),78.9,432.4,92.1,35.6,-9.64,292.4,B-
"Yuma Energy, Inc. (AMEX:YUMA)",AMEX:YUMA,Energy (Primary),78.8,23.2,17.2,-3.29,-0.326,61.1,
"Westmoreland Resource Partners, LP (NYSE:WMLP)",NYSE:WMLP,Energy (Primary),78.3,175,51.3,9.66,-27.8,39.5,
Circle Oil plc (AIM:COP),AIM:COP,Energy (Primary),77.8,52.9,49.8,29,-5.78,255,
"Synthesis Energy Systems, Inc. (NasdaqGM:SYMX)",NasdaqGM:SYMX,Energy (Primary),77.7,6.54,-16,-18.3,-0.327,53.2,
HydroDec Group plc (AIM:HYR),AIM:HYR,Energy (Primary),77.4,3.68,-9.54,-16.2,-0.236,55.6,
FX Energy Inc. (NasdaqGS:FXEN),NasdaqGS:FXEN,Energy (Primary),77.4,50,-1.41,-30.3,-2.82,20.6,
Awilco LNG ASA (OB:ALNG),OB:ALNG,Energy (Primary),77.2,297.3,41,22.6,-25.4,191.8,
"Vertex Energy, Inc. (NasdaqCM:VTNR)",NasdaqCM:VTNR,Energy (Primary),77.2,42.5,-7.65,-11.9,-2.64,58.6,
Niska Gas Storage Partners LLC (NYSE:NKA),NYSE:NKA,Energy (Primary),77.1,826.8,159.9,42,-54.8,228.3,B-
JKX Oil & Gas plc (LSE:JKX),LSE:JKX,Energy (Primary),76.8,36.4,51.7,17.3,-3.2,281.3,
Heavy Engineering Industries and Shipbuilding Company (K.S.C.) (KWSE:SHIP),KWSE:SHIP,Energy (Primary),76.5,97.8,30.6,13.4,-3.93,124.2,
Hai Leck Holdings Limited (SGX:GG7),SGX:GG7,Energy (Primary),75.8,0.282,15.8,11.6,-0.003,87.6,
Lupatech S.A. (BOVESPA:LUPA3),BOVESPA:LUPA3,Energy (Primary),75.1,151,-44,-62.3,-67.9,35.9,CCC
Cathedral Energy Services Ltd. (TSX:CET),TSX:CET,Energy (Primary),75,50.1,30.2,13.3,-2.21,110.8,
Yangarra Resources Ltd. (TSX:YGR),TSX:YGR,Energy (Primary),74.9,48.6,45.5,31,-1.79,127.7,
Resolute Energy Corporation (NYSE:REN),NYSE:REN,Energy (Primary),74.9,776,257.6,125.5,-31.5,526.6,B-
TAEYANG Corporation (KOSDAQ:A053620),KOSDAQ:A053620,Energy (Primary),74.8,0.949,11.1,8.12,-0.021,118.6,
"Sanrin Co., Ltd. (JASDAQ:7486)",JASDAQ:7486,Energy (Primary),74.7,30.8,11.4,6.47,-0.175,125.3,
SacOil Holdings Limited (JSE:SCL),JSE:SCL,Energy (Primary),74.5,0,-10.6,-10.6,-0.226,90,
Eagle Energy Trust (TSX:EGL.UN),TSX:EGL.UN,Energy (Primary),74,40.8,52.3,-38.9,-2.09,163.1,
PT Resource Alam Indonesia Tbk (JKSE:KKGI),JKSE:KKGI,Energy (Primary),73.9,1,15.8,14.1,-0.137,70.5,
Atlantic Navigation Holdings (Singapore) Limited (Catalist:5UL),Catalist:5UL,Energy (Primary),73.4,29.6,18.8,14,-1.53,83.5,
Lapidoth Israel Oil Prospectors Corp. Ltd. (TASE:LAPD),TASE:LAPD,Energy (Primary),73.3,30.3,26.1,25.7,-0.522,87.7,
"Midstates Petroleum Company, Inc. (NYSE:MPO)",NYSE:MPO,Energy (Primary),73.1,1735.2,630,358.4,-137.5,465.9,B-
Mongolia Energy Corporation Limited (SEHK:276),SEHK:276,Energy (Primary),73,568.6,-47.7,-57.3,-28.4,409.3,
"GulfSlope Energy, Inc (OTCPK:GSPE)",OTCPK:GSPE,Energy (Primary),72.7,6.65,-2.82,-2.86,-0.305,-1.69,
Oleo e Gas Participacoes SA (BOVESPA:OGXP3),BOVESPA:OGXP3,Energy (Primary),72.4,36,-3.36,-5.28,-2.7,6.97,NR
Blackbird Energy Inc. (TSXV:BBI),TSXV:BBI,Energy (Primary),72.3,0,-3.48,-4.22,-0.019,42.1,
Ghana Oil Company Limited (GHSE:GOIL),GHSE:GOIL,Energy (Primary),71.9,10.5,9.49,8.73,-0.942,23.5,
Essar Shipping Limited (BSE:533704),BSE:533704,Energy (Primary),71.9,581.7,45.1,-43.4,-56.9,1114.4,
BNK Petroleum Inc. (TSX:BKX),TSX:BKX,Energy (Primary),71.6,15.4,12,-53,-0.458,128,
"Kyoei Tanker Co., Ltd. (TSE:9130)",TSE:9130,Energy (Primary),71.5,384.9,48.4,14.5,-9.16,64.9,
Selan Exploration Technology Limited (BSE:530075),BSE:530075,Energy (Primary),71.1,0,11.3,6.19,-0.015,44.5,
"Profire Energy, Inc. (NasdaqCM:PFIE)",NasdaqCM:PFIE,Energy (Primary),71.1,0,10.4,9.52,-0.006,45.7,
Falcon Oil & Gas Ltd. (TSXV:FO),TSXV:FO,Energy (Primary),70.1,0,-4.83,-5.13,0,71,
TAG Oil Ltd. (TSX:TAO),TSX:TAO,Energy (Primary),69.9,0,23.4,10.3,,203.1,
Iofina plc (AIM:IOF),AIM:IOF,Energy (Primary),69.9,18.7,-1.8,-3.48,-1.42,29.4,
Discovery Energy Corp. (OTCPK:DENR),OTCPK:DENR,Energy (Primary),69.6,0.754,,-0.423,-0.018,1.48,
"NXT Energy Solutions, Inc. (OTCPK:NSFD.F)",OTCPK:NSFD.F,Energy (Primary),69.5,0,-1.31,-1.37,,5.58,
Carbon Natural Gas Company (OTCPK:CRBO),OTCPK:CRBO,Energy (Primary),69.5,2.1,11.1,8.08,-0.471,24.4,
CWC Energy Services Corp. (TSXV:CWC),TSXV:CWC,Energy (Primary),69.3,56.7,28.2,11.4,-1.75,149.1,
The Philodrill Corporation (PSE:OV),PSE:OV,Energy (Primary),68.9,0,13.7,10.6,-0.009,78.6,
Refineria La Pampilla S.A.A. (BVL:RELAPAC1),BVL:RELAPAC1,Energy (Primary),68.5,687.3,-15.1,-55.9,-24.7,383.5,
Yancoal Australia Ltd (ASX:YAL),ASX:YAL,Energy (Primary),68.4,3093.1,-14.8,-89.8,-132.8,2035.3,
Daldrup & Soehne AG (DB:4DS),DB:4DS,Energy (Primary),68.2,13,-1.49,-7.61,-0.715,86.9,
Rhino Resource Partners LP (NYSE:RNO),NYSE:RNO,Energy (Primary),68.1,57.4,20.1,-19.4,-5.71,310,
Greka Drilling Limited (AIM:GDL),AIM:GDL,Energy (Primary),68,17.6,6.68,1.29,-2.27,74.7,
Biloxi Marsh Lands Corporation (OTCPK:BLMC),OTCPK:BLMC,Energy (Primary),67.9,0,-0.363,-0.372,,12.6,
Glori Energy Technology Inc. (NasdaqCM:GLRI),NasdaqCM:GLRI,Energy (Primary),67.9,19.2,-0.211,-4.84,-3.02,41.2,
Japan Oil Transportation Co.Ltd. (TSE:9074),TSE:9074,Energy (Primary),67.6,27.8,32.8,5.4,-0.526,135.5,
"Uehara Sei Shoji Co.,Ltd. (TSE:8148)",TSE:8148,Energy (Primary),67.5,1.94,7.14,3.59,-0.1,245.6,
ECA Marcellus Trust I (NYSE:ECT),NYSE:ECT,Energy (Primary),67.4,0,,18.1,,67.6,
Pakistan Refinery Ltd. (KASE:PRL),KASE:PRL,Energy (Primary),67.2,124.3,-33.2,-35.7,-4.1,-29.8,
China Qinfa Group Limited (SEHK:866),SEHK:866,Energy (Primary),67,1233.8,-30.1,-68.4,-82.8,179.8,NR
"Emerald Oil, Inc. (AMEX:EOX)",AMEX:EOX,Energy (Primary),66.9,226.5,55.9,20.6,-4.68,321.9,
PT Exploitasi Energi Indonesia Tbk (JKSE:CNKO),JKSE:CNKO,Energy (Primary),66.2,114.6,10.3,5.68,-12.2,220.3,
"Zion Oil & Gas, Inc. (NasdaqGM:ZN)",NasdaqGM:ZN,Energy (Primary),66,0,-6.6,-6.68,-0.01,10.5,
KUB Malaysia Berhad (KLSE:KUB),KLSE:KUB,Energy (Primary),65.8,16.9,7.49,2.46,-1.4,77.1,
CEFC International Limited (SGX:Y35),SGX:Y35,Energy (Primary),65.3,15.6,1.71,1.63,-0.119,1.32,
Kim Heng Offshore & Marine Holdings Limited (Catalist:5G2),Catalist:5G2,Energy (Primary),65.3,6.13,5.9,2.86,-0.319,74,
Enservco Corporation (AMEX:ENSV),AMEX:ENSV,Energy (Primary),65.1,29.8,10.9,7.51,-0.791,18,
Puma Energy Zambia PLC (LUSE:PUMA),LUSE:PUMA,Energy (Primary),65,,,,,,
Carimin Sdn. Bhd. (KLSE:CARIMIN),KLSE:CARIMIN,Energy (Primary),65,11.5,10.5,9.44,-0.516,51.5,
Wentworth Resources Limited (OB:WRL),OB:WRL,Energy (Primary),64.8,5.72,-9.45,-10.1,-2.55,145.3,
Serinus Energy Inc. (WSE:SEN),WSE:SEN,Energy (Primary),64.5,37.3,75.1,-10.4,-4.86,86.7,
MRS Oil Nigeria Plc (NGSE:MRS),NGSE:MRS,Energy (Primary),64.4,0,,6.4,-6.26,110.1,
Pan Orient Energy Corp. (TSXV:POE),TSXV:POE,Energy (Primary),64.1,0,14,-4.23,,207.1,
Strike Energy Limited (ASX:STX),ASX:STX,Energy (Primary),63.7,5,2.83,-16.7,-0.717,28.8,
Norwegian Energy Company AS (OB:NOR),OB:NOR,Energy (Primary),63.7,446.2,25.4,-114.2,-114.7,-107.3,
Eidesvik Offshore ASA (OB:EIOF),OB:EIOF,Energy (Primary),63.6,399.9,65.8,26.8,-17.6,277.2,
DOF Installer ASA (OTCNO:DOFI),OTCNO:DOFI,Energy (Primary),63.1,230,41.4,30.7,-15.3,199.5,
Arcan Resources Ltd. (TSXV:ARN),TSXV:ARN,Energy (Primary),62.7,259.1,82.2,-67.4,-20.5,100.5,
Questerre Energy Corp. (TSX:QEC),TSX:QEC,Energy (Primary),62.6,0,13.2,-14,,170,
Mirach Energy Limited (SGX:C68),SGX:C68,Energy (Primary),62.2,0,-3.01,-4.48,-0.052,50.6,
Prime Oil Chemical Service Corporation (TSEC:2904),TSEC:2904,Energy (Primary),61.8,0,7.6,4.6,,29.9,
Marquee Energy Ltd. (TSXV:MQL),TSXV:MQL,Energy (Primary),61.7,50.7,39.8,3.06,-2.76,112.3,
Oriental Petroleum and Minerals Corp. (PSE:OPMB),PSE:OPMB,Energy (Primary),60.2,0,16.4,4.74,,81.5,
Junex Inc. (TSXV:JNX),TSXV:JNX,Energy (Primary),59.9,0,-1.57,-1.85,-0.004,46.8,
Sanchez Production Partners LP (AMEX:SPP),AMEX:SPP,Energy (Primary),59.8,42.5,35.1,11.5,-2.08,106.8,
PetroTerra Corp. (OTCPK:PTRA),OTCPK:PTRA,Energy (Primary),59.7,0.01,-0.568,-0.571,,0.668,
Graphene NanoChem plc (AIM:GRPH),AIM:GRPH,Energy (Primary),59.3,54.1,-4.65,-10,-4.66,48.6,
Blue Dolphin Energy Company (OTCPK:BDCO),OTCPK:BDCO,Energy (Primary),59,12.1,11.4,9.62,-0.892,28,
Huscoke Resources Holdings Limited (SEHK:704),SEHK:704,Energy (Primary),58.3,15.4,-19,-34.5,-2.82,16.1,
Corridor Resources Inc. (TSX:CDH),TSX:CDH,Energy (Primary),58.2,0,9.69,-31.9,-0.211,133.2,
"Arsenal Energy, Inc. (TSX:AEI)",TSX:AEI,Energy (Primary),58.2,51.8,58.8,26.1,-2.4,78.3,
Kina Petroleum Limited (ASX:KPL),ASX:KPL,Energy (Primary),58.1,0,-2.74,-3.15,,38.8,
Providence Resources Plc (ISE:PZQA),ISE:PZQA,Energy (Primary),57.8,23.1,-9.93,-10.4,-0.162,92.5,
Reserve Petroleum Co. (OTCPK:RSRV),OTCPK:RSRV,Energy (Primary),57.7,0,14.8,10.6,-0.045,36.7,
"Superior Drilling Products, Inc. (AMEX:SDPI)",AMEX:SDPI,Energy (Primary),57.5,23.9,5.52,2.28,-2.28,30.1,
Savannah Petroleum Plc (AIM:SAVP),AIM:SAVP,Energy (Primary),57.5,,,,,,
Toscana Energy Income Corporation (TSX:TEI),TSX:TEI,Energy (Primary),57.4,24.3,22,0.484,-2.56,58.1,
Rey Resources Limited (ASX:REY),ASX:REY,Energy (Primary),57.2,0,-1.28,-5.34,,30.6,
Premuda SpA (BIT:PR),BIT:PR,Energy (Primary),57,458.3,-24.4,-50.7,-18.4,128.5,
"SinoCoking Coal and Coke Chemical Industries, Inc. (NasdaqCM:SCOK)",NasdaqCM:SCOK,Energy (Primary),56.8,50.1,5.66,4.61,-5.39,134.9,
Strategic Oil & Gas Ltd. (TSXV:SOG),TSXV:SOG,Energy (Primary),56.4,25.1,22.8,-14.5,-2.91,111.3,
Sterling Energy plc (AIM:SEY),AIM:SEY,Energy (Primary),56.4,0,-2.26,-10.5,,102.4,
Mitcham Industries Inc. (NasdaqGS:MIND),NasdaqGS:MIND,Energy (Primary),56.2,34.6,5.45,3.27,-0.661,161.4,
Pura Vida Energy NL (ASX:PVD),ASX:PVD,Energy (Primary),55.3,0,-5.15,-5.21,-0.387,34.3,
Raise Production Inc (TSXV:RPC),TSXV:RPC,Energy (Primary),55.2,0.207,-1.23,-1.37,-0.029,6.41,
US Oil Sands Inc. (TSXV:USO),TSXV:USO,Energy (Primary),54.8,0.041,-7.23,-7.32,,80.6,
Gujarat Natural Resources Ltd (BSE:513536),BSE:513536,Energy (Primary),54.8,4.6,0.803,0.211,-0.582,15.1,
"PT. Ratu Prabu Energi, Tbk (JKSE:ARTI)",JKSE:ARTI,Energy (Primary),54.3,46.1,18.9,14.8,-2.86,72.8,
Afren PLC (LSE:AFR),LSE:AFR,Energy (Primary),54.1,1237.2,654.4,196.9,-86.9,1972.7,SD
Petrowest Corporation (TSX:PRW),TSX:PRW,Energy (Primary),53.9,70.1,28.9,8.59,-4.46,68.3,
Oil and Gas Exploration and Production Plc (BUL:4O1),BUL:4O1,Energy (Primary),53,6.3,6.36,3.14,-0.361,63.5,
Caverton Offshore Support Group Plc (NGSE:CAVERTON),NGSE:CAVERTON,Energy (Primary),52.8,88.2,28.7,20.2,-7.35,64.6,
"SAExploration Holdings, Inc. (NasdaqGM:SAEX)",NasdaqGM:SAEX,Energy (Primary),52.7,152.3,33.8,17.3,-16.8,-32.4,B-
Tanjung Offshore Bhd (KLSE:TGOFFS),KLSE:TGOFFS,Energy (Primary),52.6,1.2,6.54,0.822,-0.099,54.5,
Highwater Ethanol LLC (OTCPK:HEOL),OTCPK:HEOL,Energy (Primary),52,27.5,27,20,-2.43,70.1,
Cooper Energy Limited (ASX:COE),ASX:COE,Energy (Primary),52,0,16.5,8.66,-0.032,88.2,
Capital Drilling Ltd (LSE:CAPD),LSE:CAPD,Energy (Primary),51.9,15.1,20.4,3.94,-1.41,91,
Medserv p.l.c. (MTSE:MDS),MTSE:MDS,Energy (Primary),51.9,31.5,7,4.99,-1.31,11.2,
Sterling Resources Ltd. (TSXV:SLG),TSXV:SLG,Energy (Primary),51.8,229.7,11.2,-9.32,-24.2,451.4,
Pressure Technologies plc (AIM:PRES),AIM:PRES,Energy (Primary),51.8,0.819,15.3,12.7,-0.011,59.4,
Blackgold International Holdings Limited (ASX:BGG),ASX:BGG,Energy (Primary),51.5,59.7,34.2,8.59,-5.62,177.7,
Sociedad Comercial del Plata S.A. (BASE:COME),BASE:COME,Energy (Primary),51.4,9.48,11.6,7.91,-0.557,125,
Jubilant Energy NV (AIM:JUB),AIM:JUB,Energy (Primary),51,531.6,7.76,5.53,-11.2,-35.4,
UEX Corp. (TSX:UEX),TSX:UEX,Energy (Primary),50.8,0,-2,-11,,132.6,
Vimy Resources Limited (ASX:VMY),ASX:VMY,Energy (Primary),50.2,0,-9.35,-9.45,-1.04,4.56,
White Energy Company Limited (ASX:WEC),ASX:WEC,Energy (Primary),50.2,33.2,-16.2,-43.9,-1.08,101.5,
Asia Resource Minerals plc (LSE:ARMS),LSE:ARMS,Energy (Primary),50.1,955,167,-9,-152,867,
Maverick Drilling & Exploration Limited (ASX:MAD),ASX:MAD,Energy (Primary),50,1.21,9.79,-28.6,-0.025,118.8,
"Miller Energy Resources, Inc. (NYSE:MILL)",NYSE:MILL,Energy (Primary),49.9,225.8,257.6,-249.9,-12.3,-76.2,
Drilling Mud Corporation (HASTC:PVC),HASTC:PVC,Energy (Primary),49.5,24.4,23.3,22,-1.24,43,
LoneStar West Inc (TSXV:LSI),TSXV:LSI,Energy (Primary),49,14.7,5.16,1.67,-0.684,38.5,
Polyard Petroleum International Group Limited (SEHK:8011),SEHK:8011,Energy (Primary),48.9,1.48,-2.57,-2.6,-0.949,9.47,
Neptune Marine Services Limited (ASX:NMS),ASX:NMS,Energy (Primary),48.7,0.383,9.35,5.48,-0.267,70.8,
"Nissin Shoji Co., Ltd. (TSE:7490)",TSE:7490,Energy (Primary),48.6,21.4,4.72,1.81,-0.267,142.2,
Cue Energy Resources Limited (ASX:CUE),ASX:CUE,Energy (Primary),48.6,0,12.8,4.56,,117.1,
Macro Enterprises Inc. (TSXV:MCR),TSXV:MCR,Energy (Primary),48.3,14.3,17.1,9.99,-0.743,70.4,
Dominion Resources Black Warrior Trust (NYSE:DOM),NYSE:DOM,Energy (Primary),48.3,0,,5.85,,7.77,
Pantheon Resources (AIM:PANR),AIM:PANR,Energy (Primary),48.1,0,,-1.58,,34.8,
AusTex Oil Limited (ASX:AOK),ASX:AOK,Energy (Primary),48,12.3,15.8,-9.24,-0.231,41.1,
Seamec Limited (BSE:526807),BSE:526807,Energy (Primary),47.9,,6.66,-1.65,-0.022,,
National Gas Company SAOG (MSM:NGCI),MSM:NGCI,Energy (Primary),47.8,68.6,15.2,10.4,-4.66,41.7,
Aminex plc (LSE:AEX),LSE:AEX,Energy (Primary),47.7,9.44,-3.68,-13.6,-4.14,88.2,
"Questor Technology, Inc. (TSXV:QST)",TSXV:QST,Energy (Primary),47.4,0,4.49,4.22,,13.1,
RPCG Public Company Limited (SET:RPC),SET:RPC,Energy (Primary),47.2,0.158,-1.9,-5.48,-0.061,38.2,
Matrix Composites & Engineering Limited (ASX:MCE),ASX:MCE,Energy (Primary),46.9,8.44,19.5,7.84,-1.19,114,
Terrace Energy Corp. (TSXV:TZR),TSXV:TZR,Energy (Primary),46.4,54.8,3.82,-1,-4.3,33.2,
Solo Oil PLC (AIM:SOLO),AIM:SOLO,Energy (Primary),46.3,0,,-3.59,,21.3,
Hengyang Petrochemical Logistics Limited (Catalist:5PD),Catalist:5PD,Energy (Primary),46.1,138.8,3.02,-1.44,-0.209,66.9,
Madagascar Oil Limited (AIM:MOIL),AIM:MOIL,Energy (Primary),46,0,-10.2,-10.3,-0.078,230.7,
"International Sustainability Group, Inc. (OTCPK:ISGP)",OTCPK:ISGP,Energy (Primary),45.4,,,,,,
"Rock Ridge Resources, Inc. (OTCPK:RRRI)",OTCPK:RRRI,Energy (Primary),44.9,,,,,,
San Leon Energy Plc (AIM:SLE),AIM:SLE,Energy (Primary),44.6,3.25,-16.4,-26.1,-1.98,383.2,
"Nippon Seiro Co., Ltd. (TSE:5010)",TSE:5010,Energy (Primary),44.6,116.6,5.64,-1.98,-1.64,89.8,
Petroneft Resources Plc (ISE:P8ET),ISE:P8ET,Energy (Primary),44.5,28.9,3.61,0.557,-2.79,87.1,
EPI (Holdings) Limited (SEHK:689),SEHK:689,Energy (Primary),44.4,36.3,41.9,-25.2,-4.47,3.96,
Byron Energy Limited (ASX:BYE),ASX:BYE,Energy (Primary),44.4,1.19,-2.53,-3.81,-0.071,26.3,
Petroleum Equipment Assembly and Metal Structure Joint Stock Company (HOSE:PXS),HOSE:PXS,Energy (Primary),44.4,21.3,13.4,10.9,-2.71,32.3,
Coal Creek Company (The) (OTCPK:CCRK),OTCPK:CCRK,Energy (Primary),44.4,,,,,,
Alkane Energy plc (AIM:ALK),AIM:ALK,Energy (Primary),44.3,33.5,11.8,6.71,-1.24,68.7,
HRT Participações em Petróleo S.A. (BOVESPA:HRTP3),BOVESPA:HRTP3,Energy (Primary),44.2,32.9,167,-255.5,-5.67,233.9,
Mapan Energy Ltd. (TSXV:MPG),TSXV:MPG,Energy (Primary),44.2,0,9.19,2.31,-0.015,119.5,
Alphageo (India) Limited (BSE:526397),BSE:526397,Energy (Primary),43.2,,6.53,5.06,-0.095,,
Centrus Energy Corp. (AMEX:LEU),AMEX:LEU,Energy (Primary),43.2,240.4,-22.6,-31.3,-18.9,21.6,NR
Viking Offshore and Marine Limited (Catalist:557),Catalist:557,Energy (Primary),43.2,20.8,2.24,0.329,-0.568,73.9,
TORM A/S (CPSE:TORM),CPSE:TORM,Energy (Primary),43,1439,78,-19.7,-57.4,-164,
"Fuji Kosan Company, Ltd. (TSE:5009)",TSE:5009,Energy (Primary),42.8,0,5.28,2.43,-0.184,68.3,
Tap Oil Ltd. (ASX:TAP),ASX:TAP,Energy (Primary),42.8,64.3,6.07,-73,-1.85,107.7,
iSignthis Ltd (ASX:ISX),ASX:ISX,Energy (Primary),42.4,,,,,,
Manitok Energy Inc. (TSXV:MEI),TSXV:MEI,Energy (Primary),42.3,43,29.4,2.74,-0.803,80.3,
Borders & Southern Petroleum plc (AIM:BOR),AIM:BOR,Energy (Primary),42.1,0,-3.04,-3.04,-0.91,306.1,
"Condor Petroleum, Inc. (TSX:CPI)",TSX:CPI,Energy (Primary),41.6,0,-9.11,-11.3,-0.65,162.9,
Nan Nan Resources Enterprise Limited (SEHK:1229),SEHK:1229,Energy (Primary),41.5,31.5,2.73,1.89,,17.9,
Aqualis ASA (OB:AQUA),OB:AQUA,Energy (Primary),41.2,0,-1.2,-2.1,-0.205,44.4,
Integrated Energy Limited (KOSDAQ:A023430),KOSDAQ:A023430,Energy (Primary),41.1,3.23,-1.16,-1.3,-0.359,38.3,
ENGlobal Corp. (NasdaqCM:ENG),NasdaqCM:ENG,Energy (Primary),41,0.7,9.21,6.88,-0.088,29,
Yoho Resources Inc. (TSXV:YO),TSXV:YO,Energy (Primary),40.9,12.2,8.21,-4.05,-0.377,92,
Striker Exploration Corp. (TSXV:SKX),TSXV:SKX,Energy (Primary),40.8,1.12,-4.28,-5.36,,24.2,
Gulfsands Petroleum plc (AIM:GPX),AIM:GPX,Energy (Primary),40.7,0,-7.04,-22.2,,167.5,
China Leason CBM & Shale Gas Group Company Limited (SEHK:8270),SEHK:8270,Energy (Primary),40.5,19,3.44,-32.6,-2.59,117.5,
"Primeline Energy Holdings, Inc. (TSXV:PEH)",TSXV:PEH,Energy (Primary),40.3,206.9,5.65,0.606,-0.979,73.1,
Gulf Navigation Holding PJSC (DFM:GULFNAV),DFM:GULFNAV,Energy (Primary),40.3,130.9,15.2,5.6,-2.78,79.3,
Saga Tankers Asa (OB:SAGA),OB:SAGA,Energy (Primary),40.2,7.75,-2.09,-2.27,-0.15,48.4,
"Rangeford Resources, Inc. (OTCPK:RGFR)",OTCPK:RGFR,Energy (Primary),40,0.551,,-3.03,-0.123,-1.14,
S.D. Standard Drilling Plc (OB:SDSD),OB:SDSD,Energy (Primary),40,0,-1.07,-1.08,-0.006,54.9,
Active Energy Group PLC (AIM:AEG),AIM:AEG,Energy (Primary),39.9,6.21,-3.4,-3.75,-0.236,4.15,
Frontera Resources Corporation (AIM:FRR),AIM:FRR,Energy (Primary),39.8,37.1,-5.78,-7.05,-4.15,-27.9,
Mesa Royalty Trust (NYSE:MTR),NYSE:MTR,Energy (Primary),39.8,0,,6.53,,4.01,
Ikkuma Resources Corp. (TSXV:IKM),TSXV:IKM,Energy (Primary),39.8,0,-2.27,-6.76,-0.008,133.8,
Loyz Energy Limited (Catalist:594),Catalist:594,Energy (Primary),39.3,44.1,7.79,4.65,-1.38,74,
African Petroleum Corp Ltd (OB:APCL),OB:APCL,Energy (Primary),39.2,0,-16.1,-39.8,,386.4,
CNG Vietnam Joint Stock Company (HOSE:CNG),HOSE:CNG,Energy (Primary),39.1,3.45,10.9,6.45,-0.403,19.4,
"Eco-Stim Energy Solutions, Inc. (OTCPK:ESES)",OTCPK:ESES,Energy (Primary),39,29,-9.2,-9.67,-2.01,7.98,
Qualitech Public Company Limited (SET:QLT-R),SET:QLT-R,Energy (Primary),39,0.258,4,3.17,-0.012,12.6,
Petroshale Inc. (TSXV:PSH),TSXV:PSH,Energy (Primary),38.9,41.4,1.84,-1.61,-2.75,8.88,
Lapidoth-Heletz - Limited Partnership (TASE:LPHL.L),TASE:LPHL.L,Energy (Primary),38.8,0,0.413,0.171,-0.018,46.2,
"JC Chemical Co., Ltd. (KOSDAQ:A137950)",KOSDAQ:A137950,Energy (Primary),38.6,52.9,1.17,-1,-0.645,37.8,
"Petrolia, Inc. (TSXV:PEA)",TSXV:PEA,Energy (Primary),38.5,2.66,-3.05,-3.79,-0.166,62.5,
Havila Shipping ASA (OB:HAVI),OB:HAVI,Energy (Primary),38.4,790,119.2,83.3,-48.5,270.1,
Dolphin Offshore Enterprises (India) Limited (BSE:522261),BSE:522261,Energy (Primary),38.3,13.1,15.9,12.5,-1.29,62.2,
Calvalley Petroleum Inc. (TSX:CVI.A),TSX:CVI.A,Energy (Primary),38.1,0,7,2.25,,105.6,
Central Petroleum Ltd. (ASX:CTP),ASX:CTP,Energy (Primary),38,31.2,-12,-18.5,-1.79,25.8,
Interra Resources Limited (SGX:5GI),SGX:5GI,Energy (Primary),38,1.19,27.3,-6.23,-0.015,71.6,
China Rerun Chemical Group Limited (AIM:CHRR),AIM:CHRR,Energy (Primary),37.9,0.633,8.8,8.7,-0.001,9.2,
"Uranium Resources, Inc. (NasdaqCM:URRE)",NasdaqCM:URRE,Energy (Primary),37.9,4.35,-12.6,-13.6,-2.37,31.1,
Energy International Investments Holdings Limited (SEHK:353),SEHK:353,Energy (Primary),37.9,11,12.2,-3.54,-1.36,107.5,
GOL Offshore Limited (BSE:532786),BSE:532786,Energy (Primary),37.7,,92.4,51.8,-43.3,,
Lynden Energy Corp. (TSXV:LVL),TSXV:LVL,Energy (Primary),37.5,27.4,19.4,8.25,-0.42,74.3,
"SI Resources Co.,Ltd. (KOSDAQ:A065420)",KOSDAQ:A065420,Energy (Primary),37.4,12.4,1.95,0.551,-1.03,15.3,
Traverse Energy Ltd. (TSXV:TVL),TSXV:TVL,Energy (Primary),36.9,0,7.83,2.76,,32.8,
"Propell Technologies Group, Inc. (OTCBB:PROP)",OTCBB:PROP,Energy (Primary),36.5,0.307,-4.11,-4.19,-0.528,-0.238,
Northern Offshore Ltd (OB:NOF),OB:NOF,Energy (Primary),36.5,29,78.3,44.7,-2.08,225.4,NR
Universal Coal plc (ASX:UNV),ASX:UNV,Energy (Primary),36.5,37.2,3.15,-0.091,-3,58.6,
Summit Resources Limited (ASX:SMM),ASX:SMM,Energy (Primary),36.3,0,,-0.286,,40.6,
PetroEnergy Resources Corp. (PSE:PERC),PSE:PERC,Energy (Primary),36.2,60.1,11.7,10.2,-3.41,48.6,
Nagarjuna Oil Refinery Limited (BSE:534184),BSE:534184,Energy (Primary),36.1,1.32,-0.88,-0.886,-0.008,121.6,
Kesar Terminals & Infrastructure Limited (BSE:533289),BSE:533289,Energy (Primary),35.9,,3.61,3.12,-0.311,,
KGN Industries Ltd. (BSE:531612),BSE:531612,Energy (Primary),35.7,,0.023,0.014,-0.001,,
"Aly Energy Services, Inc. (OTCPK:ALYE)",OTCPK:ALYE,Energy (Primary),35.6,30.2,11.1,6.14,-1.32,28.8,
Sevan Drilling ASA (OB:SEVDR),OB:SEVDR,Energy (Primary),35.4,1321.4,126.2,54.6,-54.3,557.7,
Niko Resources Ltd. (TSX:NKO),TSX:NKO,Energy (Primary),35.4,439.2,537,-121.2,-93.8,32.2,
Oilex Ltd. (ASX:OEX),ASX:OEX,Energy (Primary),35.2,0,-4.05,-4.11,0,32.7,
Emerging Market Minerals plc (AIM:EMM),AIM:EMM,Energy (Primary),35.1,0,,-0.304,-0.022,1.14,
Nido Petroleum Ltd. (ASX:NDO),ASX:NDO,Energy (Primary),35.1,10.5,31.5,-5.11,-3.16,78.5,
SC Foraj Sonde SA Craiova (RASDAQ:FOSB),RASDAQ:FOSB,Energy (Primary),35.1,,,,,,
Icon Energy Limited (ASX:ICN),ASX:ICN,Energy (Primary),34.8,0,-5.49,-5.78,-0.026,62.5,
Panoro Energy ASA (OB:PEN),OB:PEN,Energy (Primary),34.3,0,-6.94,-7.02,-12.5,148.1,
HeunguOil (KOSDAQ:A024060),KOSDAQ:A024060,Energy (Primary),34.3,0,1.44,1.06,-0.017,60.6,
Coal of Africa Limited (ASX:CZA),ASX:CZA,Energy (Primary),34.2,0,-32.8,-34.5,-2.67,283.2,
Keaton Energy Holdings Limited (JSE:KEH),JSE:KEH,Energy (Primary),34.1,34,49.9,12.2,-3.81,79.4,
Carboclor S.A. (BASE:CARC),BASE:CARC,Energy (Primary),34,23.5,1.19,-1.04,-4.33,11.9,
Aveda Transportation and Energy Services Inc. (TSXV:AVE),TSXV:AVE,Energy (Primary),33.8,43.2,20.3,5.59,-2.13,62.1,
Dome Energy AB (publ) (OM:DOME),OM:DOME,Energy (Primary),33.6,45.5,9.2,7.24,-0.767,41.6,
PetroVietnam Coating Joint Stock Company (HASTC:PVB),HASTC:PVB,Energy (Primary),33.6,6.1,16.7,9.26,-0.503,18.9,
Hardy Oil & Gas plc (LSE:HDY),LSE:HDY,Energy (Primary),33.4,0,-2.76,-2.79,-0.115,111.4,
African Energy Resources Limited (ASX:AFR),ASX:AFR,Energy (Primary),33.1,0,-4.78,-5.4,-0.289,25,
Petrovietnam Southern Gas Joint Stock Company (HASTC:PGS),HASTC:PGS,Energy (Primary),33,20.6,25.1,12,-1.53,43.8,
Sah Petroleums Limited (BSE:532543),BSE:532543,Energy (Primary),32.7,0,2.51,2.22,,19.6,
Rosan Resources Holdings Limited (SEHK:578),SEHK:578,Energy (Primary),32.6,85.9,-19.9,-27.2,-5.42,98.4,
Berkeley Resources Ltd. (ASX:BKY),ASX:BKY,Energy (Primary),32.4,0,-5.9,-6.04,,26.2,
Bahamas Petroleum Company PLC (AIM:BPC),AIM:BPC,Energy (Primary),32.4,0,-4.54,-4.61,,59.6,
Comet Ridge Ltd. (ASX:COI),ASX:COI,Energy (Primary),32.1,0,0.214,-7.58,,40.9,
US Energy Corp. (NasdaqCM:USEG),NasdaqCM:USEG,Energy (Primary),32.1,6,13.3,-1.71,-0.385,107.4,
Alvopetro Energy Ltd. (TSXV:ALV),TSXV:ALV,Energy (Primary),32,0,-0.724,-1.25,,137.2,
Spyglass Resources Corp. (TSX:SGL),TSX:SGL,Energy (Primary),31.7,150.9,89,4.64,-13.6,230.1,
"AMEN Properties, Inc. (OTCPK:AMEN)",OTCPK:AMEN,Energy (Primary),31.6,0,,,,10.6,
Polarcus Limited (OB:PLCS),OB:PLCS,Energy (Primary),31.6,694.4,147.4,31.1,-60.9,492.1,
Chariot Oil & Gas Limited (AIM:CHAR),AIM:CHAR,Energy (Primary),31.6,0,-7.47,-41.4,,162.1,
Resource Generation Limited (ASX:RES),ASX:RES,Energy (Primary),31.3,21.8,-2.96,-3.21,-1.72,161.7,
Safat Energy Holding Company K.S.C. (Closed) (KWSE:SENERGY),KWSE:SENERGY,Energy (Primary),31,5.03,-1.29,-4.96,-0.326,141.1,
Docks des Petroles d'Ambes SA (ENXTPA:DPAM),ENXTPA:DPAM,Energy (Primary),30.9,1.8,9.36,6.03,-0.019,52.7,
"Amazing Energy Oil and Gas, Co. (OTCPK:AMAZ)",OTCPK:AMAZ,Energy (Primary),30.9,3.45,,-0.175,,1.39,
Holloman Energy Corporation (OTCPK:HENC),OTCPK:HENC,Energy (Primary),30.8,0,,-0.346,-0.006,11.7,
Petrolimex Gas Corporation JSC (HOSE:PGC),HOSE:PGC,Energy (Primary),30.5,40.1,,,,30.9,
Heng Huat Resources Group Berhad (KLSE:HHGROUP),KLSE:HHGROUP,Energy (Primary),30.3,7.12,5.8,4.08,-0.612,19.5,
Valeura Energy Inc. (TSX:VLE),TSX:VLE,Energy (Primary),30.1,0,11.5,2.01,,67.3,
Jupiter Energy Limited (ASX:JPR),ASX:JPR,Energy (Primary),29.9,22.2,-0.107,-1.17,-1.93,36.3,
Tethys Petroleum Limited (TSX:TPL),TSX:TPL,Energy (Primary),29.6,10.6,-8.13,-9.4,-1.45,199.7,
Deep Industries Ltd (BSE:532760),BSE:532760,Energy (Primary),29.6,,8.85,6.85,-1.14,,
Cadogan Petroleum PLC (LSE:CAD),LSE:CAD,Energy (Primary),29.6,0,-4.48,-5.51,,143.8,
Spindletop Oil & Gas Co. (OTCPK:SPND),OTCPK:SPND,Energy (Primary),29.5,0,7.79,5.45,0,24.3,
Toro Oil & Gas Ltd. (TSXV:TOO),TSXV:TOO,Energy (Primary),29.3,4.47,0.451,-3.85,-0.242,9.31,
Advanced Holdings Ltd. (SGX:5IA),SGX:5IA,Energy (Primary),29.3,10,1.31,-1.24,-0.173,53.9,
IAHL Corp. (OTCPK:IAHL),OTCPK:IAHL,Energy (Primary),29.2,,,,,,
Kaisun Energy Group Limited (SEHK:8203),SEHK:8203,Energy (Primary),29,0,-16.1,-28.8,,36,
"Gevo, Inc. (NasdaqCM:GEVO)",NasdaqCM:GEVO,Energy (Primary),28.8,40.2,-34.9,-39.8,-12,47,
Cuesta Coal Limited (ASX:CQC),ASX:CQC,Energy (Primary),28.7,0,-2.2,-2.25,-0.021,54.8,
Swala Oil and Gas (Tanzania) plc (DAR:SWALA),DAR:SWALA,Energy (Primary),28.4,0.179,-5.58,-5.58,,-6.23,
"GreenHunter Resources, Inc. (AMEX:GRH)",AMEX:GRH,Energy (Primary),28.4,11.9,-3.28,-6.52,-1.43,-27.4,
Reach Subsea ASA (OB:REACH),OB:REACH,Energy (Primary),28.4,9.32,4.64,2.81,,20.6,
Sinostar PEC Holdings Limited (SGX:C9Q),SGX:C9Q,Energy (Primary),28.2,0,9.14,3.08,,80.8,
Forbes Energy Services Ltd. (NasdaqGM:FES),NasdaqGM:FES,Energy (Primary),28,297.9,71.8,16.8,-28.2,113.9,B
"Americas Petrogas, Inc. (TSXV:BOE)",TSXV:BOE,Energy (Primary),27.8,4.47,1.75,-26.9,-0.089,123.8,
Public Joint Stock Company Expo Nafta Product (UKR:EXPN),UKR:EXPN,Energy (Primary),27.8,20.3,-0.125,-0.124,-1.86,20.1,
Petromanas Energy Inc. (TSXV:PMI),TSXV:PMI,Energy (Primary),27.8,0,-3.83,-29.1,,93.5,
Rompetrol Well Services S.A. (BVB:PTR),BVB:PTR,Energy (Primary),27.7,0,9.44,6.35,,49.8,
PostRock Energy Corporation (NasdaqGM:PSTR),NasdaqGM:PSTR,Energy (Primary),27.7,147,45.1,16.2,-19.7,18.2,
United Drilling Tools Ltd (BSE:522014),BSE:522014,Energy (Primary),27.6,,6.52,5.44,-0.149,,
UK Oil & Gas Investments PLC (AIM:UKOG),AIM:UKOG,Energy (Primary),27.4,0,,-1.44,,5.92,
Trans Energy Inc. (OTCPK:TENG),OTCPK:TENG,Energy (Primary),27.4,104.3,5.06,-5.78,-20.8,-26.6,
"Lilis Energy, Inc. (NasdaqGM:LLEX)",NasdaqGM:LLEX,Energy (Primary),27.2,6.68,-6.25,-7.98,-6.17,7.22,
Trinity Exploration & Production plc (AIM:TRIN),AIM:TRIN,Energy (Primary),27.1,18.9,33.1,-2.94,-2.24,196.7,
Geospatial Corporation (OTCPK:GSPH),OTCPK:GSPH,Energy (Primary),27,1.79,-2.69,-2.77,-0.162,-5.21,
Empire Oil & Gas NL (ASX:EGO),ASX:EGO,Energy (Primary),27,0.463,4.07,-1.07,-0.236,37.9,
Cauldron Energy Limited (ASX:CXU),ASX:CXU,Energy (Primary),26.8,0,-2.33,-3.24,-0.046,11.7,
"Joong Ang Enervis Co.,Ltd. (KOSDAQ:A000440)",KOSDAQ:A000440,Energy (Primary),26.7,17.2,4.31,2.72,-0.397,43.4,
Egdon Resources plc (AIM:EDR),AIM:EDR,Energy (Primary),26.3,0,0.917,-2.5,-0.098,61.5,
Petrolympic Ltd. (TSXV:PCQ),TSXV:PCQ,Energy (Primary),26.3,0,-1.31,-1.32,-0.004,0.632,
Antares Energy Ltd. (ASX:AZZ),ASX:AZZ,Energy (Primary),25.7,78.7,1.38,-5.97,-3.55,106,
Royale Energy Inc. (NasdaqCM:ROYL),NasdaqCM:ROYL,Energy (Primary),25.7,1.48,-3.47,-4.05,-0.082,-1.28,
U.S. Oil and Gas PLC (OTCPK:USOP.Y),OTCPK:USOP.Y,Energy (Primary),25.6,0,,-0.492,,5.48,
Petrotec AG (DB:PT8),DB:PT8,Energy (Primary),25.3,17.4,0.523,-2.79,-1.95,29.2,
National Tubes Limited (DSE:NTLTUBES),DSE:NTLTUBES,Energy (Primary),25.2,1.69,,,,72.4,
Empyrean Energy Plc (AIM:EME),AIM:EME,Energy (Primary),25.1,7.67,13.4,8.37,-1.3,36.7,
Guildford Coal Limited (ASX:GUF),ASX:GUF,Energy (Primary),25.1,100,-12.4,-49.4,-3.53,32.2,
"C2E Energy, Inc. (OTCPK:OOGI)",OTCPK:OOGI,Energy (Primary),25,,,,,,
Marine Petroleum Trust (NasdaqCM:MARP.S),NasdaqCM:MARP.S,Energy (Primary),24.9,0,,2.5,,1.11,
Atlas Development & Support Services Limited (AIM:ADSS),AIM:ADSS,Energy (Primary),24.9,0.115,-2.52,-2.53,,18.9,
Virtus Oil and Gas Corp. (OTCBB:VOIL),OTCBB:VOIL,Energy (Primary),24.9,0,-2.35,-2.35,-0.001,0.2,
"HII Technologies, Inc. (OTCPK:HIIT)",OTCPK:HIIT,Energy (Primary),24.6,22.9,0.632,-0.325,-1.44,9.5,
Petro River Oil Corp (OTCBB:PTRC),OTCBB:PTRC,Energy (Primary),24.6,0,-4.4,-9.76,0,13.5,
Blue Energy Limited (ASX:BUL),ASX:BUL,Energy (Primary),24.4,0,-3.81,-3.95,,56.8,
Oil Country Tubular Limited (BSE:500313),BSE:500313,Energy (Primary),24.2,31.7,10.8,7.32,-2.09,38,
Petrel Energy Limited (ASX:PRL),ASX:PRL,Energy (Primary),24.2,0.573,-2.3,-5.01,,11.2,
STW Resources Holding Corp (OTCPK:STWS),OTCPK:STWS,Energy (Primary),24.2,12.1,-12.5,-12.8,-2.12,-20.7,
Canadian Overseas Petroleum Limited (TSXV:XOP),TSXV:XOP,Energy (Primary),24.1,0,-6.72,-7.36,,20.3,
GETECH Group Plc (AIM:GTC),AIM:GTC,Energy (Primary),24.1,0,2.59,2.18,-0.002,12.2,
Molopo Energy Limited (ASX:MPO),ASX:MPO,Energy (Primary),23.8,0,-3.19,-6.47,,48.5,
Kejuruteraan Samudra Timur Bhd (KLSE:SAMUDRA),KLSE:SAMUDRA,Energy (Primary),23.7,3.93,-1.48,-0.871,-0.118,27.4,
Forsys Metals Corp. (TSX:FSY),TSX:FSY,Energy (Primary),23.7,0,-1.31,-1.35,,77.9,
Divergent Energy Services Corp. (TSXV:DVG),TSXV:DVG,Energy (Primary),23.7,4.81,-1.91,-2.05,-1.25,2.78,
North Energy AS (OB:NORTH),OB:NORTH,Energy (Primary),23.6,11.5,-51.8,-57.2,-4.33,59.8,
"Laredo Oil, Inc. (OTCPK:LRDC)",OTCPK:LRDC,Energy (Primary),23.6,0.35,,-0.878,-0.026,-1.33,
Vinacomin - Vang Danh Coal Joint Stock Company (HASTC:TVD),HASTC:TVD,Energy (Primary),23.6,,,,,,
Argos Resources Limited (AIM:ARG),AIM:ARG,Energy (Primary),23.6,0,-1.63,-1.65,,31.1,
Dejour Energy Inc. (TSX:DEJ),TSX:DEJ,Energy (Primary),23.4,4.05,-1.18,-6.8,-0.939,8.97,
InterOil Exploration & Production ASA (OB:IOX),OB:IOX,Energy (Primary),23.3,60.5,5.89,0.884,-12.2,-4.86,
"Barnwell Industries, Inc. (AMEX:BRN)",AMEX:BRN,Energy (Primary),23.2,10.7,5.92,0.071,-0.591,18.4,
PRD Energy Inc. (TSXV:PRD),TSXV:PRD,Energy (Primary),23,0,-4.16,-4.21,,30,
EMS Energy Limited (Catalist:5DE),Catalist:5DE,Energy (Primary),22.9,2.86,-0.645,-0.93,-0.215,28.4,
Trans-Asia Petroleum Corporation (PSE:TAPET),PSE:TAPET,Energy (Primary),22.8,0,-0.278,-0.278,,4.85,
Petrogrand AB (publ) (OM:PETRO),OM:PETRO,Energy (Primary),22.7,0,14.8,-3.01,-0.059,39.7,
Regal Petroleum plc (AIM:RPT),AIM:RPT,Energy (Primary),22.6,0,10.5,-164.8,,114.8,
Carbon Energy Limited (ASX:CNX),ASX:CNX,Energy (Primary),22.5,6.1,-4.49,-3.93,-1.9,111,
Grupo TMM S.A.B. (OTCPK:GTMA.Y),OTCPK:GTMA.Y,Energy (Primary),22.5,744.4,44.4,3.77,-47.8,39.7,NR
P/F Atlantic Petroleum (CPSE:ATLA DKK),CPSE:ATLA DKK,Energy (Primary),22.5,33.3,19.2,-40.5,-1.96,68.8,
Shelton Petroleum AB (publ) (OM:SHEL B),OM:SHEL B,Energy (Primary),22.4,0,3.29,2.97,-0.046,36.6,
Top Ships Inc. (NasdaqGS:TOPS),NasdaqGS:TOPS,Energy (Primary),22.2,26,-4.39,-4.12,,40.1,
Sterling International Enterprises Ltd. (BSE:508998),BSE:508998,Energy (Primary),22.2,53.6,27.3,3.4,-1.83,339.1,
MCW Energy Group Limited (TSXV:MCW),TSXV:MCW,Energy (Primary),22,11.3,-4.61,-7.91,-1.16,-2.22,
Hiap Seng Engineering Ltd (SGX:510),SGX:510,Energy (Primary),21.9,16.9,-3.26,-6.58,-0.566,47.5,
Petrolia SE (OB:PDR),OB:PDR,Energy (Primary),21.9,33.6,30.5,13.3,-5.3,98.1,
Lakes Oil NL (ASX:LKO),ASX:LKO,Energy (Primary),21.8,0,-1.74,-1.74,-0.048,44.3,
Shumbha Coal Limited (BSM:SHUMBA),BSM:SHUMBA,Energy (Primary),21.8,0,-1.01,-1.01,-0.017,4.69,
Magellan Petroleum Corporation (NasdaqCM:MPET),NasdaqCM:MPET,Energy (Primary),21.7,3.5,-9.54,-11.3,-0.237,29.1,
Samson Oil & Gas Limited (ASX:SSN),ASX:SSN,Energy (Primary),21.7,15.5,4.43,-13.7,-0.421,39.9,
Sintana Energy Inc (TSXV:SNN),TSXV:SNN,Energy (Primary),21.5,0,,-5.81,0,1.41,
ZaZa Energy Corporation (NasdaqCM:ZAZA),NasdaqCM:ZAZA,Energy (Primary),21.5,91.8,-12.8,-27.2,-14,-59.4,
Energia Minerals Limited (ASX:EMX),ASX:EMX,Energy (Primary),21.4,0,-2.4,-2.51,,6.84,
Tlou Energy Limited (ASX:TOU),ASX:TOU,Energy (Primary),21.4,0,-1.79,-2.05,,38.7,
CCX Carvão da Colômbia S.A. (BOVESPA:CCXC3),BOVESPA:CCXC3,Energy (Primary),21.2,8.44,-15.1,-15.7,-1.02,77.9,
Hemisphere Energy Corporation (TSXV:HME),TSXV:HME,Energy (Primary),20.9,1.97,4.8,-3.38,-0.182,28.8,
Avoca Inc. (OTCPK:AVOA),OTCPK:AVOA,Energy (Primary),20.8,,,,,,
Cassandra Oil AB (publ) (OM:CASO),OM:CASO,Energy (Primary),20.7,0,-2.71,-3.31,-0.021,8.23,
"Deep Well Oil & Gas, Inc. (OTCPK:DWOG)",OTCPK:DWOG,Energy (Primary),20.6,0,-2.09,-2.19,,22.2,
Canadian Spirit Resources Inc. (TSXV:SPI),TSXV:SPI,Energy (Primary),20.6,0,-0.887,-1.66,-0.021,63.8,
Harvest Natural Resources Inc. (NYSE:HNR),NYSE:HNR,Energy (Primary),20.4,13.7,-35.8,-94,-0.011,113.7,NR
Kivalliq Energy Corp. (TSXV:KIV),TSXV:KIV,Energy (Primary),20.4,0,-2.28,-2.39,,45.5,
Global Energy Development plc (AIM:GED),AIM:GED,Energy (Primary),20.4,0,-4.02,-15,-1.79,55.8,
Petsec Energy Ltd. (ASX:PSA),ASX:PSA,Energy (Primary),20.3,0,-1.58,-3.55,,34.2,
"T-Rex Oil, Inc. (OTCPK:TRXO)",OTCPK:TRXO,Energy (Primary),20.3,0.009,-1.56,-1.58,,3.08,
Pan Pacific Petroleum NL (ASX:PPP),ASX:PPP,Energy (Primary),20.2,0,-5.75,-39.5,0,40.7,
PEDEVCO Corp. (AMEX:PED),AMEX:PED,Energy (Primary),20,30.1,-6.88,-13.3,-9.86,-1.37,
Emerald Resources NL (ASX:EMR),ASX:EMR,Energy (Primary),20,0,-0.763,-0.883,,15.4,
Touchstone Exploration Inc. (TSX:TXP),TSX:TXP,Energy (Primary),20,5.71,6.84,-30.1,-0.251,57.2,
Burshane LPG (Pakistan) Limited (KASE:BPL),KASE:BPL,Energy (Primary),19.7,0.123,1.09,0.499,-0.013,4.72,
"Core Resource Management, Inc. (OTCPK:CRMI)",OTCPK:CRMI,Energy (Primary),19.6,1.27,-1.66,-1.88,-0.406,1.03,
Mega Uranium Ltd. (TSX:MGA),TSX:MGA,Energy (Primary),19.6,0,-2.77,-9.64,-0.022,45.7,
"HKN, Inc. (OTCPK:HKNI)",OTCPK:HKNI,Energy (Primary),19.6,0.667,-3.1,-5.6,-0.166,30.1,
Churchill Mining Plc (AIM:CHL),AIM:CHL,Energy (Primary),19.3,2.39,-1.97,-1.98,,0.248,
Energy Metals Limited (ASX:EME),ASX:EME,Energy (Primary),19.2,0,-1.09,-1.17,,45.5,
Oceanteam Shipping ASA (OB:OTS),OB:OTS,Energy (Primary),19.2,154,18.5,8.29,-15.7,82.5,
Canamax Energy Ltd. (TSXV:CAC),TSXV:CAC,Energy (Primary),19.1,0,1.4,-1.42,-0.005,22.8,
"CGX Energy, Inc. (TSXV:OYL)",TSXV:OYL,Energy (Primary),19.1,0,-6.75,-6.86,,56.2,
Vinacomin NuiBeo Coal Joint Stock Company (HASTC:NBC),HASTC:NBC,Energy (Primary),19.1,16,14.9,4.7,-0.515,18.6,
Genoil Inc. (OTCPK:GNOL.F),OTCPK:GNOL.F,Energy (Primary),19.1,,,,,,
Imperial Resources Inc. (PSE:IMP),PSE:IMP,Energy (Primary),19,0.02,-0.152,-0.162,,10.3,
Deep Yellow Limited (ASX:DYL),ASX:DYL,Energy (Primary),18.9,0,-1.35,-13.9,,63.5,
Anatolia Energy Limited (ASX:AEK),ASX:AEK,Energy (Primary),18.9,0,-1.91,-2.14,,20.2,
Real Energy Corporation Limited (ASX:RLE),ASX:RLE,Energy (Primary),18.9,0,-0.57,-0.58,,15.5,
UMC Energy Corporation (AIM:UEP),AIM:UEP,Energy (Primary),18.9,13.2,-1.79,-1.79,-1.69,13.4,
Sunbird Energy Ltd. (ASX:SNY),ASX:SNY,Energy (Primary),18.8,3.06,-6.06,-6.7,-0.344,3.91,
Jasper Investments Limited (SGX:FQ7),SGX:FQ7,Energy (Primary),18.8,160.1,-46.6,-65.6,-23.6,0.169,
Crown Point Energy Inc. (TSXV:CWV),TSXV:CWV,Energy (Primary),18.7,3.16,2.23,-16.9,-0.473,42.8,
Azarga Uranium Corp. (TSX:AZZ),TSX:AZZ,Energy (Primary),18.6,4.69,-3.79,-3.8,-1.33,29.1,
Energy Services of America Corporation (OTCPK:ESOA),OTCPK:ESOA,Energy (Primary),18.5,10.9,5.37,1.98,-0.674,18.2,
SocResources Inc. (PSE:SOC),PSE:SOC,Energy (Primary),18.4,0,-0.654,-0.718,,36.6,
Sirius Petroleum plc (AIM:SRSP),AIM:SRSP,Energy (Primary),18.4,1.52,-4.94,-4.95,,-1.91,
Europa Oil & Gas (Holdings) plc (AIM:EOG),AIM:EOG,Energy (Primary),18.3,0.373,2.06,-1.06,-0.003,9.87,
SeaEnergy PLC (AIM:SEA),AIM:SEA,Energy (Primary),18.1,0.014,0.171,-0.277,-0.002,30.8,
OSX Brasil S.A. (BOVESPA:OSXB3),BOVESPA:OSXB3,Energy (Primary),18,2185.2,-372.3,-430.8,-101.4,-192.3,
Elinoil Hellenic Petroleum Company S.A. (ATSE:ELIN),ATSE:ELIN,Energy (Primary),18,62.5,5.64,2.01,-4.97,57.7,
Oracle Coalfields Plc (AIM:ORCP),AIM:ORCP,Energy (Primary),17.9,0,-1.56,-1.93,,6.58,
Alberta Oilsands Inc. (TSXV:AOS),TSXV:AOS,Energy (Primary),17.8,0,-1.66,-47.2,-0.003,19.4,
Sabine Oil & Gas Corporation (OTCPK:SOGC),OTCPK:SOGC,Energy (Primary),17.8,1988.9,462.7,272.2,-115.6,-63.8,CCC
"XR Energy, Inc. (OTCBB:XREG)",OTCBB:XREG,Energy (Primary),17.6,0.078,,,,-0.043,
Metro Mining Limited (ASX:MMI),ASX:MMI,Energy (Primary),17.4,0,-2.11,-14.2,,13.1,
"PetroNova, Inc. (TSXV:PNA)",TSXV:PNA,Energy (Primary),17.3,2.59,-4.49,-23.8,-0.058,79.3,
"Ceres, Inc. (NasdaqCM:CERE)",NasdaqCM:CERE,Energy (Primary),17.1,0.055,-24.1,-25.4,-0.071,22.2,
Strategic Energy Resources Limited (ASX:SER),ASX:SER,Energy (Primary),17.1,0,1.39,1.29,,12.5,
Petro Matad Ltd. (DB:HA3),DB:HA3,Energy (Primary),17,0,-5.9,-6.05,,17.9,
International Gas Product Shipping Joint Stock Company (HOSE:GSP),HOSE:GSP,Energy (Primary),17,,,,,,
American Patriot Oil & Gas Limited (ASX:AOW),ASX:AOW,Energy (Primary),16.5,0,-1.64,-1.7,-0.022,7.33,
Jericho Oil Corporation (TSXV:JCO),TSXV:JCO,Energy (Primary),16.4,0,,-1.2,,5.83,
Unimot SA (WSE:UNT),WSE:UNT,Energy (Primary),16.4,6.68,0.063,-0.41,-0.404,11.6,
Handal Resources Berhad (KLSE:HANDAL),KLSE:HANDAL,Energy (Primary),16.3,9.37,6.08,5.06,-0.716,30.6,
Laramide Resources Ltd. (TSX:LAM),TSX:LAM,Energy (Primary),16.3,4.71,-1.58,-8.46,-0.446,56.5,
Gran Tierra Exchangeco Inc. (TSX:GTX),TSX:GTX,Energy (Primary),16.2,,,,,,
"EnerJex Resources, Inc. (AMEX:ENRJ)",AMEX:ENRJ,Energy (Primary),16,23,9.52,5.72,-1.31,46,
Greenfields Petroleum Corporation (TSXV:GNF),TSXV:GNF,Energy (Primary),15.9,56.1,-6.11,-6.19,-7.51,24.2,
La société de transport des hydrocarbures par pipelines SOTRAPIL société anonyme (BVMT:STPIL),BVMT:STPIL,Energy (Primary),15.7,0.004,3.75,2.61,-0.001,18.8,
Japaul Oil and Maritime Services Plc (NGSE:JAPAULOIL),NGSE:JAPAULOIL,Energy (Primary),15.7,117.8,20,10.5,-7.99,97.4,
Louisiana Central Oil & Gas Co. (OTCPK:LCNT.U),OTCPK:LCNT.U,Energy (Primary),15.6,,,,,,
"Caprock Oil, Inc. (OTCPK:ROKO)",OTCPK:ROKO,Energy (Primary),15.5,2.05,-1.52,-2.14,-0.162,0.902,
Transerv Energy Limited (ASX:TSV),ASX:TSV,Energy (Primary),15.4,2.29,2.64,-4.49,-0.002,51.1,
PT Mitra International Resources Tbk (JKSE:MIRA),JKSE:MIRA,Energy (Primary),15.3,10.3,2.5,0.598,-0.776,28.5,
Petrolera del Conosur S.A. (BASE:PSUR),BASE:PSUR,Energy (Primary),15.1,0,-14.5,-15.8,-7.15,0.453,
Winchester Energy Limited (ASX:WEL),ASX:WEL,Energy (Primary),15,0,-1.53,-1.57,-0.002,2.7,
NuEnergy Gas Limited (ASX:NGY),ASX:NGY,Energy (Primary),14.9,0,-1.99,-28.6,,22.8,
Iona Energy Inc. (TSXV:INA),TSXV:INA,Energy (Primary),14.8,266.1,54.1,-65.1,-22.1,123.4,
Basic Energy Corp. (PSE:BSC),PSE:BSC,Energy (Primary),14.8,0,-0.749,-0.825,,18.4,
Biomass Energy Project S.A. (WSE:BEP),WSE:BEP,Energy (Primary),14.7,0.131,,1.2,0,2.33,
BIOX Corporation (TSX:BX),TSX:BX,Energy (Primary),14.6,9.41,-3.13,-7.11,-0.636,35,
Bergen Group ASA (OB:BERGEN),OB:BERGEN,Energy (Primary),14.6,31.1,-0.962,-3.69,-2.76,49.2,
"Arabella Exploration, Inc. (OTCPK:AXPL.F)",OTCPK:AXPL.F,Energy (Primary),14.5,4.31,-0.836,-1.83,-0.016,11.8,
Enteq Upstream Plc (AIM:NTQ),AIM:NTQ,Energy (Primary),14.4,0,-2.48,-4.24,,73.8,
Strata-X Energy Ltd. (TSXV:SXE),TSXV:SXE,Energy (Primary),14.4,0.206,-0.865,-2,-0.047,25.7,
"Black Ridge Oil & Gas, Inc (OTCPK:ANFC)",OTCPK:ANFC,Energy (Primary),14.4,51.8,21.6,12.2,-5.29,39.3,
Primorsk Shipping Corporation (MICEX:PRIM),MICEX:PRIM,Energy (Primary),14.2,0,,-0.194,,33.3,
PA Resources AB (OM:PAR),OM:PAR,Energy (Primary),14.1,315.4,44.1,19.2,-32.7,-103.5,
IEV Holdings Limited (Catalist:5TN),Catalist:5TN,Energy (Primary),14.1,3.53,0.078,-1.28,-0.474,24.8,
Tengasco Inc. (AMEX:TGC),AMEX:TGC,Energy (Primary),14,0.889,5.59,2.44,-0.088,32.2,
Africa Energy Corp. (TSXV:AFE),TSXV:AFE,Energy (Primary),14,0.095,-1.72,-92.3,,1.31,
Galilee Energy Limited (ASX:GLL),ASX:GLL,Energy (Primary),14,0,-6.03,-6.04,-0.147,16.3,
MultiClient Geophysical ASA (OB:MCG),OB:MCG,Energy (Primary),13.9,0,6.62,-1.39,-0.48,36.8,
Algae.Tec Limited (ASX:AEB),ASX:AEB,Energy (Primary),13.9,0.789,-0.729,-0.894,-0.345,2.17,
Crown Energy AB (NGM:CRWN),NGM:CRWN,Energy (Primary),13.9,7.93,-1.19,-1.19,-1.99,7.3,
Badger Explorer AS (OB:BXPL),OB:BXPL,Energy (Primary),13.8,0,-2.82,-2.86,-0.013,10.6,
"Octagon 88 Resources, Inc. (OTCPK:OCTX)",OTCPK:OCTX,Energy (Primary),13.7,0.019,,-3.07,-0.002,59.7,
Radiant Utama Interinsco Tbk. (JKSE:RUIS),JKSE:RUIS,Energy (Primary),13.7,81,18.3,13.8,-6.62,23.1,
Bengal Energy Ltd (TSX:BNG),TSX:BNG,Energy (Primary),13.6,14.9,9.69,-0.678,-1.32,37.6,
ONICO S.A. (WSE:ONC),WSE:ONC,Energy (Primary),13.6,0.616,3.11,2.98,-0.263,3.82,
S.C.Prospectiuni S.A. (RASDAQ:PRSN),RASDAQ:PRSN,Energy (Primary),13.6,0,1.52,-10.8,-0.156,94.9,
Hyduke Energy Services Inc. (TSX:HYD),TSX:HYD,Energy (Primary),13.6,6.81,0.212,-0.603,-0.392,18.9,
Fission 3.0 Corp. (TSXV:FUU),TSXV:FUU,Energy (Primary),13.5,0,-1.94,-1.98,,6.44,
Israel Opportunity Energy Resources LP (TASE:ISOP.L),TASE:ISOP.L,Energy (Primary),13.5,0,-5.16,-5.2,-0.194,25.3,
Pegasi Energy Resources Corporation (OTCPK:PGSI),OTCPK:PGSI,Energy (Primary),13.4,8.18,-4.99,-5.63,-0.635,16,
Fitzroy River Corporation Ltd. (ASX:FZR),ASX:FZR,Energy (Primary),13.4,0,,-0.218,,9.79,
Atlantik Petrol Ürünleri Ticaret ve Sanayi Anonim Sirketi (IBSE:ATPET),IBSE:ATPET,Energy (Primary),13.3,2.48,0.039,-0.16,-0.291,6.31,
Stanmore Coal Limited (ASX:SMR),ASX:SMR,Energy (Primary),13.3,0,-2.13,-2.2,,59.4,
Neon Energy Limited (ASX:NEN),ASX:NEN,Energy (Primary),13.2,0,-6.89,-7.35,-0.055,17.8,
Jura Energy Corporation (TSX:JEC),TSX:JEC,Energy (Primary),13.2,18,-1.37,-2.83,-0.72,31.6,
Bannerman Resources Limited (ASX:BMN),ASX:BMN,Energy (Primary),13,7.96,-1.01,-1.09,-1.35,43.8,
Rooster Energy Ltd. (TSXV:COQ),TSXV:COQ,Energy (Primary),13,39.5,12.5,1.71,-10.5,25,
Thalassa Holdings Ltd. (AIM:THAL),AIM:THAL,Energy (Primary),12.9,0,4.51,3.6,-0.167,52.4,
Challenger Energy Limited (ASX:CEL),ASX:CEL,Energy (Primary),12.9,0,-1.06,-1.06,,4.85,
Baron Oil Plc (AIM:BOIL),AIM:BOIL,Energy (Primary),12.8,0,-5.27,-7.16,-0.116,10.4,
MNP Petroleum Corporation (OTCPK:MNAP),OTCPK:MNAP,Energy (Primary),12.7,0,-6.56,-6.88,-0.001,13.7,
"Caza Oil & Gas, Inc. (AIM:CAZA)",AIM:CAZA,Energy (Primary),12.7,42.4,17.2,8.53,-6.68,34.5,
Powder Mountain Energy Ltd. (TSXV:PDM),TSXV:PDM,Energy (Primary),12.7,0,-1.31,-2.6,-0.041,33.3,
"Cardinal Energy Group, Inc. (OTCBB:CEGX)",OTCBB:CEGX,Energy (Primary),12.7,4.79,-1.81,-1.85,-1.18,-1.04,
Rockefeller Hughes Corporation (TSXV:RHC),TSXV:RHC,Energy (Primary),12.7,0,-0.905,-1.76,,14.4,
Asian Oilfield Services Ltd. (BSE:530355),BSE:530355,Energy (Primary),12.5,12.6,-2.2,-5.01,-1.43,7.32,
Valmec Limited (ASX:VMX),ASX:VMX,Energy (Primary),12.5,6.4,3.65,2.71,-0.828,11.6,
Avanti Energy Inc. (TSXV:AVN),TSXV:AVN,Energy (Primary),12.5,0,-1.91,-1.94,,2.75,
BioPower Operations Corporation (OTCPK:BOPO),OTCPK:BOPO,Energy (Primary),12.5,0.269,-1.09,-1.1,-0.106,-2.1,
"Macusani Yellowcake, Inc. (TSXV:YEL)",TSXV:YEL,Energy (Primary),12.5,0,-1.08,-1.08,,33.5,
Oil Terminal S.A. (BVB:OIL),BVB:OIL,Energy (Primary),12.4,3.74,3.75,0.818,-0.22,118.3,
Armour Energy Limited (ASX:AJQ),ASX:AJQ,Energy (Primary),12.3,0,-3.79,-3.85,0,67.9,
Titan Energy Ltd (ASX:TTE),ASX:TTE,Energy (Primary),12.2,1.18,-5.43,-5.81,-0.105,3.39,
Central Natural Resources Inc. (OTCPK:CTNR),OTCPK:CTNR,Energy (Primary),12.1,0.65,0.199,-0.549,-0.027,9.24,
Serica Energy PLC (AIM:SQZ),AIM:SQZ,Energy (Primary),12.1,0,-6.48,-5.72,0,99.3,
Platino Energy Corp. (TSXV:PZE),TSXV:PZE,Energy (Primary),12,0,-4.5,-20.4,,102,
Cals Refineries Limited (BSE:526652),BSE:526652,Energy (Primary),12,1.06,-0.157,-0.159,-0.324,81.1,
"Red Mountain Resources, Inc. (OTCPK:RDMP)",OTCPK:RDMP,Energy (Primary),11.9,31.7,5.81,-4.31,-3.05,40.9,
Great Prairie Energy Services Inc. (TSXV:GPE),TSXV:GPE,Energy (Primary),11.8,14.1,,3.34,-0.345,14.9,
IM Skaugen SE (OB:IMSK),OB:IMSK,Energy (Primary),11.8,122.1,-12.5,-18.3,-11.9,44.1,
Swala Energy Limited (ASX:SWE),ASX:SWE,Energy (Primary),11.4,2,-9.17,-9.19,,19.1,
Pancontinental Oil & Gas NL (ASX:PCL),ASX:PCL,Energy (Primary),11.4,0,-8.09,-8.09,-0.741,45.3,
Tesla Exploration Ltd. (TSX:TXL),TSX:TXL,Energy (Primary),11.4,39.1,9.19,-10.6,-1.57,48.8,
Greka Engineering & Technology Ltd. (AIM:GEL),AIM:GEL,Energy (Primary),11.4,4.68,0.059,-1.77,-0.061,30.7,
Andatee China Marine Fuel Services Corporation (NasdaqCM:AMCF),NasdaqCM:AMCF,Energy (Primary),11.4,158.2,18.6,15.3,-13.4,56.6,
Tower Resources PLC (AIM:TRP),AIM:TRP,Energy (Primary),11.4,0,-9.24,-46.4,0,46.2,
Northern Spirit Resources Inc. (TSXV:NS),TSXV:NS,Energy (Primary),11.3,2.29,1.84,1.27,-0.004,12.9,
Fastnet Oil & Gas Plc (AIM:FAST),AIM:FAST,Energy (Primary),11.3,0,-3.51,-3.51,,54.5,
Prophecy Development Corp. (TSX:PCY),TSX:PCY,Energy (Primary),11.2,1.11,-2.35,-14,,14.7,
Universal Resource And Services Limited (SGX:W81),SGX:W81,Energy (Primary),11.2,0,13.5,4.45,,111.2,
Terra Nova Energy Ltd. (TSXV:TGC),TSXV:TGC,Energy (Primary),11.2,0,-0.74,-0.892,-0.302,4.73,
Mexco Energy Corporation (AMEX:MXC),AMEX:MXC,Energy (Primary),11.1,5.75,1.32,0.037,-0.072,13.4,
Anderson Energy Inc. (TSX:AXL),TSX:AXL,Energy (Primary),11.1,80.8,22.6,-0.462,-8.38,-24,
"Deep Down, Inc. (OTCPK:DPDW)",OTCPK:DPDW,Energy (Primary),11,5.62,0.768,-0.831,-0.205,25,
A-Cap Resources Limited (ASX:ACB),ASX:ACB,Energy (Primary),10.9,0,-1.4,-1.99,,35.9,
S.C. Rafo S.A. (BVB:RAF),BVB:RAF,Energy (Primary),10.8,,-0.28,-15.1,-5.08,,
Lansdowne Oil & Gas plc (AIM:LOGP),AIM:LOGP,Energy (Primary),10.8,0,,-2.43,-0.027,42.8,
PetroVietnam Northern Gas Joint Stock Company (HASTC:PVG),HASTC:PVG,Energy (Primary),10.7,17.2,1.33,0.29,-0.656,17.7,
Far East Energy Corp. (OTCPK:FEEC),OTCPK:FEEC,Energy (Primary),10.7,93.5,-18.5,-21.7,-13.6,-29.9,
Petrovietnam Engineering Consultancy Joint Stock Company (HASTC:PVE),HASTC:PVE,Energy (Primary),10.7,,,,,,
"Energtek, Inc. (OTCPK:EGTK)",OTCPK:EGTK,Energy (Primary),10.7,3.62,,-2.07,-0.243,1.54,
"Stratex Oil & Gas Holdings, Inc. (OTCPK:STTX)",OTCPK:STTX,Energy (Primary),10.6,16.3,-7.26,-8.48,-2.93,1.06,
GCM Resources Plc (AIM:GCM),AIM:GCM,Energy (Primary),10.5,0,-1.96,-1.95,,59.2,
Houston American Energy Corp. (AMEX:HUSA),AMEX:HUSA,Energy (Primary),10.4,0,-2.11,-2.47,,9.27,
Strata Oil & Gas Inc. (OTCPK:SOIG.F),OTCPK:SOIG.F,Energy (Primary),10.4,0,-0.806,-0.812,,0.85,
Atlantic Coal plc (AIM:ATC),AIM:ATC,Energy (Primary),10.4,12.8,-0.454,-3.5,-0.406,12.4,
Petrolinvest Spolka Akcyjna (WSE:OIL),WSE:OIL,Energy (Primary),10.4,100.5,-8.78,-8.84,-8.27,42.8,
Stonehenge Metals Limited (ASX:SHE),ASX:SHE,Energy (Primary),10.4,0,-1.11,-1.31,,7.23,
Urals Energy Public Company Limited (AIM:UEN),AIM:UEN,Energy (Primary),10.3,3.62,7.98,1.39,-0.536,98,
Red Emperor Resources NL (ASX:RMP),ASX:RMP,Energy (Primary),10.3,0,-0.11,-20.4,-0.002,14,
Bisichi Mining Plc (LSE:BISI),LSE:BISI,Energy (Primary),10.2,14.4,2.44,-1.94,-0.794,27.5,
Infinity Energy Resources Inc. (OTCPK:IFNY),OTCPK:IFNY,Energy (Primary),10.2,1.38,,-1.82,-3.5,-3.06,
Hydrocarb Energy Corporation (OTCBB:HECC),OTCBB:HECC,Energy (Primary),10.2,4.44,-4.88,-6.8,-0.662,6.93,
"Coil Tubing Technology, Inc. (OTCPK:CTBG)",OTCPK:CTBG,Energy (Primary),10.2,4.81,0.023,-0.333,-0.062,6.69,
HaLam - TKV Coal JSC (HASTC:HLC),HASTC:HLC,Energy (Primary),10.1,90.7,16.7,7.79,-6.29,13,
Skotan SA (WSE:SKT),WSE:SKT,Energy (Primary),10.1,0.174,3.24,-5.07,-0.077,9.02,
Global Vectra Helicorp Limited (BSE:532773),BSE:532773,Energy (Primary),10.1,21.4,13,8.47,-2.67,11,
"Frontier Oilfield Services, Inc. (OTCPK:FOSI)",OTCPK:FOSI,Energy (Primary),10.1,12,0.076,-2.64,-1.82,-0.605,
Northern Frontier Corp. (TSXV:FFF),TSXV:FFF,Energy (Primary),10.1,37.5,9.65,0.934,-3.08,23.2,NR
Blue Water Petroleum Corp. (OTCBB:BWPC),OTCBB:BWPC,Energy (Primary),10.1,0.625,-0.989,-0.991,-0.044,-0.903,
Cuu Long Petro Gas Transportation Joint Stock Company (HASTC:PCT),HASTC:PCT,Energy (Primary),10.1,0.468,2.04,0.386,0,12.4,
Taurus Energy AB (OM:TAUR B),OM:TAUR B,Energy (Primary),10,0,-0.858,-0.875,-0.004,2.57,
Forum Energy PLC (AIM:FEP),AIM:FEP,Energy (Primary),10,15.5,3.14,1.24,-0.852,16.5,
Eo2 Société Anonyme (ENXTPA:ALEO2),ENXTPA:ALEO2,Energy (Primary),10,10.7,2.52,1.3,-0.527,15.3,
"Osage Exploration and Development, Inc. (OTCPK:OEDV)",OTCPK:OEDV,Energy (Primary),9.91,25.1,6.16,-30.8,-4.47,-12.3,
JustKapital Litigation Partners Limited (ASX:JKL),ASX:JKL,Energy (Primary),9.88,0,-0.905,-1.03,,4.04,
Fluid S.A. (WSE:FLD),WSE:FLD,Energy (Primary),9.87,0.169,0.572,-0.034,-0.008,9.4,
Agarwal Industrial Corporation Ltd (BSE:531921),BSE:531921,Energy (Primary),9.85,,2.56,1.87,-0.602,,
East West Petroleum Corp (TSXV:EW),TSXV:EW,Energy (Primary),9.82,0,0.648,-5.26,,17.5,
Magnolia Petroleum Plc (AIM:MAGP),AIM:MAGP,Energy (Primary),9.81,2.2,1.45,0.287,-0.053,14.1,
Coalspur Mines Limited (ASX:CPL),ASX:CPL,Energy (Primary),9.81,78.1,-17.5,-128,-16.1,-40.5,
Sentula Mining Limited (JSE:SNU),JSE:SNU,Energy (Primary),9.8,28.1,4.87,-9.18,-4.67,84.1,
Vinacomin - Ha Tu Coal Joint Stock Company. (HASTC:THT),HASTC:THT,Energy (Primary),9.73,5.06,6.38,1.96,-0.649,11.8,
"Plastic2Oil, Inc. (OTCPK:PTOI)",OTCPK:PTOI,Energy (Primary),9.62,4.14,-4.48,-5.35,-0.439,-1.37,
88 Energy Limited (ASX:88E),ASX:88E,Energy (Primary),9.58,0,-5.73,-22.3,0,1.1,
Activa Resources AG (XTRA:NXI),XTRA:NXI,Energy (Primary),9.55,16.7,3.47,2.36,-0.975,4.75,
Alligator Energy Limited (ASX:AGE),ASX:AGE,Energy (Primary),9.49,0,-0.702,-0.729,,17.6,
An Pha Petroleum Group Joint Stock Company (HOSE:ASP),HOSE:ASP,Energy (Primary),9.45,13.2,2.27,1.66,-5.07,12,
Methes Energies International Ltd. (NasdaqCM:MEIL),NasdaqCM:MEIL,Energy (Primary),9.44,3.87,-5.46,-5.91,-0.493,4.14,
HocMon Trade Joint Stock Company (HASTC:HTC),HASTC:HTC,Energy (Primary),9.42,0,2.09,1.77,-0.002,7.42,
Diversified Resources Inc. (OTCPK:DDRI),OTCPK:DDRI,Energy (Primary),9.38,2.74,-2,-2.16,-0.039,6.38,
Cluff Natural Resources Plc (AIM:CLNR),AIM:CLNR,Energy (Primary),9.21,0,-3.24,-3.25,,3.87,
New Guinea Energy Limited (ASX:NGE),ASX:NGE,Energy (Primary),9.1,18.5,0.292,-5.58,-0.093,45.9,
Buildmax Ltd. (JSE:BDM),JSE:BDM,Energy (Primary),9.05,42.4,16.7,1.16,-3.95,51.7,
Fieldpoint Petroleum Corp. (AMEX:FPP),AMEX:FPP,Energy (Primary),9.03,7.24,3.11,-2.71,-0.263,11,
Heatec Jietong Holdings Ltd. (Catalist:5OR),Catalist:5OR,Energy (Primary),8.99,4.77,-0.367,-1.25,-0.24,17.5,
Vinacomin Coc Sau Coal JSC (HASTC:TC6),HASTC:TC6,Energy (Primary),8.91,,,,,,
Octanex N.L. (ASX:OXX),ASX:OXX,Energy (Primary),8.88,5.99,-2.33,-13.6,-0.304,36.6,
"Cross Border Resources, Inc. (OTCPK:XBOR)",OTCPK:XBOR,Energy (Primary),8.84,9.2,8.84,4.59,-0.566,22.5,
MatRRix Energy Technologies Inc. (TSXV:MXX),TSXV:MXX,Energy (Primary),8.69,0,2.59,0.236,,23.5,
American Sands Energy Corporation (OTCPK:AMSE),OTCPK:AMSE,Energy (Primary),8.68,0,-3.58,-3.58,-0.012,0.545,
Hyperdynamics Corporation (OTCPK:HDYN),OTCPK:HDYN,Energy (Primary),8.63,0,-22.4,-22.8,,37.7,
Quattro Exploration and Production Ltd. (TSXV:QXP),TSXV:QXP,Energy (Primary),8.61,8.24,4.88,1.43,-0.676,18.4,
Bounty Oil & Gas NL (ASX:BUY),ASX:BUY,Energy (Primary),8.61,0,-0.529,-0.862,,23.1,
Vinacomin - Mong Duong Coal JSC (HASTC:MDC),HASTC:MDC,Energy (Primary),8.6,,,,,,
"Torchlight Energy Resources, Inc. (NasdaqCM:TRCH)",NasdaqCM:TRCH,Energy (Primary),8.59,10.6,-7.72,-9.23,-8.15,21.8,
"Forum Pacific, Inc. (PSE:FPI)",PSE:FPI,Energy (Primary),8.55,0.082,,,,8.46,
"Start Scientific, Inc. (OTCPK:STSC)",OTCPK:STSC,Energy (Primary),8.49,0.795,,-6.73,-0.073,-1.95,
Eagle Ford Oil & Gas Corp. (OTCPK:ECCE),OTCPK:ECCE,Energy (Primary),8.41,10.3,-0.787,-0.792,-1.04,-14.6,
Dietswell S.A. (ENXTPA:ALDIE),ENXTPA:ALDIE,Energy (Primary),8.4,4.23,1.77,1.52,-0.214,9.21,
Confidence Petroleum India Ltd. (BSE:526829),BSE:526829,Energy (Primary),8.36,8.19,4.91,1.63,-1.34,37.8,
"Freestone Resources, Inc. (OTCPK:FSNR)",OTCPK:FSNR,Energy (Primary),8.34,0,-0.446,-0.456,,0.159,
3D Oil Limited (ASX:TDO),ASX:TDO,Energy (Primary),8.33,0,-1.08,-1.17,,19.5,
Wavefront Technology Solutions Inc. (TSXV:WEE),TSXV:WEE,Energy (Primary),8.3,0,-1.87,-3.37,-0.003,13.7,
Magnus Energy Group Ltd. (Catalist:576),Catalist:576,Energy (Primary),8.29,0.254,7.65,7.17,-0.169,24.9,
"Hawk Exploration, Ltd. (TSXV:HWK.A)",TSXV:HWK.A,Energy (Primary),8.21,6.17,6.55,-0.907,-1.13,20.8,
Entek Energy Limited (ASX:ETE),ASX:ETE,Energy (Primary),8.2,0,-0.997,-7.29,,19.8,
Tuscany Energy Ltd. (TSXV:TUS),TSXV:TUS,Energy (Primary),8.16,3.44,7.01,-0.308,-0.238,15,
Lereno Bio-Chem Ltd. (Catalist:587),Catalist:587,Energy (Primary),8.12,0,-1.02,-1.02,-0.001,-2.61,
Eco (Atlantic) Oil & Gas Ltd. (TSXV:EOG),TSXV:EOG,Energy (Primary),8.09,0,-3.41,-3.41,,3.7,
"Green Energy Live, Inc. (OTCPK:GELV)",OTCPK:GELV,Energy (Primary),8.09,,,,,,
Universal Energy Corp. (OTCPK:UVSE),OTCPK:UVSE,Energy (Primary),8.08,,,,,,
"Alliance Bioenergy Plus, Inc. (OTCPK:ALLM)",OTCPK:ALLM,Energy (Primary),8.07,0.571,,-5.22,-0.01,4.82,
Guideline Geo AB (publ) (NGM:GGEO),NGM:GGEO,Energy (Primary),8.06,0.911,0.544,-0.353,-0.05,16.1,
Nostra Terra Oil & Gas Company plc (AIM:NTOG),AIM:NTOG,Energy (Primary),7.99,1.66,-0.789,-2.22,-0.18,5.45,
"Native American Energy Group, Inc. (OTCPK:NAGP)",OTCPK:NAGP,Energy (Primary),7.98,,,,,,
Boss Resources Limited (ASX:BOE),ASX:BOE,Energy (Primary),7.95,0,-0.03,-0.875,-0.004,5.61,
Edge Resources Inc. (TSXV:EDE),TSXV:EDE,Energy (Primary),7.81,14,2.6,0.862,-0.941,9.25,
"Recon Technology, Ltd. (NasdaqCM:RCON)",NasdaqCM:RCON,Energy (Primary),7.8,2.84,-1.14,-1.23,-0.152,15.9,
New Zealand Energy Corporation (TSXV:NZ),TSXV:NZ,Energy (Primary),7.77,0.063,6.14,-11.5,-0.028,79,
Victory Energy Corporation (OTCPK:VYEY),OTCPK:VYEY,Energy (Primary),7.74,0.8,-2.27,-6.43,-0.065,-5.11,
Exoma Energy Limited (ASX:EXE),ASX:EXE,Energy (Primary),7.68,0,-0.538,-0.689,-0.028,6.18,
Renaissance Oil Corp. (TSXV:ROE),TSXV:ROE,Energy (Primary),7.64,0,-1.39,-1.39,,5.39,
Coal Energy S.A. (WSE:CLE),WSE:CLE,Energy (Primary),7.61,78.1,4.89,-6.33,,-4.83,
"HINTO Energy, Inc. (OTCPK:HENI)",OTCPK:HENI,Energy (Primary),7.56,2.58,-1.53,-1.63,-0.18,-0.212,
Sea Dragon Energy Inc. (TSXV:SDX),TSXV:SDX,Energy (Primary),7.54,9.63,9.3,5.25,-0.977,32.2,
"Lucas Energy, Inc. (AMEX:LEI)",AMEX:LEI,Energy (Primary),7.52,7.02,-1.55,-3.25,-1.38,26.9,
Metgasco Limited (ASX:MEL),ASX:MEL,Energy (Primary),7.47,0.019,30.1,-69.7,-0.116,8.11,
MEO Australia Limited (ASX:MEO),ASX:MEO,Energy (Primary),7.46,0,87.2,-19,,15.9,
AB Igrene (publ) (OM:ABI),OM:ABI,Energy (Primary),7.43,0,-0.492,-0.647,0,1,
Formation Fluid Management Inc. (TSXV:FFM),TSXV:FFM,Energy (Primary),7.42,0.624,-0.222,-0.404,,5.07,
Ncondezi Energy (AIM:NCCL),AIM:NCCL,Energy (Primary),7.42,0,-5.78,-6.14,-0.046,49.2,
Hanwei Energy Services Corp. (TSX:HE),TSX:HE,Energy (Primary),7.39,8.61,0.092,-2.74,-0.395,24.4,
Eden Energy Limited (ASX:EDE),ASX:EDE,Energy (Primary),7.38,0.45,-1.06,-1.13,-0.016,4.14,
"Blacksands Petroleum, Inc. (OTCPK:BSPE)",OTCPK:BSPE,Energy (Primary),7.36,6.1,-0.521,-3.47,-1.86,-7.13,
Vinacomin - Deo Nai Coal Joint Stock Company (HASTC:TDN),HASTC:TDN,Energy (Primary),7.36,14.4,9.64,0.831,-1.76,13.1,
Black River Petroleum Corp. (OTCPK:BRPC),OTCPK:BRPC,Energy (Primary),7.32,0,0.622,-1.25,-0.005,0.117,
Shiv-Vani Oil & Gas Exploration Services Ltd (BSE:522175),BSE:522175,Energy (Primary),7.29,710,-41.6,-82,-53.9,66.9,
Terra Energy Corp. (TSX:TT),TSX:TT,Energy (Primary),7.26,18.6,11.1,-13,-1.05,58,
Connacher Oil and Gas Ltd. (TSX:CLL),TSX:CLL,Energy (Primary),7.25,942.1,62.4,-45.6,-84.1,9.39,D
Divestco Inc. (TSXV:DVT),TSXV:DVT,Energy (Primary),7.25,10.4,2.35,-1.11,-1.23,9.11,
Oklo Resources Limited (ASX:OKU),ASX:OKU,Energy (Primary),7.24,0,,-0.651,,8.09,
Eastern Gases Limited (BSE:590080),BSE:590080,Energy (Primary),7.23,,1.82,1.65,-0.959,,
"West Texas Resources, Inc. (OTCPK:WTXR)",OTCPK:WTXR,Energy (Primary),7.21,0.216,-0.337,-0.44,-0.188,0.511,
Range Energy Resources Inc. (DB:YGK),DB:YGK,Energy (Primary),6.92,0,-0.659,-0.66,,36.7,
Cmistone Vietman Joint Stock company (HASTC:CMI),HASTC:CMI,Energy (Primary),6.9,,,,,,
Saratoga Resources Inc. (AMEX:SARA),AMEX:SARA,Energy (Primary),6.88,179.5,13.1,-0.268,-23.7,12.5,
StonePoint Energy Inc. (TSXV:STO),TSXV:STO,Energy (Primary),6.87,1.75,0.195,-1.93,-0.111,-1.04,
Union Jack Oil plc (AIM:UJO),AIM:UJO,Energy (Primary),6.83,0,,-0.852,,4.2,
Mosman Oil And Gas Limited (AIM:MSMN),AIM:MSMN,Energy (Primary),6.82,0.584,-2.67,-2.68,-0.017,10.2,
Dundee Energy Limited (TSX:DEN),TSX:DEN,Energy (Primary),6.78,53.2,15.9,5.47,-3.93,51.7,
Vinacomin - Cao Son Coal JSC (HASTC:TCS),HASTC:TCS,Energy (Primary),6.76,,,,,,
New Western Energy Corporation (OTCPK:NWTR),OTCPK:NWTR,Energy (Primary),6.73,1.12,-2.27,-2.38,-1.56,-0.538,
Lemur Resources Limited (ASX:LMR),ASX:LMR,Energy (Primary),6.73,0,-1.67,-2.05,,24.9,
Revoil S.A. (ATSE:REVOIL),ATSE:REVOIL,Energy (Primary),6.7,61.6,9.39,2.07,,17,
Sino Clean Energy Inc (OTCPK:SCEI),OTCPK:SCEI,Energy (Primary),6.68,,,,,,
TomCo Energy Plc (AIM:TOM),AIM:TOM,Energy (Primary),6.62,0,-1.17,-1.18,,21.1,
Oyster Oil and Gas Ltd. (TSXV:OY),TSXV:OY,Energy (Primary),6.57,0,-0.424,-0.374,,8.37,
Independent Oil & Gas Plc (AIM:IOG),AIM:IOG,Energy (Primary),6.56,0.983,,-3.33,-0.388,26.6,
InfraStrata plc (AIM:INFA),AIM:INFA,Energy (Primary),6.49,0.022,-2.04,-2.05,,18,
China New Energy Ltd. (AIM:CNEL),AIM:CNEL,Energy (Primary),6.44,1.06,-2.54,-2.93,-0.126,3.09,
South Pacific Resources Limited (ASX:SPB),ASX:SPB,Energy (Primary),6.44,0,-0.764,-0.819,,-0.523,
Wilton Resources Inc. (TSXV:WIL),TSXV:WIL,Energy (Primary),6.43,0.8,-1.66,-1.71,-0.113,-1.76,
Park Place Energy Corp. (OTCPK:PKPL),OTCPK:PKPL,Energy (Primary),6.4,0,-0.812,-0.813,,3.49,
Empire Energy Group Limited (ASX:EEG),ASX:EEG,Energy (Primary),6.37,40.7,8.77,2.97,-2.68,49.2,
Vital Energy Inc. (TSXV:VUX),TSXV:VUX,Energy (Primary),6.36,0,-1.58,-2.24,-0.001,17.6,
Interlink Petroleum Ltd. (BSE:526512),BSE:526512,Energy (Primary),6.35,10.9,-0.157,-0.173,-0.023,5.54,
EnerGulf Resources Inc. (TSXV:ENG),TSXV:ENG,Energy (Primary),6.34,0.05,-1.32,-1.34,,19.6,
Altima Resources Ltd. (TSXV:ARH),TSXV:ARH,Energy (Primary),6.32,4.78,-0.005,-0.336,-0.443,16.3,
Phoenix Canada Oil Co. Ltd. (TSXV:PCO),TSXV:PCO,Energy (Primary),6.28,0.082,-0.313,-0.316,-0.001,7.96,
Marksmen Energy Inc. (TSXV:MAH),TSXV:MAH,Energy (Primary),6.28,0.654,-0.616,-0.769,-0.064,1.68,
Kingsland Energy Corp. (TSXV:KLE),TSXV:KLE,Energy (Primary),6.26,2.37,-0.388,-0.669,-0.187,2.36,
CUB Energy Inc. (TSXV:KUB),TSXV:KUB,Energy (Primary),6.26,2,-4.07,-27.8,-0.24,27.2,
WildHorse Energy Ltd. (ASX:WHE),ASX:WHE,Energy (Primary),6.25,0.041,0.345,-4.57,-0.02,0.337,
"Baron Energy, Inc. (OTCPK:BROE)",OTCPK:BROE,Energy (Primary),6.24,,,,,,
Enhanced Oil & Gas Recovery Limited (ASX:EOR),ASX:EOR,Energy (Primary),6.24,0,,-0.646,-0.002,0.026,
Petro-Victory Energy Corp. (TSXV:VRY),TSXV:VRY,Energy (Primary),6.23,2.5,-0.576,-0.579,-0.023,64.3,
Alpha PetroVision Holding AG (SWX:APHN),SWX:APHN,Energy (Primary),6.19,4.59,-4.1,-9.78,-0.714,-2.43,
U3O8 Corp. (TSX:UWE),TSX:UWE,Energy (Primary),6.18,0,-3.97,-4.21,,9.22,
Po Valley Energy Ltd. (ASX:PVE),ASX:PVE,Energy (Primary),6.17,3.59,2.14,-0.832,-0.514,23.7,
Austin Exploration Limited (ASX:AKK),ASX:AKK,Energy (Primary),6.1,0,-16,-17.2,,26.2,
Aura Energy Limited (ASX:AEE),ASX:AEE,Energy (Primary),6.08,0.034,-1.3,-2.24,-0.018,11.4,
Oakridge Energy Inc. (OTCPK:OAKR),OTCPK:OAKR,Energy (Primary),6.05,,,,,,
Azabache Energy Inc. (TSXV:AZA),TSXV:AZA,Energy (Primary),6.01,4.11,-4.31,-5.67,-0.43,14.1,
Simba Energy Inc. (TSXV:SMB),TSXV:SMB,Energy (Primary),5.94,0.07,-0.731,-0.75,-0.009,6.26,
Black Range Minerals Limited (ASX:BLR),ASX:BLR,Energy (Primary),5.91,0.461,-10.5,-11.2,,15.1,
Northern Petroleum plc (AIM:NOP),AIM:NOP,Energy (Primary),5.84,0,-11.6,-34.3,-0.203,83,
Petro One Energy Corp. (TSXV:POP),TSXV:POP,Energy (Primary),5.8,0,-1.87,-2.09,,13,
Borneo Resource Investments Ltd. (OTCPK:BRNE),OTCPK:BRNE,Energy (Primary),5.78,3.85,-2.41,-2.45,-0.161,1.11,
Intra Energy Corporation Limited (ASX:IEC),ASX:IEC,Energy (Primary),5.78,3.69,-1.92,-13.9,-0.403,16.5,
Northcote Energy Limited (AIM:NCT),AIM:NCT,Energy (Primary),5.77,1.58,-2.58,-2.7,-0.223,6.34,
"Planet Resource Recovery, Inc. (OTCPK:PRRY)",OTCPK:PRRY,Energy (Primary),5.71,,,,,,
Montana Exploration Corp. (TSXV:MTZ),TSXV:MTZ,Energy (Primary),5.64,6.95,-2.8,-5.72,-0.406,-4.36,
Key Petroleum Limited (ASX:KEY),ASX:KEY,Energy (Primary),5.63,0,-0.897,-1.08,-0.006,3.57,
Strateco Resources Inc. (TSX:RSC),TSX:RSC,Energy (Primary),5.62,10.6,-3.93,-4.55,-2.95,-12.7,
Moreton Resources Ltd. (ASX:MRV),ASX:MRV,Energy (Primary),5.59,0,-0.718,-0.817,-0.007,5.9,
Sefton Resources Inc. (AIM:SER),AIM:SER,Energy (Primary),5.44,5.13,-0.791,-1.24,-0.343,6.52,
Modun Resources Limited (ASX:MOU),ASX:MOU,Energy (Primary),5.42,0,-1.17,-1.18,,4.8,
ITP Energy Corporation (OTCPK:ITPG),OTCPK:ITPG,Energy (Primary),5.42,,,,,,
Continental Energy Corporation (OTCPK:CPPX.F),OTCPK:CPPX.F,Energy (Primary),5.41,0.398,-0.565,-0.569,-0.129,-0.414,
"Alternative Fuels America, Inc. (OTCPK:AFAI)",OTCPK:AFAI,Energy (Primary),5.41,0.725,-0.914,-0.922,-0.267,-0.841,
Titan Energy Services Limited (ASX:TTN),ASX:TTN,Energy (Primary),5.39,12,10.5,6.83,-0.894,35.1,
Altona Energy Plc (AIM:ANR),AIM:ANR,Energy (Primary),5.29,0,,-3.85,,16.5,
Sable Natural Resources Corporation (OTCPK:SNRE),OTCPK:SNRE,Energy (Primary),5.27,12,-2.93,-3.84,-0.8,-3.68,
TransCoastal Corporation (OTCPK:TCEC),OTCPK:TCEC,Energy (Primary),5.24,17.3,-0.449,-1.02,-0.774,5.29,
Petrovietnam Gas City Investment And Development JSC (HASTC:PCG),HASTC:PCG,Energy (Primary),5.21,,,,,,
Antrim Energy Inc. (TSXV:AEN),TSXV:AEN,Energy (Primary),5.18,0,-8.03,-8.15,,12.7,
Norwest Energy NL (ASX:NWE),ASX:NWE,Energy (Primary),5.1,0.427,-1.5,-2.23,,3.69,
"ecoTECH Energy Group, Inc. (OTCPK:ECTH)",OTCPK:ECTH,Energy (Primary),5,,,,,,
Quicksilver Resources Inc. (OTCPK:KWKA.Q),OTCPK:KWKA.Q,Energy (Primary),4.96,2037.3,218.5,157.4,-163.3,-1137.9,D
Target Energy Limited (ASX:TEX),ASX:TEX,Energy (Primary),4.95,6.35,0.082,-5.87,-0.618,11.2,
Wolf Petroleum Limited (ASX:WOF),ASX:WOF,Energy (Primary),4.93,0,-1.57,-1.63,,8.49,
UIL Energy Ltd (ASX:UIL),ASX:UIL,Energy (Primary),4.91,0,-1.4,-2.05,,5.72,
Armax Gaz SA (RASDAQ:ARAX),RASDAQ:ARAX,Energy (Primary),4.9,9.37,1.94,0.825,-0.34,29.5,
Global Petroleum Limited (ASX:GBP),ASX:GBP,Energy (Primary),4.88,0,-2.97,-11.8,,14.5,
The Israel Land Development Company Energy Ltd (TASE:IE),TASE:IE,Energy (Primary),4.84,11.3,-1.78,-27.4,-0.978,-5.5,
Sun Resources NL (ASX:SUR),ASX:SUR,Energy (Primary),4.83,0,-1.8,-58.7,-0.007,13.8,
Annica Holdings Limited (Catalist:5AL),Catalist:5AL,Energy (Primary),4.83,0.304,-5.29,-6.99,-0.059,7.54,
Edenville Energy Plc (AIM:EDL),AIM:EDL,Energy (Primary),4.8,0,-1.55,-4.45,,15,
American Eagle Energy Corporation (AMEX:AMZG),AMEX:AMZG,Energy (Primary),4.79,173.5,32.2,7.56,-15.9,47,D
McChip Resources Inc. (TSXV:MCS),TSXV:MCS,Energy (Primary),4.77,0.142,-0.046,-0.99,,3.45,
Axiom Oil and Gas Corp. (OTCPK:AXIO),OTCPK:AXIO,Energy (Primary),4.74,1.95,,-0.857,-0.039,-2.16,
Stonehaven Exploration Ltd. (TSXV:SE),TSXV:SE,Energy (Primary),4.73,0,0.382,-0.089,,8.44,
Interfox Resources AB (OM:IFOX),OM:IFOX,Energy (Primary),4.7,0,-1.63,-1.64,-0.083,7.34,
Marsa Energy Inc. (TSXV:MEP),TSXV:MEP,Energy (Primary),4.69,0,-8.13,-8.19,,27.8,
"Bakken Resources, Inc. (OTCPK:BKKN)",OTCPK:BKKN,Energy (Primary),4.69,0,0.931,0.861,0,7.23,
Escalera Resources Co. (NasdaqGS:ESCR),NasdaqGS:ESCR,Energy (Primary),4.65,45,7.38,-18.3,-1.76,19.2,
Petrel Resources plc (AIM:PET),AIM:PET,Energy (Primary),4.63,0,-0.669,-0.697,,12.4,
Sahara Energy Ltd. (TSXV:SAH),TSXV:SAH,Energy (Primary),4.62,0,-0.82,-0.933,,15.2,
Sadovaya Group S.A. (WSE:SGR),WSE:SGR,Energy (Primary),4.62,,,,,,
Hullera Vasco Leonesa S.A. (BDM:HVL),BDM:HVL,Energy (Primary),4.59,24.1,5.49,-16.6,-2.01,83.7,
Challenger Deep Resources Corp. (TSXV:CDE),TSXV:CDE,Energy (Primary),4.47,0,-0.375,-2.01,,-0.049,
Azonto Petroleum Ltd (ASX:APY),ASX:APY,Energy (Primary),4.43,0,-5.45,-16.1,,32.5,
ArPetrol Ltd. (TSXV:RPT),TSXV:RPT,Energy (Primary),4.41,0.931,0.543,-0.502,-0.268,20.1,
Purepoint Uranium Group Inc. (TSXV:PTU),TSXV:PTU,Energy (Primary),4.38,0,-1.02,-1.03,,0.457,
Forte Energy NL (ASX:FTE),ASX:FTE,Energy (Primary),4.36,1.32,-3.64,-4.72,-0.063,24.4,
Blacksteel Energy Inc. (TSXV:BEY),TSXV:BEY,Energy (Primary),4.35,0,-0.692,-2.01,,0.337,
Uranium Resources Plc (AIM:URA),AIM:URA,Energy (Primary),4.32,1.3,-0.575,-0.438,-0.227,16,
Candax Energy Inc. (TSX:CAX),TSX:CAX,Energy (Primary),4.29,40.6,3.14,-3.82,-2.55,-18.5,
"Capital City Energy Group, Inc. (OTCPK:CETG)",OTCPK:CETG,Energy (Primary),4.29,,,,,,
Petrolimex Joint Stock Tanker Company (HOSE:PJT),HOSE:PJT,Energy (Primary),4.28,6.22,2.07,0.852,-0.301,5.99,
LGX Oil + Gas Inc. (TSXV:OIL),TSXV:OIL,Energy (Primary),4.26,17.6,6.05,-31.7,-0.894,38,
Ouhua Energy Holdings Limited (SGX:AJ2),SGX:AJ2,Energy (Primary),4.23,49.6,-15.7,-17.9,-3.11,5.5,
Gas2grid Limited (ASX:GGX),ASX:GGX,Energy (Primary),4.22,3.97,-0.637,-4.11,-0.358,6.66,
Pioneer Oil & Gas (OTCPK:POGS),OTCPK:POGS,Energy (Primary),4.22,0,-0.848,-0.89,,2.74,
Malabar Coal Limited (ASX:MBC),ASX:MBC,Energy (Primary),4.21,15.3,-18.6,-18.7,-0.175,17.1,
S.C. Dafora S.A. (BVB:DAFR),BVB:DAFR,Energy (Primary),4.16,54.3,-17.3,-31.7,-2.85,-16.7,
Pryme Energy Limited (ASX:PYM),ASX:PYM,Energy (Primary),4.16,0,-15.7,-18.5,-0.548,4.37,
Orca Energy Limited (ASX:OGY),ASX:OGY,Energy (Primary),4.14,0,1.28,-1.93,-0.025,5.54,
Caiterra International Energy Corporation (TSXV:CTI),TSXV:CTI,Energy (Primary),4.12,0,,-4.1,,6.66,
Méthanor SCA (ENXTPA:ALMET),ENXTPA:ALMET,Energy (Primary),4.1,0,-0.045,-0.048,,6.39,
East Energy Resources Limited (ASX:EER),ASX:EER,Energy (Primary),4.08,15.8,-0.643,-0.72,-1.5,43.8,
KFG Resources Ltd. (TSXV:KFG),TSXV:KFG,Energy (Primary),4.05,0,1.06,0.647,,2.63,
"The American Energy Group, Ltd. (OTCPK:AEGG)",OTCPK:AEGG,Energy (Primary),4.03,0.735,-1.59,-1.59,-0.036,3.89,
"LianDi Clean Technology, Inc. (OTCPK:LNDT)",OTCPK:LNDT,Energy (Primary),4.01,0,8.63,8.34,-0.573,153.2,
"BlueFire Renewables, Inc. (OTCPK:BFRE)",OTCPK:BFRE,Energy (Primary),4,0.614,-0.153,-0.154,-0.198,-2.51,
3MV Energy Corp. (TSXV:TMV),TSXV:TMV,Energy (Primary),3.98,4.84,0.889,-3.22,-0.494,5.14,
"Anterra Energy, Inc. (TSXV:AE.A)",TSXV:AE.A,Energy (Primary),3.98,14.8,-1.97,-7.04,-0.655,28.1,
Coretrack Ltd. (ASX:CKK),ASX:CKK,Energy (Primary),3.97,0,-0.878,-0.898,-0.003,2.25,
Southern Online Bio Technologies Ltd. (BSE:532669),BSE:532669,Energy (Primary),3.97,,0.033,-1.17,-3.06,,
TERN plc (AIM:TERN),AIM:TERN,Energy (Primary),3.96,0.407,,-0.189,-0.051,1.47,
"World Health Energy Holdings, Inc. (OTCPK:WHEN)",OTCPK:WHEN,Energy (Primary),3.96,0.367,,-0.043,,-0.454,
Eurocontrol Technics Group Inc. (TSXV:EUO),TSXV:EUO,Energy (Primary),3.93,1.14,0.71,0.164,-0.089,4.42,
Uztel SA (BVB:UZT),BVB:UZT,Energy (Primary),3.92,2.03,2.35,0.444,-0.416,25.8,
Petrodorado Energy Ltd. (TSXV:PDQ),TSXV:PDQ,Energy (Primary),3.87,0,-4.14,-6.43,,84.5,
Cecon ASA (OB:CECON),OB:CECON,Energy (Primary),3.82,264.6,-4.52,-4.56,-8.68,4.35,
PetroFrontier Corp. (TSXV:PFC),TSXV:PFC,Energy (Primary),3.82,0,-2.55,-38.5,-0.002,9.31,
Metalore Resources Ltd. (TSX:MET),TSX:MET,Energy (Primary),3.82,0,0.52,0.274,,11.6,
Dalmac Energy Inc. (TSXV:DAL),TSXV:DAL,Energy (Primary),3.82,10.5,4.49,1.68,-0.558,10.2,
Forent Energy Ltd. (TSXV:FEN),TSXV:FEN,Energy (Primary),3.78,5.31,0.156,-4.66,-0.117,10.7,
Purthanol Resources Limited (OTCPK:PURT),OTCPK:PURT,Energy (Primary),3.7,,,,,,
"New Concept Energy, Inc. (AMEX:GBR)",AMEX:GBR,Energy (Primary),3.68,2.31,-0.158,-0.89,-0.091,6.29,
Resources and Energy Group Limited (ASX:REZ),ASX:REZ,Energy (Primary),3.67,0.161,-0.238,-0.417,-0.01,-1.02,
Buffalo Coal Corp. (TSX:BUF),TSX:BUF,Energy (Primary),3.67,18.6,5.19,-11,-3.82,20.7,
"BPZ Resources, Inc. (OTCPK:BPZR.Q)",OTCPK:BPZR.Q,Energy (Primary),3.65,214.3,23.5,0.325,-18.7,33.4,NR
Caspian Energy Inc. (OTCPK:CEKF.F),OTCPK:CEKF.F,Energy (Primary),3.63,8.61,-1.83,-1.83,-1.19,-8.82,
CanAm Coal Corp. (TSXV:COE),TSXV:COE,Energy (Primary),3.62,34.5,9.12,-5.31,-5.02,1.32,
"Daybreak Oil and Gas, Inc. (OTCPK:DBRM)",OTCPK:DBRM,Energy (Primary),3.6,15.7,1.69,1.21,-2.58,-4.79,
Odyssey Energy Limited (ASX:ODY),ASX:ODY,Energy (Primary),3.6,0,-0.324,-0.325,,3.51,
WHL Energy Limited (ASX:WHN),ASX:WHN,Energy (Primary),3.59,3.01,-1.89,-2.02,-0.705,21.9,
Mission NewEnergy Limited (ASX:MBT),ASX:MBT,Energy (Primary),3.59,12.5,-2,-2,-2.44,10.9,
Petroleum Pipeline & Tank Construction Joint Stock Company. (HOSE:PXT),HOSE:PXT,Energy (Primary),3.59,2.18,,,,1.67,
Yasynivs'kyi Koksokhimichnyi Zavod VAT (UKR:YASK),UKR:YASK,Energy (Primary),3.57,,,,,,
"National Automation Services, Inc. (OTCPK:NASV)",OTCPK:NASV,Energy (Primary),3.55,14.6,1.06,0.172,-0.798,0.118,
Opal Energy Corp. (TSXV:OPA),TSXV:OPA,Energy (Primary),3.55,0.018,,-0.084,-0.028,-0.064,
Australian Oil Company Limited (ASX:AOC),ASX:AOC,Energy (Primary),3.54,0,-0.689,-1.16,-0.006,2.3,
Chelsea Oil and Gas Ltd. (OTCPK:COGL.F),OTCPK:COGL.F,Energy (Primary),3.52,3.77,0.152,0.029,-0.416,8.72,
Modiin Energy- Limited Partnership (TASE:MDIN.L),TASE:MDIN.L,Energy (Primary),3.48,0,1.32,-14.2,-0.217,15.7,
Manhattan Corporation Limited (ASX:MHC),ASX:MHC,Energy (Primary),3.41,0,4.69,-0.463,,4.75,
"Citadel Exploration, Inc (OTCPK:COIL)",OTCPK:COIL,Energy (Primary),3.4,0.523,-1.52,-1.54,-0.289,1.15,
"Armada Oil, Inc. (OTCPK:AOIL)",OTCPK:AOIL,Energy (Primary),3.39,4.2,-1.4,-2.44,-0.701,14,
Australian Renewable Fuels Limited (ASX:ARW),ASX:ARW,Energy (Primary),3.33,11.4,2.7,1.53,-1.33,16.4,
Sunset Pacific Petroleum Ltd (TSXV:SPK),TSXV:SPK,Energy (Primary),3.33,0.124,,-0.825,-0.027,-0.769,
Resource Star Limited (ASX:RSL),ASX:RSL,Energy (Primary),3.27,0,-0.477,-0.606,-0.002,-0.135,
Delta International Oil & Gas Inc. (OTCPK:DLTZ),OTCPK:DLTZ,Energy (Primary),3.23,0.075,,-1.94,-0.02,4.09,
Nation Energy Inc. (OTCPK:NEGY),OTCPK:NEGY,Energy (Primary),3.2,0.984,,-0.113,-0.188,-1.76,
Brenham Oil & Gas Corp. (OTCPK:BRHM),OTCPK:BRHM,Energy (Primary),3.2,0.47,-0.159,-0.164,,-0.278,
Standard Exploration Ltd (TSXV:SDE),TSXV:SDE,Energy (Primary),3.2,0,0.15,-1.28,,6.12,
Butte Energy Inc. (TSXV:BEN),TSXV:BEN,Energy (Primary),3.18,9.41,-0.49,-3.46,-0.32,-7.76,
Northern Uranium Corp. (TSXV:UNO),TSXV:UNO,Energy (Primary),3.15,0,,-2.58,,1.09,
Anthem Resources Incorporated (TSXV:AYN),TSXV:AYN,Energy (Primary),3.12,0,-0.436,-3.32,,9.14,
Ikwezi Mining Limited (ASX:IKW),ASX:IKW,Energy (Primary),3.11,0,-0.863,-0.864,-0.02,21.1,
Uranium Equities Limited (ASX:UEQ),ASX:UEQ,Energy (Primary),3.1,0,-0.428,-1.68,,17,
Jatenergy Limited (ASX:JAT),ASX:JAT,Energy (Primary),3.09,0,-0.811,-0.82,-0.003,0.503,
Mozambi Coal Limited (ASX:MOZ),ASX:MOZ,Energy (Primary),3.07,0,-4.01,-0.674,-0.007,1.05,
Gray Fox Petroleum Corp. (OTCPK:GFOX),OTCPK:GFOX,Energy (Primary),3.07,0,,-1.81,0,-0.079,
Maverick Minerals Corp. (OTCPK:MVRM),OTCPK:MVRM,Energy (Primary),3.07,0.369,,-0.146,-0.016,-0.655,
High North Resources Ltd. (TSXV:HN),TSXV:HN,Energy (Primary),3.06,7.43,-4.63,-10.3,-1.41,3.43,
Gemmia Oiltech (India) Limited (BSE:511652),BSE:511652,Energy (Primary),3.06,,1.86,1.85,-0.759,,
"Radiant Oil & Gas, Inc. (OTCPK:ROGI)",OTCPK:ROGI,Energy (Primary),3.05,35.4,-4.98,-5.16,-4.1,-12.2,
Cal Dive International Inc (OTCPK:CDVI.Q),OTCPK:CDVI.Q,Energy (Primary),3.05,270.7,-20.3,-68.6,-29.5,164.9,
URU Metals Limited (AIM:URU),AIM:URU,Energy (Primary),3.05,0,-0.669,-0.678,-0.034,5.1,
Petrolimex Hanoi Transportation and Trading JSC (HASTC:PJC),HASTC:PJC,Energy (Primary),3.03,,,,,,
US Energy Group AB (OM:USE B),OM:USE B,Energy (Primary),3.03,,,,,,
Esrey Energy Ltd. (TSXV:EEL),TSXV:EEL,Energy (Primary),3.02,3.5,-1.61,-3.92,-0.267,7.74,
Triple Energy Limited (ASX:TNP),ASX:TNP,Energy (Primary),3,0,-0.648,-0.565,,3.84,
Coalbank Limited (ASX:CBQ),ASX:CBQ,Energy (Primary),3,1.64,-0.79,-3.4,-0.283,11.9,
Leed Resources PLC (AIM:LDP),AIM:LDP,Energy (Primary),3,0,,-0.354,,2.22,
Taipan Resources Inc (TSXV:TPN),TSXV:TPN,Energy (Primary),3,0,-3.2,-3.2,,13,
Petromin Resources Ltd. (TSXV:PTR),TSXV:PTR,Energy (Primary),2.99,0.007,-0.319,-0.399,-0.03,-0.391,
Oil Basins Limited (ASX:OBL),ASX:OBL,Energy (Primary),2.98,0,-1.46,-5.09,,4.34,
TN-K Energy Group Inc. (OTCPK:TNKY),OTCPK:TNKY,Energy (Primary),2.98,0.17,-0.188,-0.41,-0.015,-1.77,
S.C. Upet S.A. (RASDAQ:UPET),RASDAQ:UPET,Energy (Primary),2.95,3.34,-0.493,-0.853,-0.17,39.3,
SilverWillow Energy Corporation (TSXV:SWE),TSXV:SWE,Energy (Primary),2.95,0,39.5,-52.5,,14.4,
Zenith Energy Ltd. (TSXV:ZEE),TSXV:ZEE,Energy (Primary),2.94,2.64,-0.396,-1.63,-0.726,2.28,
Incremental Oil and Gas Limited (ASX:IOG),ASX:IOG,Energy (Primary),2.94,2.49,2.62,1.74,-0.135,14.4,
ADOS Pakistan Limited (KASE:ADOS),KASE:ADOS,Energy (Primary),2.94,0,0.345,0.275,-0.014,2.68,
Public Joint Stock Company GTL (MICEX:GTLC),MICEX:GTLC,Energy (Primary),2.94,0.771,,1.03,-0.058,724.6,
Empire Energy Corporation International (OTCPK:EEGC),OTCPK:EEGC,Energy (Primary),2.93,,,,,,
Aus Asia Minerals Limited (ASX:AQJ),ASX:AQJ,Energy (Primary),2.93,0.147,-9.57,-9.69,,-1.94,
Margaux Resources Ltd. (TSXV:MRL),TSXV:MRL,Energy (Primary),2.92,0.459,-0.629,-0.657,,0.923,
RDX Technologies Corporation (TSXV:RDX),TSXV:RDX,Energy (Primary),2.91,26.8,-11.3,-16.3,-2.02,28.2,
Aldrin Resource Corp. (TSXV:ALN),TSXV:ALN,Energy (Primary),2.91,0,-1.05,-1.05,,4.6,
Uraniumsa Limited (ASX:USA),ASX:USA,Energy (Primary),2.91,0,-0.468,-0.501,,13.3,
International Frontier Resources Corp. (TSXV:IFR),TSXV:IFR,Energy (Primary),2.9,0,-0.268,-0.442,,11.3,
Biomass Secure Power Inc. (OTCPK:BMSP.F),OTCPK:BMSP.F,Energy (Primary),2.88,0.286,-0.387,-0.388,-0.029,-0.823,
Claim Post Resources Inc. (TSXV:CPS),TSXV:CPS,Energy (Primary),2.88,0,-1.5,-1.5,,2.15,
Grand Gulf Energy Limited (ASX:GGE),ASX:GGE,Energy (Primary),2.86,0,3.04,0.152,,16.2,
PT Perdana Karya Perkasa Tbk (JKSE:PKPK),JKSE:PKPK,Energy (Primary),2.82,11.1,0.731,-0.826,-1.48,13.2,
Highlands Natural Resources Plc (LSE:HNR),LSE:HNR,Energy (Primary),2.82,,,,,,
Lakeland Resources Inc. (TSXV:LK),TSXV:LK,Energy (Primary),2.82,0,,-1.01,,4.12,
Tanager Energy Inc. (TSXV:TAN),TSXV:TAN,Energy (Primary),2.81,0.198,,-0.965,,-0.414,
Maxim Resources Inc. (TSXV:MXM),TSXV:MXM,Energy (Primary),2.76,0.007,-0.717,-0.717,,1.87,
Mobius Resources Inc. (TSXV:MBS),TSXV:MBS,Energy (Primary),2.76,0,-4.16,-56.1,,13.9,
Tidelands Royalty Trust B (OTCPK:TIRT.Z),OTCPK:TIRT.Z,Energy (Primary),2.76,0,,0.501,,0.609,
Longreach Oil Ltd. (ASX:LGO),ASX:LGO,Energy (Primary),2.76,0.225,,-0.367,-0.001,0.871,
Quorum plc (AIM:QRM),AIM:QRM,Energy (Primary),2.73,0,,0.508,,4.31,
EnergyTek Corp. (OTCPK:ENTK),OTCPK:ENTK,Energy (Primary),2.73,0.218,-0.338,-0.359,-0.004,1.26,
Tamaska Oil and Gas Limited (ASX:TMK),ASX:TMK,Energy (Primary),2.73,0,-1.3,-1.05,,4.79,
Embassy Oil Development Corporation (OTCPK:BITC.F),OTCPK:BITC.F,Energy (Primary),2.72,,,,,,
"Humble Energy, Inc. (OTCPK:HUML)",OTCPK:HUML,Energy (Primary),2.71,,,,,,
Cubic Energy Inc. (OTCPK:CBNR),OTCPK:CBNR,Energy (Primary),2.71,75.7,22.4,13.2,-27.6,-7.48,
Ascent Resources plc (AIM:AST),AIM:AST,Energy (Primary),2.71,14.2,-3.7,-3.55,-1.51,38.7,
"Petrosonic Energy, Inc. (OTCPK:PSON)",OTCPK:PSON,Energy (Primary),2.7,0.2,-1.45,-1.51,-0.015,0.848,
Petrolimex Saigon Transportation and Service JSC (HASTC:PSC),HASTC:PSC,Energy (Primary),2.67,,,,,,
All Energy Corporation (OTCPK:AFSE),OTCPK:AFSE,Energy (Primary),2.65,,,,,,
Altai Resources Inc. (TSXV:ATI),TSXV:ATI,Energy (Primary),2.65,0,-0.34,-0.403,,19.9,
Abenteuer Resources Corp. (TSXV:ABU),TSXV:ABU,Energy (Primary),2.64,0,-0.379,-0.787,,0.807,
Saigon Petrolimex Gas Taxi Joint Stock Company (HASTC:PGT),HASTC:PGT,Energy (Primary),2.64,0,0.019,-0.047,,3.85,
Advance Energy Ltd. (ASX:AVD),ASX:AVD,Energy (Primary),2.63,0,-2.49,-2.56,-0.16,2.59,NR
Homeland Resources Ltd. (OTCPK:HMLA),OTCPK:HMLA,Energy (Primary),2.61,0.083,-0.519,-1.02,-0.091,-0.8,
Zeus Resources Limited (ASX:ZEU),ASX:ZEU,Energy (Primary),2.61,0,-0.848,-0.939,0,6.32,
Raya Group Limited (ASX:RYG),ASX:RYG,Energy (Primary),2.61,0.008,-1.48,-0.667,-0.002,3.69,
Brownstone Energy Inc. (TSXV:BWN),TSXV:BWN,Energy (Primary),2.6,0,-2.56,-14.1,,7.7,
Ginger Oil AB (OM:GOIL),OM:GOIL,Energy (Primary),2.59,3.77,0.39,-0.232,-0.105,5.2,
Perpetual Resources Limited (ASX:PEC),ASX:PEC,Energy (Primary),2.57,0.642,,-3.53,-0.067,0.489,
Independent Resources plc (AIM:IRG),AIM:IRG,Energy (Primary),2.54,0,-2.87,-2.88,-0.003,11.5,
Renascor Resources Limited (ASX:RNU),ASX:RNU,Energy (Primary),2.51,0,-0.675,-3.57,,3.8,
New Standard Energy Limited (ASX:NSE),ASX:NSE,Energy (Primary),2.51,12.3,-23.8,-24.6,-0.698,56.5,
Mec Resources Ltd (ASX:MMR),ASX:MMR,Energy (Primary),2.49,0.537,-1.4,-1.41,-0.002,0.885,
Dunes Exploration Ltd. (OTCPK:DYRF.F),OTCPK:DYRF.F,Energy (Primary),2.49,,,,,,
CanAlaska Uranium Ltd. (TSXV:CVV),TSXV:CVV,Energy (Primary),2.48,0,1.1,0.95,,2.6,
Cortus Energy AB (publ) (OM:CE),OM:CE,Energy (Primary),2.48,0.039,-2.2,-2.6,-0.011,7.06,
Aroway Energy Inc. (TSXV:ARW),TSXV:ARW,Energy (Primary),2.47,1.67,1.04,-1.33,-0.505,-1.94,
Cott Oil and Gas Limited (ASX:CMT),ASX:CMT,Energy (Primary),2.47,0,1.14,-1.37,0,4.68,
Mountainview Energy Ltd. (TSXV:MVW),TSXV:MVW,Energy (Primary),2.47,71.9,8.19,-6.08,-6.28,5.73,
Midwest Oil and Gas Inc. (OTCPK:MWOG),OTCPK:MWOG,Energy (Primary),2.44,3.4,,-0.617,-0.015,1.89,
Georex SA (ENXTPA:MLGEO),ENXTPA:MLGEO,Energy (Primary),2.44,,,,,,
GeoGlobal Resources Inc. (OTCPK:GGLR),OTCPK:GGLR,Energy (Primary),2.43,,,,,,
Forum Uranium Corp. (TSXV:FDC),TSXV:FDC,Energy (Primary),2.43,0,-3.45,-3.46,,5.46,
Hague and London Oil Plc (AIM:HNL),AIM:HNL,Energy (Primary),2.42,0,-1.89,-1.89,,9.13,
Continental Coal Limited (ASX:CCC),ASX:CCC,Energy (Primary),2.42,51.3,-2.19,-12.4,-6.34,6.93,
Gripen Oil & Gas AB (OM:GOG),OM:GOG,Energy (Primary),2.42,0,-0.547,-0.549,,2.76,
Chiron Refineries Ltd (TASE:CHR),TASE:CHR,Energy (Primary),2.41,0.658,,-1.46,,32.2,
Altitude Resources Inc. (TSXV:ALI),TSXV:ALI,Energy (Primary),2.4,0.027,-0.558,-0.567,-0.001,2.04,
Eclipse Metals Limited (ASX:EPM),ASX:EPM,Energy (Primary),2.4,0,-5.64,-0.393,,3.36,
Estrella International Energy Services Ltd (TSXV:EEN),TSXV:EEN,Energy (Primary),2.38,63.5,28,-9.2,-8.95,13.2,
Marenica Energy Ltd (ASX:MEY),ASX:MEY,Energy (Primary),2.37,1.31,-1.56,-1.57,-0.199,-1.32,
Clontarf Energy PLC (AIM:CLON),AIM:CLON,Energy (Primary),2.36,1.02,1.75,-3.87,-0.026,1.72,
International SoftRock Oil Company Limited (TSXV:SOF),TSXV:SOF,Energy (Primary),2.32,,,,,,
GeoPetro Resources Company (OTCPK:GEOR),OTCPK:GEOR,Energy (Primary),2.32,3.87,-1.6,-1.6,-0.345,11.2,
Newera Resources Limited (ASX:NRU),ASX:NRU,Energy (Primary),2.32,0,-0.268,-0.939,-0.031,1.35,
Additives and Petroleum Products Joint Stock Company (HASTC:APP),HASTC:APP,Energy (Primary),2.32,,,,,,
Greencastle Resources Ltd. (TSXV:VGN),TSXV:VGN,Energy (Primary),2.31,0,-0.976,-0.977,,4.48,
Skyharbour Resources Ltd. (TSXV:SYH),TSXV:SYH,Energy (Primary),2.28,0,-0.762,-1.01,,1.16,
Trap Oil Group PLC (AIM:TRAP),AIM:TRAP,Energy (Primary),2.28,2.48,8.03,-8.29,-0.446,64.8,
"WGI Holdings, Inc. (OTCPK:WGIH)",OTCPK:WGIH,Energy (Primary),2.27,0,,-0.01,,0.974,
"EFLO Energy, Inc. (OTCPK:EFLO)",OTCPK:EFLO,Energy (Primary),2.25,3.49,-2.47,-3.16,-0.801,26,
Daleco Resources Corp. (OTCPK:DLOV),OTCPK:DLOV,Energy (Primary),2.25,,,,,,
Stetson Oil and Gas Ltd. (TSXV:SSN),TSXV:SSN,Energy (Primary),2.24,0,-1.74,-1.74,-0.142,-1.47,
Araca Energy ASA (OTCNO:ARACA),OTCNO:ARACA,Energy (Primary),2.23,,,,,,
Triangle Energy (Global) Limited (ASX:TEG),ASX:TEG,Energy (Primary),2.22,0,-2.68,-2.72,-0.002,-0.296,
Petrichor Energy Inc. (TSXV:PTP),TSXV:PTP,Energy (Primary),2.22,4.27,-0.109,-1.39,-0.57,3.36,
Eagleford Energy Corp. (OTCPK:EGFD.F),OTCPK:EGFD.F,Energy (Primary),2.21,1.07,-0.408,-1.56,-0.354,-2.69,
Knol Resources Corp. (TSXV:NOL.H),TSXV:NOL.H,Energy (Primary),2.2,0,,-0.576,,4.39,
Jordan Oil Shale Energy Company. PLS (ASE:JOSE),ASE:JOSE,Energy (Primary),2.19,0,-0.517,-0.531,,2.28,
"Skye Petroleum, Inc. (OTCPK:SKPO)",OTCPK:SKPO,Energy (Primary),2.17,,,,,,
Marmota Energy Limited (ASX:MEU),ASX:MEU,Energy (Primary),2.16,0,-0.684,-5.86,,2.99,
Paternoster Resources plc (AIM:PRS),AIM:PRS,Energy (Primary),2.15,0,,-0.428,,4.22,
Pacific Coal Resources Ltd. (TSXV:PAK),TSXV:PAK,Energy (Primary),2.14,35.8,-7.77,-15.6,-9.27,129.3,
North Sea Energy Inc. (TSXV:NUK),TSXV:NUK,Energy (Primary),2.14,3.22,2.4,-7.87,-0.338,-2.87,
Redhill Resources Corp. (TSXV:RHR),TSXV:RHR,Energy (Primary),2.14,0,-1.09,-1.11,,4.32,
Kinetiko Energy Ltd. (ASX:KKO),ASX:KKO,Energy (Primary),2.12,0.435,-1.06,-1.11,-0.001,7.68,
Acacia Coal Limited (ASX:AJC),ASX:AJC,Energy (Primary),2.07,0,-0.056,-0.07,-0.027,9.76,
"GASE Energy, Inc. (OTCBB:GASE)",OTCBB:GASE,Energy (Primary),2.06,0.35,-0.492,-0.575,0,0.041,
Planet Gas Limited (ASX:PGS),ASX:PGS,Energy (Primary),2.05,0,-0.665,-0.666,,3.6,
Talon Petroleum Limited (ASX:TPD),ASX:TPD,Energy (Primary),2.05,0,-1.26,-9.94,,1.82,
Indus Energy NL (ASX:IND),ASX:IND,Energy (Primary),2.05,0,-1.14,-5.13,,1.74,
PetroMaroc Corporation plc (TSXV:PMA),TSXV:PMA,Energy (Primary),2.04,7.86,-3.78,-6.1,-0.633,30.8,
"Uracan Resources, Ltd. (TSXV:URC)",TSXV:URC,Energy (Primary),2.02,0,-0.723,-3.14,-0.004,1.56,
Waldron Energy Corporation (TSX:WDN),TSX:WDN,Energy (Primary),2.01,20.8,4.34,-25.4,-1.35,16.7,
Devin Energy Corp. (TSXV:DVC.H),TSXV:DVC.H,Energy (Primary),2.01,0,-0.067,-0.069,0,-0.106,
ADX Energy Ltd. (ASX:ADX),ASX:ADX,Energy (Primary),2,0,1.28,-3.19,,5.52,
Oracle Energy Corp. (TSXV:OEC),TSXV:OEC,Energy (Primary),2,0.364,-0.713,-0.714,-0.029,-0.307,
"Cleantech Biofuels, Inc. (OTCPK:CLTH)",OTCPK:CLTH,Energy (Primary),2,2.85,,-0.519,-0.196,-2.68,
"Matachewan Consolidated Mines, Ltd. (TSXV:MCM.A)",TSXV:MCM.A,Energy (Primary),2,0.097,0.504,0.313,,1.65,
3Legs Resources plc (AIM:3LEG),AIM:3LEG,Energy (Primary),1.95,0,-5.05,-3.81,,85.5,
Empire Petroleum Corp. (OTCPK:EMPR),OTCPK:EMPR,Energy (Primary),1.92,0,,-0.19,-0.003,0,
American Standard Energy Corp. (OTCPK:ASEN),OTCPK:ASEN,Energy (Primary),1.91,,,,,,
EGPI Firecreek Inc. (OTCPK:EFIR),OTCPK:EFIR,Energy (Primary),1.9,,,,,,
Sky Petroleum Inc. (OTCPK:SKPI),OTCPK:SKPI,Energy (Primary),1.9,0.433,-0.843,-0.851,-0.016,-9.42,
Canadian Quantum Energy Corp. (TSXV:CQM),TSXV:CQM,Energy (Primary),1.88,2,-0.885,-1.96,-0.307,-1.18,
Enterprise Uranium Limited (ASX:ENU),ASX:ENU,Energy (Primary),1.87,0,-0.519,-3.21,,3.67,
Duke Offshore Ltd (BSE:531471),BSE:531471,Energy (Primary),1.87,0.183,0.373,0.216,-0.02,1.72,
Hornby Bay Mineral Exploration Ltd. (TSXV:HBE),TSXV:HBE,Energy (Primary),1.86,1.17,,-0.338,-0.087,-1.52,
Enegi Oil Plc (AIM:ENEG),AIM:ENEG,Energy (Primary),1.85,0,-3.98,-4.02,-0.469,2.16,
Bass Strait Oil Company Ltd (ASX:BAS),ASX:BAS,Energy (Primary),1.84,0,0.682,-0.738,,3.75,
"Surge Global Energy, Inc. (OTCPK:SRGG)",OTCPK:SRGG,Energy (Primary),1.83,0,-0.891,-0.896,-0.001,1.73,
Top End Minerals Limited (ASX:TND),ASX:TND,Energy (Primary),1.81,0,-1.86,-2.11,,0.637,
"MOP Environmental Solutions, Inc. (OTCPK:MOPN)",OTCPK:MOPN,Energy (Primary),1.79,,,,,,
San Angelo Oil Limited (TSXV:SAO),TSXV:SAO,Energy (Primary),1.77,0.8,,-0.37,,0.26,
Roughrider Exploration Limited (TSXV:REL),TSXV:REL,Energy (Primary),1.72,0,,-1.41,,1.82,
MTGAS Joint Stock Company (HOSE:MTG),HOSE:MTG,Energy (Primary),1.71,4.58,,,,6.61,
James Bay Resources Limited (DB:8J8),DB:8J8,Energy (Primary),1.71,0.321,-3.9,-3.91,-0.031,2.78,
Bayshore Petroleum Corp. (TSXV:BSH),TSXV:BSH,Energy (Primary),1.71,0.346,-0.506,-0.545,-0.04,-0.794,
Baraka Energy and Resources Limited (ASX:BKP),ASX:BKP,Energy (Primary),1.7,0.012,-0.684,-0.685,-0.006,9.24,
Uranium Hunter Corporation (OTCPK:URHN),OTCPK:URHN,Energy (Primary),1.7,,,,,,
"Quantum Energy, Inc. (OTCPK:QEGY)",OTCPK:QEGY,Energy (Primary),1.69,,,,,,
International Coal Limited (ASX:ICX),ASX:ICX,Energy (Primary),1.68,0,-0.7,-0.687,-0.016,10.7,
Cyclone Uranium Corporation (OTCPK:CYUR),OTCPK:CYUR,Energy (Primary),1.68,0.495,,-0.309,-0.229,-1.49,
"Bison Petroleum, Corp. (OTCPK:BISN)",OTCPK:BISN,Energy (Primary),1.68,,,,,,
Uravan Minerals Inc. (TSXV:UVN),TSXV:UVN,Energy (Primary),1.67,0,-0.231,-0.234,-0.003,7.19,
Shemen Oil And Gas Resources Ltd (TASE:SOG),TASE:SOG,Energy (Primary),1.66,0,4.28,4.05,,-2.86,
Red Sky Energy Limited (ASX:ROG),ASX:ROG,Energy (Primary),1.65,0,,-0.898,,1.82,
Petrostar Petroleum Corp. (TSXV:PEP),TSXV:PEP,Energy (Primary),1.64,0.328,-0.719,-0.739,-0.042,-0.167,
AAN Ventures Inc (DB:O3X2),DB:O3X2,Energy (Primary),1.64,0,,-0.099,,0.052,
Cobra Venture Corp. (TSXV:CBV),TSXV:CBV,Energy (Primary),1.63,0,-0.356,-0.503,-0.021,5.46,
Közép-Európai Gázterminál Zrt. (BUSE:KEG),BUSE:KEG,Energy (Primary),1.63,,,,,,
New Horizon Coal Limited (ASX:NHO),ASX:NHO,Energy (Primary),1.62,0,2.71,2.83,,0.697,
Rampart Energy Limited (ASX:RTD),ASX:RTD,Energy (Primary),1.62,6.56,-1.18,-6.32,-0.521,3.94,
Enseco Energy Services Corp. (TSXV:ENS),TSXV:ENS,Energy (Primary),1.61,26.3,2.73,-3.02,-1.22,18.1,
"Arete Industries, Inc. (OTCPK:ARET)",OTCPK:ARET,Energy (Primary),1.61,2.16,0.958,0.279,-0.137,5.41,
China Oilfield Technology Services Group Limited (SGX:DT2),SGX:DT2,Energy (Primary),1.61,0,,-0.587,-0.446,0.002,
Virginia Energy Resources Inc. (TSXV:VUI),TSXV:VUI,Energy (Primary),1.59,3.87,-1.77,-1.79,-0.108,22.9,
Georox Resources Inc. (TSXV:GXR),TSXV:GXR,Energy (Primary),1.57,5.21,1.53,-0.253,-0.198,3.61,
HaiPhong Petrolimex Transportation and Services JSC (HASTC:PTS),HASTC:PTS,Energy (Primary),1.56,0.388,0.522,0.172,-0.023,3.87,
Peak Oil & Gas Limited (ASX:PKO),ASX:PKO,Energy (Primary),1.56,1.6,-1.56,-3.46,-0.058,1.06,
Callabonna Resources Limited (ASX:CUU),ASX:CUU,Energy (Primary),1.55,0,-0.312,-0.358,,0.389,
New West Energy Services Inc. (TSXV:NWE),TSXV:NWE,Energy (Primary),1.55,6.11,0.827,-0.162,-0.232,6.91,
United Hunter Oil & Gas Corp. (TSXV:UHO),TSXV:UHO,Energy (Primary),1.55,0,-0.185,-0.218,-0.015,4.26,
"L & L Energy, Inc. (OTCPK:LLEN)",OTCPK:LLEN,Energy (Primary),1.53,,,,,,
Formcap Corp. (OTCPK:FRMC),OTCPK:FRMC,Energy (Primary),1.52,0.483,,-0.557,0,-0.214,
Select Exploration Limited (ASX:SLT),ASX:SLT,Energy (Primary),1.49,0,-0.376,-1.09,,0.786,
Vanguard Energy Corporation (OTCPK:VNGE),OTCPK:VNGE,Energy (Primary),1.48,0.147,0.011,-0.741,-1.02,-0.231,
Spitfire Oil Ltd. (AIM:SRO),AIM:SRO,Energy (Primary),1.47,0,,-3.86,,7.55,
Wellstar Energy Corp. (TSXV:WSE),TSXV:WSE,Energy (Primary),1.46,0.524,-0.603,-0.603,-0.012,-0.932,
China Clean Energy Inc. (OTCPK:CCGY),OTCPK:CCGY,Energy (Primary),1.42,,,,,,
Hillcrest Petroleum Ltd. (TSXV:HRH),TSXV:HRH,Energy (Primary),1.41,0.939,0.237,-0.122,-0.296,2.15,
"FEC Resources, Inc. (OTCPK:FECO.F)",OTCPK:FECO.F,Energy (Primary),1.41,0,-0.265,-0.265,,0.17,
Orpheus Energy Limited (ASX:OEG),ASX:OEG,Energy (Primary),1.4,0.93,-9.38,-12,-0.267,-1.14,
Xstate Resources Limited (ASX:XST),ASX:XST,Energy (Primary),1.39,0,-1.16,-1.21,,1.05,
"Dualex Energy International, Inc. (TSXV:DXE)",TSXV:DXE,Energy (Primary),1.37,0,-0.612,-2.07,,4.98,
Earth Search Sciences Inc. (OTCPK:ESSE),OTCPK:ESSE,Energy (Primary),1.36,5.48,,-0.863,-0.549,-24,
Mooncor Oil & Gas Corp. (TSXV:MOO),TSXV:MOO,Energy (Primary),1.32,0.01,-0.285,-0.287,0,0.163,
Hawkley Oil and Gas Limited (ASX:HOG),ASX:HOG,Energy (Primary),1.32,0,-9.89,-19.9,,1.36,
Petrolexportimport SA (BVB:PEI),BVB:PEI,Energy (Primary),1.32,12.5,0.59,0.485,-0.722,3.54,
MENA Hydrocarbons Inc. (TSXV:MNH),TSXV:MNH,Energy (Primary),1.31,1.67,7.19,6.71,-0.223,7.57,
Archer Petroleum Corp (TSXV:ARK),TSXV:ARK,Energy (Primary),1.3,0.154,,-1.68,-0.016,0.693,
Tamm Oil and Gas Corp. (OTCPK:TAMO),OTCPK:TAMO,Energy (Primary),1.28,0,,-0.086,,1.8,
"Tiger Oil and Energy, Inc. (OTCPK:TGRO)",OTCPK:TGRO,Energy (Primary),1.28,0.496,-0.076,-0.077,-0.319,-0.113,
BRS Resources Ltd. (TSXV:BRS),TSXV:BRS,Energy (Primary),1.27,1.47,-1.02,-2.1,-0.78,2.13,
Emerald Bay Energy Inc. (TSXV:EBY),TSXV:EBY,Energy (Primary),1.26,1.41,-1.03,-1.61,-0.341,-2.61,
"Diversified Energy Holdings, Inc. (OTCPK:DIEN)",OTCPK:DIEN,Energy (Primary),1.25,,,,,,
GB Energy Limited (ASX:GBX),ASX:GBX,Energy (Primary),1.24,0,-0.323,-0.751,,0.608,
Red Rock Energy Inc. (TSXV:RRK),TSXV:RRK,Energy (Primary),1.23,1.35,-0.184,-0.185,-0.103,-0.594,
Discovery Africa Limited (ASX:DAF),ASX:DAF,Energy (Primary),1.23,0,-1.09,-5.52,,0.928,
"Imperial Petroleum, Inc. (OTCPK:IPMN)",OTCPK:IPMN,Energy (Primary),1.22,,,,,,
Energy Ventures Limited (ASX:EVE),ASX:EVE,Energy (Primary),1.22,0,-8,-5.89,,2.13,
Benchmark Energy Corporation (OTCPK:BMRK),OTCPK:BMRK,Energy (Primary),1.22,,,,,,
Pennine Petroleum Corporation (TSXV:PNN),TSXV:PNN,Energy (Primary),1.21,0,-0.246,-0.268,,0.434,
Falconridge Oil Technologies Corp. (OTCPK:FROT),OTCPK:FROT,Energy (Primary),1.2,1.56,-0.402,-0.413,,-1.59,
Elixir Petroleum Limited (ASX:EXR),ASX:EXR,Energy (Primary),1.18,0,-0.816,-3.62,,3.53,
Vulcan Minerals Inc. (TSXV:VUL),TSXV:VUL,Energy (Primary),1.17,0,-0.668,-1.35,,6.69,
Progres u restrukturiranju a.d. (BELEX:PRGS),BELEX:PRGS,Energy (Primary),1.16,,,,,,
"Legend Oil and Gas, Ltd. (OTCPK:LOGL)",OTCPK:LOGL,Energy (Primary),1.14,3.96,-12.9,-13.3,-2.24,-3.28,
Tarku Resources Ltd. (TSXV:TKU),TSXV:TKU,Energy (Primary),1.12,0,-0.407,-0.407,,0.172,
Altex Industries Inc. (OTCPK:ALTX),OTCPK:ALTX,Energy (Primary),1.11,0,-0.307,-0.326,,2.2,
"Supernova Energy, Inc. (OTCPK:SPRN)",OTCPK:SPRN,Energy (Primary),1.11,0.005,-0.329,-0.672,-0.001,-0.082,
"Global Clean Energy, Inc. (OTCPK:GCEI)",OTCPK:GCEI,Energy (Primary),1.11,0.574,,-2.01,-0.034,-3.39,
Osyka Corporation (OTCPK:OSKA),OTCPK:OSKA,Energy (Primary),1.1,,,,,,
PetroHunter Energy Corporation (OTCPK:PHUN),OTCPK:PHUN,Energy (Primary),1.1,,,,,,
Pan Asia Corporation Limited (ASX:PZC),ASX:PZC,Energy (Primary),1.1,2.63,-0.749,-0.768,0,8.43,
Falcon Crest Energy Inc. (OTCPK:FCEN),OTCPK:FCEN,Energy (Primary),1.07,1.71,,-0.859,-0.038,-2.61,
Tulasee Bio-Ethanol Limited (BSE:524514),BSE:524514,Energy (Primary),1.06,0.896,,0,,0.234,
Xinergy Ltd. (TSX:XRG),TSX:XRG,Energy (Primary),1.06,216.4,-5.69,-23.3,-21.8,-122.4,
Horizon Petroleum Plc (TSXV:HPL),TSXV:HPL,Energy (Primary),1.05,0,-1.2,-1.17,,0.505,
Kea Petroleum PLC (AIM:KEA),AIM:KEA,Energy (Primary),1.05,0,-1.38,-16.4,-0.918,17.5,
Arkanova Energy Corporation (OTCPK:AKVA),OTCPK:AKVA,Energy (Primary),1.03,15,-1.16,-1.69,-0.742,-12.4,
Aztec Oil & Gas Inc. (OTCPK:AZGS),OTCPK:AZGS,Energy (Primary),1.02,,,,,,
Longwei Petroleum Investment Holding Limited (OTCPK:LPIH),OTCPK:LPIH,Energy (Primary),1.01,,,,,,
Bayside Corporation (OTCPK:BYSD),OTCPK:BYSD,Energy (Primary),1,,,,,,
