Company Name,Exchange:Ticker,EBITDA margin,Operating Margin,Effective Tax Rate,ROIC,R&D adjusted ROE,Growth in revenues - Last 10 years,Growth in EBITDA - Last 10 years,Debt Ratio (Book),Debt Ratio (Market),Enterprise Value,Invested Capital including capitalized R&D,Adjusted Net Income,Adjusted EBIT,Total Debt including leases,PE,Non-cash PE,R&D adjusted PE,EV/Sales,EV/EBIT,EV/Invested Capital,EV/EBITDA,Capitalized R&D,EV/EBITDAR&D,Turnover Ratio,Only +Taxable Income,Missing Taxable Income,Only +'ve Taxes,Only +ve Net Income,Only +'ve Mkt Cap,Capitalized leases,Industry Classifications,Company Type,Equity Security Type [Primary Listing],"Market Capitalization [Latest] ($USDmm, Historical rate)",Institutions - % Owned [Latest] (%),1 Year Beta R-Squared [Latest],2 Year Beta R-Squared [Latest],5 Year Beta R-Squared [Latest],1 Year Beta [Latest],2 Year Beta [Latest],5 Year Beta [Latest],Shares Outstanding [Latest] (mm),Daily Volume (Average - 1 Years) [Latest] (mm),Est. Annual EPS Growth - 2 Yr % - Capital IQ [Latest] (%),LT EPS Growth Rate - Capital IQ [Latest] (%),"EPS - Std Dev - Capital IQ [NTM] ($USD, Historical rate)","EPS - Capital IQ [NTM] ($USD, Historical rate)","Net Income, 10 Yr CAGR % [LTM] (%)","EBIT, 10 Yr CAGR % [LTM] (%)","EBITDA, 10 Yr CAGR % [LTM] (%)","Total Revenues, 10 Yr CAGR % [LTM] (%)","Net Income, 5 Yr CAGR % [LTM] (%)","EBIT, 5 Yr CAGR % [LTM] (%)","EBITDA, 5 Yr CAGR % [LTM] (%)","Total Revenues, 5 Yr CAGR % [LTM] (%)","Net Income, 3 Yr CAGR % [LTM] (%)","EBIT, 3 Yr CAGR % [LTM] (%)","EBITDA, 3 Yr CAGR % [LTM] (%)","Total Revenues, 3 Yr CAGR % [LTM] (%)","Net Income, 1 Yr Growth % [LTM] (%)","EBIT, 1 Yr Growth % [LTM] (%)",Corporations - % Owned [Latest] (%),Individuals/Insiders - % Owned [Latest] (%),CEO - % Owned [Latest] (%),Primary Industry,Short Business Description,Primary Sector,Year Founded,"Total Enterprise Value [Latest] ($USDmm, Historical rate)","Total Revenue [LTM] ($USDmm, Historical rate)","EBITDA [LTM] ($USDmm, Historical rate)","EBIT [LTM] ($USDmm, Historical rate)","Net Income [LTM] ($USDmm, Historical rate)","Cash And Equivalents [Latest Quarter] ($USDmm, Historical rate)","Net Property, Plant & Equipment [Latest Quarter] ($USDmm, Historical rate)","Total Assets [Latest Quarter] ($USDmm, Historical rate)","Total Debt [Latest Quarter] ($USDmm, Historical rate)","Total Equity [Latest Quarter] ($USDmm, Historical rate)","Capital Expenditure [LTM] ($USDmm, Historical rate)","Dividends per share [LTM] ($USD, Historical rate)","SG&A Exp., Total [LTM] ($USDmm, Historical rate)","Stock-Based Compensation [LTM] ($USDmm, Historical rate)","R&D Expense [LTM] ($USDmm, Historical rate)","R&D Expense [LTM - 1] ($USDmm, Historical rate)","R&D Expense [LTM - 2] ($USDmm, Historical rate)","R&D Expense [LTM - 3] ($USDmm, Historical rate)","R&D Expense [LTM - 4] ($USDmm, Historical rate)","R&D Expense [LTM - 5] ($USDmm, Historical rate)","Depreciation & Amort., Total [LTM] ($USDmm, Historical rate)","Operating Income [LTM] ($USDmm, Historical rate)","Interest Expense [LTM] ($USDmm, Historical rate)","Interest and Invest. Income [LTM] ($USDmm, Historical rate)","Impairment of Goodwill [LTM] ($USDmm, Historical rate)","EBT Incl Unusual Items [LTM] ($USDmm, Historical rate)","Income Tax Expense [LTM] ($USDmm, Historical rate)","Pref. Dividends and Other Adj. [LTM] ($USDmm, Historical rate)","Basic EPS [LTM] ($USD, Historical rate)","Basic EPS Excl. Extra Items [LTM] ($USD, Historical rate)","Normalized Basic EPS [LTM] ($USD, Historical rate)","Diluted EPS Incl. Extra Items [LTM] ($USD, Historical rate)","Diluted EPS Excl. Extra Items [LTM] ($USD, Historical rate)",Effective Tax Rate [LTM] (%),"Accounts Receivable [Latest Quarter] ($USDmm, Historical rate)","Inventory [Latest Quarter] ($USDmm, Historical rate)","Other Current Assets, Total [Latest Quarter] ($USDmm, Historical rate)","Gross Property, Plant & Equipment [Latest Quarter] ($USDmm, Historical rate)","Accumulated Depreciation [Latest Quarter] ($USDmm, Historical rate)","Goodwill [Latest Quarter] ($USDmm, Historical rate)","Accounts Payable [Latest Quarter] ($USDmm, Historical rate)","Total Short-Term Borrowings [Latest Quarter] ($USDmm, Historical rate)","Other Current Liabilities [Latest Quarter] ($USDmm, Historical rate)","Long-Term Debt [Latest Quarter] ($USDmm, Historical rate)","Minority Interest [Latest Quarter] ($USDmm, Historical rate)","Total Pref. Equity [Latest Quarter] ($USDmm, Historical rate)","EBITDA, 1 Yr Growth % [LTM] (%)","Total Revenues, 1 Yr Growth % [LTM] (%)","Operating Lease Commitment Due, After 5 Yrs [Latest Annual] ($USDmm, Historical rate)","Operating Lease Commitment Due +5 [Latest Annual] ($USDmm, Historical rate)","Operating Lease Commitment Due +4 [Latest Annual] ($USDmm, Historical rate)","Operating Lease Commitment Due +3 [Latest Annual] ($USDmm, Historical rate)","Operating Lease Commitment Due +2 [Latest Annual] ($USDmm, Historical rate)","Operating Lease Commitment Due +1 [Latest Annual] ($USDmm, Historical rate)","Change in Net Working Capital [LTM] ($USDmm, Historical rate)","Pref. Dividends Paid [LTM] ($USDmm, Historical rate)","Common Dividends Paid [LTM] ($USDmm, Historical rate)","Repurchase of Common Stock [LTM] ($USDmm, Historical rate)","Issuance of Common Stock [LTM] ($USDmm, Historical rate)","Total Debt Repaid [LTM] ($USDmm, Historical rate)","Total Debt Issued [LTM] ($USDmm, Historical rate)","Other Investing Activities, Total [LTM] ($USDmm, Historical rate)","Divestitures [LTM] ($USDmm, Historical rate)","Cash Acquisitions [LTM] ($USDmm, Historical rate)","Change in Acc. Payable [LTM] ($USDmm, Historical rate)","Change In Inventories [LTM] ($USDmm, Historical rate)","Change In Accounts Receivable [LTM] ($USDmm, Historical rate)",Cost of Borrowing [Latest Quarter] (%),Total Employees [Latest Quarter],"Total Common Equity [Latest Quarter] ($USDmm, Historical rate)","Day Close Price [Latest] ($USD, Historical rate)","Net Rental Expense, Total [LTM] ($USDmm, Historical rate)",Headquarters - Country,"Total Revenue [Latest Annual] ($USDmm, Historical rate)","EBITDA [Latest Annual] ($USDmm, Historical rate)","Net Income [Latest Annual] ($USDmm, Historical rate)","Revenue - Capital IQ [NTM] ($USDmm, Historical rate)","EBITDA - Capital IQ [NTM] ($USDmm, Historical rate)",% of Directors that are Internal,Excel Company ID,Est. Annual Revenue Growth - 2 Yr % - Capital IQ [Latest] (%),Takeover Defenses - Takeover Defenses Score,Est. Annual EBITDA Growth - 2 Yr % - Capital IQ [Latest] (%),"52 Week High Price [Latest] ($USD, Historical rate)","52 Week Low Price [Latest] ($USD, Historical rate)","Gross Profit [LTM] ($USDmm, Historical rate)","Total Debt [Latest Quarter - 4] ($USDmm, Historical rate)","Total Minority Interest [Latest Quarter - 4] ($USDmm, Historical rate)","Cash And Equivalents [Latest Quarter - 4] ($USDmm, Historical rate)","Goodwill [Latest Quarter - 4] ($USDmm, Historical rate)","Total Pref. Equity [Latest Quarter - 4] ($USDmm, Historical rate)","Total Common Equity [Latest Quarter - 4] ($USDmm, Historical rate)","Daily Value Traded [Latest] ($USDmm, Historical rate)",Float % [Latest],Total Sub. Bonds and Notes (% of Total Debt) [Latest Annual],Total Sr. Bonds and Notes (% of Total Debt) [Latest Annual],Total Term Loans (% of Total Debt) [Latest Annual],"Operating Lease Commitment Due, Next 5 Yrs [Latest Annual - 1] ($USDmm, Historical rate)",Total Employees [Latest Annual],"Total Current Assets [Latest Quarter] ($USDmm, Historical rate)","Total Current Assets [Latest Quarter - 4] ($USDmm, Historical rate)","Accounts Payable [Latest Quarter - 4] ($USDmm, Historical rate)","Accrued Exp. [Latest Quarter - 4] ($USDmm, Historical rate)","Other Current Liabilities, Total [Latest Quarter - 4] ($USDmm, Historical rate)","Net Rental Expense, Total [Latest Annual] ($USDmm, Historical rate)",Total Options Out. at the End of Year [Latest Annual] (mm),"Options W/Avg. Strike Price of Out. [Latest Annual] ($USD, Historical rate)",Corporate Governance - Board Member Term Length (Years),"Geographic Segments (Screen by Sum): Revenue ($USDmm, Historical rate) [LTM]","Geographic Segments (Screen by Sum) (Details): Revenue ($USDmm, Historical rate) [LTM]","EBIT [CY 2004] ($USDmm, Historical rate)","EBIT [CY 2005] ($USDmm, Historical rate)","EBIT [CY 2006] ($USDmm, Historical rate)","EBIT [CY 2007] ($USDmm, Historical rate)","EBIT [CY 2008] ($USDmm, Historical rate)","EBIT [CY 2009] ($USDmm, Historical rate)","EBIT [CY 2010] ($USDmm, Historical rate)","EBIT [CY 2011] ($USDmm, Historical rate)","EBIT [CY 2012] ($USDmm, Historical rate)","EBIT [CY 2013] ($USDmm, Historical rate)","Net Income [CY 2004] ($USDmm, Historical rate)","Net Income [CY 2005] ($USDmm, Historical rate)","Net Income [CY 2006] ($USDmm, Historical rate)","Net Income [CY 2007] ($USDmm, Historical rate)","Net Income [CY 2008] ($USDmm, Historical rate)","Net Income [CY 2009] ($USDmm, Historical rate)","Net Income [CY 2010] ($USDmm, Historical rate)","Net Income [CY 2011] ($USDmm, Historical rate)","Net Income [CY 2012] ($USDmm, Historical rate)","Net Income [CY 2013] ($USDmm, Historical rate)",S&P Entity Credit Rating - Issuer Credit Rating - Local Currency LT [Latest] (Rating),S&P Entity Credit Rating - Issuer Credit Rating - Foreign Currency LT [Latest] (Rating),"Business Segments (Screen by Sum): Revenue ($USDmm, Historical rate) [LTM]","Business Segments (Screen by Sum) (Details): Revenue ($USDmm, Historical rate) [LTM]"
Gilead Sciences Inc. (NasdaqGS:GILD),NasdaqGS:GILD,0.6704298915226998,0.6546572920851748,0.188,0.5162107124380734,0.8057610205886068,0.341,0.38299999999999995,0.444375248669595,0.0776466868292979,153066.25054937994,25631.14,12758.42,16294.42,12663.650549379921,12.431170977605158,11.6025617717544,11.790613571272932,6.149708740433104,9.393783304307851,5.971886172420733,9.172784236194639,7420.14,7.833081753716797,1.479761961741572,14856,1,2797,12101,150429.6,259.65054937992204,Biotechnology (Primary),Public Company,Common Stock,150429.6,86.5,0.099,0.17,0.113,0.839,1.13,0.717,1489.4,14.8,12.6,19.4,,9.49,39,37.9,38.3,34.1,35.6,34.3,34.5,28.8,62.8,60,59.4,43.7,293.5,241.2,0,0.484,0.286,Biotechnology,"Gilead Sciences, Inc., a biopharmaceutical company, discovers, develops, and commercializes medicines in areas of unmet medical nee in North America, South America, Europe, and the Asia-Pacific.",Healthcare,1987,153098.6,24890,16687,15637,12101,10027,1674,34664,12404,15834,557,,2961,,2854,2361.3,2277.1,2217.1,2120,2007.4,,15637,-412,,,14856,2797,,7.95,7.95,6.28,7.35,7.35,18.8,4635,1386,980,2294,620,1172,955,,,11921,393,,238.6,122.2,73,33,36,49,53,58,1153,,,-5349,331,-4779,7932,-1266,,,-289,143,-2578,4.78,7000,15441,101,66,United States,24890,16687,12101,27960.2,18541.3,6.67,IQ29002,8.1,0.23,2.52,116.83,63.5,21102,6636,375,2113,1169,,11434,890.4,99.3,,100,,194.4,7000,17714,6997,1256,2246,208,66,39.1,22.63,1,24890,"United States: 18,182.0 (73.0%);
Other Countries: 1,266.0 (5.1%);
Europe: 5,442.0 (21.9%)",627.4,1117.5,1643.2,2164.5,2689.4,3581.1,3962.2,3818.3,4299,4583,449.4,813.9,-1190,1584.9,1978.9,2635.8,2901.3,2803.6,2592,3075,A-,A-,24890,"Discovery, Development and Commercialization of Innovative Medicines in Areas of Unmet Medical Need: 24,890.0 (100.0%)"
Amgen Inc. (NasdaqGS:AMGN),NasdaqGS:AMGN,0.44365249464187806,0.34709664556646563,0.0765,0.09689752417515195,0.2039646209946466,0.0664,0.068,0.5506520179181237,0.20383946664699137,151241.7659576078,66369.8,5257.8,6963.8,31589.56595760779,23.920744474602557,26.87605570530099,23.4666970976454,7.538342518945711,21.718281104800223,2.2787738694045756,16.99154768650801,13607.8,11.283330793614429,0.803391385537091,5585,1,427,5158,123383.2,874.5659576077899,Biotechnology (Primary),Public Company,Common Stock,123383.2,82.97,0.411,0.291,0.161,1.28,1.04,0.577,758.9,3.59,9.8,10.6,,9.27,8.12,5.88,6.8,6.64,2.29,4.44,6.25,6.5,11.9,9.56,12.3,8.79,1.52,12.5,0.013,0.176,0.038,Biotechnology,"Amgen Inc., a biotechnology company, discovers, develops, manufactures, and delivers human therapeutics worldwide.",Healthcare,1980,127072.2,20063,8901,6864,5158,3731,5223,69009,30715,25778,718,2.44,4690,,4503,4591,4577,4526,4377,3945,,6864,-1071,706,,5585,427,,6.8,6.8,5.15,6.7,6.7,7.65,2546,2647,2494,12256,7033,14788,1212,,962,30215,,,20.5,7.43,294,139,143,155,168,135,-1345,,-1851,-138,186,-5605,4476,-4869,,-165,405,327,136,3.29,17900,25778,162.59,126,United States,20063,8901,5158,20945.1,10290.3,7.69,IQ24816,4.35,0.34,4.99,173.14,108.2,15844,32128,,3805,14968,,22096,396.5,99.7,,85.8,14.2,560,17900,34713,27367,787,3900,755,126,4.1,54.48,1,20063,"United States (U.S.): 15,396.0 (76.7%);
Rest of World (ROW): 4,667.0 (23.3%)",3877,4839,5059,5295,5606,5524,5592,5219,5945,6099,2363,3674,2950,3078,4052,4605,4627,3683,4345,5081,A,A,20063,"Human Therapeutics: 20,063.0 (100.0%)"
Biogen Inc. (NasdaqGS:BIIB),NasdaqGS:BIIB,0.47471727678525405,0.4348587157098235,0.252,0.2020933024528466,0.29455890512298877,0.159,0.253,0.09843982767683389,0.011572214180616706,100829.36233753114,15612.880000000001,3185.3600000000006,4218.26,1180.762337531143,34.36469265367316,34.09587353726134,31.661570434738923,10.394458144338953,23.90306959209037,6.45808859976706,21.896102485945654,5418.58,15.516267691170176,1.9810913850287795,3931.5,1,989.9,2934.8,100853.5,595.5623375311429,Biotechnology (Primary),Public Company,Common Stock,100853.5,92.53,0.052,0.1,0.191,0.563,0.89,1.03,234.6,1.54,19.9,16.5,,17,61,57.1,25.3,15.9,24.8,25.1,21.7,17.3,33.5,30.9,29.4,24.4,57.6,57.6,,0.117,0.014,Biotechnology,"Biogen Inc. discovers, develops, manufactures, and markets therapies for the treatment of neurological, autoimmune, and hematologic disorders in the United States and internationally.",Healthcare,1985,99598.4,9700.3,4604.9,3967.7,2934.8,1204.9,1765.7,14316.6,585.2,10814,287.8,,2232.3,,1893.4,1827.3,1820.1,1700.3,1455.8,1410.7,438.9,3967.7,-29.5,12.2,,3931.5,989.9,,12.4,12.4,10.3,12.4,12.4,25.2,1575.8,804,447.5,2952.1,1186.4,1760.2,229.2,,722.3,582.1,5.03,,51,40,411.3,58.9,61.7,70.6,70.8,67.8,403.3,,,-886.8,54.9,-2.67,,-880.2,,-375,,-185.9,-512.4,5.05,7550,10809,429.87,62.4,United States,9700.3,4604.9,2934.8,11204.9,5642.4,9.09,IQ29726,13.9,0.21,11.2,480.18,272,8529.3,595.9,0.596,602.6,1232.9,,8620.2,799.2,99.8,,100,,292.7,7550,4672.7,3184.9,219.9,824.2,710.7,62.4,0.221,56.98,1,9703.3,"United States: 6,896.4 (71.1%);
Other: 398.8 (4.1%);
Asia: 171.3 (1.8%);
Europe: 1,423.2 (14.7%);
Germany: 813.6 (8.4%)",43.4,385.6,750.8,863.6,1229.4,1295.4,1575.7,1768.8,1838.5,2517.3,25.1,160.7,217.5,638.2,783.2,970.1,1005.3,1234.4,1380,1862.3,A-,A-,9700.3,"Discovering, Developing, Manufacturing and Marketing Therapies for The Treatment of Neurodegenerative Diseases, Hematologic Conditions and Autoimmune Disorders: 9,700.3 (100.0%)"
Celgene Corporation (NasdaqGS:CELG),NasdaqGS:CELG,0.40030506883604505,0.34718397997496875,0.141,0.13802430621339798,0.30131804806277585,0.35100000000000003,0.502,0.5199826072254367,0.0692387595151484,97960.54079746736,16573.54,1966.04,2663.04,7068.040797467362,47.509425471273566,46.09854440330679,48.32765355740474,12.771242803174196,36.7852307128197,5.910658845211545,31.90377488925822,7294.94,18.235734246256886,1.7207972290428473,2327.4,1,327.5,1999.9,95014.1,192.64079746736215,Biotechnology (Primary),Public Company,Common Stock,95014.1,83.27,0.239,0.255,0.253,1.15,1.22,1.05,800.6,5.34,30.1,25.1,,4.77,43.8,51.4,50.2,35.1,20.8,26.2,26,23.3,14.9,21.4,17.9,16.6,37.9,36.2,0.018,0.231,0.149,Biotechnology,"Celgene Corporation, a biopharmaceutical company, discovers, develops, and commercializes therapies to treat cancer and inflammatory diseases in the United States and Internationally.",Healthcare,1980,94342.8,7670.4,3070.5,2696.9,1999.9,4121.6,642.6,17340.1,6875.4,6524.8,150.3,,2027.9,,2301.4,2576.9,2486.3,2487.5,2226.2,1899.4,258.3,2696.9,-179.7,28.2,,2327.4,327.5,,2.49,2.49,1.95,2.39,2.39,14.1,1166.7,393.1,606.1,1166.1,523.5,2191.2,198.2,605.9,65.4,6269.5,,,30.4,18.1,36,16.2,25.1,37.1,47.2,57.1,196.8,,,-2975.1,297.2,-3012.2,5037.5,-577.7,,-710,252.3,-56.5,-166.3,3.23,6012,6524.8,118.68,62.2,United States,7670.4,3070.5,1999.9,9326.1,4890.2,12.5,IQ258769,21.6,0.16,,129.06,66.9,6779.4,4741.3,,3234.4,2041.2,,5589.9,654,99.6,,98.5,,194.6,6012,9712.6,7550.5,156.2,1012.9,231.6,62.2,77.2,49.47,1,7670.4,"All Other: 876.8 (11.4%);
United States: 4,482.8 (58.4%);
Europe: 2,310.8 (30.1%)",42.7,83.6,174.7,421,300.4,841.5,1071.6,1508.7,2037.9,1980,52.8,63.7,69,226.4,-1533.7,776.7,880.5,1318.1,1456.2,1449.9,BBB+,BBB+,7670.4,"Discovery, Development and Commercialization of Innovative Therapies Designed to Treat Cancer and Immune Inflammatory Related Diseases: 7,670.4 (100.0%)"
"Regeneron Pharmaceuticals, Inc. (NasdaqGS:REGN)",NasdaqGS:REGN,0.31603773584905664,0.403426017874876,0.551,0.08842255154862277,0.254572631082091,0.321,0.455,0.17660153585617624,0.011576830452911073,46451.36951914345,5776.1,647.2,1137.5000000000002,545.2695191434485,133.73972996265442,134.56674679017414,71.9326328800989,16.474453652696642,40.836368808038195,8.041995380818104,52.12812200554758,3424.8000000000006,21.480402089777318,2.089473051113956,775.7,1,427.7,348.1,46554.8,87.56951914344852,Biotechnology (Primary),Public Company,Common Stock,46554.8,71.97,0.02,0.153,0.06,0.345,1.34,0.872,102.4,0.853,12.8,20.7,,12.1,23.6,64.9,45.5,32.1,,,,49.4,,,,84.9,-18,10.3,15.44,5.96,3.42,Biotechnology,"Regeneron Pharmaceuticals, Inc., a biopharmaceutical company, discovers, invents, develops, manufactures, and commercializes medicines for the treatment of serious medical conditions worldwide.",Healthcare,1988,46112,2819.6,891.1,838.4,348.1,648.7,974.3,3871.8,457.7,2542.3,333,,504.8,,1271.4,1187.7,1074.1,967,859.9,772.8,,838.4,-37.4,6.96,,775.7,427.7,,3.46,3.46,5.02,3.07,3.07,55.1,1017.4,128.9,49.2,1228.3,254,,99.5,,96.4,146.8,,,11.2,34,58.3,9.96,9.78,9.61,10.2,10.8,-191.8,,,-267.6,126,-221.7,,-87.8,,,162.2,-60.9,-62.4,4.97,2925,2542.3,454.5,27.9,United States,2819.6,891.1,348.1,3577.4,1239.4,25,IQ33715,24,0.44,37.5,495.5,269.5,1343.2,504.6,,535.6,,,1952.1,389.1,78.4,,37,,49.7,2925,2167.5,1796.9,61.9,189,47.9,27.9,21.5,158.54,3,,,5.65,-122.2,-107.7,-115.4,-86.2,-74.1,-97.5,-205.2,457.7,760,41.7,-95.4,-102.3,-106.5,-79.1,-67.8,-104.5,-221.8,750.3,424.4,,,2819.6,"Discovery, Development, and Commercialization of Pharmaceutical Products for The Treatment of Serious Medical Conditions: 2,819.6 (100.0%)"
"Alexion Pharmaceuticals, Inc. (NasdaqGS:ALXN)",NasdaqGS:ALXN,0.4278998970318306,0.4632851322917132,0.247,0.19855031060331949,0.2349606299212598,NA,NA,0.07061935194966469,0.006826012337198795,35813.00376115208,3924.62,775.8399999999998,1034.8399999999997,250.90376115208662,55.57329882782768,54.83493439008219,47.053645081460104,16.03304103556972,34.60728591970942,9.125215628813002,37.46913973755188,1402.02,24.369218672531357,1.7942206918843702,872.1,1,215.2,656.9,36506.1,86.30376115208662,Biotechnology (Primary),Public Company,Common Stock,36506.1,96.55,0.214,0.165,0.093,1.18,1.33,0.652,202.1,1.26,18.8,22.6,,5.9,,,,,17.4,60.1,58,42,55.3,55.3,54.7,41.8,159.8,59.1,,0.799,0.422,Biotechnology,"Alexion Pharmaceuticals, Inc., a biopharmaceutical company, develops and commercializes life-transforming therapeutic products.",Healthcare,1992,34709.1,2233.7,955.8,915.9,656.9,944,383,4202,164.6,3302,136.7,,630.2,,513.8,470.5,458,434,317.1,294.7,,915.9,-2.98,8.37,,872.1,215.2,,3.32,3.32,2.9,3.26,3.26,24.7,432.9,176.4,113.1,513.6,130.6,254.1,44,,60.7,9.5,,,59.3,44,19.3,8.1,11,14.7,21.5,24.1,138.1,,,-302.6,114.4,-55.5,,-86.2,,,264.6,-66.8,-28.1,1.37,2273,3302,180.59,22.7,United States,2233.7,955.8,656.9,2638.7,1366.9,18.18,IQ347983,21.3,0.26,,203.3,136.4,2059.9,145.2,,529.9,254.1,,2382.1,262,99.1,,,34.9,56.5,2273,2796,2186.9,21.6,293.4,219.4,22.7,6.42,85.65,1,2233.7,"United States: 730.1 (32.7%);
Europe: 836.1 (37.4%);
Other: 423.5 (19.0%);
Asia Pacific: 244.1 (10.9%)",-78.7,-144.8,-137.1,-99.8,34.6,87.1,151.4,244.3,400.1,575.7,-79,-139.1,-131.5,-92.3,33.1,295.2,97,175.3,254.8,252.9,,,2233.7,"Innovation, Development and Commercialization of Life-Transforming Therapeutic Products: 2,233.7 (100.0%)"
Vertex Pharmaceuticals Incorporated (NasdaqGS:VRTX),NasdaqGS:VRTX,-0.9982770503101309,-1.1990696071674707,0,-0.1734576886265752,-0.7234446268929027,0.18899999999999997,NA,0.6233228395371462,0.05861586983766545,30321.684410047616,4012.16,-793.04,-695.9399999999999,1813.984410047613,NA,NA,NA,52.24273675059893,NA,7.557446465257521,NA,2716.36,NA,1.6707857069302852,NA,1,NA,NA,NA,989.0844100476129,Biotechnology (Primary),Public Company,Common Stock,29133,97.15,0.035,0.006,0.008,0.9,0.443,0.319,242.1,1.78,,24.3,,-0.854,,,,18.9,,,,41.6,,,,-25.6,,,,0.704,0.103,Biotechnology,"Vertex Pharmaceuticals Incorporated engages in discovering, developing, manufacturing, and commercializing small molecule drugs for patients with serious diseases in specialty markets.",Healthcare,1989,28592,580.4,-579.4,-641.5,-738.6,625.3,715.8,2334.7,824.9,1096.2,51.2,,305.4,,855.5,929.2,942,939.7,882.1,856.7,,-641.5,-72.9,,,-734.9,6.96,,-3.14,-3.14,-1.9,-3.14,-3.14,,76,30.8,20.9,994.2,278.4,39.9,71.2,,37.9,280.6,21.2,,,-52.1,758.8,81.9,86.4,99.9,100,115.8,80.6,,,,274.6,-81.7,302.3,125.2,,,25,-16.5,7.43,10.2,1830,1075,120.34,38.9,United States,580.4,-579.4,-738.6,1088.2,-86.5,6.25,IQ36235,124,0.48,,136.33,59.8,-336.1,506.6,,569.3,31,,1356.4,194.7,99.3,,,,536.6,1830,1546.5,1588.6,49.3,259.9,71.7,38.9,12,56.81,3,580.4,"United States: 361.1 (62.2%);
Europe: 197.6 (34.0%);
Other: 21.7 (3.7%)",-137.2,-141.7,-225.4,-412.7,-458.4,-592.8,-694.6,221.7,48.6,-156.6,-166.2,-203.4,-206.9,-391.3,-459.9,-642.2,-754.6,29.6,-107,-445,,,580.4,Pharmaceuticals: 580.4 (100.0%)
BioMarin Pharmaceutical Inc. (NasdaqGS:BMRN),NasdaqGS:BMRN,-0.13488681757656457,-0.07400798934753659,0,-0.021823636120905605,-0.0278028666797565,0.447,NA,0.30679759087532726,0.03194270840280074,20294.218133301532,2546.78,-42.47999999999996,-55.579999999999984,676.218133301534,NA,NA,NA,27.02292694181296,NA,7.968579199342515,NA,1236.38,NA,NA,NA,1,NA,NA,NA,18.218133301534007,Biotechnology (Primary),Public Company,Common Stock,20493.5,94.23,0.093,0.1,0.146,0.912,0.987,0.945,159.1,1.33,,25,,-1.79,,,,44.7,,,,18.3,,,,19.4,,,,0.264,0.034,Biotechnology,"BioMarin Pharmaceutical Inc. develops and commercializes pharmaceuticals for serious diseases and medical conditions in the United States, Europe, Latin America, and internationally.",Healthcare,1996,20206.3,751,-101.3,-147.1,-134,875.5,523.5,2490.5,658,1527.9,118.8,,301.9,,461.5,416.9,379.2,357.2,354.8,341.8,4.97,-147.1,-36.6,5.94,,-124.9,9.1,,-0.915,-0.915,-0.762,-0.92,-0.92,,144.5,199.5,48.6,752.4,228.9,54.3,32.8,,6.52,658,,,,36.9,1.68,0.93,3.21,3.88,4.88,5.74,75.3,,,,197.4,,,313.4,,,38.7,-36.8,-26.7,5.6,1681,1527.9,128.78,7.9,United States,751,-101.3,-134,870.4,-191.6,5.88,IQ25605,21,0.30,,133.54,55,159.7,655.6,,568.8,54.3,,1341,820.4,99.7,120.2,,,46.3,1681,1425.6,1137.4,36.9,128.5,17.9,7.9,11.5,38.11,1,751,"Europe: 139.9 (18.6%);
Latin America: 118.6 (15.8%);
Rest of World: 112.5 (15.0%);
United States: 380.0 (50.6%)",-76.7,-76.1,-43.4,-57.3,39.8,16.4,6.28,-35.7,-94.7,-140.6,-187.4,-74.3,-28.5,-15.8,30.8,-0.488,205.8,-53.8,-114.3,-176.4,NR,NR,751,Development and Commercialization of Innovative Biopharmaceuticals for Serious Diseases and Medical Conditions: 751.0 (100.0%)
Pharmacyclics Inc. (NasdaqGS:PCYC),NasdaqGS:PCYC,0.17377004248321226,0.18388378785802384,0.297,0.1488348322761842,0.1180414857694163,NA,NA,0.011432553450148887,0.0004904117319018406,18708.98950585916,633.7800000000001,97.88,134.18,9.589505859158807,226.99651567944255,218.29792201727764,199.6771557008582,25.639289442043523,139.43202791667284,29.51969059588368,147.5472358506243,649.58,55.12371687053377,2.312682916845746,122.4,1,36.3,86.1,19544.4,9.589505859158807,Biotechnology (Primary),Public Company,Common Stock,19544.4,66.79,0.004,0.03,0.021,0.276,0.842,0.716,76.2,1.21,68.5,58.2,,1.39,,,,,,,,,,,,,28.5,25,,18.56,17.79,Biotechnology,"Pharmacyclics, Inc., a biopharmaceutical company, focuses on developing and commercializing novel therapies for the treatment of cancer and immune-mediated diseases in the United States.",Healthcare,1991,18687.4,729.7,126.8,122.4,86.1,845,32.5,1060.1,0,829.2,13.9,,168,,212.6,217.9,219,218.6,219.1,129.5,0.52,122.4,,0.44,,122.4,36.3,,1.15,1.15,1.02,1.1,1.1,29.7,89.6,34.4,12.3,44.1,11.6,,7.32,,83.1,,,,26.6,180.5,2.89,0.882,0.857,2.11,2.16,2.23,-53.2,,,,25.9,,,-9.53,,,3.29,-21,-53.3,,607,829.2,256.56,2.5,United States,729.7,126.8,86.1,1129,223.5,14.29,IQ32933,57.3,0.30,101.7,258.95,82.5,290.9,0,,624,,,627.6,180.8,81.4,,,,9.8,607,1015.6,740.8,4.03,65.6,18,2.5,5,49.67,1,492.4,United States: 492.4 (100.0%),-31.1,-38,-29.9,-28.4,-21,-16.5,-25.1,27,84.6,97.9,-29.6,-36,-34.5,-26.4,-23,-17.1,-25,21.5,87.8,67,,,729.7,Developing and Commercializing Novel Therapies for The Treatment of Cancer and Immune-Mediated Diseases: 729.7 (100.0%)
Incyte Corporation (NasdaqGS:INCY),NasdaqGS:INCY,0.001777126099706745,0.11088954056695997,0,0.050434813537016975,NA,0.43200000000000005,NA,NA,0.04094305720898489,16447.42646757825,1124.62,13.020000000000039,56.72000000000003,691.9264675782524,NA,NA,1244.8387096774156,32.15528146154106,289.9757839841016,14.624874595488478,18093.978512187296,969.42,46.79091137802517,2.0391416478485667,NA,1,NA,NA,NA,2.8264675782524344,Biotechnology (Primary),Public Company,Common Stock,16207.8,89.52,0.106,0.074,0.094,1.24,1.24,1.14,171.8,1.37,,215.5,,-0.279,,,,43.2,,,,123,,,,75.6,,,,0.422,0.021,Biotechnology,"Incyte Corporation, a biopharmaceutical company, focuses on the discovery, development, and commercialization of proprietary therapeutics primarily for oncology.",Healthcare,1991,16296.7,511.5,0.909,-4.8,-48.5,452.3,81.8,830.1,689.1,-81.6,27.9,,165.8,,350.6,328.4,312.6,288.6,265.5,250.3,,-4.8,-46.8,3.35,,-48.5,-0.066,,-0.289,-0.289,-0.18,-0.289,-0.289,,57.6,0.358,20.1,116.5,34.7,,24.5,,,603.5,,,,44.1,0.1,0.7,0.6,0.6,0.6,0.6,24.3,,,,92.8,,,-110.6,,,5.36,-4.09,-22.6,7.05,588,-81.6,94.36,7,United States,511.5,0.909,-48.5,686.7,61,10,IQ332954,42.2,0.28,223.5,99,40.3,161,661.6,,471.4,,,-193.1,132.2,90.8,,100,,5.8,588,699.2,555.8,19.1,76.1,12.9,7,14.7,21.96,1,,,-94.7,-99.4,-74,-85.4,-159.5,-137.8,13.7,-142.5,1.15,-16.1,-164.8,-103,-74.2,-86.9,-178.9,-211.9,-31.8,-186.5,-44.3,-83.1,NR,NR,511.5,"Developing and Commercializing Proprietary Small Molecule Drugs, Primarily for Oncology: 511.5 (100.0%)"
"Medivation, Inc. (NasdaqGS:MDVN)",NasdaqGS:MDVN,0.40408163265306124,0.4851513019000703,0,0.39788992520084954,0.7553972846650344,NA,NA,0.3797350421113103,0.025946205124766905,10098.767859711703,866.3199999999999,339.4,344.69999999999993,275.0678597117034,37.346835443037975,35.53466399473329,30.425456688273425,14.213607121339484,29.297266781873237,11.657087288428876,35.175088330587606,678.22,18.697959377359197,2.358033777502324,260.2,1,-16.3,276.5,10326.4,33.56785971170342,Biotechnology (Primary),Public Company,Common Stock,10326.4,95.95,0.067,0.024,0.006,0.751,0.575,0.569,78.2,1.07,14.2,22.5,,2.9,,,,,,,,59.3,,,,127.4,,,,1.33,1.02,Biotechnology,"Medivation, Inc., a biopharmaceutical company, focuses on the development and commercialization of novel therapies to treat serious diseases in the United States.",Healthcare,,10065.2,710.5,287.1,281.8,276.5,502.7,41.2,911.6,241.5,449.3,10.5,,239.1,,253,232.3,213.6,195.3,165.5,143.8,,281.8,-21.7,0.046,,260.2,-16.3,,3.59,3.59,2.11,3.42,3.42,,184.7,,22.2,50.9,9.7,10,10.5,,15,222.1,,,,160.3,,4.43,8.5,8.33,8.17,8.01,70.7,,,,33.9,-0.012,,-2,,-5,43.9,,-77.5,9.33,485,449.3,132,8.1,United States,710.5,287.1,276.5,879.5,401.9,7.14,IQ13356885,24,0.34,31.3,141.58,54.4,520.9,208.4,,228.8,,,76.9,97.4,98.1,,107.1,,41.7,485,721.9,354,3.29,73,19.4,8.1,5.76,32.39,1,710.5,United States: 710.5 (100.0%),-2.71,-8.42,-16.1,-33.8,-64.2,-46.5,-32.7,-42.9,-26.2,-22.2,-2.87,-9.82,-15.4,-31.7,-62.5,-54.8,-34,-38.8,-41.3,-42.6,,,710.5,Development and Commercialization of Novel Therapies: 710.5 (100.0%)
"Alnylam Pharmaceuticals, Inc. (NasdaqGS:ALNY)",NasdaqGS:ALNY,-3.4051383399209487,-2.536758893280632,0,-0.09479078972632077,-0.3252803588593399,0.28,NA,0.043307788236522544,0.004839269573775578,8683.284668368013,1354.1399999999999,-304.55999999999995,-128.35999999999999,42.38466836801321,NA,NA,NA,171.60641637090933,NA,6.412398030017585,NA,493.04,NA,2.5384059384357682,NA,1,NA,NA,NA,42.38466836801321,Biotechnology (Primary),Public Company,Common Stock,8716.1,68.45,0.015,0.031,0.126,0.51,0.925,1.66,83.8,0.766,,,,-3,,,,28,,,,-12.8,,,,-15.1,,,12,0.899,0.15,Biotechnology,"Alnylam Pharmaceuticals, Inc., a biopharmaceutical company, discovers, develops, and commercializes novel therapeutics based on RNA interference.",Healthcare,2002,8019.4,50.6,-172.3,-184.2,-360.4,75.2,21.7,1079.6,0,936.3,8.96,,62.6,,190.2,166.8,155,134.5,113,102.5,,-184.2,,2.56,,-400.6,-40.2,,-4.85,-4.85,-1.53,-4.85,-4.85,,39.9,,,67.8,46.1,,15.1,,1.01,,,,,7.2,13.8,7.61,7.39,7.54,6.99,6.81,0.048,,,-16,752.5,,,-514.9,,-25,8.84,,-35.7,,256,936.3,104.06,20.2,United States,50.6,-172.3,-360.4,53.2,-244.7,11.76,IQ2796659,0.372,0.51,,121.93,47,50.6,0,,53.2,,,270.3,88.5,87.1,,,,18.4,256,746.4,254,5.9,14.2,33.8,20.2,7.53,33.46,3,,,-32.3,-43.5,-39.5,-93.2,-27.8,-48.1,-41.9,-54.8,-60.7,-92.9,-32.7,-42.9,-34.6,-85.5,-26.2,-47.6,-43.5,-57.6,-106,-89.2,,,50.6,"The Discovery, Development and Commercialization of RNAi Therapeutics: 50.6 (100.0%)"
United Therapeutics Corporation (NasdaqGS:UTHR),NasdaqGS:UTHR,0.443150950717889,0.40223515715948777,0.35200000000000004,0.19081043122549854,0.25722794591113973,0.331,0.433,0.10074116811412195,0.016951563448101708,7812.882205197256,1760.1,319.58000000000004,518.28,139.1822051972561,23.7324316377536,22.563069685386647,25.256273859440512,6.063548471243505,15.074635728172524,4.438885407191214,13.682805963567873,788.9,9.604034671416418,2.7442575017964668,525.2,1,185.1,340.1,8071.4,12.682205197256112,Biotechnology (Primary),Public Company,Common Stock,8071.4,106.94,0.029,0.078,0.278,0.575,0.991,1.39,46.7,0.767,38.4,14,,10.2,36.2,44.9,43.3,33.1,77.2,77.9,68.8,29.1,16,18.6,18.5,20.1,94.8,84.2,,1.29,1.14,Biotechnology,"United Therapeutics Corporation, a biotechnology company, develops and commercializes products to address the unmet medical needs of patients with chronic and life-threatening conditions worldwide.",Healthcare,1996,7502.3,1288.5,571,538.8,340.1,397.7,478.4,1884.4,126.5,1242.4,47.4,,381.3,,242.5,292.6,246.5,261.4,299.3,215.3,,538.8,-17.6,,,525.2,185.1,,7.06,7.06,6.81,6.28,6.28,35.2,162.3,66.9,49.4,613.4,135,10.3,7,,10.3,,,,76.4,15.4,0.128,0.643,2.7,3.27,3.41,3.84,85.6,,,-483.1,53.5,-317.8,140,385.9,,,-6.75,-21,-35.7,6.75,740,1242.4,172.96,3.6,United States,1288.5,571,340.1,1524.2,860,15.38,IQ36018,16.3,0.54,32.6,181.61,84.6,1162.6,282.5,,284.3,10.7,,1259.3,88.6,92.1,,109.7,0.053,14.9,740,974.2,914.4,6.71,373.5,25,3.6,4.06,76.83,3,1288.5,"Rest-Of-World: 107.8 (8.4%);
United States: 1,180.8 (91.6%)",13.2,42.9,31,6.3,67.9,30.3,171.3,322.8,428.5,292.5,15.4,65,74,12.4,-49.3,19.5,105.9,217.9,304.4,174.6,,,1288.5,"Pharmaceuticals: 1,288.5 (100.0%)"
"Isis Pharmaceuticals, Inc. (NasdaqGS:ISIS)",NasdaqGS:ISIS,-0.17273576097105509,0.007563025210083923,0,0.001325934292589481,0.03498836307214888,0.175,NA,0.6493378845600091,0.05952688370862738,7876.580644411864,1221.78,9.019999999999982,1.6199999999999761,477.38064441186407,NA,NA,836.1640798226181,36.772085174658564,4862.086817538259,6.4468076449212335,NA,649.18,NA,9.10874811063085,NA,1,NA,NA,NA,19.580644411864046,Biotechnology (Primary),Public Company,Common Stock,7542.2,88.53,0.009,0.036,0.123,0.487,1.05,1.53,119,2.68,,,,-0.86,,,,17.5,,,,12,,,,29.3,,,,0.727,0.623,Biotechnology,"Isis Pharmaceuticals, Inc. engages in the discovery and development of antisense drugs using novel drug discovery platform.",Healthcare,1989,7189.2,214.2,-37,-46.4,-39,143,89,955.8,457.8,257.8,7.52,,20.1,,238.9,220.9,205.5,188.8,173.7,165.5,,-46.4,-22.2,2.68,,-54.4,-15.4,,-0.331,-0.331,-0.35,-0.331,-0.331,,3.9,6.29,15.7,155,66.1,,18,,,383.2,,,,45.4,17.5,1.5,1.5,1.5,1.5,1.6,-18.5,,,,23.1,-452,487,-75.3,,,4.82,1.74,7.2,8.44,390,257.8,63.37,7.36,United States,214.2,-37,-39,224.8,-47.5,25,IQ30300,9.96,0.54,,77.8,22.3,-26.3,232.6,,160,,,378.4,274.8,99.3,,84.9,0.705,7.34,390,836.6,735.5,11,34.3,48.1,7.36,7.38,19.52,3,,,-85.4,-48.5,-63,-32,-11.3,-26.8,-46.8,-69.2,-68.1,-45.4,-142.5,-72.4,-45.9,-141.6,-18.2,155.1,-61.3,-84.8,-65.5,-60.6,,,214.2,Drug Discovery and Development Operations: 214.2 (100.0%)
"Puma Biotechnology, Inc. (NYSE:PBYI)",NYSE:PBYI,NA,NA,0,-0.22983506552191596,-0.6929914529914529,NA,NA,0.047279088292656646,0.0008414356271795509,6861.806163444368,354.08000000000004,-81.08,-81.38000000000001,5.806163444368733,NA,NA,NA,NA,NA,19.379253737698733,NA,275.58000000000004,NA,1.9689607658278339,NA,1,NA,NA,NA,5.806163444368733,Biotechnology (Primary),Public Company,Common Stock,6894.5,68.04,0.001,0.001,0.015,0.674,0.561,-2.1,31.9,0.399,,,,-4.37,,,,,,,,,,,,,,,,13.15,12.66,Biotechnology,"Puma Biotechnology, Inc., a development stage biopharmaceutical company, focuses on the acquisition, development, and commercialization of products for the treatment of various forms of cancer.",Healthcare,2010,6753.2,0,-141.6,-142.3,-142,38.5,2.16,162.8,0,117,1.29,,19.4,,122.9,96.4,76.4,51.8,45,40.3,,-142.3,,0.324,,-142,,,-4.73,-4.73,-2.96,-4.73,-4.73,,,,5.29,3.48,1.33,,15,,16.4,,,,,,,0.308,1.61,1.56,1.52,1.44,-29.6,,,,136,,,-62,,,4.31,,,,120,117,216,1.75,United States,,-141.6,-142,0,-138.3,25,IQ128739842,,0.16,,279.37,53.6,,0,,43,,,84,54.3,69,,,,6.68,120,149.4,96.4,10.7,8.58,,1.75,3.98,89.55,1,,,,,,,,,-0.021,-10.2,-74.5,-54.8,,,,,,,-0.021,-10.2,-74.4,-54.7,,,,
"Intercept Pharmaceuticals, Inc. (NasdaqGS:ICPT)",NasdaqGS:ICPT,-64.77011494252874,-42.10344827586207,0,-0.18640272759656,-1.053529666522304,NA,NA,0.06665776698962024,0.0024725645001359153,6649.390498183351,393.02,-243.26,-73.26,16.490498183351942,NA,NA,NA,3821.4887920593974,NA,16.91870769473144,NA,182.12,NA,9.664958138556118,NA,1,NA,NA,NA,16.490498183351942,Biotechnology (Primary),Public Company,Common Stock,6652.9,63.07,0.003,0.001,0.12,0.375,1.08,-9.45,22.6,0.555,,-6.17,,-8.67,,,,,,,,,,,,-1.19,,,28.52,2.53,2.17,Biotechnology,"Intercept Pharmaceuticals, Inc., a development stage biopharmaceutical company, focuses on the discovery, development, and commercialization of novel therapeutics to treat chronic liver and intestinal diseases utilizing its proprietary bile acid chemistry.",Healthcare,2002,6413.2,1.74,-112.7,-113.2,-283.2,20,5.85,254.1,0,230.9,4.64,,34.6,,80.3,66.2,47.2,37.4,27.9,23.1,,-113.2,,,,-283.2,,,-13.6,-13.6,-8.52,-13.6,-13.6,,1.09,,,6.53,0.679,,3.13,,,,,,,7.4,8.35,2.38,2.62,2.53,2.28,1.9,-2.91,,,,191,,,-91.9,,,6.2,,,,136,230.9,293.91,1.7,United States,1.74,-112.7,-283.2,1.66,-164.9,7.69,IQ11382658,419.5,0.41,,349.08,128.5,1.74,0,,13.4,,,82.4,257.2,63.3,,,,7.92,136,245.8,147.6,3.2,4.06,1.62,1.7,1.44,75.81,1,,,,,,,,,-16.4,-13.8,-18.9,-39.5,,,,,,,-15.1,-12.7,-43.6,-67.8,,,1.74,Development and Commercialization of Novel Therapeutics: 1.7 (100.0%)
"Opko Health, Inc. (NYSE:OPK)",NYSE:OPK,-1.0362239297475304,-0.977826564215148,0,-0.0791372019473366,-0.181261218140481,NA,NA,0.15838599762099168,0.02346877606964057,6604.473022831975,1125.64,-151.47999999999996,-89.07999999999998,157.27302283197395,NA,NA,NA,72.4969596359163,NA,5.867304842429173,NA,239.54000000000002,NA,1.2721382619458748,NA,1,NA,NA,NA,9.973022831973944,Biotechnology (Primary),Public Company,Common Stock,6544.1,18.87,0.05,0.029,0.093,0.651,0.588,0.962,451.6,2.76,,,,-0.32,,,,,,,,83.2,,,,48.2,,,,8.72,0.446,Biotechnology,"OPKO Health, Inc., a biopharmaceutical and diagnostics company, engages in the discovery, development, and commercialization of novel and proprietary technologies in the United States and internationally.",Healthcare,,6588.1,91.1,-94.4,-109.3,-171.7,96.9,16.4,1267.7,147.3,835.7,4.73,,57.9,,85.9,85.1,76.6,69.8,58.4,38.5,10.9,-109.3,-12.3,0.771,,-174.6,0.024,,-0.407,-0.407,-0.201,-0.407,-0.407,,20,16.6,5.34,26.9,10.5,224.3,8.74,3.24,27.4,133.9,-6.4,,,-5.6,3.26,0.653,1.15,1.48,2.29,2.74,-1.34,,,,12.9,-28.4,26.4,0.742,,-1.68,-3.85,-1.75,-3.92,4.88,674,842.1,14.49,2.6,United States,91.1,-94.4,-171.7,99.6,-99.3,27.27,IQ33405327,64,0.31,,15.23,7.82,3.17,227.7,-3.43,185.8,226.4,,876.4,33.3,52.6,,65,,7.58,674,142.9,242.7,13.4,24,41.9,2.6,23.3,5.5,1,91.1,"Chile: 29.2 (32.0%);
United States: 14.1 (15.5%);
Mexico: 5.8 (6.4%);
Israel: 20.6 (22.6%);
Spain: 21.3 (23.4%);
Other: .1 (.1%)",,,-1.77,-23.4,-37.2,-20.1,-11.1,-23.2,-36.5,-72.7,,,-1.75,-268.4,-39.8,-30.1,-18.9,-1.28,-29,-114.4,,,91.1,"Corporate: .2 (.3%);
Pharmaceuticals: 82.3 (90.3%);
Diagnostics: 8.6 (9.5%)"
Juno Therapeutics Inc. (NasdaqGS:JUNO),NasdaqGS:JUNO,NA,NA,0,-0.1279926335174954,-0.15727155727155728,NA,NA,0.01611261597530643,0.0012415476386693279,4768.462264023348,325.8,-61.10000000000001,-41.7,6.362264023348266,NA,NA,NA,NA,NA,14.636164100746925,NA,293.3,NA,3.4827377347062383,NA,1,NA,NA,NA,6.362264023348266,Biotechnology (Primary),Public Company,Common Stock,5118.1,25.07,,,,,,,90.4,2.07,,,,-1.67,,,,,,,,,,,,,,,4.36,6.83,3.01,Biotechnology,"Juno Therapeutics, Inc., a biopharmaceutical company, engages in developing cell-based cancer immunotherapies.",Healthcare,2013,4682.5,0,-223.6,-224,-243.4,356,4.02,489.2,0,388.5,2.96,,19.5,,204.5,111,,,,,,-224,,0.069,,-243.4,,67.5,-36.8,-36.8,-16.6,-36.8,-36.8,,,,,4.22,0.199,,1.1,,87.3,,,,,,1.78,,,0.897,1.75,2.75,-86,,,,281.4,,,-121.8,,,-0.511,,,,95,388.5,56.6,0.9,United States,,-223.6,-243.4,0,-132.5,33.33,IQ252447310,,0.44,,62.5,34.7,,0,,36,,72.6,-43.7,71.3,47.5,,,,,95,439.2,36.1,1.15,9.48,0.494,0.9,2.72,7.23,,,,,,,,,,,,,-121.2,,,,,,,,,,-124.4,,,,
"Receptos, Inc. (NasdaqGS:RCPT)",NasdaqGS:RCPT,-18.864406779661014,-11.389830508474574,0,-0.15642458100558657,-0.10869899923017705,NA,NA,0.021139095304020653,0.00300689593274109,4206.42634667918,429.6,-70.6,-67.19999999999999,14.02634667917983,NA,NA,NA,712.9536180812169,NA,9.791495220389152,NA,238.40000000000003,NA,6.805427140000431,NA,1,NA,NA,NA,14.02634667917983,Biotechnology (Primary),Public Company,Common Stock,4650.7,107.53,0.021,0.016,,1.18,0.996,,31.5,0.526,,,,-4.97,,,,,,,,,,,,-13.9,,,,3.95,1.23,Biotechnology,"Receptos, Inc., a clinical-stage biopharmaceutical company, focuses on the discovery, development, and commercialization of therapeutics in immune disorders.",Healthcare,2008,3978.8,5.9,-111.3,-111.6,-115,458.3,0.966,678,0,649.5,0.642,,15.8,,101.7,82.3,66.5,55.6,43.6,38.5,,-111.6,-0.909,0.428,,-115,,,-4.63,-4.63,-2.89,-4.63,-4.63,,,,0.841,4.78,3.82,,7.91,,,,,,,27.1,10.1,1.85,1.79,1.74,1.69,0.494,-10.4,,,,702.8,-5.35,,-170,,,2.52,,,,68,649.5,147.43,0.6,United States,5.9,-111.3,-115,13.4,-63,11.11,IQ81690022,702.2,0.44,,156.83,24.5,-95.8,4.92,,23.8,,,50.8,126.6,94.9,,,,0.526,68,675.5,70.4,5.1,9.61,0.7,0.6,1.93,26.31,3,5.9,United States: 5.9 (100.0%),,,,,,,,-6.33,-17.7,-47.9,,,,,,,,-6.11,-17.7,-48.3,,,5.9,"Discovering, Developing and Commercializing Innovative Therapeutics in Immune Disorders: 5.9 (100.0%)"
Intrexon Corporation (NYSE:XON),NYSE:XON,-0.8136300417246175,-0.8344923504867873,0,-0.10787486515641856,-0.17810896652821892,NA,NA,0.06157986064579782,0.005914608757877042,4513.558584876141,556.2,-72.9,-60.00000000000001,26.85858487614115,NA,NA,NA,62.775501875885126,NA,8.11499206198515,NA,161.8,NA,5.261175845110984,NA,1,NA,NA,NA,14.258584876141152,Biotechnology (Primary),Public Company,Common Stock,4514.2,28.16,0.015,0.013,,0.782,0.755,,105,0.845,,,,-0.449,,,,,,,,,,,,107.8,,,11.82,9.26,8.47,Biotechnology,"Intrexon Corporation, a biotechnology company, operates in the synthetic biology field in the United States.",Healthcare,1998,4435.4,71.9,-58.5,-68.9,-81.8,27.5,38,576.3,12.6,409.3,6.37,,62.6,,59,54.3,50.1,49.2,48.1,48.8,,-68.9,-0.666,0.806,,-85.7,-0.103,,-0.825,-0.825,-0.43,-0.825,-0.825,,27.2,25.8,,60.5,22.5,101.1,6.27,2.27,8.1,8.69,24.5,,,202.7,2.43,1.28,1.36,2.7,4.16,4.18,25,,,,26.5,-7.17,4.94,47.7,,-67.6,1.27,-7.31,4.33,11.8,519,384.8,43,7.6,United States,71.9,-58.5,-81.8,159.1,-7.98,12.5,IQ22365961,71.3,0.25,229.3,50.98,13.1,-6.31,1.65,14.6,49.5,13.8,,366.7,95,40.4,,13.5,62.3,11.2,519,174.8,187.6,1.06,9.37,9.4,7.6,8.32,22.59,1,71.9,"United States of America: 69.8 (97.0%);
Foreign Countries: 2.2 (3.0%)",,,,,,,,-81.7,-73.9,-55.2,,,,,,,,-85.3,-81.9,-39,,,71.9,Synthetic Biology: 71.9 (100.0%)
"Seattle Genetics, Inc. (NasdaqGS:SGEN)",NasdaqGS:SGEN,-0.22629009762900978,-0.23521617852161808,0,-0.08141836439123307,-0.3138519924098674,0.456,NA,0.08703566740301513,0.004443216120722258,4465.996205331885,828.56,-66.16000000000005,-67.46000000000006,20.09620533188416,NA,NA,NA,15.571813826122332,NA,5.390069766018014,NA,674.66,NA,1.665630274495869,NA,1,NA,NA,NA,20.09620533188416,Biotechnology (Primary),Public Company,Common Stock,4502.8,82.46,0.102,0.142,0.169,1.17,1.45,1.42,124.3,1.17,,25.2,,-0.71,,,,45.6,,,,40.7,,,,44.6,,,,1.13,0.378,Biotechnology,"Seattle Genetics, Inc., a biotechnology company, develops and commercializes antibody-based therapies for the treatment of cancer.",Healthcare,1998,4189.4,286.8,-64.9,-77.4,-76.1,56.9,46.1,459,0,210.8,17.2,,104.3,,230.7,217.5,226.8,225.4,218.6,215.5,,-77.4,,1.22,,-76.1,,,-0.617,-0.617,-0.386,-0.617,-0.617,,39.2,43.5,,92.3,46.2,,17.2,,3.45,,,,,6.5,3.46,0.753,3.01,5.35,5.18,5.02,4.89,,,,16.2,,,53.8,,,18.4,-16.4,-9.74,,657,210.8,36.22,3.6,United States,286.8,-64.9,-76.1,322.3,-69.7,11.11,IQ34145,19.7,0.36,,47.67,30.1,27,0,,64.1,,,230.2,30,74.6,,,,20,657,408,437.3,13.4,44,41.8,3.6,10.7,22.04,3,,,-37.7,-32.1,-40.2,-55.6,-91.8,-84.9,-68.2,-144.4,-57.3,-62.9,-35.4,-29.4,-36,-48.9,-85.5,-81.7,-66.3,-152,-53.8,-62.5,,,286.8,Development and Sale of Pharmaceutical Products on Its Own Behalf or in Collaboration with Others: 286.8 (100.0%)
Cepheid (NasdaqGS:CPHD),NasdaqGS:CPHD,0.026377366517762176,-0.002680280791320976,0,-0.0015521829112052712,-0.10547713156408807,0.244,NA,0.4933198608464342,0.08182399758716932,4117.960359049614,811.76,-37.35999999999999,-1.259999999999991,344.8603590496138,NA,NA,NA,8.759754007763485,NA,5.0728791256647465,332.09357734271083,276.06,37.67575808828558,1.1951522042482816,NA,1,NA,NA,NA,66.66035904961383,Biotechnology (Primary),Public Company,Common Stock,3869.8,103.24,0.147,0.141,0.119,1.08,1.03,1,71.5,0.585,75.7,27.7,,0.23,,,,24.4,,,,22.5,,,-22,19.2,,,,1.36,0.07,Biotechnology,"Cepheid, a molecular diagnostics company, develops, manufactures, and markets integrated systems for testing in the clinical market and non-clinical markets.",Healthcare,1996,3854.6,470.1,12.4,-14,-50.1,96.7,115.8,793.6,278.2,354.2,47,,152.9,,96.9,94.6,89.6,84.2,80.2,72.2,,-14,-12.6,1.12,,-47.6,2.56,,-0.716,-0.716,-0.246,-0.72,-0.72,,68.8,132.6,5.79,213.6,97.8,39.7,50.4,,33.7,278.2,,,26.4,17.2,24.3,9.85,9.85,11.8,11.8,11.4,14.3,,,,38.6,-0.18,335.8,-260.7,,-18,3.44,-29.3,-16.6,5.21,1400,354.2,54.14,11.6,United States,470.1,12.4,-50.1,547.1,11.6,16.67,IQ26323,17.3,0.26,98.4,60,36.9,240.9,0,,66.1,39.7,,285.2,18.5,98.5,,124,0.449,54.1,1400,519.1,244,52.6,27.3,15.6,11.6,5.58,33.2,3,470.1,"United States: 264.1 (56.2%);
International: 160.8 (34.2%);
North America (Excluding United States): 7.9 (1.7%);
South Africa: 37.3 (7.9%)",-14,-13.6,-30.8,-25.2,-25.1,-22.9,-5.34,9.19,-4.82,-13.4,-13.8,-13.6,-26.7,-22.1,-22.4,-22.5,-5.92,2.63,-20,-18,,,470.1,"Develops, Manufactures and Markets Fully-Integrated Systems for Testing in The Clinical and Non-Clinical Markets: 470.1 (100.0%)"
"bluebird bio, Inc. (NasdaqGS:BLUE)",NasdaqGS:BLUE,-2.2125984251968505,-1.4220472440944878,0,-0.12245728234336857,-0.04970486464481985,NA,NA,0.04634631389989427,0.006367454997715847,3401.9765333274536,294.96,-24.419999999999995,-36.11999999999999,23.8765333274535,NA,NA,NA,133.93608398926983,NA,11.533687731649898,NA,151.45999999999998,NA,2.9321774604793474,NA,1,NA,NA,NA,23.8765333274535,Biotechnology (Primary),Public Company,Common Stock,3725.9,91.58,0.04,0.014,,-2.26,-1.16,,32.6,0.576,,-10.1,,-2.7,,,,,,,,,,,,206.6,,,,1.08,0.779,Biotechnology,"bluebird bio, Inc., a clinical-stage biotechnology company, focuses on developing transformative gene therapies for severe genetic and rare diseases.",Healthcare,1992,3252.3,25.4,-56.2,-60.4,-48.7,347.8,15.7,556.7,0,491.3,8.71,,23.2,,62.6,51.8,43.9,37.2,31,27.7,,-60.4,,0.152,,-60.5,-11.8,,-1.84,-1.84,-1.42,-1.84,-1.84,,,,1.91,19.1,3.4,13.1,2.95,,1.92,,,,,26,11.3,3.56,3.46,3.36,3.49,3.65,-7.38,,,,358.5,,,-143.8,,-4.67,-2.25,,,,143,491.3,114.41,5.29,United States,25.4,-56.2,-48.7,24.6,,6.67,IQ28921,-37.4,0.48,,128.88,17.4,-37.2,0,,206.3,,,151.7,43.7,92,,,,13.1,143,480,212,4.36,4.16,26.4,5.29,3.65,12.3,3,25.4,United States: 25.4 (100.0%),,,,,,,,-15.1,-23.7,-24.9,,,,,,,,-15.6,-23.7,-25.3,,,25.4,Biotechnology (Startups): 25.4 (100.0%)
Synageva BioPharma Corp. (NasdaqGS:GEVA),NasdaqGS:GEVA,-28.6748844375963,-22.36363636363636,0,-0.19074278504967668,-0.3077768385460693,NA,NA,0.02025788740027249,0.0026753479491937724,3574.484240357264,760.9200000000001,-145.64,-145.14,9.78424035726359,NA,NA,NA,550.767987728392,NA,4.697582190450065,NA,370.42,NA,4.2496024565443875,NA,1,NA,NA,NA,9.78424035726359,Biotechnology (Primary),Public Company,Common Stock,3647.4,69.92,0.015,0.001,0.001,-0.533,-0.136,0.228,37,0.286,,,,-7.49,,,,,,,,109.2,,,,45.7,,,,2.24,0.003,Biotechnology,Synageva BioPharma Corp. operates as a biopharmaceutical company in the United States.,Healthcare,1996,3200.5,6.49,-186.1,-192.1,-192.6,82.7,31.6,504.2,0,473.2,16.8,,54.5,,144.1,128.8,116.8,93.4,79.2,67.5,1.49,-192.1,-0.2,0.463,,-192.1,0.54,,-5.89,-5.89,-3.67,-5.89,-5.89,,0.986,,3.6,40.9,9.29,8.54,2.63,,0.908,,,,,-51.5,0.049,2.19,2.19,2.19,2.22,2.16,-8.39,,,,215.5,-0.173,,-27.9,,,0.032,,0.387,,282,473.2,98.69,2.1,United States,6.49,-186.1,-192.6,7.97,-270.6,11.11,IQ25337,185.8,0.16,,122.88,60.2,-136.1,0,,62.1,8.54,,430.2,62,65.6,,,,7.57,282,457.8,416.7,2.43,11.1,0.372,2.1,3.26,53.62,1,,,,,,,,-10.3,-13.1,-23.9,-43,-95.9,,,,,,-11.4,-10.8,-25.3,-42.9,-95.5,,,6.49,"Discovery, Development, and Commercialization of Therapeutic Products: 6.5 (100.0%)"
"Agios Pharmaceuticals, Inc. (NasdaqGS:AGIO)",NasdaqGS:AGIO,-0.8073394495412843,-0.2590214067278285,0,-0.025959298761799657,-0.03850141376060316,NA,NA,0.08984472116354825,0.011518236061285724,3623.194059781267,652.56,-16.339999999999982,-16.939999999999984,41.89405978126681,NA,NA,NA,55.40052079176248,NA,5.552277276850048,NA,242.16000000000003,NA,3.810530414708091,NA,1,NA,NA,NA,41.89405978126681,Biotechnology (Primary),Public Company,Common Stock,3595.3,62.19,0.001,0.015,,0.226,0.982,,37.2,0.625,,,,-2.89,,,,,,,,,,,,44.1,,,14.09,4.73,0.925,Biotechnology,"Agios Pharmaceuticals, Inc., a biopharmaceutical company, focuses on the development and commercialization of therapeutics in the field of cancer metabolism and rare genetic disorders of metabolism in the United States.",Healthcare,2007,3253.2,65.4,-52.8,-54.1,-53.5,14,6.39,491.9,0,424.4,2.22,,19.1,,100.4,80.8,70.1,60.4,54.5,50.4,,-54.1,,0.203,,-53.9,-0.426,,-1.59,-1.59,-1,-1.59,-1.59,,6.49,,,11.9,5.56,,11.1,,0.316,,,,,155.8,17.7,7.17,7,6.84,6.69,4.99,-9.66,,,,335.9,,,-331.1,,,7.58,,-6.02,,128,424.4,96.6,3.7,United States,65.4,-52.8,-53.5,80,-51.2,21.05,IQ46539787,-11.3,0.48,,138.85,31.4,-35,0,,71.6,,,131.5,54.8,67.7,,,,5.44,128,359.5,169.7,3.68,6.59,26.7,3.7,3.81,17.19,3,65.4,United States: 65.4 (100.0%),,,,,,,,-16.6,-23,-38.9,,,,,,,,-23.7,-20.1,-39.4,,,65.4,The Discovery and Development of Medicines for The Treatment of Cancer and Inborn Errors of Metabolism: 65.4 (100.0%)
Neurocrine Biosciences Inc. (NasdaqGS:NBIX),NasdaqGS:NBIX,NA,NA,0,-0.18801488174329,-0.2525155725922377,NA,NA,0.14302479855136954,0.010653525926806701,3238.4309675790078,301.03999999999996,-52.70000000000001,-56.600000000000016,34.83096757900768,NA,NA,NA,NA,NA,10.757477303943025,NA,123.34,NA,3.1688616830520004,NA,1,NA,NA,NA,34.83096757900768,Biotechnology (Primary),Public Company,Common Stock,3234.6,84.23,0.011,0.002,0.006,0.406,0.355,-0.368,83.4,0.787,,38,,-1.03,,,,,,,,,,,,,,,,1.05,0.226,Biotechnology,"Neurocrine Biosciences, Inc. discovers and develops pharmaceuticals for the treatment of neurological and endocrine-related diseases and disorders in the United States.",Healthcare,1992,3040.8,0,-63.6,-64.4,-60.5,31,2.51,243,0,208.7,1.61,,18,,46.4,39.8,37.1,37.5,39.2,39.4,,-64.4,,0.629,,-60.5,,,-0.812,-0.812,-0.534,-0.812,-0.812,,,,4.39,31.3,28.7,,0.246,,0.586,,,,,,,8.31,8.07,7.83,7.61,7.39,-2.29,,,,138.7,,,-103.8,,,3.7,,-1.67,,94,208.7,38.78,5.9,United States,,-63.6,-60.5,30.4,-89,12.5,IQ32073,,0.43,,45.36,12.2,-14.4,0,,44.8,,,120.4,41,91.8,,,,38.1,94,198.2,148.5,0.101,7.96,3.64,5.9,5.75,9.31,3,,,-52.3,-25.1,-103.8,-111.3,-69.5,-45.1,-10.9,34,2.54,-49.7,-45.8,-22.2,-107.2,-207.3,-88.6,-51,-7.97,37.6,5.03,-46.1,,,,
ACADIA Pharmaceuticals Inc. (NasdaqGS:ACAD),NasdaqGS:ACAD,-775,-563.8333333333334,0,-0.17271659774340123,-0.21634894991922454,-0.306,NA,0.021215293390798282,0.002091028448560853,3146.308455148629,391.74,-66.96,-67.66,6.708455148629249,NA,NA,NA,26219.237126238575,NA,8.031624177129292,NA,144.14000000000001,NA,5.4271435264719665,NA,1,NA,NA,NA,6.708455148629249,Biotechnology (Primary),Public Company,Common Stock,3201.5,76.92,0.083,0.078,0.16,1.03,1.69,2.97,100.2,1.52,,,,-0.968,,,,-30.6,,,,-54.9,,,,-61.3,,,,0.25,,Biotechnology,"ACADIA Pharmaceuticals Inc., a biopharmaceutical company, focuses on the development and commercialization of small molecule drugs that address unmet medical needs in neurological and related central nervous system disorders.",Healthcare,1993,2879,0.12,-93,-93.2,-92.5,61.9,0.553,325.5,0,309.5,0.18,,32.7,,60.6,50.3,40.6,34,26.7,23.7,,-93.2,,0.755,,-92.5,,,-0.951,-0.951,-0.594,-0.951,-0.951,,,,,2.69,2.14,,2.02,,,,,,,-89.5,,0.26,1.51,1.46,2.02,2.12,-9.29,,,,203.9,,,-87.1,,,1.64,,,,97,309.5,31.96,1.2,United States,0.12,-93,-92.5,6.6,-129.6,0,IQ683713,2521.3,0.36,,46.48,15.6,-60.5,0,,11.7,,,182.1,69.5,79.3,,,,2.29,97,324.6,188.4,0.372,6.55,0.055,1.2,7.93,12.65,3,0.12,United States: .1 (100.0%),-26.1,-29.6,-52.6,-62.7,-64.8,-44.6,15.1,-22.9,-20.9,-38.3,-25.9,-34.1,-45,-56.4,-64.2,-45.1,15.1,-22.8,-20.8,-37.9,,,0.12,Innovative Small Molecule Drugs: .1 (100.0%)
"Celldex Therapeutics, Inc. (NasdaqGS:CLDX)",NasdaqGS:CLDX,-32.45125348189415,-26.362116991643454,0,-0.20416792509815765,-0.43854511100614074,NA,NA,0.03648075125028766,0.00303703223999626,2611.2153822040477,463.54,-92.83999999999999,-94.64,8.015382204047745,NA,NA,NA,727.3580451821861,NA,5.6332040000950245,NA,279.84000000000003,NA,5.795834600182427,NA,1,NA,NA,NA,8.015382204047745,Biotechnology (Primary),Public Company,Common Stock,2631.2,89.76,0.024,0.025,0.211,1.07,1.13,2.75,96.8,2.46,,,,-1.53,,,,,,,,-25.1,,,,-27.1,,,,0.283,0.045,Biotechnology,"Celldex Therapeutics, Inc., a biopharmaceutical company, develops, manufactures, and commercializes novel therapeutics for human health care in the United States.",Healthcare,,2430.2,3.59,-116.5,-119.9,-118.1,28,10.5,248,0,211.7,1.93,,20.6,,104.4,95.2,89.4,80.4,67.4,63.3,1.01,-119.9,,4.34,,-118.1,,,-1.32,-1.32,-0.808,-1.32,-1.32,,0.427,,0.3,24.8,14.2,8.97,2.6,,2.59,,,,,-12.8,,0.362,0.69,1.87,3.01,2.79,-2.41,,,,1.17,,,-39.1,,,1.45,,0.062,,157,211.7,27.17,2.7,United States,3.59,-116.5,-118.1,2.72,-137,7.69,IQ9620565,270.9,0.16,,32.82,10.8,-98.3,0,,169.4,8.97,,319.8,61,99.7,,,,10.7,157,205,305.2,2.24,17.2,0.928,2.7,7.02,9.34,1,3.59,United States: 3.6 (100.0%),-6.07,-8.92,-17.6,-15.5,-31.3,-32.6,-37,-43.4,-58.1,-81.4,-6.07,-17.1,-17.8,-15.1,-47.5,-36.5,-2.53,-44.8,-59.1,-81.6,,,3.59,"Development, Manufacturing and Commercialization of Novel Therapeutics for Human Health Care: 3.6 (100.0%)"
Myriad Genetics Inc. (NasdaqGS:MYGN),NasdaqGS:MYGN,0.2819699268864671,0.2653055593875018,0.364,0.14483436745133332,0.17188130221838088,0.272,NA,0.08035428099855658,0.02329464671777105,2544.155903373058,844.52,119.32000000000002,192.32000000000002,60.65590337305798,23.03623188405797,23.09158530915853,21.314113308749576,3.5096646480522256,13.228764056640276,3.0125466577145104,12.446946689692066,210.01999999999998,9.148349167109162,2.074158540421516,173.7,1,63.3,110.4,2543.2,60.65590337305798,Biotechnology (Primary),Public Company,Common Stock,2543.2,133.36,0.008,0.034,0.058,0.337,0.846,0.809,71.1,1.01,-11.1,14,,1.8,,,,27.2,-0.769,6.48,7.51,15.6,0.934,2.46,4.59,17.8,-41.2,-37,0.158,0.229,0.015,Biotechnology,"Myriad Genetics, Inc., a molecular diagnostic company, focuses on the development and marketing of predictive, personalized, and prognostic medicine tests in the United States and internationally.",Healthcare,1991,2378.1,724.9,204.4,183.4,110.4,59.7,46.5,781.9,0,694.2,23.6,,341.7,,73.7,73.3,67.5,61.9,62.1,59.1,,183.4,,2.85,,173.7,63.3,,1.51,1.51,1.59,1.45,1.45,36.4,81.2,20.2,35,114.3,67.8,169.2,16.8,,,,,,-32,-1.66,26.2,6.25,6.25,10.8,11.5,11.2,61.6,,,-211.5,78.6,,,246,,-223.5,-7.2,-12,-26.7,,,694.2,35.76,,United States,778.2,300.9,176.2,774.7,229.3,28.57,IQ31822,1.58,0.41,-13,42.5,31.6,595,0,,71.6,56.9,,676,21.1,93.7,,,,42.7,1649,320.1,454.5,17.6,45.8,3.95,11.3,14.2,23.3,3,,,-43.4,-39.1,-52.3,-41.7,138.6,134,145,170.5,197.6,291.2,-41.2,-37.1,-42.2,-26.8,96.6,114.8,133.2,107.4,123.9,187.8,,,724.9,"Molecular Diagnostic Testing: 702.7 (96.9%);
Pharmaceutical & Clinical Services: 22.2 (3.1%)"
"Kite Pharma, Inc. (NasdaqGS:KITE)",NasdaqGS:KITE,NA,NA,0,-0.07425344748149021,-0.05504688361831218,NA,NA,0.01406652539784958,0.002031073221615256,2337.7732923575986,186.65800000000002,-19.959999999999997,-13.86,5.173292357598925,NA,NA,NA,NA,NA,12.524366983239927,NA,33.358000000000004,NA,NA,NA,1,NA,NA,NA,5.173292357598925,Biotechnology (Primary),Public Company,Common Stock,2541.9,58.44,,,,,,,42.5,0.83,,,,-0.385,,,,,,,,,,,,,,,9.4,14.21,11.16,Biotechnology,"Kite Pharma, Inc., a clinical-stage biopharmaceutical company, focuses on the development and commercialization of novel cancer immunotherapy products.",Healthcare,2009,2174.9,0,-25.6,-25.8,-31.9,209.3,2.09,370.8,0,362.6,1.67,,8.67,,17.1,12.6,6.3,5.09,1.81,,,-25.8,-6.27,0.15,,-31.9,,1.66,-2.33,-2.33,-1.38,-2.33,-2.33,,,,,,,,2.32,,1.27,,,,,,3.23,0.673,0.646,0.644,0.6,0.6,,,,,149.6,,50,-116.5,,,0.826,,,,,362.6,59.78,,United States,,-6.41,-6.37,83.9,-20,13.33,IQ128240703,,0.48,,89.21,21,,0,,22.4,,0.02,21.6,125.1,69.5,,,,,19,368.4,22.6,0.382,0.54,0.44,0.403,2.77,0.63,,,,,,,,,,,,-2.58,-6.43,,,,,,,,,-2.57,-6.37,,,,
"Clovis Oncology, Inc. (NasdaqGS:CLVS)",NasdaqGS:CLVS,-10.919117647058824,-6.833823529411766,0,-0.2013257083441643,-0.313751507840772,NA,NA,0.4713775730016775,0.10582341948638944,2311.4908281302496,461.64000000000004,-104.04,-92.94000000000001,295.6908281302493,NA,NA,NA,169.9625608919301,NA,5.007128559332487,NA,325.24,NA,2.4014408645187113,NA,1,NA,NA,NA,8.190828130249294,Biotechnology (Primary),Public Company,Common Stock,2498.5,83.4,0.001,0.024,0.05,0.142,1.28,1.98,34,0.734,,,,-7.83,,,,,,,,,,,,,,,2.73,5.47,2.77,Biotechnology,"Clovis Oncology, Inc., a biopharmaceutical company, focuses on acquiring, developing, and commercializing anti-cancer agents in the United States, Europe, and internationally.",Healthcare,,2303.3,13.6,-148.5,-148.9,-160,482.7,2.72,786.2,287.5,331.6,2.29,,21.5,,137.7,110.1,91.2,78.6,66.5,62.3,3.41,-148.9,-2.6,,,-157.7,2.31,,-4.72,-4.72,-2.73,-4.72,-4.72,,,,3.92,3.79,1.08,66.1,2.92,,,287.5,,,,,2.89,1.32,1.29,1.25,1.35,1.59,-23.7,,,,1.16,,287.5,,,,-1.37,,,2.91,136,331.6,73.45,1.4,United States,13.6,-148.5,-160,1.75,-296.1,11.11,IQ59220391,136.5,0.38,,83.46,35.3,13.6,0,,323.2,74.8,,497.9,24,67.6,,100,,2.18,136,491.2,328.6,4.42,16.5,0.05,1.4,4.16,37.69,3,,,,,,,,-5.96,-26.6,-47.6,-68.3,-80.9,,,,,,-25.6,-37.8,-55.6,-74,-84.5,,,13.6,"Acquiring, Developing and Commercializing Innovative Anti-Cancer Agents: 13.6 (100.0%)"
"Anacor Pharmaceuticals, Inc. (NasdaqGM:ANAC)",NasdaqGM:ANAC,-4.217391304347826,-3.364251207729468,0,-0.22077098655845795,-0.8748730964467005,0.114,NA,0.45289394290438434,0.026652676355791535,2431.430575019257,315.44000000000005,-68.94,-69.63999999999999,65.23057501925703,NA,NA,NA,117.46041425213802,NA,7.708060407745551,NA,192.64000000000001,NA,3.095877760053732,NA,1,NA,NA,NA,5.230575019257029,Biotechnology (Primary),Public Company,Common Stock,2382.2,85.49,0.006,0.004,0.063,0.333,0.342,1.57,43.4,0.527,,,,-1.38,,,,11.4,,,,2.1,,,,0.62,,,0,2.92,0.031,Biotechnology,"Anacor Pharmaceuticals, Inc., a biopharmaceutical company, focuses on discovering, developing, and commercializing novel small-molecule therapeutics derived from its boron chemistry platform.",Healthcare,2000,2296.2,20.7,-87.3,-87.8,-87.1,16,1.64,209,60,78.8,0.683,,28.4,,72.5,67.5,60.5,51.3,46.6,45.8,,-87.8,-4.52,0.32,,-97.4,-10.3,,-2.06,-2.06,-1.36,-2.06,-2.06,,5.71,2.52,1.72,7.4,5.76,,4.52,,1.47,60,,,,20.1,,,0.43,1.71,1.65,1.89,-2.94,,,,9.78,-30,90.5,-125,,,-0.188,-2.41,-4.38,11.2,100,78.8,54.85,1.5,United States,20.7,-87.3,-87.1,52.6,-54.1,14.29,IQ3451109,118.7,0.48,,58.08,13.2,-59.4,28,,114.8,,,121.4,29.5,75.2,,150.9,0,7.22,100,160.6,155.4,4.71,8.43,3.09,1.5,4.71,10.97,3,20.7,United States: 20.7 (100.0%),-5.18,-16.7,-19.4,-11.2,-21.3,-22.5,-9.49,-46.3,-53.2,-50,-5.19,-16.4,-19.6,-11.6,-21.6,-24.8,-10.1,-47.9,-56.1,84.8,,,20.7,"Discovering, Developing and Commercializing Novel Small-Molecule Therapeutics Derived from its Boron Chemistry Platform: 20.7 (100.0%)"
Dyax Corp. (NasdaqGM:DYAX),NasdaqGM:DYAX,-0.004492044063647491,0.06144430844553234,0,0.019042561262423156,-0.05330812854442348,0.17300000000000001,NA,0.4661767024782015,0.03923444783205367,2335.492923559466,263.62,-5.640000000000004,5.0199999999999925,92.39292355946621,NA,NA,NA,28.586204694730302,465.23763417519314,8.859316150365927,NA,95.02,NA,2.3093922651933703,NA,1,NA,NA,NA,10.192923559466205,Biotechnology (Primary),Public Company,Common Stock,2262.5,97.66,0.089,0.016,0.069,1.2,0.68,1.09,136.8,1.15,,-90.7,,-0.173,,,,17.3,,,,30.4,,,,18.8,,,0.005,1.41,0.155,Biotechnology,"Dyax Corp., a biopharmaceutical company, identifies, develops, and commercializes treatments for hereditary angioedema (HAE) and other plasma-kallikrein-mediated (PKM) disorders.",Healthcare,1989,2160,81.7,-0.367,-1.24,-11.9,19.4,4.63,217.1,82.2,105.8,0.553,,40.4,,35.9,30.1,29.9,27.9,29.7,30.6,,-1.24,-10.9,0.307,,-11.9,,,-0.089,-0.089,-0.056,-0.089,-0.089,,12.2,4.5,7.05,12.7,8.07,,0.999,,1.16,82.2,,,,51.5,3.67,1.68,1.76,1.7,1.69,1.61,7.96,,,,89.4,-0.931,,-122.6,,,4.19,1.2,-4.95,13.3,124,105.8,16.54,1.5,United States,81.7,-0.367,-11.9,92.9,,22.22,IQ27779,20,0.41,,18.07,6.05,39.2,82.4,,68.1,,,26.3,20.9,98.5,,,102.8,8.06,124,208.4,122.3,1.41,11.1,4.5,1.5,11.6,4.11,3,81.7,United States: 81.7 (100.0%),-26.9,-19.6,-39.4,-46.7,-47.3,-50.8,-14.2,-24.9,-17.4,-17.2,-33.1,-30.9,-50.3,-56.3,-66.5,-62.4,-24.5,-34.6,-29.3,-27.8,,,81.7,Novel Biotherapeutics: 81.7 (100.0%)
"Auspex Pharmaceuticals, Inc. (NasdaqGM:ASPX)",NasdaqGM:ASPX,NA,NA,0,-0.14728994340444054,-0.2911609287429944,NA,NA,0.13698455344828903,0.00871117190478808,2246.0251037035937,183.76,-36.366,-27.065999999999995,19.825103703594166,NA,NA,NA,NA,NA,12.222600694947724,NA,74.06,NA,2.138741134751773,NA,1,NA,NA,NA,5.225103703594168,Biotechnology (Primary),Public Company,Common Stock,2256,32.59,0.058,0.074,,2.77,3.13,,31.8,0.218,,,,-2.84,,,,,,,,,,,,,,,,4.32,2.84,Biotechnology,"Auspex Pharmaceuticals, Inc., a biopharmaceutical company, focuses on developing and commercializing novel medicines for the treatment of orphan diseases.",Healthcare,2001,2129.4,0,-50.2,-50.3,-59.6,29.8,0.177,151.1,14.6,124.9,0.221,,12.5,,37.7,24.8,16.4,11.7,10,9.43,,-50.3,-2.61,1.19,-4.27,-59.5,,,-2.68,-2.68,-1.56,-2.68,-2.68,,,,,0.253,0.076,,6.71,,,14.6,3.78,,,,0.319,1.25,1.21,1.18,1.14,0.86,-2.41,,,,152.3,,,-116,,,7.6,,,22.2,35,121.1,70.91,,United States,,-50.2,-59.6,0.4,-112.3,22.22,IQ44495162,,0.38,,88.21,14.8,,14.4,,36.7,,85.8,-64.9,19.3,49.7,,,102.8,0.413,35,150.7,36.9,1.37,2.13,,,1.99,10.3,1,,,,,,,,,,-5.97,-13.4,-13.2,,,,,,,,-2.81,-15.1,-15.6,,,,
"Tesaro, Inc. (NasdaqGS:TSRO)",NasdaqGS:TSRO,NA,NA,0,-0.3789480773116034,-1.1373086220789685,NA,NA,0.490476967000017,0.050869995204779334,2091.461118855257,296.98,-141.14,-112.53999999999999,119.46111885525717,NA,NA,NA,NA,NA,7.042430866911095,NA,314.28000000000003,NA,4.161245457400511,NA,1,NA,NA,NA,3.9611188552571686,Biotechnology (Primary),Public Company,Common Stock,2228.9,76.97,0.014,0.048,0.037,0.517,1.27,1.03,39.9,0.387,,,,-5.09,,,,,,,,,,,,,,,,4.2,2.52,Biotechnology,"TESARO, Inc., an oncology-focused biopharmaceutical company, identifies, acquires, develops, and commercializes cancer therapeutics and oncology supportive care products in the United States and internationally.",Healthcare,2010,2087.5,0,-142,-142.4,-171,256.9,1.02,263.9,115.5,124.1,1.01,,23.9,,118.4,107.5,99.7,87.3,75.7,72.5,,-142.4,-3.78,0.024,,-171,,,-4.79,-4.79,-2.56,-4.79,-4.79,,,,1.74,1.61,0.586,,6.09,,1.53,115.5,,,,,,,,0.849,1.7,1.7,-14.2,,,,102.7,,194.7,-24.9,,,4.22,,,13,108,124.1,55.91,1.53,United States,,-142,-171,8.72,-179.3,25,IQ106485352,,0.25,,62.25,22.2,,0,,130.3,,,123.2,37.1,71.1,,174.3,,0.944,108,258.6,134.3,1.87,10.5,0.013,1.53,3.73,18.82,1,,,,,,,,,-2.29,-14.9,-53.9,-90.5,,,,,,,-12,-16.4,-61.8,-92.4,,,,
"Ironwood Pharmaceuticals, Inc. (NasdaqGS:IRWD)",NasdaqGS:IRWD,-2,-2.134816753926701,0,-0.33483884212687326,-2.116252821670429,NA,NA,0.713284956363078,0.09061668395667173,2358.11761859485,487.09999999999997,-187.5,-163.09999999999997,220.4176185948496,NA,NA,NA,30.86541385595353,NA,4.841136560449292,NA,295.5,NA,3.752260397830018,NA,1,NA,NA,NA,43.11761859484962,Biotechnology (Primary),Public Company,Common Stock,2212,88.74,0.054,0.038,0.176,0.713,0.781,1.41,141.2,1.17,,2.6,,-0.552,,,,,,,,17.4,,,,5.08,,,0.017,5.17,3,Biotechnology,"Ironwood Pharmaceuticals, Inc., a pharmaceutical company, engages in the research, development, and commercialization of human therapeutic products.",Healthcare,1998,2141,76.4,-152.8,-165.2,-189.6,74.3,29.8,333.5,177.3,88.6,3.54,,117.1,,101.9,96.9,94.8,96.8,102.4,108.1,,-165.2,-21.2,0.257,,-189.6,,,-1.39,-1.39,-0.847,-1.39,-1.39,,0.01,4.95,,82.8,53,,9.75,,5,162.3,,,,234.1,,,0.635,16.2,15.6,14.3,1.64,,,,213.2,-2.23,,-53,,,1.43,-3.08,-23.7,11.8,464,88.6,15.67,10.2,United States,76.4,-152.8,-189.6,173,-67.5,15.79,IQ31498,92,0.41,,17.11,9.01,-48,178.9,,75.5,,,38.2,33.2,79.8,,98.7,,58.9,464,289.7,229.1,10.1,21.9,7.91,10.2,20,,3,76.4,United States: 76.4 (100.0%),,,-39.6,-57.6,-48.3,-60.8,-60.8,-66.1,-72.8,-252,,,-37.2,-52.8,-53.9,-71.2,-53,-64.9,-72.6,-272.8,,,76.4,Human Therapeutics: 76.4 (100.0%)
"Novavax, Inc. (NasdaqGS:NVAX)",NasdaqGS:NVAX,-2.5472312703583064,-1.9302931596091204,0,-0.14880548817541267,-0.25461672473867597,0.14,NA,0.09715279495465079,0.011247620159511517,2164.3065966388713,398.23800000000006,-58.46,-59.26,24.706596638871353,NA,NA,NA,70.49858620973522,NA,5.434706373170996,NA,199.94000000000003,NA,8.52939822275427,NA,1,NA,NA,NA,23.708596638871352,Biotechnology (Primary),Public Company,Common Stock,2171.9,62.1,0.013,0.013,0.093,0.51,0.605,1.24,264.2,4.25,,,,-0.445,,,,14,,,,148.3,,,,27.8,,,2.84,0.587,0.037,Biotechnology,"Novavax, Inc., a clinical-stage vaccine company, focuses on discovering, developing, and commercializing recombinant nanoparticle vaccines and adjuvants.",Healthcare,1987,2004.9,30.7,-78.2,-83.7,-82.9,32.3,19.7,276,0.998,229.6,7.27,,19.9,,79.4,65.3,60,55.6,50.3,43.6,,-83.7,-0.157,0.286,,-82.9,,,-0.367,-0.367,-0.231,-0.367,-0.367,,10.6,,7.86,31,11.3,54.6,12.9,,1.21,0.395,,,,46.6,10.4,2.56,2.5,2.91,4.93,4.9,-8.1,,,,117.8,-0.795,,-122.6,,,14,,-3.82,2.15,308,229.6,8.22,3.6,United States,30.7,-78.2,-82.9,40.6,,14.29,IQ350381,14.6,0.48,,9.95,3.34,-63.8,1.88,,119.5,58.7,,203.2,74.1,96.6,,,100,19.7,308,188.2,145,5.99,10.4,0.849,3.6,17,3.24,3,,,-34.9,-14.7,-21.1,-30.3,-34,-37.4,-38.5,-21.6,-29.7,-51.1,-25.9,-11.2,-23.1,-34.8,-34.5,-40.3,-35.7,-19.4,-28.5,-52,,,30.7,Developing Recombinant Vaccines: 30.7 (100.0%)
MannKind Corp. (NasdaqGM:MNKD),NasdaqGM:MNKD,NA,NA,0,-0.5337561030360851,NA,NA,NA,NA,0.09399565312480539,2243.7581915680476,356.38,-209.02,-190.22,222.25819156804735,NA,NA,NA,NA,NA,6.295971130725763,NA,329.08,NA,2.0071885356859447,NA,1,NA,NA,NA,0.35819156804733726,Biotechnology (Primary),Public Company,Common Stock,2142.3,28.22,0.076,0.072,0.031,1.74,1.6,1.02,408.8,8.06,,68,,-0.317,,,,,,,,,,,,,,,,34.19,0.223,Biotechnology,"MannKind Corporation, a biopharmaceutical company, focuses on the discovery, development, and commercialization of therapeutic products for diabetes in the United States.",Healthcare,1991,2243.3,0,-169.8,-179.6,-198.4,120.8,192.1,394.4,221.9,-73.8,24.1,,79.4,,101.1,112.5,120.1,109.8,110,106.2,,-179.6,-20.4,0.009,,-198.4,,,-0.515,-0.515,-0.324,-0.515,-0.515,,,9.67,15,310.3,118.2,,7.39,73,206.3,49.5,,,,,,,,0.013,0.013,0.348,-130.7,,,,40.1,,60,,,,3.62,-9.67,,11.5,287,-73.8,5.24,0.737,United States,,-169.8,-198.4,34,-73.9,13.33,IQ9282918,,0.34,,11.48,3.8,,250.3,,70.8,,,-30.7,17.2,65.8,,80.8,,0.399,287,201.2,76.3,3.86,15.6,6.05,0.737,21.5,4.53,1,,,-77.1,-116.7,-233.7,-305.8,-305.8,-209.8,-152.5,-118.2,-147,-169.4,-76,-114.3,-230.5,-293.2,-303,-220.1,-170.6,-160.8,-169.4,-191.5,,,,
"PTC Therapeutics, Inc. (NasdaqGS:PTCT)",NasdaqGS:PTCT,-3.857142857142857,-3.1174603174603175,0,-0.1724168202967255,-0.24442211055276383,0.317,NA,0.013017715730001657,0.0019074461020015196,2014.3370394052001,455.64,-72.96000000000001,-78.56,3.937039405200206,NA,NA,NA,79.93400950020636,NA,4.420895969197613,NA,206.84,NA,5.27886995776904,NA,1,NA,NA,NA,3.937039405200206,Biotechnology (Primary),Public Company,Common Stock,2060.1,90.18,0.02,0.008,,1.01,0.701,,32.9,0.441,,,,-5.04,,,,31.7,,,,,,,,-37.9,,,4.01,0.448,0,Biotechnology,"PTC Therapeutics, Inc., a biopharmaceutical company, focuses on the discovery, development, and commercialization of orally administered, small molecule drugs that target post-transcriptional control processes.",Healthcare,1998,1744.9,25.2,-97.2,-99.4,-93.8,49.7,9.16,333.2,0,298.5,4.66,,44.8,,79.8,68,63.1,59.5,54.9,49.3,,-99.4,,1.18,,-98.4,-4.69,,-2.97,-2.97,-1.95,-2.97,-2.97,,4.45,,,34.1,24.9,,4.13,,3,,,,,-27.2,,0.176,1.04,0.923,0.932,1.27,-13.6,,,,237.2,-0.049,,-140.5,,,16.9,,-3.49,,190,298.5,62.62,0.9,United States,25.2,-97.2,-93.8,27.4,-157.1,13.33,IQ1006484,98.4,0.36,,77.87,14.5,-54.6,0.049,,15.4,,,136.5,43.5,77.7,,,,4.39,190,323.6,145,1.12,10.4,1.56,0.9,3.43,25,3,25.2,United States: 25.2 (100.0%),-24.3,-24,,,,,,30.6,-26.8,-45.4,-23.6,-22.9,,,,,,30.9,-26.2,-51.6,,,25.2,"Discovery and Development of Orally Administered, Proprietary Small-Molecule Drugs: 25.2 (100.0%)"
Ultragenyx Pharmaceutical Inc. (NasdaqGS:RARE),NasdaqGS:RARE,NA,NA,0,-0.13338390543017892,-0.22679377822378324,NA,NA,0,0,2013.3,316.38,-45.2,-42.2,0,NA,NA,NA,NA,NA,6.3635501611985585,NA,117.08000000000001,NA,2.1730492226692495,NA,1,NA,NA,NA,0,Biotechnology (Primary),Public Company,Common Stock,2013.3,78.59,0.002,0.001,,-0.245,-0.249,,35.6,0.312,,,,-2.31,,,,,,,,,,,,,,,,9.28,8.69,Biotechnology,"Ultragenyx Pharmaceutical Inc., a clinical-stage biopharmaceutical company, focuses on the identification, acquisition, development, and commercialization of various products for the treatment of rare and ultra-rare diseases in the United States.",Healthcare,2010,1812.1,0,-56.1,-56.8,-59.8,,,,0,199.3,,,10.8,,46,40.7,34.6,30.5,27.8,23.4,,-56.8,,,,-59.8,,4.81,-2.25,-2.25,-1.3,-2.25,-2.25,,,,,,,,,,,,,,,,,,,,,,,,,,,,,,,,,,,,94,199.3,56.56,,United States,,-56.1,-59.8,0,-73.7,16.67,IQ117471985,,0.44,,64.99,32,,0,,7.43,,128.3,-74.8,17.5,76.3,,,,3.27,94,,55.2,1.44,4.41,0.078,,,,3,,,,,,,,,,-6.56,-16,-32.3,,,,,,,,-6.85,-16.3,-35.1,,,,
"Esperion Therapeutics, Inc. (NasdaqGM:ESPR)",NasdaqGM:ESPR,NA,NA,0,-0.23967871485943776,-0.22485029940119758,NA,NA,0.03910634129108703,0.0026973940684455627,1930.7372376684316,124.5,-30.039999999999996,-29.84,5.437237668431671,NA,NA,NA,NA,NA,15.50792961982676,NA,70.96000000000001,NA,NA,NA,1,NA,NA,NA,0.4972376684316698,Biotechnology (Primary),Public Company,Common Stock,2010.3,36.19,0.008,0.015,,0.594,0.767,,22.2,0.312,,-27,,-2.15,,,,,,,,,,,,,,,4.36,3.14,0.107,Biotechnology,"Esperion Therapeutics, Inc., a biopharmaceutical company, focuses on the research, development, and commercialization of oral and low-density lipoprotein cholesterol lowering therapies for the treatment of patients with hypercholesterolemia and other cardiometabolic risk markers.",Healthcare,,1909.4,0,-36.1,-36.2,-36.4,85,0.78,143.3,4.94,133.6,0.873,,10.9,,25.3,26.4,22.7,19.3,16,10.3,,-36.2,-0.27,,,-36.4,,,-2.22,-2.22,-1.39,-2.22,-2.22,,,,0.366,1.18,0.403,,2.04,,,4.3,,,,,,0.084,0.084,0.126,0.126,0.133,-0.282,,,,92.2,,4.84,-35.7,,,-0.299,,,10.9,21,133.6,90.65,0.3,United States,,-36.1,-36.4,0,,22.22,IQ28236,,0.48,,118.95,12.8,-25.3,0,,56.5,,,74.1,142.8,58,,101.3,0,0.101,21,106.8,60.6,2.23,1.97,,0.3,1.73,11.44,3,,,,,,,,,,-10.2,-10.2,-22.8,,,,,,,,-10.8,-11.7,-26.1,,,,
"INSYS Therapeutics, Inc. (NasdaqGM:INSY)",NasdaqGM:INSY,0.29941467807294014,0.3770283656010806,0.408,0.28118488939308,0.3484490042245021,NA,NA,0.0689402680590855,0.006112407517279765,1949.1692476384699,176.3,57.73799999999999,83.738,12.269247638469881,52.5,51.174403550952476,34.552634313623614,8.77608846302778,23.276997870004895,11.055979850473452,29.310815753961954,68.7,19.56997236584809,1.7919799498746867,64.2,1,26.2,38,1995,12.269247638469881,Biotechnology (Primary),Public Company,Common Stock,1995,39.96,0.079,0.015,0.047,1.63,0.947,1.87,35.5,0.5,12.7,26.8,,1.81,,,,,,,,,,,,,-5.94,96.6,,68.63,0.586,Biotechnology,"Insys Therapeutics, Inc., a specialty pharmaceutical company, develops and commercializes supportive care products.",Healthcare,,1912.1,222.1,66.5,64,38,58.1,29.9,215.1,0,165.7,22.2,,102.4,,33.1,23.4,18.1,10.8,8.5,6.01,,64,,0.151,,64.2,26.2,,1.11,1.11,1.17,1.04,1.04,40.8,26.5,34.8,4.61,38.8,8.92,,27.5,,,,,,93.7,123.7,5.16,1.8,1.77,1.99,2.06,1.9,6.82,,,,10.9,,,-47.6,,,50.4,-20.3,-10.2,,382,165.7,56.26,1.7,United States,222.1,66.5,38,305,121.8,28.57,IQ36367670,32.1,0.57,43.7,62.48,20.5,199.5,0,,45.4,,,79.5,14.3,31.4,,,,8.85,382,151,82.2,12.2,8.91,,1.7,3.85,15.14,3,222.1,United States: 222.1 (100.0%),-1.05,-2.62,-6.28,-16.7,-25,-13.5,-14,-17.4,-18,32.6,-1.11,-2.83,-7.01,-18.5,-27.2,-14.5,-13.7,-19.4,-24.4,40.4,,,222.1,Develops and Commercializes Innovative Supportive Care Products: 222.1 (100.0%)
Exact Sciences Corporation (NasdaqCM:EXAS),NasdaqCM:EXAS,-53.77777777777777,-56.04444444444444,0,-0.3140331216535923,-0.3473356401384083,-0.096,NA,0.025087651877318796,0.00371541205943079,1943.5369058987783,321.24,-100.38,-100.88,7.436905898778054,NA,NA,NA,1079.7427254993213,NA,6.05010865987666,NA,86.58000000000001,NA,5.440778256945141,NA,1,NA,NA,NA,3.676905898778054,Biotechnology (Primary),Public Company,Common Stock,1994.2,97.93,0.001,0.018,0.103,0.103,0.592,1.21,88.7,1.92,,25,,-1.66,,,,-9.6,,,,-17.7,,,,-24.4,,,,1.52,0.369,Biotechnology,"Exact Sciences Corporation, a molecular diagnostics company, focuses on developing non-invasive colorectal cancer screening products.",Healthcare,1995,1715.2,1.8,-96.8,-100.5,-100,58.1,19.9,311.6,3.76,289,12.5,,69.3,,28.7,30.4,28.3,27.6,27.7,31.4,,-100.5,-0.051,0.542,,-100,,,-1.25,-1.25,-0.779,-1.25,-1.25,,1.38,4.02,,26.4,6.44,,2.65,,0.554,3.4,,,,-56.6,,,0.704,0.763,1.23,1.31,-3.04,,,,242,-0.351,2.4,-105.3,,,1.89,-4.02,-1.38,1.69,236,289,22.49,1,United States,1.8,-96.8,-100,45.5,-137.9,20,IQ28311,875.9,0.43,,29.97,10.7,-2.53,1.71,,12.9,,,135.3,43.4,98.5,,,90.4,3.81,236,291.7,135.5,0.873,5.05,1.48,1,4.93,3.63,3,1.8,United States: 1.8 (100.0%),-18.2,-15,-13.5,-11,-9.37,-9.25,-11.8,-28.8,-52.6,-46.8,-18.5,-14.5,-12.9,-12,-9.74,-9.13,-11.6,-28.7,-52.4,-46.5,,,1.8,Detection and Prevention of Colorectal Cancer: 1.8 (100.0%)
"Portola Pharmaceuticals, Inc. (NasdaqGS:PTLA)",NasdaqGS:PTLA,-14.122533748701972,-10.824506749740394,0,-0.16958969186216769,-0.2982748706152961,NA,NA,0.027060819618316967,0.0048574718633873195,1933.9735266222483,614.6600000000001,-103.74,-104.24,9.67352662224829,NA,NA,NA,200.82798822660936,NA,3.146411880750737,NA,324.36,NA,3.1663134524169947,NA,1,NA,NA,NA,9.67352662224829,Biotechnology (Primary),Public Company,Common Stock,1981.8,84.27,0.15,0.076,,1.87,1.39,,51.3,0.368,,,,-4.72,,,,,,,,,,,,-50.2,,,0.071,0.405,0.054,Biotechnology,"Portola Pharmaceuticals, Inc., a biopharmaceutical company, develops and commercializes therapeutics for patients in the areas of thrombosis, other hematologic disorders, and inflammation.",Healthcare,2003,1672.6,9.63,-136,-137.6,-137.1,57.5,2.78,416.5,0,347.8,1.63,,23.6,,123.8,111.8,98.3,90.3,80.1,71.7,,-137.6,,,,-137.1,,,-3.19,-3.19,-1.99,-3.19,-3.19,,0.057,,2.6,10.5,7.7,,14.1,,1.07,,,,,-8.6,0.571,2.27,2.2,2.13,2.07,1.77,-13.8,,,,180.2,,,-137.5,,,10.8,,0.252,,99,347.8,38.66,1.2,United States,9.63,-136,-137.1,9.9,-228.8,6.67,IQ8057072,186.7,0.44,,43.63,19.6,-114,0,,117.8,,,296.3,25.1,88.1,,,,2.08,99,315.1,272.7,3.23,19.1,3.18,1.2,4.25,14.77,,9.63,United States: 9.6 (100.0%),,,,,,,-18.8,19.9,10.9,-84.1,,,,,,,-20.3,20,11.4,-83.4,,,9.63,Development and Commercialization of Novel Therapeutics: 9.6 (100.0%)
"FibroGen, Inc. (NasdaqGS:FGEN)",NasdaqGS:FGEN,NA,NA,0,-0.44002480510276404,NA,NA,NA,NA,0,1765.3,225.76,-99.34,-99.34,0,NA,NA,NA,NA,NA,7.819365698086464,NA,225.76,NA,0.5962159406333202,NA,0,NA,NA,NA,0,Biotechnology (Primary),Public Company,Common Stock,1765.3,27.48,,,,,,,59.1,0.266,,,,-1.47,,,,,,,,,,,,,,,,9.88,6.76,Biotechnology,"FibroGen, Inc., a research-based biopharmaceutical company, discovers, develops, and commercializes therapeutic agents to treat serious unmet medical needs.",Healthcare,1993,1718.4,,,,,,,,,,,,,,,129,111.5,96.3,85.7,74.2,,,,,,,,,,,,,,,,,,,,,,,,,,,,,,,,,,,,,,,,,,,,,,,,,,,29.85,,United States,,,,174.9,-85.2,18.18,IQ28484,7.94,0.48,,40.59,20.1,,115.1,27.9,76.3,,304.7,-225,4.21,81.7,,,,4.47,,,143.6,1.07,27.8,8.24,,,,,133.9,"Europe: 117.3 (87.6%);
Japan: 16.6 (12.4%);
All Other: .1 (.0%)",,,,,,,,,-27.2,-7.95,,,,,,,,,-32.6,-14.9,,,133.9,"Discovery, Development and Commercialization of Novel Therapeutics: 133.9 (100.0%)"
"Halozyme Therapeutics, Inc. (NasdaqGS:HALO)",NasdaqGS:HALO,-0.7981407702523241,-0.9694555112881806,0,-0.25698796029007953,-1.9227053140096622,NA,NA,0.5745859421481038,0.0312190408305773,1729.7169532973285,284.06,-79.60000000000001,-73,55.91695329732852,NA,NA,NA,22.971008675927337,NA,6.089266187767826,NA,254.16000000000003,NA,2.4781005071461504,NA,1,NA,NA,NA,6.016953297328524,Biotechnology (Primary),Public Company,Common Stock,1735.2,58.16,0.02,0.051,0.084,0.816,1.39,1.34,124.6,1.74,,,,-0.487,,,,,,,,40.7,,,,10.3,,,3.19,11.02,0.055,Biotechnology,"Halozyme Therapeutics, Inc., a biotechnology company, researches, develops, and commercializes human enzymes.",Healthcare,1998,1649.4,75.3,-60.1,-61.8,-68.4,61.4,2.95,166,49.9,41.4,1.37,,35.8,,79.7,80.9,86.7,96,96.6,94.3,,-61.8,-5.58,1.7,,-68.4,,,-0.557,-0.557,-0.335,-0.557,-0.557,,9.15,6.41,,12.2,9.22,,3,,,49.9,,,,37.5,,,0.082,2.16,2.14,2.13,2.58,,,,114.5,,,-31.6,,,-0.816,-0.236,-0.052,11.1,153,41.4,13.93,1.9,United States,75.3,-60.1,-68.4,93.8,-64.2,5.56,IQ7931206,28.4,0.51,,16.55,6.88,-26,49.8,,27.4,,,-20,17.2,64,,,100,8.34,153,161.3,95.2,3.14,14.4,7.4,1.9,6.35,9.18,3,75.3,"United States: 31.4 (41.7%);
Switzerland: 42.8 (56.8%);
All Other Foreign: 1.1 (1.5%)",-9.09,-13.6,-15.6,-28.2,-50.4,-58.5,-53,-19.8,-53.6,-80.4,-9.09,-13.3,-14.8,-23.9,-48.7,-58.4,-53.2,-19.8,-53.6,-83.5,,,75.3,"Research, Development and Commercialization of Our Proprietary Enzymes: 75.3 (100.0%)"
"AMAG Pharmaceuticals, Inc. (NasdaqGS:AMAG)",NasdaqGS:AMAG,0.1229903536977492,0.08536977491961409,0,0.011739216943382038,0.30030434782608695,NA,NA,0.5217033552351735,0.2284562775039004,2076.9462406121984,904.66,138.14,10.619999999999994,501.74624061219845,12.477908689248894,11.683293157797143,12.266541190097005,16.69570932968005,195.56932585802255,2.295830743718301,135.74812030145088,68.66,52.58091748385312,6.771909117733845,NA,1,NA,135.8,1694.5,6.4462406121984515,Biotechnology (Primary),Public Company,Common Stock,1694.5,89.73,0.013,0.064,0.002,0.529,1.19,0.184,29.6,0.524,3.74,,,4.51,,,,,,,,48.6,,,,26.6,,,,1.5,0.205,Biotechnology,"AMAG Pharmaceuticals, Inc. operates as a specialty pharmaceutical company that focuses on maternal health, anemia, and cancer supportive care.",Healthcare,1981,2045.6,124.4,15.3,8.28,135.8,119.3,1.52,1388.9,495.3,460,0.147,,72.9,,24.2,23,22.1,21.7,20.6,21.9,,8.28,-14.7,0.975,,-17.3,-153.2,,6.06,6.06,-0.152,5.45,5.45,,42.7,40.6,35.8,2.5,0.978,205.8,7.3,,2.67,461.3,,,,53.8,,,1.17,1.9,1.89,2.09,-0.133,,,,8.5,,527.5,162.7,,-595.6,10.7,-1.36,-0.651,8.52,257,460,57.29,1,United States,124.4,15.3,135.8,397.5,203.8,12.5,IQ247782,94.9,0.33,325.2,59.03,16.5,91.4,0,,27,,,172.4,45.9,83.1,,40.4,68.6,5.82,257,274,244.4,2.63,21.3,9.17,1,3,22.6,1,,,-6.33,-14.9,-30.8,-42.4,-79.6,-97.9,-80.8,-71.8,-12.9,-6.66,-6.1,-14.4,-28.6,-33.9,-71.6,-93.4,-81.2,-77.1,-16.8,-9.6,B,B,124.4,"Manufacture, Development and Commercialization of Products for Use in Treating Human Diseases: 124.4 (100.0%)"
"Spark Therapeutics, Inc. (NasdaqGS:ONCE)",NasdaqGS:ONCE,-37.06624605678233,-20.577287066246058,0,-0.8426559875985012,-0.25083333333333335,NA,NA,0,0,1616,15.482000000000006,-13.846000000000002,-13.046000000000001,0,NA,NA,NA,2548.8958990536275,NA,104.37927916289881,NA,34.882,NA,3.1941322607358336,NA,1,NA,NA,NA,0,Biotechnology (Primary),Public Company,Common Stock,1690.6,40.7,,,,,,,24.5,0.425,,,,-0.918,,,,,,,,,,,,,,,,3.02,1.55,Biotechnology,"Spark Therapeutics, Inc. focuses on the development of gene therapy products for patients suffering from debilitating genetic diseases.",Healthcare,2013,1698.5,0.634,-23.5,-23.5,-24.3,74.6,12.7,90.4,0,55.2,,,7.93,,16.2,13.1,9.75,5.88,,,,-23.5,,0.006,,-24.3,,0.707,-4.63,-4.63,-2.72,-4.63,-4.63,,,,,,,,2.68,,,,,82.4,,,,,,,,,-16.4,,,,,,,,,,,,,,50,-27.2,68.88,,United States,0.634,-23.5,-24.3,18.7,-29.4,25,IQ249341857,439.5,0.41,,77.65,40.2,0.634,0,,,,10,-6.63,21.6,88.3,,,,,50,77.4,4.86,,1.49,,,,,,,,,,,,,,,,,-8.73,,,,,,,,,,-68.7,,,,
Ophthotech Corporation (NasdaqGS:OPHT),NasdaqGS:OPHT,-1.9467312348668284,-1.0455205811138013,0,-0.09468052449239134,-0.41386811692726033,NA,NA,0.47361379474980847,0.0731249045755979,1770.1526120419194,456.06,-60.879999999999995,-43.17999999999999,132.3526120419195,NA,NA,NA,42.860838063969,NA,3.8814029119894737,NA,223.76,NA,2.0118025751072963,NA,1,NA,NA,NA,7.352612041919518,Biotechnology (Primary),Public Company,Common Stock,1677.6,59.09,0.002,0,,0.172,0.075,,34.2,0.284,,,,-4.58,,,,,,,,,,,,,,,0.014,0.031,,Biotechnology,"Ophthotech Corporation, a biopharmaceutical company, develops novel therapeutics to treat diseases of back of the eye.",Healthcare,2007,1339,41.3,-80.4,-80.5,-98.2,39.8,1.56,498.4,125,147.1,1.66,,33.4,,88.4,81.6,75.6,45.2,33.2,19.8,,-80.5,,0.217,,-80.3,17.9,,-2.95,-2.95,-1.51,-2.95,-2.95,,0.96,,0.293,1.86,0.302,,8.71,,,125,,,,,0.239,1.5,1.7,1.67,1.63,1.56,-10.3,,,,58.4,,83.3,-426.2,,,4.9,,,,72,147.1,49.09,1,United States,41.3,-80.4,-98.2,45.7,-123.1,28.57,IQ36274487,-23.4,0.41,,58.29,30.1,-47.1,41.7,,210.6,,,169.7,13.5,68,,,,4.31,72,473.6,217.4,3.81,2.49,,1,3.68,21.03,3,41.3,United States: 41.3 (100.0%),,,,,,,,-19.6,-13.7,-47.4,,,,,,,,-18.6,-14.6,-51.1,,,41.3,"Development of Novel Therapeutics to Treat Diseases of The Back of The Eye, with a Focus on Developing Therapeutics for Age-Related Macular Degeneration, or AMD: 41.3 (100.0%)"
"Radius Health, Inc. (NasdaqGM:RDUS)",NasdaqGM:RDUS,NA,NA,0,-0.33494047033356283,-1.1209448818897636,NA,NA,0.28796196550507097,0.015995602082548476,1576.980629297482,203.26,-71.17999999999999,-68.07999999999998,25.680629297482042,NA,NA,NA,NA,NA,7.758440565273453,NA,143.85999999999999,NA,2.2629446765413346,NA,1,NA,NA,NA,1.2806292974820421,Biotechnology (Primary),Public Company,Common Stock,1579.8,38.84,,,,,,,37.8,0.259,,3.98,,-2.39,,,,,,,,,,,,,,,6.5,1.35,0,Biotechnology,"Radius Health, Inc., a biopharmaceutical company, focuses on developing therapeutics for patients with osteoporosis and other serious endocrine-mediated diseases in the United States.",Healthcare,2003,1498.9,0,-59.3,-59.4,-62.5,28.5,0.842,108.4,24.4,63.5,0.857,,13.7,,45.7,45.6,47.3,53,60.5,65.5,,-59.4,-2.47,0.094,,-62.5,,9,-4.04,-4.04,-2.2,-4.04,-4.04,,,,,1.01,0.169,,2.29,,0.198,24.4,,,,,,0.186,0.313,0.305,0.296,0.328,3.47,,,,104,-13.2,24.6,-77.2,,,1.99,,,13.4,26,63.5,41.77,0.2,United States,,-59.3,-62.5,0,-81,30.77,IQ9913586,,0.48,,51.22,7.46,,13,,12.3,,252.8,-277.3,14.3,71.1,,,100,0.112,26,107.3,12.6,0.3,21.9,0.127,0.2,3.22,13.58,3,,,,,,,,-15.6,-15.3,-41.5,-64.1,-67.4,,,,,,-15.1,-14.6,-42.5,-69.1,-60.7,,,,
Ariad Pharmaceuticals Inc. (NasdaqGS:ARIA),NasdaqGS:ARIA,-1.4753320683111955,-1.7855787476280833,0,-0.6671866137266025,-2.358910891089109,0.642,NA,0.8683675978289723,0.25304922004318786,1753.73062731787,282.0799999999999,-190.6,-188.2,533.03062731787,NA,NA,NA,16.638810505862143,NA,6.217139206316897,NA,397.0799999999999,NA,6.196771323249014,NA,1,NA,NA,NA,376.13062731787,Biotechnology (Primary),Public Company,Common Stock,1573.4,62.86,0.226,0.02,0.055,1.86,1.39,1.49,187.5,7.38,,,,-0.978,,,,64.2,,,,66.2,,,,60.9,,,,3.49,2.09,Biotechnology,"ARIAD Pharmaceuticals, Inc., an oncology company, engages in the discovery, development, and commercialization of medicines for cancer patients.",Healthcare,1991,1377.6,105.4,-155.5,-160.2,-162.6,352.7,203,603.9,156.9,80.8,2.79,,139.8,,120.6,123.8,141.3,150.2,162.9,164.8,,-160.2,-8.08,0.085,,-162,0.63,,-0.87,-0.87,-0.542,-0.87,-0.87,,8.4,0.979,23.6,241.9,38.8,,10.8,,7.35,156.9,,,,131.4,351.4,35.6,37.5,33.7,15.5,13.9,3.17,,,,3.7,-9.1,200,4.77,,,-0.137,-0.56,-7.09,9.65,379,80.8,8.39,7.6,United States,105.4,-155.5,-162.6,151.6,-149.3,22.22,IQ25046,41.6,0.48,,9.19,4.9,100.2,9.1,,237.2,,,185.5,39,89,,127.5,0,105.9,379,385.6,244.9,11.4,40.5,16.2,7.6,10.1,10.09,3,105.4,"United States: 89.8 (85.2%);
Other Countries: 5.0 (4.8%);
Germany: 10.6 (10.0%)",-36.4,-57,-63.7,-60.7,-71.9,-72,106.6,-76.8,-200.3,-268.8,-35.6,-55.5,-61.9,-58.5,-71.1,-80,85.2,-123.6,-220.9,-274.2,,,105.4,Discovery and Development of Breakthrough Medicines: 105.4 (100.0%)
"Chimerix, Inc. (NasdaqGM:CMRX)",NasdaqGM:CMRX,-14.356435643564357,-10.103960396039602,0,-0.15894400747605322,-0.15229424617625634,NA,NA,0.02089695978322023,0.003835434870145351,1399.5607775900703,256.82000000000005,-41.81999999999999,-40.81999999999999,5.860777590070375,NA,NA,NA,346.4259350470471,NA,5.449578605988902,NA,106.42,NA,1.8394429115753514,NA,1,NA,NA,NA,1.5607775900703758,Biotechnology (Primary),Public Company,Common Stock,1522.2,86.61,0.008,0,,0.425,0.1,,41.1,0.592,,,,-2.42,,,,,,,,-12.4,,,,-30.6,,,,0.777,0.318,Biotechnology,"Chimerix, Inc., a biopharmaceutical company, discovers, develops, and commercializes oral antivirals to address unmet medical needs in the United States.",Healthcare,2000,1292,4.04,-58,-58.3,-59.3,128.5,1.31,291.9,4.3,274.6,1.02,,16.9,,45.4,36,28,26.2,24.7,24.7,,-58.3,-0.445,,,-59.3,,,-1.8,-1.8,-1.11,-1.8,-1.8,,0.106,,,2.68,1.37,,5.94,,,,,,,-7.55,,,0.128,0.516,0.511,0.541,-8.29,,,,231,-5.7,,-158.7,,,6.2,,0.142,1.6,76,274.6,37.05,0.4,United States,4.04,-58,-59.3,5.12,-106,6.25,IQ3280635,193.4,0.48,,43.41,14,-41.3,9.87,,110,,,98.5,11.2,91.2,,,349.2,1.14,76,237.5,113,2.21,2.42,,0.4,1.86,15.79,,4.04,United States: 4.0 (100.0%),,,,,,-13.5,-25.3,-25,-2.78,-26.7,,,,,,-13.3,-25.5,-25.6,-4.41,-36.4,,,4.04,"Discovering, Developing and Commercializing Novel, Oral Antivirals: 4.0 (100.0%)"
NewLink Genetics Corporation (NasdaqGM:NLNK),NasdaqGM:NLNK,0.6877172653534184,0.7465816917728854,0.126,1.101884747089326,0.5601570166830226,NA,NA,0.0235836488052509,0.0033024908062859724,1300.1224366435783,102.21,114.16000000000003,128.86,4.922436643578384,14.437317784256559,12.597506176201682,13.013314646110718,7.532574951585043,10.089418257361308,12.720109936831802,10.953011260687264,87.67999999999999,8.42048210261385,5.687937533656435,117.6,1,14.8,102.9,1485.6,3.792436643578384,Biotechnology (Primary),Public Company,Common Stock,1485.6,44.65,0.042,0.011,0.006,1.76,0.825,0.63,28.4,0.605,,,,-1.37,,,,,,,,184,,,,351.8,,,24.9,2.59,1.76,Biotechnology,"NewLink Genetics Corporation, a biopharmaceutical company, focuses on discovering, developing, and commercializing immunotherapeutic products to enhance treatment options for patients with cancer.",Healthcare,1999,1284,172.6,118.7,117.6,102.9,190.4,7.6,238.1,1.13,203.8,1.7,,19.3,,35.7,29.3,24.5,23.1,23,22.3,,117.6,-0.026,0.086,,117.6,14.8,,3.7,3.7,2.64,3.32,3.32,12.6,,,,12.6,4.96,,2.41,,0.084,0.929,,,,15690.7,0.048,0.425,0.425,0.979,0.979,1.32,4.09,,,-0.222,29.9,-0.187,0.097,-12.1,,,7.9,,-2.39,2.76,130,203.8,52.26,1.2,United States,172.6,118.7,102.9,20.1,-83.5,16.67,IQ9206677,152.9,0.44,,57.47,17.3,136.9,1.22,,61.3,,,58.3,33.8,72.5,,60.8,35,1.44,130,230.5,64,0.612,2.86,0.214,1.2,5.1,9.38,3,172.6,United States: 172.6 (100.0%),,,,-8.12,-9.09,-10.3,-16.7,-18.1,-23.3,-31.1,,,,-7.58,-8.84,-9.97,-16.2,-18.1,-23.3,-31.2,,,172.6,Preclinical and Clinical Research in The Biopharmaceutical Industry: 172.6 (100.0%)
"Acorda Therapeutics, Inc. (NasdaqGS:ACOR)",NasdaqGS:ACOR,0.15342465753424658,0.17155666251556662,0.369,0.051697687696260354,0.061965574680732924,NA,NA,0.3746153506687208,0.1818505987252341,1597.5482925871943,840.7199999999999,33.48,68.88,323.6482925871944,82.26553672316383,74.82086221073651,43.491636798088415,3.978949670204718,23.19320982269446,1.900214450217902,25.934225529012895,191.62000000000003,11.82493184742557,3.433830094086945,28,1,10.3,17.7,1456.1,32.64829258719439,Biotechnology (Primary),Public Company,Common Stock,1456.1,106.55,0.036,0.007,0.171,0.594,0.303,1.24,42.6,0.641,-27.7,30.5,,0.626,,,,,,,,49,-16.7,2.46,4.48,11.2,7.49,69.2,,2.05,1.2,Biotechnology,"Acorda Therapeutics, Inc., a biopharmaceutical company, identifies, develops, and commercializes novel therapies for neurological disorders in the United States.",Healthcare,1995,1439.5,401.5,61.6,53.1,17.7,182.2,46.1,1080.7,291,540.3,5.08,,194.6,,73.5,61.9,59.1,55.9,53.9,57.8,,53.1,-9.29,0.674,,28,10.3,,0.429,0.429,0.675,0.42,0.42,36.9,32.2,26.8,26.9,59.8,13.7,183,17.8,,,289.9,,,60.5,19.3,16.8,4.69,4.57,4.46,4.35,4.79,-9.63,,,,16,,345,187.4,,-476.2,13.2,-0.665,-1.43,5.75,489,540.3,34.2,6.2,United States,401.5,61.6,17.7,454.8,,4.76,IQ24246,13.3,0.51,,45.45,28.3,321.2,4.37,,48,,,440.4,20,97.9,,121.1,,18.5,489,409.1,367.3,15.9,37.6,42,6.2,7.79,29.05,3,401.5,United States: 401.5 (100.0%),-44.8,-34.4,-23.5,-39.4,-70.8,-81.3,-8.43,49.4,25.6,31.4,-44.7,-35.5,-24,-38,-74.3,-83.9,-11.8,30.6,155,16.4,,,401.5,"Identification, Development and Commercialization of Novel Therapies: 401.5 (100.0%)"
Ligand Pharmaceuticals Incorporated (NasdaqGM:LGND),NasdaqGM:LGND,0.36279069767441857,0.35227906976744183,0.0363,0.23381944901227972,0.5746721311475411,-0.0222,NA,0.8935299387657882,0.12539857037758884,1472.7724050606596,93.65,14.022000000000002,22.721999999999998,204.77240506065962,119.01666666666667,105.66666666666667,101.85422906860646,22.833680698614877,64.81702337209136,15.726347090877304,62.93899166925896,33.25,41.48654662142703,3.238341968911917,11.3,1,0.41,12,1428.2,8.57240506065964,Biotechnology (Primary),Public Company,Common Stock,1428.2,109.77,0.001,0.01,0.122,-0.111,0.456,1.2,19.6,0.35,96.3,30,,1.13,,,,-2.22,,,,10.6,7.37,333.6,97.3,29,5.29,29.6,,4.14,0.695,Biotechnology,Ligand Pharmaceuticals Incorporated operates as a biotechnology company in the United States.,Healthcare,1987,1455.2,64.5,23.4,20.7,12,160.2,0.486,258,196.2,24.4,0.006,,22.6,,12.1,11.2,10.6,9.94,9.27,9.38,,20.7,-4.86,,,11.3,0.41,,0.589,0.589,0.545,0.56,0.56,3.63,12.6,0.269,3.08,3.13,2.64,12.2,7.7,,9.47,195.9,-1.91,,25.3,31.8,,,0.373,0.737,0.772,7.16,6.31,,,-68,4.56,-9.37,245,1.35,,-3.49,-3.16,4.37,-10.4,5.97,19,26.3,72.95,0.7,United States,64.5,23.4,12,81.6,34.6,11.11,IQ30820,30.5,0.49,,79.61,42,43.3,9.11,,11.6,12.2,,49.6,18.5,84,,125,0,14,19,185.2,24.9,3.95,5.34,10.5,0.7,1.8,28.78,1,64.5,United States: 64.5 (100.0%),-46.7,-43.6,-81.5,-54.7,-27.2,-16.1,-11.4,0.254,1.22,16,-45.1,-36.4,-31.7,281.7,-98.1,-1.95,-10.4,9.72,-0.527,11.4,,,64.5,"Ligand: 27.2 (42.1%);
Cydex: 37.4 (57.9%)"
"Foundation Medicine, Inc. (NasdaqGS:FMI)",NasdaqGS:FMI,-0.7446808510638298,-0.8081833060556464,0,-0.48545025560361765,-0.560092807424594,NA,NA,0.2133890199311288,0.016457380024051126,1348.78402842591,101.72000000000001,-48.28,-49.379999999999995,23.384028425909865,NA,NA,NA,22.07502501515401,NA,13.259772202378194,NA,87.62,NA,1.5420393559928445,NA,1,NA,NA,NA,23.384028425909865,Biotechnology (Primary),Public Company,Common Stock,1397.5,45.87,0.003,0,,0.506,0.088,,29.1,0.333,,,,-2.07,,,,,,,,,,,,209.7,,,1.42,4.34,1.84,Biotechnology,"Foundation Medicine, Inc. provides various molecular information products in the United States.",Healthcare,2009,1325.4,61.1,-45.5,-53.3,-52.2,72.1,21,111.9,0,86.2,9.69,,56.3,,30.6,29.6,29.4,26.8,24.9,22.7,,-53.3,-0.042,,,-52.2,,,-1.87,-1.87,-1.17,-1.87,-1.87,,9.89,4.81,,38.4,17.4,,7.26,,1.9,,,,,110.7,5.35,4.59,4.46,4.33,4.27,4.25,6.37,,,,0.637,-1.29,,0.861,,,3.12,-3.05,-3.63,,293,86.2,47.97,2.41,United States,61.1,-45.5,-52.2,107.8,-55.2,28.57,IQ100846258,76.4,0.48,,54.28,18.3,33.6,1.5,,124.3,,,131.7,8.62,67.6,,,,17.8,293,89.6,133.3,7.01,5.05,2.21,2.41,2.79,10.82,3,61.1,"Outside United States: 8.7 (14.2%);
United States: 52.4 (85.8%)",,,,,,,,-15.8,-21.9,-41.8,,,,,,,,-17,-22.4,-42.9,,,61.1,Delivering Genomic Information about Cancer to Its Customers: 61.1 (100.0%)
"ZIOPHARM Oncology, Inc. (NasdaqCM:ZIOP)",NasdaqCM:ZIOP,-31.38686131386861,-37.007299270072984,0,-0.6291883842144451,-1.153846153846154,NA,NA,0.07956868365834356,0.0021973875573216358,1286.9219143893772,80.58000000000001,-39,-50.699999999999996,2.9219143893771227,NA,NA,NA,939.3590615980855,NA,15.970736093191574,NA,89.58000000000001,NA,NA,NA,1,NA,NA,NA,2.9219143893771227,Biotechnology (Primary),Public Company,Common Stock,1326.8,24.34,0.002,0.002,0.101,0.322,0.36,1.79,115.9,1.83,,,,-0.547,,,,,,,,,,,,27.2,,,15.38,2.83,0.642,Biotechnology,"ZIOPHARM Oncology, Inc., a biotechnology company, focuses on acquiring, developing, and commercializing cancer therapies.",Healthcare,,1284,1.37,-43,-43.5,-31.8,42.8,0.531,45.2,0,33.8,0.193,,12.2,,32.7,27.3,23.9,30.3,42.9,75.1,,-43.5,,,,-31.8,,,-0.314,-0.314,-0.196,-0.314,-0.314,,0.145,,,3.15,2.62,,2,,0.28,,,,,71.6,,,0.424,0.501,0.997,1.24,-3.84,,,-0.544,12,,,,,,1.58,,,,27,33.8,11.45,1.2,United States,1.37,-43,-31.8,0.533,-61.2,6.67,IQ11686323,-46,0.23,,14.4,2.31,-31.3,0,,68.2,,,49.4,66.2,66.4,,,,4.35,27,44.1,70.3,0.422,6.36,1.01,1.2,6.51,4.07,1,1.37,United States: 1.4 (100.0%),-5.71,-9.36,-19.1,-28.6,-25.6,-12.1,-24.5,-71.4,-100.9,-55.2,-5.69,-9.52,-17.9,-26.6,-25.2,-7.65,-32.7,-63.8,-96.1,-57.1,,,1.37,Licensing and Development of Proprietary Small Molecule Drug: 1.4 (100.0%)
Keryx Biopharmaceuticals Inc. (NasdaqCM:KERX),NasdaqCM:KERX,-9.805555555555555,-9,0,-0.6519989267507379,-1.3945578231292517,0.29600000000000004,NA,0.02952265252659925,0.0016965357469518382,1243.6359254096496,149.07999999999998,-102.5,-97.2,2.235925409649522,NA,NA,NA,115.15147457496755,NA,8.342070870738192,NA,149.88,NA,3.2112183628486735,NA,1,NA,NA,NA,2.235925409649522,Biotechnology (Primary),Public Company,Common Stock,1315.7,58.45,0.045,0.044,0.089,0.946,0.93,3.15,103.6,1.93,,,,-0.888,,,,29.6,,,,-12.9,,,,29.4,,,,1.85,0.752,Biotechnology,"Keryx Biopharmaceuticals, Inc., a biopharmaceutical company, focuses on providing therapies for patients with renal disease in the United States.",Healthcare,1997,1229.9,10.8,-105.9,-106.2,-111.5,74.3,1.53,103.6,0,73.5,1.49,,70.1,,51.5,56.1,47.8,44.7,34.7,29.2,,-106.2,,0.29,,-110.8,0.7,,-1.23,-1.23,-0.727,-1.23,-1.23,,0.834,7.83,4.09,2.72,1.18,3.21,24.1,,,,,,,54.6,,,,0.427,0.427,1.52,-2.41,,,,120.1,,,-11.5,,,10.1,-7.77,-0.834,,155,73.5,12.7,1.5,United States,10.8,-105.9,-111.5,47.3,-91.9,25,IQ416930,274.1,0.25,,18.48,10.9,10.3,0,,55.7,3.21,,45.4,16.9,80.5,,,,2.85,155,98.6,56.9,14,1.32,,1.5,5.13,9.32,1,10.8,United States: 10.8 (100.0%),-14.9,-29.2,-79.1,-94.6,-37.6,9.19,-21.2,-28.7,-27.1,-46.1,-32.9,-26.9,-73.8,-90.1,-52.9,10.5,-20.3,-28.1,-22.7,-46.7,,,10.8,Products: 10.8 (100.0%)
"Sage Therapeutics, Inc. (NasdaqGM:SAGE)",NasdaqGM:SAGE,NA,NA,0,-0.46037664783427484,-0.20054142739950775,NA,NA,0.005023436881137008,0.00047012555215794366,1181.3154486231224,53.10000000000001,-24.445999999999998,-24.445999999999998,0.6154486231224395,NA,NA,NA,NA,NA,22.24699526597217,NA,59,NA,2.4264424914023692,NA,1,NA,NA,NA,0.6154486231224395,Biotechnology (Primary),Public Company,Common Stock,1308.5,34.09,,,,,,,25.8,0.123,,,,-2.28,,,,,,,,,,,,,,,,4.71,0.023,Biotechnology,"Sage Therapeutics, Inc., a biopharmaceutical company, develops and commercializes novel medicines to treat life-threatening and rare central nervous system disorders.",Healthcare,2010,1180.8,0,-33.8,-33.8,-33.8,127.8,0.163,129.7,0,121.9,0.128,,9.71,,24.1,19.7,16.5,15.9,14.4,7.23,,-33.8,,0.008,,-33.8,,2.29,-1.67,-1.67,-0.979,-1.67,-1.67,,,,,0.309,0.146,,2.43,,,,,,,,,,,0.045,0.3,0.31,-4.73,,,,96.3,,,,,,0.441,,,,31,121.9,50.7,0.37,United States,,-33.8,-33.8,0,-64,11.76,IQ141821364,,0.48,,55.01,24.3,,0,,8.07,,37.7,-31.5,12.7,45.1,,,,1.13,31,128.8,8.41,1.99,0.327,,0.37,2,7.01,,,,,,,,,,,,-9.63,-18.3,,,,,,,,,-9.63,-18.3,,,,
"Merrimack Pharmaceuticals, Inc. (NasdaqGM:MACK)",NasdaqGM:MACK,-0.6128404669260701,-0.67704280155642,0,-0.17542090936586344,NA,NA,NA,NA,0.1027074850311348,1347.90677180404,396.76,-86.59999999999998,-69.59999999999998,142.1067718040402,NA,NA,NA,13.111933577860313,NA,3.3972849375038816,NA,414.36,NA,2.3358840112766814,NA,1,NA,NA,NA,21.9067718040402,Biotechnology (Primary),Public Company,Common Stock,1241.5,56.45,0.001,0,0.026,0.149,0.11,1.39,106.9,1.89,,,,-0.975,,,,,,,,116.7,,,,44.3,,,2.93,6.85,1.57,Biotechnology,"Merrimack Pharmaceuticals, Inc., a biopharmaceutical company, engages in discovering, developing, and preparing to commercialize medicines paired with companion diagnostics for the treatment of cancer primarily in the United States.",Healthcare,1993,1237.7,102.8,-63,-66.3,-83.3,35.7,14.5,158.7,120.2,-102.1,6.04,,30.5,,138.8,138.1,132.1,140.8,147.5,152,,-66.3,-18.2,0.114,,-83.6,,,-0.798,-0.798,-0.498,-0.798,-0.798,,3.31,,0.101,38.6,24.1,3.61,2.51,,1.77,106.8,0.069,,,115,,2.81,5.59,5.47,5.35,5.21,-51.7,-0.007,,,10.4,,1.04,0.024,,,-0.646,,2.59,15.3,306,-102.1,11.61,5.9,United States,102.8,-63,-83.3,92.8,-108.7,11.76,IQ1666001,35.1,0.25,,12.5,4.13,-35.7,111.7,0.337,65.1,3.61,,-43.5,11.6,90.2,,132.1,38.7,26.7,306,132.1,166.6,1.89,36.2,11.4,5.9,19.6,4.47,1,102.8,United States: 102.8 (100.0%),,,,,-43,-47.7,-49.4,-80.9,-92.7,-119.7,,,,,-45.6,-49.1,-50.1,-79.2,-91.3,-130.9,,,102.8,"Discovering, Developing and Preparing to Commercialize Innovative Medicines Consisting of Novel Therapeutics Paired with Companion Diagnostics: 102.8 (100.0%)"
"Kythera Biopharmaceuticals, Inc. (NasdaqGS:KYTH)",NasdaqGS:KYTH,NA,NA,0,-0.3549188156638013,-2.2057239057239055,NA,NA,0.3397374230765577,0.02410114407540769,1238.9642082954026,209.40000000000003,-131.01999999999998,-74.32000000000001,30.564208295402825,NA,NA,NA,NA,NA,5.916734519080241,NA,151.10000000000002,NA,3.8784744667097613,NA,1,NA,NA,NA,2.464208295402822,Biotechnology (Primary),Public Company,Common Stock,1237.6,79.73,0.025,0.037,0.001,0.682,0.947,0.278,25.7,0.249,,21,,-4.49,,,,,,,,,,,,,,,,5.94,3.79,Biotechnology,"KYTHERA Biopharmaceuticals, Inc., a clinical-stage biopharmaceutical company, focuses on the discovery, development, and commercialization of prescription products for the aesthetic medicine market in the United States and internationally.",Healthcare,2004,1166,0,-78.6,-78.9,-135.6,29.2,1.85,103.4,28.1,59.4,2.06,,31.1,,51.4,55.3,47.2,45,45.7,40.9,,-78.9,-4.16,0.26,,-135.6,,,-6.04,-6.04,-2.31,-6.04,-6.04,,,,,3.16,1.32,,4.69,,0.637,22.7,,,,,,,,0.629,1.06,0.962,-7.81,,,,1.4,-5.87,,-16.2,,,4.6,,,15.6,106,59.4,48.18,0.741,United States,,-78.6,-135.6,14,453.4,11.76,IQ23928419,,0.34,,56,29.5,,11.5,,111.5,,,149.8,19.2,86.5,181.2,,21.2,0.246,106,101.2,173.3,3.23,6.68,2.15,0.741,2.98,23.59,3,,,,,,,,-14.8,-17.6,-10.8,-35.9,-50.1,,,,,,-14.8,-16,-11.2,-36.8,-51.9,,,,
"Acceleron Pharma, Inc. (NasdaqGM:XLRN)",NasdaqGM:XLRN,-3.3767123287671232,-2.7109589041095896,0,-0.3400343642611684,-0.2583493282149712,NA,NA,0.08014991359526835,0.010988207099071801,1062.918992572914,116.4,-40.38,-39.580000000000005,13.618992572914113,NA,NA,NA,72.80267072417219,NA,9.13160646540304,NA,136.6,NA,1.2440854951868168,NA,1,NA,NA,NA,13.618992572914113,Biotechnology (Primary),Public Company,Common Stock,1225.8,70.89,0.005,0.002,,-0.337,-0.25,,32.6,0.27,,,,-1.07,,,,,,,,,,,,-43.5,,,14.01,1.02,0.085,Biotechnology,"Acceleron Pharma Inc., a clinical stage biopharmaceutical company, focuses on the discovery, development, and commercialization of protein therapeutics for cancer and rare diseases.",Healthcare,2003,1049.3,14.6,-49.3,-50.5,-51.3,176.5,3.09,186.3,0,156.3,0.514,,14.2,,50.9,46.5,42.8,39,36.1,35.5,,-50.5,-0.922,0.083,,-51.3,,,-1.63,-1.63,-0.917,-1.63,-1.63,,3.37,,,22.4,19.3,,0.724,,0.519,,,,,-74.4,,,2.95,3.94,3.94,4.11,1.08,,,,133.4,-16.3,,,,,-0.161,,0.249,,83,156.3,37.55,3.3,United States,14.6,-49.3,-51.3,36.2,,23.08,IQ9004482,67.2,0.46,,48.5,23.6,-5.96,16.9,,113.2,,,57.8,6.1,63.2,,,,19.5,83,182.3,119,0.885,6.93,2.53,3.3,3.21,9.57,3,14.6,United States: 14.6 (100.0%),,,,,,,,38.6,-28.9,6.95,,,,,,,,36.3,-32.6,-21.9,,,14.6,"Discovery, Development and Commercialization of Novel Protein Therapeutics for Cancer and Rare Diseases: 14.6 (100.0%)"
"Achillion Pharmaceuticals, Inc. (NasdaqGS:ACHN)",NasdaqGS:ACHN,NA,NA,0,-0.28475012926694304,-0.4347038327526132,NA,NA,0.01361643252647082,0.0016560465335282103,1122.4809312847265,220.474,-62.379999999999995,-62.78,1.9809312847266176,NA,NA,NA,NA,NA,5.091216793294114,NA,150.20000000000002,NA,4.9824150058616645,NA,1,NA,NA,NA,1.5069312847266176,Biotechnology (Primary),Public Company,Common Stock,1194.2,78.46,0.001,0.006,0.052,0.314,0.886,1.9,117.5,5.98,,,,-0.881,,,,,,,,,,,,,,,,0.199,,Biotechnology,"Achillion Pharmaceuticals, Inc., a biopharmaceutical company, discovers, develops, and commercializes anti-infective drug therapies in the United States and internationally.",Healthcare,1998,1041.8,0,-68.9,-69.4,-69,73.7,1.73,156.8,0.474,143.5,0.947,,15.9,,54.2,47.7,46.7,51.1,46.9,45.5,,-69.4,-0.037,0.455,,-69,,,-0.702,-0.702,-0.438,-0.702,-0.702,,,,0.387,7.47,5.74,,6.42,,,0.279,,,,,,0.084,0.084,0.415,0.415,0.638,-4.69,,,,52.3,-0.313,0.44,44.3,,,1.83,,0.385,19.2,68,143.5,10.16,2.81,United States,,-68.9,-69,7.5,-94.6,11.11,IQ120199,,0.48,,16.87,2.45,-53.5,0.347,,33.5,,,153,23.8,94.1,,,99.9,2.1,68,154.9,124.8,4.59,4.52,,2.81,9.49,6.88,3,,,-17.2,-12.7,-24.3,-29.6,-27.8,-25.3,-25.3,-44.3,-47.3,-59.5,-17.5,-13.6,-24.1,-28.1,-28.2,-25.9,-25.5,-44.2,-47.1,-58.9,,,,
"OvaScience, Inc. (NasdaqGM:OVAS)",NasdaqGM:OVAS,NA,NA,0,-0.3928150231334482,-0.8119349005424955,NA,NA,0.018545072363474642,0.0008855672939774438,1173.5349206304052,110.23,-44.9,-43.3,1.0449206304050978,NA,NA,NA,NA,NA,10.646238960631454,NA,61.34,NA,NA,NA,1,NA,NA,NA,1.0449206304050978,Biotechnology (Primary),Public Company,Common Stock,1178.9,62.08,0.1,0.041,0.002,2,1.23,-0.389,27.1,0.248,,22.8,,-2.48,,,,,,,,,,,,,,,,8.85,3.02,Biotechnology,"OvaScience, Inc., a life science company, engages in the discovery, development, and commercialization of new treatments for infertility.",Healthcare,2011,1118.7,0,-47.5,-47.9,-49.5,6.41,3.37,65.6,0,55.3,2.8,,26.1,,21.8,21.8,19.7,17.8,15.8,10.9,,-47.9,,0.745,,-49.5,,,-2.19,-2.19,-1.34,-2.19,-2.19,,,,,4.51,1.14,,2.52,,,,,,,,,,,0.173,0.292,0.646,-3.4,,,,51.7,,,-30,,,2.32,,,,52,55.3,43.47,0.6,United States,,-47.5,-49.5,13.3,-69,10.26,IQ141647006,,0.41,,55.69,5.51,,0,,18.1,,,41.7,85.4,86,,,,1.1,52,61.9,45.1,1.65,4.12,,0.6,3.63,16.01,3,,,,,,,,,,-3.5,-13.5,-28.8,,,,,,,,-3.5,-13.5,-29,,,,
"MiMedx Group, Inc. (NasdaqCM:MDXG)",NasdaqCM:MDXG,0.07808798646362099,0.07424703891708967,0.11800000000000001,0.12585659002959254,0.08842105263157896,NA,NA,0.05728000459256796,0.0046786055104156305,1113.1258999862475,61.501999999999995,7.896,8.776,5.425899986247384,185.57877813504822,178.08681672025725,146.18794326241135,9.417308798530012,126.83749999843295,18.099019543856258,120.59868905593147,18.802,68.37382678048203,0.9507926882093044,7.05,1,0.832,6.22,1154.3,5.425899986247384,Biotechnology (Primary),Public Company,Common Stock,1154.3,42.64,0.087,0.025,0.058,1.22,0.785,1.06,108.1,0.711,139.4,15,,0.147,,,,,,,,981.2,,,,147.9,,,,8.74,5.63,Biotechnology,"MiMedx Group, Inc. designs, manufactures, and markets products and tissue processing services in the United States.",Healthcare,,1102,118.2,9.23,7.1,6.22,46.6,5.45,109.3,0,89.3,2.56,,90.5,,7.05,6.59,5.86,4.99,4.84,4.59,0.928,7.1,-0.048,,,7.05,0.832,,0.059,0.059,0.042,0.05,0.05,11.8,26.7,5.13,,8.95,3.5,4.04,3.66,,0.716,,,,,99.8,,0.777,0.777,1.51,1.51,1.44,3.24,,,-5.61,3.58,-0.117,,-9.59,,,1.29,-1.25,-10.6,,386,89.3,10.68,1.13,United States,118.2,9.23,6.22,186.2,44.2,8.7,IQ35961030,44.3,0.38,87.9,11.97,4.88,105.6,0,,44.1,4.04,,73.6,4.39,91.3,,,,6.31,386,85.7,65.4,2.49,6.99,0.123,1.13,16.5,3.43,3,118.2,United States: 118.2 (100.0%),,,,,-12,-8.93,-10.5,-9.76,-1.99,-2.24,,,,,-13.7,-11.2,-11.4,-10.2,-7.66,-4.11,,,118.2,Regenerative Biomaterials: 118.2 (100.0%)
"PDL BioPharma, Inc. (NasdaqGS:PDLI)",NasdaqGS:PDLI,0.9390769230769231,0.9282051282051282,0.35700000000000004,0.46875704849363625,0.6998262380538662,0.17600000000000002,NA,0.49540000782280574,0.28289161141858943,1306.405880177515,620.6999999999999,322.2,452.5,452.00588017751477,3.5561762880198633,3.119386637458927,3.5561762880198633,2.6798069336974666,2.8870848180718562,2.1047299503423798,2.8536607255952706,0,2.8536607255952706,4.385582126025485,501.3,1,179,322.2,1145.8,0.3058801775147929,Biotechnology (Primary),Public Company,Common Stock,1145.8,93.64,0.07,0.088,0.053,0.682,0.768,0.516,162.8,2.92,-40.9,,,2.2,,,,17.6,11.2,8.78,8.96,8.91,17.4,9.6,9.88,10.4,21.8,12.6,,0.554,0.257,Biotechnology,"PDL BioPharma, Inc. manages a portfolio of patents and royalty assets in the United States and Europe.",Healthcare,1986,1303.8,487.5,457.8,452.5,322.2,291.4,0.062,962.4,451.7,460.4,0.049,0.6,34.9,,,,,,,,,452.5,-39.2,48.3,,501.3,179,,2.04,2.04,1.82,1.86,1.86,35.7,0.3,,3.73,9.24,9.18,,0.318,,0.386,276.2,,,12.4,12.9,,,,,0.101,0.221,53.7,,-96.6,,,-131.2,300,-138.1,,,0.031,,,8,10,460.4,7.04,0.2,United States,487.5,457.8,322.2,588.7,,20,IQ321244,-39,0.34,,10.26,6.52,487.5,395.3,,94.3,,,113.5,20.1,92.2,,105.7,0,0.134,10,355.9,107.7,0.287,4.12,7.74,0.2,0.058,5.41,3,581.2,"United States: 334.3 (57.5%);
Europe: 246.8 (42.5%);
Other: .1 (.0%)",-58.3,-32.9,155.5,183.9,242.9,297.1,303.6,343.7,349.1,402,-53.2,-166.6,-130,-21.1,68.4,189.7,91.9,199.4,211.7,264.5,NR,NR,487.5,Antibody Humanization Patents: 487.5 (100.0%)
"Emergent BioSolutions, Inc. (NYSE:EBS)",NYSE:EBS,0.21617418351477447,0.1976005332148412,0.308,0.06577165085064547,0.10979754157628345,0.184,0.209,0.3204224550810878,0.19432894427501488,1061.7351371763002,935.7600000000001,60.74000000000001,88.94000000000003,260.8351371763002,29.465940054495913,22.014843320505772,17.803753704313465,2.3588872187876033,11.937656140952326,1.134623340574827,10.91197468834841,412.06000000000006,4.279464478743653,1.0033290179397076,53.1,1,16.3,36.7,1081.4,9.835137176300158,Biotechnology (Primary),Public Company,Common Stock,1081.4,80.02,0.091,0.143,0.181,0.866,1.16,1.09,37.9,0.263,42.4,23,,0.582,12.3,17.5,20.9,18.4,3.36,6.45,13.2,13.9,16.9,24.9,31.7,18.1,18,27.7,10.22,7.76,0.194,Biotechnology,"Emergent BioSolutions Inc., a specialty pharmaceutical company, develops, manufactures, and commercializes specialized products for use in biodefense and commercial markets in the United States and internationally.",Healthcare,1998,1051.9,450.1,97.3,64.9,36.7,280.5,314,945.3,251,553.2,30.7,,119.1,,150.8,141.9,126.6,119.5,119.9,125.9,,64.9,-8.24,0.32,,53.1,16.3,,0.984,0.984,1,0.802,0.802,30.8,58.8,65.7,4.11,393.4,79.4,42,40.9,,8.73,251,,,39.5,43.9,0.904,1.7,1.81,1.95,2.2,2.56,21.6,,,-0.2,14.1,-62,242.6,,,-179.4,-9.28,4.23,21.4,1.87,1280,553.2,28.52,4.6,United States,450.1,97.3,36.7,470.4,,20,IQ13627017,13.3,0.44,,30.96,19.3,184,62,-0.453,179.3,14,,489.6,4.34,76.5,,99.6,,6.35,1280,432.2,273.1,27.5,25.9,3.26,4.6,3.88,19.93,3,,,13,37.9,38.5,33.1,29.9,47.5,77.3,33.3,36.6,50.8,11.5,15.8,22.8,22.9,20.7,31.1,51.7,23,23.5,31.1,,,450.1,"Biodefense: 370.5 (82.3%);
Biosciences: 79.6 (17.7%)"
Alder Biopharmaceuticals Inc. (NasdaqGM:ALDR),NasdaqGM:ALDR,0.17385740402193783,0.2003656307129799,0,0.10223880597014925,0.18699324324324323,NA,NA,0.02033853614314517,0.001138600254015055,1032.6290381770598,107.2,11.07,10.96,1.2290381770596266,121.01010101010101,116.33205504173247,97.39837398373984,18.878044573620837,94.21797793586312,9.632733565084513,108.58349507645214,94.8,24.064997394012114,0.999350769801521,8.91,1,0,8.91,1078.2,1.2290381770596266,Biotechnology (Primary),Public Company,Common Stock,1078.2,21.66,,,,,,,37.9,0.223,,,,-1.8,,,,,,,,,,,,35.8,,,,2.11,0.29,Biotechnology,"Alder BioPharmaceuticals, Inc., a clinical-stage biopharmaceutical company, discovers, develops, and commercializes various therapeutic antibodies in the United States and Australia.",Healthcare,2002,1022.3,54.7,9.51,8.8,8.91,46.8,1.16,64.4,0,59.2,0.649,,12.5,,33.4,29.8,31.7,30.4,31.9,32.4,,8.8,,0.044,,8.91,,,0.434,0.434,0.271,0.3,0.3,,0.113,,4.11,7.75,6.59,,1.91,,0.135,,,,,191,,,,0.109,0.639,0.563,20.6,,,,81,,,-9.09,,,-0.312,,0.203,,79,59.2,28.43,0.8,United States,54.7,9.51,8.91,0.692,-64.4,4.76,IQ23553064,-56.9,0.48,,32.3,9.5,39.6,0,,23.2,,111.4,-143.4,4.31,46.9,,,,1.85,79,60.7,25.5,2.22,2.13,18.7,0.8,2.49,4.36,,54.7,United States: 54.7 (100.0%),,,,,,,,-13.1,-17.8,-20.8,,,,,,,,-13.3,-17.8,-20.6,,,54.7,Pharmaceuticals: 54.7 (100.0%)
Sangamo Biosciences Inc. (NasdaqGS:SGMO),NasdaqGS:SGMO,-0.5664488017429194,-0.2623093681917211,0,-0.034406881376275254,-0.05730880929332041,0.426,NA,0.016831005723880087,0.003279574539930964,1072.4068139178494,349.93,-11.839999999999996,-12.04,3.5368139178492455,NA,NA,NA,23.36398287402722,NA,3.0646323948156757,NA,149.36,NA,2.0280956368034233,NA,1,NA,NA,NA,3.5368139178492455,Biotechnology (Primary),Public Company,Common Stock,1074.9,79.16,0.001,0.004,0.169,-0.199,0.399,2.13,69.2,0.933,,,,-0.58,,,,42.6,,,,15.6,,,,64.4,,,,2.7,1.71,Biotechnology,"Sangamo BioSciences, Inc., a clinical stage biopharmaceutical company, focuses on the research, development, and commercialization of engineered DNA-binding proteins as novel therapeutic products for unmet medical needs in the United States.",Healthcare,1995,895.9,45.9,-26,-26.6,-26.4,6.03,1.48,243.2,0,206.6,0.621,,15.7,,56.7,52.5,44.9,40.8,37,35.5,,-26.6,,0.364,,-26.4,,,-0.394,-0.394,-0.244,-0.394,-0.394,,10.4,,0.503,5.38,3.9,1.59,5.53,,0.488,,,,,90.1,,0.496,0.748,0.928,0.901,0.865,-3.3,,,,106.7,,,-100,,,4.32,,-7.21,,102,206.6,15.54,0.7,United States,45.9,-26,-26.4,66.6,-37,7.14,IQ412674,4.29,0.26,,19.25,9.39,-10.9,0,,10.2,1.59,,121.7,8.72,97,,,,3.37,102,190.9,97.3,3.02,4.43,2.68,0.7,8.01,8.9,1,45.9,United States: 45.9 (100.0%),-14.7,-13.7,-20.7,-24.8,-25.4,-19.4,-24.9,-35.8,-22.2,-26.6,-13.8,-13.3,-17.9,-21.5,-24.3,-18.6,-24.9,-35.8,-22.3,-26.6,,,45.9,"Research, Development and Commercialization of Engineered DNA-Binding Proteins: 45.9 (100.0%)"
"Zafgen, Inc. (NasdaqGS:ZFGN)",NasdaqGS:ZFGN,NA,NA,0,-0.18770793206093503,-0.21494252873563216,NA,NA,0.07217347066732227,0.007506817911688909,1023.7210335116066,114.22,-22.439999999999998,-21.439999999999998,8.121033511606736,NA,NA,NA,NA,NA,8.962712602973268,NA,60.36,NA,2.2189624662382417,NA,1,NA,NA,NA,0.5610335116067364,Biotechnology (Primary),Public Company,Common Stock,1073.7,38.74,,,,,,,26.9,0.128,,,,-3.01,,,,,,,,,,,,,,,,1.76,0.131,Biotechnology,"Zafgen, Inc., a biopharmaceutical company, focuses on the development of therapeutics for patients suffering from obesity and obesity-related disorders.",Healthcare,2005,965.8,0,-35.5,-35.5,-36.5,58.1,0.079,117.5,7.56,104.4,0.058,,8.14,,27.8,22.9,13,10.7,10.8,11.3,,-35.5,-0.87,0.028,,-36.5,,0.092,-3,-3,-1.87,-3,-3,,,,,0.129,0.05,,2.35,,,6.18,,,,,,,,0.139,0.235,0.229,-2.71,,,,102.7,,7.39,-57.3,,,0.815,,,11.3,23,104.4,39.98,0.16,United States,,-35.5,-36.5,0,,5.56,IQ29016215,,0.48,,55.36,16,,0,,35.5,,103.8,-68.6,9.53,64,,99.2,,0.064,23,117.2,37.4,2.02,0.9,,0.16,2.01,6.65,,,,,,,,,,,-13.2,-13.8,-13.8,,,,,,,,-13.2,-13.9,-14,,,,
"Karyopharm Therapeutics, Inc. (NasdaqGS:KPTI)",NasdaqGS:KPTI,-329.69432314410477,-222.96943231441045,0,-0.2545363908275174,-0.2469052224371373,NA,NA,0.03958652999517715,0.007968342936754674,919.123927098775,200.60000000000002,-51.059999999999995,-51.059999999999995,8.523927098774996,NA,NA,NA,4013.6416030514188,NA,4.581874013453514,NA,144.4,NA,1.048341500188466,NA,1,NA,NA,NA,8.523927098774996,Biotechnology (Primary),Public Company,Common Stock,1061.2,53.91,0.016,0.008,,1.21,0.821,,35.7,0.348,,-13.7,,-3.3,,,,,,,,,,,,14.6,,,,37.5,1.58,Biotechnology,"Karyopharm Therapeutics Inc., a clinical-stage pharmaceutical company, focuses on the discovery and development of drugs directed against nuclear transport targets for the treatment of cancer and other major diseases.",Healthcare,2008,855.5,0.229,-75.5,-75.8,-75.8,150.6,2.75,220.3,0,206.8,2.83,,15.9,,60.1,49.8,41.6,34.5,28.5,22.4,,-75.8,-0.001,0.097,,-75.8,,,-2.43,-2.43,-1.52,-2.43,-2.43,,,,,3.25,0.494,,6.29,,0.188,,,,,-40.8,3.89,1.46,1.44,1.41,1.34,0.784,-8.96,,,,113.1,,,-64.2,,,4.5,,,,71,206.8,29.74,0.52,United States,0.229,-75.5,-75.8,1.08,,21.43,IQ115373285,115.4,0.41,,49.01,23.9,-59.9,0,,156,,,154.9,4.45,56.2,,,,0.106,71,207.8,158,1.74,1.17,0.384,0.52,3.01,16.65,3,0.229,United States: .2 (100.0%),,,,,,,,-10.3,-15.9,-34,,,,,,,,-10.3,-15.9,-33.9,,,0.229,"Discovering, Developing and Commercializing Drugs to Treat Cancer and Other Major Diseases: .2 (100.0%)"
"Amicus Therapeutics, Inc. (NasdaqGM:FOLD)",NasdaqGM:FOLD,-55,-51.06557377049181,0,-0.25867796047168246,-0.5114566284779051,NA,NA,0.15007389453354936,0.020173583556042204,1045.4772051170673,240.84,-62.50000000000001,-62.300000000000004,21.577205117067248,NA,NA,NA,856.9485287844815,NA,4.34096165552677,NA,128.34,NA,4.055343511450381,NA,1,NA,NA,NA,7.177205117067248,Biotechnology (Primary),Public Company,Common Stock,1048,60.42,0.106,0.084,0.084,2.03,1.72,1.78,95.6,1.84,,,,-0.865,,,,,,,,-54.7,,,,-61.5,,,11.83,2.11,0.155,Biotechnology,"Amicus Therapeutics, Inc., a biopharmaceutical company, focuses on the discovery, development, and commercialization of medicines for various rare and orphan diseases.",Healthcare,2002,910.7,1.22,-67.1,-68.7,-68.9,24.1,2.81,210,14.4,122.2,0.238,,20.7,,47.6,41.1,39.2,39.9,41.9,43.9,1.55,-68.7,-1.48,0.223,,-70,-1.11,,-0.926,-0.926,-0.588,-0.926,-0.926,,,,,14.3,11.5,11.6,5.87,,0.341,10.5,,,,237.2,,0.297,1.78,1.77,2.04,2.03,-9.56,,,,139.5,-0.299,,-106.8,,,6.17,,1.08,10.6,97,122.2,10.96,2.4,United States,1.22,-67.1,-68.9,0.975,-77.4,5.56,IQ7009878,424.2,0.36,,13.2,1.77,-21.2,14.5,,43.6,11.6,,45.8,17,57.9,,,104.5,9.55,97,154.6,88.3,2.15,8.02,,2.4,10,5.02,3,1.22,United States: 1.2 (100.0%),-8.53,-20.8,-46.9,-45.8,-44,-5.83,-55.8,-50.3,-52.9,-61.7,-8.81,-20,-46.3,-41.2,-39.4,-6.57,-54.9,-44.4,-48.8,-59.6,,,1.22,"Development and Commercialization of Small Molecule, Orally Administered Therapies to Treat a Range of Human Genetic Diseases: 1.2 (100.0%)"
"Arena Pharmaceuticals, Inc. (NasdaqGS:ARNA)",NasdaqGS:ARNA,-2.597297297297297,-2.15945945945946,0,-0.3631818181818182,-0.7420718816067655,0.10400000000000001,NA,0.6324990442956953,0.07223944617539274,963.7071482830595,220,-35.10000000000001,-79.9,81.4071482830594,NA,NA,NA,26.046139142785393,NA,4.38048703765027,NA,265.2,NA,2.773792443806791,NA,1,NA,NA,NA,10.70714828305939,Biotechnology (Primary),Public Company,Common Stock,1045.5,48.58,0.003,0.014,0.003,0.314,0.662,-0.561,241.5,5.67,,67.1,,-0.535,,,,10.4,,,,28.9,,,,42.7,,,,0.489,0.204,Biotechnology,"Arena Pharmaceuticals, Inc., a biopharmaceutical company, discovers, develops, and commercializes novel drugs that target G protein-coupled receptors.",Healthcare,1997,953.1,37,-96.1,-105.3,-60.5,163.2,82.9,276.4,70.7,47.3,,,34.1,,100.3,91.6,81.6,73.4,66.5,61.4,,-105.3,-6.92,0.083,,-60.5,,,-0.275,-0.275,-0.313,-0.28,-0.28,,3.71,10.8,,174.9,92,,2.84,,32.4,,,,,-54.6,7.83,1.19,1.17,1.15,1.13,0.969,-4.43,,,,5.23,-2.06,,40.9,,,13.2,0.87,6.41,9.63,325,47.3,4.33,1.1,United States,37,-96.1,-60.5,43.3,-105.6,22.22,IQ25026,56.3,0.23,,7.24,3.26,-71.1,72.8,,221.9,,,91.9,11.6,99.5,,,,4.37,325,181.9,248.8,3.72,7.8,57.2,1.1,15.8,5.25,1,,,-57.8,-71.1,-92.8,-158.3,-235.9,-135.1,-96.4,-79.3,-57.1,-22.9,-58,-67.9,-86.2,-143.2,-237.6,-153.2,-124.5,-109.2,-85.5,-19.4,,,37,"Discovering, Developing and Commercializing Novel Drugs That Target G Protein-Coupled Receptors: 37.0 (100.0%)"
"Array BioPharma, Inc. (NasdaqGM:ARRY)",NasdaqGM:ARRY,-1.6132478632478633,-1.698717948717949,0,-0.44458114304887597,NA,0.011000000000000001,NA,NA,0.10604801540114525,1088.3379494765588,178.82,-89.4,-79.5,122.63794947655893,NA,NA,NA,23.25508439052476,NA,6.086220498135325,NA,154.22,NA,2.3094408976591216,NA,1,NA,NA,NA,16.037949476558943,Biotechnology (Primary),Public Company,Common Stock,1033.8,59.68,0.097,0.092,0.138,2,1.81,1.69,139.7,2.12,,,,-0.404,,,,1.1,,,,9.97,,,,-17.2,,,,1.33,0.023,Biotechnology,"Array BioPharma Inc., a biopharmaceutical company, focuses on the discovery, development, and commercialization of small molecule drugs to treat patients with cancer in North America, Europe, and the Asia Pacific.",Healthcare,1998,998.8,46.8,-75.5,-79.5,-89.4,68.1,8.07,163.6,106.6,-13.9,3.61,,26.1,,52.6,50.3,49.8,52.2,53.1,57.6,,-79.5,-9.96,0.059,,-89.4,,,-0.69,-0.69,-0.431,-0.69,-0.69,,4.88,,,,,,9.26,,28.8,106.6,,,,-26.5,,,,0.368,8.34,8.32,-29.3,,,,63.1,,,16.9,,,6.38,,0.832,9.61,,-13.9,7.4,,United States,42.1,-68.3,-85.3,32.1,-42.5,9.09,IQ25080,30,0.48,,8.59,2.98,-0.7,101.4,,47.2,,,-5.35,9.55,68.1,,127.2,14,25.3,198,150.8,128.5,3.96,14.4,19.9,5.23,10.2,4.84,3,46.8,"North America: 41.9 (89.6%);
Europe: 4.6 (9.9%);
Asia Pacific: .2 (.4%)",-24.8,-33.4,-48.1,-76.2,-109.5,-87.6,-39.6,-15.7,-27.5,-47,-24.3,-31.1,-45.3,-70.8,-128.4,-102.9,-54.1,-40.6,-38.9,-71.3,,,46.8,"Discovery, Development and Commercialization of Targeted Small Molecule Drugs: 46.8 (100.0%)"
Insmed Incorporated (NasdaqGS:INSM),NasdaqGS:INSM,NA,NA,0,-0.38113833837742855,-0.3752953813104189,NA,NA,0.13444284030390388,0.027444449644838137,894.6215525331411,204.85999999999999,-69.88,-78.08000000000001,28.92155253314094,NA,NA,NA,NA,NA,4.366989907903647,NA,152.95999999999998,NA,2.634403356425017,NA,1,NA,NA,NA,4.021552533140942,Biotechnology (Primary),Public Company,Common Stock,1024.9,83.31,0.048,0.027,0.007,1.38,1.08,0.478,50,0.729,,,,-2.11,,,,,,,,,,,,,,,,1.45,0.094,Biotechnology,"Insmed Incorporated, a biopharmaceutical company, focuses on developing and commercializing inhaled therapies for patients with serious lung diseases.",Healthcare,1999,890.5,0,-86.3,-87.4,-79.2,159.2,7.53,230.9,24.9,186.2,5.35,,31.1,,56.3,51.1,48,45.3,44.3,46.2,,-87.4,-2.42,0.058,,-89.6,-10.4,,-1.84,-1.84,-1.3,-1.84,-1.84,,,,,10.9,3.32,,9.25,,1.92,24.9,,,,,,0.718,0.762,0.741,1.14,1.11,-3.3,,,,110.4,-0.064,5,,,,3.31,,,11.1,89,186.2,20.5,1.3,United States,,-86.3,-79.2,3.53,-106.7,11.11,IQ29978,,0.54,,22.59,11.3,-33.5,19.7,,113.9,,,143.3,10.8,74.5,,,100.6,4.03,89,164.7,116.2,5.93,7.05,0.129,1.3,4.4,10.59,3,,,-27.4,-27.4,-47.3,-20.4,-14.4,-7.47,-3.29,-34.5,-40.2,-66.5,-27.2,-40.9,-56.1,-20,-15.7,118.4,-6.43,-59.7,-41.4,-56.1,,,,
Repligen Corporation (NasdaqGS:RGEN),NasdaqGS:RGEN,0.27716535433070866,0.19814173228346457,0.266,0.09848766129892289,0.06402864816472695,NA,NA,0.09631830574539733,0.011742188746557369,978.5054693927768,93.77000000000001,7.152000000000001,12.582,11.90546939277683,122.6438188494492,122.96145528558708,140.10067114093957,15.409534951067352,77.77026461554418,10.43516550488191,55.59690167004413,17.470000000000002,42.158787996242,2.4925149700598803,11.1,1,2.97,8.17,1002,11.90546939277683,Biotechnology (Primary),Public Company,Common Stock,1002,91.38,0.008,0.001,0.087,0.395,0.114,1.14,32.8,0.451,35.6,,,0.27,,,,,,,,,,,,29.4,-49.2,-40.9,,5.45,1.29,Biotechnology,"Repligen Corporation, a life sciences company, develops, manufactures, and markets consumable bioprocessing products for use in the production of monoclonal antibodies and other biologic drugs.",Healthcare,1981,943.6,63.5,17.6,13.6,8.17,35.4,14.5,128.3,0,111.7,5.6,,16.3,,5.61,5.7,5.48,6.36,7.34,8.26,,13.6,-0.05,0.309,,11.1,2.97,,0.251,0.251,0.27,0.25,0.25,26.6,8,12.4,0.944,28.3,13.8,14.2,3.86,,1.14,,,,-32.5,-6.78,4.41,1.42,1.44,1.93,2.42,2.42,-1.62,,,,1.68,,,7.05,,-21.2,2.29,-0.86,4.96,,136,111.7,30.57,2.74,United States,63.5,17.6,8.17,73.7,18.1,11.11,IQ33769,14.6,0.20,26.5,34.15,12.2,35.5,0,,39.8,0.994,,103.9,9.99,94.6,,,,9.59,136,80.9,86.4,1.72,6.06,3.52,2.74,1.23,8.31,1,63.5,"United States: 21.0 (33.0%);
Other: 5.7 (9.0%);
United Kingdom: 12.7 (20.0%);
Sweden: 24.1 (38.0%)",-4.55,-0.755,-2.49,-0.765,8.07,-7.22,-0.05,-3.62,11.4,23,-5.81,1.09,-1.6,40.2,5.24,-5.13,0.358,-3.64,14.2,16.1,,,63.5,Supplier of Critical Products Used to Manufacture Biologic Drugs: 63.5 (100.0%)
"Avalanche Biotechnologies, Inc. (NasdaqGM:AAVL)",NasdaqGM:AAVL,-42.30769230769231,-21.069930069930066,0,-0.5742328949876119,-0.08730434782608693,NA,NA,0.03291714070894879,0.0051999534017244855,819.1886151984903,20.987999999999996,-13.051999999999996,-12.051999999999996,5.088615198490243,NA,NA,NA,1432.1479286686895,NA,39.031285267700135,NA,30.888,NA,4.725218284540318,NA,1,NA,NA,NA,5.088615198490243,Biotechnology (Primary),Public Company,Common Stock,973.5,41.98,,,,,,,25.2,0.232,,,,-2.01,,,,,,,,,,,,,,,16.94,9.8,4.47,Biotechnology,"Avalanche Biotechnologies, Inc., a clinical-stage biotechnology company, focuses on discovering and developing novel gene therapies for the treatment of ophthalmic diseases based on its Ocular BioFactory platform.",Healthcare,2006,814.1,0.572,-24.2,-24.4,-25.4,159.4,1.09,161.9,0,149.5,0.943,,8,,17.1,10.7,5.59,3.21,2.95,1.31,,-24.4,-0.018,,,-25.4,,3.23,-2.46,-2.46,-1.35,-2.46,-2.46,,,,,1.28,0.19,,0.951,,0.02,,,,,19.2,0.403,1.2,1.16,1.13,1.1,0.826,-3.69,,,,127.9,,2,,,,-0.006,,0.008,,52,149.5,38.6,0.662,United States,0.572,-24.2,-25.4,0.577,,26.67,IQ207074711,-26.3,0.41,,62.48,22,-16.4,0,,0.564,,8.08,-8.21,18.4,56.2,,,,1.32,52,160.3,0.822,0.769,0.378,0.015,0.662,4.93,5.61,,,,,,,,,,,,-1.82,-2.65,,,,,,,,,-1.81,-5.28,,,0.572,Developing and Commercializing Gene Therapeutics: .6 (100.0%)
Genomic Health Inc. (NasdaqGS:GHDX),NasdaqGS:GHDX,-0.06093579978237215,-0.11635836053681538,0,-0.10493261808190502,-0.22735395189003435,0.9620000000000001,NA,0.08393463259649024,0.013531297770676819,955.5314602618416,305.71999999999997,-33.08,-32.08,13.331460261841725,NA,NA,NA,3.465837723111504,NA,3.1255117763373077,NA,189.92,NA,0.8411359193332648,NA,1,NA,NA,NA,13.331460261841725,Biotechnology (Primary),Public Company,Common Stock,971.9,46.37,0.004,0.038,0.023,0.157,0.632,0.431,32.2,0.15,,,,-0.564,,,,96.2,,,,13,,,,10.2,,,,2.26,0.79,Biotechnology,"Genomic Health, Inc., a healthcare company, provides actionable genomic information to personalize cancer treatment decisions in the United States and internationally.",Healthcare,2000,868.3,275.7,-16.8,-23.6,-24.6,29.7,21.9,185.9,0,145.5,10.5,,194.5,,56.1,66.9,66.8,67.4,66.3,55.5,,-23.6,,0.192,,-24.2,0.393,,-0.782,-0.782,-0.482,-0.782,-0.782,,34.9,,,67.8,45.9,,6.99,,2.32,,,,,5.39,,0.504,2.48,3.87,3.87,3.93,-3.29,,,,12,,,-3.89,,,0.985,,-5.47,,752,145.5,30.21,3.7,United States,275.7,-16.8,-24.6,299.4,-7.97,28.57,IQ2840617,11.2,0.31,,37.75,23.9,220.5,0,,33.3,,,145,3.27,48,,,,16.8,752,148.5,145,5.16,22.4,2.32,3.7,3.78,22.1,1,275.7,"United States: 230.7 (83.7%);
Outside of The United States: 45.0 (16.3%)",-25.3,-32.3,-31,-29.7,-17.5,-9.4,3.92,7.46,8.43,-11.8,-25,-31.4,-28.9,-27.3,-16.1,-9.41,4.29,7.85,8.25,-12.8,,,275.7,Development and Global Commercialization of Genomic-Based Clinical Laboratory Services: 275.7 (100.0%)
"MacroGenics, Inc. (NasdaqGS:MGNX)",NasdaqGS:MGNX,-0.7635983263598327,-0.42301255230125523,0,-0.13483595625500133,-0.16669414674361088,NA,NA,0.12426776351164144,0.01767008991626408,816.5126582600257,149.95999999999998,-20.22,-20.22,17.212658260025677,NA,NA,NA,17.081854775314344,NA,5.444869686983368,NA,186.26,NA,1.214860486989236,NA,1,NA,NA,NA,17.212658260025677,Biotechnology (Primary),Public Company,Common Stock,956.9,66.62,0.215,0.101,,2.27,1.66,,30,0.275,,-4.88,,-0.455,,,,,,,,,,,,-5.82,,,,3.63,2.7,Biotechnology,"MacroGenics, Inc., a clinical-stage biopharmaceutical company, focuses on discovering and developing monoclonal antibody-based therapeutics for the treatment of cancer, as well as autoimmune disorders and infectious diseases.",Healthcare,2000,799.3,47.8,-36.5,-38.3,-38.3,157.6,6.79,173.9,0,121.3,3.57,,15.9,,70.2,64.9,57.3,51.1,46.6,40.7,,-38.3,,,,-38.3,,,-1.4,-1.4,-0.874,-1.4,-1.4,,2.94,,,24.1,17.4,,1.67,,3.25,,,,,-17.6,0.116,1.87,4.4,4.5,4.36,3.95,5.9,,,-0.019,77.5,,,,,,-1.5,,-0.931,,211,121.3,31.93,2,United States,47.8,-36.5,-38.3,113.3,32.6,16.67,IQ600911,14.7,0.48,,39.9,17.3,-22.4,0,,116.5,,,78.9,4.65,84.3,,,,16.7,211,164.7,119.5,3.17,3.58,22.1,2,3.57,11.4,3,47.8,United States: 47.8 (100.0%),,,,,,,,5.25,8.21,0.366,,,,,,,,6.72,8.36,-0.261,,,47.8,"Developing Monoclonal Antibody-Based Therapeutics for Cancer, Autoimmune and Infectious Diseases: 47.8 (100.0%)"
"Coherus Biosciences, Inc. (NasdaqGM:CHRS)",NasdaqGM:CHRS,-2.0546623794212215,-0.7459807073954985,0,-0.22107871164474938,-0.6856287425149701,NA,NA,0.03514385976215634,0.0025635171475645877,798.7331190259446,104.94000000000001,-45.8,-23.200000000000003,2.4331190259444697,NA,NA,NA,25.68273694617185,NA,7.611331418200348,NA,188.54000000000002,NA,1.2437942325974436,NA,1,NA,NA,NA,2.4331190259444697,Biotechnology (Primary),Public Company,Common Stock,946.7,21.29,,,,,,,33.3,0.219,,,,-2.94,,,,,,,,,,,,,,,15.03,16.58,4.25,Biotechnology,"Coherus Biosciences, Inc., a late-stage clinical biologics platform company, focuses on developing and commercializing biosimilar products worldwide.",Healthcare,2010,796.3,31.1,-63.9,-64.5,-87.1,150.4,4.47,187.2,0,66.8,2.85,,17.4,,85.3,64.3,50.2,37.9,32.6,35,,-64.5,-3.9,,,-87.2,,,-10.6,-10.6,-6.4,-10.6,-10.6,,2.42,,4.03,5.76,1.29,0.943,8.81,,5.76,,-0.044,,,1030.7,,,,0.404,1.12,1.08,20.3,,,-0.002,85.5,,,-0.01,,2.33,5.27,,-2.14,,66,66.8,28.41,0.763,United States,31.1,-63.9,-87.1,1.25,,7.14,IQ206928583,29.9,0.34,,33.3,12.3,-27.8,4.2,,39.6,,54.7,-97.1,4.71,34.4,,,,1.56,66,179.1,45.7,3.3,7.64,38.6,0.763,5.77,2.91,,31.1,"United States: 28.5 (91.6%);
Rest of World: 2.6 (8.4%)",,,,,,,,,-38.5,-36,,,,,,,,,-33,-53.6,,,31.1,Developing and Commercializing Biosimilar Products and Small Molecules: 31.1 (100.0%)
"Orexigen Therapeutics, Inc. (NasdaqGS:OREX)",NasdaqGS:OREX,-0.5477477477477477,-0.6212612612612612,0,-0.19217478541968566,-1.8600896860986544,NA,NA,0.7951817507157695,0.0849229708125586,915.2770169549385,179.42,-41.48,-34.48,86.57701695493856,NA,NA,NA,16.491477782971867,NA,5.101309870443309,NA,177.42,NA,NA,NA,1,NA,NA,NA,2.6770169549385523,Biotechnology (Primary),Public Company,Common Stock,932.9,84.51,0.065,0.049,0.14,1.67,1.27,2.47,123.7,4.01,,20,,-0.515,,,,,,,,263.1,,,,132.8,,,,0.764,0.047,Biotechnology,"Orexigen Therapeutics, Inc., a biopharmaceutical company, focuses on the development of pharmaceutical products in the United States.",Healthcare,2002,811.3,55.5,-30.4,-30.5,-37.5,104.2,0.857,213,83.9,22.3,0.246,,28.6,,57.4,59.9,62.2,58.6,56.7,69.5,,-30.5,-7.08,0.088,,-37.5,,,-0.317,-0.317,-0.198,-0.317,-0.317,,2.57,1.2,0.547,2.92,2.06,,4.24,,,83.9,,,,1519.6,,,,0.742,1.09,1.05,-2.36,,,,2.73,,,-23.2,,,2.11,-1.2,-2.49,8.62,49,22.3,7.54,0.911,United States,55.5,-30.4,-37.5,35.4,-86.9,10,IQ8591867,8.09,0.39,,9.37,3.11,8.55,80,,98.1,,,41.9,73.2,93,,137.1,,3.7,49,211.3,178.3,4.79,14.6,3.43,0.911,18,3.59,3,,,-7.74,-12.8,-28.4,-60.8,-94.8,-65.5,-51.4,-23.9,-90.2,-77.2,-7.69,-12.1,-27.5,-57.8,-93.2,-66.6,-51.9,-28.1,-90.1,-77.7,,,55.5,Development of Pharmaceutical Product Candidates for the Treatment of Obesity: 55.5 (100.0%)
"Atara Biotherapeutics, Inc. (NasdaqGS:ATRA)",NasdaqGS:ATRA,NA,NA,0,-0.17088666073506262,-0.1916143410852713,NA,NA,0.0069002634153960294,0.0008035877485011856,870.4170550532194,116.888,-19.7746,-19.9746,0.7170550532194251,NA,NA,NA,NA,NA,7.446590369013238,NA,35.588,NA,0.7178106774338268,NA,1,NA,NA,NA,0.7170550532194251,Biotechnology (Primary),Public Company,Common Stock,891.6,26.67,,,,,,,24.4,0.115,,,,-1.91,,,,,,,,,,,,,,,11.29,9.48,4.38,Biotechnology,"Atara Biotherapeutics, Inc., a clinical-stage biopharmaceutical company, focuses on developing therapeutics for the treatment of muscle wasting conditions and oncology.",Healthcare,2012,787.5,0,-28.2,-28.2,-28,21.9,0.048,106.1,0,103.2,0.046,,12.7,,15.4,12.7,10.1,7.49,4.86,0.723,,-28.2,,0.125,,-28,-0.025,,-5.62,-5.62,-3.51,-5.62,-5.62,,,,,,,,0.44,,,,,,,,,,0.042,0.14,0.313,0.278,0.517,,,,56.8,,,-83.3,,,-0.164,,,,18,103.2,36.6,0.103,United States,,-28.2,-28,0,-47.8,14.29,IQ248196818,,0.48,,41.74,10.1,,0,,51.6,,61.1,-11,2.56,41.6,,,,0.056,18,106,51.8,0.606,0.763,0.155,0.103,0.624,13.69,,,,,,,,,,,,-3.23,-8.62,,,,,,,,,-12.3,-8.77,,,,
"Hyperion Therapeutics, Inc. (NasdaqGS:HPTX)",NasdaqGS:HPTX,0.31954225352112675,0.34862676056338027,0,0.4135928819081833,0.01629179331306991,NA,NA,0.14158753086001272,0.02386335171904164,806.8062539641874,95.756,2.144,39.604,21.706253964187315,NA,NA,414.1324626865671,7.102167728557988,20.37183754075819,8.425646998247498,22.226067602319212,48.856,14.154495683582235,7.686676427525622,NA,1,NA,NA,NA,3.606253964187313,Biotechnology (Primary),Public Company,Common Stock,887.9,64.51,0.025,0.033,0.009,0.575,0.851,0.663,20.8,0.174,,,,0.636,,,,,,,,,,,,,,,,1.32,0.321,Biotechnology,"Hyperion Therapeutics, Inc., a biopharmaceutical company, focuses on the development and commercialization of therapeutics to treat orphan diseases in the United states, Canada, and internationally.",Healthcare,2006,768.8,113.6,36.3,31.2,-6.26,102.8,1.12,180.4,18.1,131.6,0.654,,47.2,,20.7,17.4,12.8,11.4,9.98,9.9,4.63,31.2,-1.6,0.555,-30.2,-5.95,0.303,,-0.306,-0.306,0.911,-0.31,-0.31,,14.9,4.62,0.3,1.76,0.64,,4.67,,14.8,18.1,,,,169.1,,0.766,0.845,0.821,0.82,0.797,-3.14,,,,2.58,-8.15,18,-0.28,,-14,-1.86,-1.38,-10.5,5.64,80,131.6,42.74,0.8,United States,113.6,36.3,-6.26,125.8,,9.09,IQ36536184,11.6,0.41,,45.4,20.2,103.8,8.27,,74.2,,,119.7,27.3,64.3,,,88.3,3.8,80,159.4,111.6,2.29,6.63,5.56,0.8,3.07,14.62,3,113.6,"United States: 103.3 (90.9%);
Canada: 3.7 (3.3%);
Rest of The World: 6.6 (5.8%)",,,,,,-13.4,-26.6,-26.2,-28.5,-12.8,,,,,,-13.6,-25.5,-29.4,-32.3,16.6,,,113.6,Development and Commercialization of Novel Therapeutics: 113.6 (100.0%)
Regulus Therapeutics Inc. (NasdaqGM:RGLS),NasdaqGM:RGLS,-5.658409387222947,-4.795306388526727,0,-0.15948313242563525,-0.3680303030303031,NA,NA,0.16681259964162123,0.030164258563239472,838.8277437983614,230.62,-48.580000000000005,-36.78,26.4277437983614,NA,NA,NA,109.36476451086851,NA,3.6372723258969795,NA,112.52,NA,1.6505825585500764,NA,1,NA,NA,NA,3.027743798361402,Biotechnology (Primary),Public Company,Common Stock,849.7,50.27,0.109,0.059,0.004,4.95,2.89,1.01,50.5,0.644,,,,-0.94,,,,,,,,,,,,-17.8,,,43.93,1.38,0.164,Biotechnology,"Regulus Therapeutics Inc., a biopharmaceutical company, focuses on the discovery and development of drugs that target microRNAs for the treatment of various diseases in the United States.",Healthcare,2007,713.3,7.67,-43.4,-44.9,-56.7,37.3,3.57,171.5,23.4,132,1.15,,11.5,,41,38.8,35.7,32.7,29.9,27.3,,-44.9,-0.039,0.388,,-56.7,0.001,,-1.29,-1.29,-0.632,-1.29,-1.29,,0.274,,,8.72,5.15,,2.19,,,,,,,-60.8,,,,0.681,1.32,1.25,0.606,,,,88.4,,,-28.1,,,0.94,,-0.196,0.188,83,132,16.82,0.7,United States,7.67,-43.4,-56.7,15.9,-18,8.33,IQ36742485,60,0.38,,25.6,5.4,-33.4,11.3,,17.8,,,93.5,5.61,45.3,,100,,4.04,83,165,117.2,1.17,4.31,4.89,0.7,6.64,6.95,1,7.67,United States: 7.7 (100.0%),,,,,,,-15.5,-7.14,-12.6,-17.8,,,,,,,-15.6,-7.6,-17.4,-18.7,,,7.67,Discovering and Developing First-In-Class Drugs: 7.7 (100.0%)
Raptor Pharmaceuticals Corp. (NasdaqGM:RPTP),NasdaqGM:RPTP,-0.5611510791366906,-0.39539568345323745,0,-0.20849772382397574,-0.8155419222903886,NA,NA,0.7274705412301149,0.13607802540107322,809.6301438850674,131.8,-39.88,-27.480000000000004,130.53014388506733,NA,NA,NA,11.64935458827435,NA,6.14286907348306,NA,112.50000000000001,NA,9.53300349945698,NA,1,NA,NA,NA,10.530143885067343,Biotechnology (Primary),Public Company,Common Stock,828.7,68.01,0.009,0.008,0,0.521,0.482,-0.01,69.2,0.763,,,,-0.92,,,,,,,,,,,,,,,5.24,1.19,0.055,Biotechnology,"Raptor Pharmaceutical Corp., a biopharmaceutical company, focuses on developing and commercializing life-altering therapeutics that treat debilitating and often fatal diseases.",Healthcare,2005,799,69.5,-39,-40.1,-52.5,149.6,5.88,189.1,120,48.9,5.09,,56.7,,43.5,37.4,35.2,30.3,29.2,22.3,,-40.1,-14,0.076,,-52.5,0.054,,-0.831,-0.831,-0.542,-0.831,-0.831,,7.46,9.13,1.56,7.25,1.37,3.28,2.55,,0.711,111,,,,311.9,3.33,1.93,1.87,1.9,1.87,1.55,18.8,,,,53,,70,-1.06,,,-2.71,-6.13,-1.27,10.4,123,48.9,11.97,1.3,United States,69.5,-39,-52.5,88.2,,7.14,IQ27369115,26.9,0.38,,12.2,7.12,60.1,50,,83.1,3.28,,28.6,31.6,93.6,,50,50,4.15,123,171.6,96.3,5.26,13.1,11.8,1.3,8.86,7.71,1,,,,,-1.82,-4.18,-9.03,-9.72,-14.5,-23.8,-41.1,-51.9,,,-1.75,-4.33,-9.01,-9.7,-26.1,-38.5,-40.6,-69.4,,,69.5,Developing and Commercializing Life-Altering Therapeutics: 69.5 (100.0%)
"Otonomy, Inc. (NasdaqGM:OTIC)",NasdaqGM:OTIC,NA,NA,0,-0.29171537996371705,-0.209921875,NA,NA,0.007796253054307789,0.0014591993548601092,687.3069138751268,99.21999999999998,-32.244,-28.944,1.206913875126921,NA,NA,NA,NA,NA,6.927100522829338,NA,85.42,NA,0.7204262017193365,NA,1,NA,NA,NA,1.206913875126921,Biotechnology (Primary),Public Company,Common Stock,825.9,37.85,,,,,,,24.1,0.203,,,,-3.01,,,,,,,,,,,,,,,,18.19,0.091,Biotechnology,"Otonomy, Inc., a clinical-stage biopharmaceutical company, focuses on the development and commercialization of therapeutics for the treatment of diseases and disorders of the ear in the United States and Canada.",Healthcare,2008,669.8,0,-39.4,-39.6,-42.9,139.8,1.26,159.2,0,153.6,0.782,,7.84,,31.8,31.3,27.4,22.2,16.3,8.52,,-39.6,-0.039,,,-42.9,,0.035,-5.46,-5.46,-3.41,-5.46,-5.46,,,,0.826,2.26,0.999,,1.71,,0.086,,,,,,,,0.007,0.16,0.571,0.552,-2.76,,,,104.2,,,-16.1,,,-0.309,,,,38,153.6,34.23,0.4,United States,,-39.4,-42.9,0,-71.9,21.43,IQ60978778,,0.38,,41.99,15.2,,0,,37.3,,95.8,-59,2.38,38.5,,,,1.51,38,157.7,39,2.01,0.628,0.073,0.4,2.71,10.2,,,,,,,,,,,,-10.9,-19.9,,,,,,,,,-7.57,-19.6,,,,
Momenta Pharmaceuticals Inc. (NasdaqGS:MNTA),NasdaqGS:MNTA,-1.734225621414914,-1.8936902485659655,0,-0.20927185902041157,-0.4759689922480619,0.209,NA,0.10809969615610668,0.030197387813934395,767.1159991990827,473.26000000000005,-98.23999999999998,-99.03999999999999,25.015999199082664,NA,NA,NA,14.667609927324717,NA,1.6209187321960077,NA,328.16,NA,3.1740104555638537,NA,1,NA,NA,NA,25.015999199082664,Biotechnology (Primary),Public Company,Common Stock,803.4,87.83,0.012,0.022,0.283,0.441,0.592,2.21,53.3,0.64,,,,-0.393,,,,20.9,,,,20.9,,,,-43.1,,,,3.43,1.26,Biotechnology,"Momenta Pharmaceuticals, Inc., a biotechnology company, focuses on developing generic versions of complex drugs, biosimilars, and novel therapeutics for oncology and autoimmune diseases.",Healthcare,2001,611.9,52.3,-90.7,-99.4,-98.6,61.3,25.4,256.2,0,206.4,8.36,,45.2,,106.5,112.5,112.5,108.4,104,93.3,,-99.4,,0.548,,-98.6,,,-1.91,-1.91,-1.19,-1.91,-1.91,,10.3,,,66.8,41.4,,7.43,,0.518,,,,,47.3,,,1.61,4.92,9.19,11.2,-7.96,,,,21.6,,,83.5,,,1.13,,6.17,,256,206.4,15.07,16.3,United States,52.3,-90.7,-98.6,99.5,7.67,5,IQ5684719,73.1,0.41,,15.98,9.38,19.8,0,,29.8,,,269.8,10.2,87.7,,,,23.3,256,205.3,265.6,6.31,11.4,4.19,16.3,7.11,14.43,3,52.3,United States: 52.3 (100.0%),-14.6,-24.8,-59.4,-75.8,-65.3,-64.2,36.5,179.7,-60.1,-109.6,-14.1,-21.7,-51.9,-68.9,-62.6,-64,37.3,180.4,-58.6,-108.4,,,52.3,"Discovery, Development and Commercialization of Pharmaceutical Products: 52.3 (100.0%)"
"OncoMed Pharmaceuticals, Inc. (NasdaqGS:OMED)",NasdaqGS:OMED,-1.2424242424242424,-0.8005050505050504,0,-0.12446992304067848,-0.407068062827225,NA,NA,0.08943007053967471,0.009586638575245233,754.6034955231617,254.68,-31.099999999999994,-31.699999999999996,7.503495523161626,NA,NA,NA,19.055643826342465,NA,2.962947602965139,NA,206.38,NA,1.1126160990712073,NA,1,NA,NA,NA,7.503495523161626,Biotechnology (Primary),Public Company,Common Stock,775.2,34.72,0.116,0.048,,1.59,2,,29.9,0.167,,,,-1.16,,,,,,,,22.5,,,,7.99,,,13.62,2.8,1.09,Biotechnology,"OncoMed Pharmaceuticals, Inc., a clinical development-stage biotechnology company, discovers and develops protein therapeutics targeting cancer stem cells (CSCs).",Healthcare,2004,543.2,39.6,-49.2,-50.6,-50,28.1,5.1,247.8,0,76.4,1.81,,13.8,,76.4,72.7,64.9,57.2,50,42.7,,-50.6,,0.105,,-50.5,-0.509,,-1.69,-1.69,-1.06,-1.69,-1.69,,0.021,,,20.7,15.6,,4.43,,0.688,,,,,4.71,,0.177,2.12,2.06,2,1.94,29.8,,,,2.08,,,-96.6,,,-1.28,,0.002,,108,76.4,25.89,1.3,United States,39.6,-49.2,-50,101.1,-63.8,6.25,IQ20905685,102.2,0.41,,34.75,16.6,-1.73,0,,208.9,,,118.1,3.45,37.8,,,,10,108,240.8,318.7,5.71,9.86,46.5,1.3,3.82,10.84,3,39.6,United States: 39.6 (100.0%),,,,,,-21.1,-28.5,-15.2,-22.4,-23.9,,,,,,-21.1,-27,-15,-22.2,-26.1,,,39.6,Discovering and Developing First-In-Class Protein Therapeutics Targeting Cancer Stem Cells (“Cscs”): 39.6 (100.0%)
"Epizyme, Inc. (NasdaqGS:EPZM)",NasdaqGS:EPZM,-1.3115942028985508,-0.9227053140096619,0,-0.20745085261214294,-0.2376793512164691,NA,NA,0.05483156050897134,0.012113334662878589,577.5993997496586,184.14000000000001,-38.1,-38.2,9.299399749658626,NA,NA,NA,13.951676322455521,NA,3.1367405221552,NA,213.94,NA,4.944620253164557,NA,1,NA,NA,NA,9.299399749658626,Biotechnology (Primary),Public Company,Common Stock,758.4,41.87,0.044,0.023,,1.15,1.44,,40.5,0.336,,,,-3.38,,,,,,,,,,,,81.3,,,9.08,1.27,,Biotechnology,"Epizyme, Inc., a clinical stage biopharmaceutical company, discovers and develops epigenetic therapies for cancer patients.",Healthcare,2007,568.4,41.4,-54.3,-55.1,-55,190.1,3.62,199.2,0,160.3,2.22,,20.9,,79.5,72.7,66.3,61.5,59.5,53,,-55.1,,0.095,,-54.9,0.109,,-1.67,-1.67,-1.04,-1.67,-1.67,,2.08,,,6.9,3.28,,8.3,,,,,,,-39.5,,,,3.27,3.43,3.35,-13.6,,,,104.5,,,,,,3.61,,31.6,,86,160.3,18.74,2.5,United States,41.4,-54.3,-55,29.3,-89.3,18.75,IQ54339075,-19.3,0.48,,40.98,16.5,-9.09,0,,123.6,,,104.3,15,54.5,,,,11.2,86,195,159.7,4.7,6.28,23.6,2.5,2.96,10.66,3,41.4,United States: 41.4 (100.0%),,,,,,,,-21,-0.768,-3.13,,,,,,,,-21,-0.702,-3.48,,,41.4,Discovery and Development of Novel Epigenetic Therapies for Cancer Patients: 41.4 (100.0%)
"Aegerion Pharmaceuticals, Inc. (NasdaqGS:AEGR)",NasdaqGS:AEGR,-0.16098484848484848,-0.13131313131313135,0,-0.19156382390863874,-0.2089831565814099,NA,NA,0.5954460213396522,0.24096566474694395,603.2388419236964,108.58000000000007,-33.50000000000001,-20.800000000000008,235.93884192369637,NA,NA,NA,3.8083260222455584,NA,5.555708619669332,NA,105.28,NA,2.677610333692142,NA,1,NA,NA,NA,17.038841923696378,Biotechnology (Primary),Public Company,Common Stock,743.2,89.8,0.007,0.028,0.019,0.444,1,0.844,28.5,1.02,,,,-1.03,,,,,,,,,,,,,,,,3.53,1.14,Biotechnology,"Aegerion Pharmaceuticals, Inc., a biopharmaceutical company, develops and commercializes therapies for patients with debilitating rare diseases in the United States.",Healthcare,2005,586.1,158.4,-25.5,-26.7,-39.4,375.9,4.71,417.5,218.9,160.3,3.94,,132.7,,38,35.8,33.2,31.9,29.8,29.8,,-26.7,-9.94,0.246,,-38.5,0.899,,-1.35,-1.35,-0.827,-1.35,-1.35,,17.1,9.51,,6.68,1.96,,9.71,,,215.4,,,,226.2,,1.38,4.22,4.14,4.38,4.75,2.11,,,-35,3.74,-3.58,325,64.1,,,5.49,-10.2,-9.56,11.8,295,160.3,26.04,3.2,United States,158.4,-25.5,-39.4,215,12.7,7.14,IQ25478219,30.8,0.48,,47.65,19.1,144,7.59,,61,,,113,7.96,57.7,,148.5,1.83,5.76,295,407.4,140.5,4.14,17.1,,3.2,6.41,28.03,3,158.4,"United States: 143.4 (90.5%);
outside of The United States: 15.0 (9.5%)",,-1.3,-7.04,-19.6,-22.9,-10.1,-13.6,-38.4,-59.2,-62.3,,-1.53,-6.17,-20.2,-25,-12.2,-14.3,-39.5,-62.3,-63.4,,,158.4,"Development and Commercialization of Its Lead Product, Lomitapide: 158.4 (100.0%)"
"TG Therapeutics, Inc. (NasdaqCM:TGTX)",NasdaqCM:TGTX,-366.44736842105266,-218.6842105263158,0,-0.3076211188746472,-0.41622971285892635,NA,NA,0.003421461897356143,0.0003740605978168464,679.4749999999999,108.05499999999999,-33.339999999999996,-33.24,0.275,NA,NA,NA,4470.230263157894,NA,6.288232844384804,NA,83.38,NA,2.541162062865696,NA,1,NA,NA,NA,0,Biotechnology (Primary),Public Company,Common Stock,734.9,34.57,0,0.005,0.025,-0.123,-0.465,2.9,46.5,0.507,,,,-1.52,,,,,,,,,,,,,,,10.74,10.29,8.23,Biotechnology,"TG Therapeutics, Inc., a biopharmaceutical company, focuses on the acquisition, development, and commercialization of novel treatments for b-cell malignancies and autoimmune diseases.",Healthcare,,656.4,0.152,-55.7,-55.7,-55.8,55.7,0.02,86.7,0.275,80.1,0.019,,15.8,,40.1,28.7,18.3,16.5,13.7,11,,-55.7,-0.931,0.055,,-55.8,,,-1.64,-1.64,-1.04,-1.64,-1.64,,,,6.35,,,0.799,3.92,,,,,,,0,,,,,,,5.42,,,,69.4,-0.678,,-18.3,,,-0.603,,,409.8,24,80.1,15.79,,United States,0.152,-55.7,-55.8,0.166,-79,14.29,IQ143627354,1.18,0.31,,20,4.42,0.152,0.742,,40.5,0.799,,40.1,7.47,62,,100,,,24,85.2,42.3,3.02,2.47,0.152,,0,971.7,1,0.152,United States: .2 (100.0%),,,,,,,,-1.32,-25.8,-20.2,,,,,,,,-1.28,-18.1,-20.5,,,0.152,"Acquisition, Development and Commercialization of Novel Treatments for B-Cell Malignancies and Autoimmune Diseases: .2 (100.0%)"
"Retrophin, Inc. (NasdaqGM:RTRX)",NasdaqGM:RTRX,-2.4113475177304964,-1.538794326241135,0,-0.33350241323127056,NA,NA,NA,NA,0.10704723875152171,787.3297337278105,130.116,-80.894,-43.394000000000005,86.22973372781065,NA,NA,NA,27.91949410382307,NA,6.050983228256405,NA,101.816,NA,4.726817739468928,NA,1,NA,NA,NA,2.4297337278106506,Biotechnology (Primary),Public Company,Common Stock,719.3,39.02,0.075,0.069,0.055,1.86,2.18,2.16,32.9,0.462,,,,,,,,,,,,,,,,,,,,6.78,1.16,Biotechnology,"Retrophin, Inc., a biopharmaceutical company, focuses on the development, acquisition, and commercialization of therapies for the treatment of serious, catastrophic, or rare diseases.",Healthcare,2011,775.3,28.2,-68,-73.4,-110.9,18.2,0.671,135.5,83.8,-37.3,0.663,,53.3,,47.8,38.6,27,13.8,7.08,2.49,,-73.4,-7.44,,,-113.4,-2.46,,-4.43,-4.43,-2.73,-4.43,-4.43,,7.96,0.801,,,,0.936,7.12,40.5,31.3,43.3,,,,,,,,,1.12,1.45,-22.3,,,-2.26,48.4,-31.3,85.3,-7.45,,-29.2,20.3,-0.283,-7.96,12.6,110,-37.3,21.87,,United States,28.2,-68,-110.9,,,20,IQ133551169,,0.21,,24.71,7.85,27.6,0,,6,,,-19.7,13.6,59.6,54.9,,53.7,2.33,110,37.3,7.5,3.55,3.84,29.2,,4.89,10.93,1,28.2,United States: 28.2 (100.0%),,,,,,,,-3.92,-30.3,-24.8,,,,,,,,-3.92,-30.3,-34.6,,,28.2,"Development, Acquisition and Commercialization of Therapies for The Treatment of Serious, Catastrophic or Rare Diseases: 28.2 (100.0%)"
"ImmunoGen, Inc. (NasdaqGS:IMGN)",NasdaqGS:IMGN,-0.9041835357624832,-0.6842105263157894,0,-0.16750363420113645,-0.6606451612903225,0.0781,NA,0.4473145392206199,0.08113108498820751,666.5244232926118,302.68000000000006,-51.19999999999999,-50.69999999999999,62.7244232926118,NA,NA,NA,8.99493148842931,NA,2.202076196949292,NA,331.78000000000003,NA,3.0370213963963963,NA,1,NA,NA,NA,62.7244232926118,Biotechnology (Primary),Public Company,Common Stock,710.4,83.9,0.01,0.004,0.192,-0.517,0.289,1.85,86.1,1.26,,,,-1.05,,,,7.81,,,,33.9,,,,47.1,,,,0.348,0.114,Biotechnology,"ImmunoGen, Inc., a biotechnology company, develops targeted anticancer therapeutics.",Healthcare,1981,603.8,74.1,-67,-72.1,-72.6,106.6,14.1,128.5,0,77.5,8.48,,26.5,,119.7,112.9,107,101.6,84.6,85.4,,-72.1,,0.045,,-72.6,,,-0.846,-0.846,-0.529,-0.846,-0.846,,3.69,1.92,,,,,5.61,,0.639,,,,,-2.61,43.9,6.24,7.05,6.94,6.92,7.15,-5.62,,,,3.4,,,0,,,1.8,1.09,2.04,,,77.5,8.25,,United States,59.9,-66.9,-71.4,72.5,-82.6,11.11,IQ29794,24.6,0.26,,15.59,5.34,-45.6,0,,178.1,,,130,8.63,99.7,,,,33.4,307,114.4,189.5,3.81,10.3,3.5,5.4,8.45,12.93,1,74.1,United States: 74.1 (100.0%),-7.82,-17.3,-22.3,-20.1,-41.8,-41,-54.5,-63.5,-90.8,-30.8,-5.14,-14.5,-18.9,-16.9,-41.3,-40.8,-52.7,-63.4,-90.7,-30.6,,,74.1,Discovery of Monoclonal Antibody-Based Anticancer Therapeutics: 74.1 (100.0%)
"Infinity Pharmaceuticals, Inc. (NasdaqGS:INFI)",NasdaqGS:INFI,-0.03787878787878788,0.12266666666666663,0,0.06864041781123884,0.051360381861575065,NA,NA,0.20436943919780556,0.07119902929235686,448.4131635727663,294.87,10.759999999999977,20.239999999999995,53.81316357276629,NA,NA,65.24163568773248,2.717655536804644,22.154800571776995,1.5207147677714459,NA,386.09999999999997,NA,2.8774928774928776,NA,1,NA,NA,NA,47.14316357276629,Biotechnology (Primary),Public Company,Common Stock,702,77.87,0.006,0.001,0.05,0.352,0.211,1.1,48.9,0.728,,,,-3.71,,,,,,,,26.6,,,,21.2,,,,1.84,0.799,Biotechnology,"Infinity Pharmaceuticals, Inc., a drug discovery and development company, discovers, develops, and delivers medicines to patients with difficult-to-treat diseases.",Healthcare,,375.9,165,-6.25,-7.92,-17.4,307.4,19,369.1,6.67,209.5,1.36,,29.3,,143.6,134.1,116.1,114,99.8,113.2,,-7.92,-9.65,1.6,,-17.2,0.183,,-0.359,-0.359,-0.206,-0.359,-0.359,,,,2.63,39.9,21,,5.95,,,,,,,,32.1,5.88,5.56,5.51,5.6,4.15,-31.9,,,,4.72,,,119.2,,,6.82,,,62.3,195,209.5,14.35,4.5,United States,165,-6.25,-17.4,120.5,-133.1,11.11,IQ1208927,-0.694,0.30,,18.25,8.4,21.4,13.1,,68.1,,,201.3,8.08,80.5,,,,9.79,195,344.6,224.9,6.38,9.16,,4.5,6.58,13.76,1,165,United States: 165.0 (100.0%),-33.7,-36.5,-25.9,-23.1,19.4,-46.5,-49,-38.5,-98.2,-127.7,-34.1,-36.4,-28.4,-16.9,23.8,-31.3,-49,-40,-54,-126.8,,,165,Drug Discovery and Development: 165.0 (100.0%)
"Lexicon Pharmaceuticals, Inc. (NasdaqGS:LXRX)",NasdaqGS:LXRX,-3.4192139737991267,-3.565065502183407,0,-0.15549291482553715,-0.35823943661971835,-0.0946,NA,0.28146558458725784,0.13896587095408255,663.2489872553481,525.04,-101.74000000000001,-81.64000000000001,111.2489872553482,NA,NA,NA,28.96283787141258,NA,1.2632351578076872,NA,270.64,NA,0.5948063252575077,NA,1,NA,NA,NA,3.5489872553482016,Biotechnology (Primary),Public Company,Common Stock,689.3,36.03,0,0.007,0.224,0.023,0.408,1.85,725.1,1.67,,,,-0.196,,,,-9.46,,,,16.4,,,,131.2,,,0.113,0.316,,Biotechnology,"Lexicon Pharmaceuticals, Inc., a biopharmaceutical company, focuses on the discovery and development of pharmaceutical products for the treatment of human diseases.",Healthcare,1995,458,22.9,-78.3,-80.2,-100.3,137.3,1.08,471.4,107.7,284,0.08,,18.7,,89.3,89.5,90.8,93.3,89.7,90.4,,-80.2,-2.25,0.624,,-100.4,-0.07,,-0.188,-0.188,-0.096,-0.188,-0.188,,1.04,,24.3,37.4,36.3,44.5,13.1,,0.3,87.5,,,,928.5,,,0.572,1.13,1.1,1.08,17.4,,,-0.887,202.3,-1.71,84.1,-110.5,,,1.27,,0.457,5.56,106,284,0.951,1,United States,22.9,-78.3,-100.3,4.32,-87,22.22,IQ30781,6.3,0.44,,1.86,0.8,-61.5,21.9,,37.5,44.5,,170.2,1.64,39.9,,,100,4.38,106,369,134.6,9.72,7.67,0.195,1,23.6,2.14,3,22.9,United States: 22.9 (100.0%),-47.5,-36.1,-55.2,-75,-96.5,-90,-92.1,-106.5,-98.5,-104.6,-47.2,-36.3,-54.3,-58.8,-76.9,-82.8,-101.8,-116.2,-110.2,-104.1,,,22.9,Discovery and Development of Pharmaceutical Products: 22.9 (100.0%)
Dynavax Technologies Corporation (NasdaqCM:DVAX),NasdaqCM:DVAX,-8.172727272727274,-5.881818181818182,0,-0.23659767424851896,-0.6378109452736319,-0.028999999999999998,NA,0.15606880200926138,0.02753471903039338,625.4855371140135,273.46000000000004,-64.10000000000001,-64.7,18.585537114013526,NA,NA,NA,56.862321555819406,NA,2.2873017520442236,NA,212.9,NA,4.379951249238269,NA,1,NA,NA,NA,9.025537114013527,Biotechnology (Primary),Public Company,Common Stock,656.4,64.41,0.01,0.029,0.236,-0.341,0.925,2.44,28.9,0.273,,,,-3.96,,,,-2.9,,,,-22.8,,,,-20.1,,,,0.587,0.009,Biotechnology,"Dynavax Technologies Corporation, a clinical-stage biopharmaceutical company, discovers and develops novel vaccines and therapeutics in the United States.",Healthcare,1996,543.3,11,-89.9,-91.3,-90.7,49.5,7.92,138.3,9.56,100.5,1.67,,17.8,,84.6,77.1,60.8,49.9,50.9,51.3,,-91.3,-0.035,0.191,,-90.7,,,-3.45,-3.45,-2.16,-3.45,-3.45,,0.727,,,24.5,16.6,2.28,1.16,,,9.56,,,,-1.95,1.69,0.901,0.901,2.29,2.29,2.21,-2.3,,,,0.342,,9.56,92.3,,,-0.523,,0.9,,197,100.5,22.7,1.7,United States,11,-89.9,-90.7,9.78,,20,IQ423490,106.9,0.49,,26.89,12.5,-73.5,0,,23.1,2.58,,186.3,11.5,91.9,,,104.6,10.6,197,127.4,192.4,1.9,8.17,6.13,1.7,1.82,27.48,3,11,"Germany: .4 (4.0%);
United States: 10.6 (96.0%)",-16.9,-22.5,-60.8,-70.6,-24.1,-15.1,-47.6,-47.6,-67.6,-66.5,-16,-20.6,-52.1,-60,-20.8,-30.6,-57.3,-48.6,-69.9,-66.7,,,11,Discovery and Development of Biopharmaceutical Products: 11.0 (100.0%)
"Vital Therapies, Inc. (NasdaqGS:VTL)",NasdaqGS:VTL,NA,NA,0,-0.38202475147088655,-0.35922131147540987,NA,NA,0.020554512392357702,0.003336688966756136,511.6482205848884,98.58,-35.06,-37.66,2.048220584888484,NA,NA,NA,NA,NA,5.1901828016320595,NA,103.18,NA,0.4576659038901602,NA,1,NA,NA,NA,2.048220584888484,Biotechnology (Primary),Public Company,Common Stock,611.8,17.83,,,,,,,24,0.072,,9.96,,-2.42,,,,,,,,,,,,,,,,30.12,0.759,Biotechnology,"Vital Therapies, Inc., a biotherapeutic company, focuses on developing a cell-based therapy for the treatment of acute liver failure in the United States.",Healthcare,2003,509.6,0,-49.3,-50.3,-47.7,102.2,3.07,108.1,0,97.6,1.41,,10.9,,39.5,36.2,32.2,27.6,21.8,16.5,,-50.3,,0.019,,-47.7,,9.15,-3.54,-3.54,-1.86,-3.54,-3.54,,,,2.58,9.85,6.78,,1.15,,0.25,,,,,,,,,0.491,0.853,0.856,-5.92,,,,88.8,,,-0.631,,,0.046,,,,96,97.6,25.5,0.835,United States,,-49.3,-47.7,0,-58.3,9.52,IQ7186386,,0.48,,35.2,10.7,,0,,38.2,,83.5,-44.7,1.12,69.9,,,,3.02,96,104.8,43.9,1.22,2.76,3.47,0.835,3.21,7.54,,,,,,,,,,,-8.58,-9.58,-31.4,,,,,,,,-5.88,-6.7,-32.7,,,,
"Osiris Therapeutics, Inc. (NasdaqGM:OSIR)",NasdaqGM:OSIR,0.04440734557595993,0.06313856427378965,0,0.038324736783437875,0.003238095238095241,0.314,NA,0.09458973728057798,0.014235147947789597,614.2656216808322,98.683,0.27200000000000024,3.782,8.775621680832215,NA,NA,2234.1911764705865,10.254851780982174,162.41819716574093,6.224634655217536,230.92692544392185,16.776,64.52369975638993,0.6170807964456145,NA,1,NA,NA,NA,8.658621680832214,Biotechnology (Primary),Public Company,Common Stock,607.7,25.32,0.079,0,0.057,0.881,-0.044,1.19,34.4,0.155,,,,0.305,,,,31.4,,,,6.1,,,,261.9,,,7.74,33.08,0,Biotechnology,"Osiris Therapeutics, Inc. researches, develops, manufactures, markets, and distributes regenerative medicine products in the United States.",Healthcare,1992,568.3,59.9,2.66,1.72,-1.79,2.21,2.09,98.1,0.117,84,1.13,,38.1,,6.86,5.38,4.59,4.67,4.95,4.4,,1.72,,,,-0.053,0.193,,-0.052,-0.007,0.006,-0.052,-0.007,,24.3,10.9,10.6,7.18,5.09,,8.85,,1.67,,,,,146.3,4.96,1.22,1.09,1.06,1.09,1.19,16.2,,,,1.69,-0.045,,2.18,,,3.96,-9,-18,,214,84,17.69,1.3,United States,59.9,2.66,-1.79,91.7,,40,IQ3126203,38.4,0.48,,18.86,11.8,46.7,0.045,,2.42,,,80.9,1.5,47.2,,,,3.07,214,95.9,84.1,4.84,,5.91,1.3,1.61,12.01,3,59.9,United States: 59.9 (100.0%),-9.68,-15.7,-44.9,-51.2,-68.4,-27.5,13.2,-10.8,-5.83,-2.83,-10.5,-20,-45,-53.9,-33.5,14.6,13.1,14.9,-11.1,41.6,,,59.9,Biosurgery: 59.9 (100.0%)
Geron Corporation (NasdaqGS:GERN),NasdaqGS:GERN,-31.565217391304348,-33.68695652173913,0,-0.25655629139072844,-0.29181331293037494,0.00911,NA,0.0071161446831495435,0.0015406077626859283,565.2367461310879,151,-38.14,-38.739999999999995,0.936746131087847,NA,NA,NA,491.510214027033,NA,3.7432897094774034,NA,63.099999999999994,NA,3.3890627573711085,NA,1,NA,NA,NA,0.936746131087847,Biotechnology (Primary),Public Company,Common Stock,607.1,42.07,0.014,0.036,0.078,0.801,1.68,2.11,157.7,3.91,,,,-0.083,,,,0.911,,,,-7.75,,,,-22.1,,,,0.439,0.079,Biotechnology,"Geron Corporation, a clinical stage biopharmaceutical company, focuses on the development of telomerase inhibitor, imetelstat, for treating hematologic myeloid malignancies.",Healthcare,1990,455.7,1.15,-36.3,-36.3,-35.7,42.8,0.173,172.5,0,130.7,0.131,,16.8,,20.7,21.4,20.8,20.4,23.2,29.9,,-36.3,-0.082,0.373,,-35.7,,,-0.232,-0.232,-0.145,-0.232,-0.232,,,,0.266,1.36,1.19,,1.03,,0.016,,,,,-10.1,,,,0.042,0.042,0.895,-34.1,,,,98.4,,,-77.8,,,-0.364,,,,42,130.7,3.85,0.936,United States,1.15,-36.3,-35.7,27.4,,12.5,IQ215864,299.2,0.43,,4.49,1.69,-7.75,0,,13,,,59.8,8.23,99.6,,,,0.56,42,153.4,67.1,1.4,5.73,0.461,0.936,17,3.16,3,1.15,United States: 1.2 (100.0%),-36.1,-37.7,-47.4,-62.8,-67,-70.2,-76.2,-90.7,-69.1,-37.5,-79.6,-33.7,-31.4,-36.7,-62,-70.2,-111.4,-96.9,-68.9,-38.4,,,1.15,Discovery and Development of Therapeutic Products for Oncology: 1.2 (100.0%)
Eagle Pharmaceuticals Inc. (NasdaqGM:EGRX),NasdaqGM:EGRX,-1.6369426751592357,-1.2802547770700639,0,-0.5047714716223004,-0.5197132616487455,NA,NA,0.006233303650934995,0.00028955532574974146,569.475,39.82,-14.5,-20.1,0.175,NA,NA,NA,36.27229299363058,NA,14.301230537418384,NA,46.82,NA,3.8439258523667656,NA,1,NA,NA,NA,0.175,Biotechnology (Primary),Public Company,Common Stock,604.2,30.07,0.014,0.021,,0.916,1.09,,15.2,0.115,,,,,,,,,,,,,,,,,,,,11.29,10.96,Biotechnology,"Eagle Pharmaceuticals, Inc., a specialty pharmaceutical company, focuses on developing and commercializing injectable products primarily in the critical care and oncology areas in the United States.",Healthcare,2007,569.3,15.7,-25.7,-25.8,-20.2,34.9,0.342,50.1,0,27.9,0.05,,11.7,,18.2,16.8,14.3,11.4,10.2,9.8,,-25.8,-0.009,0.031,,-22.6,-2.35,0.534,-1.64,-1.64,-1.11,-1.64,-1.64,,12,1.24,1.31,,,,3.5,,,,,,,-11.2,,,,,,0.182,2.93,,,,46.2,,,0,,,1.16,-1.24,-5.36,,30,27.9,39.68,,United States,15.6,-22.2,-18,,,16.67,IQ3474216,,0.48,,48.87,9.16,4.13,0,,9.97,,,0.775,9.29,51.5,,,,0.454,29,49.7,16.9,2.35,4.87,10,0.277,1.31,8.16,3,,,,,,,,,,,,-8.64,,,,,,,,,,-6.82,,,15.7,Developing and Commercializing Injectable Products: 15.7 (100.0%)
"BioCryst Pharmaceuticals, Inc. (NasdaqGS:BCRX)",NasdaqGS:BCRX,-3.3529411764705883,-2.763235294117647,0,-0.19244162228594838,-0.48915343915343923,0.44799999999999995,NA,0.29835835149232814,0.05083002047239749,577.947309699751,195.28,-36.980000000000004,-37.58,32.14730969975106,NA,NA,NA,42.49612571321699,NA,2.9595827002240425,NA,144.18,NA,3.081792437114776,NA,1,NA,NA,NA,2.1473096997510623,Biotechnology (Primary),Public Company,Common Stock,600.3,61.66,0.031,0.007,0.082,0.789,0.689,2.39,72.3,1.1,,-14.8,,-1.01,,,,44.8,,,,-28.8,,,,-11.5,,,4.11,1.82,0.861,Biotechnology,"BioCryst Pharmaceuticals, Inc., a biotechnology company, designs, optimizes, and develops small molecule drugs that block key enzymes involved in the pathogenesis of diseases.",Healthcare,1986,557.5,13.6,-45.6,-45.8,-45.2,54.5,0.207,136.9,30,75.6,0.106,,7.46,,51.8,49.5,44.2,44.7,41.9,37.6,,-45.8,-5,0.093,,-45.2,,,-0.677,-0.677,-0.423,-0.677,-0.677,,9.49,0.683,0.226,14.2,14,,2.85,,,,,,,-21.5,0.186,0.366,0.356,0.384,0.383,0.739,0.074,,,,111.9,,,-39.9,,,6.82,-0.683,-7.38,17.5,50,75.6,8.3,0.633,United States,13.6,-45.6,-45.2,16.8,-67.5,12.5,IQ25594,73.1,0.38,,14.62,7.29,-38.3,30,,21.2,,,-1.13,7.4,69.5,,100,,1.42,50,89.3,42.1,4.17,9.61,1.47,0.633,9.61,6.21,3,,,-21.7,-27.2,-47,-32.3,-27.2,-13.7,-33.3,-49.6,-32.1,-30.7,-21.1,-26.1,-43.6,-29.1,-24.7,-13.5,-33.9,-56.9,-39.1,-30.1,,,13.6,"Designs, Optimizes and Develops Novel Small Molecule Drugs That Block Key Enzymes Involved in The Pathogenesis of Diseases: 13.6 (100.0%)"
"Bellicum Pharmaceuticals, Inc. (NasdaqGM:BLCM)",NasdaqGM:BLCM,-7.865168539325842,-6.484269662921347,0,-0.4005691677656694,-0.4224530271398747,NA,NA,0.02456174484005379,0.008078250189146178,405.62452916569544,28.814,-80.942,-11.541999999999998,4.824529165695517,NA,NA,NA,227.8789489694918,NA,14.077341888168787,NA,28.814,NA,2.861242403781229,NA,1,NA,NA,NA,4.824529165695517,Biotechnology (Primary),Public Company,Common Stock,592.4,48.14,,,,,,,26.4,0.582,,,,-1.26,,,,,,,,,,,,,,,,5.75,0.268,Biotechnology,"Bellicum Pharmaceuticals, Inc., a clinical stage biopharmaceutical company, focuses on discovering and developing novel cellular immunotherapies for the treatment of hematological cancers, solid tumors, and orphan inherited blood disorders in the United States and internationally.",Healthcare,2004,400.8,1.78,-14,-14.6,-84,191.6,2.43,195.8,0,191.6,0.804,,5.4,,11,9.56,9.18,8.12,7.05,5.8,,-14.6,-1.79,0.035,,-84,,1.43,-34,-34,-10.2,-34,-34,,0.298,,,3.84,1.41,,1.21,,0.43,,,,,-8.25,0.093,1.11,1.09,1.07,1.05,1.03,-1.21,-0.155,,-5.06,160.9,-1.19,0.386,,,,0.659,,0.448,,35,191.6,22.46,0.3,United States,1.78,-14,-84,2,,18.18,IQ29554867,29.8,0.48,,33.63,18.2,-9.23,0.8,,11.2,,39.9,-28.2,6.78,71.2,,,,2.04,35,193.2,12.2,0.55,0.762,0.492,0.3,2.73,5.09,,1.78,United States: 1.8 (100.0%),,,,,,,,,-6.27,-7.92,,,,,,,,,-6.26,-7.97,,,1.78,"Focused on Discovering and Developing Novel Cellular Immunotherapies for Various Forms of Cancer, Including Both Hematological Cancers and Solid Tumors, as Well as Orphan Inherited Blood Disorders: 1.8 (100.0%)"
"Xencor, Inc. (NasdaqGM:XNCR)",NasdaqGM:XNCR,-1.5861344537815127,-1.5105042016806725,0,-0.25034818941504183,-0.2509274873524452,NA,NA,0.042008179397590245,0.0043746943766826306,539.8003197362484,57.43999999999999,-14.879999999999999,-14.38,2.6003197362485237,NA,NA,NA,56.70171425800929,NA,9.397637878416582,NA,52.739999999999995,NA,1.2630956404190605,NA,1,NA,NA,NA,2.6003197362485237,Biotechnology (Primary),Public Company,Common Stock,591.8,45.09,0.077,0.05,,1.48,1.21,,38.9,0.129,,,,-0.711,,,,,,,,,,,,11.6,,,0.726,9.86,0.43,Biotechnology,"Xencor, Inc., a clinical-stage biopharmaceutical company, focuses on discovery and development of engineered monoclonal antibodies to treat severe and life-threatening diseases with unmet medical needs.",Healthcare,1997,537.1,9.52,-15.1,-15.9,-16.4,54.6,0.899,67.8,0,59.3,0.78,,6.95,,18.5,17.6,16.8,16.7,17,16.8,,-15.9,-0.009,0.033,,-16.4,,,-0.523,-0.523,-0.317,-0.523,-0.523,,2.97,,,7.45,6.55,,1.69,,,,,,,-6.41,0.299,0.581,0.564,0.547,0.598,0.398,4.26,,,,0.316,-0.008,,-1.51,,,-0.943,,-2.91,,38,59.3,15.2,0.597,United States,9.52,-15.1,-16.4,7.44,-23.5,11.11,IQ744102,-13.9,0.28,,19.5,7.82,-9,0.01,,78,,,73.5,2.99,79.4,,,,0.832,38,57.7,78.1,2.63,1.39,3.44,0.597,2.83,5.12,1,9.5,"United States: 8.6 (90.5%);
Non-U.S.: .9 (9.5%)",,,,,,,,-8.22,-5.84,-7.92,,,,,,,,-11.2,-8.59,-60.3,,,9.52,Development of Pharmaceutical Products: 9.5 (100.0%)
"Enanta Pharmaceuticals, Inc. (NasdaqGS:ENTA)",NasdaqGS:ENTA,0.7650844730490748,0.7748994368463396,0.14,0.3834909700328236,0.42757560225525376,NA,NA,0.018906983473192786,0.006379531568757501,555.2598397027415,216.003,83.42,96.32000000000001,3.7598397027415,7.158924205378973,6.78226649449671,7.019899304723088,4.467094446522458,5.764740860701219,2.57061170309089,5.838694423793286,54.82,4.866431548665569,4.567964480874317,95.1,1,13.3,81.8,585.6,3.5768397027415,Biotechnology (Primary),Public Company,Common Stock,585.6,59.79,0.007,0.001,0,0.318,-0.193,0.054,18.7,0.29,46.9,20.9,,4.27,,,,,,,,,,,,,,,14.3,9.79,2.55,Biotechnology,"Enanta Pharmaceuticals, Inc., a biotechnology company, discovers and develops small molecule drugs for the infectious disease field in the United States.",Healthcare,1995,483.2,124.3,95.1,94.7,81.8,34.1,1.92,215.4,0.183,195.1,1.26,,10.7,,19,18.7,17.8,17.3,16.3,16.8,,94.7,-0.015,0.485,,95.1,13.3,,4.42,4.42,3.21,4.2,4.2,14,78.5,,1.35,,,,0.567,,,0.183,,1.43,,2344.4,,,1.03,0.999,0.972,0.946,61.3,,,,1.06,,,7.43,,,-0.249,,-77.3,4.16,,193.7,31.35,,United States,47.7,19.3,34.4,155.5,145.1,12.5,IQ345286,79.9,0.41,128.3,52.58,30.9,124.3,0,,4.43,,1.64,105.6,10.7,48.5,,,,4.87,52,185.1,94.4,0.84,1.72,0.005,0.948,1.39,15.39,3,124.3,United States: 124.3 (100.0%),,,,,,,,,46.4,-18.3,,,,,,,,,46.5,-17.7,,,124.3,Discovering and Developing Small Molecule Drugs in The Infectious Disease Field: 124.3 (100.0%)
"Five Prime Therapeutics, Inc. (NasdaqGS:FPRX)",NasdaqGS:FPRX,-1.875,-1.5270833333333333,0,-0.15729613733905576,-0.3417840375586854,NA,NA,0.09719769744522912,0.015694178692731077,569.1728208921256,186.40000000000003,-29.119999999999997,-29.32,9.172820892125625,NA,NA,NA,29.644417754798212,NA,3.0535022580049653,NA,116.50000000000001,NA,1.7686424474187383,NA,1,NA,NA,NA,9.172820892125625,Biotechnology (Primary),Public Company,Common Stock,575.3,60.43,0.044,0.004,,0.958,0.43,,25.5,0.208,,,,-2.32,,,,,,,,,,,,-33.3,,,6.17,1.8,1.4,Biotechnology,"Five Prime Therapeutics, Inc., a clinical-stage biotechnology company, focuses on the discovery and development of protein therapeutics that block cancer and inflammatory disease processes.",Healthcare,2001,426.2,19.2,-36,-37.6,-37.4,15.3,3.79,155.6,0,85.2,1.64,,13.6,,43.2,38.7,37.1,33.8,32.8,32.2,,-37.6,,0.21,,-37.4,,,-1.79,-1.79,-1.12,-1.79,-1.79,,0.41,,,14.2,10.4,,1.1,,0.632,,,,,39.4,,,,3.46,3.36,3.11,-5.72,,,,61.2,,,-67.7,,,0.701,,-0.114,,124,85.2,22.53,1.9,United States,19.2,-36,-37.4,17.3,-48,20,IQ3366199,55.3,0.41,,28.47,10.5,-23.9,0,,8.16,,,58,4.07,85.3,,,,11.3,124,151.3,77.7,0.348,5.01,8.46,1.9,2.69,7.85,3,19.2,United States: 19.2 (100.0%),,,,,,,-14,19.7,-27.8,-29.4,,,,,,,-13.5,19.7,-27.6,-28.9,,,19.2,Discovering and Developing Novel Protein Therapeutics: 19.2 (100.0%)
"Versartis, Inc. (NasdaqGS:VSAR)",NasdaqGS:VSAR,NA,NA,0,-0.44853364002300167,-0.25448028673835127,NA,NA,0.011385802384122328,0.003406678274730331,395.32793439918066,69.56000000000002,-42.6,-31.200000000000003,1.927934399180701,NA,NA,NA,NA,NA,5.6832653018858625,NA,72.76,NA,1.320921985815603,NA,1,NA,NA,NA,1.927934399180701,Biotechnology (Primary),Public Company,Common Stock,564,40.66,0,0,,-0.019,-0.019,,29.3,0.115,,-59,,-2.52,,,,,,,,,,,,,,,0.066,0.117,0.073,Biotechnology,"Versartis, Inc., a development stage company, operates as an endocrine-focused biopharmaceutical company in the United States.",Healthcare,2008,393.5,0,-46,-46.1,-57.5,170.6,0.714,174.3,0,167.4,0.827,,13.5,,32.6,24.5,18.5,16.2,14.9,14.4,,-46.1,,0.132,,-57.5,,25.6,-4.39,-4.39,-1.9,-4.39,-4.39,,,,0.182,0.838,0.124,,1.26,,,,,,,,,,,0.529,0.781,0.765,-1.52,,,,132.3,,,0.055,,,0.944,,,,33,167.4,19.28,0.52,United States,,-46,-57.5,0,-58.5,9.09,IQ59516531,,0.44,,36.86,16.2,,0,,13.3,,58,-47.3,2.98,60.3,,,,0.077,33,173,14.3,0.315,3.67,,0.52,2.72,10.33,,,,,,,,,,,-8.16,-12.9,-19.3,,,,,,,,-7.17,-13.2,-18.5,,,,
"Sarepta Therapeutics, Inc. (NasdaqGS:SRPT)",NasdaqGS:SRPT,-13.319672131147541,-12.036885245901637,0,-0.2641959205703105,-0.4827614049253129,0.366,NA,0.11237596283781039,0.05297589675520842,518.3595901299815,444.67,-119.58,-117.47999999999998,31.359590129981385,NA,NA,NA,53.110613742825976,NA,1.1657174761733002,NA,264.24,NA,4.6378879771673205,NA,1,NA,NA,NA,25.029590129981386,Biotechnology (Primary),Public Company,Common Stock,560.6,51.28,0.008,0.006,0.009,0.648,0.636,0.74,41.3,1.35,,-1.44,,-4.03,,,,36.6,,,,-11.1,,,,-40.8,,,,8.4,0.072,Biotechnology,"Sarepta Therapeutics, Inc., a biopharmaceutical company, focuses on the discovery and development of RNA-based therapeutics for the treatment of rare, infectious, and other diseases.",Healthcare,1980,356.6,9.76,-130,-133.7,-135.8,73.6,38.5,295,6.33,247.7,25.4,,49.3,,94.2,88.5,87.7,80.1,72.9,60.7,,-133.7,,0.779,,-135.8,,,-3.39,-3.39,-2.12,-3.39,-3.39,,2.42,,32.2,58.4,19.9,,12.4,,1.19,3.74,,,,-31.4,5.63,4.97,4.85,4.73,4.61,4.38,25.2,,,,116,-0.094,,-133.6,,,10.8,,1.11,,204,247.7,13.57,4.4,United States,9.76,-130,-135.8,3.13,-210.9,14.29,IQ362584,129.5,0.41,,40,11.3,-84.4,1.67,,257,,,247.2,10.4,84.8,,75.1,25.3,19.3,204,247.8,270.8,8.08,14.6,13.2,4.4,5.39,24.25,2,9.76,United States: 9.8 (100.0%),-25,-17.5,-33,-31.5,-17.5,-15.5,-20.9,-34.8,-29.1,-89,-21.9,-18.2,-28.7,-27.2,-24,-25.2,-32.2,-2.32,-121.3,-112,,,9.76,Development of Pharmaceutical Products: 9.8 (100.0%)
"Northwest Biotherapeutics, Inc. (NasdaqCM:NWBO)",NasdaqCM:NWBO,-69.72413793103448,-49.07586206896551,0,-0.3702008115700759,NA,0.141,NA,NA,0.047277855077550224,552.6622069868002,192.22000000000003,-105.66,-71.16,26.76220698680018,NA,NA,NA,381.14634964606915,NA,2.875154546804704,NA,214.92000000000004,NA,3.5184498423882813,NA,1,NA,NA,NA,1.062206986800182,Biotechnology (Primary),Public Company,Common Stock,539.3,28.54,0.011,0.011,0.095,0.609,0.645,2.83,70.3,0.685,,,,-1.19,,,,14.1,,,,170.7,,,,425.8,,,30.83,4.81,2.24,Biotechnology,"Northwest Biotherapeutics, Inc., a biotechnology company, discovers and develops immunotherapy products to treat cancer in the United States and internationally.",Healthcare,1996,551.6,1.45,-101.1,-101.1,-135.6,13.4,40,58.4,25.7,-35,33.7,,16.9,,85.6,75.4,65.5,52.3,43.9,41.2,0.011,-101.1,-0.996,,,-135.6,,,-2.29,-2.29,-1.24,-2.29,-2.29,,,,0.865,40.2,0.16,,15.6,0.984,50.9,24.5,,,,79.7,,,,0.392,0.383,0.374,-48.1,,,,64.4,-0.025,24.5,-2.63,,,24.3,,,10.3,12,-35,7.67,0.3,United States,1.45,-101.1,-135.6,2,,20,IQ1342115,31.1,0.46,,9.35,3.79,-84.2,1.22,,18.5,,,-9.82,7.59,64.4,,72.8,27.2,1.16,12,14.6,18.6,8.94,0.842,8.69,0.3,1.55,10.56,3,1.45,United States: 1.5 (100.0%),-6.12,-6.43,-6.01,-16,-21.6,-17.1,-15.4,-26.8,-43.8,-55.5,-8.51,-9.94,-1.4,-21.2,-22.3,-27,-27.4,-32.8,-67.3,-65.8,,,1.45,Discovery and Development of Innovative Immunotherapies for Cancer: 1.5 (100.0%)
Invitae Corporation (NYSE:NVTA),NYSE:NVTA,-28.374999999999996,-25.9325,0,-0.5432312123592563,-0.35153456998313665,NA,NA,0.028983134108400196,0.006762952773956901,416.43999999999994,76.38000000000001,-41.69200000000001,-41.492000000000004,3.54,NA,NA,NA,260.2749999999999,NA,5.452212621105,NA,61.24000000000001,NA,2.3850740527024428,NA,1,NA,NA,NA,0,Biotechnology (Primary),Public Company,Common Stock,519.9,14.82,,,,,,,30.8,0.403,,,,-2.13,,,,,,,,,,,,,,,7.17,11.87,11.17,Biotechnology,"Invitae Corporation, a genetic information company, focuses on bringing comprehensive genetic information into mainstream medical practice to enhance the quality of healthcare.",Healthcare,2010,618.8,1.6,-45.4,-47.5,-47.7,107,15.7,128.8,3.54,118.6,,,21.4,,22.1,21,19.9,18,16,5.56,,-47.5,-0.061,,,-47.7,,,-56.3,-56.3,-35.2,-56.3,-56.3,,,,,,,,2.86,,,,,202.4,,983.8,,,,,,,-1.06,,,,,,,,,,,,,1.95,,-83.8,16.88,,United States,1.6,-45.4,-47.7,9.06,-60.5,13.33,IQ222707176,416.7,0.44,,22.35,16.3,-4.02,2,,43.1,,86.6,-37.3,4.96,68.8,,,,6.85,,111.5,43.8,0.498,0.718,0.168,,,,,,,,,,,,,,,-8.56,-24.8,,,,,,,,,-8.6,-24.8,,,1.6,Medical Labs & Research: 1.6 (100.0%)
"Inovio Pharmaceuticals, Inc. (NasdaqGS:INO)",NasdaqGS:INO,-3.6095238095238096,-2.92,0,-0.18921254011355218,-0.24448430493273543,0.245,NA,0.08948443695454786,0.02131269290409781,473.6580935520308,162.04000000000002,-27.26,-30.66,10.958093552030824,NA,NA,NA,45.11029462400293,NA,2.9230936407802437,NA,91.04,NA,1.7289348171701113,NA,1,NA,NA,NA,10.958093552030824,Biotechnology (Primary),Public Company,Common Stock,503.2,28.83,0.019,0.081,0.17,0.778,2.21,2.73,60.7,1.25,,,,-0.742,,,,24.5,,,,2.77,,,,2.2,,,,6.2,5.51,Biotechnology,"Inovio Pharmaceuticals, Inc., a clinical stage biopharmaceutical company, develops active DNA immunotherapies and vaccines in combination with proprietary electroporation delivery devices to prevent and treat cancers and infectious diseases.",Healthcare,1979,409.9,10.5,-37.9,-39.5,-36.1,40.5,4.58,131.8,0,111.5,1.38,,15.9,,34.1,31.3,29.7,24.5,21.4,19.4,,-39.5,,0.365,,-36.1,,,-0.611,-0.611,-0.381,-0.645,-0.645,,2.8,,0.343,7.13,2.54,10.1,2.03,,2.02,,0.311,,,-22.4,7.72,1.51,1.28,1.3,1.32,0.621,14.2,,,,72.5,,,-34.4,,,0.993,,0.497,,106,111.2,8.29,1.2,United States,10.5,-37.9,-36.1,13.7,,9.09,IQ28922,-20.2,0.23,,14.56,6.33,-23.6,0,0.448,33.7,10.1,,52.5,3.48,93.8,,,,3.13,106,98.9,58.7,2.39,5.03,21.6,1.2,4.84,6.19,1,10.5,United States: 10.5 (100.0%),-11.5,-12.2,-13.3,-15.9,-13.7,-14,-19.2,-22.2,-24.6,-21.5,-11,-15.3,-12.3,-11.2,-13,-24.4,-17.6,-15.3,-19.7,-66,,,10.5,Discovery and Development of a New Generation of Vaccines and Immune Therapies: 10.5 (100.0%)
"Exelixis, Inc. (NasdaqGS:EXEL)",NasdaqGS:EXEL,-8.54581673306773,-8.623107569721116,0,-0.2875896890778634,NA,-0.0717,NA,NA,0.44978738528620565,823.9776654572669,752.6,-268.04,-216.44000000000003,406.7776654572669,NA,NA,NA,32.8277954365445,NA,1.0948414369615558,NA,586.1,NA,2.5321543408360125,NA,1,NA,NA,NA,45.0776654572669,Biotechnology (Primary),Public Company,Common Stock,497.6,66.09,0.003,0.016,0.198,0.475,0.855,2.55,195.9,3.93,,,,-0.865,,,,-7.17,,,,-30.2,,,,-55.7,,,,7.52,0.058,Biotechnology,"Exelixis, Inc., a biopharmaceutical company, develops and sells small molecule therapies for the treatment of cancer in the United States.",Healthcare,1994,714.9,25.1,-214.5,-216.9,-268.5,80.4,2.43,328,361.7,-114.8,0.474,,50.8,,189.1,199,202.8,200.9,178.8,161.7,,-216.9,-48.6,1.66,,-268.7,-0.182,,-1.38,-1.38,-0.843,-1.38,-1.38,,4.88,2.38,12.2,48.7,46.3,63.7,6.41,,6.43,262.4,,,,-19.9,,,2.81,9.1,16.4,20.2,2.29,,,,77.2,-11.7,,145.6,0.838,,-13.2,0.509,-0.941,13.9,98,-114.8,2.54,10.3,United States,25.1,-214.5,-268.5,38.4,-137,15.38,IQ28338,72,0.43,,4.55,1.26,23.1,347.2,,104,63.7,,66.2,5.04,92.5,79.5,27.3,22.2,68.4,98,167.2,266.6,9.35,60.9,5.88,10.3,27.8,5,3,25.1,United States: 25.1 (100.0%),-106.6,-94,-126.8,-157,-176.4,-121.9,-58.7,99.7,-113.3,-199.5,-137.2,-84.4,-101.5,-86.4,-162.9,-135.2,-92.3,75.7,-147.6,-244.8,,,25.1,Developing Small Molecule Therapies for The Treatment of Cancer: 25.1 (100.0%)
"Lion Biotechnologies, Inc. (NasdaqGM:LBIO)",NasdaqGM:LBIO,NA,NA,0,-1.9119655048508806,-0.23754464285714286,NA,NA,0.012995014858973884,0.0011933113270521612,449.38984166690796,5.565999999999999,-10.642,-10.642,0.5898416669079406,NA,NA,NA,NA,NA,80.73838333936544,NA,5.666,NA,2.0964148268179055,NA,1,NA,NA,NA,0.5898416669079406,Biotechnology (Primary),Public Company,Common Stock,493.7,14.97,0.034,0.006,0.076,1.32,2.28,-18.2,44.1,0.121,,,,-0.58,,,,,,,,,,,,,,,0.303,8.67,0.454,Biotechnology,"Lion Biotechnologies, Inc., a clinical-stage biopharmaceutical company, focuses on developing and commercializing cancer immunotherapy products to harness the power of a patient's immune system to eradicate cancer cells.",Healthcare,2007,448.8,0,-12,-12,-12,44.9,1.53,46.5,0,44.8,1.59,,9.34,,2.71,1.58,1.47,1.36,1.33,1.02,,-12,,0.006,,-12,,,-0.482,-0.482,-0.301,-0.482,-0.482,,,,,1.64,0.104,,1.25,,0.111,,,0,,,,0.141,0.136,0.133,0.129,0.125,0.501,,,,35.5,,,,,,-0.355,,,,14,44.8,11.2,,United States,,-12,-12,0,-26.4,16.67,IQ40424708,,0.20,,15.03,4.97,,0,,19.7,,0,17.6,4.14,62.2,,,,0.007,14,45,19.8,0.413,1.86,,,1.86,7.31,1,,,,,,-0.006,-0.057,-0.016,-0.815,-21.1,-8.13,-5.99,,,,-0.006,-0.057,-0.016,-1.61,-25.7,-3.31,-25.4,,,,
Celladon Corporation (NasdaqGM:CLDN),NasdaqGM:CLDN,NA,NA,0,-0.17743006863975203,-0.3017073170731707,NA,NA,0.1110482414877171,0.020415762771117944,487.34347577334484,135.48999999999998,-24.74,-24.04,10.243475773344771,NA,NA,NA,NA,NA,3.596896271114805,NA,57.98,NA,NA,NA,1,NA,NA,NA,0.3334757733447708,Biotechnology (Primary),Public Company,Common Stock,491.5,56.02,0.026,0.025,,-1.13,-1.33,,23.3,0.258,,,,-1.35,,,,,,,,,,,,,,,7.81,0.411,0.013,Biotechnology,"Celladon Corporation, a clinical-stage biotechnology company, focuses on developing treatments for heart failure, diabetes, and neurodegenerative diseases.",Healthcare,2000,406.3,0,-27.9,-28,-28.7,14.4,0.616,96.9,9.91,82,0.624,,7.3,,20.7,20,19.2,16.9,15,12.6,,-28,-0.389,0.076,,-28.7,,0.856,-2.28,-2.28,-1.38,-2.28,-2.28,,,,,0.937,0.321,,2.2,,,9.91,,,,,,,0.083,0.097,0.095,0.092,-0.943,,,,94.6,,11.1,-67.7,,,1.64,,,,26,82,21.09,,United States,,-19.9,-20,0,-33.3,18.18,IQ13565068,,0.48,,28.25,7.82,,0,,9.96,,,21.3,32.6,52,,100,,0.434,16,96,23.4,1.01,2.25,0.007,0.1,1.54,3.19,,,,,,,,,,,-4.34,-15.9,-20,,,,,,,,-5.72,-15.7,-20,,,,
"Flexion Therapeutics, Inc. (NasdaqGM:FLXN)",NasdaqGM:FLXN,NA,NA,0,-0.24032132098627693,-0.15072463768115943,NA,NA,0.027480474629528285,0.008454439179256201,381.1944378698224,89.63000000000001,-21.840000000000003,-21.540000000000003,4.094437869822485,NA,NA,NA,NA,NA,4.2529782201252075,NA,44.239999999999995,NA,0.8538109121199501,NA,1,NA,NA,NA,0.5044378698224852,Biotechnology (Primary),Public Company,Common Stock,480.2,41.98,0.013,0.022,,0.667,0.862,,21.5,0.063,,,,-2.37,,,,,,,,,,,,,,,7.86,1.77,1.42,Biotechnology,"Flexion Therapeutics, Inc., a specialty pharmaceutical company, focuses on the development and commercialization of anti-inflammatory and analgesic therapies for the treatment of patients with musculoskeletal conditions.",Healthcare,2007,332.2,0,-26.9,-27,-27.3,103.1,1.11,153.4,3.59,144.9,0.802,,9.06,,17.9,14.7,12.6,12,11.1,11.8,,-27,-0.401,0.479,,-27.3,,,-1.97,-1.97,-1.21,-1.97,-1.97,,,,0.017,1.38,0.268,,1.59,,0.1,1.59,,,,,,,,,0.244,0.29,-0.942,,,,162.5,-1.5,,-48.6,,,0.518,,,9.04,29,144.9,22.38,0.243,United States,,-26.9,-27.3,0,-55.7,12.5,IQ61177529,,0.48,,30.37,11.1,,5.05,,16.2,,74.8,-64.7,1.64,48.1,,,100,0.801,29,152.1,16.6,1.28,2.19,0.068,0.243,1.29,10.26,,,,,,,,,,,-11.5,-15,-17.8,,,,,,,,-11.4,-15,-18.2,,,,
"Mirati Therapeutics, Inc. (NasdaqCM:MRTX)",NasdaqCM:MRTX,NA,NA,0,-0.3721483403611201,-1.3992882562277582,NA,NA,0.02678186787126694,0.0016804112996574782,453.5832803801513,92.49000000000001,-39.32000000000001,-34.42,0.7732803801512551,NA,NA,NA,NA,NA,4.904133207699765,NA,70.98,NA,1.937309534175011,NA,1,NA,NA,NA,0.7732803801512551,Biotechnology (Primary),Public Company,Common Stock,459.4,52.78,0.028,0.001,0.065,0.736,13.9,126.3,16.2,0.047,,,,-2.87,,,,,,,,,,,,,,,,0.279,0.177,Biotechnology,"Mirati Therapeutics, Inc., a biopharmaceutical company, is engaged in the development and commercialization of therapeutics for cancer and fungal diseases.",Healthcare,,430.1,0,-38.6,-38.8,-43.7,6.59,0.496,33.5,0,28.1,0.386,,12.7,,26.1,23.9,22.6,20.2,20.6,21.3,,-38.8,,0.123,,-43.7,,,-3.24,-3.24,-2.01,-3.24,-3.24,,,,0.622,0.731,0.235,,1.66,,,,,,,,,,0.025,0.303,0.29,0.223,34.5,,,,0.887,,,24.6,,,0.151,,,,33,28.1,28.42,0.4,United States,,-38.6,-43.7,0,,12.5,IQ121270,,0.38,,30.77,13.7,,0,,14.2,,,25.9,3.56,74.5,,,,0.379,33,32.7,64.2,1.3,3.94,33.4,0.4,1.46,14,1,,,-8.14,-13.3,-3.18,-22.5,-10.2,-22,-13.2,-10.1,-20.5,-31,-9.14,-13.1,-6.45,-22.3,-7.27,-22.5,-14.7,-9.78,-20.3,-52.9,,,,
"Sorrento Therapeutics, Inc. (NasdaqCM:SRNE)",NasdaqCM:SRNE,-8.172323759791123,-6.2250652741514365,0,-0.22373409406553812,-0.22117755289788413,NA,NA,0.10753902033368425,0.02859222464311493,386.1980421291272,106.564,-24.042000000000005,-23.842000000000002,13.098042129127132,NA,NA,NA,100.83499794494183,NA,3.6240948362404493,NA,57.664,NA,3.095505617977528,NA,1,NA,NA,NA,0.9980421291271313,Biotechnology (Primary),Public Company,Common Stock,445,56,0.075,0.012,0.054,2.38,1.28,2.13,36.2,0.215,,,,-1.02,,,,,,,,,,,,93.3,,,0.794,21.59,5.69,Biotechnology,"Sorrento Therapeutics, Inc., a biopharmaceutical company, focuses on the discovery, acquisition, development, and commercialization of proprietary drug therapeutics for addressing unmet medical needs in the United States, Europe, and internationally.",Healthcare,2006,385.2,3.83,-31.3,-34.5,-34.7,71.9,2.28,141.5,12.1,108.7,0.591,,10.5,,24,20.3,16.9,13.7,9.02,6.79,2.35,-34.5,-1.63,0.012,,-36.4,-1.7,,-1.3,-1.3,-0.847,-1.3,-1.3,,0.732,,0.053,3.96,1.69,24,1.66,,,8.83,,,,731.5,,,0.09,0.177,0.252,0.552,-0.087,,,,72.3,,7.5,-10,,,-0.497,,-0.371,15.2,66,108.7,12.29,0.513,United States,3.83,-31.3,-34.7,8.01,,14.29,IQ60048201,54.2,0.44,,14.3,3.1,-21.7,4.81,,31.7,24,,66.8,5.51,77.6,,,102.9,1.03,66,73.9,32.6,2.15,2.95,,0.513,2.24,6.33,1,,,,,,-0.016,-0.026,-0.954,-1.81,-3.24,-4.85,-15.7,,,,-0.016,-0.026,-0.942,-1.81,-3.24,-4.85,-21.9,,,,
"Paratek Pharmaceuticals, Inc. (NasdaqGM:PRTK)",NasdaqGM:PRTK,-17.949367088607595,-20.718987341772152,0,-24.070588235294004,NA,NA,NA,NA,0.025881547787321678,452.1109293923532,0.34000000000000163,-9.373999999999999,-8.184000000000001,11.740929392353209,NA,NA,NA,1144.584631373046,NA,1329.738027624562,NA,10.370000000000001,NA,0.667571848834578,NA,1,NA,NA,NA,1.440929392353209,Biotechnology (Primary),Public Company,Common Stock,441.9,46.08,,,,,,,14.4,0.031,,,,-2.06,,,,,,,,,,,,,,,,6.95,,Biotechnology,"Paratek Pharmaceuticals, Inc., a biopharmaceutical company, focuses on the development and commercialization of medicines to save lives and alleviate suffering.",Healthcare,,552.4,0.395,-7.09,-7.1,-8.29,1.53,0.027,2.09,10.3,-18.8,,,4.47,,3.03,3.06,3.85,4.63,3.65,5.38,,-7.1,-0.794,0.004,,-8.29,,3.39,-9.25,-9.25,-5.25,-9.25,-9.25,,,,,,,,5.5,10.3,,,,101.7,,-28.9,,,,0.513,0.513,0.531,,,,,0,-0.831,10.6,0.159,,,-1.83,,0.147,7.87,,-120.5,30.65,,United States,0.478,-7.44,-4.65,4.5,,33.33,IQ1267824,,0.43,,39.8,16,-2.63,,,,,,,1.18,44.9,,100,,,13,1.57,,,,,1.03,0.085,31.82,,0.395,United States: .4 (100.0%),,,,,,,0.681,33.3,-18.2,-7.54,,,,,,,1.52,34,-43.2,-4.65,,,0.395,Development and Commercialization of Proprietary Products That Address Important Therapeutic Needs in The Field of Neuroscience: .4 (100.0%)
"Dicerna Pharmaceuticals, Inc. (NasdaqGS:DRNA)",NasdaqGS:DRNA,NA,NA,0,-0.2362103458130895,-0.36480162767039676,NA,NA,0.0865529611390393,0.02133310548821711,410.51433976793766,139.95999999999998,-35.86,-33.06,9.314339767937682,NA,NA,NA,NA,NA,2.9330833078589436,NA,67.75999999999999,NA,3.0599110695062017,NA,1,NA,NA,NA,9.314339767937682,Biotechnology (Primary),Public Company,Common Stock,427.3,47.42,0.019,0.016,,0.935,0.85,,17.8,0.178,,62,,-2.6,,,,,,,,,,,,,,,0.534,0.668,0.111,Biotechnology,"Dicerna Pharmaceuticals, Inc., a biopharmaceutical company, focuses on the discovery and development of treatments for liver diseases and cancers based on a proprietary RNA interference technology platform in the United States and internationally.",Healthcare,2006,331.2,0,-44.4,-45.1,-47.9,26.1,2.17,103.6,0,98.3,2.01,,15.6,,29.5,23.7,18.7,14.4,11.6,18.9,,-45.1,-0.199,0.063,,-47.9,,0.204,-3,-3,-1.86,-3,-3,,,,0.024,5.22,3.06,,1.24,,0.077,,,,,,1.58,1.68,1.63,1.58,2.12,2.1,-2.93,,,,95,-5.03,,-73.7,,,-0.097,,,,42,98.3,23.98,0.741,United States,,-44.4,-47.9,2.5,,30,IQ39280611,,0.28,,31.72,8,-29.5,4.85,,46.6,,110.8,-68.9,5.23,51.5,,,,1.77,42,97.3,48.7,1.7,1.29,0.105,0.741,3.61,11.28,1,,,,,,,,,,-7.61,-9.25,-17.4,,,,,,,,-8.56,-10.1,-18.5,,,,
XOMA Corporation (NasdaqGM:XOMA),NasdaqGM:XOMA,-4.227513227513228,-4.169312169312168,0,-0.3851040953963444,-11.419354838709669,0.17800000000000002,NA,0.950470934588816,0.1233225638618867,403.98951131551144,204.61999999999998,-35.39999999999998,-78.79999999999998,59.48951131551148,NA,NA,NA,21.37510641881013,NA,1.9743402957458287,NA,244.42,NA,5.970678647434382,NA,1,NA,NA,NA,23.989511315511482,Biotechnology (Primary),Public Company,Common Stock,422.9,57.06,0.031,0.06,0.178,0.958,1.6,3.04,116.2,1.99,,,,-0.585,,,,17.8,,,,-28.1,,,,-31.3,,,,8.07,0.491,Biotechnology,"XOMA Corporation discovers and develops antibody-based therapeutics in the United States, Europe, and the Asia Pacific.",Healthcare,1981,380,18.9,-79.9,-81.7,-38.3,78.4,5.12,89.6,35.5,3.1,0.325,,19.9,,80.7,84.3,82.3,79.8,74.9,67.7,,-81.7,-4.3,,,-38.3,,,-0.357,-0.357,-0.222,-0.675,-0.675,,2.99,,,38.6,33.5,,5.99,,,16.3,,,,-46.8,10.7,3.85,3.74,3.64,3.53,3.43,6.57,,,,41.5,-5.92,,20,,,-3.77,,0.472,11.2,183,3.1,3.64,3.45,United States,18.9,-79.9,-38.3,31.2,-60.8,22.22,IQ36769,26.6,0.28,,5.95,3.22,-10.6,41,,101.7,,,-3.99,10.1,74,,37.7,60.2,19,183,83.8,127.1,9.62,12,2.22,3.45,7.7,8.15,1,18.9,"United States: 11.8 (62.3%);
Europe: 5.5 (29.2%);
Asia Pacific: 1.6 (8.5%)",-78.1,-36,-40.7,-2.54,-38.7,16.6,-67,-32,-51.6,-57.9,-78.9,2.78,-51.8,-12.3,-45.2,0.55,-68.8,-32.7,-71.1,-124.1,,,18.9,Discovers and Develops Innovative Antibody Based Therapeutics: 18.9 (100.0%)
"Heron Therapeutics, Inc. (NasdaqCM:HRTX)",NasdaqCM:HRTX,NA,NA,0,-0.4359051789219387,-0.9435816164817752,NA,NA,0.046844833750446915,0.007331382401324992,350.30118343195267,132.46,-59.54000000000001,-57.74,3.1011834319526628,NA,NA,NA,NA,NA,2.6445808805069655,NA,140.46,NA,1.4050964515360802,NA,1,NA,NA,NA,1.5011834319526627,Biotechnology (Primary),Public Company,Common Stock,419.9,49.38,0.106,0.093,0.012,1.84,1.92,0.714,29.5,0.161,,58,,-2.99,,,,,,,,,,,,,,,0.268,1.37,0.145,Biotechnology,"Heron Therapeutics, Inc., a biotechnology company, develops products to address unmet medical needs using its proprietary Biochronomer polymer-based drug delivery platform in the United States.",Healthcare,1983,348.9,0,-74,-74.6,-76.4,72.7,2.82,76.7,1.6,63.1,1.44,,21.4,,54.8,49.5,41,37.4,32.5,29.3,,-74.6,-0.887,0.003,,-76.4,,,-2.87,-2.87,-1.78,-2.87,-2.87,,,,,7.65,4.83,,2.55,1.6,0.105,,,,,,,,,,0.722,0.867,-5.64,,,,62.1,,,,,,1.29,,,60.1,59,63.1,14.22,1.72,United States,,-74,-76.4,0,,28.57,IQ24366,,0.23,,16.49,6.51,-53.1,1.03,,72.3,,,68.9,2.36,66.4,,334.2,,2.42,59,73.7,72.9,1.26,4.57,0.131,1.72,7.92,8.69,1,,,-9.32,-8.47,-18.9,-23.6,-23.4,-10.2,-9.93,-11.1,-23.8,-54.5,-9.22,-8.21,5.27,-20.2,-23.1,-10,-7.35,-11.8,-23.3,-55.3,,,,
"Synergy Pharmaceuticals, Inc. (NasdaqGS:SGYP)",NasdaqGS:SGYP,NA,NA,0,-0.2586286240220893,NA,NA,NA,NA,0.3287107636830284,473.7989374365342,260.76,-68.94,-67.44,203.8989374365342,NA,NA,NA,NA,NA,1.8169923969801127,NA,212.42000000000002,NA,8.345341018251682,NA,1,NA,NA,NA,3.8989374365341987,Biotechnology (Primary),Public Company,Common Stock,416.4,25.96,0.086,0.079,0.016,1.36,1.3,0.789,96.6,1.08,,,,-1.05,,,,,,,,,,,,,,,1.15,8.18,0.346,Biotechnology,"Synergy Pharmaceuticals Inc., a biopharmaceutical company, focuses on the development of drugs to treat gastrointestinal (GI) disorders and diseases.",Healthcare,,420,0,-94.1,-94.2,-95.7,146.5,0.642,213.3,200,-5.16,0.173,,11,,83.3,75.2,65,49.6,50.6,42.3,,-94.2,-2.91,0.036,,-95.7,,,-1.02,-1.02,-0.634,-1.02,-1.02,,,,3.6,0.865,0.223,,13.9,,,200,,,,,1.65,0.439,0.439,0.439,1.1,0.57,-2.54,,,,30.7,,200,0.455,,,0.316,,,,35,-5.16,4.31,2.2,United States,,-94.1,-95.7,0,-83,9.09,IQ731580,,0.21,,5.52,2.45,,0,,18.1,,,55.3,13.9,68.6,,100,,2.3,35,200.2,71.9,13.5,2.13,,2.2,16.6,3.2,1,,,,,0,0,-3.57,-8.2,-16.1,-20.2,-36.7,-62.3,,,-0.02,-0.02,-31.8,-8.13,-15.2,-14.5,-39.4,-62.1,,,,
"BioTime, Inc. (AMEX:BTX)",AMEX:BTX,-8.072519083969464,-8.12977099236641,0,-0.3117521789720959,-0.45135566188197757,0.225,NA,0.13627914746611922,0.023239519218980806,396.1928982912225,136.64700000000002,-28.299999999999994,-42.599999999999994,9.892898291222506,NA,NA,NA,75.60933173496612,NA,2.899389655764286,NA,102.92000000000002,NA,0.6974506974506974,NA,1,NA,NA,NA,9.365898291222507,Biotechnology (Primary),Public Company,Common Stock,415.8,15.61,0.018,0.015,0.09,0.617,0.518,1.24,83.2,0.243,,,,,,,,22.5,,,,22.2,,,,5.75,,,6.45,15.9,1.05,Biotechnology,"BioTime, Inc., a biotechnology company, engages in the research and product development in the field of regenerative medicine.",Healthcare,1990,416.6,5.24,-42.3,-50.7,-36.4,29.5,2.86,74.9,0.527,62.7,0.703,,17.6,,37.5,35.5,33.1,29.6,26.6,22.2,,-50.7,-0.091,0.003,,-51.1,-7.35,0.087,-0.549,-0.549,-0.37,-0.549,-0.549,,1.04,0.266,0.11,5.28,2.42,,2.3,0.06,0.417,,26.3,3.5,,18.2,4.03,1.39,1.35,1.32,1.44,1.68,0.41,,,,59.5,-0.026,0.471,-0.315,,,-0.47,-0.087,-0.062,77.5,119,33,5,3.2,United States,5.24,-42.3,-36.4,,,20,IQ25622,,0.20,,5.7,2.21,4.41,0,27.5,5.5,,,14.8,1.16,56.2,,89.7,,7.01,119,32.4,7.95,3.44,2.9,0.627,3.2,3.97,4.04,1,5.24,"Asia: 1.7 (31.6%);
United States: 3.6 (68.4%)",-1.92,-2.02,-1.75,-1.22,-2.82,-3.52,-9.85,-18.7,-25,-38.5,-3.09,-2.07,-1.87,-1.44,-3.78,-5.14,-11.2,-16.5,-21.4,-43.9,,,5.24,Research and Development of Therapeutic Products: 5.2 (100.0%)
Immune Design Corp. (NasdaqGM:IMDZ),NasdaqGM:IMDZ,-4.4849785407725316,-2.9785407725321886,0,-0.3711229946524065,-0.24151898734177213,NA,NA,0.0160327076555272,0.003155827110040155,324.4872215516116,37.39999999999999,-19.08,-13.879999999999999,1.2872215516115306,NA,NA,NA,69.63245097674069,NA,8.67612891849229,NA,41.8,NA,1.0329562223315296,NA,1,NA,NA,NA,1.2872215516115306,Biotechnology (Primary),Public Company,Common Stock,406.6,22.48,,,,,,,16.9,0.062,,,,-11.3,,,,,,,,,,,,,,,5.44,0.76,0,Biotechnology,"Immune Design Corp., a clinical-stage immunotherapy company, focuses on the development of novel immune-based therapies based on its DCVex and GLAAS discovery platforms for cancer and other chronic conditions.",Healthcare,2008,323.2,4.66,-20.9,-21.2,-26.4,83.4,0.309,85,0,79,0.228,,8.98,,16.7,13.6,13.1,11.6,8.6,,,-21.2,,0.006,,-26.4,,,-2.65,-2.65,-1.6,-2.65,-2.65,,0.05,0.481,,,,,3.07,,0.04,,,,,,,0.006,0.074,0.434,0.454,0.43,,,,,57.8,,,,,,2.1,-0.467,0.153,,,79,24.09,,United States,1.6,-14.7,-16,2.83,,7.14,IQ46099827,,0.44,,40.13,11.5,4.46,,,,,,,1.68,27.5,,,,,28,84.7,,,,,0.561,1.46,1.2,,4.66,United States: 4.7 (100.0%),,,,,,,,,-10.9,-15.1,,,,,,,,,-10.8,-16,,,4.66,Biotechnology: 4.7 (100.0%)
"Idera Pharmaceuticals, Inc. (NasdaqCM:IDRA)",NasdaqCM:IDRA,-527.3972602739726,-366.0547945205479,0,-0.2987367244270542,-0.6111059907834101,-0.226,NA,0.09767645640476995,0.011506414996362296,388.2980467683205,89.44999999999999,-26.522,-26.721999999999994,4.698046768320437,NA,NA,NA,5319.1513255934315,NA,4.34095077438033,NA,65.17999999999999,NA,5.8659563924677895,NA,1,NA,NA,NA,3.828046768320437,Biotechnology (Primary),Public Company,Common Stock,403.6,39.63,0.016,0,0.119,0.831,0.162,2.64,117.8,1.83,,,,-0.455,,,,-22.6,,,,-70.8,,,,11.3,,,,1.29,0.17,Biotechnology,"Idera Pharmaceuticals, Inc., a clinical-stage biopharmaceutical company, focuses on the discovery, development, and commercialization of novel therapeutics for oncology and rare diseases in the United States.",Healthcare,1989,363.2,0.073,-38.5,-38.8,-38.6,20,1.31,51.4,0.87,43.4,1.09,,11.3,,27.5,22.9,18.7,15.1,10.5,9.91,,-38.8,,0.039,,-38.6,,0.519,-0.473,-0.473,-0.292,-0.473,-0.473,,,,,4.41,3.1,,2.46,,0.251,0.742,,,,55.3,,,,1.05,1.55,1.52,-2.18,-0.798,,,45.6,-0.005,0.825,-19.5,,,2.8,,,2.77,45,43.4,3.43,1.67,United States,0.073,-38.5,-38.6,0.1,,16.67,IQ29643,3601.2,0.41,,5.48,1.94,-11.2,0,,26.3,,11,21.5,9.47,92.8,,,100,0.628,45,42.4,30.3,0.904,2.54,0.966,1.67,17,3.56,3,0.073,United States: .1 (100.0%),-12.9,-13.8,-16.6,-14.7,0.5,7.39,-18,-25.9,-19.9,-18.2,-12.7,-13.7,-16.5,-13.2,1.51,7.55,-18,-23.8,-19.2,-18.2,,,0.073,Discovering and Developing Novel Therapeutics That Modulate Immune Responses through TLRs: .1 (100.0%)
"Progenics Pharmaceuticals, Inc. (NasdaqGS:PGNX)",NasdaqGS:PGNX,0.018941441441441442,-0.08297297297297292,0,-0.03769954973393366,0.0034427542033627447,0.166,NA,0.07668100186354862,0.02508109052899072,294.27285829933913,97.72,0.4300000000000068,-3.6839999999999975,10.372858299339176,91.42857142857142,65.12961688460656,937.6744186046362,6.627767078813945,NA,3.0113882347455907,349.90827383988005,92.11999999999999,9.995341812415989,3.5776289682539684,3.42,1,-0.989,4.41,403.2,10.372858299339176,Biotechnology (Primary),Public Company,Common Stock,403.2,70.27,0.08,0.085,0.082,1.33,1.69,1.71,69.6,1.1,,,,-0.53,,,,16.6,,,,-1.94,-24.8,-69.4,-59.2,-19.4,,,,2.42,0.231,Biotechnology,"Progenics Pharmaceuticals, Inc. develops medicines for oncology in the United States and internationally.",Healthcare,1986,283.9,44.4,0.841,0.296,4.41,119.3,2.55,161,0,124.9,0.714,,14.9,,28.6,30.4,31.6,33.3,34.6,33,0.545,0.296,,0.051,,3.42,-0.989,,0.065,0.065,0.003,0.06,0.06,,0.044,,,12.4,9.82,7.7,1.04,,0.198,,,,,464.4,2.14,2.08,2.03,1.98,1.93,1.89,-2.26,,,,37.9,,,2.4,,,0.058,,2.77,,57,124.9,5.79,3.98,United States,44.4,0.841,4.41,13.8,,15.79,IQ373200,9.94,0.20,,7.84,3.1,15.8,0,,65.9,7.7,,79,5.77,78.3,,,,9.68,57,121.9,70.7,0.793,5.4,0.431,3.98,5.42,9.96,1,44.4,United States: 44.4 (100.0%),-40.6,-69.7,-16,-51.5,-50.9,-32.3,-69.9,10.3,-32,-40.4,-42,-69.4,-21.6,-43.7,-44.7,-30.6,-69.7,10.4,-35.4,-42.6,,,44.4,Developing Innovative Medicines for Oncology: 44.4 (100.0%)
Cellular Biomedicine Group Inc. (NasdaqCM:CBMG),NasdaqCM:CBMG,-1.4602409638554215,-1.7161445783132527,0,-0.215159662850065,-0.4573553719008265,NA,NA,0.010053650938498089,0.0009235540982532444,389.34865384615387,33.10099999999999,-16.602,-7.122,0.3686538461538461,NA,NA,NA,93.81895273401297,NA,11.762443849012234,NA,6.586,NA,3.1845536609829486,NA,1,NA,NA,NA,0.33365384615384613,Biotechnology (Primary),Public Company,Common Stock,398.8,0.375,0.01,0.007,0.006,1.33,0.925,1.4,9.95,0.027,,,,,,,,,,,,,,,,,,,9.89,19.3,2.49,Biotechnology,"Cellular Biomedicine Group, Inc., a biomedicine company, develops treatments for cancerous and degenerative diseases in Greater China.",Healthcare,,389.1,4.15,-6.06,-6.92,-16.4,9.82,1.3,41.6,0.035,36.3,0.136,,7.43,,2.45,1.91,1.91,1.89,3.53,4.02,,-6.92,-0.258,0.003,-4.26,-11.8,0.344,,-2.11,-1.56,-0.571,-2.11,-1.56,,0.175,0.348,0.276,2.85,1.56,7.68,0.224,0.035,2.77,,,,,4435.4,,,,,,0.347,-2.06,,,,18.7,-0.033,0.037,-0.002,,-2.76,0.02,-0.133,-0.024,,,36.3,40.1,,United States,4.07,-7.67,-13.8,,,33.33,IQ224236494,,0.20,,49,4.24,2.97,0.031,,3.47,6.81,,14.6,5.08,70.8,,,,,39,11.1,3.83,0.157,0.865,0.834,0.037,0.705,4.19,3,,,,,,,,,,-1.55,-7.06,-8.51,,,,,,,,-1.59,-7.03,-13.8,,,4.15,"Segment Adjustment: 3.9 (93.0%);
Biomedicine: .3 (7.0%)"
"Spectrum Pharmaceuticals, Inc. (NasdaqGS:SPPI)",NasdaqGS:SPPI,-0.033297644539614556,-0.10449678800856524,0,-0.04554575575155161,-0.132050274941084,0.932,NA,0.28380955435004335,0.20349668615321145,365.8920364358471,428.58,-33.61999999999999,-19.51999999999999,100.89203643584716,NA,NA,NA,1.95873681175507,NA,0.8537310103967687,NA,207.58,NA,2.690554570777412,NA,1,NA,NA,NA,4.59203643584716,Biotechnology (Primary),Public Company,Common Stock,394.9,67.49,0.045,0.066,0.179,0.655,0.838,1.74,65.8,0.968,,,,-0.695,,,,93.2,,,,37.5,,,,-1.07,,,,12.04,3.63,Biotechnology,"Spectrum Pharmaceuticals, Inc., a biotechnology company, develops and commercializes oncology and hematology drug products.",Healthcare,1987,358.1,186.8,-6.22,-31.6,-45.7,129.9,1.41,490,96.3,254.6,0.934,,97.4,,74.4,69.1,68.3,67.4,49.8,57,24.3,-31.6,-8.58,,,-43.5,2.19,,-0.707,-0.707,-0.451,-0.71,-0.71,,70.8,9.2,,7.45,6.05,18.2,8.99,,11.2,96.3,,0.123,,19.9,,0.46,1.16,1.12,1.15,1.21,-5.65,,,-1.73,2.55,,,-20.9,,,5.3,4.25,-21.7,9.12,241,254.4,6.01,1.9,United States,186.8,-6.22,-45.7,162.4,-22.9,14.29,IQ371481,-7.02,0.28,,9.27,5.65,159.8,91.5,,156.3,18.5,0.123,281.5,4.25,80.8,,124.6,,4.4,241,222.5,235.2,12.8,65.9,11.2,1.9,12.6,7.12,1,186.5,"United States: 178.0 (95.4%);
Europe: 3.4 (1.8%);
Asia Pacific: 5.2 (2.8%)",-12.8,-19.9,-26.5,-37.2,-14.5,-28.5,-48,56.5,88.2,-32.1,-12.3,-18.6,-23.3,-22,-14.2,-19,-47.1,49.9,94.2,-62.1,,,186.8,Developing and Commercializing Oncology and Hematology Drug Products: 186.8 (100.0%)
"Vanda Pharmaceuticals, Inc. (NasdaqGM:VNDA)",NasdaqGM:VNDA,-1.0796812749003983,-1.286454183266932,0,-0.3868919242751018,0.07848258706467659,1.074,NA,0.0692975207917619,0.03011454408928326,336.6727212425553,166.92000000000002,12.619999999999997,-64.58,11.972721242555256,19.089108910891092,16.074257425742577,30.554675118858963,6.706627913198313,NA,2.0169705322463174,NA,67.02,NA,4.31146265560166,20.2,1,0,20.2,385.6,11.972721242555256,Biotechnology (Primary),Public Company,Common Stock,385.6,70.91,0.141,0.06,0.113,2.38,2.82,1.89,41.6,0.794,,,,-1.07,,,,107.4,,,,61.6,,,,17.1,,,,1.53,1.32,Biotechnology,"Vanda Pharmaceuticals Inc., a biopharmaceutical company, focuses on the development and commercialization of products for the treatment of central nervous system disorders.",Healthcare,2002,255.8,50.2,-54.2,-57,20.2,60.9,2.44,171.7,0,160.8,0.769,,84,,19.2,20.4,24.8,27.3,28.5,32.9,2.25,-57,,,,20.2,,,0.58,0.58,-1.02,0.55,0.55,,3.65,5.17,0.154,4.17,1.73,,0.835,,0.275,,,,,48,7.09,1.62,1.58,1.54,1.5,1.4,31.7,,,,90.2,,,-11.3,,,0.174,-2.21,-1.62,,64,160.8,9.26,1.7,United States,50.2,-54.2,20.2,104.2,-25,28.57,IQ24545059,74.4,0.54,,17.69,8.34,48.6,0,,64.8,,,44.1,6.65,54.1,,,,5.59,64,141.7,135.6,0.661,5.18,27,1.7,6.88,10.65,3,50.2,United States: 50.2 (100.0%),-9.53,-24.3,-65.7,-80,-52.8,-35.9,8.84,-10.7,-29.2,-21.2,-9.47,-23.9,-63.5,-74.1,-51.1,-35.9,7.19,-9.8,-28.6,-21.1,,,50.2,Development and Commercialization of Pharmaceutical Products: 50.2 (100.0%)
Arrowhead Research Corp. (NasdaqGS:ARWR),NasdaqGS:ARWR,-217.2185430463576,-132.5165562913907,0,-0.29042300742385646,-0.300754975978037,-0.00756,NA,0.023445012003217698,0.009062088788688801,281.9979476740741,137.799,-43.81999999999999,-40.019999999999996,3.4979476740741133,NA,NA,NA,933.7680386558745,NA,2.046444079231882,NA,95.18,NA,3.9934640522875817,NA,1,NA,NA,NA,2.5789476740741133,Biotechnology (Primary),Public Company,Common Stock,382.5,53.96,0.098,0.107,0.144,2.43,2.75,2.75,54.8,2.8,,,,,,,,-0.756,,,,-37.6,,,,132.7,,,,1.08,0.283,Biotechnology,Arrowhead Research Corporation develops novel drugs to treat intractable diseases in the United States.,Healthcare,1989,255.3,0.302,-65.6,-66.8,-70.6,104,4.12,162.1,0.919,145.7,2.16,,28.5,7.19,46.6,31,23,17.6,14.7,12.8,1.23,-66.8,,0.842,,-70.6,0.005,,-1.38,-1.38,-0.806,-1.38,-1.38,,0.127,,0.063,8.57,4.45,,6,,1.86,,-0.555,0,,72.6,,0.46,0.638,0.614,0.597,0.58,0.319,,,,77,-0.274,,-23.7,,,5.44,,-0.04,,,146.3,6.98,,United States,0.175,-47.4,-58.6,,,60,IQ203142,38,0.23,,18.87,4.95,0.302,2.28,-1.82,59.7,,0,82.7,6.11,86.1,,4.89,,2.17,81,132.2,76.4,0.589,1.36,5.8,0.554,3.85,6.99,1,0.302,United States: .3 (100.0%),-4.2,-12,-18.4,-28.2,-33.8,-10.9,-7.01,-8.53,-21.9,-24,-3.85,-8.43,-19.6,-31.5,-29.9,-12.8,-5.67,-4.18,-23.3,-37.2,,,0.302,Nanotechnology: .3 (100.0%)
"Verastem, Inc. (NasdaqGM:VSTM)",NasdaqGM:VSTM,NA,NA,0,-0.30509362315045174,-0.5225225225225225,NA,NA,0.02443485385682833,0.005900821231334048,343.02416209831256,152.74,-46.4,-46.6,2.2241620983125188,NA,NA,NA,NA,NA,2.2458043871828766,NA,97.84,NA,4.2100346944222045,NA,1,NA,NA,NA,2.2241620983125188,Biotechnology (Primary),Public Company,Common Stock,374.7,45.84,0.016,0.016,0.03,0.648,0.68,0.902,36,0.312,,,,-1.73,,,,,,,,,,,,,,,,10.99,0.623,Biotechnology,"Verastem, Inc., a biopharmaceutical company, focuses on discovering and developing proprietary small molecule drugs targeting cancer stem cells (CSCs).",Healthcare,2010,282,0,-53.2,-53.6,-53.4,33.9,2.83,98.6,0,88.8,2.43,,18.2,,35.4,33.6,31.3,29,25.9,22.2,,-53.6,,0.242,,-53.4,,,-2.07,-2.07,-1.29,-2.07,-2.07,,,,,3.69,0.861,,3.22,,0.144,,,,,,,0.415,0.542,0.527,0.512,0.497,0.598,,,,9.55,,,45.6,,,0.287,,,,47,88.8,10.42,0.541,United States,,-53.2,-53.4,0,-61.4,30,IQ115881768,,0.41,,12.35,6.78,,0,,18.9,,,117.4,6.31,82.5,,,,0.307,47,95.3,102,2.76,5.01,0.038,0.541,4.21,10.38,3,,,,,,,,,-1.88,-13.7,-32.2,-41.4,,,,,,,-1.88,-13.7,-32,-41.2,,,,
Cellceutix Corporation (OTCPK:CTIX),OTCPK:CTIX,NA,NA,0,-0.28837131367292224,-0.9949438202247192,NA,NA,0.2833974319116195,0.007703559156664531,356.0457723751861,23.872,-7.0840000000000005,-6.8839999999999995,2.8157723751861736,NA,NA,NA,NA,NA,14.914786041185746,NA,24.202,NA,0.1874827681279294,NA,1,NA,NA,NA,0.7957723751861736,Biotechnology (Primary),Public Company,Common Stock,362.7,1.41,0.015,0.002,0.001,-0.736,-0.224,-0.275,116.6,0.376,,,,,,,,,,,,,,,,,,,6.86,27.77,9.72,Biotechnology,"Cellceutix Corporation, a clinical stage biopharmaceutical company, focuses on discovering and developing small molecule drugs to treat drug-resistant cancers, psoriasis, autism, and inflammatory diseases.",Healthcare,2007,355.3,0,-12.2,-12.6,-12.8,9.47,0.043,14.9,2.02,7.12,0.052,,2.07,,10.6,9.63,6.34,3.92,2.63,1.9,,-12.6,-0.202,0.003,,-12.8,,0,-0.116,-0.116,-0.073,-0.119,-0.119,,,,,,,,0.399,2.02,,,,,,,,0.054,0.207,0.207,0.207,0.207,1.13,,,,17.4,,,-0.882,,,0.307,,,10.1,,7.12,3.11,,United States,,-7.75,-8.25,,,28.57,IQ39474978,,0.16,,4.93,1.49,,2.02,,4.98,,,1.23,0.272,65.3,,,100,0.888,9,9.57,5.54,0.091,5.82,1.4,0.162,39,,1,,,,,,,-0.887,-2.66,-3.94,-6.14,-3.33,-4.35,,,,,-0.91,-2.7,-4.07,-6.59,-3.09,-4.58,,,,
"Advaxis, Inc. (NasdaqCM:ADXS)",NasdaqCM:ADXS,-20.1,-16.394,0,-0.6209142900427982,-0.4584076433121019,0.218,NA,0.009846676065777856,0.0008719622017967589,327.5122603550296,26.402999999999995,-14.393999999999998,-16.394,0.31226035502958577,NA,NA,NA,327.5122603550296,NA,12.40435785157102,NA,25.54,NA,5.980994969256567,NA,1,NA,NA,NA,0.24926035502958577,Biotechnology (Primary),Public Company,Common Stock,357.8,24.62,0,0,0.006,-0.195,-0.149,0.717,27.2,0.563,,,,-1.15,,,,21.8,,,,102.1,,,,,,,,4.7,0.822,Biotechnology,"Advaxis, Inc., a clinical stage biotechnology company, focuses on the discovery, development, and commercialization of Lm-LLO cancer immunotherapies in the United States.",Healthcare,2002,327.3,1,-20.1,-20.4,-18.4,30.6,0.07,34.5,0.063,31.4,0,,10.7,,10.7,8.69,7.32,5.64,6.2,5.62,,-20.4,-0.003,,,-20.1,-1.73,,-0.965,-0.965,-0.66,-0.965,-0.965,,,,0.891,0.334,0.263,,1.53,0.063,0.048,,,,,,,,,,0.02,0.24,1.24,,,,30,-0.065,,-0.604,,,-0.448,,,,,31.4,13.15,,United States,1,-19.3,-16.5,0.09,,8.33,IQ7924894,33.2,0.23,,14.5,2.46,1,0.228,,16,,,14.9,8.56,76.4,100,0,,0.5,20,31.5,16.2,2.31,0.739,0.286,0.33,0.468,15.51,1,,,-0.754,-2.07,-3.77,-4.84,-4.48,-5.88,-9.31,-13.3,-11.3,-18.5,-0.749,-2.02,-5.78,-3.82,-3.83,-3.31,-5.99,-13.2,-13.4,-19.5,,,,
Immunomedics Inc. (NasdaqGM:IMMU),NasdaqGM:IMMU,-10.135746606334841,-8.751131221719458,0,-0.32638595899080247,-2.396273291925466,0.00557,NA,0.4530062331852127,0.037054926244747016,356.9836077973105,118.51,-38.580000000000005,-38.68,13.333607797310567,NA,NA,NA,80.76552212608836,NA,3.012265697386807,NA,105.26,NA,1.6666666666666667,NA,1,NA,NA,NA,13.333607797310567,Biotechnology (Primary),Public Company,Common Stock,346.5,43.64,0.03,0.013,0.028,-0.77,-0.632,0.626,93.4,0.779,,,,-0.607,,,,0.557,,,,-40.8,,,,-53.2,,,0.037,6.01,0.358,Biotechnology,"Immunomedics, Inc., a biopharmaceutical company, focuses on the development of monoclonal antibody-based products for the targeted treatment of cancer, autoimmune, and other diseases in the United States.",Healthcare,1982,324.7,4.42,-44.8,-45.3,-45.2,2.85,2.05,26.8,0,16.1,0.603,,11.1,,38.4,35.6,33.7,30.3,30.2,29.1,,-45.3,,0.065,,-45.3,0.047,,-0.504,-0.504,-0.314,-0.505,-0.505,,0.551,0.677,0.381,29.6,27.6,,8.95,,,,-0.553,,,-54.9,12.7,0.974,0.974,0.929,0.838,0.838,-6.12,,,,30.6,,,1.89,,,2.29,0.204,-0.063,,,16.6,3.71,,United States,9.04,-35,-35.4,4.48,,33.33,IQ279328,40.2,0.20,,5.48,3.04,-34.2,0,-0.435,6.81,,,28.6,2.31,92.8,,,,4.42,120,24.5,30.2,2.84,,0.288,0.8,5.31,3.41,1,4.42,"Europe: 3.1 (69.5%);
United States: 1.3 (30.5%)",-24.8,-31,-15.8,-19.9,-13.9,35.8,-11.7,10.2,-29.5,-30,-22.9,-33.5,-18.1,-17.5,-14.4,34.4,-5.68,10.4,-26.5,-13.1,,,4.42,"Researching, Developing, Manufacturing and Marketing Biopharmaceutical Products, Particularly Antibody-Based Products for Cancer, Autoimmune and Other Serious Diseases: 4.4 (100.0%)"
Agenus Inc. (NasdaqCM:AGEN),NasdaqCM:AGEN,-5.014326647564469,-4.197707736389685,0,-0.49804521502634713,-1.5304347826086957,0.257,NA,0.43137916651154007,0.04800882312686773,337.74874659075743,58.83,-35.2,-29.3,17.448746590757445,NA,NA,NA,48.38807257747241,NA,5.741097171354028,NA,55.5,NA,3.078034682080925,NA,1,NA,NA,NA,11.418746590757443,Biotechnology (Primary),Public Company,Common Stock,346,31.29,0.003,0.007,0.075,0.295,0.474,1.65,70.8,1.01,,,,-0.315,,,,25.7,,,,15.9,,,,36.3,,,10.98,5.59,2.28,Biotechnology,"Agenus Inc., an immunotherapy company, engages in discovering and developing innovative treatments for patients with cancer and other diseases.",Healthcare,1994,311.8,6.98,-35,-36.6,-42.5,25.7,6,74.5,6.03,23,2.82,,21.3,,22.3,18.2,16.8,14.9,13,12.1,,-36.6,-1.26,,,-42.5,,0.204,-0.714,-0.714,-0.407,-0.714,-0.714,,,0.096,1.1,34.4,28.4,17.9,1.71,,0.575,4.77,,0,,129.1,5.29,1.65,1.6,1.55,1.73,1.92,0.429,-0.461,,,57,-3.37,,-14.5,,0.514,-0.046,-0.096,0.001,18.8,131,23,4.89,1.74,United States,6.98,-35,-42.5,14.2,,14.29,IQ409956,20,0.39,,6.49,2.27,-15.4,8.87,,27.4,2.57,0,-4.48,4.26,73.7,83,2.42,18.3,7.49,131,42.7,28.2,0.835,4.22,1.73,1.74,6.53,4.4,3,6.98,"United States: 3.7 (52.5%);
Europe: 3.3 (47.5%)",-66.8,-72.3,-49.2,-33.3,-37.8,-27.5,-21.1,-19.1,-6.74,-25,-56.2,-74.1,-51.9,-37.9,-30.8,-30.3,-21.9,-23.3,-11.3,-30.1,,,6.98,Pharmaceuticals: 7.0 (100.0%)
Catalyst Pharmaceutical Partners Inc. (NasdaqCM:CPRX),NasdaqCM:CPRX,NA,NA,0,-0.2406123627960716,-0.4042045454545454,NA,NA,0.008110588158526857,0.0008426153620897107,332.48782715066,55.39200000000001,-14.228,-13.328,0.28782715065999087,NA,NA,NA,NA,NA,6.002452107716998,NA,29.292000000000005,NA,1.6407852329329036,NA,1,NA,NA,NA,0.28782715065999087,Biotechnology (Primary),Public Company,Common Stock,341.3,22.9,0.03,0.005,0.007,0.9,-0.618,0.666,81.4,0.844,,,,-0.407,,,,,,,,,,,,,,,8.19,6.92,5.24,Biotechnology,"Catalyst Pharmaceutical Partners, Inc., a development-stage biopharmaceutical company, focuses on the development and commercialization of prescription drugs targeting rare (orphan) neurological diseases and disorders.",Healthcare,2002,302,0,-14.6,-14.6,-15.5,9.1,0.071,43.9,0,35.2,0.057,,4.47,,10.1,9.8,9.72,9.75,8.1,6.77,,-14.6,,,,-15.5,,,-0.242,-0.242,-0.151,-0.242,-0.242,,,,0.034,0.185,0.113,,1.81,,3.52,,,,,,,,,0.1,0.107,0.104,-0.772,,,,28.6,,,-8.68,,,0.963,,,,12,35.2,4.19,0.09,United States,,-14.6,-15.5,0,,10,IQ5103575,,0.41,,5.1,1.7,,0,,2.22,,,21.4,2.24,71.5,,,,0.28,12,43.8,25.3,0.851,1.28,0.008,0.09,3.89,1.5,1,,,-0.543,-1.82,-2.9,-5.03,-10.9,-7.28,-4.02,-6.08,-5.22,-10.3,-0.54,-1.81,-2.73,-4.14,-10.6,-7.24,-4.01,-6.39,-4.08,-12.2,,,,
Pfenex Inc. (AMEX:PFNX),AMEX:PFNX,-0.8226415094339623,-0.9394339622641512,0,-0.31379592865696104,-0.16741235392320533,NA,NA,0.12252129630545493,0.024077827968262216,301.66376497548765,31.734,-10.027999999999999,-9.958000000000002,8.36376497548766,NA,NA,NA,28.458845752404496,NA,9.506011375039,NA,13.724000000000002,NA,1.1873156342182891,NA,1,NA,NA,NA,4.55376497548766,Biotechnology (Primary),Public Company,Common Stock,339,39.41,,,,,,,20.5,0.097,,,,-1.23,,,,,,,,,,,,,,,4.68,4.5,2.76,Biotechnology,"Pfenex Inc., a clinical-stage biotechnology company, develops biosimilar therapeutics.",Healthcare,,297.1,10.6,-8.72,-9.72,-9.79,45.7,2.31,71,3.81,59.9,0.316,,9.1,,4.13,4.19,4.98,5.39,5.49,1.79,,-9.72,-0.085,0.008,,-9.79,,,-1.04,-1.04,-0.648,-1.04,-1.04,,1.58,0.023,5.03,4.25,1.94,5.58,1.13,,0.539,,,,,-10.7,2.63,0.574,0.558,0.624,0.608,0.586,1.44,,,-0.131,50.7,,0.223,1.25,,,-0.675,0.003,1.88,2.31,35,59.9,16.52,0.778,United States,10.6,-8.72,-9.79,8.5,-22.9,14.29,IQ82767498,-12.4,0.48,,18.72,5.28,3.41,3.59,,3.95,5.58,113.2,-94.5,1.61,49.8,,,,1.89,35,52.8,12.9,1.8,2.19,2.02,0.778,1.23,4.68,,10.6,"United States: 8.8 (82.5%);
Germany: 1.1 (10.0%);
Non-United States Excluding Germany: .8 (7.5%)",,,,,,,,,-4.63,-6.7,,,,,,,,,-2.59,-4.06,,,10.6,Biotechnology: 10.6 (100.0%)
Applied Genetic Technologies Corporation (NasdaqGM:AGTC),NasdaqGM:AGTC,-10.175438596491228,-7.277192982456141,0,-0.14667263855166077,-0.12990825688073396,NA,NA,0.000705218617771509,0.00021038359942962664,284.8692307692308,84.84199999999998,-12.744000000000002,-12.444,0.06923076923076922,NA,NA,NA,166.59019343229872,NA,3.357643982570317,NA,30.942,NA,0.8814589665653495,NA,1,NA,NA,NA,0.06923076923076922,Biotechnology (Primary),Public Company,Common Stock,329,51.34,,,,,,,16.4,0.071,,,,-1.68,,,,,,,,,,,,,,,,0.343,0.091,Biotechnology,"Applied Genetic Technologies Corporation, a clinical-stage biotechnology company, develops gene therapy products for inherited orphan ophthalmology diseases in the United States.",Healthcare,1999,253.7,1.71,-17.4,-17.8,-18.1,44.2,0.518,100.9,0,98.1,0.284,,6.81,,12.7,11.5,8.5,7.03,5.65,4.04,,-17.8,,0.107,,-18.1,,,-1.57,-1.57,-0.984,-1.57,-1.57,,0.971,,0.766,,,,0.517,,,,,,,35.3,,,,,,0.072,-0.74,,,,83.9,-0.001,,-33.8,,,-0.316,,-0.604,,,98.1,20.01,,United States,1.13,-12.2,-15.9,1.21,-32.7,5.56,IQ7604030,15.3,0.41,,34.37,11.1,-11,0,,9,,,30.1,1.16,52.8,,,,0.104,18,77.4,29.8,0.832,0.812,,0.123,1.02,6.21,3,1.71,United States: 1.7 (100.0%),,,,,,,,,,-7.11,,,,,,,,,,-10.8,,,1.71,Developing Gene Therapy Products: 1.7 (100.0%)
CTI BioPharma Corp. (NasdaqCM:CTIC),NasdaqCM:CTIC,-1.0083194675540765,-0.6166389351081533,0,-0.2657011757958131,-1.7859740259740264,0.07339999999999999,NA,0.45852542175368055,0.09083851623018654,288.0021376565645,139.48,-68.76000000000002,-37.06000000000001,32.60213765656448,NA,NA,NA,4.792048879476947,NA,2.0648274853496167,NA,154.48,NA,3.945755439779344,NA,1,NA,NA,NA,15.202137656564485,Biotechnology (Primary),Public Company,Common Stock,326.3,43.72,0.044,0.014,0.061,0.805,0.675,1.18,180.3,2.13,,,,-0.637,,,,7.34,,,,275.9,,,,,,,9.85,5.24,1.84,Biotechnology,"CTI BioPharma Corp., a biopharmaceutical company, engages in the acquisition, development, and commercialization of novel targeted therapies for blood-related cancers in the United States and internationally.",Healthcare,1991,269.4,60.1,-60.6,-61.7,-93.4,70.9,4.65,92.3,17.4,38.5,0.333,,56.2,,64.6,52.7,43.4,37.4,33.6,32.7,,-61.7,-2.68,,,-94.2,,2.63,-0.646,-0.646,-0.287,-0.646,-0.646,,2.01,4.18,,16.3,11.7,,6.36,,0.41,8.36,-3.28,,,73.2,6.02,2.47,2.41,2.35,2.29,2.6,-9.72,,,,,-1.53,4.96,-0.208,,,1.45,0.305,-1.98,18.7,132,41.8,1.81,2,United States,60.1,-60.6,-93.4,60.4,,15.38,IQ26241,-23.4,0.41,,3.6,1.77,59.2,13.3,-2.42,71.6,,,45.2,5.15,84.9,,,106.5,11.9,132,80.5,80.5,5.05,9.23,2.63,2,4.92,3.14,1,,,-153.5,-116.2,-98,-108.4,-86.7,-87.8,-78.3,-73.2,-71.4,-41.4,-252.3,-102.5,-135.8,-138.1,-180,-95.4,-82.6,-62.4,-101.4,-42.7,,,60.1,"Development, Acquisition and Commercialization of Novel Treatments for Cancer: 60.1 (100.0%)"
"T2 Biosystems, Inc. (NasdaqGM:TTOO)",NasdaqGM:TTOO,-252.10084033613447,-224.87394957983193,0,-0.48566243194192366,-0.5181132075471697,NA,NA,0.3179138627246988,0.0713329384392661,272.50279603059624,55.10000000000001,-27.459999999999997,-26.759999999999998,24.702796030596247,NA,NA,NA,2289.939462441985,NA,4.945604283676882,NA,54.900000000000006,NA,0.8240049751243781,NA,1,NA,NA,NA,3.7027960305962484,Biotechnology (Primary),Public Company,Common Stock,321.6,44.07,,,,,,,20.1,0.104,,,,-2.25,,,,,,,,,,,,,,,,2.89,0.769,Biotechnology,"T2 Biosystems, Inc., an in vitro diagnostics company, develops diagnostic products and product candidates in the United States.",Healthcare,2006,268.7,0.119,-30,-30.7,-31.4,73.8,2.76,79.1,21,53,2.08,,11,,19.8,18.9,17.4,16.4,14.9,11.7,,-30.7,-0.741,0.02,,-31.4,,4.57,-4.15,-4.15,-2.26,-4.15,-4.15,,0.201,0.115,0.08,6.1,3.34,,0.735,,0.087,20.7,,,,-55.3,0.532,0.414,0.404,0.393,0.686,1.71,-1.31,,,,58.2,-4.04,19.7,,,,-0.208,-0.115,-0.201,6.75,110,53,15.98,0.95,United States,0.119,-30,-31.4,3.57,-42.3,15.79,IQ30844795,1440.6,0.41,,24.5,13.4,-19.7,5.06,,30.2,,114,-89.5,1.06,49.3,,6.68,94,1.27,110,75.3,30.4,0.943,1.32,0.025,0.95,2.91,5.3,,0.119,United States: .1 (100.0%),,,,,,,,,-14.7,-19.7,,,,,,,,,-14.5,-20.6,,,0.119,Developing and Launching Commercially Its Diagnostic Products: .1 (100.0%)
"ChemoCentryx, Inc. (NasdaqGS:CCXI)",NasdaqGS:CCXI,NA,NA,0,-0.244720886472925,-0.4265193370165747,NA,NA,0.03155304537432277,0.011114920733181932,302.23830502670734,191.32,-46.32000000000001,-46.82000000000001,3.5383050267073437,NA,NA,NA,NA,NA,1.579752796501711,NA,98.82000000000001,NA,0.5400254129606099,NA,1,NA,NA,NA,3.5383050267073437,Biotechnology (Primary),Public Company,Common Stock,314.8,44.06,0.007,0.007,0.002,0.467,0.482,0.353,43.5,0.191,,,,-1.01,,,,,,,,,,,,,,,14.32,5.25,4.94,Biotechnology,"ChemoCentryx, Inc., a biopharmaceutical company, focuses on the discovery, development, and commercialization of orally-administered therapeutics to treat autoimmune diseases, inflammatory disorders, and cancer in the United States.",Healthcare,1997,241.4,0,-46.9,-47.4,-46.9,16.1,1.21,117,0,108.6,0.352,,13.6,,33.8,32.1,32.8,32.4,33.5,35.3,,-47.4,-0.024,0.494,,-46.9,,,-1.08,-1.08,-0.678,-1.08,-1.08,,,,,8.53,7.32,,0.748,,,,,,,,,0.315,0.937,0.915,0.894,0.872,-1.65,,,,2.12,-0.33,,38.7,,,-0.161,,0.393,,58,108.6,7.23,0.994,United States,,-46.9,-46.9,0,-49.1,6.25,IQ1001491,,0.39,,9.2,4.06,-33.8,0.33,,10.3,,,145.3,0.68,42.7,,,,4.51,58,74.3,134.3,0.909,5.65,,0.994,6.83,8.29,3,,,-11.2,-17.9,-19.1,,-20.1,15.7,-5.96,-4.3,-39.6,-39.1,-11,-17.3,-17.3,,-18.5,15.6,-3.1,-4.62,-39.9,-38.7,,,,
"Calithera Biosciences, Inc. (NasdaqGS:CALA)",NasdaqGS:CALA,NA,NA,0,-0.2117223650385604,-0.46795454545454546,NA,NA,0,0,313.2,77.80000000000001,-16.472,-16.472,0,NA,NA,NA,NA,NA,4.025706940874035,NA,42.6,NA,7.263729246487867,NA,1,NA,NA,NA,0,Biotechnology (Primary),Public Company,Common Stock,313.2,43.06,,,,,,,17.9,0.197,,75,,-2.31,,,,,,,,,,,,,,,,1.64,0.658,Biotechnology,"Calithera Biosciences, Inc., a clinical-stage biopharmaceutical company, focuses on discovering and developing small molecule drugs directed against tumor metabolism and tumor immunology targets for the treatment of cancer.",Healthcare,2010,348.5,,-21.4,-21.7,-21.7,,,,0,35.2,,,5.35,,16.4,14.5,13.3,11.6,9.9,6.56,,-21.7,,,,-21.7,,,-64.2,-64.2,-40.1,-64.2,-64.2,,,,,,,,,,,,,70.2,,,,,,,,,,,,,,,,,,,,,,,39,-35,17.45,,United States,,-21.4,-21.7,0,,16.67,IQ109127589,,0.44,,33.48,6.51,,,,,,,,9.1,45.6,,,,3.52,39,,,,,,,,,,,,,,,,,,,,-7.98,-12.4,,,,,,,,,-7.98,-12.4,,,,
"Adamas Pharmaceuticals, Inc. (NasdaqGM:ADMS)",NasdaqGM:ADMS,0.33512544802867383,0.5424372759856632,0.419,0.133328086854994,0.14934058463630182,NA,NA,0.018586648715593655,0.008943828085051545,250.08587612700157,131.898,21.967999999999996,30.268,2.785876127001563,30.264705882352942,24.245098039215687,14.052257829570285,4.481825737043039,8.262385229516372,1.8960551041486722,13.37357626347602,46.198,6.159750643522207,0.5547457078069323,17.6,1,7.37,10.2,308.7,2.785876127001563,Biotechnology (Primary),Public Company,Common Stock,308.7,39.66,,,,,,,17.6,0.092,,,,-2.49,,,,,,,,,,,,204.3,-79.9,-67.5,,4.29,3.34,Biotechnology,"Adamas Pharmaceuticals, Inc., a specialty pharmaceutical company, focuses on the development and commercialization of therapeutics targeting chronic disorders of the central nervous systems in the United States.",Healthcare,2000,186.4,55.8,18.7,18.5,10.2,61.4,1.23,161.2,0,147.1,1.29,,15.5,,21.9,15.7,11.7,8.09,7.41,7.76,,18.5,-0.917,,,17.6,7.37,1.26,0.604,0.604,0.741,0.53,0.53,41.9,0.524,,0.004,1.47,0.24,,3.69,,0.265,,,,-67.3,-21.4,0.223,0.654,0.634,0.624,0.624,0.428,-7.55,,,-0.37,45.8,,,-96.1,,,1.52,,-0.395,,43,147.1,17.5,0.277,United States,55.8,18.7,10.2,0.133,-19.8,4.55,IQ49682935,-86.6,0.44,,21.63,12,55.8,0,,85.6,,25.4,56.6,0.685,81.3,,,,0.502,43,123.5,86,2.1,2.02,0.103,0.277,4.98,6.1,,,,,,,,,,,-8.06,19.9,57,,,,,,,,-8.24,17.7,50.9,,,55.8,Development and Commercialization of Therapeutics Targeting Chronic Disorders of The Central Nervous Systems (CNS): 55.8 (100.0%)
"Organovo Holdings, Inc. (AMEX:ONVO)",AMEX:ONVO,-68.25775656324583,-60.525059665871126,0,-0.8747844084166954,-0.5209109730848862,NA,NA,0.11074445175685323,0.019772508200645727,254.21509546993957,28.990000000000002,-25.16,-25.36,6.015095469939603,NA,NA,NA,606.71860494019,NA,8.769061589166594,NA,30.682000000000002,NA,5.843393695506371,NA,1,NA,NA,NA,6.007095469939603,Biotechnology (Primary),Public Company,Common Stock,298.2,24.31,0.078,0.076,0.001,1.38,2.12,-0.223,81.5,1.23,,,,-0.35,,,,,,,,,,,,,,,,9.06,7.32,Biotechnology,"Organovo Holdings, Inc., a development-stage company, focuses on developing and commercializing functional human tissues that could be employed in drug discovery and development, biological research, and as therapeutic implants for the treatment of damaged or degenerating tissues and organs.",Healthcare,2007,248.2,0.419,-28.6,-29,-28.8,50,1.44,52.1,0.008,48.3,0.988,,17.7,,11.8,10.9,9.31,7.97,6.94,5.68,,-29,0,0.029,,-28.8,,,-0.365,-0.365,-0.227,-0.365,-0.365,,,0.069,,,,,0.495,,0.944,,,,,-12.5,2.44,1.03,1,0.986,0.981,0.766,-1.09,,,,20.6,-0.01,,0,,,0.184,0.013,0.007,,67,48.3,3.66,,United States,0.379,-20.3,-25.8,1.8,,18.18,IQ106718277,166.9,0.38,,9.25,3.63,-11.3,0.018,,49.8,,,48.7,6.97,90.7,,,,,50,50.5,50.5,0.311,1.56,1.02,0.562,5.94,4.87,3,0.419,United States: .4 (100.0%),,,,,,-0.791,-1.18,-2.31,-6.12,-18,,,,,,-0.872,-1.34,-4.38,-43.6,-35.5,,,0.419,Three-Dimensional (3D) Human Tissues: .4 (100.0%)
"Rigel Pharmaceuticals, Inc. (NasdaqGS:RIGL)",NasdaqGS:RIGL,-10.775757575757577,-11.767272727272728,0,-0.29874446085672085,-0.7549141965678627,0.0571,NA,0.2564377485477318,0.13068736827916927,323.1132710470572,324.96,-96.78,-97.08,44.21327104705718,NA,NA,NA,39.165244975400874,NA,0.9943170576288073,NA,211.95999999999998,NA,1.0710642638558312,NA,1,NA,NA,NA,44.21327104705718,Biotechnology (Primary),Public Company,Common Stock,294.1,71.62,0.074,0.071,0.123,1.31,1.52,1.34,88,0.666,,,,-0.74,,,,5.71,,,,61.5,,,,20.2,,,,0.387,0.044,Biotechnology,"Rigel Pharmaceuticals, Inc., a clinical-stage drug development company, engages in the discovery and development of small-molecule drugs for the treatment of inflammatory and autoimmune diseases, immuno-oncology related diseases, and muscle disorders.",Healthcare,1996,150.9,8.25,-88.9,-91.2,-90.9,15.2,2.51,154.1,0,128.2,0.413,,22.5,,67.7,71.1,72.6,71.9,75.3,77,,-91.2,,0.243,,-90.9,,,-1.04,-1.04,-0.649,-1.04,-1.04,,5.75,,,25.6,23.1,,1.61,,5.05,,,,,15.4,,,1.35,16.2,15.5,14.9,-4.45,,,,1.17,,,63.1,,,-2.29,,,,127,128.2,3.34,16.9,United States,8.25,-88.9,-90.9,19.9,-100,28.57,IQ33851,119.8,0.43,,4.2,1.56,-59.4,0,,20.9,,,208.3,1.26,84.1,,,,62.3,127,150.5,220.1,3.9,5.18,1.21,16.9,17,9.07,3,8.25,United States: 8.3 (100.0%),-56.9,-47.9,-43,-79.5,-136.7,-110.9,35.3,-86.4,-99.4,-87.8,-56.3,-45.3,-37.6,-74.3,-132.3,-111.5,37.9,-86,-98.8,-89,,,8.25,"Discovers and Develops Novel, Small-Molecule Drugs: 8.3 (100.0%)"
Threshold Pharmaceuticals Inc. (NasdaqCM:THLD),NasdaqCM:THLD,-2.0340136054421767,-0.6326530612244894,0,-0.09479156049332375,NA,NA,NA,NA,0.006763238799569135,283.68537551206197,98.11,0.4000000000000057,-9.299999999999994,1.9753755120619023,NA,NA,725.2499999999898,19.298324864766123,NA,2.891503164937947,NA,130.5,NA,2.1285763529817303,NA,1,NA,NA,NA,1.9753755120619023,Biotechnology (Primary),Public Company,Common Stock,290.1,40.56,0.015,0.024,0.061,0.529,0.623,2.75,71.3,0.611,,,,-0.467,,,,,,,,,,,,519.2,,,0.449,3.3,0.609,Biotechnology,"Threshold Pharmaceuticals, Inc., a biotechnology company, discovers and develops therapeutic agents that target tumor cells for the treatment of patients living with cancer in the United States.",Healthcare,2001,231.5,14.7,-29.9,-31.3,-21.6,8.39,0.557,68.4,0,-24,0.224,,10.1,,57.7,38.4,33.2,32.5,45.8,28.6,,-31.3,,0.121,,-21.8,-0.202,,-0.358,-0.358,-0.226,-0.488,-0.488,,7.25,,,2.87,2.31,,2.07,,,,,,,17.8,,,,0.238,0.953,0.918,-11.2,,,,5.52,,,23.6,,,0.385,,10.8,,61,-24,4.07,0.8,United States,14.7,-29.9,-21.6,16.3,-33.3,10,IQ3462053,24.1,0.48,,5.41,2.58,14.7,0,,7.28,,,-23.5,2.47,83.8,,,,2.94,61,66.7,86,1.69,10.6,14.7,0.8,8.17,3.69,3,14.7,United States of America: 14.7 (100.0%),-24,-46.5,-59.3,-31.2,-18.7,-21.3,-23.9,-30,-20,-26,-23.6,-44.4,-55.7,-30.7,-18.3,-23.6,-18.7,-25.7,-71.1,-28.4,,,14.7,"Discovery and Development of Drugs Targeting Tumor Hypoxia, The Low Oxygen Condition Found in Microenvironments of Most Solid Tumors as Well as The Bone Marrows of Some Hematologic Malignancies: 14.7 (100.0%)"
La Jolla Pharmaceutical Co. (NasdaqCM:LJPC),NasdaqCM:LJPC,NA,NA,0,-0.7087716321683067,-0.348659793814433,NA,NA,0.036845858503563575,0.006355037658518923,243.355387482056,23.576,-16.91,-16.71,1.8553874820559502,NA,NA,NA,NA,NA,10.32216607915066,NA,23.676000000000002,NA,1.7493967597380211,NA,1,NA,NA,NA,1.8553874820559502,Biotechnology (Primary),Public Company,Common Stock,290.1,34.97,0.022,0.003,0.021,1.08,0.658,1.31,15.2,0.176,,13.2,,-2.2,,,,,,,,,,,,,,,,22.25,9.45,Biotechnology,"La Jolla Pharmaceutical Company, a biopharmaceutical company, focuses on the discovery, development, and commercialization of therapeutics for chronic organ failure and cancer.",Healthcare,1989,248.2,0,-21.1,-21.1,-21.3,48.6,0.279,50.5,0,48.5,0.258,,11.4,,9.94,8.28,6.6,5.7,4.36,2.81,,-21.1,,,,-21.3,,,-2,-2,-1.23,-2,-2,,,,0.037,,,,0.73,,,,,6.72,,,,,0.036,0.613,0.732,0.627,0.636,,,,53.1,,,,,,-0.104,,,,25,41.7,19.03,0.176,United States,,-21.1,-21.3,0,,12.5,IQ30632,,0.26,,24.89,6.17,,0,,8.63,,10.3,-2.61,2.03,49.3,,,,0.519,25,50.3,8.71,0.834,0.26,,0.176,0.619,9.54,1,,,-40.7,-26.5,-42.1,-55.7,-60.7,-7.5,-3.47,-2.27,-10.7,-17.9,-40.5,-27.4,-39.4,-53.1,-62.9,-8.63,-3.76,-11.5,-7.74,-17.9,,,,
"Concert Pharmaceuticals, Inc. (NasdaqGM:CNCE)",NasdaqGM:CNCE,-3.438228438228438,-3.0396270396270393,0,-0.211139896373057,-0.495985401459854,NA,NA,0.18471952571583158,0.04107002807125114,288.9161320288155,123.52,-27.179999999999996,-26.08,12.416132028815518,NA,NA,NA,33.67320886116731,NA,2.339023089611525,NA,75.02,NA,5.148327009313557,NA,1,NA,NA,NA,5.316132028815518,Biotechnology (Primary),Public Company,Common Stock,289.9,38.63,0.04,0.046,,1.27,1.34,,21.6,0.171,,,,-1.27,,,,,,,,,,,,-23.9,,,5.47,5.32,3.01,Biotechnology,"Concert Pharmaceuticals, Inc., a clinical stage biopharmaceutical company, discovers and develops small molecule drugs for central nervous system disorders, genetic diseases, renal disease, inflammatory disease, and cancer.",Healthcare,2006,217.8,8.58,-29.5,-30.6,-31.7,13.4,2.28,84.5,7.1,54.8,0.804,,11.7,,27.5,25.7,22.8,22.3,21.8,22.3,,-30.6,-1.15,0.049,,-31.7,,0.055,-2,-2,-1.25,-2,-2,,1.02,,,8.2,5.92,,0.56,,0.376,,,,,-66.2,,,1.21,1.57,1.52,1.54,-2.63,,,,87.6,-8.18,,-43.6,,,-0.032,,-0.851,9.67,55,54.8,13.43,2.74,United States,8.58,-29.5,-31.7,21.6,-23.7,7.14,IQ27978054,74.3,0.41,,18.29,7.12,-18.9,15.5,,9.64,,112.7,-112.1,5.97,65.9,,,281.7,2.41,55,81.7,34,0.971,1.72,5.08,2.74,2.69,6.04,3,8.58,United States: 8.6 (100.0%),,,,,,,,-11.3,-18.6,-4.41,,,,,,,,-11.3,-20.4,-6.06,,,8.58,Biotechnology: 8.6 (100.0%)
"Genocea Biosciences, Inc. (NasdaqGM:GNCA)",NasdaqGM:GNCA,-106.16883116883118,-84.87012987012989,0,-0.31623518025647235,-0.8689230769230769,NA,NA,0.2938373705807892,0.04602558213818085,273.72339269458354,82.66,-28.24,-26.140000000000004,13.523392694583523,NA,NA,NA,888.7123139434531,NA,3.3114371242993412,NA,58.760000000000005,NA,2.6935426328933283,NA,1,NA,NA,NA,2.023392694583523,Biotechnology (Primary),Public Company,Common Stock,280.3,26.68,0.007,0.002,,-0.506,0.327,,24.1,0.05,,,,-2.01,,,,,,,,,,,,-44.7,,,,0.362,0.165,Biotechnology,"Genocea Biosciences, Inc., a biopharmaceutical company, discovers and develops novel vaccines and immunotherapies to treat infectious diseases.",Healthcare,2006,244.7,0.308,-32.7,-33.2,-35.3,20.1,1.96,50.4,11.5,32.5,1.52,,9.75,,23.7,19.4,16.6,16.1,15.7,15.4,,-33.2,-0.97,,,-35.3,,0.18,-2.27,-2.27,-1.4,-2.27,-2.27,,,,0.852,3.75,1.8,,2.69,,0.14,11.5,,,,-57.9,,,,0.17,1.01,0.976,-1.91,,,,62.8,-10.4,11.8,-27.1,,,0.516,,,10.9,57,32.5,11.62,0.803,United States,0.308,-32.7,-35.3,0.25,,18.75,IQ31231172,264.1,0.43,,23.99,6.15,-23.4,9.79,,12.2,,82.2,-80.1,3.02,63.7,,,100,2.95,57,48,12.9,2.18,1.36,0.092,0.803,2.29,7.26,,0.308,United States: .3 (100.0%),,,,,,,,-14.7,-13,-19.9,,,,,,,,-14.7,-13.4,-20.8,,,0.308,Developing and Commercializing Vaccines: .3 (100.0%)
"Cytokinetics, Incorporated (NasdaqCM:CYTK)",NasdaqCM:CYTK,-0.3049040511727079,-0.42686567164179107,0,-0.0920290521283442,-0.21520086862106408,0.133,NA,0.10939246921680834,0.039250735343400685,268.0125547074682,217.54000000000002,-19.82,-20.02,11.312554707468225,NA,NA,NA,5.714553405276508,NA,1.2320150533578569,NA,145.64000000000001,NA,1.7425063199711088,NA,1,NA,NA,NA,11.312554707468225,Biotechnology (Primary),Public Company,Common Stock,276.9,45.67,0.022,0.005,0.048,1.01,0.513,1.26,38.7,0.687,,,,-0.993,,,,13.3,,,,-10.5,,,,127.2,,,5.28,0.219,0.019,Biotechnology,"Cytokinetics, Incorporated, a clinical stage biopharmaceutical company, focuses on the discovery and development of novel small molecule therapeutics that modulate muscle function for the treatment of serious diseases and medical conditions.",Healthcare,1997,193.7,46.9,-14.3,-14.8,-14.6,20.2,1.64,133,0,92.1,1.1,,17.3,,44.4,49.5,51.5,52.1,49.5,45.5,,-14.8,,0.101,,-14.6,,,-0.41,-0.41,-0.256,-0.41,-0.41,,46.6,,,22,20.3,,1.36,,0.052,,,,,53.2,,,1.86,3.63,3.5,3.39,49.1,,,,49,,,-2.95,,,-2.18,,-46.6,,92,92.1,7.16,3.34,United States,46.9,-14.3,-14.6,38,-30.2,6.67,IQ27315,-25.4,0.44,,13.26,3.05,2.51,0,,20.2,,,54.4,1.93,77,,,,16,92,131.1,79.3,3.71,8.27,14.7,3.34,3.3,12.62,3,46.9,United States: 46.9 (100.0%),-38.4,-44.6,-61.3,-56.5,-56.6,26.1,-49.6,-46.8,-40.5,-33.9,-37.2,-42.3,-57.1,-48.9,-56.4,24.5,-49.3,-47.9,-40.4,-33.7,,,46.9,Discovery and Development of Novel Small Molecule Therapeutics: 46.9 (100.0%)
"Curis, Inc. (NasdaqGM:CRIS)",NasdaqGM:CRIS,-1.5955284552845528,-1.5589430894308944,0,-0.16925962705505906,-0.6087248322147651,0.10300000000000001,NA,0.5035293766477964,0.09937960503712656,296.37369243680195,90.63,-18.14,-15.340000000000002,30.223692436801933,NA,NA,NA,30.119277686666866,NA,3.270149977234933,NA,40.28,NA,1.4238773274917855,NA,1,NA,NA,NA,1.9236924368019324,Biotechnology (Primary),Public Company,Common Stock,273.9,50.85,0.058,0.072,0.169,1.58,1.69,2.01,107.8,0.887,,,,-0.265,,,,10.3,,,,2.76,,,,-12.6,,,15.87,1.87,0.061,Biotechnology,"Curis, Inc., a biotechnology company, engages in the discovery and development of drug candidates for the treatment of human cancers.",Healthcare,2000,252.5,9.84,-15.7,-15.9,-18.7,7.75,0.408,62.6,28.3,29.8,0.092,,11.7,,13.7,13.1,13.6,13.4,12.9,12.7,,-15.9,-3.75,0.165,,-18.7,,,-0.218,-0.218,-0.136,-0.218,-0.218,,1.96,,0.057,2.34,1.93,8.98,2.35,,,22.6,,,,-34.4,,,0.059,0.7,0.676,0.651,0.07,,,,0.283,-1.59,,16.4,,,0.361,,-0.484,12.7,35,29.8,2.54,0.614,United States,9.84,-15.7,-18.7,10.9,-20.4,20,IQ27159,37.5,0.48,,3.5,1.09,-4.16,30.6,,9.59,8.98,,45.2,1.56,82.3,,,,2.71,35,52.2,60.2,2.04,1.91,,0.614,11.3,2.66,3,9.84,United States: 9.8 (100.0%),-17.2,-15.9,-9.91,-7.36,-12.9,-10,-5.64,-7.2,-9.02,-9.42,-15.1,-14.9,-8.83,-6.96,-12.1,-9.82,-4.44,-9.86,-16.4,-12.3,,,9.84,Discovery and Development of Innovative Drug Candidates for The Treatment of Human Cancers: 9.8 (100.0%)
"Trevena, Inc. (NasdaqGS:TRVN)",NasdaqGS:TRVN,NA,NA,0,-0.20709630702389573,-0.3425981873111783,NA,NA,0.03135051231425506,0.01161438777110476,240.51386209602322,165.72,-34.02,-34.32,3.213862096023221,NA,NA,NA,NA,NA,1.451326708279165,NA,100.82000000000001,NA,1.7824497257769654,NA,1,NA,NA,NA,1.4138620960232213,Biotechnology (Primary),Public Company,Common Stock,273.5,31.24,0.026,0.029,,0.931,0.988,,39.2,0.117,,,,-2.06,,,,,,,,,,,,,,,8.65,1.31,0.701,Biotechnology,"Trevena, Inc., a clinical stage biopharmaceutical company, discovers, develops, and intends to commercialize therapeutics for G protein coupled receptors.",Healthcare,2007,168.5,0,-49.7,-50,-49.7,36.2,0.553,108.3,1.8,99.3,0.44,,9.4,,40.5,36.2,29.8,24.3,18.8,15,,-50,-0.071,0.017,,-49.7,,0.029,-2.02,-2.02,-1.26,-2.02,-2.02,,,,,4.44,3.89,,4.34,,0.038,1.79,,0.083,,,,0.515,0.284,0.277,0.27,0.262,-7.51,,,,107.4,-0.001,1.78,-70.7,,,4.19,,,14.8,42,99.2,6.97,0.49,United States,,-49.7,-49.7,4.5,,21.43,IQ41390678,,0.48,,8.16,3.8,-40.5,0,,38,,120.9,-81.6,1.95,35.9,,,111,1.06,42,107.6,41.9,0.545,2.16,0.033,0.49,3.57,3.75,3,,,,,,,,,,-15.8,-15.6,-23.3,,,,,,,,-15.8,-15.6,-23.3,,,,
"Tokai Pharmaceuticals, Inc. (NasdaqGM:TKAI)",NasdaqGM:TKAI,NA,NA,0,-0.14916116611661168,-0.21155511811023622,NA,NA,0,0,271.9,145.44,-21.494,-21.694000000000003,0,NA,NA,NA,NA,NA,1.8694994499449944,NA,43.839999999999996,NA,0.3926075763148217,NA,1,NA,NA,NA,0,Biotechnology (Primary),Public Company,Common Stock,271.9,22.65,,,,,,,22.4,0.164,,,,-1.37,,,,,,,,,,,,,,,,10.38,0.043,Biotechnology,"Tokai Pharmaceuticals, Inc., a clinical-stage biopharmaceutical company, focuses on developing novel proprietary therapies for the treatment of prostate cancer and other hormonally-driven diseases in the United States.",Healthcare,2004,166.7,0,-23.4,-23.5,-23.3,,,,0,101.6,,,8.89,,14.6,15.1,15,14.3,12.2,7.37,,-23.5,,,,-23.3,,,-3.6,-3.6,-2.25,-3.6,-3.6,,,,,,,,,,,,,,,,,,,,,,,,,,,,,,,,,,,,,101.6,12.15,,United States,,-23.4,-23.3,0,-23,16.67,IQ21766682,,0.41,,30,9.67,,0,,31.8,,85.3,-55.3,0.427,28.5,,,,,,,32.2,0.005,2.2,,,,,,,,,,,,,,,,-9.65,-15.3,,,,,,,,,-9.65,-15.7,,,,
"Stemline Therapeutics, Inc. (NasdaqCM:STML)",NasdaqCM:STML,-85.97014925373134,-76.59701492537313,0,-0.2777657501623728,-0.45956678700361014,NA,NA,0.015385586135094489,0.003174878744805286,247.6656804733728,92.38,-25.46,-25.66,0.865680473372781,NA,NA,NA,739.3005387264859,NA,2.6809447983694827,NA,61.980000000000004,NA,1.278513612950699,NA,1,NA,NA,NA,0.865680473372781,Biotechnology (Primary),Public Company,Common Stock,271.8,43.83,0.009,0.009,0.075,-0.513,-0.671,-2.2,17.8,0.164,,,,-1.84,,,,,,,,,,,,,,,,12.88,10.88,Biotechnology,"Stemline Therapeutics, Inc., a clinical stage biopharmaceutical company, focuses on the discovery, acquisition, development, and commercialization of proprietary therapeutics for cancer stem cells and bulk tumors in the United States.",Healthcare,2003,217.7,0.335,-28.8,-29,-28.8,25,0.23,60.5,0,55.4,,,8.09,,21.2,21.8,20.1,20.1,16.2,11.1,,-29,,0.156,,-28.8,,,-2.23,-2.23,-1.39,-2.23,-2.23,,,,,0.46,0.23,,,,,,,,,372.2,,,,,0.304,0.608,1.79,,,,0.135,,,6.39,,,-0.54,,0.2,,22,55.4,15.25,0.6,United States,0.335,-28.8,-28.8,0.14,-32.5,11.11,IQ10332207,370.5,0.44,,21.28,10.5,0.335,0,,44.2,,,79.6,1.39,87.1,,,,1.52,22,55.6,44.7,,4.73,0.286,0.6,1.64,8.64,3,0.335,United States: .3 (100.0%),,,,,,-2.08,-2.26,-2.72,-6.47,-22.6,,,,,,-1.78,-1.8,-2.76,-6.28,-24.2,,,0.335,"Discovering, Acquiring, Developing and Commercializing Proprietary Therapeutics: .3 (100.0%)"
"Stemline Therapeutics, Inc. (NasdaqCM:STML)",NasdaqCM:STML,-85.97014925373134,-76.59701492537313,0,-0.2777657501623728,-0.45956678700361014,NA,NA,0.015385586135094489,0.003174878744805286,247.6656804733728,92.38,-25.46,-25.66,0.865680473372781,NA,NA,NA,739.3005387264859,NA,2.6809447983694827,NA,61.980000000000004,NA,1.278513612950699,NA,1,NA,NA,NA,0.865680473372781,Biotechnology (Primary),Public Company,Common Stock,271.8,43.83,0.009,0.009,0.075,-0.513,-0.671,-2.2,17.8,0.164,,,,-1.84,,,,,,,,,,,,,,,,12.88,10.88,Biotechnology,"Stemline Therapeutics, Inc., a clinical stage biopharmaceutical company, focuses on the discovery, acquisition, development, and commercialization of proprietary therapeutics for cancer stem cells and bulk tumors in the United States.",Healthcare,2003,217.7,0.335,-28.8,-29,-28.8,25,0.23,60.5,0,55.4,,,8.09,,21.2,21.8,20.1,20.1,16.2,11.1,,-29,,0.156,,-28.8,,,-2.23,-2.23,-1.39,-2.23,-2.23,,,,,0.46,0.23,,,,,,,,,372.2,,,,,0.304,0.608,1.79,,,,0.135,,,6.39,,,-0.54,,0.2,,22,55.4,15.25,0.6,United States,0.335,-28.8,-28.8,0.14,-32.5,11.11,IQ10332207,370.5,0.44,,21.28,10.5,0.335,0,,44.2,,,79.6,1.39,87.1,,,,1.52,22,55.6,44.7,,4.73,0.286,0.6,1.64,8.64,3,0.335,United States: .3 (100.0%),,,,,,-2.08,-2.26,-2.72,-6.47,-22.6,,,,,,-1.78,-1.8,-2.76,-6.28,-24.2,,,0.335,"Discovering, Acquiring, Developing and Commercializing Proprietary Therapeutics: .3 (100.0%)"
"Peregrine Pharmaceuticals, Inc. (NasdaqCM:PPHM)",NasdaqCM:PPHM,-2,-1.5665271966527199,0,-0.37802907915993544,-0.7437751004016065,0.15,NA,0.06762901302453049,0.013661303076052076,209.21221541175032,99.03999999999999,-37.040000000000006,-37.440000000000005,3.6122154117502885,NA,NA,NA,8.753649180407963,NA,2.112401205692148,NA,104.44,NA,1.1503067484662577,NA,1,NA,NA,NA,3.6122154117502885,Biotechnology (Primary),Public Company,Common Stock,260.8,16.12,0,0,0.023,0.042,0.061,1.42,188.3,1.22,,,,-0.332,,,,15,,,,-5.27,,,,14.6,,,,5.83,0.092,Biotechnology,"Peregrine Pharmaceuticals, Inc., a biopharmaceutical company, is engaged in the research and development of novel monoclonal antibodies for the treatment and diagnosis of cancer in the United States.",Healthcare,1981,205.6,23.9,-47.8,-48.9,-48.5,55.2,8.96,79.1,0,49.8,5.02,,18,,40.3,35.7,32.6,27.7,24.7,23.5,,-48.9,-0.001,0.389,,-48.5,,2.98,-0.286,-0.286,-0.169,-0.286,-0.286,,5.57,6.15,,16.9,7.95,,6.81,,8.8,,,0.001,,18.7,,,0.73,1.07,1.08,1.08,-3.14,-2.55,,,12,-0.017,,0.594,,,2.46,-0.924,-3.5,,,49.8,1.39,,United States,22.4,-34.7,-35.4,24.8,-61.2,4.76,IQ189510,18.5,0.31,,2.09,1.19,9.28,0,,63.2,,,55.1,1.2,94.2,,,,5.03,182,68.6,72.2,1.88,4.67,14.2,0.938,17.2,1.58,1,,,-14,-18.3,-22,-23.1,-19.2,-9.42,-32.3,-41.1,-30.8,-33.6,-14,-16.7,-20.6,-22.3,-19.1,-10.4,-31.9,-41.3,-32.2,-33.6,,,23.9,"Contract Manufacturing Services: 23.9 (99.8%);
Products in Research and Development: .0 (.2%)"
"Ardelyx, Inc. (NasdaqGM:ARDX)",NasdaqGM:ARDX,-0.039873417721518985,-0.00632911392405061,0,-0.005717552887364187,-0.030477759472817157,NA,NA,0.05793229838402353,0.014121355405367835,157.03273651763902,34.980000000000004,-1.8500000000000014,-0.1999999999999993,3.732736517639034,NA,NA,NA,4.9693903961278165,NA,4.489214880435649,NA,81.58,NA,1.0840368380660015,NA,1,NA,NA,NA,3.732736517639034,Biotechnology (Primary),Public Company,Common Stock,260.6,27.5,,,,,,,18.6,0.081,,,,1.42,,,,,,,,,,,,,,,0.003,9.9,0.45,Biotechnology,"Ardelyx, Inc. discovers, develops, and commercializes minimally-systemic small molecule therapeutics for the gastrointestinal (GI) tract to treat cardio-renal, GI, and metabolic diseases.",Healthcare,2007,153.3,31.6,-1.26,-1.56,-3.21,107.3,2.13,113.4,0,60.7,1.86,,7.89,,25.9,26.9,27.7,29.8,28.1,10.2,,-1.56,,,,-3.15,0.067,,-0.314,-0.314,-0.192,-0.314,-0.314,,2.58,,,5.77,3.63,,3.13,,,,,,,9.32,,0.653,0.921,0.895,0.868,0.843,-8.01,,,-0.002,61.3,,,,,,0.831,,3.85,,34,60.7,14.01,0.6,United States,31.6,-1.26,-3.21,70,,40,IQ58915635,70.7,0.41,,35.48,11.4,18.5,0,,34.4,,62.6,-63.5,1.13,36.8,,,,1.57,34,111.1,41.8,2.28,1.03,13.8,0.6,1.01,5.51,3,31.6,United States: 31.6 (100.0%),,,,,,,,,-8.81,-2.87,,,,,,,,,-9.79,-6.56,,,31.6,Development of Biopharmaceutical Products: 31.6 (100.0%)
BioSpecifics Technologies Corp. (NasdaqGM:BSTC),NasdaqGM:BSTC,0.5063829787234042,0.4846808510638298,0.33899999999999997,0.18413802380564157,0.14798679867986797,0.174,NA,0.004280468345638598,0.0005087513821079214,246.22025574647245,24.532000000000004,4.484,6.834,0.13025574647246244,55.03225806451613,53.289302728453876,57.069580731489744,17.462429485565423,36.02871755142998,10.036697201470423,34.48462965636869,4.042,29.311935207913386,1.426338413442751,7.03,1,2.39,4.65,255.9,0.13025574647246244,Biotechnology (Primary),Public Company,Common Stock,255.9,48.8,0.196,0.082,0.131,1.08,0.776,1.03,6.74,0.038,,,,,,,,17.4,,,,34.9,-11.1,10.5,10.8,7.3,-12.1,-11.9,,13.58,2.75,Biotechnology,"BioSpecifics Technologies Corp., a biopharmaceutical company, engages in the development of an injectable collagenase clostridium histolyticum for multiple indications in the United States.",Healthcare,1957,235.2,14.1,7.14,7,4.65,9.81,,31,0,30.3,,,5.81,,1.26,1.28,1.39,1.57,1.48,1.41,,7,,0.032,,7.03,2.39,,0.717,0.717,0.679,0.66,0.66,33.9,2.99,,0.587,,,,0.309,,0.078,,,,-10.9,-2.7,,,,0.003,0.008,0.125,-1.13,,,-0.83,2.15,,,-5.2,,,-0.091,,2.02,,5,30.3,37.95,0.14,United States,14.1,7.14,4.65,,,16.67,IQ352160,,0.36,,42,22.2,14.1,0,,5.63,,,22.3,1.46,74.1,,,,0.147,5,25.1,18.3,0.41,0.225,0.147,0.14,0.76,11.04,3,14.1,United States: 14.1 (100.0%),-3.37,-1.12,-3.16,-4.49,3.78,-2.17,-2.03,5.19,5.12,7.94,-3.66,-1.3,-0.751,-4.54,3.74,-1.96,-1.51,6.6,2.98,5.29,,,14.1,Pharmaceuticals: 14.1 (100.0%)
"Navidea Biopharmaceuticals, Inc (AMEX:NAVB)",AMEX:NAVB,-4.235668789808917,-5.38216560509554,0,-0.5199999999999999,NA,0.00529,NA,NA,0.12410545750395331,282.91088240025204,65,-42.400000000000006,-33.8,35.79088240025208,NA,NA,NA,45.049503566919114,NA,4.352475113850032,NA,66.38,NA,0.49584323040380046,NA,1,NA,NA,NA,1.8908824002520799,Biotechnology (Primary),Public Company,Common Stock,252.6,23.21,0.017,0.009,0.026,0.567,0.421,0.77,150.3,0.866,,,,-0.125,,,,0.529,,,,,,,,119,,,,1.15,,Biotechnology,"Navidea Biopharmaceuticals, Inc., a precision medicine company, focuses on the development and commercialization of precision diagnostics, therapeutics, and radiopharmaceutical agents.",Healthcare,1983,281,6.28,-26.6,-27.1,-35.7,5.48,2.51,11.9,33.9,-29.8,1.11,,15.5,,16.8,23.9,26,25.3,23.7,18.6,,-27.1,-3.71,0.016,,-35.7,,,-0.24,-0.24,-0.137,-0.24,-0.24,,0.817,0.932,,4.12,1.61,,1.48,,0.161,29.5,,0,,455,0.855,0.291,0.284,0.278,0.272,0.296,1.21,,,,0.088,-25,30,-0.411,,,-0.945,0.761,0.334,11.2,50,-29.8,1.68,0.357,United States,6.28,-26.6,-35.7,12.3,,6.25,IQ326954,113.5,0.38,,2.02,0.967,5.23,27.7,,32.9,,0,-4.01,0.501,89,9.43,108.5,,1.39,50,8.6,37.3,2.42,4.66,0.118,0.357,5.35,2.16,3,,,-1.99,-3.63,-3.46,-1.02,-2.51,-7.41,-12.7,-21.4,-28,-38.4,-3.54,-4.93,-4.74,-5.09,-5.17,-39.6,-50,5.61,-29.2,-42.7,,,6.28,Radiopharmaceutical Products Under Development: 6.3 (100.0%)
Synta Pharmaceuticals Corp. (NasdaqGM:SNTA),NasdaqGM:SNTA,NA,NA,0,-0.3452014889140637,-1.375115207373272,NA,NA,0.2158097392255214,0.06704537550463639,221.21556810423306,247.16000000000003,-89.52,-85.32,17.915568104233046,NA,NA,NA,NA,NA,0.8950298110706952,NA,214.16000000000003,NA,1.9554753309265944,NA,1,NA,NA,NA,4.0155681042330444,Biotechnology (Primary),Public Company,Common Stock,249.3,26.42,0.021,0.023,0.261,0.51,0.908,2.37,108.4,1.31,,,,-0.773,,,,,,,,,,,,,,,,19.97,0.461,Biotechnology,"Synta Pharmaceuticals Corp., a biopharmaceutical company, focuses on the research, development, and commercialization of novel oncology medicines for cancer patients.",Healthcare,2000,165.5,0,-81.3,-82,-86.2,46,1.02,100.7,13.9,65.1,0.144,,13.7,,68.2,72.5,73.9,73.1,71.9,66.2,,-82,-2.21,,,-86.2,,,-0.875,-0.875,-0.534,-0.875,-0.875,,,,,21.5,20.5,,3.14,,,4.61,,,,,,,,0.025,2,2.23,1.97,,,,94.8,-9.49,,-8.69,,,-3.45,,,12.2,110,65.1,2.3,2.3,United States,,-81.3,-86.2,2.57,-96.4,13.33,IQ3609766,,0.51,,4.97,2.18,-68.2,23.4,,48.5,,,49.1,1.95,52.2,,,180.5,6.44,110,99.3,92.2,6.59,16.1,,2.3,8.83,6.17,3,,,-45.3,-71.2,-59.2,-66.2,-93.7,80.5,-36.9,-45.4,-60.9,-87.6,-45.9,-68.9,-57.3,-63.5,-92.6,79.1,-37.5,-47.4,-62.8,-90.2,,,,
"Vitae Pharmaceuticals, Inc. (NasdaqGM:VTAE)",NasdaqGM:VTAE,-0.053164556962025315,0.16455696202531647,0,0.07315700619020822,0.05567010309278351,NA,NA,0.13552847938353704,0.035891010106356445,193.2243694118425,53.31,3.24,3.9000000000000004,9.124369411842533,NA,NA,75.64814814814814,8.152926979402638,49.544710105600636,3.6245426638874974,NA,49.94,NA,1.9379844961240311,NA,1,NA,NA,NA,2.954369411842534,Biotechnology (Primary),Public Company,Common Stock,245.1,22.43,,,,,,,21.9,0.229,,,,-1.68,,,,,,,,,,,,,,,5.02,1.3,1.22,Biotechnology,"Vitae Pharmaceuticals, Inc. focuses on discovering and developing drugs for various diseases.",Healthcare,2001,183.5,23.7,-1.26,-1.46,-2.12,61,0.406,69.9,6.17,58.2,0.219,,7.13,,18,16.8,15.6,14.9,15.9,,,-1.46,-1.08,0.049,,-2.12,,1.16,-3.76,-3.76,-1.52,-3.76,-3.76,,,,,,,,2.37,,0.535,0.51,,,,,,0.069,0.822,0.806,0.79,0.778,,,,-0.005,51.2,-5.34,,6.15,,,2.39,,4,13.2,,58.2,11.21,,United States,22.5,2.4,1.16,0.189,-23.8,16.67,IQ2706719,,0.48,,23.35,5.41,5.68,,,,,,,1.9,48.3,,,148.7,,49,69.3,,,,,0.781,1.29,4.32,,23.7,United States: 23.7 (100.0%),,,,,,,,,1.51,2.19,,,,,,,,,0.223,1.16,,,23.7,"Discovering and Developing Novel, Small Molecule Drugs for Diseases: 23.7 (100.0%)"
"Asterias Biotherapeutics, Inc. (AMEX:AST)",AMEX:AST,-9.918032786885245,-8.398360655737704,0,-0.1698551109048108,-0.08730061349693248,NA,NA,0.21563813822401043,0.03579789695399699,247.28244915603815,60.322,-2.845999999999999,-10.245999999999999,8.962449156038165,NA,NA,NA,202.69053209511324,NA,4.099374177846195,NA,30.424,NA,1.1184755592377795,NA,1,NA,NA,NA,8.584449156038165,Biotechnology (Primary),Public Company,Common Stock,241.4,9.06,,,,,,,32.3,0.07,,,,-0.31,,,,,,,,,,,,,,,74.15,2.88,2.87,Biotechnology,"Asterias Biotherapeutics, Inc., a biotechnology company, focuses on the development of therapeutic products to treat neurology, oncology, cardiology, metabolic diseases, ophthalmology, orthopedics, and blood and vascular diseases.",Healthcare,2012,224.3,1.22,-12.1,-17.5,-10.1,3.08,1.45,44.1,0.378,32.6,0.334,,5.28,,13.3,10.3,8.88,6.73,4.32,,,-17.5,-0.01,,,-17.5,-7.38,,-0.329,-0.329,-0.355,-0.329,-0.329,,0.118,,,2.2,0.751,,0.737,,0.615,,,,,,4.03,1.39,1.35,1.31,1.27,1.04,12.4,,,,0.476,,,12.4,,,0.12,,-0.118,,25,32.6,7.47,0.085,United States,1.22,-12.1,-10.1,5.5,,62.5,IQ234501591,115.9,0.23,,8.94,3.05,1.13,0,,2.17,,,53.8,1.08,23,,,,6.07,25,18.4,50.1,0.567,0.096,17.6,0.085,3.15,,1,1.22,United States: 1.2 (100.0%),,,,,,,,,-3.03,-8.2,,,,,,,,,-3.04,-22.4,,,1.22,Biotechnology: 1.2 (100.0%)
"Athersys, Inc. (NasdaqCM:ATHX)",NasdaqCM:ATHX,-17.716049382716047,-16.617283950617285,0,-0.4319432633217273,-0.9578947368421055,-0.0638,NA,0.02793928067479249,0.0025573123450375284,208.80071449704144,62.322999999999986,-20.020000000000003,-26.92,0.60071449704142,NA,NA,NA,128.88932993644534,NA,3.3502994800802512,NA,67.33999999999999,NA,4.150661545027742,NA,1,NA,NA,NA,0.41771449704142005,Biotechnology (Primary),Public Company,Common Stock,234.3,21.37,0,0.001,0.014,0.134,0.232,0.575,80.2,0.701,,,,-0.172,,,,-6.38,,,,-5.55,,,,-46.1,,,,3.3,1.08,Biotechnology,"Athersys, Inc., a biotechnology company, focuses on the research and development activities in the field of regenerative medicine.",Healthcare,1995,208.3,1.62,-28.7,-29,-22.1,26.1,1.27,28.7,0.183,20.9,0.297,,6.91,,23.4,22.9,21.8,21.1,20.5,20.3,0.36,-29,,,,-22.3,-0.253,,-0.287,-0.287,-0.181,-0.308,-0.308,,0.694,,,9.01,7.74,,2.77,,,0.183,,,,-33.4,,,,,0.067,0.37,-0.11,,,-0.292,20.6,,,,,,0.335,,-0.174,,57,20.9,2.92,0.517,United States,1.62,-28.7,-22.1,13,,8,IQ25192,117.2,0.26,,3.5,1.08,-21.7,0.176,,31.9,,,19.8,3.89,91.6,,,100,0.933,57,27.2,32.9,2.24,2.04,0.086,0.517,6.38,3.31,1,1.62,United States: 1.6 (100.0%),-15.3,-13.7,-9.89,-20.5,-19.1,-15.6,-11.5,-13.8,-16,-24.5,-15.2,-14.6,-10.6,-18.9,-18,-15.4,-11.4,-13.7,-14.7,-30.7,,,1.62,Regenerative Medicine: 1.6 (100.0%)
Cara Therapeutics Inc. (NasdaqGM:CARA),NasdaqGM:CARA,NA,NA,0,-0.439171180465996,NA,NA,NA,NA,0,231.2,23.262,-10.216,-10.216,0,NA,NA,NA,NA,NA,9.938956237640786,NA,23.262,NA,4.09818339100346,NA,0,NA,NA,NA,0,Biotechnology (Primary),Public Company,Common Stock,231.2,30.03,0.066,0.09,,1.15,1.59,,22.8,0.123,,,,-1.28,,,,,,,,,,,,,,,6.79,7.32,4.83,Biotechnology,"Cara Therapeutics, Inc., a clinical-stage biopharmaceutical company, focuses on developing and commercializing chemical entities designed to alleviate pain by selectively targeting kappa opioid receptors.",Healthcare,2004,178.6,,,,,,,,,,,,,,,13.6,11.1,9.96,8.69,7.73,,,,,,,,,,,,,,,,,,,,,,,,,,,,,,,,,,,,,,,,,,,,,,,,,,,10.13,,United States,,,,4.05,-43.4,11.11,IQ23340079,31.9,0.48,,20.7,7.53,,0,,12.4,,65.6,-54.1,3.79,40.7,,,,3.4,,,14.6,0.676,1.28,3.48,,,,,,,,,,,,,,-9.57,-6.24,-0.237,,,,,,,,-9.81,-6.27,-3.96,,,3.24,"Discovery and Development of Novel Therapeutics to Treat Serious Medical Conditions, Including Pain and Pruritus: 3.2 (100.0%)"
"Ignyta, Inc. (NasdaqCM:RXDX)",NasdaqCM:RXDX,-261.33333333333337,-143.21333333333337,0,-0.1598719952370321,-0.38966010733452594,NA,NA,0.30053237813321726,0.09660576074883642,242.26792365000483,134.37,-21.782,-21.482000000000003,24.017923650004846,NA,NA,NA,1615.1194910000322,NA,1.802991171020353,NA,64.12,NA,2.4933214603739984,NA,1,NA,NA,NA,3.3179236500048477,Biotechnology (Primary),Public Company,Common Stock,224.6,43.53,0.005,0.003,,0.303,2.91,,23.7,0.048,,,,-2.69,,,,,,,,,,,,,,,1.4,2.55,0.105,Biotechnology,"Ignyta, Inc., a precision oncology biotechnology company, engages in discovering or acquiring, developing, and commercializing new drugs for cancer patients.",Healthcare,2011,175.8,0.15,-39.2,-39.7,-40,6.35,6.28,85.3,20.7,55.9,3.12,,9.49,,30.5,22.6,14.7,11.7,10.2,2.21,,-39.7,-0.142,,,-40,0.012,,-2.18,-2.18,-1.36,-2.18,-2.18,,,,,6.92,0.634,,0.975,,,18.8,,,,,,0.679,0.793,0.77,0.771,0.712,-3.31,,,-0.001,51.6,-10,21,-71.2,,,0.164,,,3.61,59,55.9,9.46,0.495,United States,0.15,-39.2,-40,0,,10,IQ141760514,,0.48,,10.73,5.36,0.15,8.95,,51.8,,,41.8,2.24,69.3,,,97.5,0.521,59,71.3,52.5,0.812,0.59,0.129,0.495,2.99,6.67,3,0.15,United States: .2 (100.0%),,,,,,,,-0.238,-1.26,-13.9,,,,,,,,-0.238,-1.28,-14.2,,,0.15,Biotechnology (Startups): .2 (100.0%)
"EPIRUS Biopharmaceuticals, Inc. (NasdaqCM:EPRS)",NasdaqCM:EPRS,-9350,-7587.999999999999,0,-0.519512529097631,-1.069506172839506,NA,NA,0.18346774193548387,0.032546494992846925,202.18,58.424,-34.651999999999994,-30.351999999999997,7.28,NA,NA,NA,50545,NA,3.460564151718472,NA,40.244,NA,1.8715341959334566,NA,1,NA,NA,NA,0,Biotechnology (Primary),Public Company,Common Stock,216.4,20.03,,,,,,,24,0.124,,,,-1.91,,,,,,,,,,,,,,,6.54,0.055,0.029,Biotechnology,"EPIRUS Biopharmaceuticals, Inc., a commercial-stage biotechnology company, develops, manufactures, and commercializes biosimilar therapeutics worldwide.",Healthcare,,202.2,0.004,-37.4,-37.5,-41.8,21.5,0.704,51.4,7.28,32.4,,,21.2,,16.3,13.9,11.3,9.66,10.9,,,-37.5,-2.67,,,-41.8,,,-6.81,-6.81,-4.08,-6.81,-6.81,,,,,,,16.4,6.58,,,7.28,,,,,,,,,,,-2,,,,,,,,,,,,,,,32.4,9.03,,United States,0.004,-37.4,-41.8,0.3,,12.5,IQ127289092,1868.5,0.46,,11.97,3.78,0.004,,,,,,,1.62,46.3,,,,0.451,,23.2,,,,,,,,,,,,,,,,,,,-14.6,-14.5,,,,,,,,,-15.2,-20.8,,,0.004,Development and Commercialization of Biosimilar Monoclonal Antibodies for Emerging Markets: .0 (100.0%)
"Ocata Therapeutics, Inc. (NasdaqGM:OCAT)",NasdaqGM:OCAT,-134.81012658227849,-147.2151898734177,0,-0.9215530903328051,NA,-0.15,NA,NA,0.005325556273767148,211.93219579365217,25.24,-36.46,-23.259999999999998,1.1521957936521827,NA,NA,NA,1341.3430113522288,NA,8.396679706563082,NA,32.4,NA,0.6900557620817844,NA,1,NA,NA,NA,1.1521957936521827,Biotechnology (Primary),Public Company,Common Stock,215.2,0.041,0.077,0.017,0.028,1.43,0.711,1.07,35,0.157,,,,-0.26,,,,-15,,,,-35.5,,,,-32.2,,,,8.67,,Biotechnology,"Ocata Therapeutics, Inc., a clinical stage biotechnology company, develops and commercializes regenerative ophthalmology therapeutics in the United States.",Healthcare,,210.7,0.158,-21.3,-21.5,-34.7,4.42,0.833,5.74,0,-2.74,0.263,,11.6,,10.5,10.5,11.2,11.1,11.7,16.8,,-21.5,-0.43,0.056,,-34.7,,1.89,-1.17,-1.17,-0.425,-1.17,-1.17,,,,,1.97,1.13,,1.27,,1.73,,,,,-29.8,,,0.111,0.357,0.35,0.433,14.3,,,,25.7,-1.2,,,,,-3.21,,,,37,-2.74,6.14,0.514,United States,0.158,-21.3,-34.7,,,6.25,IQ3434256,,0.31,,12.73,4.95,0.095,3.34,,1.74,,0,-22.5,0.594,83.9,,,,1.78,37,4.75,2.85,2.29,3.55,14.9,0.514,2.25,12.03,1,0.158,United States: .2 (100.0%),-2.58,-11,-17.7,-19.2,-13.5,-5.92,-22.5,-17,-25.2,-23.5,-2.54,-9.39,-16.9,-15.9,-33.9,-36.8,-54.4,-55.2,-34.6,-31,,,0.158,Human Embryonic and Adult Stem Cell Technology: .2 (100.0%)
"Akebia Therapeutics, Inc. (NasdaqGM:AKBA)",NasdaqGM:AKBA,NA,NA,0,-0.20171531748420105,-0.25275696445725265,NA,NA,0.016130644589645488,0.007967680395017393,181.40673076923076,132.92,-26.312,-26.812,1.7067307692307692,NA,NA,NA,NA,NA,1.3647813028079354,NA,61.61999999999999,NA,0.4235294117647059,NA,1,NA,NA,NA,1.7067307692307692,Biotechnology (Primary),Public Company,Common Stock,212.5,32.79,0.007,0.007,,0.677,0.677,,20.4,0.18,,,,-0.252,,,,,,,,,,,,,,,,13.34,0.728,Biotechnology,"Akebia Therapeutics, Inc., a biopharmaceutical company, focuses on the development and commercialization of proprietary therapeutics based on hypoxia inducible factor (HIF) biology for patients with kidney disease.",Healthcare,2007,103.6,0,-37.4,-37.5,-37,32.8,0.21,111,0,104.1,0.229,,12.2,,25.4,21.5,18.1,15,10.8,8.16,,-37.5,,0.206,,-37,,86.9,-8.04,-8.04,-1.48,-8.04,-8.04,,,,,0.261,0.051,,2.02,,,,,,,,,,,,0.936,0.875,-2.3,,,-0.162,115.3,-0.003,,-65.1,,,4.06,,0.087,,42,104.1,10.43,0.378,United States,,-37.4,-37,62,2.4,7.14,IQ36644983,,0.48,,31,8.47,,0,,21.2,,157.8,-127.1,0.36,45.9,,,,1.12,42,110.5,33.4,0.714,3.19,,0.378,1.53,7.57,,,,,,,,,,,-15.5,-8.52,-15.9,,,,,,,,-15.3,-8.2,-13.2,,,,
"Medgenics, Inc. (AMEX:MDGN)",AMEX:MDGN,NA,NA,0,-0.7012309448112821,-0.5624242424242424,NA,NA,0.005766664273174983,0.0008263128670998687,175.1722633136095,24.534000000000002,-16.703999999999997,-17.203999999999997,0.17226331360946745,NA,NA,NA,NA,NA,7.139979755180953,NA,28.134,NA,0.3216514642342775,NA,1,NA,NA,NA,0.17226331360946745,Biotechnology (Primary),Public Company,Common Stock,208.3,21.5,0.151,0.003,0.001,-2.17,-0.368,0.187,24.8,0.072,,,,-1.15,,,,,,,,,,,,,,,,9.98,0.246,Biotechnology,"Medgenics, Inc., a medical technology and therapeutics company, is engaged in the research and development of products in the field of biotechnology and associated medical equipment in the United States.",Healthcare,2000,175,0,-18.7,-18.9,-18.4,33.3,0.495,34.3,0,29.7,0.364,,10.7,,10.5,8.69,8.86,8.98,8.87,8.62,,-18.9,-0.002,0.001,,-18.4,0.012,,-0.958,-0.958,-0.598,-1,-1,,,,,1.5,1,,1.08,,,,,,,,,,,,0.022,0.158,-0.511,,,,23.5,,,,,,0.014,,-0.113,,43,29.7,8.4,,United States,,-18.7,-18.4,1.13,,18.18,IQ796172,,0.21,,8.5,3.68,,0,,22.4,,,18.4,0.268,90,,,,0.266,43,33.6,22.6,1.06,1.95,,,8.69,5.54,1,,,-4.1,-0.635,-2.57,-3.43,-5,-3.9,-3.35,-9.98,-12.6,-17.8,-4.52,-0.776,-2.6,-3.85,-4.99,-6.94,-4.15,-8.1,-15.1,-17.1,,,,
"Galena Biopharma, Inc. (NasdaqCM:GALE)",NasdaqCM:GALE,-4.967811158798283,-4.523605150214592,0,-0.41228241736749455,-0.8506738544474393,NA,NA,0.1906619933504374,0.04038040891920211,192.73993300102615,102.26,-31.56,-42.16,8.739933001026143,NA,NA,NA,20.680250321998514,NA,1.8848027870235295,NA,80.46000000000001,NA,6.126624939817044,NA,1,NA,NA,NA,0.3399330010261437,Biotechnology (Primary),Public Company,Common Stock,207.7,14.29,0.008,0.005,0.022,0.536,0.509,1.16,153.8,2.48,,,,-0.319,,,,,,,,,,,,,,,0.405,0.447,0.27,Biotechnology,"Galena Biopharma, Inc., a biopharmaceutical company, focuses on developing and commercializing oncology therapeutics that address major unmet medical needs across cancer care.",Healthcare,2003,192.4,9.32,-46.3,-47.2,-36.6,23.7,0.555,80.5,8.4,37.1,0.057,,26.3,,28.4,29.2,25.6,22.8,21.1,18.1,0.44,-47.2,-1.11,,,-36.6,,,-0.307,-0.307,-0.166,-0.307,-0.307,,1.84,0.655,0.2,,,6.07,2.27,,7.38,4.49,,,,274.7,,0.076,0.076,0.079,0.079,0.072,36.7,,,,26,-1.77,,-5.47,,,-0.389,-0.269,1.64,8.37,57,37.1,1.35,0.072,United States,9.32,-46.3,-36.6,16.3,,8.33,IQ31100507,63.8,0.51,,3.58,1.33,7.92,9.89,,47.8,5.9,,5.89,5.09,99.1,,,100,0.381,57,29,53.5,2.66,8.7,49,0.072,8.59,3.25,3,9.32,United States: 9.3 (100.0%),-3.27,-2.21,-2.41,-9.13,-14.6,-17.5,-16.6,-12.5,-21.2,-33.8,-3.27,-2.21,-2.41,-11,-14.4,-18.4,-12,-11.5,-35,-76.7,,,9.32,Developing and Commercializing Pharmaceutical Products: 9.3 (100.0%)
"Loxo Oncology, Inc. (NasdaqGM:LOXO)",NasdaqGM:LOXO,NA,NA,0,-0.1175910043834572,-0.10949423247559893,NA,NA,0,0,161.79999999999998,104.94000000000001,-12.34,-12.34,0,NA,NA,NA,NA,NA,1.541833428625881,NA,36.14,NA,0.95770539620807,NA,1,NA,NA,NA,0,Biotechnology (Primary),Public Company,Common Stock,205.7,16.39,,,,,,,16.6,0.06,,,,-1.79,,,,,,,,,,,,,,,17.9,2.82,1.13,Biotechnology,"Loxo Oncology, Inc., a development-stage company, develops targeted small molecule therapeutics for the treatment of cancer in genetically defined patient populations.",Healthcare,2013,99.4,,-20.7,-20.7,-20.7,43.9,0.012,114.5,0,112.7,,,6.18,,14.5,16.1,14.6,,,,,-20.7,,0.018,,-20.7,,0.034,-3.06,-3.06,-1.91,-3.06,-3.06,,,,,,,,0.239,,,,,,,,,,,,,,0.09,,,,,,,,,,,,,,,112.7,12.37,,United States,,-20.7,-20.7,0,,8.33,IQ242747766,,0.44,,16.45,9.9,,,,,,,,0.788,17.9,,,,,,107.8,,,,,,,,,,,,,,,,,,,,-15.4,,,,,,,,,,-15.4,,,,
Cerulean Pharma Inc. (NasdaqGM:CERU),NasdaqGM:CERU,-252.5,-219.74999999999997,0,-0.6987836870975436,-0.4543046357615894,NA,NA,0.08457546061493447,0.02066934239197218,151.28523668639053,25.157999999999994,-20.58,-17.58,4.185236686390533,NA,NA,NA,1891.0654585798816,NA,6.013404749439167,NA,27.938000000000002,NA,1.4120020171457388,NA,1,NA,NA,NA,1.0652366863905325,Biotechnology (Primary),Public Company,Common Stock,198.3,27.72,,,,,,,20.4,0.039,,,,-1.97,,,,,,,,,,,,-36,,,,2.57,0,Biotechnology,"Cerulean Pharma Inc., a clinical-stage company, develops nanopharmaceutical product candidates in the areas of oncology and other diseases in the United States.",Healthcare,2005,150.2,0.08,-20.2,-20.3,-23.3,51.2,0.342,53.4,3.12,45.3,0.225,,8.59,,11.8,8.51,7.17,7.72,9.7,12.3,,-20.3,-1.08,0.009,,-23.3,,,-1.6,-1.6,-0.896,-1.6,-1.6,,1.66,,,1.83,1.49,,1.26,,0.034,,,,,1233.3,,,,,0.16,0.954,-1.05,,,,60,-3.35,8.5,,,,0.341,,-0.713,18.5,39,45.3,9.73,0.766,United States,0.08,-20.2,-23.3,0,,31.25,IQ34534237,,0.41,,10.87,3.35,0.08,15.1,,5.49,,82.5,-94.3,1.12,36.9,,,,1.34,39,52.8,6.45,0.914,2.27,,0.766,2.13,4.97,,0.08,United States of America: .1 (100.0%),,,,,,,,-18.9,-21.6,-15.9,,,,,,,,-18.9,-22.1,-17.1,,,0.08,"Develop Novel, Nanotechnology-Based Therapeutics in The Areas of Oncology and Other Diseases: .1 (100.0%)"
Proteon Therapeutics Inc (NasdaqGM:PRTO),NasdaqGM:PRTO,-2.559322033898305,-2.037966101694915,0,-0.20120481927710843,-0.021478787878787882,NA,NA,0.006479186920738744,0.002775610526937594,125.03801884562866,29.880000000000003,-1.7720000000000002,-6.0120000000000005,0.5380188456286545,NA,NA,NA,42.3857691002131,NA,4.184672652129473,NA,16.18,NA,0.17201241593378166,NA,1,NA,NA,NA,0.5380188456286545,Biotechnology (Primary),Public Company,Common Stock,193.3,18.36,,,,,,,16.4,0.029,,,,-1.38,,,,,,,,,,,,,,,,1.32,0,Biotechnology,"Proteon Therapeutics, Inc., a late-stage biopharmaceutical company, focuses on the development of pharmaceuticals to address the needs of patients with renal and vascular diseases.",Healthcare,2001,109.7,2.95,-7.55,-7.58,-3.34,68.8,0.083,84.8,0,82.5,0.051,,4.1,,6.43,5.58,4.78,4.05,3.99,5.91,,-7.58,-0.857,0.024,,-3.34,,6.35,-3.16,-3.16,-0.682,-3.16,-3.16,,,,,0.467,0.384,,0.917,,,,,,,,,,0.084,0.168,0.168,0.168,4.53,,,,64,,,-12.4,,,0.955,,,,12,82.5,11.75,0.2,United States,2.95,-7.55,-3.34,0,,12.5,IQ26536980,,0.48,,12.65,8.57,2.95,3.73,,2.79,,96.4,-100.5,0.133,29.4,,,,0.188,12,84.6,5.33,0.399,0.984,4.66,0.2,1.24,4.19,,2.95,United States: 2.9 (100.0%),,,,,,,,,-8,-7.12,,,,,,,,,-7.97,-7.91,,,2.95,Developing and Commercializing Products for the Treatment of Renal and Vascular Disease: 2.9 (100.0%)
"CorMedix, Inc. (AMEX:CRMD)",AMEX:CRMD,-46.2962962962963,-45.73439153439153,0,-3.3409863945578224,-5.615371900826447,NA,NA,0.0522655783632222,0.0010470017766590592,186.86018693541894,2.5872,-20.3838,-8.643799999999999,0.20018693541892787,NA,NA,NA,988.6782377535393,NA,72.2248712644631,NA,3.2972,NA,6.989528795811518,NA,1,NA,NA,NA,0.20018693541892787,Biotechnology (Primary),Public Company,Common Stock,191,12.33,0.006,0.009,0.008,-0.69,-0.917,-0.818,23.5,0.267,,,,-0.345,,,,,,,,,,,,,,,0.836,1.3,0.219,Biotechnology,"CorMedix Inc., a pharmaceutical company, intends to in-license, develop, and commercialize therapeutic products for the prevention and treatment of cardiac, renal, and infectious diseases.",Healthcare,2006,186.6,0.189,-8.75,-8.76,-20.5,4.34,0.041,5.1,0,3.63,0.025,,7.33,,1.32,0.659,1.12,1.33,1.23,1.68,,-8.76,-0.002,0.003,,-20.5,,0.083,-0.958,-0.958,-0.52,-0.958,-0.958,,0.08,0.463,,0.119,0.077,,0.893,,0.002,,,0.001,,9359,,,0.015,0.061,0.066,0.075,0.405,,,,5.31,,,,,,0.008,-0.558,-0.085,,5,3.63,8.14,0.07,United States,0.189,-8.75,-20.5,0.836,-10.4,12.5,IQ79611048,331.2,0.28,,9.48,1.05,-0.117,0,,2.37,,4.65,-4.02,5.34,93.3,,,,0.128,5,5.04,2.92,0.94,0.713,0.021,0.07,3.67,,1,0.19,"United States: .0 (2.1%);
Germany: .2 (97.9%)",,,,-5.49,-4.82,-6.06,-8.51,-7.21,-3,-4.92,,,,-7.24,-9,-8.12,-10.9,-6.67,-3.38,-9.13,,,0.189,Biotechnology (Startups): .2 (100.0%)
CytRx Corporation (NasdaqCM:CYTR),NasdaqCM:CYTR,-493.99999999999994,-356.79999999999995,0,-0.2795361955499843,-0.23829160530191457,-0.135,NA,0.019767061780730143,0.00743473483505582,151.96924953506442,127.64000000000001,-16.18,-35.68,1.3692495350644314,NA,NA,NA,1519.692495350644,NA,1.19060834797136,NA,91.94000000000001,NA,2.338621444201313,NA,1,NA,NA,NA,1.3692495350644314,Biotechnology (Primary),Public Company,Common Stock,182.8,25.42,0.048,0,0.058,1.2,-0.158,1.84,55.7,1.23,,,,,,,,-13.5,,,,-59.8,,,,-26.3,,,,17.32,1.07,Biotechnology,CytRx Corporation operates as a biopharmaceutical research and development company specializing in oncology.,Healthcare,1985,104.9,0.1,-49.4,-49.6,-30.1,32.2,0.971,85.7,0,67.9,0.956,,12.8,,36.7,33.7,27.1,21.3,17.5,14.3,0.183,-49.6,,0.305,,-30.1,0.001,,-0.554,-0.554,-0.346,-0.554,-0.554,,0.119,,1.9,1.42,0.446,0.184,6.66,,5.14,,,,,-66.7,0.059,0.278,0.277,0.31,0.296,0.324,16,,,-0.183,81,,,-18.5,,,2.78,,-1.9,,26,67.9,3.28,0.336,United States,0.1,-49.4,-30.1,,,5.56,IQ265412,,0.49,,5.46,2.08,0.1,0,,11.5,0.184,,10.7,1.71,73.5,,,,1.34,26,83.2,41,3.85,2.67,24.3,0.336,10,2.87,3,0.1,United States: .1 (100.0%),-13.6,-15.5,-17.6,-26.5,-15.8,-6.46,-16.8,-22.7,-21.1,-27.6,-16.4,-15.1,-16.8,-21.9,-27,-4.8,0.408,-14.4,-18,-47.5,,,0.1,Biopharmaceutical Research and Development Company Specializing in Oncology: .1 (100.0%)
"Neuralstem, Inc. (AMEX:CUR)",AMEX:CUR,-900.0000000000001,-861.0526315789474,0,-0.4505894017847307,-1.218079096045198,-0.17300000000000001,NA,0.3363999480886531,0.04740616408153478,176.77269230769232,36.30799999999999,-21.560000000000002,-16.36,8.972692307692308,NA,NA,NA,9303.825910931175,NA,4.868698146625878,NA,22.317999999999998,NA,2.1630615640599,NA,1,NA,NA,NA,0.18269230769230768,Biotechnology (Primary),Public Company,Common Stock,180.3,24.18,0.064,0.058,0.059,1.44,1.51,1.47,89.7,0.933,,,,-0.26,,,,-17.3,,,,,,,,-63.6,,,,3.91,1.47,Biotechnology,"Neuralstem, Inc., a biopharmaceutical company, focuses on the development and commercialization of regenerative medicine treatments based on its human neuronal stem cells and small molecule compounds.",Healthcare,1996,161.6,0.019,-17.1,-17.4,-22.6,12.5,0.301,29.8,8.79,17.7,0.208,,8.97,,8.14,7.21,7,6.96,7.13,7.2,0.349,-17.4,-1.62,0.068,,-22.6,,,-0.26,-0.26,-0.161,-0.26,-0.26,,0.226,,0.136,0.784,0.483,,2.51,,0.127,8.06,,,,-82.9,,,,,,0.19,-0.243,,,,21.3,-2.11,4.21,-15.4,,,1.38,,-0.216,23.7,21,17.7,2.01,0.257,United States,0.019,-17.1,-22.6,0.019,,25,IQ7728881,3.91,0.38,,4.81,1.78,0.019,7.7,,16.8,,,8.42,1.56,95.8,,,100,0.253,21,28.2,17.6,1.2,0.466,1.51,0.257,19,1.89,3,0.019,United States: .0 (100.0%),-1.01,-1.57,-3.16,-6.37,-11.8,-10.5,-15.2,-13,-10.2,-12.5,-7.1,-1.65,-3.15,-6.17,-11.8,-10.4,-18.4,-12.5,-10.1,-19.8,,,0.019,Development and Commercialization of Regenerative Medicine Treatments Based on Our Human Neuronal Stem Cells and Our Small Molecule Compounds: .0 (100.0%)
"Argos Therapeutics, Inc. (NasdaqGM:ARGS)",NasdaqGM:ARGS,-18.32635983263598,-12.560669456066943,0,-0.26477332862938785,-0.6599571734475375,NA,NA,0.3299088277536229,0.11315410041895776,152.89200898953118,113.38000000000001,-30.82,-30.019999999999996,22.99200898953118,NA,NA,NA,63.97155187846492,NA,1.3484918767818943,NA,94.78,NA,0.2413984461709212,NA,1,NA,NA,NA,0.7920089895311788,Biotechnology (Primary),Public Company,Common Stock,180.2,23.52,0.072,0.084,,1.72,1.91,,19.7,0.048,,,,-2.8,,,,,,,,,,,,-31.9,,,0.542,0.054,0.013,Biotechnology,"Argos Therapeutics, Inc., a biopharmaceutical company, focuses on the development and commercialization of personalized immunotherapies for the treatment of cancer and infectious diseases.",Healthcare,1997,132.9,2.39,-43.8,-44.3,-45.1,50.3,4.53,76.8,22.2,46.7,0.962,,7.74,,39.1,31.9,27.3,24,20.9,20,,-44.3,-0.53,0.056,,-45.1,,1.34,-3.71,-3.71,-2.24,-3.71,-3.71,,0.163,,0.379,12.6,8.11,,3.12,,,19.6,,,,-54.5,,,,0.284,0.257,0.314,-3.33,,,,49.8,-0.05,19.4,-20.6,,,2.57,,,4.86,,46.7,9.17,,United States,4.42,-23.6,-23.9,2.84,-60.8,12.5,IQ31407,-7.79,0.41,,10.8,5.61,2.39,9.06,,54.2,,,45.5,0.174,43.3,,97.7,,1.17,92,70.9,55.5,0.545,0.861,,0.348,1.96,5.48,,2.39,North America: 2.4 (100.0%),,,,,-11.7,-10.4,-8.57,-8.73,-16,-24.2,,,,,-12.9,-9.93,-9,-20.1,-10.5,-23.9,,,2.39,Biopharmaceutical: 2.4 (100.0%)
"TRACON Pharmaceuticals, Inc. (NasdaqGM:TCON)",NasdaqGM:TCON,-1.711111111111111,-1.2405555555555554,0,-0.3569944044764188,-0.287909604519774,NA,NA,0.34623707398182424,0.0513718815151318,147.47403447883477,12.510000000000002,-5.095999999999999,-4.465999999999999,9.374034478834774,NA,NA,NA,40.965009577454104,NA,11.788491964734991,NA,20.880000000000003,NA,0.5979202772963605,NA,1,NA,NA,NA,0.4440344788347747,Biotechnology (Primary),Public Company,Common Stock,173.1,14.28,,,,,,,12.1,0.165,,,,-0.77,,,,,,,,,,,,,,,0,0.099,0.03,Biotechnology,"TRACON Pharmaceuticals, Inc., a clinical stage biopharmaceutical company, focuses on the development and commercialization of novel targeted therapeutics for cancer, age-related macular degeneration, and fibrotic diseases.",Healthcare,2004,196.9,3.6,-6.16,-6.18,-6.81,35,0.097,38.2,8.93,17.7,0.07,,2.13,,7.65,6.85,6.73,6.24,6.08,3.78,,-6.18,-0.667,,,-6.81,,0.297,-4.4,-4.4,-2.64,-4.4,-4.4,,,,,0.21,0.113,,3.97,,0.246,4.26,,49.9,,,,,,0.07,0.206,0.199,-6.58,,,,0.052,-0.92,7.5,,,,2.67,,,12.4,16,-32.2,14.3,0.1,United States,3.6,-6.16,-6.81,2.67,,9.09,IQ33915710,-8.69,0.48,,21,9.02,-1.26,2.44,,2.28,,23.9,-25.3,0.414,62,,,101.6,0.416,16,35.7,2.38,1.27,,0.097,0.1,1.02,3.19,,3.6,United States: 3.6 (100.0%),,,,,,,,,-5.23,-7.56,,,,,,,,,-4.93,-7.71,,,3.6,"Development and Commercialization of Novel Targeted Therapeutics for Cancer, Age-Related Macular Degeneration (AMD) and Fibrotic Diseases: 3.6 (100.0%)"
"TrovaGene, Inc. (NasdaqCM:TROV)",NasdaqCM:TROV,-52.49999999999999,-45.792857142857144,0,-0.9665309814563547,-1.4637125748502997,NA,NA,0.6575618047946379,0.08670101472254255,157.63396217744477,13.265999999999998,-12.222000000000001,-12.822000000000001,16.033962177444767,NA,NA,NA,562.978436348017,NA,11.882554061318016,NA,17.215999999999998,NA,2.4274718768502073,NA,1,NA,NA,NA,1.0339621774447671,Biotechnology (Primary),Public Company,Common Stock,168.9,8.03,0.004,0.018,0.002,0.452,0.912,-0.653,24.1,0.142,,,,-0.99,,,,,,,,-15.6,,,,2.83,,,3.16,6.81,0,Biotechnology,"Trovagene, Inc., a molecular diagnostic company, focuses on the development and commercialization of proprietary urine-based cell-free molecular diagnostic technology for use in disease detection and monitoring across various medical disciplines.",Healthcare,1999,156.5,0.28,-14.7,-14.9,-14.3,27.3,0.84,28.9,15,8.35,0.363,,8.55,,6.67,6.12,5.04,4.59,3.95,3.26,,-14.9,-0.843,0.012,,-14.3,,0.023,-0.759,-0.759,-0.474,-0.879,-0.879,,0.057,,,1.37,0.534,,0.748,,0.244,13.1,,0,,8.07,,,0.006,0.381,0.371,0.361,-0.585,,,,,-0.516,15,,,,0.632,,0.022,10.5,31,8.35,7,0.629,United States,0.28,-14.7,-14.3,0.918,-25.7,13.33,IQ10959548,403.6,0.31,,8.04,2.97,-6.4,0.521,,25.8,,0,20.4,1.64,78.2,,,98.7,0.946,31,27.7,26.1,0.287,1.3,0.221,0.629,4.91,4.66,1,,,-5.38,-8,,,,-1.57,-2.57,-2.98,-4.85,-10.7,-5.37,-7.84,,,,-2.48,-5.45,-2.24,-11.6,-11.8,,,0.28,Development and Marketing of Urine-Based Nucleic Acid Tests for Patient/Disease Screening and Monitoring: .3 (100.0%)
Oncothyreon Inc (NasdaqGS:ONTY),NasdaqGS:ONTY,NA,NA,0,-0.21289911340325662,-0.3991237677984666,NA,NA,0.024116091556951977,0.013189875582377638,160.55621012919718,172.57,-36.44,-36.739999999999995,2.2562101291971564,NA,NA,NA,NA,NA,0.9303830916682923,NA,91.74,NA,2.31042654028436,NA,1,NA,NA,NA,2.2262101291971566,Biotechnology (Primary),Public Company,Common Stock,168.8,41.14,0.006,0.001,0.03,-0.383,0.189,0.873,102.3,0.713,,,,-0.35,,,,,,,,,,,,,,,,7.47,0.008,Biotechnology,"Oncothyreon Inc, a clinical-stage biopharmaceutical company, develops therapeutic products for the treatment of cancer.",Healthcare,1985,111.2,0,-49.8,-50.3,-50,10.5,1.49,103.4,0.03,91.3,0.38,,8.45,,41.9,21.7,21.6,32.2,33.2,33,,-50.3,,,,-50,,,-0.644,-0.644,-0.399,-0.644,-0.644,,,,,3.9,2.41,16.7,0.689,,0.283,0.03,,,,,,,0.604,0.622,0.618,0.609,0.214,,,,21.7,,,9.45,,0.104,0.144,,-0.101,693.3,49,91.3,1.65,0.5,United States,,-49.8,-50,0,,14.29,IQ25611,,0.36,,3.6,1.48,,0.03,,9.28,2.12,,71.6,1.56,79.1,,,,3.05,49,58.9,60.9,0.533,3.7,0.43,0.5,5.22,,3,,,-9.54,-15.6,-14.6,-20.6,7.96,-10.9,-19.5,-24.7,-28.5,-41.2,-9.2,-10.8,-36.4,-20.4,7.42,-17.2,-15.6,-42.7,-3.42,-38.8,,,,
Synthetic Biologics Inc. (AMEX:SYN),AMEX:SYN,NA,NA,0,-0.608361581920904,-1.6163179916317991,NA,NA,0.005302439121996118,0.0003019925812388534,151.25096153846152,26.550000000000004,-15.452,-16.152,0.05096153846153846,NA,NA,NA,NA,NA,5.696834709546573,NA,34.49,NA,3.4528749259039717,NA,1,NA,NA,NA,0.05096153846153846,Biotechnology (Primary),Public Company,Common Stock,168.7,13.8,0.001,0.003,0.055,0.203,0.412,1.75,72.7,0.947,,,,-0.317,,,,,,,,,,,,,,,11.93,5.01,0.014,Biotechnology,"Synthetics Biologics, Inc., a biotechnology company, focuses on development of novel anti-infective biologics and drug candidates targeting specific pathogens that cause serious infections and other diseases.",Healthcare,2001,151.2,0,-20.5,-20.5,-19.8,17.5,0.065,19.1,0,9.56,0.048,,6.01,,14.5,12,9.74,8.11,6.51,14.4,,-20.5,,0.003,,-19.8,,,-0.319,-0.319,-0.2,-0.319,-0.319,,,,1.07,0.104,0.039,,0.996,,7.11,,,,,,,,,,,0.053,-8.6,,,,20.7,,,,,,0.854,,,,20,9.56,2.32,0.077,United States,,-20.5,-19.8,0,,6.67,IQ24424557,,0.25,,3.18,1.16,,0,,14.6,,,15.2,2.33,60.6,,,,0.075,20,19.1,16.2,0.142,0.885,,0.077,5.98,2.01,1,,,-0.602,-1.32,-4.12,-10.1,-7.32,-3.61,-1.08,-5.93,-17.3,-11.6,-0.602,-1.55,-4.86,-9.89,-7.21,-3.73,-1.71,-8.15,-17.1,-12.3,,,,
"Fibrocell Science, Inc. (NasdaqCM:FCSC)",NasdaqCM:FCSC,-165,-173.44444444444446,0,-0.7253717472118959,-0.8855263157894737,-0.27,NA,0.23184403507587095,0.05181579020228444,139.57529640872167,43.04,-26.919999999999998,-31.22,9.175296408721653,NA,NA,NA,775.4183133817871,NA,3.2429204555929756,NA,50.14,NA,0.577724836212031,NA,1,NA,NA,NA,9.175296408721653,Biotechnology (Primary),Public Company,Common Stock,167.9,25.21,0.018,0.011,0.002,-0.866,-0.654,-0.256,40.9,0.125,,,,-0.65,,,,-27,,,,-27,,,,,,,14.75,0.226,0.08,Biotechnology,"Fibrocell Science, Inc., an autologous cell therapy company, focuses on developing treatments for skin and connective tissue diseases with unmet medical needs.",Healthcare,1995,130.4,0.18,-29.7,-30,-25.7,37.5,1.6,45.6,0,30.4,0.242,,11.6,,16.2,14.5,20.3,18.5,13.8,20,,-30,,0.006,,-25.7,,,-0.629,-0.629,-0.393,-0.695,-0.695,,0.004,0.571,,2.65,1.05,,1.12,,0.278,,,,,-10,4.78,1.34,1.34,1.25,1.25,1.21,0.126,,,,,,,,,,-1.83,0.026,0.012,,50,30.4,4.11,1.6,United States,0.18,-29.7,-25.7,0.386,,11.11,IQ1517644,135,0.41,,5.99,2.28,-2.13,0,,60,,,49.7,0.388,46.7,,,,6.06,50,39.3,61.9,2.96,0.487,0.148,1.6,2.09,7.43,3,,,-20.9,-24.1,-22.5,-26.1,-17.9,-9.8,-11.6,-20,-29.4,-30.5,-21.5,-35.8,-35.8,-35.6,-31.4,60.7,-12.9,-24,-12.7,-31.6,,,0.18,Fibrocell Therapy: .2 (100.0%)
"Sunesis Pharmaceuticals, Inc. (NasdaqCM:SNSS)",NasdaqCM:SNSS,-7.853403141361256,-8.073298429319372,0,-0.5377819111834458,-3.2072463768115944,-0.056900000000000006,NA,0.4076617662839361,0.053719651013164775,154.59750000000003,86.02,-44.260000000000005,-46.260000000000005,9.4975,NA,NA,NA,26.9803664921466,NA,1.7972273889793076,NA,85.16,NA,1.9725044829647338,NA,1,NA,NA,NA,0.2375,Biotechnology (Primary),Public Company,Common Stock,167.3,62.07,0.086,0.059,0.13,2.81,1.91,2.31,67.7,1.31,,,,-0.693,,,,-5.69,,,,8.8,,,,4.67,,,,0.842,0.45,Biotechnology,"Sunesis Pharmaceuticals, Inc., a biopharmaceutical company, focuses on the development and commercialization of oncology therapeutics for the treatment of solid and hematologic cancers.",Healthcare,1998,133.6,5.73,-45,-45,-43,22.2,0.042,44.2,9.26,13.8,0.048,,23.1,,27.7,28.6,28.6,29.1,28.9,29.6,,-45,-1.72,,,-43,,,-0.716,-0.716,-0.448,-0.762,-0.762,,,,,,,,3.18,,3.54,,,,,-27.9,,,,,,0.247,6.35,,,,59.7,-9.36,,3.37,,,2.22,,,11.9,39,13.8,2.47,0.4,United States,5.73,-45,-43,4.17,-37.9,11.11,IQ34916,116.8,0.39,,8.46,1,5.73,18,,15.1,,,-6.18,1.32,85.5,,,270.1,0.446,39,44.2,40.5,0.953,8.11,15.9,0.4,10.6,3.93,3,,,-20.7,-27.9,-34.2,-40,-32.4,-17.2,-21.4,-25.9,-34.6,-31.8,-20.5,-27.5,-31.2,-38.8,-37.2,-40.2,-24.6,-20.1,-44,-34.6,,,5.73,Development and Commercialization of New Oncology Therapeutics for The Potential Treatment of Solid and Hematologic Cancers: 5.7 (100.0%)
"Eleven Biotherapeutics, Inc. (NasdaqGM:EBIO)",NasdaqGM:EBIO,-14.50892857142857,-10.562499999999998,0,-0.3977807666442501,-0.6782608695652176,NA,NA,0.22096829374651125,0.058826864185303356,123.33812869822486,59.48000000000001,-24.960000000000004,-23.66,10.438128698224851,NA,NA,NA,55.06166459742181,NA,2.07360673668838,NA,66.78000000000002,NA,1.751497005988024,NA,1,NA,NA,NA,0.438128698224852,Biotechnology (Primary),Public Company,Common Stock,167,33.18,0.019,0.02,,-0.521,-0.642,,18.1,0.033,,,,-1.94,,,,,,,,,,,,,,,,2.35,1.96,Biotechnology,"Eleven Biotherapeutics, Inc., a clinical-stage biopharmaceutical company, engages in the discovery and development of protein therapeutics to treat eye diseases primarily in the United States.",Healthcare,2008,122.9,2.24,-32.5,-32.9,-34.2,54.1,0.486,55,10,36.8,0.137,,8.47,,26.7,24.7,19.2,15.1,13.8,14.5,,-32.9,-0.376,,,-34.2,,0.519,-2.37,-2.37,-1.44,-2.37,-2.37,,,,,2.23,1.75,,2.46,,,9.75,,,,68.1,,,,,0.035,0.422,-0.986,,,,70.3,-4.63,9.88,,,,1.02,,,8.73,21,36.8,9.22,0.416,United States,2.24,-32.5,-34.2,0.6,,11.11,IQ98346040,,0.41,,17.48,8.97,-24.5,4.52,,7.94,,56.7,-54.3,1.17,36.1,,,100,0.873,21,54.4,8.03,1.75,0.67,1.3,0.416,1.44,4.93,3,2.24,United States: 2.2 (100.0%),,,,,,,,-12.7,-19.5,-16.2,,,,,,,,-12.8,-19.7,-18,,,2.24,Biotechnology (Startups): 2.2 (100.0%)
"Coronado Biosciences, Inc. (NasdaqCM:CNDO)",NasdaqCM:CNDO,NA,NA,0,-0.37445783132530125,-0.4493617021276596,NA,NA,0.3945745473691519,0.21627525401654668,162.64703686249982,83,-31.68,-31.080000000000002,45.9470368624998,NA,NA,NA,NA,NA,1.959602853765058,NA,48.3,NA,3.1381381381381384,NA,1,NA,NA,NA,31.9470368624998,Biotechnology (Primary),Public Company,Common Stock,166.5,10.12,0,0.001,0.022,0.046,-0.25,1.37,46.5,0.411,,,,-0.54,,,,,,,,,,,,,,,0.368,39,13.43,Biotechnology,"Coronado Biosciences, Inc., a biopharmaceutical company, develops novel immunotherapy agents for the treatment of autoimmune diseases and cancer.",Healthcare,2006,110.7,0,-19.7,-19.8,-20.4,49.8,0.052,89.3,14,70.5,,,10.4,,10.2,15,18.8,24.2,25.7,23.7,,-19.8,-1.34,0.662,,-20.4,,,-0.561,-0.561,-0.352,-0.561,-0.561,,,,,0.094,0.042,,0.366,,1.17,14,,,,,30.9,2.5,2.49,2.56,2.63,0.461,1.12,,,,4.12,-13.7,14,-23.3,,,-0.849,,,3.77,16,70.5,3.58,0.354,United States,,-19.7,-20.4,0,,37.5,IQ61731337,,0.25,,5.35,1.45,,13.2,,99.5,,,81.3,2.09,52.6,,,100,1.23,16,70.5,100,0.468,4.04,0.5,0.354,2.16,4.69,1,,,,,,,-3.24,-2.61,-9.24,-14.3,-26.1,-34.7,,,,,-3.8,-3.67,-9.98,-36.4,-27.6,-37.2,,,,
Protalex Inc. (OTCPK:PRTX),OTCPK:PRTX,NA,NA,0,-1.9805536490505604,NA,NA,NA,NA,0.05684090259925736,174.38799999999998,8.742,-17.614,-17.314,9.95,NA,NA,NA,NA,NA,19.948295584534428,NA,9.754000000000001,NA,0.010599636583888553,NA,1,NA,NA,NA,0,Biotechnology (Primary),Public Company,Common Stock,165.1,0.383,0.004,0.019,0.003,-0.425,-1.67,-0.511,28.8,0.003,,,,0.235,,,,,,,,,,,,,,,,78.79,78.49,Biotechnology,"Protalex, Inc., a clinical-stage biopharmaceutical company, focuses on the development of biopharmaceutical drugs for treating autoimmune inflammatory diseases in the United States.",Healthcare,1999,174.4,0,-16.9,-16.9,-17.2,0.662,,0.77,9.95,-10.3,,,13.8,,3.18,2.91,3.23,3.8,3.94,4.09,0.001,-16.9,-0.282,0,,-17.2,,,-0.657,-0.657,-0.41,-0.657,-0.657,,,,,,,,0.8,,,9.95,,,,,,,,,,,-0.255,,,,2.78,,0.73,,,,0.271,,,3,,-10.3,5.74,,United States,,-11.6,-11.9,25,,70,IQ2387973,,0.18,,9,3.7,,9.22,,1.08,,,-8.62,0.007,21.2,,100,,,,0.765,1.17,0.274,0.261,,,4.32,3.26,1,,,-4.34,-6.06,-8.03,-10.3,-8.82,-3.92,-3.1,-2.99,-4.12,-6.2,-4.28,-5.84,-7.29,-9.7,-8.53,-5.21,-3.28,-4.08,-5.1,-6.5,,,,
"GlycoMimetics, Inc. (NasdaqGM:GLYC)",NasdaqGM:GLYC,-0.7333333333333333,-0.3466666666666665,0,-0.11363636363636356,-0.1023622047244094,NA,NA,0.08403313174897849,0.028687100444896033,107.26052129265251,45.760000000000005,-5.1999999999999975,-5.1999999999999975,4.6605212926524935,NA,NA,NA,7.150701419510168,NA,2.34397992335342,NA,50.16000000000001,NA,0.20437262357414449,NA,1,NA,NA,NA,4.6605212926524935,Biotechnology (Primary),Public Company,Common Stock,157.8,35.37,0.045,0.067,,1.23,1.68,,19,0.069,,,,-0.615,,,,,,,,,,,,57.9,,,6.28,3.42,1.67,Biotechnology,"GlycoMimetics, Inc., a clinical stage biotechnology company, focuses on the discovery and development of glycomimetic drugs to address unmet medical needs resulting from diseases in the United States.",Healthcare,2003,102.6,15,-11,-11.1,-11.1,55.2,0.452,57.3,0,50.8,0.213,,6.6,,19.6,17.4,15.3,12.8,11.7,11.3,,-11.1,,0.018,,-11.1,,,-0.603,-0.603,-0.377,-0.603,-0.603,,,,0.058,1.36,0.905,,0.874,,0.097,,,,,276.4,2.67,0.657,0.641,0.625,0.61,0.519,-5.85,,,,57.4,,,,,,-0.271,,,,34,50.8,8.31,0.386,United States,15,-11,-11.1,21.6,,25,IQ5703481,32.8,0.48,,17.46,6.02,15,0,,2.31,,0.031,2.88,0.129,45.2,,,,0.793,34,56.1,4.88,1.15,1.03,0.104,0.386,1.81,5.26,3,15,United States: 15.0 (100.0%),,,,,,,,-6.09,3.64,-10.6,,,,,,,,-6.11,3.66,-10.6,,,15,Identification and Development of Glycomimetic Compounds: 15.0 (100.0%)
"Capricor Therapeutics, Inc. (NasdaqCM:CAPR)",NasdaqCM:CAPR,-1.2484342379958246,-0.7933194154488515,0,-0.25465755260688905,NA,NA,NA,NA,0.06396174514542033,150.39369566454258,14.922,-3.999999999999999,-3.799999999999999,10.133695664542557,NA,NA,NA,31.39743124520722,NA,10.078655385641508,NA,20.052,NA,0.36075522589345915,NA,1,NA,NA,NA,0.973695664542558,Biotechnology (Primary),Public Company,Common Stock,148.3,11.83,0.041,0.019,,-1.64,-1.93,,16.2,0.011,,,,,,,,,,,,,,,,58.3,,,22.69,38.58,1.6,Biotechnology,"Capricor Therapeutics, Inc., a biotechnology company, is focused on the development of novel therapeutics to prevent and treat cardiovascular diseases.",Healthcare,2005,149.4,4.79,-5.98,-6.02,-6.22,8.04,0.229,13.6,9.16,-6.25,0.186,,3.02,,7.79,6.89,5.93,5.38,5.2,4.45,,-6.02,-0.201,0.002,,-6.22,,,-0.531,-0.531,-0.332,-0.531,-0.531,,0.36,,2.98,0.341,0.112,,1.58,,,9.16,,,,851.2,,,,0.097,0.365,0.572,-2.3,,,,0.005,,5.2,0.327,,,0.08,,-0.36,2.69,30,-6.25,9.14,0.327,United States,4.79,-5.98,-6.22,4.4,,14.29,IQ29535381,-32.2,0.21,,10.68,3.05,-3,3.96,,1.73,,,-0.535,0.214,38.7,,,99.6,0.307,30,11.6,3.68,1.51,0.546,,0.327,5.01,0.75,1,4.79,United States: 4.8 (100.0%),,,,,,,,-1.15,-2.1,-6.9,,,,,,,,-1.15,-2.07,-8.89,,,4.79,Research and Development of Innovative Products for The Treatment of Cardiovascular Diseases: 4.8 (100.0%)
"Kindred Biosciences, Inc. (NasdaqCM:KIN)",NasdaqCM:KIN,NA,NA,0,-0.12738932818628976,-0.16432323232323234,NA,NA,0.00691705383996986,0.005070669029184652,122.9895580402472,128.488,-16.268,-16.368,0.6895580402471901,NA,NA,NA,NA,NA,0.9572065721331735,NA,42.488,NA,0.7409460458240945,NA,1,NA,NA,NA,0.6895580402471901,Biotechnology (Primary),Public Company,Common Stock,135.3,38.93,0.045,0.046,,1.24,1.34,,19.7,0.145,,15,,-1.91,,,,,,,,,,,,,,,0,15.9,15.37,Biotechnology,"Kindred Biosciences, Inc., a development stage biopharmaceutical company, focuses on the development of therapies for pets.",Healthcare,2012,34.3,0,-27.2,-27.2,-27.1,13,0.394,101.9,0,99,0.44,,8.54,,18.7,15.6,12.8,7.5,3.14,0.3,,-27.2,,0.094,,-27.1,,,-1.45,-1.45,-0.903,-1.45,-1.45,,,,,0.452,0.058,,0.42,,0.013,,,,,,,,0.003,0.216,0.266,0.259,-0.313,,,,58.2,,,-88.2,,,-0.269,,,,43,99,6.86,0.162,United States,,-27.2,-27.1,0,,20,IQ224401923,,0.48,,21.31,5.98,,0,,65.3,,,63.3,0.401,56.4,,,,,43,101.5,65.5,0.689,1.14,0.381,0.162,2.33,7.6,3,,,,,,,,,,,-0.48,-4.22,,,,,,,,,-0.48,-4.21,,,,
ArQule Inc. (NasdaqGM:ARQL),NasdaqGM:ARQL,-2.0973451327433628,-2.4920353982300885,0,-0.28307197426618425,-0.6730864197530865,0.0843,NA,0.024774253299374858,0.007739826107084472,120.42884615384617,99.47999999999999,-27.26,-28.160000000000004,1.028846153846154,NA,NA,NA,10.657420013614704,NA,1.2105834957161858,NA,71.47999999999999,NA,1.0841546626231993,NA,1,NA,NA,NA,1.028846153846154,Biotechnology (Primary),Public Company,Common Stock,131.9,31.27,0,0.002,0.123,-0.046,-0.237,1.74,62.8,0.469,,,,-0.352,,,,8.43,,,,-14.9,,,,-38,,,11.59,1.22,0.394,Biotechnology,"ArQule, Inc., a clinical-stage biotechnology company, researches and develops cancer therapeutics.",Healthcare,1993,72.7,11.3,-23.7,-24.3,-23.4,12.5,0.133,63.4,0,40.5,,,12.2,,22.3,23.3,24.3,26.1,27.6,29.5,,-24.3,-0.035,0.272,,-23.4,,,-0.373,-0.373,-0.24,-0.373,-0.373,,,,,8.35,8.21,,0.259,,,,,,,-29.3,,,,,,1.07,2.73,,,,0.105,-1.7,,29.8,,,-1.52,,,,40,40.5,2.1,2.87,United States,11.3,-23.7,-23.4,10,,5.88,IQ25078,-42.4,0.39,,2.5,1.04,-11,1.7,,15.6,,,60.6,0.572,70.6,,,,4.25,40,61.1,75.6,0.146,8.32,11.6,2.87,7.73,4.89,3,11.3,United States: 11.3 (100.0%),-24.2,-26.7,-52.4,-59,-50.4,-37.6,-31.3,-11.1,-11.4,-25.1,-4.92,-7.52,-31.4,-53.4,-50.9,-36.1,-30.1,-10.8,-10.9,-24.6,,,11.3,Research and Development of Innovative Cancer Therapeutics: 11.3 (100.0%)
"NanoViricides, Inc. (AMEX:NNVC)",AMEX:NNVC,NA,NA,0,-0.541814946619217,-0.21986885245901638,NA,NA,0.17723226328567576,0.0474813904748139,103.07000000000001,15.736000000000002,-6.7059999999999995,-8.526,6.57,NA,NA,NA,NA,NA,6.549949161159125,NA,13.966,NA,0.9806525037936267,NA,1,NA,NA,NA,0,Biotechnology (Primary),Public Company,Common Stock,131.8,9.76,0.029,0.005,0.037,0.739,0.456,0.872,56.6,0.228,,,,,,,,,,,,,,,,,,,30.6,8.62,2.79,Biotechnology,"NanoViricides, Inc., a nano-biopharmaceutical company, discovers, develops, and commercializes therapeutics for the treatment of viral infections.",Healthcare,2005,103.1,0,-8.32,-8.53,-6.71,35.3,10.7,47.6,6.57,30.5,8.19,,3.98,,4.56,4.77,5.13,3.94,4.68,4.26,,-8.53,-4.2,0.268,,-6.71,,,-0.122,-0.122,-0.076,-0.162,-0.162,,,,,12.1,1.34,,0.502,,0.458,6.57,,0.003,,,,,,,,,-0.337,,,,26.2,,5,1,,,0.288,,,33.5,,30.5,2.33,,United States,,-8.46,-13.6,,,20,IQ22594191,,0.34,,4.77,2.26,,3.74,,16.9,,0.003,10.2,0.517,60.8,,100,,,6,35.5,17.8,0.244,0.225,0.887,0.104,0.536,0.35,2,,,,,-2.77,-2.69,-3.21,-3.08,-5.89,-6.28,-6.46,-7.39,,,-3.34,-2.64,-3.16,-3.07,-5.76,-6.34,-6.69,-13.8,,,,
"Rexahn Pharmaceuticals, Inc. (AMEX:RNN)",AMEX:RNN,NA,NA,0,-0.3066342562399952,-0.5843609022556391,NA,NA,0.025176931209560185,0.005189353802304121,122.55700299738008,33.73400000000001,-15.544,-10.344000000000001,0.6870029973801014,NA,NA,NA,NA,NA,3.633040937848463,NA,16.964000000000002,NA,0.8276385725132879,NA,1,NA,NA,NA,0.6870029973801014,Biotechnology (Primary),Public Company,Common Stock,131.7,9.57,0.003,0.002,0.015,-0.28,0.482,0.838,179.2,1.49,,,,-0.063,,,,,,,,,,,,,,,,4.23,0,Biotechnology,"Rexahn Pharmaceuticals, Inc., a clinical stage biopharmaceutical company, develops therapeutics for the treatment of cancer.",Healthcare,,99,0,-13.2,-13.3,-18.5,9.83,0.078,33.5,0,26.6,0.041,,6.25,,7.09,5.87,4.82,4.05,3.33,2.6,,-13.3,,0.134,,-18.5,,,-0.105,-0.105,-0.066,-0.105,-0.105,,,,0.37,0.687,0.609,,0.707,,,,,,,,,0.085,0.168,0.164,0.16,0.187,-1.3,,,,22.5,,,-22.6,,,1.53,,,,22,26.6,0.735,0.21,United States,,-13.2,-18.5,6.67,8.34,18.18,IQ21829412,,0.34,,1.29,0.65,,0,,18.7,,,12.6,0.436,95.3,,,,0.619,22,33.4,19.3,0.252,0.682,,0.21,11.4,0.93,1,,,-3.33,-4.72,-6.72,-4.43,-5.15,-6.18,-10.3,-16.1,-6.58,-7.98,-3.27,-6.35,-6.49,-4.3,-4.91,-2.9,-14,-11.3,-6.23,-9.5,,,,
"Minerva Neurosciences, Inc. (NasdaqGM:NERV)",NasdaqGM:NERV,NA,NA,0,-0.15129586968202247,-0.2684620811287478,NA,NA,0.0016929640414437598,0.0007345811418329269,107.29615384615386,86.7294,-15.2218,-13.121799999999999,0.09615384615384616,NA,NA,NA,NA,NA,1.2371370474850958,NA,53.6294,NA,0.907874617737003,NA,1,NA,NA,NA,0.09615384615384616,Biotechnology (Primary),Public Company,Common Stock,130.8,13.83,,,,,,,24.7,0.134,,,,-1.89,,,,,,,,,,,,,,,2.19,4.54,3.75,Biotechnology,"Minerva Neurosciences, Inc., a development stage biopharmaceutical company, focuses on the development and commercialization of a portfolio of product candidates for the treatment of central nervous system diseases.",Healthcare,2007,112.2,0,,-49.5,-51.6,23.6,0.036,73.3,0,56.7,0.037,,9.35,,40.1,15.5,1.19,0.708,0.661,0.55,,-49.5,-2.11,0.002,,-51.6,,,-5.49,-5.49,-3.43,-5.49,-5.49,,,,,,,14.9,0.942,,,,,,,,,,,,,0.1,-2.23,,,,55,-1.88,3.18,,,1.17,1.18,,,,7,56.7,5.29,,United States,,,-3.26,0,,16.67,IQ261133065,,0.43,,10,0,,0,,1.1,,,0.734,0.475,46.1,,3386.8,,,3,24.2,1.1,,0.366,0.003,,0.647,9.49,,,,,,,,,,,-1.13,-1.58,-3.16,,,,,,,,-1.12,-1.58,-3.26,,,,
"Cytori Therapeutics, Inc. (NasdaqGM:CYTX)",NasdaqGM:CYTX,-4.2105263157894735,-4.594736842105263,0,-0.6310083122515359,NA,0.0109,NA,NA,0.19526120529265603,145.3276695077237,55.34,-39.519999999999996,-34.919999999999995,31.227669507723682,NA,NA,NA,19.122061777332068,NA,2.6260872697456397,NA,50.24,NA,2.71950271950272,NA,1,NA,NA,NA,5.827669507723685,Biotechnology (Primary),Public Company,Common Stock,128.7,14.29,0,0.016,0.137,0.096,1.14,2.66,108.2,1.68,,,,-0.33,,,,1.09,,,,-12.4,,,,-8.74,,,3.67,9.12,0.477,Biotechnology,"Cytori Therapeutics, Inc., a biotechnology company, develops cell therapeutics for specific diseases and medical conditions.",Healthcare,1996,139.5,7.6,-32,-32.8,-37.4,14.6,1.58,38.7,25.4,-5.7,0.764,,22.4,,15.1,17.2,18.2,17.6,17.1,16,,-32.8,-4.37,0.006,,-37.4,,1.17,-0.477,-0.477,-0.289,-0.477,-0.477,,1.24,4.83,,11,9.37,3.92,0.949,,3.2,18,,,,-37.7,,0.027,0.055,1.79,2.24,2.18,1.15,,,,23.2,-1.96,,-0.655,,,-1.15,-0.815,2.06,16.9,78,-5.7,1.19,3.33,United States,7.6,-32,-37.4,12.2,-24.6,14.29,IQ264193,103.8,0.16,,2.88,0.363,-10.4,26.3,,15.5,3.92,,3.13,1.4,72.1,,,106.3,7.42,78,21.7,24.6,0.965,4.97,5.78,3.33,9.12,3.93,1,4.95,"North America: .9 (18.0%);
Japan: 3.1 (61.9%);
Europe: .5 (10.2%);
Other Countries: .5 (9.8%)",-15.9,-23.1,-30.3,-31.3,-28.7,-17.9,-26.6,-33,-28.3,-33.3,-2.09,-26.5,-25.4,-28.7,-30,-23.2,-27.5,-32.5,-32.3,-26.2,,,7.6,Regenerative Cell Technology: 7.6 (100.0%)
Histogenics Corporation (NasdaqGM:HSGX),NasdaqGM:HSGX,NA,NA,0,-0.3738062755798091,-0.2236162361623617,NA,NA,0,0,70,58.64,-12.120000000000005,-21.920000000000005,0,NA,NA,NA,NA,NA,1.193724420190996,NA,62.54,NA,0.11124121779859485,NA,1,NA,NA,NA,0,Biotechnology (Primary),Public Company,Common Stock,128.1,27.87,,,,,,,13.2,0.07,,,,-2.73,,,,,,,,,,,,,,,36.12,15.96,,Biotechnology,Histogenics Corporation focuses on developing and commercializing regenerative medicines to treat musculoskeletal conditions.,Healthcare,2000,70,0,-32,-32.6,-22.8,58.1,,65.5,0,54.2,,,6.75,,25.9,24.8,15.1,13.4,11.9,10.9,,-32.6,-0.151,,-0.06,-22.8,,-12.3,-6.85,-6.85,-13.3,-6.85,-6.85,,,,0.796,,,,,,8.25,,,,,,,,,,,,-3.69,,,,,,,,,,,,,,,54.2,9.69,,United States,,-32,-22.8,0,-25.8,15.38,IQ26670236,,0.41,,12.97,7.04,,0,,8.73,,57.1,-75.6,0.057,20.8,,,,4.1,,58.9,10.3,2.53,1.04,1.52,,,,,,,,,,,,,,-9.77,-15,-16.8,,,,,,,,-12.9,-16.9,-25.7,,,,
"Vaccinogen, Inc. (OTCPK:VGEN)",OTCPK:VGEN,NA,NA,0,-0.17793096431205965,-0.24346978557504875,NA,NA,0.06526271527935947,0.0275981122150356,127.19173076923076,78.62599999999999,-12.49,-13.99,3.581730769230769,NA,NA,NA,NA,NA,1.6176802936589776,NA,26.416,NA,0.029714738510301108,NA,1,NA,NA,NA,0.08173076923076923,Biotechnology (Primary),Public Company,Common Stock,126.2,0.155,0.058,0.003,0.026,1.18,0.373,1.37,34,0.008,,,,,,,,,,,,,,,,,,,39.16,36.36,1.18,Biotechnology,"Vaccinogen Inc., a biotechnology company, focuses on the development and commercialization of cancer vaccines and immunotherapeutic products for cancers and infectious diseases.",Healthcare,2007,127.2,0,-7.88,-14.6,-13.1,2.59,0.18,62.6,3.5,51.3,0.121,,5.45,,9.17,8.62,8.63,8.69,8.48,8.38,,-14.6,-2.01,,,-13.1,,,-0.41,-0.41,-0.256,-0.617,-0.617,,,0.099,0.041,0.921,0.742,,1.93,3.5,3.6,,,,,,,,,,,0.085,9.29,,,,13.4,-1.55,0.02,,,,-1.13,,,5.3,,51.3,3.71,,United States,,-12.7,-24.6,,,37.5,IQ50885665,,0.28,,6.85,1.99,,5.03,,0.06,,,45.9,0.015,24.5,,99.5,0.084,0.123,9,4.7,0.365,2.79,2.44,10.1,0.16,0.077,7,,,,,,,,,,,-11.3,-11.1,-19.4,,,,,,,,-11.5,-12.7,-24.6,,,,
"Cellular Dynamics International, Inc. (NasdaqGM:ICEL)",NasdaqGM:ICEL,-1.6526946107784433,-1.4958083832335332,0,-0.3250910983862572,-0.6952380952380954,NA,NA,0.28498348990935307,0.1071042152958124,106.26591213845936,76.84,-26.280000000000005,-24.980000000000004,15.065912138459383,NA,NA,NA,6.363228271764034,NA,1.3829504442797937,NA,61.339999999999996,NA,0.89171974522293,NA,1,NA,NA,NA,2.9659121384593834,Biotechnology (Primary),Public Company,Common Stock,125.6,56.88,0.031,0.019,,1.07,0.889,,15.8,0.052,,,,-1.54,,,,,,,,,,,,85.9,,,0.253,16.45,4.33,Biotechnology,"Cellular Dynamics International, Inc. develops and manufactures human cells in the United States, Europe, Japan, and internationally.",Healthcare,2004,103.3,16.7,-27.6,-29.3,-30.6,34.4,3.83,58.8,12.1,37.8,2.91,,21.1,,22.4,21.2,19.3,17.7,16.6,15.6,,-29.3,-1.35,,,-30.6,,,-1.94,-1.94,-1.21,-1.94,-1.94,,4.29,4.46,,9.63,5.79,6.82,1.82,,,7.59,,,,40.5,,0.016,0.512,0.841,0.932,0.942,-0.645,,,,0.345,-0.018,,-0.14,,,0.041,-0.572,-0.973,11.9,155,37.8,7.94,0.949,United States,16.7,-27.6,-30.6,26.6,-23.4,36.36,IQ21881019,50.8,0.54,,15.38,4.72,-8.18,11.9,,62,6.82,,64.9,0.448,70.1,,,100,3.8,155,44.2,70.2,1.81,3.36,1.44,0.949,2.76,10.72,3,16.7,"United States of America: 11.2 (67.0%);
Europe: 4.7 (28.0%);
Japan: .7 (4.0%);
Other: .2 (1.0%)",,,,,,,,-21.3,-22.2,-24.3,,,,,,,,-21.3,-22.3,-25,,,16.7,Biotechnology: 16.7 (100.0%)
"Anthera Pharmaceuticals, Inc. (NasdaqGM:ANTH)",NasdaqGM:ANTH,NA,NA,0,-0.43552465233881155,NA,NA,NA,NA,0.004721402448653404,121.34538489986346,63.28000000000001,-29.66,-27.56,0.5853848998634501,NA,NA,NA,NA,NA,1.9175945780635817,NA,68.18,NA,4.558346839546191,NA,1,NA,NA,NA,0.5853848998634501,Biotechnology (Primary),Public Company,Common Stock,123.4,30.03,0.006,0,0.057,-0.628,-0.061,1.77,28.6,0.49,,,,-0.833,,,,,,,,,,,,,,,9.79,0.808,0.313,Biotechnology,"Anthera Pharmaceuticals, Inc., a biopharmaceutical company, focuses on developing and commercializing medicines for patients with unmet medical needs.",Healthcare,2004,120.7,0,-27.1,-27.5,-29.6,2.64,0.468,3.49,0,-2.26,,,6.86,,22.3,23.8,22.5,22.5,21.7,21.3,,-27.5,-1.05,,,-29.6,,,-1.36,-1.36,-0.821,-1.36,-1.36,,,,,1.63,1.16,,2.23,,1,,,,,,,,,0.177,0.23,0.224,-0.942,,,,10.4,-18.1,,10,,,-1.21,,,,20,-2.26,4.32,0.244,United States,,-27.1,-29.6,0,,3.45,IQ20805580,,0.48,,6.37,1.46,,17.9,,25.9,,,14.8,2.25,77.2,,,,0.826,20,3.02,26.3,3.52,1.27,,0.244,3.02,3.67,3,,,,,-8.58,-20.4,-13.9,-11.8,-35.8,-93.1,-55.9,-28.2,,,-8.68,-25.7,-18.1,-12.2,-40.4,-99.1,-45.3,-30.9,,,,
Conatus Pharmaceuticals Inc. (NasdaqGM:CNAT),NasdaqGM:CNAT,NA,NA,0,-0.2706224696356275,-0.515421686746988,NA,NA,0.06509236120855441,0.018654674871158242,114.00152929172513,63.23200000000001,-17.112000000000002,-17.112000000000002,2.311529291725133,NA,NA,NA,NA,NA,1.8029088007927174,NA,38.94200000000001,NA,NA,NA,1,NA,NA,NA,1.311529291725133,Biotechnology (Primary),Public Company,Common Stock,121.6,19.32,0.002,0.002,,-0.257,0.491,,15.7,0.556,,13,,-1.64,,,,,,,,,,,,,,,0.077,4.25,2,Biotechnology,"Conatus Pharmaceuticals Inc., a biotechnology company, focuses on the development and commercialization of novel medicines to treat liver diseases in the United States.",Healthcare,2005,85.5,0,-22.3,-22.3,-22.3,9.91,0.237,38.4,1,33.2,0.243,,7.38,,14.9,14.5,12,9.63,6.95,5.48,,-22.3,-0.07,0.058,,-22.3,,,-1.44,-1.44,-0.901,-1.44,-1.44,,,,,0.464,0.227,,2.99,,,1,,,,,,0.322,0.322,0.303,0.303,0.231,-1.11,,,,0.088,,,24.4,,,1.5,,,7,27,33.2,7.75,0.244,United States,,-22.3,-22.3,0,,8.33,IQ30828389,,0.41,,11.74,5.06,,1,,4.16,,,53.1,25.6,62.6,,100,,0.09,27,37.9,56.9,1.49,1.32,,0.244,1.86,6.84,3,,,,,,,,,,-12.4,-8.62,-11.6,,,,,,,,-12,-8.75,-15.6,,,,
"BIND Therapeutics, Inc. (NasdaqGS:BIND)",NasdaqGS:BIND,-3.0576923076923075,-2.848076923076923,0,-0.285659176391166,-0.7693548387096774,NA,NA,0.1927060192708407,0.07346027148693685,101.57986791428871,103.69,-28.62,-29.62,8.879867914288715,NA,NA,NA,9.76729499175853,NA,0.9796496085860614,NA,82.52,NA,1.9754464285714286,NA,1,NA,NA,NA,5.6098679142887145,Biotechnology (Primary),Public Company,Common Stock,112,7.9,0.001,0.004,,-0.192,-0.395,,20.4,0.319,,30.5,,-2.22,,,,,,,,,,,,125.9,,,,16.91,0.153,Biotechnology,"BIND Therapeutics, Inc., a clinical-stage nanomedicine platform company, develops various targeted and programmable therapeutics.",Healthcare,2006,74.3,10.4,-31.8,-33.5,-32.5,19.3,6.57,54.1,3.27,37.2,3.36,,15.1,,28.9,28.3,26.5,25.5,24.4,20.4,,-33.5,-0.5,0.188,,-32.5,,,-1.97,-1.97,-1.23,-1.97,-1.97,,2.89,,0.249,12.5,5.96,,1.8,,0.606,1.48,,,,-4.36,,,0.038,0.897,2.57,2.5,0.739,,,,0.235,-1.26,,3.77,,,2.11,,-1.62,34.8,89,37.2,5.49,2,United States,10.4,-31.8,-32.5,17.5,-42.3,11.76,IQ32534476,73,0.48,,13.72,4.89,-18.4,4.69,,51.6,,,69.3,0.885,44.6,,,100,5.79,89,46,64.8,2.64,2.41,5.6,2,2.77,4.99,3,10.4,"United States: 9.7 (93.1%);
Russia: .7 (6.9%)",,,,,,,,-15.3,-18.6,-26.9,,,,,,,,-16.9,-19.2,-27.7,,,10.4,"Developing Accurins, Our Novel Targeted and Programmable Therapeutics: 10.4 (100.0%)"
"Neostem, Inc. (NasdaqCM:NBS)",NasdaqCM:NBS,-3.1061452513966485,-2.6491620111731846,0,-0.3730920535011802,-0.767986230636833,0.8059999999999999,NA,0.27631538699242914,0.17292618188454897,109.08359171344186,127.1,-44.62,-47.42,22.183591713441867,NA,NA,NA,6.094055402985579,NA,0.8582501314983625,NA,71.6,NA,5.513666352497644,NA,1,NA,NA,NA,5.583591713441865,Biotechnology (Primary),Public Company,Common Stock,106.1,12.08,0.001,0,0.079,-0.13,-0.004,1.36,38.3,0.317,,,,-1.5,,,,80.6,,,,9.18,,,,21.3,,,,6.22,0.417,Biotechnology,"NeoStem, Inc., a clinical-stage biopharmaceutical company, develops cell based therapeutics in the United States.",Healthcare,1980,96,17.9,-55.6,-57.7,-54.9,19.2,16,126.3,16.6,58.1,3.66,,30.8,,29.2,24.3,20.3,18.5,16.9,14.6,,-57.7,-0.756,,,-55.6,-0.104,,-1.68,-1.68,-1.1,-1.68,-1.68,,3.11,2.57,,21.4,5.43,25.2,5.66,,,14.7,-0.441,0,,22.3,0.628,0.492,0.535,1.37,1.66,1.57,0.229,,,,18.7,-4.33,16.8,-7.13,,0.051,0.47,,-1.2,8.86,182,58.5,2.77,1.3,United States,17.9,-55.6,-54.9,20.7,,14.29,IQ338272,56.8,0.36,,7.39,2.67,2.26,4.15,-0.516,46.1,11.1,0,62.5,2.34,88.2,,9.87,90.1,2.9,182,36.3,50.8,3.36,4.02,1.84,1.3,4.43,9.19,3,17.9,United States: 17.9 (100.0%),-1.47,-1.6,-4.69,-10.4,-9.23,-22.3,-18.3,-33.4,-30.4,-36.8,-1.75,-1.75,-6.05,-10.4,-9.24,-26.2,-23.3,-47.1,-53.8,-39,,,17.9,Cell Therapy: 17.9 (100.0%)
"SIGA Technologies, Inc. (OTCPK:SIGA.Q)",OTCPK:SIGA.Q,-6.656050955414012,-7.471337579617833,0,NA,NA,0.054900000000000004,NA,NA,0.07157093365763237,14.363641304556381,-309.49,-267.76,-23.459999999999997,8.16364130455638,NA,NA,NA,4.5744080587759175,NA,NA,NA,34.72,NA,0.35410764872521244,NA,1,NA,NA,NA,6.173641304556381,Biotechnology (Primary),Public Company,Common Stock,105.9,11.89,0.001,0.009,0.151,-0.169,0.5,2.12,53.5,0.292,,,,,,,,5.49,,,,-25.6,,,,-37.3,,,,2.66,0.909,Biotechnology,"SIGA Technologies, Inc. engages in the development and commercialization of pharmaceutical solutions for serious unmet medical needs and bio-threats in the United States.",Healthcare,1995,8.21,3.14,-20.9,-21.2,-265.5,99.7,0.832,166.4,1.99,-246.5,0.028,,12.5,,10.8,10.7,12.3,13,13.9,15.4,,-21.2,-0.456,,,-211.9,53.5,,-4.97,-4.97,-0.25,-4.97,-4.97,,0.492,19,9.66,4.33,3.5,0.898,3.38,,1.26,,,,,-43.1,0.507,0.761,0.734,1.66,1.64,1.62,2.21,,,-0.416,0.102,-2,,-4,,,-3.86,1.47,0.49,15.4,34,-246.5,1.98,1.6,United States,3.14,-20.9,-265.5,,,11.11,IQ370941,,0.20,,3.23,0.99,-8.68,3.96,,91.3,0.898,,17,0.15,57.4,,,100.5,7.26,34,129.8,123.9,5.06,1.05,4.11,1.6,3.34,4.4,1,3.14,United States: 3.1 (100.0%),-6.76,-2.53,-6.81,-7.46,-8.74,-11.9,-12.7,-29.8,-22.1,-22.8,-9.37,-2.29,-9.9,-5.64,-10.2,-19.4,-50.3,29.1,-14.1,-17.2,,,3.14,Development and Commercialization of Solutions for Serious Unmet Medical Needs and Biothreats: 3.1 (100.0%)
"Neothetics, Inc. (NasdaqGM:NEOT)",NasdaqGM:NEOT,NA,NA,0,-0.5003668378576669,-1.0836190476190477,NA,NA,0.2759100855380943,0.03684094028066758,93.90096153846153,19.082,-11.378,-9.548,4.000961538461539,NA,NA,NA,NA,NA,4.920918223376036,NA,19.381999999999998,NA,1.0516252390057361,NA,1,NA,NA,NA,0.10096153846153845,Biotechnology (Primary),Public Company,Common Stock,104.6,14.62,,,,,,,13.7,0.085,,,,-4.09,,,,,,,,,,,,,,,,1.45,1.45,Biotechnology,"Neothetics, Inc., a clinical-stage specialty pharmaceutical company, engages in developing therapeutics for the aesthetic market.",Healthcare,2007,38.4,0,-8.85,-8.87,-10.7,14.7,0.019,16.2,3.9,10.5,0.008,,3.9,,4.97,5.24,8.35,11.4,3.25,,,-8.87,-0.171,0.004,,-10.7,,-1.92,-0.675,-0.675,-0.514,-0.675,-0.675,,,,,0.142,0.124,,0.541,,,3.71,,,,,,,,,,0.105,,,,,0.049,-0.325,4,0,,,1.02,,,13.6,10,10.5,7.65,,United States,,-14.4,-15,0,,5.26,IQ54505568,,0.38,,14.1,6.11,,,,,,,,0.44,24.5,,,100,,,16.2,,,,,0.2,0.369,1.59,,,,,,,,,,,,-5.74,-14.4,,,,,,,,,-7.83,-15,,,,
"PharmAthene, Inc. (AMEX:PIP)",AMEX:PIP,-0.9803921568627452,-1.4450980392156865,0,-0.4198712470802713,-0.7923497267759565,0.257,NA,0.1260621057186651,0.024660971448025537,88.43970306099226,35.105999999999995,-14.500000000000004,-14.740000000000002,2.639703060992262,NA,NA,NA,8.670559123626692,NA,2.5192190241267096,NA,34.66,NA,0.07662835249042145,NA,1,NA,NA,NA,1.893703060992262,Biotechnology (Primary),Public Company,Common Stock,104.4,20.06,0.003,0,0.07,0.41,0.075,1.71,63.6,0.224,,,,,,,,25.7,,,,-18,,,,-25.1,,,6.26,2.31,,Biotechnology,"PharmAthene, Inc., a biodefense company, develops and commercializes medical countermeasures against biological and chemical threats in the United States.",Healthcare,,86.5,10.2,-10,-10.2,-9.96,18.6,0.326,22,0.746,18.3,0.092,,10.9,,9.32,11.6,12.5,13.5,15.8,15.9,0.15,-10.2,-0.211,0.001,,-9.89,0.062,,-0.173,-0.173,-0.107,-0.173,-0.173,,0.408,,,2.51,2.19,2.35,0.391,,0.356,,,,,-43.1,,,,0.357,0.848,0.824,-0.382,,,,18.8,-2.09,,,,,-0.737,,3.22,17,35,18.3,1.64,0.8,United States,10.2,-10,-9.96,,,6.67,IQ6813000,,0.21,,2.59,1.19,0.87,2.82,,10.5,2.35,,7.34,0.032,68.9,,,100,2.82,35,19.3,14.3,1.13,3.1,0.474,0.8,7.39,2.31,1,10.2,United States: 10.2 (100.0%),-10.2,-10.9,-14.5,-16.5,-19.1,-20.9,-18.9,-13.1,-6.27,-8.04,-10.1,-23.4,-15.1,-13.6,-36.4,-32.3,-34.8,-3.8,-4.92,-11.7,,,10.2,Development of next Generation Medical Counter Measures against Biological and Chemical Threats: 10.2 (100.0%)
"Targacept, Inc. (NasdaqGS:TRGT)",NasdaqGS:TRGT,-105.81818181818181,-168.58181818181814,0,-0.33237740177803266,-0.45426214482126487,-0.23,NA,0.0034353579440914673,0.0036345551475556034,47.07608955393719,139.48,-49.559999999999995,-46.35999999999999,0.376089553937187,NA,NA,NA,171.18578019613523,NA,0.3375113962857556,NA,86.78,NA,1.4161008729388944,NA,1,NA,NA,NA,0.376089553937187,Biotechnology (Primary),Public Company,Common Stock,103.1,34.29,0.076,0.039,0.189,1.02,0.807,1.78,33.8,0.177,,,,-1.04,,,,-23,,,,-59.4,,,,-85.9,,,,1.36,0.577,Biotechnology,"Targacept, Inc., a biopharmaceutical company, engages in the development of neuronal nicotinic receptors (NNR) therapeutics for the treatment of nervous system and gastrointestinal/genitourinary diseases and disorders.",Healthcare,1997,-4.31,0.275,-29.1,-29.4,-32.6,56.4,0.428,112,0,109.1,0.004,,9.4,,19.5,27.9,35.6,39.6,38.8,40.4,,-29.4,-0.023,0.585,,-29.1,3.48,,-0.966,-0.966,-0.534,-0.97,-0.97,,0.141,,,2.1,1.67,,0.405,,,,,,,-92.4,,,,0.012,0.025,0.356,6.69,,,,0.296,-1.14,,33.8,,,-7.21,,0.131,,19,109.1,3.05,0.541,United States,0.275,-29.1,-32.6,0,,16.67,IQ419298,,0.34,,4.89,2.25,-20,1.14,,54.5,,,134.6,0.584,57.6,,,,0.819,19,108.1,93.6,1.3,8.83,,0.541,3.88,8.93,3,0.275,United States: .3 (100.0%),-24.4,-28.3,-0.404,-31.8,-27.9,-40.3,13.1,-9.75,-2.62,-46.3,-24,-29,2.1,-28.1,-25.7,-39.4,10.9,-8.53,-7,-46.7,,,0.275,Development of Novel NNR Therapeutics: .3 (100.0%)
TetraLogic Pharmaceuticals Corporation (NasdaqGM:TLOG),NasdaqGM:TLOG,NA,NA,0,-0.22455414524421596,-0.8252095808383233,NA,NA,0.4901370777116191,0.23764580935397028,122.00780325443787,99.584,-27.561999999999998,-22.362000000000002,32.10780325443787,NA,NA,NA,NA,NA,1.225174759544082,NA,47.884,NA,1.3009708737864079,NA,1,NA,NA,NA,0.7078032544378698,Biotechnology (Primary),Public Company,Common Stock,103,23.43,0.007,0.001,,-0.586,-0.237,,22.8,0.074,,,,-1.51,,,,,,,,,,,,,,,9.13,3.38,1.43,Biotechnology,"TetraLogic Pharmaceuticals Corporation, a clinical-stage biopharmaceutical company, focuses on discovering and developing small molecule therapeutics in oncology and infectious diseases.",Healthcare,2001,80.7,0,-30.7,-30.8,-36,13.1,0.528,118.3,31.4,33.4,0.515,,10.9,,20.3,17,13.2,10.4,9.52,9.19,,-30.8,-3.36,0.113,,-36,,,-1.61,-1.61,-0.925,-1.63,-1.63,,,,0.376,2.22,1.69,16.9,1.14,,0.256,31.4,,,,,,,,,0.309,0.439,1.8,,,,0.201,,44.1,-40.6,,-12.8,0.571,,,21.1,31,33.4,4.52,0.39,United States,,-30.7,-36,0.834,,5.88,IQ10579215,,0.48,,8.26,3.51,,0,,55.1,,,50.5,0.536,43.8,,149.8,,0.204,31,55.9,55.3,1.22,2.92,0.794,0.39,3.28,5.53,3,,,,,,,,,,-18.9,-16.2,-17,,,,,,,,-18.9,-16.2,-20,,,,
"Fate Therapeutics, Inc. (NasdaqGM:FATE)",NasdaqGM:FATE,NA,NA,0,-0.49932765575974897,-0.8226148409893993,NA,NA,0.4468846668536328,0.18414838817819243,75.06473600364134,44.620000000000005,-23.28,-22.28,22.86473600364133,NA,NA,NA,NA,NA,1.6823114299336919,NA,45.82,NA,0.2936821322803554,NA,1,NA,NA,NA,3.264736003641329,Biotechnology (Primary),Public Company,Common Stock,101.3,30.62,0.029,0.006,,0.908,0.498,,20.6,0.025,,,,-1.24,,,,,,,,,,,,,,,,2.08,0.026,Biotechnology,"Fate Therapeutics, Inc., a clinical-stage biopharmaceutical company, discovers and develops pharmacologic modulators of adult stem cells to treat orphan diseases.",Healthcare,2007,71.9,0,-24.4,-24.9,-25.9,49.1,1.2,51.2,19.6,28.3,0.882,,8.47,,16.4,15.6,14.9,14,12,12.4,,-24.9,-0.549,0.002,,-25.9,,,-1.27,-1.27,-0.778,-1.27,-1.27,,,,,3.99,2.79,,0.645,,0.13,18.1,,,,,,,,1,1.28,1.24,-0.011,,,,0.142,-1.78,20,,,,0.163,,,7.86,50,28.3,4.91,0.9,United States,,-24.4,-25.9,12.5,-39,6.25,IQ39268712,,0.48,,12.26,3.5,-16.4,1.73,,54,,,50.8,0.119,47.2,,,100,2.33,50,49.9,54.7,0.682,2.04,0.147,0.9,2.43,3.83,3,,,,,,,,,,-13.3,-13.6,-17.7,,,,,,,,-13.4,-14.2,-20.9,,,,
GTX Inc. (NasdaqCM:GTXI),NasdaqCM:GTXI,NA,NA,0,-0.5252907763051123,-2.704494382022472,NA,NA,0.00984167736414206,0.0017486504979852503,83.27692307692308,73.94,-48.14,-38.84,0.1769230769230769,NA,NA,NA,NA,NA,1.1262770229500012,NA,74.03999999999999,NA,0.027227722772277228,NA,1,NA,NA,NA,0.1769230769230769,Biotechnology (Primary),Public Company,Common Stock,101,30.71,0.024,0.016,0.061,1.15,1.04,1.63,140.3,0.272,,,,-0.16,,,,,,,,,,,,,,,0,45.59,0.654,Biotechnology,"GTx, Inc., a biopharmaceutical company, is engaged in the discovery, development, and commercialization of small molecules for the treatment of cancer, cancer supportive care, and other serious medical conditions.",Healthcare,1997,51.7,0,-30,-30.1,-39.4,17.9,0.029,50.7,0,17.8,0.005,,9.26,,20.9,23.7,26.8,29.1,32.3,36.3,,-30.1,,,,-39.4,,,-0.482,-0.482,-0.299,-0.482,-0.482,,,,,3.78,3.75,,0.512,,30.5,,,,,,,,,,,0.184,-27.8,,,,63.9,-0.002,,-31.2,,,-0.296,,,,25,17.8,0.72,0.513,United States,,-30,-39.4,0,,33.33,IQ3743797,,0.44,,1.7,0.41,-20.9,0,,14.5,,,10.7,0.011,48.4,,,,0.738,25,50.2,15.2,0.808,3.02,0.742,0.513,8.1,4.24,3,,,-23.3,-38.6,-38.5,-45.5,-54.5,-46.7,16.8,-34.5,-49.7,-42.7,-22.3,-36.8,-35.5,-40.4,-51.8,-46.3,15.3,-33.3,-27.1,-42.1,,,,
Discovery Laboratories Inc. (NasdaqCM:DSCO),NasdaqCM:DSCO,-14.753521126760564,-14.82394366197183,0,-0.5871687587168758,-2.260416666666667,0.08900000000000001,NA,0.5498683594387723,0.18982916776321423,78.85418884142712,71.7,-43.400000000000006,-42.099999999999994,23.45418884142712,NA,NA,NA,27.765559451206734,NA,1.099779481749332,NA,76.80000000000001,NA,0.6968031968031968,NA,1,NA,NA,NA,3.0541888414271208,Biotechnology (Primary),Public Company,Common Stock,100.1,46.35,0.007,0.003,0.13,-0.36,0.268,1.82,85.6,0.361,,,,-0.4,,,,8.9,,,,,,,,69.5,,,,0.525,0.073,Biotechnology,"Discovery Laboratories, Inc., a specialty biotechnology company, focuses on developing products for critical-care patients with respiratory disease and improving care in pulmonary medicine.",Healthcare,1992,75.8,2.84,-41.9,-42.8,-44.1,44.7,1.64,47.5,20.4,19.2,0.78,,16.7,,26.7,24.7,24.8,24.8,27.7,28,,-42.8,-4.6,0.006,,-44.1,,,-0.518,-0.518,-0.32,-0.556,-0.556,,,0.027,,12.7,11.1,,0.35,,1.26,20.3,,,,630.7,,,0.158,0.943,0.961,1.24,3.91,,,,0.457,-0.08,,,,,-1.08,-1.79,0.067,23.9,110,19.2,1.17,1.2,United States,2.84,-41.9,-44.1,4.88,,20,IQ27638,80.2,0.23,,2.34,0.99,-26,18.5,,86.3,,,58.5,0.279,83.4,,,147.6,4.14,110,45.6,87.2,1.43,4.79,5.56,1.2,6.53,4.5,1,2.84,United States: 2.8 (100.0%),-37.9,-42.5,-42.1,-39.9,-38.4,-27.9,-25.5,-24.5,-35.8,-44.5,-46.2,-58.9,-46.3,-40,-39.1,-29.9,-19.2,-21,-37.3,-45.2,,,2.84,Surfactant Replacement Therapies: 2.8 (100.0%)
ContraFect Corporation (NasdaqCM:CFRX),NasdaqCM:CFRX,NA,NA,0,-0.6462621885157095,-1.2712542372881355,NA,NA,0.25772321053178116,0.09299388566502509,78.84258715692076,25.844000000000005,-37.501999999999995,-16.701999999999998,10.242587156920749,NA,NA,NA,NA,NA,3.050711467145981,NA,27.644000000000005,NA,0.6581581581581581,NA,1,NA,NA,NA,10.242587156920749,Biotechnology (Primary),Public Company,Common Stock,99.9,2.09,,,,,,,20.2,0.034,,,,-1.36,,,,,,,,,,,,,,,,14.46,0.249,Biotechnology,"ContraFect Corporation, a development stage biotechnology company, focuses on discovering and developing therapeutic protein and antibody products for life-threatening and drug-resistant infectious diseases in the United States.",Healthcare,2008,72.5,0,-15,-15.5,-36.3,31.3,2.32,34.2,0,29.5,,,6.88,,9.08,8.82,9.46,9.13,10.9,13.1,,-15.5,-13.3,,,-36.3,,4.47,-4.69,-4.69,-2.35,-4.69,-4.69,,,,,,,,0.389,,1.44,,,,,,8.82,0.886,0.869,0.852,0.835,0.819,,,,,41.3,-0.619,3.14,0.644,,,0.012,,,,,29.5,4.94,,United States,,-15.1,-23.6,0,-15,6.25,IQ112206719,,0.31,,6.13,2.5,,8.96,,9.59,,39.9,-39.7,0.263,79.4,,100,0,4.04,16,31.7,9.84,2.5,0.885,0.915,0.87,2.22,5.32,1,,,,,,,,,,-10.5,-18.2,-15.7,,,,,,,,-10.6,-19.3,-23.6,,,,
Tonix Pharmaceuticals Holding Corp (NasdaqGM:TNXP),NasdaqGM:TNXP,NA,NA,0,-0.4532962710442124,-0.47606648199445983,NA,NA,0.044555014306684244,0.01680359308301387,61.983441789486335,38.134,-17.186,-17.285999999999994,1.6834417894863352,NA,NA,NA,NA,NA,1.6254114907821455,NA,40.234,NA,0.3730964467005076,NA,1,NA,NA,NA,1.6834417894863352,Biotechnology (Primary),Public Company,Common Stock,98.5,18.98,0.049,0.018,0.128,1.72,1.33,3.55,16.1,0.115,,,,-2.19,,,,,,,,,,,,,,,2.54,3.13,0.404,Biotechnology,"Tonix Pharmaceuticals Holding Corp., a clinical-stage pharmaceutical company, focuses on the identification and development of pharmaceutical products for the disorders of central nervous system in the United States.",Healthcare,2007,60.3,0,-27.6,-27.7,-27.6,38.2,0.328,39.5,0,36.1,0.319,,9.04,,18.6,14.2,10.6,7.46,4.65,4.02,,-27.7,,0.04,,-27.6,,,-2.77,-2.77,-1.73,-2.77,-2.77,,,,0.017,0.412,0.084,,1.49,,,,,,,,,0.099,0.442,0.459,0.446,0.42,-1.03,,,,57,-0.28,,-0.073,,,0.728,,,,16,36.1,6.12,0.246,United States,,-27.6,-27.6,0,,23.08,IQ112008811,,0.25,,15.21,5.33,,0.28,,8.2,,,6.51,0.147,78.5,,,,1.58,16,39,8.63,0.765,1.17,,0.246,1.23,12.4,1,,,,,,,-0.021,-0.185,-1.93,-3.22,-6.66,-10.9,,,,,-0.021,-0.221,-1.96,-3.47,-9.45,-10.9,,,,
"PharmaCyte Biotech, Inc. (OTCPK:PMCB)",OTCPK:PMCB,NA,NA,0,-3.722518331879704,-3.6876160000000002,NA,NA,0.015008013988051872,0.0009737621214476117,96.83622928994083,6.191400000000001,-23.047600000000003,-23.047600000000003,0.0952292899408284,NA,NA,NA,NA,NA,15.640441465571731,NA,0.9004,NA,2.661207778915046,NA,1,NA,NA,NA,0.0952292899408284,Biotechnology (Primary),Public Company,Common Stock,97.7,0.002,0.043,0.001,0.01,1.4,0.333,1.13,707.8,2.48,,,,,,,,,,,,,,,,,,,,17.74,1.41,Biotechnology,"PharmaCyte Biotech, Inc., a clinical stage biotechnology company, focuses on developing and commercializing treatments for cancer and diabetes based upon a proprietary cellulose-based live cell encapsulation technology, known as Cell-in-a-Box.",Healthcare,1996,96.7,0,,-23.6,-23.6,0.959,,6.63,0,6.25,,,22.9,-2.18,0.622,0.348,,,,,,-23.6,-0.01,0.002,,-23.6,,,-0.034,-0.034,-0.021,-0.034,-0.034,,,,,,,,0.376,,,,,,,,,,,,0.051,0.05,-0.762,,,,5.64,-0.183,0.004,-1.5,,0,0.187,,,,,6.25,0.138,,United States,,,-27.3,,,50,IQ3563709,,0.20,,0.493,0.095,,0.225,,0.865,,,5.18,1.04,82.3,,,100,,4,0.997,1.54,0.168,0.087,,0.049,,,1,,,-1.85,-3.21,-7.85,-3.37,-2.95,-6.01,-0.454,-1.69,-1.71,-2.99,-3.68,-6.3,-8.25,-3.44,-2.89,-8.49,-3.02,-2.49,-1.78,-11.1,,,,
"ADMA Biologics, Inc. (NasdaqCM:ADMA)",NasdaqCM:ADMA,-2.668918918918919,-2.7912162162162164,0,-0.47688311688311685,-2.882529118136439,NA,NA,0.7436782435611523,0.1534454317487355,96.43709276145212,34.650000000000006,-17.323999999999998,-16.524,17.43709276145213,NA,NA,NA,16.290049452947994,NA,2.783177280272788,NA,31.04,NA,0.11954261954261954,NA,1,NA,NA,NA,2.6370927614521307,Biotechnology (Primary),Public Company,Common Stock,96.2,10.21,0,0,,0.054,0.022,,10.5,0.012,,,,-1.86,,,,,,,,,,,,98.1,,,10.54,5.69,0.438,Biotechnology,"ADMA Biologics, Inc., a late stage biopharmaceutical company, develops, manufactures, and intends to market plasma-based biologics for the treatment and prevention of certain infectious diseases.",Healthcare,2004,89.2,5.92,-15.8,-16,-16.8,17.2,2.84,27.2,14.8,6.01,2.32,,8.68,,9.52,10.6,10.5,12.2,9.3,7.62,,-16,-1.29,0.014,,-17.4,-0.552,,-1.81,-1.81,-1.16,-1.81,-1.81,,0.384,1.71,,4.13,1.28,,1.78,,,14.8,,,,92.8,1.47,0.369,0.357,0.353,0.348,0.33,-0.27,,,,,-0.013,9.85,-1.72,,,-0.938,-0.04,-0.384,12.3,60,6.01,9.15,0.414,United States,5.92,-15.8,-16.8,6.36,,15.38,IQ51119246,123.7,0.26,,14,6.76,2.17,4.94,,26.1,,,21.6,0.046,18.3,,,0.44,1.56,60,24.1,31.1,2.71,0.86,0.076,0.414,1.05,7.24,3,5.92,United States: 5.9 (100.0%),,,,,,-7.78,-5.5,-2.69,-7.91,-15,,,,,,-7.83,-5.95,-5.9,-7.3,-15.5,,,5.92,"Plasma Collection Center: 5.8 (98.7%);
Corporate: .1 (1.3%)"
"RenovaCare, Inc. (OTCBB:RCAR)",OTCBB:RCAR,NA,NA,0,-0.8778546261255383,-2.838396624472574,NA,NA,0,0,94.517,1.5326,-1.3454,-1.3454,0,NA,NA,NA,NA,NA,61.671016573143675,NA,1.7416,NA,0.005252100840336134,NA,1,NA,NA,NA,0,Biotechnology (Primary),Public Company,Common Stock,95.2,,0,0.004,0.046,-0.065,-0.583,1.64,66.6,0.002,,,,,,,,,,,,,,,,,,,,63.26,,Biotechnology,"RenovaCare, Inc., a development stage company, focuses on the acquisition, research, development, and commercialization of autologous cellular therapies for use in medical and aesthetic applications.",Healthcare,,94.5,0,,-2.13,-2.13,0.683,,0.853,0,0.474,,,1.16,,0.976,0.957,,,,,,-2.13,,,,-2.13,,,-0.032,-0.032,-0.02,-0.032,-0.032,,,,,,,,0.006,,0.188,,,,,,,,,,,,-0.139,,,,,,,,,,-0.042,,,,1,0.474,1.43,,United States,,,-2.13,,,50,IQ3109915,,0.23,,1.5,0.6,,0,,1.51,,,1.7,0.002,36.7,,,,,1,0.691,1.51,0.011,0.044,,,0.185,0.83,1,,,-0.177,-0.07,-0.082,-0.028,-0.279,-0.64,-0.387,-0.789,-0.23,-0.629,-0.175,-0.068,-0.045,-0.025,-0.265,1.27,-4.27,4.46,-0.244,-1.03,,,,
CEL-SCI Corporation (AMEX:CVM),AMEX:CVM,-109.02777777777779,-100.00000000000001,0,-0.532938564026647,-2.3813559322033897,-0.0129,NA,0.664396367686406,0.200072115371994,107.30052528589403,54.04,-28.099999999999998,-28.8,23.360525285894013,NA,NA,NA,372.5712683537987,NA,1.9855759675406,NA,50.58,NA,0.588865096359743,NA,1,NA,NA,NA,22.240525285894012,Biotechnology (Primary),Public Company,Common Stock,93.4,10.02,0.001,0.002,0.026,-0.134,-0.285,0.838,91.5,0.51,,,,-0.38,,,,-1.29,,,,21.2,,,,-1.2,,,,18.52,9.6,Biotechnology,CEL-SCI Corporation engages in the research and development of drugs and vaccines.,Healthcare,1983,85,0.288,-31.4,-31.6,-30.9,9.46,0.396,19.6,1.12,11.8,0.112,,13.9,,18,17.2,16.3,15.6,14,12.9,0.232,-31.6,-0.163,0.12,,-30.9,,0,-0.448,-0.448,-0.28,-0.459,-0.459,,0.156,1.24,0.68,,,,1.64,1.1,0.029,,,,,11.6,19.6,1.81,1.75,1.75,1.77,1.79,-0.679,,,,18.6,-0.008,,-0.035,,,0.087,0.112,-0.11,14.9,,11.8,1.02,,United States,0.264,-27.3,-27.4,0.445,-31.6,40,IQ258746,49.9,0.36,,1.72,0.54,-17.5,1.14,,13.5,,,15.1,0.22,81.5,,,98.4,8.83,,12.3,16.6,1.63,0.627,0.009,2.59,6.83,2.98,1,0.288,United States: .3 (100.0%),-4.3,-3.89,-5.91,-10.6,-9.19,-13.6,-18.6,-18.1,-17.8,-20.7,-3.08,-2.81,-8.05,-10.4,-8.03,-19.6,-14.9,-23,-14.2,-11.2,,,0.288,Research and Development of Certain Drugs and Vaccines: .3 (100.0%)
"IsoRay, Inc. (AMEX:ISR)",AMEX:ISR,-0.9121951219512197,-1.0931707317073172,0,-0.19335467338504414,-0.24186666666666667,NA,NA,0.05044645188044825,0.012951315410672688,90.95534613878056,23.1802,-5.442,-4.482,1.1953461387805586,NA,NA,NA,22.184230765556237,NA,3.9238378503542055,NA,2.0202,NA,3.347969264544457,NA,1,NA,NA,NA,1.1953461387805586,Biotechnology (Primary),Public Company,Common Stock,91.1,5.77,0.044,0.004,0.01,2.55,0.715,-0.89,54.9,1.94,,,,0.02,,,,,,,,-5.09,,,,-7.11,,,,0.724,0.536,Biotechnology,"IsoRay, Inc develops, manufactures, and sells isotope-based medical products and devices for the treatment of cancer and other malignant diseases in the United States.",Healthcare,,79.7,4.1,-3.74,-4.49,-5.45,1.34,0.761,24.6,0,22.5,0.053,,3.64,,0.669,0.698,0.669,0.652,0.653,0.633,,-4.49,-0.004,0.156,,-5.45,,0.011,-0.106,-0.106,-0.066,-0.106,-0.106,,0.797,0.411,,,,,0.488,,,,,0,,-10.5,,0.231,0.277,0.277,0.277,0.277,-0.164,-0.011,,,21.3,,,-20.2,,,0.058,0.015,0.122,,,22.5,1.66,,United States,4.12,-3.8,-5.96,10.2,,33.33,IQ9934314,81.2,0.31,,3.47,1.22,-0.178,0,,4.42,,0,6.49,1.22,99.3,,,,1.35,38,12.8,5.93,0.43,0.417,,0.276,2.31,2,1,4.1,United States: 4.1 (100.0%),,-5.35,-8.37,-10.5,-6.59,-4.48,-3.67,-3.35,-3.93,-4.12,,-6.53,-9.13,-9.71,-7.04,-4.59,-3.28,-3.47,-3.91,-3.91,,,4.1,"Develop, Manufacture and Sell Isotope-Based Medical Products and Devices: 4.1 (100.0%)"
"Actinium Pharmaceuticals, Inc. (AMEX:ATNM)",AMEX:ATNM,NA,NA,0,-0.9217870257037943,NA,NA,NA,NA,0.0051279379322643325,84.25647041420119,16.34,-17.262,-15.062,0.4664704142011834,NA,NA,NA,NA,NA,5.156454737711211,NA,24.686,NA,1.2734806629834254,NA,1,NA,NA,NA,0.18247041420118343,Biotechnology (Primary),Public Company,Common Stock,90.5,7.78,0.005,0.002,0.001,-0.429,-0.338,-0.485,35.5,0.145,,,,-0.772,,,,,,,,,,,,,,,16.07,0.446,0.351,Biotechnology,"Actinium Pharmaceuticals, Inc., a biopharmaceutical company, develops drugs for the treatment of cancer.",Healthcare,2000,84.1,0,-22.4,-22.5,-24.7,6.71,0.128,7.57,0.284,-1.92,0.152,,10.2,,12.3,8.53,5.54,4.04,3.11,3.09,0.038,-22.5,-0.001,,,-24.7,,,-0.902,-0.902,-0.564,-0.902,-0.902,,,,0.011,0.167,0.039,,2.28,0.284,6.71,,,,,,,,,,0.084,0.109,-1.56,,,,15.9,-0.162,,-0.035,,,2.01,,,,12,-1.92,2.55,,United States,,-22.4,-24.7,0,-19.8,11.11,IQ7845787,,0.41,,15,2.41,,0.158,,5.53,,,-1.56,0.461,83.5,,101.4,,,12,7.41,5.75,0.379,0.081,6.71,,3.01,5.98,3,,,,,,,,,-0.727,-3.28,-7.95,-6.59,,,,,,,-0.467,-3.45,-8.36,-10.8,,,,
"Actinium Pharmaceuticals, Inc. (AMEX:ATNM)",AMEX:ATNM,NA,NA,0,-0.9217870257037943,NA,NA,NA,NA,0.0051279379322643325,84.25647041420119,16.34,-17.262,-15.062,0.4664704142011834,NA,NA,NA,NA,NA,5.156454737711211,NA,24.686,NA,1.2734806629834254,NA,1,NA,NA,NA,0.18247041420118343,Biotechnology (Primary),Public Company,Common Stock,90.5,7.78,0.005,0.002,0.001,-0.429,-0.338,-0.485,35.5,0.145,,,,-0.772,,,,,,,,,,,,,,,16.07,0.446,0.351,Biotechnology,"Actinium Pharmaceuticals, Inc., a biopharmaceutical company, develops drugs for the treatment of cancer.",Healthcare,2000,84.1,0,-22.4,-22.5,-24.7,6.71,0.128,7.57,0.284,-1.92,0.152,,10.2,,12.3,8.53,5.54,4.04,3.11,3.09,0.038,-22.5,-0.001,,,-24.7,,,-0.902,-0.902,-0.564,-0.902,-0.902,,,,0.011,0.167,0.039,,2.28,0.284,6.71,,,,,,,,,,0.084,0.109,-1.56,,,,15.9,-0.162,,-0.035,,,2.01,,,,12,-1.92,2.55,,United States,,-22.4,-24.7,0,-19.8,11.11,IQ7845787,,0.41,,15,2.41,,0.158,,5.53,,,-1.56,0.461,83.5,,101.4,,,12,7.41,5.75,0.379,0.081,6.71,,3.01,5.98,3,,,,,,,,,-0.727,-3.28,-7.95,-6.59,,,,,,,-0.467,-3.45,-8.36,-10.8,,,,
Vericel Corporation (NasdaqCM:VCEL),NasdaqCM:VCEL,-0.7083333333333333,-0.53125,0,-0.26384314266498815,-0.39887640449438194,NA,NA,0.003052451762860903,0.001217754639198293,59.209,57.989000000000004,-14.199999999999998,-15.299999999999999,0.109,NA,NA,NA,2.0558680555555555,NA,1.0210384728138096,NA,52.580000000000005,NA,2.1504474272930647,NA,1,NA,NA,NA,0,Biotechnology (Primary),Public Company,Common Stock,89.4,20.24,0.049,0.036,0.06,2.08,1.92,1.08,23.8,0.188,,,,-0.455,,,,,,,,,,,,1069.6,,,,3.54,0.084,Biotechnology,"Vericel Corporation, a commercial-stage biopharmaceutical company, focuses on developing patient-specific expanded cellular therapies for use in the treatment of patients with severe diseases and conditions.",Healthcare,1989,97.6,28.8,-20.4,-21,-19.9,30.3,2.89,47.6,0.109,35.6,,,13.8,,21.3,18.8,13.5,12.8,15.1,17.8,,-21,-0.006,0.024,3.47,-19.9,,,-1.71,-1.71,-1.12,-1.71,-1.71,,8.19,1.92,1.04,,,,5.82,,1.29,0.109,,38.4,,151457.9,,,,,,,4.22,,,,,,,,,,,,,6.11,,-2.75,3.76,,United States,28.8,-20.4,-19.9,51.6,,9.09,IQ24153,38.1,0.41,,5.39,2.55,14,0.006,,8.06,,38.4,-34.5,0.769,63.1,,,,3.86,,41.5,8.48,2.36,0.941,2.02,,,,1,,,-10.6,-15.3,-18.3,-20.8,-18.5,-16.4,-21,-29,-33.8,-22.1,-10.3,-14.3,-17.1,-19.5,-13.8,-15.6,-25.5,-19.7,-29.5,-15.6,,,28.8,"Research, Product Development, Manufacture and Distribution of Patient-Specific, Expanded Cellular Therapies: 28.8 (100.0%)"
Inotek Pharmaceuticals Corporation (NasdaqGM:ITEK),NasdaqGM:ITEK,NA,NA,0,-0.39464678562698613,NA,NA,NA,NA,0.06657920563416156,87.7739423076923,16.363999999999997,-7.337999999999999,-6.458,6.333942307692308,NA,NA,NA,NA,NA,5.363843944493541,NA,17.77,NA,0.6756756756756757,NA,1,NA,NA,NA,0.06394230769230769,Biotechnology (Primary),Public Company,Common Stock,88.8,,,,,,,,15.9,0.231,,,,-1.79,,,,,,,,,,,,,,,,36.75,,Biotechnology,"Inotek Pharmaceuticals Corporation, a clinical-stage biopharmaceutical company, focuses on the discovery, development, and commercialization of therapies for glaucoma.",Healthcare,1999,87.7,0,,-8.47,-9.35,7.36,,8.5,6.27,-0.316,,,2.22,,6.25,6.44,5.88,5.33,3.54,,,-8.47,-0.981,0.001,,-9.35,,4.12,-2.05,-2.05,-0.967,-2.05,-2.05,,,,,,,,1.05,,,3.29,,,,,,,,,0.013,0.054,,,,,,-0.695,0,,,,0.67,,,14.8,4,-0.316,5.59,,United States,,-6.95,-7.62,0,,7.69,IQ9637643,,0.48,,6.2,5.51,,,,,,,,0.24,,,0,102.9,,,7.43,,,,,0.047,0.012,40.58,,,,,,,,,,,,-5.85,-6.95,,,,,,,,,-6.06,-7.62,,,,
"Tenax Therapeutics, Inc. (NasdaqCM:TENX)",NasdaqCM:TENX,NA,NA,0,-0.2288806925485126,-0.23021220159151193,NA,NA,0.004562163023159069,0.0038982617448274533,78.72556360946744,78.897,-17.358,-18.058,0.34556360946745557,NA,NA,NA,-13120.927268244573,NA,0.9978270860674986,NA,13.266,NA,0.3369195922989808,NA,1,NA,NA,NA,0.1945636094674556,Biotechnology (Primary),Public Company,Common Stock,88.3,23.88,0.031,0.012,0.002,0.579,1.33,0.34,28.1,0.172,,,,-0.449,,,,,,,,,,,,,,,,15.99,4.15,Biotechnology,"Tenax Therapeutics, Inc., a specialty pharmaceutical company, focused on the development and commercialization of a portfolio of products for the critical care market in the United States and Canada.",Healthcare,1967,71.4,-0.006,-20,-20.2,-19.5,9.92,0.067,86.2,0.151,75.4,0.004,,14.5,,5.54,5,3.19,3,3.06,2.74,,-20.2,-0.117,0.27,,-19.5,,0.061,-0.751,-0.751,-0.468,-0.751,-0.751,,0.065,,0.182,0.937,0.869,11.3,0.425,,0.602,,,,,,,,,,0.095,0.111,0.074,,,,55.6,-0.431,0.172,-40.6,,,0.057,0.097,-0.862,,,75.4,3.14,,United States,0.289,-16.5,-19.5,2.52,,5.56,IQ389766,1038.2,0.16,,5.96,2.88,-5.64,0.369,,6.34,3.3,0,30.3,0.119,59.2,86.5,18.3,,0.314,14,17.7,7.39,0.669,1.33,1.25,0.108,3.65,5.79,1,,,-2.49,-2.68,-1.9,-1.91,-7.77,-9.8,-10.4,-8.78,-5.36,-7.06,-2.49,-3.86,-3.21,-5.32,-19,-24.4,-10.4,-15.9,-10.2,-11,,,,
MediciNova Inc. (NasdaqGM:MNOV),NasdaqGM:MNOV,NA,NA,0,-0.4777018883085577,-0.4314545454545455,NA,NA,0.02116767194013342,0.005414001613959396,76.17575950378138,19.912,-9.492,-9.512,0.47575950378138016,NA,NA,NA,NA,NA,3.825620706296775,NA,9.611999999999998,NA,0.2545766590389016,NA,1,NA,NA,NA,0.47575950378138016,Biotechnology (Primary),Public Company,Common Stock,87.4,10.27,0.141,0.05,0.028,-1.97,-1.18,0.848,24.6,0.067,,,,-0.33,,,,,,,,,,,,,,,3.25,9.76,2.96,Biotechnology,"MediciNova, Inc., a biopharmaceutical company, focuses on acquiring and developing novel and small molecule therapeutics for the treatment of serious diseases with unmet medical needs for the United States market.",Healthcare,2000,75.7,0,-9.18,-9.22,-9.2,11.7,0.045,27.3,0,22,0.004,,5.96,,2.86,3.57,3.31,3.42,2.71,2.75,,-9.22,-0.001,0.037,,-9.2,-0.004,,-0.382,-0.382,-0.239,-0.382,-0.382,,,,,0.507,0.462,9.6,0.462,,,,,0.002,,,,0,0.001,0.141,0.168,0.202,-8.35,,,,4.16,,,,,,0.552,,6.01,,10,22,3.55,0.231,United States,,-9.18,-9.2,0,,16.67,IQ9262264,,0.48,,4.8,1.66,-3.26,0,,6.7,9.6,0.002,25.4,0.089,87,,,,0.774,10,12.1,14.4,0.034,0.427,,0.231,3.45,5,3,,,-48.6,-30.1,-41.7,-53.5,-22.6,-21.2,-17.9,-16.1,-10.9,-4.02,-48.3,-25.7,-35.7,-48.9,-21.9,-20.4,-20.2,-17.7,-11,-4.03,,,,
"Celator Pharmaceuticals, Inc. (NasdaqCM:CPXX)",NasdaqCM:CPXX,NA,NA,0,-0.4683159223969693,-0.7040182648401826,NA,NA,0.3277699963975304,0.11278354028477922,62.27813528500402,34.844,-15.417999999999997,-16.317999999999998,10.678135285004027,NA,NA,NA,NA,NA,1.7873417312881419,NA,35.244,NA,0.6547619047619048,NA,1,NA,NA,NA,0.5781352850040263,Biotechnology (Primary),Public Company,Common Stock,84,11.03,0.053,0.007,,-0.992,-0.496,,33.7,0.125,,,,-0.547,,,,,,,,,,,,,,,6.66,0.784,0.105,Biotechnology,"Celator Pharmaceuticals, Inc., a clinical stage biopharmaceutical company, develops therapies to treat cancer.",Healthcare,1999,61.7,0,-17.6,-17.8,-16.9,32.4,1,35.1,10.1,21.9,0.065,,7.29,,11.9,12.7,11.7,10.7,9.42,7.57,0.195,-17.8,-0.904,0.01,,-18.8,-1.94,,-0.616,-0.616,-0.428,-0.616,-0.616,,,0.458,0.195,2.16,1.15,,0.724,,,9.84,,,,,,,0.072,0.145,0.177,0.233,-1.22,,,,14.9,,9.83,,,,-0.462,,1.39,13.6,25,21.9,2.49,0.222,United States,,-17.6,-16.9,0,-19.6,6.67,IQ2031306,,0.25,,3.53,1.58,,0,,23.6,,,23.5,0.22,65.7,,,98.8,0.808,25,33.6,26.3,1.19,1.63,0.543,0.222,3.01,3.02,1,,,,,,,,,-11.1,-14.6,-7.84,-14.5,,,,,,,-10.8,-14.2,-10.9,-20.8,,,,
Brainstorm Cell Therapeutics Inc. (NasdaqCM:BCLI),NasdaqCM:BCLI,NA,NA,0,-0.4178392267221339,-1.2964071856287427,NA,NA,0,0,79.25,16.346,-8.66,-6.830000000000001,0,NA,NA,NA,NA,NA,4.848280924996941,NA,13.916,NA,6.167664670658683,NA,1,NA,NA,NA,0,Biotechnology (Primary),Public Company,Common Stock,83.5,3.22,0.005,0.003,0.012,-0.693,-0.443,0.543,18.4,0.284,,,,-0.52,,,,,,,,,,,,,,,11.21,1.63,0.014,Biotechnology,"Brainstorm Cell Therapeutics Inc., a biotechnology company, develops adult stem cell therapies for neurodegenerative disorders, such as amyotrophic lateral sclerosis (ALS), Parkinson’s disease, and multiple sclerosis.",Healthcare,2000,75,,-7.31,-7.42,-9.25,4.25,0.313,9.91,0,6.68,,,2.65,,4.77,5.09,4.32,4.19,4.03,3.27,,-7.42,,,,-9.25,,,-0.68,-0.68,-0.425,-0.68,-0.68,,1.01,,,,,,1.77,,,,,,,,,,,,,,-1.69,,,,,,,,,,,,,,,6.68,4.54,,United States,,-7.31,-9.25,0,,7.69,IQ9048922,,0.20,,8.47,2.81,,0,,3.5,,,2.74,2.06,79.2,,,,0.337,,9.58,4.45,0.228,0.877,0.227,,,,1,,,-18.2,-3.32,-3.51,-4.92,-3.27,-1.75,-2.59,-3.76,-3.52,-5.02,-18.2,-3.36,-4.54,-6.24,-3.47,-1.78,-2.42,-3.92,-3.43,-4.9,,,,
Vical Incorporated (NasdaqGS:VICL),NasdaqGS:VICL,-0.9605263157894737,-1.1697368421052632,0,-0.2689050211736237,-0.3464354527938343,0.00453,NA,0.1466362015853748,0.09660226146121956,71.8181412152936,66.12,-17.98,-17.78,8.91814121529358,NA,NA,NA,4.724877711532473,NA,1.0861787842603385,NA,34.72,NA,1.2949640287769784,NA,1,NA,NA,NA,8.91814121529358,Biotechnology (Primary),Public Company,Common Stock,83.4,30.85,0.014,0.075,0.087,0.349,1.58,1.39,90.4,0.632,,,,-0.219,,,,0.453,,,,3.71,,,,-20.3,,,,10.75,0.577,Biotechnology,Vical Incorporated is engaged in the research and development of biopharmaceutical products based on its DNA delivery technologies for the prevention and treatment of serious or life-threatening diseases.,Healthcare,1987,39.4,15.2,-14.6,-16.3,-16.5,20.5,2.64,58,0,51.9,0.085,,9.55,,11.5,10.2,11.5,13.1,14.6,15.5,,-16.3,,0.134,,-16.5,,,-0.186,-0.186,-0.114,-0.186,-0.186,,4.18,,3.18,25.6,22.9,,0.227,,0.432,,,,,97.2,,,,3.03,3.03,3.56,-1.9,,,,3.93,,,-12.4,,,1.64,,0.412,,68,51.9,0.923,2.8,United States,15.2,-14.6,-16.5,10,,14.29,IQ36268,37.5,0.44,,1.39,0.852,-6.72,0,,38.8,,,61.4,0.432,82.4,,,,13,68,51.3,58.1,0.395,2.74,0.519,2.8,8.59,2.66,3,15.2,United States: 15.2 (100.0%),-24.6,-25.7,-26.2,-40.2,-36.3,-28.6,-31.1,-7.75,-23.4,-28.3,-23.7,-24.4,-23.1,-35.9,-36.9,-28.6,-30.4,-7.28,-22.9,-31.2,,,15.2,Research and Development of DNA Delivery Technology: 15.2 (100.0%)
AmpliPhi Biosciences Corporation (OTCPK:APHB),OTCPK:APHB,-50.66225165562914,-49.57615894039735,0,-0.5493102436160845,1.2541052631578946,-0.278,NA,0,0,73.61000000000001,27.256,23.827999999999996,-14.972,0,3.5641025641025648,3.1489561943874067,3.5000839348665442,243.7417218543047,NA,2.700689756383916,NA,18.046,NA,7.284172661870503,23.4,1,0,23.4,83.4,0,Biotechnology (Primary),Public Company,Common Stock,83.4,10.92,0.043,0.028,0.004,1.43,1.91,0.498,277.9,0.229,,,,-0.015,,,,-27.8,,,,-51.6,,,,,,,13.65,10.04,0.023,Biotechnology,"AmpliPhi Biosciences Corporation, a biotechnology company, focuses on the discovery, development, and commercialization of novel bacteriophage-based therapeutics.",Healthcare,1989,81.3,0.302,-15.3,-15.4,23.4,9.79,1.18,28.4,0,19,1.09,,6.89,,5.81,5.11,6.96,6.5,6.86,1.48,,-15.4,,0.024,,23.4,,,0.134,0.134,0.078,0.083,0.083,,0.027,,,1.73,0.559,4.33,1.84,,,,,7.72,,-13.7,,,,,,,-1.16,,,,16.9,0.026,0,,,,0.356,,0.121,,,11.3,0.3,,United States,0.325,-12.3,-57.6,1.2,,33.33,IQ35106,118.4,0.36,,0.588,0.07,-8.51,0,,4.86,4.33,36,-29.6,2.43,64.1,,,,,11,10.1,5.31,1.48,,,0.214,25.7,0.19,3,,,-14.3,-17.6,-11,-14.4,-12.3,1.69,,-3.65,-3.89,-12.5,-14.3,-19.2,-34,-16.1,-20.7,7.95,,-3.79,-1.11,-57.6,,,0.302,"Discovery, Development and Commercialization of Novel Phage Therapeutics: .3 (100.0%)"
"Galectin Therapeutics, Inc. (NasdaqCM:GALT)",NasdaqCM:GALT,NA,NA,0,-0.62043320628428,-0.4945714285714286,NA,NA,0.0039121195249592995,0.001316843501956512,54.40996956076469,21.514000000000003,-13.848,-13.348,0.10996956076467909,NA,NA,NA,NA,NA,2.529049435751821,NA,22.614000000000004,NA,0.6744604316546762,NA,1,NA,NA,NA,0.10996956076467909,Biotechnology (Primary),Public Company,Common Stock,83.4,15.94,0.071,0.019,0.081,2.03,1.35,1.76,23.5,0.376,,,,-0.89,,,,,,,,,,,,,,,,6.21,0.43,Biotechnology,"Galectin Therapeutics Inc., a clinical stage biopharmaceutical company, engages in the research and development of therapies for fibrotic disease and cancer.",Healthcare,2000,61.6,0,-15.3,-15.3,-15.8,29.1,0.001,29.7,0,28,,,6.86,,8.43,7.74,6.95,6.71,5.69,5.3,,-15.3,,0.042,,-15.8,,1.17,-0.776,-0.776,-0.447,-0.776,-0.776,,,,0.006,0.074,0.073,,0.906,,0.068,,,7.35,,,,,,0.041,0.04,0.038,1.12,,,,31.5,,,-0.4,,,-0.783,,,,7,20.6,3.54,0.044,United States,,-15.3,-15.8,0,,16.67,IQ1065415,,0.18,,17.14,3,,0,,10.5,,7.33,0.894,0.225,82,,,,0.036,7,29.7,10.7,0.762,0.651,1.07,0.044,3.33,5.79,1,,,-7.3,-6.66,-7.05,-6.46,-5.32,-5.94,-4.87,-10.2,-9.9,-11.2,-3.77,-6.86,-3.19,-9.43,-3.15,-7.46,-5.63,-10.9,-9.68,-12.1,,,,
"Biota Pharmaceuticals, Inc. (NasdaqGS:BOTA)",NasdaqGS:BOTA,-0.0019047619047619048,-0.02057142857142854,0,-0.014040561622464873,-0.07499999999999997,0.27699999999999997,NA,0.013259998011176803,0.01370305193888376,17.10730672103972,76.92000000000002,-6.179999999999998,-1.0799999999999983,1.107306721039718,NA,NA,NA,0.32585346135313753,NA,0.22240388352885745,NA,58.220000000000006,NA,0.4579673776662484,NA,1,NA,NA,NA,1.107306721039718,Biotechnology (Primary),Public Company,Common Stock,79.7,33.84,0,0.001,0.015,-0.138,0.136,-1.64,35.1,0.128,,,,,,,,27.7,,,,-10.5,,,,71.1,,,,1.52,0.22,Biotechnology,"Biota Pharmaceuticals, Inc., a biopharmaceutical company, focuses on developing oral, small molecule compounds to treat various respiratory-related viral infections.",Healthcare,,8.88,52.5,-0.1,-2.3,-7.4,63.7,1.1,93.4,0,82.4,0,,6.5,,20.1,19.4,17.5,21.3,17.9,18.3,,-2.3,,0.3,,-7.6,-0.2,,-0.213,-0.213,-0.007,-0.213,-0.213,,7.4,,,,,,1.7,,4.4,,,,,-0.19,,0.1,0.1,0.2,0.2,0.6,-5.1,,,,26.8,,,-13,,,-6.2,,11.6,,,82.4,2.27,,United States,68.7,-0.5,-11,,,16.67,IQ878445,,0.38,,6.17,2.1,21.9,0,,51.4,,,64.2,0.146,82.1,,,,1.4,66,86.2,79.3,9.6,8.7,,0.7,2.46,9.09,1,,,-8.04,-8.86,5.85,33.1,-4.18,65.3,-38.6,-27.1,-14.6,-12.3,-9.33,-12.3,1.18,19,-3.35,57.8,-34,-20.3,-10.5,-10.3,,,52.5,Research and Development: 52.5 (100.0%)
"Mast Therapeutics, Inc. (AMEX:MSTX)",AMEX:MSTX,NA,NA,0,-0.24834162520729688,-0.5234513274336283,NA,NA,0,0,79.6,96.48,-23.660000000000004,-23.960000000000004,0,NA,NA,NA,NA,NA,0.8250414593698174,NA,51.28,NA,0.8636934673366835,NA,1,NA,NA,NA,0,Biotechnology (Primary),Public Company,Common Stock,79.6,31.23,0.022,0.009,0.169,0.586,0.579,2.42,159.5,1.06,,,,-0.23,,,,,,,,,,,,,,,,0.091,0.022,Biotechnology,"Mast Therapeutics, Inc., a clinical-stage biopharmaceutical company, develops therapies for serious or life-threatening diseases.",Healthcare,1995,36.5,0,-28.9,-29,-28.7,,,,0,45.2,,,9.49,,19.4,18,15.7,13.7,12.9,11.5,0.085,-29,,0.577,,-28.7,,,-0.234,-0.234,-0.147,-0.234,-0.234,,,,,,,,,,,,,,,,,,,,,,,,,,,,,,,,,,,,,45.2,0.499,,United States,,-28.9,-28.7,0,,9.09,IQ1988889,,0.23,,0.73,0.401,,0,,25.7,3.01,,47.8,0.275,99.7,,,,0.355,,,45.5,0.964,3.83,0.045,,,,1,,,-6.8,-13.7,-19.1,-24.3,-26.3,-10.8,-8.21,-13,-15.3,-21.5,-6.7,-13.2,-28.7,-22.1,-26.6,-11.3,-8.45,-13.3,-15.6,-21.5,,,,
"Cancer Genetics, Inc. (NasdaqCM:CGIX)",NasdaqCM:CGIX,-1.803921568627451,-1.6896078431372548,0,-0.6434918975431259,-0.4229479768786127,NA,NA,0.22391657255109618,0.11858516870219721,58.582835783177465,26.782000000000004,-14.634,-17.233999999999998,9.982835783177464,NA,NA,NA,5.7434152728605365,NA,2.187395854797157,NA,10.862,NA,0.660377358490566,NA,1,NA,NA,NA,3.062835783177463,Biotechnology (Primary),Public Company,Common Stock,74.2,21.6,0.025,0.021,,1.06,1.25,,9.82,0.071,,40,,-1.93,,,,,,,,43.7,,,,50,,,,21.98,1.53,Biotechnology,"Cancer Genetics, Inc., an oncology diagnostics company, focuses on developing and commercializing DNA-based tests and services to enhance and personalize the diagnosis, prognosis, and treatment of targeted cancers in the United States, India, and China.",Healthcare,1999,55.6,10.2,-18.4,-19.2,-16.6,25.6,4.45,47.1,6.92,34.6,1.37,,16.3,,4.62,3.9,2.94,2.3,2.19,1.94,,-19.2,-0.473,0.074,,-19,-2.35,,-1.76,-1.76,-1.27,-1.8,-1.8,,5.03,0.28,,7.33,2.89,2.99,3.46,,0.3,6.56,,0.008,,54.3,0.135,0.321,0.36,0.87,0.863,0.854,2.03,,,,0.257,-0.452,,-7.13,,-2.87,0.674,,-1.66,3.81,144,34.6,7.56,0.692,United States,10.2,-18.4,-16.6,19.4,-16.3,14.29,IQ8423708,78.5,0.25,,16.88,4.83,1.75,6.38,,49.5,,0.117,45.5,0.196,78,,8.1,,2.4,144,31.8,51.9,2.05,,0.5,0.692,1.84,10.58,1,10.2,"United States: 9.9 (97.0%);
International: .3 (3.0%)",,,,,-3.27,-4.29,-6.32,-8.19,-7.29,-8.46,,,,,-3.12,-7.33,-8.41,-19.9,-6.67,-12.4,,,10.2,Developing and Selling Diagnostic Tests: 10.2 (100.0%)
"Aldeyra Therapeutics, Inc. (NasdaqCM:ALDX)",NasdaqCM:ALDX,NA,NA,0,-0.7560232622542231,-0.5382165605095542,NA,NA,0.18489383032206905,0.018861660421181658,66.99451780837505,7.222,-3.380000000000001,-5.46,1.424517808375057,NA,NA,NA,NA,NA,9.276449433449882,NA,8.222,NA,0.12820512820512822,NA,1,NA,NA,NA,0.17451780837505687,Biotechnology (Primary),Public Company,Common Stock,74.1,12.69,,,,,,,6.89,0.02,,,,-1.62,,,,,,,,,,,,,,,,29.69,0.219,Biotechnology,"Aldeyra Therapeutics, Inc. is a biotechnology company that focuses primarily on the development of products to treat diseases related to free aldehydes.",Healthcare,2004,66.8,0,-7.27,-7.27,-5.19,8.53,0.013,8.79,1.25,6.28,0.014,,3.56,,3.71,2.7,2.18,1.84,1.54,1.24,,-7.27,-0.244,0,,-5.19,,4.39,-2.51,-2.51,-0.849,-3.09,-3.09,,,,,0.014,0.001,,0.341,,,1.18,,,,,,,,0.051,0.069,0.068,-0.564,,,,10.1,-1.4,1.4,,,,-0.001,,,10.8,6,6.28,10.75,,United States,,-7.27,-5.19,0,-9.1,14.29,IQ47399863,,0.41,,13.5,3,,1.27,,3.26,,41.8,-40.2,0.038,16.1,,0,399,,6,8.76,3.27,0.342,0.12,,,0.874,3.1,,,,,,,,,,,-2.11,-1.11,-3.68,,,,,,,,-2.38,-23.1,13.1,,,,
"Corbus Pharmaceuticals Holdings, Inc. (OTCBB:CRBP)",OTCBB:CRBP,NA,NA,0,-0.8576042820228863,-0.29839590443686004,NA,NA,0.0447432197688371,0.00380295406290177,65.91447621756942,2.1672000000000007,-1.7486,-1.8585999999999998,0.2744762175694128,NA,NA,NA,NA,NA,30.414579280901346,NA,2.4232,NA,0.010431154381084839,NA,1,NA,NA,NA,0.13047621756941283,Biotechnology (Primary),Public Company,Common Stock,71.9,,,,,,,,25.9,0.011,,,,-0.29,,,,,,,,,,,,,,,0.54,10.81,0.007,Biotechnology,"Corbus Pharmaceuticals Holdings, Inc., a clinical stage biopharmaceutical company, develops and commercializes novel therapeutics to treat inflammatory-fibrotic diseases.",Healthcare,2009,65.7,0,-2.64,-2.65,-2.54,6.26,0.054,6.6,0.144,5.86,0.064,,1.39,,1.31,0.748,0.45,0.404,0.416,0.575,,-2.65,-0.024,0.002,,-2.54,,,-0.126,-0.126,-0.083,-0.126,-0.126,,,,,0.064,0.01,,0.344,,,,,,,,,,,0.028,0.057,0.055,0.016,,,,10.3,-0.247,0.192,,,,0.17,,,3.56,6,5.86,2.77,0.036,United States,,-2.64,-2.54,0,,14.29,IQ254045988,,0.28,,4.95,2,,0.638,,0.303,,1.11,-1.78,0.003,88.6,,52.1,47.9,,6,6.53,0.306,0.181,0.141,0.02,0.036,3.56,0.83,1,,,,,,,,,,,-0.824,-0.557,,,,,,,,,-0.887,-0.602,,,,
"NephroGenex, Inc. (NasdaqCM:NRX)",NasdaqCM:NRX,NA,NA,0,-0.262949619041994,-0.4717098445595854,NA,NA,0.2588325652841782,0.08581614463967406,64.53999999999999,33.861999999999995,-9.104,-8.904,6.74,NA,NA,NA,NA,NA,1.9059712952572205,NA,21.822,NA,1.350974930362117,NA,1,NA,NA,NA,0,Biotechnology (Primary),Public Company,Common Stock,71.8,4.62,0.014,0.008,,-1.4,-1.03,,8.86,0.147,,,,-2.21,,,,,,,,,,,,,,,6.07,0.023,0,Biotechnology,"NephroGenex, Inc., a pharmaceutical company, focuses on developing therapeutics to treat kidney disease.",Healthcare,2004,49.9,,-16.6,-16.6,-16.8,14,0.036,29.2,6.74,19.3,,,5.32,,11.3,7.95,5.33,1.67,1.48,1.59,,-16.6,-0.14,0.047,,-16.8,,,-2.15,-2.15,-1.34,-2.15,-2.15,,,,,,,,1.75,,,6.44,,,,,,,,,,,6.03,,,,,,,,,,,,,,,19.3,8.1,,United States,,-16.6,-16.8,,,16.67,IQ12519721,,0.44,,17.98,3.96,,7.92,,2.13,,0.024,-14.2,0.388,26.7,,,,,,29,2.14,0.048,1.86,6.98,,,,3,,,,,,,,,,-2.63,-2.7,-2.51,,,,,,,,-1.85,-2.9,-6.31,,,,
Titan Pharmaceuticals Inc. (OTCBB:TTNP),OTCBB:TTNP,-0.6876712328767123,-1.9983561643835612,0,-0.5987522574289935,-1.5468235294117647,0.503,NA,0.10324592848344862,0.006778218842158972,64.73931497496586,12.181999999999999,-6.574,-7.293999999999999,0.48931497496586246,NA,NA,NA,17.736798623278318,NA,5.314342060003765,NA,15.382,NA,0.20920502092050208,NA,1,NA,NA,NA,0.48931497496586246,Biotechnology (Primary),Public Company,Common Stock,71.7,0.317,0.003,0.006,0.072,0.192,-0.618,1.59,110,0.25,,,,-0.045,,,,50.3,,,,134,,,,-12.2,,,8.77,7.78,0.607,Biotechnology,"Titan Pharmaceuticals, Inc., a specialty pharmaceutical company, develops proprietary therapeutics for the treatment of serious medical disorders in the United States.",Healthcare,1992,64.3,3.65,-2.51,-2.86,-2.14,7.45,1.36,13.2,0,4.25,0.039,,3.1,,3.41,4.31,5.35,8.31,9.95,11.3,,-2.86,0,,,-2.14,,,-0.024,-0.024,-0.015,-0.033,-0.033,,4.14,,,,,,4.36,,,,,,,-71.6,,,,0.106,0.211,0.208,4.35,,,,4.93,0,,,,,-0.803,,0.447,,,4.25,0.652,,United States,10.5,-0.784,9.71,2.72,,25,IQ35601,-58.8,0.23,,0.865,0.44,0.236,0,,9,,,1.02,0.06,77.7,,,,0.121,13,11.9,13.9,5.29,0.729,6.23,0.21,6.73,1.31,1,,,-25.6,-23.1,-16.4,-18.4,-25.9,-5.82,-6.03,-10.5,-8.37,-0.891,-26,-22.5,-15.7,-17.6,-25.4,-5.89,-5.59,-15.2,-15.2,9.71,,,3.65,Development of Pharmaceutical Products: 3.6 (100.0%)
"Stellar Biotechnologies, Inc. (TSXV:KLH)",TSXV:KLH,-14.704301075268816,-13.274193548387096,0,-1.8035062089116145,-0.8385281385281385,NA,NA,0.022905157708092008,0.0030202911793780684,58.916605029585796,2.7379999999999995,-7.747999999999999,-4.938,0.2166050295857988,NA,NA,NA,158.37797050963923,NA,21.51811724966611,NA,6.298,NA,0.10139860139860139,NA,1,NA,NA,NA,0.2166050295857988,Biotechnology (Primary),Public Company,Common Stock,71.5,0.086,0.033,0.042,0.215,1.6,1.76,4.29,79.5,0.226,,,,,,,,,,,,-16.4,,,,-18.9,,,5.99,18.95,3.02,Biotechnology,"Stellar Biotechnologies, Inc., a biotechnology company, engages in the aquaculture, research and development, manufacture, and commercialization of keyhole limpet hemocyanin (KLH) protein primarily in Europe, the United States, and Asia.",Healthcare,,59.7,0.372,-5.47,-5.63,-8.44,12.8,0.39,13.4,0,9.24,0.279,,2.78,,2.46,2.13,1.85,1.55,2.02,1.29,,-5.63,,0.062,,-8.41,0.027,,-0.111,-0.111,-0.069,-0.111,-0.111,,0.036,0.134,,0.945,0.556,,0.551,,3.32,,,,,-31.8,,,,,0.071,0.157,2.36,,,,11.3,,,-0.465,,,0.106,,0.121,,,9.24,0.899,0.181,United States,0.372,-5.47,-8.44,,,11.11,IQ61600315,,0.20,,2.03,0.517,-0.388,,,,,,,0.029,75.1,,,,0.248,23,13,,,,,0.181,5.94,0.562,1,,,,,,,,-0.049,-1.62,-5.79,-5.67,-4.43,,,,,,0.181,-6.82,1.59,-5.01,-19.5,,,0.372,"Aquaculture, Research and Development, Manufacture and Commercialization of Keyhole Limpet Hemocyanin (“KLH”) Protein: .4 (100.0%)"
"AVEO Pharmaceuticals, Inc. (NasdaqGS:AVEO)",NasdaqGS:AVEO,-1.8453038674033146,-3.851933701657458,0,-0.4756446991404012,-4.064077669902912,NA,NA,0.5202006629042372,0.23827499897419058,41.4346153846154,146.57999999999998,-83.72,-69.72,22.334615384615383,NA,NA,NA,2.289205269868254,NA,0.28267577694511803,NA,157.57999999999998,NA,1.3970588235294117,NA,1,NA,NA,NA,1.6346153846153846,Biotechnology (Primary),Public Company,Common Stock,71.4,30.85,0.05,0.016,0.05,1.67,0.978,1.09,52.1,0.735,,,,-0.74,,,,,,,,-2.64,,,,-52.1,,,,1.98,0.033,Biotechnology,"AVEO Pharmaceuticals, Inc., a biopharmaceutical company, develops targeted therapies for patients with cancer and related diseases.",Healthcare,2001,39.8,18.1,-33.4,-38.7,-52.7,52.3,11.3,70.7,20.7,20.6,12.9,,18.6,,41.8,45.3,57.8,70,84.3,106.7,,-38.7,-2.39,0.032,,-52.7,,,-1.01,-1.01,-0.492,-1.01,-1.01,,2.34,,3,26.9,15.6,,3.25,,15.6,8.93,,,,1301.6,,,,,,1.7,-11.2,,,,0.191,-7.79,10,67.5,,,-0.993,,-1.36,16.9,57,20.6,1.37,4.1,United States,18.1,-33.4,-52.7,0,-48,14.29,IQ1906420,16.6,0.25,,2.02,0.605,-20.1,19.2,,50.8,,,69.9,0.399,98,,,104.6,38.8,57,59.1,128.9,4.24,10.8,6.02,4.1,5.82,4.45,1,,,,,-24.2,-24.7,-31.3,-41.2,-56.4,33.9,-109,-95.9,,,-24.9,-25,-32.5,-44.1,-58.8,30.6,-114.4,-107,,,18.1,Pharmaceuticals: 18.1 (100.0%)
"Recro Pharma, Inc. (NasdaqCM:REPH)",NasdaqCM:REPH,NA,NA,0,-0.4469090254656709,-0.5375555555555557,NA,NA,0,0,51.5,13.3356,-10.1598,-5.9598,0,NA,NA,NA,NA,NA,3.861843486607277,NA,14.1356,NA,3.792134831460674,NA,1,NA,NA,NA,0,Biotechnology (Primary),Public Company,Common Stock,71.2,6.69,0.001,0,,-0.337,-0.215,,7.8,0.051,,,,-1.9,,,,,,,,,,,,,,,,2.05,1.92,Biotechnology,"Recro Pharma, Inc., a clinical stage specialty pharmaceutical company, engages in developing non-opioid therapeutics for the treatment of pain.",Healthcare,2007,51.5,,-11.9,-11.9,-16.1,19.7,,20.4,0,18.9,,,4,,7.87,5.68,2.25,0.657,0.544,0.518,,-11.9,-4.27,0.011,,-16.1,,1.27,-2.79,-2.79,-1.62,-2.79,-2.79,,,,,,,,0.87,,,,,,,,,,,,,,-0.568,,,,,,,,,,,,,,,18.9,9.12,,United States,,-11.9,-16.1,0,,14.29,IQ59223727,,0.36,,9.93,2.36,,11.9,,0.013,,5.88,-18,1.08,17.3,,,,,,20.4,0.851,0.434,0.59,,,,,3,,,,,,,,,,-2.31,-0.881,-1.09,,,,,,,,-2.87,-1.54,-1.96,,,,
"Ohr Pharmaceutical, Inc. (NasdaqCM:OHRP)",NasdaqCM:OHRP,NA,NA,0,-0.3559000316355584,-0.4292035398230088,NA,NA,0.020674513826011008,0.006808328737627877,59.67710798816568,25.288,-9.7,-9,0.47710798816568045,NA,NA,NA,NA,NA,2.3598982912118665,NA,13.088,NA,NA,NA,1,NA,NA,NA,0.47710798816568045,Biotechnology (Primary),Public Company,Common Stock,69.6,23.49,0.002,0.004,0.04,-0.372,-0.491,-1.21,25.4,0.405,,,,,,,,,,,,,,,,,,,10.43,16.24,0.09,Biotechnology,"OHR Pharmaceutical, Inc., a pharmaceutical company, focuses on the development of novel therapeutics and delivery technologies for the treatment of ocular disease.",Healthcare,,59.1,0,-10.3,-11,-11.7,10.4,0.097,29.4,0,22.6,0.001,,5.55,,5.48,3.99,3.86,3.56,3.38,2.61,,-11,-0.005,0,,-11.7,,,-0.498,-0.498,-0.293,-0.498,-0.498,,,,,,,0.741,1.19,,5.58,,,,,,,,,,0.255,0.251,-5.97,,,,16.9,-0.194,,-3.51,,,0.992,,,,,22.6,2.74,,United States,,-8.66,-9.13,,,18.18,IQ12736007,,0.44,,14.6,2.72,,0,,4.02,,,4.34,65.5,73.3,,100,,,13,11,4.04,0.25,,,0.084,2.05,5.43,3,,,,,-5.09,1.01,-0.49,-1.03,-1.21,-1.39,-3.6,-5.83,,,-4.94,-4.66,-0.429,-0.965,0.212,-4.3,-4.02,-5.46,,,,
StemCells Inc. (NasdaqCM:STEM),NasdaqCM:STEM,-29.306930693069308,-29.762376237623762,0,-0.4708646616541353,-2.029299363057325,0.218,NA,0.65244655684731,0.3008271284355737,65.77290882686653,63.84,-31.860000000000003,-30.06,29.47290882686653,NA,NA,NA,65.12169190778864,NA,1.0302773939045509,NA,64.34,NA,1.094890510948905,NA,1,NA,NA,NA,13.47290882686653,Biotechnology (Primary),Public Company,Common Stock,68.5,9.77,0.002,0.035,0.061,0.207,0.882,1.49,69.3,1.15,,,,-0.39,,,,21.8,,,,0.39,,,,-6.05,,,,2.61,0.673,Biotechnology,"StemCells, Inc., a biopharmaceutical company, researches, develops, and commercializes cell-based therapeutics and related technologies for stem cell-based research and drug discovery and development.",Healthcare,1988,58.5,1.01,-29.6,-30.9,-32.7,32.2,5.13,42.8,16,15.7,0.904,,10.4,,21.5,21.6,22.2,20.9,19.4,19.2,,-30.9,-1.3,0.009,-1.91,-32.3,,,-0.531,-0.524,-0.302,-0.531,-0.524,,0.07,,0.068,,,2.09,1.22,,0.073,12,,,,487.6,6.09,2.11,2.06,2.02,1.97,1.98,-1.21,,,,20.9,-4,5.78,0.475,,,2.06,,-0.055,8.03,,15.7,0.988,1.96,United States,1.01,-29.6,-32.7,1.28,-36.5,11.11,IQ317428,33.9,0.48,,2.43,0.84,1.01,13.7,,21,1.97,,3.56,0.3,83.8,,0,99.8,9.87,69,33.6,22.2,1.86,2.3,0.096,1.96,0.303,18.18,3,,,-12.6,-13.6,-20.7,-27.8,-25.9,-28,-29.1,-27.1,-21.6,-28.1,-15.3,-11.7,-18.9,-25,-29.1,-27,-25.2,-21.3,-28.5,-26.4,,,1.01,"Research, Development, and Commercialization of Stem Cell Therapeutics and Related Technologies: 1.0 (100.0%)"
"CareDx, Inc (NasdaqGM:CDNA)",NasdaqGM:CDNA,-0.0006227106227106227,-0.00047619047619045624,0,-0.000495918211642613,0.030435835351089603,NA,NA,0.21631878557874765,0.14690721649484534,41.20000000000001,26.214,1.2570000000000006,-0.012999999999999456,11.4,84.76312419974391,38.15620998719591,52.665075576770064,1.5091575091575096,NA,1.5716792553597319,NA,9.914000000000001,NA,0.20770392749244712,NA,1,NA,0.781,66.2,0,Biotechnology (Primary),Public Company,Common Stock,66.2,27.61,,,,,,,11.8,0.028,,,,-0.798,,,,,,,,,,,,,,,5,8.87,0.415,Biotechnology,"CareDx, Inc, a commercial stage company, develops, markets, and delivers a diagnostic surveillance solution for heart transplant recipients to help clinicians make personalized treatment decisions throughout a patient’s lifetime.",Healthcare,1998,41.2,27.3,-0.017,-0.489,0.781,36.4,1.97,61.1,11.4,41.3,,,14.9,,3.85,3.21,2.84,2.89,3.18,4.75,,-0.489,-2.12,,,-0.719,-1.5,,0.134,0.134,-0.264,0.1,0.1,,2.69,0.686,,,,12,1.13,,,5.45,,,,23.6,,,,,,,-1.21,,,,,,,,,,,,,12.8,,41.3,5.61,,United States,27.3,-0.017,0.781,29.1,-8.77,9.09,IQ9985914,12.4,0.46,,10.89,5.35,14.4,15.4,,5.13,,135.7,-150.7,0.055,51.1,,,,5.05,,40.3,8.17,0.618,2.03,0.44,,,,,,,-13,-16.3,-20.2,,,,,,-2.34,-0.857,-13,-16.6,-19.9,,,,,,-5.06,-3.54,,,27.3,Allomap Molecular Expression Test: 27.3 (100.0%)
"PlasmaTech Biopharmaceuticals, Inc. (NasdaqCM:PTBI)",NasdaqCM:PTBI,-3.9273153575615476,-4.449706916764361,0,NA,NA,0.059000000000000004,NA,NA,0.0060775495320286865,63.119615384615386,-15.431199999999997,-16.3456,-3.7956,0.38461538461538464,NA,NA,NA,73.99720443682929,NA,NA,NA,1.8838,NA,0.3497615262321145,NA,1,NA,NA,NA,0.13461538461538464,Biotechnology (Primary),Public Company,Common Stock,62.9,8.18,0,0,0.008,-0.027,-0.11,0.581,20.7,0.008,,,,,,,,5.9,,,,21.5,,,,-16.9,,,,4.79,,Biotechnology,"PlasmaTech Biopharmaceuticals, Inc., a biopharmaceutical company, develops novel therapeutics for the treatment of cancer and supportive care of cancer patients.",Healthcare,,76,0.853,-3.35,-3.35,-15.9,0.165,0.004,0.28,0.25,-17.4,0.001,,3.77,,0.426,0.589,0.705,0.884,1.05,1.13,0.003,-3.35,-0.673,,,-15.9,,2.89,-36,-36,-19.1,-36,-36,,0.003,,,,,,1.63,0.25,9.28,,,13,,-70.4,,,,,,0.14,-4.42,,,,0,,0.25,,,,0.924,0,0.053,,,-30.4,3.04,,United States,2.04,-3.8,4.45,,,10,IQ360935,,0.33,,28.5,2.88,0.853,0,,0.899,,0.729,-13.2,0.088,11.2,,,,0.13,6,0.244,1.04,0.706,0.857,6.45,0.27,0.029,62.21,3,,,-5.89,-7.75,-5.18,-6.9,-12.2,-9.68,-7.76,-7.88,-4.32,-3.8,-10.2,-1.7,-12.9,-21.7,-31.4,-17.3,-7.54,-2.53,-10.5,4.45,,,0.853,Development of Novel Therapeutics for The Treatment of Cancer and Supportive Care of Cancer Patients: .9 (100.0%)
Orgenesis Inc. (OTCPK:ORGS),OTCPK:ORGS,NA,NA,0,-0.8256061250531689,NA,NA,NA,NA,0.039934800325998374,60.04,4.702,-4.802,-3.882,2.45,NA,NA,NA,NA,NA,12.769034453424075,NA,6.542,NA,0.055178268251273345,NA,1,NA,NA,NA,0,Biotechnology (Primary),Public Company,Common Stock,58.9,0.254,0.061,0.003,0.013,-2.01,-0.482,18.6,98.4,0.01,,,,,,,,,,,,,,,,,,,1.55,32.76,0.079,Biotechnology,"Orgenesis Inc., a development stage company, is engaged in research and development in the biotechnology field in Israel.",Healthcare,2008,60.1,0,-4.57,-4.58,-5.5,1.31,0.013,2.25,2.45,-2.98,0.005,,3.03,,2.48,2.55,1.84,1.57,1.45,1.5,,-4.58,-0.691,,,-5.5,,,-0.102,-0.102,-0.064,-0.11,-0.11,,,,,0.022,0.009,,1.08,2.45,0.042,,,,,,,,,,,,-0.611,,,,0.973,,1.76,0.007,,,1.02,,,22.7,4,-2.98,0.599,,United States,,-4.57,-5.5,,,10,IQ54616608,,0.20,,1,0.335,,0.264,,0.051,,,-2.03,0.013,65.7,,4.08,95.9,,4,2.23,0.098,0.139,0.541,0.042,,15.3,0.347,1,,,,,,,-0.006,-0.021,-0.019,-0.072,-4.48,-5.46,,,,,-0.007,-0.026,-0.036,-0.072,-5,-5.54,,,,
"MEI Pharma, Inc. (NasdaqCM:MEIP)",NasdaqCM:MEIP,NA,NA,0,-0.21414808206958072,-0.32792866941015086,NA,NA,0.003980609309108107,0.00500669211322064,34.49134615384615,112.10000000000001,-23.906,-24.006,0.2913461538461538,NA,NA,NA,NA,NA,0.3076837301859603,NA,62.900000000000006,NA,NA,NA,1,NA,NA,NA,0.2913461538461538,Biotechnology (Primary),Public Company,Common Stock,57.9,51.21,0.035,0.032,0.011,1.04,0.908,1.49,33.3,0.494,,-0.246,,-1.17,,,,,,,,,,,,,,,,0.091,0,Biotechnology,"MEI Pharma, Inc., an oncology company, focuses on the clinical development of novel therapies for the treatment of cancer.",Healthcare,2000,-20.8,0,-34,-34.1,-34,23.7,0.079,79.7,0,72.9,0.055,,8.99,,25.1,22.8,19.3,14.6,10.7,7.63,,-34.1,,0.06,,-34,0.001,,-1.54,-1.54,-0.963,-1.54,-1.54,,,,,,,,2.15,,,,,,,,,,,,,0.303,-4.81,,,,43.1,,,-35.1,,,1.34,,,,,72.9,1.74,,United States,,-27.2,-27.1,0,-39.4,12.5,IQ2214205,,0.34,,13.98,1.71,,0,,39.8,,,58.7,5.24,73.1,,,,0.401,19,79.2,60.7,0.809,1.62,,,1.2,8.11,3,,,-5.63,-7.83,-14.4,-10.2,-11,-11.3,-8.02,-6.41,-9.73,-17.3,-5.35,-7.4,-13.9,-9.44,-10.6,-11.2,-7.88,-6.11,-9.59,-17.2,,,,
"iBio, Inc. (AMEX:IBIO)",AMEX:IBIO,-3.7122302158273386,-4.736690647482015,0,-0.7244718309859156,-0.6827586206896552,NA,NA,0.0341138473960436,0.005978280094803495,49.178000000000004,9.088,-6.534000000000001,-6.5840000000000005,0.338,NA,NA,NA,35.37985611510792,NA,5.411311619718311,NA,6.54,NA,1.396797153024911,NA,1,NA,NA,NA,0,Biotechnology (Primary),Public Company,Common Stock,56.2,36.16,0.06,0.033,0.027,-4.03,-2.41,1.29,74,2.12,,,,,,,,,,,,24.6,,,,9,,,2.87,10.61,0.286,Biotechnology,"iBio, Inc., a biotechnology company, focuses on the commercialization of its proprietary plant-based protein expression technologies in the United States and internationally.",Healthcare,,49.1,1.39,-5.16,-5.53,-5.48,7.36,0.017,11,0.338,9.57,0.019,,4.24,,1.64,2.53,1.9,2.45,3.78,2.81,,-5.53,,0.008,,-5.48,,,-0.082,-0.082,-0.051,-0.082,-0.082,,0.922,,,,,,0.909,0.338,,,,,,125.4,,,,,,,0.464,,,,6.08,,,-0.258,,,0.768,,-0.922,,,9.57,0.759,,United States,0.205,-5.22,-3.67,,,5.56,IQ33000,,0.34,,3.48,0.24,1.39,0,,5.68,,,7.95,0.314,86.5,,,,,7,8.56,6.94,1.15,0.511,,,8.48,1.25,3,,,,,,,-2.26,-2.13,-6.5,-10.8,-7.75,-6.3,,,,,-2.24,-2.65,-11.8,-5.83,-7.58,-4.32,,,,
Celsion Corp. (NasdaqCM:CLSN),NasdaqCM:CLSN,-41.4,-32.843999999999994,0,-0.24693994165589003,-0.6378658536585365,-0.149,NA,0.2536349302400508,0.1716236117168389,52.24632242174643,66.502,-20.921999999999997,-16.421999999999997,11.146322421746438,NA,NA,NA,104.49264484349285,NA,0.7856353556546635,NA,36.69199999999999,NA,0.41356877323420077,NA,1,NA,NA,NA,1.4363224217464372,Biotechnology (Primary),Public Company,Common Stock,53.8,16.01,0.074,0.025,0.063,1.12,1.07,1.87,20,0.136,,,,-1.2,,,,-14.9,,,,,,,,-37,,,12.57,1.14,0.373,Biotechnology,"Celsion Corporation, an oncology drug development company, focuses on the development and commercialization of chemotherapeutic oncology drugs based on its proprietary heat-activated liposomal technology.",Healthcare,1982,26.6,0.5,-20.7,-21,-25.5,12.7,1.17,66.7,9.71,32.8,0.672,,8.86,,15,12.6,10.2,9.05,9.36,10.9,,-21,-1.33,0.077,,-25.5,,,-1.38,-1.38,-0.745,-1.38,-1.38,,,,0.436,2.8,1.63,1.98,3.48,,0.858,6.05,,,,0,,,0.023,0.378,0.576,0.57,-2.02,,,,13.8,-0.011,5,13,,-2.82,1.77,,,17.2,28,32.8,2.69,0.425,United States,0.5,-20.7,-25.5,0.855,,9.09,IQ260398,79.3,0.41,,3.73,2.15,0.5,5.01,,5.72,,,31.5,0.089,86.2,,,103,0.975,28,37.5,43.8,1.45,0.996,2.21,0.425,1.75,7.2,3,0.5,United States: .5 (100.0%),-14.2,-10.4,-10.2,-13.6,-11.5,-17,-19.6,-23,-22.1,-15.2,-14,-8.69,-7.58,35.3,-11.8,-15.2,-18.8,-23.2,-26.6,-8.25,,,0.5,Oncology Drug Development: .5 (100.0%)
"GenVec, Inc. (NasdaqCM:GNVC)",NasdaqCM:GNVC,-0.3973509933774834,-0.7920529801324504,0,-0.24495647721454175,-0.4178947368421054,-0.0652,NA,0,0,53.5,19.53,-4.764000000000001,-4.784000000000001,0,NA,NA,NA,8.857615894039736,NA,2.739375320020481,NA,8.13,NA,3.1121495327102804,NA,1,NA,NA,NA,0,Biotechnology (Primary),Public Company,Common Stock,53.5,13.17,0.049,0.02,0.014,1.64,2,1.7,17.3,0.065,,,,-0.15,,,,-6.52,,,,-15.3,,,,-30.2,,,,4.06,1.38,Biotechnology,"GenVec, Inc., a clinical-stage biopharmaceutical company, focuses on using its adenovector gene delivery platform to develop a pipeline of therapeutics and vaccines in the United States.",Healthcare,1992,40.8,6.04,-2.4,-2.54,-2.52,,,,0,11.4,,,6.31,,2.26,1.84,2.94,3.84,5.49,8.41,,-2.54,,0.022,,-2.52,,,-0.159,-0.159,-0.099,-0.159,-0.159,,,,,,,,,,,,,,,64.1,,,,,,,,,,,,,,,,,,,,,,11.4,3.1,,United States,6.04,-2.4,-2.52,3.62,,16.67,IQ28949,-20.5,0.51,,4.67,1.61,3.78,0,,5.25,,,4.61,0.666,70.7,,,,1.8,,,6.64,1.05,1.6,,,,,3,6.04,United States: 6.0 (100.0%),-19.1,-12.6,-20.3,-21.3,-26.7,-17.8,-12.2,-7.48,-12.8,-8.57,-18.9,-14,-19.3,-18.7,-26.1,-18.4,-12.3,-7.44,-14.1,-10,,,6.04,Superior Therapeutics and Vaccines: 6.0 (100.0%)
"Onconova Therapeutics, Inc. (NasdaqGS:ONTX)",NasdaqGS:ONTX,-79.12499999999999,-81.92499999999998,0,-0.4902019446522064,-2.777118644067796,NA,NA,0,0,9.299999999999997,133.7,-65.53999999999999,-65.53999999999999,0,NA,NA,NA,11.624999999999996,NA,0.06955871353777111,NA,153.7,NA,0.3638941398865785,NA,1,NA,NA,NA,0,Biotechnology (Primary),Public Company,Common Stock,52.9,8.28,0.008,0.007,,-0.46,-0.606,,21.7,0.114,,,,-2.43,,,,,,,,,,,,-18.7,,,12,32.65,1.27,Biotechnology,"Onconova Therapeutics, Inc., a clinical-stage biopharmaceutical company, focuses on discovering and developing small molecule drug candidates to treat cancer.",Healthcare,1998,10.2,0.8,-63.3,-63.7,-63.7,43.6,0.42,47.3,0,23.6,,,15.1,,49.4,51.1,54.5,51.7,50.2,48.7,,-63.7,,,,-63.8,0.019,,-2.94,-2.94,-1.84,-2.94,-2.94,,,,,,,,4.03,,,,0.874,,,-83.2,,,,,,,-0.985,,,,,,,,,,,,,,,22.7,2.44,,United States,0.8,-63.3,-63.7,1.33,-66.5,14.29,IQ865203,29.1,0.25,,6.7,2.15,0.8,0,0.487,60,,,80.4,0.077,55.4,,,,0.284,,46.9,104.4,3.71,5.13,1.49,,,,1,2.62,United States: 2.6 (100.0%),,,,,,,,-27.6,-22.3,-62.2,,,,,,,,-26.3,-29.9,-62.5,,,2.62,Identification and Development of Oncology Therapeutics: 2.6 (100.0%)
"Heat Biologics, Inc. (NasdaqCM:HTBX)",NasdaqCM:HTBX,NA,NA,0,-0.4849205594139472,-0.6731944444444443,NA,NA,0.11852624717356909,0.03583292132451301,50.75627768702884,21.022000000000002,-9.693999999999999,-10.193999999999999,1.9362776870288423,NA,NA,NA,NA,NA,2.4144361947973,NA,8.712000000000002,NA,1.5595009596928981,NA,1,NA,NA,NA,0.7462776870288423,Biotechnology (Primary),Public Company,Common Stock,52.1,19.76,0.001,0.001,,0.287,0.27,,8.39,0.048,,,,-1.99,,,,,,,,,,,,,,,0.613,22.91,16.28,Biotechnology,"Heat Biologics, Inc., a development stage biopharmaceutical company, focuses on the development and commercialization of novel allogeneic off-the-shelf cellular therapeutic vaccines for a range of cancers and infectious diseases.",Healthcare,2008,39.7,0,-10.7,-10.7,-10.2,3.28,0.464,16.7,1.19,14.4,0.497,,3.83,,3.04,2.99,2.83,2.74,2.43,1.68,,-10.7,,0.05,,-10.6,,0,-1.59,-1.59,-0.972,-1.59,-1.59,,,,,0.516,0.051,,0.68,,,1.06,-0.605,,,,,0.2,0.194,0.189,0.183,0.082,-0.684,,,,0.044,-0.2,1.64,-12.3,,,0.288,,-0.023,,,15,6.21,,United States,,-6.56,-6.41,0,,13.33,IQ79723070,,0.20,,10.9,3.6,-3.87,0,-0.216,23.6,,,23.9,0.325,73,,,,0.028,9,16.1,24.4,0.393,0.179,,0.048,0.633,3.36,1,,,,,,,,,-0.584,-2.04,-2.34,-6.57,,,,,,,-0.711,-2.11,-2.42,-6.41,,,,
VBI Vaccines Inc (NasdaqCM:VBIV),NasdaqCM:VBIV,NA,NA,0,-1.5471447543160692,-1.2009345794392525,NA,NA,0.2117094738179013,0.05236893121690488,42.27367575102412,7.529999999999999,-12.850000000000001,-11.65,2.8736757510241238,NA,NA,NA,NA,NA,5.614033964279432,NA,7.279999999999999,NA,0.004807692307692308,NA,1,NA,NA,NA,0.7236757510241238,Biotechnology (Primary),Public Company,Common Stock,52,4.95,,,,,,,20,0.023,,,,,,,,,,,,,,,,,,,4.93,5.39,,Biotechnology,VBI Vaccines Inc. operates as a biopharmaceutical company in the United States.,Healthcare,2006,41.6,0,-13,-13.2,-14.4,12.6,0.107,14.1,2.15,10.7,0.112,,9.99,,3.18,2.45,1.78,1.44,2.48,,,-13.2,-1.13,0.003,,-14.4,,,-1.55,-1.55,-0.966,-1.55,-1.55,,,,,1.53,1.42,,0.65,,,1.77,,0,,,,,,0.213,0.294,0.273,-0.434,,,,15.2,,4.5,0.76,,,0.712,,,38.8,20,10.7,2.6,0.271,United States,,-13,-14.4,,,20,IQ30964761,,0.26,,5.67,1.9,,,,,,,,0.001,26.7,,0,100,0.039,20,13.2,,,,,0.271,2.8,2.19,1,,,,,,,,,,,-4.4,-3.6,,,,,,,,,-5.59,-5.45,,,,
CytoDyn Inc. (OTCPK:CYDY),OTCPK:CYDY,NA,NA,0,-0.46327503974562795,NA,NA,NA,NA,0.06294137408559426,51.7254728038234,15.096,-10.093599999999999,-6.9936,3.4054728038233955,NA,NA,NA,NA,NA,3.426435665330114,NA,15.826,NA,0.09861932938856015,NA,1,NA,NA,NA,0.06547280382339554,Biotechnology (Primary),Public Company,Common Stock,50.7,3.54,0.031,0.012,0.106,1.15,0.947,2.54,59.3,0.07,,,,,,,,,,,,,,,,,,,0,7.84,0.735,Biotechnology,"CytoDyn Inc., a biotechnology company, develops therapeutic monoclonal antibodies to address unmet medical needs in the areas of human immunodeficiency virus (HIV) and acquired immune deficiency syndrome (AIDS).",Healthcare,,51.9,0,-11.1,-11.5,-14.6,2.38,0.028,5.66,3.34,-1.69,0.024,,3.7,,7.4,5.89,3.98,2.75,1.13,0.718,0.357,-11.5,-2.55,0.007,,-14.6,,,-0.262,-0.262,-0.166,-0.262,-0.262,,,,0.068,,,,1.83,,0.378,1.23,,0.266,,,,,,0.01,0.03,0.03,-0.604,,,,0.777,-0.75,2,,,,1.07,,,157.3,,-1.96,0.855,,United States,,-7.76,-12.4,,,10,IQ10039157,,0.20,,1.3,0.54,,2.43,,10.1,,0.274,9.22,0.02,92.2,,100,,0.021,3,2.84,10.5,0.815,0.372,0.537,,30.8,1.13,1,,,-0.528,-0.694,-2.56,-1.7,-1.73,-1.2,-4.04,-4.82,-9.26,-6.14,-0.54,-0.686,-3.42,-1.58,-1.93,-0.934,-4.05,-4.85,-9.53,-11,,,,
Golden Dragon Holding Co. (OTCPK:CPMD),OTCPK:CPMD,NA,NA,0,-67.29999999999845,-0.27755102040816326,NA,NA,0,0,47.46,0.010000000000000231,-0.68,-0.673,0,NA,NA,NA,NA,NA,4745.999999999891,NA,0,NA,NA,NA,1,NA,NA,NA,0,Biotechnology (Primary),Public Company,Common Stock,49.9,,0.001,0.005,0.033,-0.51,-1.39,5.32,17.5,0.002,,,,,,,,,,,,,,,,,,,,,,Biotechnology,"As of March 23, 2015, Golden Dragon Holding Co. (OTCPK:CPMD) was acquired by CannaPharmaRX, Inc. in a reverse merger transaction.",Healthcare,,47.4,0,,-0.673,-0.68,2.44,0.012,2.45,0,2.45,0.012,,0.673,,,,,,,,,-0.673,-0.009,0.001,,-0.68,,,-0.085,-0.085,-0.053,-0.085,-0.085,,,,,0.012,,,,,,,,,,,,,,,,,,,,,3.33,-0.034,0.002,,,,-0.052,,,,,2.45,2.85,,United States,,,-0.094,,,,IQ405513,,0.20,,4.98,0.4,,0.197,,,,,-0.27,0,,,,100,,1,2.44,,0.052,0.022,,,,,1,,,,0,-0.076,-0.112,-0.2,-0.094,-0.091,-0.097,-0.09,-0.08,,0.515,0.01,7.11,-0.202,0.109,0.575,-0.1,-0.098,-0.094,,,,
"OncoGenex Pharmaceuticals, Inc. (NasdaqCM:OGXI)",NasdaqCM:OGXI,-0.9833887043189369,-1.2372093023255812,0,-0.2380769722541874,-0.8904884318766068,NA,NA,0.18057712174356874,0.1494173238438628,8.372435823089845,156.42000000000002,-34.64,-37.239999999999995,8.572435823089851,NA,NA,NA,0.278154014056141,NA,0.05352535368296793,NA,166.52,NA,1.1014344262295082,NA,1,NA,NA,NA,8.572435823089851,Biotechnology (Primary),Public Company,Common Stock,48.8,35.97,0.002,0.006,0.183,0.303,0.434,1.7,22.7,0.25,,,,-0.805,,,,,,,,,,,,65.8,,,,0.878,0.437,Biotechnology,"OncoGenex Pharmaceuticals, Inc., a biopharmaceutical company, develops and commercializes therapies that address treatment resistance in cancer patients.",Healthcare,,1.7,30.1,-29.6,-29.8,-27.2,49,0.312,62.7,0,38.9,0.099,,10.3,,49.6,58,61.4,55.3,57.8,52.7,,-29.8,,0.045,,-27.2,,,-1.66,-1.66,-1.04,-1.66,-1.66,,4.83,,,,,,1.56,,5.09,,,,,-3.19,,1.23,1.23,2.39,2.32,2.33,-12.2,,,,17,,,28.8,,,1.52,,5.1,,,38.9,2.15,,United States,29.9,-35.1,-31.8,32,-18.8,16.67,IQ1172058,-2.51,0.26,,12.09,1.92,-19.5,0,,13,,,43.5,0.215,93.1,,,,11.8,39,61.3,59.7,0.039,12.7,1.64,2.8,1.01,11.39,1,,,-3.71,-4.67,-11.3,-7.68,-11.1,1.37,-10.7,-22.3,-27.6,-35.3,-4.01,-4.93,-11.6,-8.54,-4.2,-5.48,-12.6,-14.7,-21.1,-31.8,,,30.1,Development and Commercialization of New Cancer Therapies: 30.1 (100.0%)
"Hemispherx Biopharma, Inc. (AMEX:HEB)",AMEX:HEB,-91.37055837563452,-93.70558375634518,0,-0.38184676485189484,-0.6903999999999999,-0.16699999999999998,NA,0.020241318494501784,0.010558553470739217,46.75648734725675,48.343999999999994,-17.259999999999998,-18.46,0.5164873472567487,NA,NA,NA,237.34257536678552,NA,0.9671621576050132,NA,25.482,NA,1.069214876033058,NA,1,NA,NA,NA,0.4944873472567487,Biotechnology (Primary),Public Company,Common Stock,48.4,5.95,0.001,0.023,0.033,-0.107,-0.952,1.28,215.1,1.39,,,,-0.078,,,,-16.7,,,,12.2,,,,6.96,,,,1.43,0.396,Biotechnology,"Hemispherx Biopharma, Inc., a specialty pharmaceutical company, is engaged in the clinical development of new drug therapies based on natural immune system enhancing technologies for the treatment of viral and immune based chronic disorders in the United States.",Healthcare,1990,32.3,0.197,-18,-18.7,-17.5,2.16,11.9,29.4,0.022,25,0.504,,9.06,,8.99,8.08,8.36,8.35,8.36,10.6,,-18.7,-0.011,0.665,,-17.5,,,-0.093,-0.093,-0.056,-0.093,-0.093,,,,,16.9,5,,2.08,,,,,,,31.3,,,0.068,0.161,0.157,0.154,-1.87,,,,12.8,-0.034,,2.99,,,0.869,,,29.6,37,25,0.225,0.163,United States,0.197,-18,-17.5,,,28.57,IQ97799,1349.2,0.34,,0.419,0.21,-1.05,0.056,,0.803,,,29.3,0.207,98.6,,,,0.691,37,16.5,18.6,1.27,1.23,,0.163,15.1,1.57,1,0.197,United States: .2 (100.0%),-10.9,-9.72,-18.6,-18.8,-12.8,-13,-16.3,-14.1,-20.3,-17,-16.9,-12.4,-19.4,-18.1,-12.2,-7.18,-13.1,-9.02,-17.4,-16.2,,,0.197,Clinical Development of New Drug Therapies Based on Natural Immune System: .2 (100.0%)
"CASI Pharmaceuticals, Inc. (NasdaqCM:CASI)",NasdaqCM:CASI,-268.75,-267.58333333333337,0,-0.6185706029666731,-31.17183770883055,-0.265,NA,0.6204710144927537,0.02774964553372494,49.37,10.382000000000001,-26.122,-6.422000000000001,1.37,NA,NA,NA,2057.083333333333,NA,4.755345790791754,NA,8.174000000000001,NA,0.109375,NA,1,NA,NA,NA,0,Biotechnology (Primary),Public Company,Common Stock,48,11.89,0.003,0,0.036,0.226,0.061,1.37,32.4,0.024,,,,,,,,-26.5,,,,-66.1,,,,-77,,,24.26,1.44,0,Biotechnology,"CASI Pharmaceuticals, Inc., a clinical-stage pharmaceutical company, develops therapeutics to treat cancer and other diseases primarily in the United States and China.",Healthcare,1991,37.6,0.024,-6.45,-6.5,-26.2,,,,1.37,0.838,,,3.76,,2.77,2.65,2.69,2.8,2.75,2.57,,-6.5,,,,-26.2,,,-0.916,-0.916,-0.143,-0.92,-0.92,,,,,,,,,,,,,,,,,,,,,,,,,,,,,,,,,,,,,0.838,1.48,,United States,0.024,-6.45,-26.2,,,20,IQ354853,,0.28,,2.09,1.07,0.024,0,,15.1,,,14.9,0.021,55.9,,,,0.597,,,15.4,0.402,0.156,0.007,,,,3,,,-16.6,-17.3,-22.2,-23.7,-20.4,-6.72,-4.54,-4.57,-4.22,-5.74,-12.6,-16.3,-49.9,-22.4,-23.9,-8.22,-8.1,-4.56,-14.5,-5.74,,,,
Lpath Inc. (NasdaqCM:LPTN),NasdaqCM:LPTN,-3.4645669291338583,-2.496062992125984,0,-0.27770477441962327,-0.7265822784810125,0.264,NA,0.035737339358018885,0.012077342588001982,31.18557692307692,45.66,-11.479999999999999,-12.679999999999998,0.585576923076923,NA,NA,NA,6.138893095093882,NA,0.6829955524107955,NA,47.16,NA,0.5427974947807933,NA,1,NA,NA,NA,0.585576923076923,Biotechnology (Primary),Public Company,Common Stock,47.9,20.14,0,0.007,0.051,0.015,0.307,0.956,19.3,0.038,,,,1.7,,,,26.4,,,,-15.7,,,,-18.5,,,2.98,12.64,,Biotechnology,"Lpath, Inc., a biotechnology company, focuses on the discovery and development of lipidomic-based therapeutic antibodies for treating a range of human diseases primarily in the United States.",Healthcare,,30.6,5.08,-17.6,-17.8,-16.6,17.3,0.221,21,0,15.8,0.106,,4.76,,18.1,15.4,15.2,13.4,11.3,9.6,,-17.8,,,,-16.6,,,-1,-1,-0.625,-1,-1,,0.727,,,0.769,0.548,,2.87,,0.034,,,,,-36.4,,,,,0.286,0.334,-1.19,,,,21.2,,,-0.43,,,1.1,,0.583,,25,15.8,2.48,0.373,United States,5.08,-17.6,-16.6,53.3,,0,IQ25071868,,0.33,,4.79,2.22,-13,0,,11.9,,,9.97,0.104,63.5,,,,0.945,25,18.4,13.5,2.03,0.984,0.522,0.373,0.741,,,5.08,United States: 5.1 (100.0%),-0.16,-2.1,-5.77,-15.5,-11.7,1.8,-4.49,-3.71,-5.56,-7.59,-0.246,-2.8,-5.61,-15.1,-11.5,3.98,-4.6,-3.11,-2.75,-6.57,,,5.08,Discovery and Development of Lipidomic-Based Therapeutic Antibodies: 5.1 (100.0%)
BioPharmX Corporation (OTCPK:BPMX),OTCPK:BPMX,NA,NA,0,-1.3411408441999875,-36.231147540983606,NA,NA,0.8640607079598779,0.016063222233840907,47.06545943331816,3.2362,-4.4201999999999995,-4.340199999999999,0.775459433318161,NA,NA,NA,NA,NA,14.54343348165075,NA,4.3242,NA,0.015789473684210527,NA,1,NA,NA,NA,0.775459433318161,Biotechnology (Primary),Public Company,Common Stock,47.5,2.58,0.015,0.015,0.104,-18.9,-18.9,-58.8,15.8,0.004,,,,,,,,,,,,,,,,,,,,52,15.81,Biotechnology,"BioPharmX Corporation, a development stage biotechnology company, focuses on the development of novel delivery mechanisms and novel routes of administration for known drugs and tissues.",Healthcare,,49.9,0,-5.71,-5.72,-5.8,1.21,0.188,1.93,0,0.122,0.167,,3.6,,2.12,1.54,1.03,0.671,0.429,0.031,,-5.72,-0.106,,,-5.8,,0.07,-0.635,-0.635,-0.392,-0.635,-0.635,,,,,0.204,0.016,,1.33,,0.4,,,3.64,,,,,,0.271,0.288,0.279,-1.25,,,,0.043,,1.42,-0.045,,,1.22,,,,15,-3.52,3,,United States,,-1.51,-1.59,,,20,IQ254013347,,0.16,,3.5,0.15,,0.69,,0.024,,,-0.713,0.003,48,,119.7,,,7,1.51,0.167,0.259,,0.139,,2.61,0.25,1,,,,,,,,,,-0.007,-0.083,-1.51,,,,,,,,-0.007,-0.088,-1.59,,,,
"ImmunoCellular Therapeutics, Ltd. (AMEX:IMUC)",AMEX:IMUC,NA,NA,0,-0.5335358991672292,-0.3863519313304722,NA,NA,0.006819493093805075,0.003450933092103059,23.159985207100593,17.772000000000002,-9.002000000000002,-9.482,0.15998520710059172,NA,NA,NA,NA,NA,1.303172699026592,NA,17.672,NA,1.7748917748917747,NA,1,NA,NA,NA,0.15998520710059172,Biotechnology (Primary),Public Company,Common Stock,46.2,4.66,0,0.027,0.025,-0.088,1.26,1.09,90.3,0.609,,,,-0.16,,,,,,,,,,,,,,,,0.492,0.253,Biotechnology,"ImmunoCellular Therapeutics, Ltd., a clinical-stage biotechnology company, develops immune-based therapies for the treatment of brain and ovarian cancers.",Healthcare,,23,0,-9.81,-9.86,-9.38,23.2,0.047,25.2,0,23.3,0.029,,3.89,0.654,5.97,6.08,5.87,5.62,5.34,5.05,,-9.86,,0.014,,-9.38,,,-0.157,-0.157,-0.098,-0.16,-0.16,,,,1.22,0.202,0.155,,0.322,,,,,,,,,,,,0.068,0.101,0.57,,,,5.54,,,,,,-0.645,,,,7,23.3,0.512,0.099,United States,,-9.81,-9.38,0,-11.9,16.67,IQ27792717,,0.25,,1.45,0.511,,0,,27.6,,,26.5,0.328,84.7,,,,0.267,7,24.4,28.4,0.861,0.541,,0.099,9.32,1.33,1,,,-0.014,-0.207,-5.34,-2.32,-3.18,-2.65,-5.14,-8.63,-11.8,-9.46,-0.014,-0.246,-5.15,-3.62,-3.06,-2.63,-6.15,-5.72,-14.5,-8.8,,,,
Enzon Pharmaceuticals Inc. (NasdaqCM:ENZN),NasdaqCM:ENZN,0.9354838709677419,0.8531419354838711,0.00194,NA,0.8934932432432433,NA,NA,0.12377438052111407,0.08484471149245641,14.681253756999126,-3.3422,26.447400000000002,26.447400000000002,4.181253756999125,1.5659722222222223,0.3645833333333333,1.705271595695607,0.47358883087093956,0.5551114195345904,NA,0.506250129551694,1.6578,0.506250129551694,0.9700665188470067,28.9,1,0.056,28.8,45.1,4.181253756999125,Biotechnology (Primary),Public Company,Common Stock,45.1,44.58,0.026,0.009,0.13,1.06,0.636,1.36,44.2,0.389,-8.83,,,0.509,,,,,111.3,,,-9.6,,,,-10.5,58.7,25.5,,0.549,0.065,Biotechnology,"Enzon Pharmaceuticals, Inc. engages in licensing drug products.",Healthcare,1981,10.5,31,29,28.8,28.8,34.6,,35,0,29.6,,,2.38,,,0.19,0.843,1.14,2.72,6.87,,28.8,,,,28.9,0.056,,0.653,0.653,0.408,0.65,0.65,0.194,,,0.478,,,,0.181,,4.61,,,,25.3,-9.79,1.2,0.798,0.774,0.742,0.703,0.703,-3.87,,-4.42,,,,,,,,0.088,,,,1,29.6,1.02,-0.135,United States,31,29,28.8,,,0,IQ269599,,0.44,,1.83,0.8,31,0,,6.52,,,5.26,0.175,91.8,,,,3.62,1,35,7.12,0.093,0.966,0.249,-0.135,0.519,4.08,1,24.7,"United States (US): 3.0 (12.1%);
Other Foreign: 10.5 (42.5%);
Europe: 6.5 (26.3%);
Japan: 4.7 (19.0%)",19.8,5.18,21.5,11.5,-41.5,-56.4,-27.4,-15.4,7.92,22.9,2.43,-380,21.3,83.1,-2.72,0.683,177.2,-20.8,-2.78,18.2,,,31,Pharmaceuticals: 31.0 (100.0%)
"Amarantus Bioscience Holdings, Inc (OTCPK:AMBS)",OTCPK:AMBS,NA,NA,0,-0.9493727598566306,NA,NA,NA,NA,0.017068685630376064,44.99969230769231,8.928,-17.476,-8.475999999999999,0.7796923076923077,NA,NA,NA,NA,NA,5.04028811690102,NA,9.518,NA,1.2360801781737194,NA,1,NA,NA,NA,0.05769230769230769,Biotechnology (Primary),Public Company,Common Stock,44.9,0.039,0.008,0,0.001,0.563,-0.136,0.872,799.7,5.75,,,,-0.013,,,,,,,,,,,,,,,,4.9,1,Biotechnology,"Amarantus BioScience Holdings, Inc., a biotechnology company, engages in discovering and developing treatments and diagnostics for diseases associated with neurodegeneration and apoptosis.",Healthcare,2008,45.8,0,-11,-11.2,-20.2,0.68,0.127,2.76,0.722,-0.632,0.144,,6.5,,4.72,3.11,1.94,2.09,1.55,1.29,,-11.2,-1.73,,,-20.2,,0.104,-0.03,-0.03,-0.015,-0.03,-0.03,,,,0.129,0.144,0.017,,2.28,0.722,0.026,,,0.84,,,,,,,,0.06,0.795,,,,6.85,-0.009,1.73,-0.661,,,0.296,-0.5,,22.3,,-1.47,0.056,,United States,,-5.64,-15.1,0.75,,18.75,IQ54426315,,0.25,,0.196,0.049,,1.14,,1.02,,0.839,-3.36,0.222,95.1,,287.8,,,3,1.1,1.5,0.973,0.165,2.39,0.03,6.94,0.05,1,,,,,,,,-0.288,-1.22,-3.74,-4.09,-5.71,,,,,,-0.306,-1.21,-4.44,-5.14,-15.1,,,,
Restorgenex Corporation (OTCPK:RESX),OTCPK:RESX,-86.94444444444444,-84.59166666666668,0,-0.29138280771586045,-0.20678971962616824,NA,NA,0.005807200929152149,0.0056116722783389455,20.749999999999996,20.902399999999997,-8.8506,-6.0906,0.25,NA,NA,NA,288.1944444444444,NA,0.992708971218616,NA,1.6524,NA,0.1523702031602709,NA,1,NA,NA,NA,0,Biotechnology (Primary),Public Company,Common Stock,44.3,5.78,0.001,0.006,0.005,0.165,1.29,0.558,18.6,0.008,,,,-0.46,,,,,,,,,,,,-37.3,,,4.03,24.08,0,Biotechnology,"RestorGenex Corporation operates as a specialty biopharmaceutical company that focuses on developing products for dermatology, ophthalmology, and women’s health.",Healthcare,,20.8,0.072,-6.26,-7.34,-10.1,23.8,0.054,50.5,0.25,42.8,,,4.21,1.6,1.33,0.403,,,,,1.87,-7.34,-0.438,,0,-10.2,,0,-1.03,-1.05,-0.67,-1.03,-1.05,,,,2.22,0.058,0.004,11.5,0.106,0.25,0.431,,,,,,,,,,,,3.48,,,,31.8,-1.54,0.4,,,,-3.98,,,59.5,,42.8,2.38,,United States,0.072,-7.76,-2.46,0,,37.5,IQ1939962,,0.21,,6.2,2.35,0.072,2.63,-0.047,0.256,,,-6.29,0.027,64.4,,100,0,,,26,3.21,1.54,4.58,0.818,,0.389,11.77,,,,,-1.37,-0.731,-2.88,-0.991,-2.95,-6.99,-14.6,-10.4,-7.91,,-1.84,-0.741,-2.67,-2.09,-3.4,-8.41,-22.6,-6.87,-2.46,,,,
"Immune Pharmaceuticals, Inc. (NasdaqCM:IMNP)",NasdaqCM:IMNP,-7599.999999999999,-6949.999999999999,0,-0.5383006738440089,-1.6697247706422018,NA,NA,0.28653290753861477,0.09048645092440387,47.44350910332272,25.822000000000003,-18.2,-13.899999999999999,4.377509103322712,NA,NA,NA,23721.754551661357,NA,1.837328987039064,NA,11.756,NA,0.23863636363636365,NA,1,NA,NA,NA,0.2775091033227128,Biotechnology (Primary),Public Company,Common Stock,44,4.02,0.002,0.003,,0.211,0.422,,23.8,0.072,,-145.5,,-0.454,,,,,,,,,,,,,,,7.2,22.31,18.67,Biotechnology,"Immune Pharmaceuticals, Inc., a clinical stage biopharmaceutical company, engages in the development and commercialization of targeted therapeutics for the treatment of inflammatory diseases and cancer.",Healthcare,2010,48.3,0.002,-15.2,-15.6,-19.9,0.934,0.047,32.2,4.1,10.9,0.024,,10.5,,5.07,3.38,3.19,3.57,3.2,3.51,,-15.6,-0.558,,0,-19.9,0.008,0.93,-1.87,-1.87,-0.941,-1.87,-1.87,,,,0.204,0.097,0.05,,2.69,,0.614,2.05,,1.13,,-89.5,,,,0.1,0.1,0.1,2.08,,,,2.64,-1.03,0.037,0.277,,0,-2.63,,,9.38,,9.8,1.85,,United States,0.019,-8.69,-5.76,7.5,,12.5,IQ112205409,2194.2,0.51,,5.21,1.5,0.002,4.87,,0.417,,,7.83,0.042,70.5,,7.67,91.6,0.052,8,1.14,0.754,5.09,2.71,0.195,0.1,,,3,,,,,,,,,,-1.86,-9.19,-9,,,,,,,,-2.12,-12.6,-5.76,,,0.002,"Acquiring, Developing and Commercializing Prescription Drug Products: .0 (100.0%)"
Palatin Technologies Inc. (AMEX:PTN),AMEX:PTN,-0.3323076923076923,-0.2792307692307693,0,-0.10933734939759038,-0.04464831804281348,0.0315,NA,0.23503266092026415,0.18868551451149215,10.546923076923079,33.2,-1.4600000000000009,-3.630000000000001,10.046923076923077,NA,NA,NA,0.8113017751479291,NA,0.317678405931418,NA,33.38,NA,0.5150462962962963,NA,1,NA,NA,NA,0.2269230769230769,Biotechnology (Primary),Public Company,Common Stock,43.2,19.47,0.004,0.014,0.072,0.421,0.667,1.29,41.5,0.181,,,,-0.278,,,,3.15,,,,-8.63,,,,269.9,,,,2.19,1.04,Biotechnology,"Palatin Technologies, Inc., a biopharmaceutical company, develops peptide therapeutics for the treatment of diseases.",Healthcare,1986,10.3,13,-4.32,-4.43,-2.26,42.7,0.186,47.6,9.82,32.7,0,,5.48,,11.9,10.3,10.8,11,11.8,11.6,,-4.43,-0.037,0.019,,-4.64,-2.38,,-0.021,-0.021,-0.027,-0.021,-0.021,,3.04,,,,,,1.91,,,9.74,,0,,,,,,,,0.236,2.59,,,,19.4,-0.008,10,1.5,,,1.12,,-3.04,,,32.7,1.04,,United States,,-15.6,-13.9,8.4,,22.22,IQ32651,,0.30,,1.43,0.59,1.04,0.008,,16.7,,0,15.3,0.089,89.4,,,,0.473,17,47.2,18.5,0.291,2.18,1,0.22,4.24,1.63,1,,,-21.2,-23.7,-32.2,-19.6,-17.8,3.11,-12.7,-14.3,-18.6,-16.8,-20.3,-22.5,-30.4,-16.9,-15.1,4.36,-12,-13.1,-23.4,-16.8,,,,
GlobeImmune Inc. (NasdaqCM:GBIM),NasdaqCM:GBIM,-0.9246231155778895,-1.383249581239531,0,-0.6178363010623972,-3.346071428571429,NA,NA,0.2982982852656651,0.05292501765208399,28.180598995857043,13.365999999999998,-18.738,-8.258,2.3805989958570453,NA,NA,NA,4.72036834101458,NA,2.1083793951711094,NA,24.566,NA,1.050469483568075,NA,1,NA,NA,NA,2.3805989958570453,Biotechnology (Primary),Public Company,Common Stock,42.6,14.87,,,,,,,5.75,0.034,,,,,,,,,,,,18.6,,,,5.32,,,10.44,0.321,0.106,Biotechnology,"GlobeImmune, Inc., a biopharmaceutical company, focuses on developing therapeutic products for cancer and infectious diseases based on proprietary Tarmogen platform.",Healthcare,1995,25.8,5.97,-5.52,-5.82,-16.3,16.8,0.456,18.4,0,5.6,0.294,,4.28,,7.21,7.87,8.66,9.21,10.9,11.6,0.295,-5.82,-3.89,,,-16.3,,7.17,-8.04,-8.04,-2.48,-8.04,-8.04,,,,1,12.3,11.8,,0.573,,,,,,,-73.5,,0.163,0.646,0.628,0.609,0.596,1.34,,,,17.3,,7.5,,,,-1.16,,,,22,5.6,7.4,0.598,United States,5.97,-5.52,-16.3,,,16.67,IQ1497235,,0.31,,15,4.29,0.974,0.198,,5.92,,188.8,-199.3,0.179,64.1,,,,0.011,22,17.8,6.83,1.74,0.805,3.87,0.598,0.219,8.35,1,5.97,United States: 6.0 (100.0%),,,,,,-20.4,-15.8,-12.6,-3.97,7.69,,,,,,-22.1,-14.8,-13.7,-2.02,9.48,,,5.97,Developing and Commercializing Various Biopharmaceutical Products: 6.0 (100.0%)
"Soligenix, Inc. (OTCBB:SNGX)",OTCBB:SNGX,-0.8676923076923077,-0.6359999999999999,0,-0.26455906821963393,NA,0.45799999999999996,NA,NA,0.002888722431182919,37.41022928994083,15.626,-5.893999999999999,-4.1339999999999995,0.1202292899408284,NA,NA,NA,5.755419890760128,NA,2.394101452063281,NA,24.116,NA,0.4819277108433735,NA,1,NA,NA,NA,0.1202292899408284,Biotechnology (Primary),Public Company,Common Stock,41.5,1.83,0.003,0,0.066,-0.333,0.053,2.37,25.2,0.071,,,,-0.505,,,,45.8,,,,24.5,,,,-3.89,,,21.27,1.85,0.301,Biotechnology,"Soligenix, Inc., a clinical stage biopharmaceutical company, is engaged in developing products to treat life-threatening side effects of cancer treatments and serious gastrointestinal diseases, and various biodefense vaccines and therapeutics.",Healthcare,1987,36,6.5,-5.64,-5.88,-7.64,4.21,0.053,6.27,0,-4.28,0.054,,3.28,,9.09,7.35,7.78,7.62,7.15,6.82,,-5.88,,0.002,,-8.39,-0.75,,-0.383,-0.383,-0.138,-0.383,-0.383,,1.34,,,,,,3.06,,7.43,,,,,145.3,,,,,0.025,0.101,1.88,,,,1.14,,,,,,1.85,,-1.18,,,-4.28,1.65,,United States,3.22,-6.93,-10.1,6.95,,2.63,IQ28075,-7.82,0.28,,2.45,0.91,1.7,0,,6.58,,,-3.6,0.08,63.6,,,,0.231,17,5.75,6.94,1.22,0.056,9.98,,2.05,2.63,1,6.5,United States: 6.5 (100.0%),-5.76,-4.67,-6.4,-6.33,-3.46,-5.93,-7.5,-2.87,-4.62,-7.16,-5.87,-4.72,-8.16,-6.17,-3.42,-6.03,-7.39,-2.38,-4.16,-10.1,,,6.5,"BioTherapeutics: .2 (3.8%);
Vaccines/BioDefense: 6.2 (96.2%)"
"AXIM Biotechnologies, Inc. (OTCBB:AXIM)",OTCBB:AXIM,-12.1,-12.5,0,-11.363636363636468,NA,NA,NA,NA,0.027090694935217905,41.49999999999999,0.010999999999999899,-0.234,-0.125,1.15,NA,NA,NA,4149.999999999999,NA,3772.7272727273066,NA,0,NA,0.018159806295399518,NA,1,NA,NA,NA,0,Biotechnology (Primary),Public Company,Common Stock,41.3,,0.012,0.008,,17.2,12.9,,33,0.002,,,,,,,,,,,,,,,,,,,90.57,0.006,0.006,Biotechnology,"AXIM Biotechnologies, Inc., a biotechnology company, focuses on the treatment of pain, spasticity, anxiety, and other medical disorders with the application of cannabinoids based products.",Healthcare,2010,41.5,0.01,-0.121,-0.125,-0.234,0.95,,1.06,1.15,-0.189,,,0.133,,,,,,,,0.003,-0.125,-0.011,,,-0.234,,,-0.007,-0.007,-0.003,-0.011,-0.011,,,,,,,,0.07,1.15,0.03,,,0,,-69.2,,,,,,,0.058,,,,,,1,,,,0.08,,0.011,7.17,,-0.189,1.25,,United States,0.022,-0.025,-0.089,,,42.86,IQ128291607,,0.13,,10,0.25,0.01,0.092,,0.001,,0,-0.051,0.003,9.43,,,100,,,1.06,0.005,0.047,0.003,,0.001,,,1,0.01,United States: .0 (100.0%),,,,,,,-0.025,-0.001,-0.005,-0.035,,,,,,,-0.025,-0.003,-0.015,-0.089,,,0.01,Blank Checks: .0 (100.0%)
"Regado Biosciences, Inc. (NasdaqCM:RGDO)",NasdaqCM:RGDO,NA,NA,0,-0.2445928963555791,-1.1253863134657838,NA,NA,0.09494886080596149,0.10455813478854253,-6.147579713185792,151.19,-50.98,-36.980000000000004,4.752420286814205,NA,NA,NA,NA,NA,-0.04066128522511933,NA,154.86,NA,1.7014742014742013,NA,1,NA,NA,NA,2.122420286814205,Biotechnology (Primary),Public Company,Common Stock,40.7,36.66,0.017,0.003,,-1.33,-0.632,,33.6,0.542,,,,-1.68,,,,,,,,,,,,,,,,6.8,0,Biotechnology,"Regado Biosciences, Inc., a biopharmaceutical company, focuses on the discovery and development of antithrombotic drug systems for acute and sub-acute cardiovascular and other indications.",Healthcare,2001,16.6,0,-52.8,-53.1,-67.1,51.6,0.239,54.4,2.63,45.3,0.31,,11.1,,54.9,60.3,52.1,37.9,26.5,17.1,,-53.1,-0.575,0.088,,-67.1,,10.9,-2.54,-2.54,-1.09,-2.54,-2.54,,,,0.574,0.409,0.17,,0.185,,4.6,,,24.8,,,0.291,0.498,0.489,0.472,0.389,0.315,-5.23,,,,77.6,-2,,-0.389,,,-1.37,,,13.9,4,20.4,1.21,0.478,United States,,-52.8,-67.1,0,-58,4.55,IQ5845147,,0.48,,13.5,0.8,,4.45,,30.7,,,34.2,0.277,62.1,,,95.1,0.236,4,54.2,39.1,1.56,4.52,1.02,0.478,3.84,4.68,3,,,,,,,,,,-18.8,-12.1,-33.5,,,,,,,,-19.2,-13.1,-34.4,,,,
"Manhattan Scientifics, Inc. (OTCPK:MHTX)",OTCPK:MHTX,-2.0102459016393444,0.37336065573770455,0,0.03240954854317119,NA,0.125,NA,NA,0.06987951807228915,40.29,5.6218,-0.0678000000000002,0.1821999999999998,2.9,NA,NA,NA,82.56147540983606,221.13062568605952,7.166743747554164,NA,4.9918000000000005,NA,0.3626943005181347,NA,1,NA,NA,NA,0,Biotechnology (Primary),Public Company,Common Stock,38.6,0.01,0.002,0.006,0.004,0.379,-0.575,0.32,495.4,0.293,,,,,,,,12.5,,,,-4.95,,,,-33.8,,,2.06,16.28,2.11,Biotechnology,"Manhattan Scientifics, Inc., together with its subsidiaries, focuses on the technology transfer and commercialization of disruptive technologies in the nano medicine space in the United States.",Healthcare,1992,41.4,0.488,-0.981,-1.22,-1.47,1.21,0.138,2.35,2.9,-1.06,0.019,,-0.608,,2.32,1.78,1.33,0.96,0.329,0.19,,-1.22,-0.172,,,-1.47,,,-0.003,-0.003,-0.002,-0.003,-0.003,,,,,,,,0.062,1.35,,1.55,,1.06,,-41.1,,,,,,,0.531,,,,1.66,,1.17,,,,0.034,,0,10.7,1,-2.11,0.078,,United States,0.652,-1.58,-1.93,,,50,IQ736556,,0.21,,0.18,0.07,0.488,2.79,,0.64,,,-1.83,0.056,81.7,,91,17.1,,8,1.21,0.71,0.307,0.804,,0.006,36,0.028,1,0.488,United States: .5 (100.0%),-2.13,-1.62,-1.93,-3.44,-2.15,-0.397,0.007,-2.17,-1.65,-1.81,-1.52,-0.219,-1.69,-3.01,-2.14,-0.446,-0.043,-2.29,-2.09,-1.93,,,0.488,Technology Incubator: .5 (100.0%)
Oragenics Inc. (AMEX:OGEN),AMEX:OGEN,-6.170212765957447,-11.755319148936172,0,-0.6288771270844005,-1.0699029126213593,0.17,NA,0.07355297517715745,0.021066219103688506,28.417743080851913,17.571,-11.020000000000001,-11.05,0.8177430808519148,NA,NA,NA,30.23164157537438,NA,1.6173093780007917,NA,17.606,NA,0.13815789473684212,NA,1,NA,NA,NA,0.7527430808519148,Biotechnology (Primary),Public Company,Common Stock,38,13.74,0.128,0.02,0.1,2.21,0.956,2.24,36.2,0.034,,,,,,,,17,,,,7.95,,,,-13.3,,,47.26,14.08,0.394,Biotechnology,"Oragenics, Inc. focuses on the discovery, development, and commercialization of various technologies associated with oral health, antibiotics, and other general health benefits.",Healthcare,1996,27.6,0.94,-5.8,-5.82,-5.79,10.4,0.109,11.1,0.065,10.3,0.111,,3.32,,3.07,3.59,9.9,9.63,9.36,9.02,,-5.82,-0.004,0.037,,-5.79,,,-0.16,-0.16,-0.1,-0.16,-0.16,,0.016,0.439,,1.67,1.56,,0.484,0.065,0.016,,,,,-8.94,,0.127,0.134,0.139,0.217,0.218,0.244,,,,,-0.158,,,,,-0.2,-0.151,0.049,5.39,13,10.3,1.05,0.195,United States,0.94,-5.8,-5.79,,,8.33,IQ774436,,0.21,,3.11,0.7,0.57,0.064,,16.3,,,15.8,0.021,11.5,,100,,0.389,13,11,16.8,0.249,0.283,0.397,0.195,0.821,4.03,1,0.94,United States: .9 (100.0%),-3.13,-3.26,-2.96,-2.34,-6.05,-6.33,-7.91,-7.35,-12.5,-16.2,-3.08,-3.25,-2.94,-2.31,-6.02,-5.52,-7.81,-7.68,-13.1,-16.1,,,0.94,"Discovery, Development and Commercialization of a Variety of Technologies Associated with Broad Spectrum Antibiotics, Oral Health, and Other General Health Benefits: .9 (100.0%)"
"Enumeral Biomedical Holdings, Inc. (OTCBB:ENUM)",OTCBB:ENUM,-37.3780487804878,-32.67073170731707,0,NA,NA,NA,NA,NA,0.08744470660686457,30.483817934950935,-2.9899999999999984,-7.108,-5.358,3.5838179349509387,NA,NA,NA,185.87693862774958,NA,NA,NA,9.190000000000001,NA,0.26737967914438504,NA,1,NA,NA,NA,3.5838179349509387,Biotechnology (Primary),Public Company,Common Stock,37.4,2.82,,,,,,,51.6,0.021,,,,-0.16,,,,,,,,,,,,,,,1.6,17.81,2.46,Biotechnology,"Enumeral Biomedical Holdings, Inc. discovers and develops novel antibody immunotherapies that help the immune system attack diseased cells.",Healthcare,2009,23.9,0.164,-6.13,-6.43,-8.18,10.5,1.01,15.5,0,-1.68,0.564,,3.02,,3.58,3.16,2.68,2.5,2.37,1.83,,-6.43,-0.242,,,-8.18,,,-0.255,-0.255,-0.16,-0.255,-0.255,,0.284,,,1.87,0.858,,0.614,,16.2,,,,,-63.5,0.134,0.801,0.778,0.755,0.733,0.846,-16.3,,,,19.9,-1.06,0.75,-3.55,,,0.272,,-0.159,,,-1.68,0.725,0.309,United States,0.164,-6.13,-8.18,0.37,,30,IQ99865488,91.3,0.41,,2.25,0.698,-3.41,1.06,,0.264,,,-0.405,0.04,59.9,,,,0.463,,14,0.532,0.343,0.155,0.133,0.309,2.73,0.78,,0.164,United States: .2 (100.0%),,,,,,,,,-3.14,-3.75,,,,,,,,,-3.25,-3.87,,,0.164,Biotechnology (Startups): .2 (100.0%)
"AntriaBio, Inc. (OTCPK:ANTB)",OTCPK:ANTB,NA,NA,0,-5.429405438623445,-1.3462915601023016,NA,NA,0.2060393718256807,0.05146812320278968,30.839354895571805,1.3017999999999998,-10.527999999999999,-7.0680000000000005,2.029354895571808,NA,NA,NA,NA,NA,23.689779455808733,NA,1.8497999999999999,NA,NA,NA,1,NA,NA,NA,1.8073548955718077,Biotechnology (Primary),Public Company,Common Stock,37.4,3.83,0.044,0.012,0.038,3.23,1.74,-2.04,22,0.005,,,,-0.62,,,,,,,,,,,,,,,13.63,17.25,2.99,Biotechnology,"AntriaBio, Inc., a preclinical stage company, focuses on developing novel therapeutic products for the diabetes market.",Healthcare,2010,29,0,-8.67,-8.74,-12.2,8.59,1.18,10.7,0.222,7.82,0.336,,8.12,0.701,1.71,0.147,0.034,0.003,0.003,0.003,0.011,-8.74,-3.45,0.008,,-12.2,,,-0.8,-0.8,-0.5,-0.802,-0.802,,,0.076,0.067,,,,0.875,,1.15,,,,,,0.336,0.393,0.381,0.37,0.359,0.262,0.02,,,,15.9,-0.325,1.28,-0.808,,,-0.224,0.147,,3.94,,7.82,1.7,,United States,,-4.91,-9.73,0,,25,IQ177932577,,0.16,,4,0.9,-0.575,3.73,,1.15,,,-4.4,0,58.6,,,,,5,8.73,1.86,0.477,1.67,0.664,0.135,4.34,3.61,1,,,,,,,,,-0.318,-0.393,,-6.38,,,,,,,-0.401,-0.59,,-8.2,,,,
Cadus Corp. (OTCBB:KDUS),OTCBB:KDUS,NA,NA,0,-0.02826666666666667,-0.0208274231678487,NA,NA,0,0,23.2,29.999999999999996,-0.881,-0.848,0,NA,NA,NA,NA,NA,0.7733333333333334,NA,0,NA,0.09859154929577464,NA,1,NA,NA,NA,0,Biotechnology (Primary),Public Company,Common Stock,35.5,73.28,0.031,0.007,0.047,0.345,0.145,0.196,26.3,0.027,,,,,,,,,,,,,,,,,,,,6.44,,Biotechnology,"Cadus Corporation focuses on real estate acquisition, renovation, and construction activities in Florida, the United States.",Healthcare,1992,23.2,0,-0.794,-0.848,-0.881,12.3,,42.5,0,42.3,,,0.595,,,,,,,,0.054,-0.848,,0.009,,-0.839,0.042,,-0.051,-0.051,-0.03,-0.051,-0.051,,,29.9,,,,,,,,,,,,,,,,,,,29.8,,,,20.5,,,,,,,,,,,42.3,1.35,,United States,,-0.364,-0.488,,,50,IQ348374,,0.31,,1.89,1.3,-0.199,0,,22.3,,,22.6,0.014,93.6,,,,,,42.3,22.4,,0.009,,0.013,,,1,,,-0.672,-0.712,-0.696,-0.544,-0.544,-0.516,-0.382,-0.402,-0.445,-0.45,-0.394,-0.041,0.446,-0.272,-1.27,-0.276,-0.401,-0.503,-0.87,-0.488,,,,
"Biocept, Inc. (NasdaqCM:BIOC)",NasdaqCM:BIOC,-102.25563909774435,-97.81954887218046,0,-1.1427316644707952,NA,NA,NA,NA,0.2532675483032293,40.161702717275965,11.384999999999998,-15.010000000000002,-13.010000000000002,11.531702717275966,NA,NA,NA,301.96768960357866,NA,3.527597954964951,NA,12.065999999999999,NA,NA,NA,1,NA,NA,NA,6.621702717275966,Biotechnology (Primary),Public Company,Common Stock,34,2.44,0,0.001,,0.169,0.362,,16,0.814,,40,,-1.09,,,,,,,,,,,,402.4,,,1.26,18.86,0.075,Biotechnology,"Biocept, Inc., a cancer diagnostics company, develops and commercializes proprietary circulating tumor cell (CTC) and circulating tumor DNA tests utilizing a standard blood sample.",Healthcare,1997,33.6,0.133,-13.6,-13.9,-15.9,5.37,0.662,6.59,4.91,-0.221,0.395,,7.34,,4.5,4.14,3.8,3.39,3.09,3.63,,-13.9,-1.79,,,-15.9,0.002,,-3.97,-3.97,-2.48,-3.97,-3.97,,0.011,0.189,0.063,5.27,4.61,,0.641,,0.001,4.82,,,,-0.618,0.855,1.43,1.39,1.35,1.31,1.27,4.22,,,,17.4,-2.56,5.47,,,,-0.982,-0.082,-0.001,12.2,43,-0.221,2.13,1.27,United States,0.133,-13.6,-15.9,6.7,,11.11,IQ1316052,1314.6,0.44,,8.29,1.09,-2.04,7.4,,0.069,,0.007,-12.5,1.84,79.9,,0,99.3,6.55,43,5.9,0.97,1.54,2.24,2.14,1.27,0.906,6.29,3,0.133,United States: .1 (100.0%),,,,,,,,-12.3,-10.5,-7.94,,,,,,,,-13.6,-12.3,-9.23,,,0.133,"Develops and Commercializes Proprietary Circulating Tumor Cell, or CTC, and Circulating Tumor DNA, or Ctdna, Tests Utilizing a Standard Blood Sample: .1 (100.0%)"
"Protea Biosciences Group, Inc (OTCBB:PRGB)",OTCBB:PRGB,-5.576271186440677,-5.902824858757061,0,-0.9505959421344734,NA,NA,NA,NA,0.19435598985662314,41.010392392595016,10.991000000000001,-11.248,-10.447999999999999,8.03339239259502,NA,NA,NA,23.169713216155376,NA,3.7312703477931954,NA,9.214,NA,0.03753753753753754,NA,1,NA,NA,NA,0.37339239259502127,Biotechnology (Primary),Public Company,Common Stock,33.3,0.03,0.003,0.003,,0.893,0.893,,66.6,0.008,,,,-0.09,,,,,,,,,,,,35.4,,,4.58,65.01,3.23,Biotechnology,"Protea Biosciences Group, Inc., a molecular information company, develops and commercializes proprietary life science technologies, products, and services to identify the molecules that are produced by living cells and various life forms.",Healthcare,2001,40.6,1.77,-9.87,-10.7,-11.5,0.323,2.96,4.03,7.66,-5.56,0.414,,8.74,,3.23,2.93,2.99,3.03,3.17,2.77,,-10.7,-0.745,0.027,,-11.5,,,-0.169,-0.169,-0.117,-0.169,-0.169,,0.274,0.161,,8.52,5.56,,1.25,4.68,0.204,1.82,,0,,44.5,0.004,,0.005,0.047,0.172,0.172,-0.288,,,,0.014,-1.66,4.41,,0.523,,0.811,0.304,-0.06,8.33,40,-5.56,0.5,0.371,United States,1.77,-9.87,-11.5,4.2,,22.22,IQ7923871,134.8,0.16,,5,0.2,0.896,5.98,,1.09,,,-3.01,0.005,30.4,,47.8,3.52,0.664,40,0.931,2.51,0.759,0.98,0.713,0.371,7.02,,1,1.77,United States: 1.8 (100.0%),,,,,,,-9.25,-10.8,-8.98,-10.3,,,,,,,-9.58,-11.5,-9.53,-11.4,,,1.77,"Developing and Commercializing Proprietary Life Science Technologies, Products and Services: 1.8 (100.0%)"
"Nuo Therapeutics, Inc. (OTCPK:NUOT)",OTCPK:NUOT,-1.7833698030634573,-1.9207877461706784,0,-5.2531418312387785,-2.2078048780487807,0.23399999999999999,NA,0.11137865737983366,0.04569028061373477,13.74166619691188,3.3420000000000005,-27.156000000000002,-17.556,1.5416661969118728,NA,NA,NA,1.5034645729662885,NA,4.111809155269862,NA,10.79,NA,0.3183229813664596,NA,1,NA,NA,NA,1.2896661969118728,Biotechnology (Primary),Public Company,Common Stock,32.2,9.49,0.027,0.002,0.029,0.847,0.224,-1.11,124.4,0.263,,,,-0.128,,,,23.4,,,,33.2,,,,17.9,,,9.79,18.12,0.184,Biotechnology,"Nuo Therapeutics, Inc., a biomedical company, provides biodynamic therapies for wound care.",Healthcare,1987,12.4,9.14,-16.3,-17,-26.6,20,0.757,60.3,0.252,12.3,0.36,,15.4,,3.3,3.58,3.85,3.8,3.98,4.07,,-17,-2.94,,,-26.6,0.018,,-0.23,-0.23,-0.116,-0.23,-0.23,,0.237,0.545,1.15,,,1.13,1.67,,2.93,0.252,,,,-10.5,,,0.34,0.36,0.36,0.36,1.17,,,,4.22,-6.65,35,,,,1.92,1.26,0.257,1468,,12.3,0.259,,United States,11.4,-15.6,-20.2,16.9,,15.38,IQ415042,31.2,0.28,,0.673,0.165,1.67,6.1,,4.64,1.13,,30.4,0.041,20.3,40,40.9,80,0.438,40,25.7,10.5,3.04,1.22,3.41,0.324,8.52,1.19,1,7.43,"United States: 6.1 (82.3%);
Outside The United States: 1.3 (17.7%)",-8.24,-7.35,-3.9,-5.35,-3.84,-3.28,-5.34,-3.51,-12.4,-16.7,-8.19,-6.41,-2.01,-5.04,-7.66,-3.26,-6.82,-3.51,-19.8,-20.2,,,9.14,Innovative Cell-Based Technologies: 9.1 (100.0%)
"Harvard Apparatus Regenerative Technology, Inc. (NasdaqCM:HART)",NasdaqCM:HART,-115.05376344086021,-114.08602150537634,0,-0.6727964489537095,-1.6348228043143296,NA,NA,0,0,26.43,15.770000000000001,-10.61,-10.61,0,NA,NA,NA,284.19354838709677,NA,1.6759670259987316,NA,14.55,NA,1.6719242902208202,NA,1,NA,NA,NA,0,Biotechnology (Primary),Public Company,Common Stock,31.7,30.97,0.004,0.003,,0.46,0.489,,10.1,0.093,,,,,,,,,,,,,,,,,,,,12.14,4.76,Biotechnology,"Harvard Apparatus Regenerative Technology, Inc., a clinical stage biotechnology company, is engaged in the development and commercialization of regenerated organs for human transplant.",Healthcare,2009,26.4,0.093,-10.7,-11.1,-11.1,5.27,1.38,7.2,0,6.49,1.16,,5.98,,5.12,4.91,4.57,4.62,4.56,4.49,,-11.1,,,,-11.1,,,-1.41,-1.41,-0.884,-1.41,-1.41,,,,0.556,,,,,,0.71,,,,,322.7,,,,,,,-0.14,,,,0.418,,,,,,,,,,,6.49,3.15,,United States,0.093,-10.7,-11.1,,,20,IQ225135533,,0.57,,10.82,1.85,0.045,0,,14,,,14.6,0.212,73.8,,,,0.125,,5.83,14.5,0.244,0.161,0.09,,,,3,0.093,United States: .1 (100.0%),,,,,,-0.698,-1.35,-3.75,-6.71,-8.82,,,,,,-0.698,-1.35,-3.75,-6.71,-8.82,,,0.093,Development and Commercialization of Regenerated Organs for Human Transplant: .1 (100.0%)
"Plandaí Biotechnology, Inc. (OTCPK:PLPL)",OTCPK:PLPL,-44.63687150837989,-45.56983240223464,0,-0.8415004023356097,NA,NA,NA,NA,0.3516114703989071,47.80521070909632,9.6934,-13.187,-8.157,17.13621070909632,NA,NA,NA,267.06821625193476,NA,4.93172784668912,NA,0.024399999999999998,NA,0.10284810126582278,NA,1,NA,NA,NA,1.73621070909632,Biotechnology (Primary),Public Company,Common Stock,31.6,0.016,0.041,0,0.081,1.99,-0.482,-15.9,134.3,0.229,,,,,,,,,,,,,,,,129.8,,,,97.68,46.29,Biotechnology,"Plandaí Biotechnology, Inc. focuses on the production of proprietary botanical extracts for the nutriceutical and pharmaceutical industries.",Healthcare,,44.6,0.179,-7.99,-8.17,-13.2,0.931,9.61,10.9,15.4,-4.8,1.58,,7.42,,0.014,0.014,0.014,-0.023,,,0.182,-8.17,-0.663,,,-13.4,,,-0.103,-0.103,-0.04,-0.103,-0.103,,0.012,0.003,0.195,9.92,0.314,,0.149,,0.017,6.56,-1.41,,,-48.7,,0.39,0.39,0.39,0.39,0.39,2.27,,,,0.917,0,3.9,,,0,-0.005,0.001,-0.005,3.6,,-3.39,0.235,,United States,0.266,-7.31,-15.1,,,66.67,IQ143426972,,0.10,,1.17,0.19,-0.575,12.1,-1.21,0.132,,,-4.49,0.013,2.32,,0.139,93.9,1.95,100,1.14,0.142,0.21,0.014,2.13,0.543,,,1,,,,,,,,,,-0.257,-4.51,-3.55,,,,,,,,-0.191,-4.33,-5.2,,,0.179,"Farming of Whole Fruits, Vegetables and Live Plant Material and The Production of Proprietary Botanical Extracts: .2 (100.0%)"
"Cyclacel Pharmaceuticals, Inc. (NasdaqGM:CYCC)",NasdaqGM:CYCC,-12.890173410404625,-10.289017341040461,0,-0.383786114704614,-0.6820276497695852,0.0649,NA,0,0,6.900000000000002,46.38,-14.799999999999997,-17.799999999999997,0,NA,NA,NA,3.9884393063583827,NA,0.14877102199223807,NA,48.88,NA,1.5755627009646302,NA,1,NA,NA,NA,0,Biotechnology (Primary),Public Company,Common Stock,31.1,21.89,0.005,0,0.106,-0.789,0.101,2.59,34.4,0.385,,,,-0.96,,,,6.49,,,,344.4,,,,,,,,1.5,1.13,Biotechnology,"Cyclacel Pharmaceuticals, Inc., a development-stage biopharmaceutical company, develops and commercializes mechanism-targeted drugs to treat human cancers and other serious diseases.",Healthcare,1992,6.9,1.73,-22.3,-22.4,-19.4,24.2,0.387,29.4,0,21.7,,,5.89,,18.3,16.4,16,14,11.3,10.8,,-22.4,,0.006,,-22.6,-3.24,0.2,-0.892,-0.893,-0.645,-0.892,-0.893,,,,0.171,,,,2.79,,0.075,,,,,60,,,,,,,0.92,,,,,,,,,,,,,,,21.7,0.904,,United States,1.73,-22.3,-19.4,,,14.29,IQ125004,,0.43,,3.87,0.511,1.73,0,,31.1,,,28,0.196,80.3,,,,2.56,,29,35.2,2.55,3.83,1.12,,,,3,,,-23,-20.8,-33.4,-31.5,-33.7,-16.2,-15.1,-15.7,-15.1,-18,-22.7,-18,-29.3,-24.1,-40.4,-19.6,-16,-15.2,-13.2,-10.2,,,1.79,"Discovery, Development and Commercialization of Novel, Mechanism Targeted Drugs to Treat Cancer and Other Serious Disorders: 1.8 (100.0%)"
"OXiGENE, Inc. (NasdaqCM:OXGN)",NasdaqCM:OXGN,NA,NA,0,-0.5635896289673668,-0.34434482758620694,NA,NA,0,0,-0.6000000000000014,17.896000000000004,-9.986,-10.085999999999999,0,NA,NA,NA,NA,NA,-0.03352704514975421,NA,18.896000000000004,NA,4.549319727891157,NA,1,NA,NA,NA,0,Biotechnology (Primary),Public Company,Common Stock,29.4,12.38,0.021,0,0.08,0.609,0.026,2.07,20.7,0.496,,,,-0.75,,,,,,,,,,,,,,,,5.94,0.107,Biotechnology,"OXiGENE, Inc., a clinical-stage biopharmaceutical company, develops therapeutics primarily to treat cancer.",Healthcare,1988,-0.629,0,-12.5,-12.7,-12.6,30,,30.4,0,29,,,5.24,,7.41,6.92,5.85,4.28,3.64,3.29,,-12.7,,0.006,,-12.6,,,-0.745,-0.745,-0.466,-0.745,-0.745,,,,,,,,1.42,,,,,,,,,,,,,,-0.01,,,,,,,,,,,,,,,29,1.42,,United States,,-12.5,-12.6,0.1,,6.67,IQ351216,,0.31,,3.92,1.34,,0,,7.01,,,6.04,0.535,88.1,,,,0.1,,30.3,7.17,0.476,0.775,,,,,1,,,-10.5,-13,-17.4,-22.3,-25.9,-31.2,-18,-10.7,-8.06,-8.28,-10,-11.9,-15.5,-20.4,-21.4,-24.7,-23.8,-9.65,-8.08,-8.28,,,,
"Xenetic Biosciences, Inc. (OTCPK:XBIO)",OTCPK:XBIO,NA,NA,0,-0.5481746234363033,-0.8882857142857142,NA,NA,0.06619891314292876,0.03435101735480154,24.05248629825471,19.585,-12.436,-10.736,0.9924862982547134,NA,NA,NA,NA,NA,1.2281075465026658,NA,10.030000000000001,NA,0.01792114695340502,NA,1,NA,NA,NA,0.5974862982547133,Biotechnology (Primary),Public Company,Common Stock,27.9,,0.028,0.007,0,1.74,1.06,-0.156,136.1,0.014,,,,,,,,,,,,,,,,,,,63.2,10.89,8.2,Biotechnology,"Xenetic Biosciences, Inc., a clinical stage biopharmaceutical company, focuses on the discovery, development, and planned commercialization of human drug therapies for the treatment of various conditions.",Healthcare,,23.5,0,-11.7,-11.8,-13.5,4.84,0.137,19.3,0.395,14,0.11,,7.91,,3.95,3.08,3,3.06,2.96,2.33,,-11.8,-0.004,0.019,,-13.5,,,-0.103,-0.103,-0.057,-0.103,-0.103,,,,0.066,0.584,0.447,3.6,0.761,0.395,0.043,,,,,-100,0.009,0.107,0.114,0.153,0.149,0.137,,,,,10.1,-0.286,,-0.54,,0.044,0.237,,-0.156,0.937,,14,0.205,,United States,1,-8.56,-8.58,,,26.67,IQ23143993,,0.33,,1.09,0.175,0,0,,8.72,3.89,,20,0.002,25.9,,,100,,,5.36,9.07,1.69,,,0.281,5.64,0.474,3,,,,-0.196,-3.77,-6.84,-5.63,-5.88,-3.02,-4.4,-5.15,-8.61,,-0.193,-3.67,-6.54,-5.04,-5.58,-3.02,-4.17,-6.33,-8.58,,,,
"Genspera, Inc. (OTCPK:GNSZ)",OTCPK:GNSZ,NA,NA,0,-0.8157174832131311,-67.5257731958763,NA,NA,0.6045162302022895,0.0053626948411014735,25.32826923076923,8.042,-6.550000000000001,-6.5600000000000005,0.14826923076923076,NA,NA,NA,NA,NA,3.149498785223729,NA,10.16,NA,0.045454545454545456,NA,1,NA,NA,NA,0.04326923076923077,Biotechnology (Primary),Public Company,Common Stock,27.5,0.139,0.019,0.007,0.006,0.667,0.342,0.219,33.5,0.026,,,,-0.19,,,,,,,,,,,,,,,,17.48,7.35,Biotechnology,"GenSpera Inc., a development stage pharmaceutical company, focuses on the discovery and development of prodrug cancer therapeutics in the United States.",Healthcare,2003,25.3,0,-6.98,-7,-6.99,2.32,0.012,2.63,0.105,0.097,0.004,,3.31,,3.69,3.25,3.18,3.05,3.71,3.06,,-7,,0.004,,-6.99,,,-0.23,-0.23,-0.144,-0.23,-0.23,,,,,0.035,0.023,,0.989,0.105,,,,,,,,,,,,0.045,0.127,,,,4.1,,,,,,-0.093,,,,2,0.097,0.82,0.056,United States,,-6.98,-6.99,0,,42.86,IQ49371601,,0.28,,1.36,0.54,,0.105,,3.59,,,1.26,0.005,75.5,,100,,0.101,2,2.51,3.75,1.27,1.25,,0.056,8.69,1.65,1,,,,,-0.24,-0.684,-3.29,-3.51,-4.17,-6.32,-6.88,-6.4,,,-0.245,-0.691,-3.33,-5.13,-4.26,-5.71,-6.92,-5.3,,,,
Fennec Pharmaceuticals Inc. (OTCPK:FENC.F),OTCPK:FENC.F,NA,NA,0,NA,NA,NA,NA,NA,0,26.207,-2.8423999999999996,-2.9154,-2.9654,0,NA,NA,NA,NA,NA,NA,NA,0.9806000000000001,NA,NA,NA,1,NA,NA,NA,0,Biotechnology (Primary),Public Company,Common Stock,26.8,1.48,0.011,0.028,0.009,1.12,1.9,0.734,10.6,0.011,,,,,,,,,,,,,,,,,,,,11.84,0.384,Biotechnology,"Fennec Pharmaceuticals Inc., together with its subsidiaries, operates as a biopharmaceutical company with a portfolio of product candidates under development for use in the treatment of cancer.",Healthcare,1996,26.2,0,,-2.5,-2.45,0.593,,0.673,0,-3.23,,,2.22,,0.282,-0.031,0.451,0.597,1.07,1.65,,-2.5,,0,,-2.45,,,-0.227,-0.227,-0.142,-0.227,-0.227,,,,0.013,,,,0.364,,3.5,,,,,,,,,,,,0.844,,,,1.73,,,,,,,,,,,-3.23,2.52,,United States,,,1.85,,,20,IQ1455350,,0.20,,6.83,1.72,,0,,0.538,,,-4.13,0,29.2,,,,,1,0.673,0.64,0.315,0.065,4.39,,1.91,,1,,,-13.1,-14.2,-16.9,-14.2,-13.9,-3.33,-4.6,-3.44,-3.62,-1.93,-13.1,-13.9,-16.4,-13.4,-13.6,-3.01,-7.82,4.69,-5.16,1.85,,,,
"Nanosphere, Inc. (NasdaqCM:NSPH)",NasdaqCM:NSPH,-2.5034965034965033,-2.454545454545455,0,-0.46750133191262666,-1.3670411985018727,0.17800000000000002,NA,0.29100103095708596,0.291775820304605,16.458728948566225,75.08,-36.5,-35.10000000000001,10.958728948566227,NA,NA,NA,1.1509600663333024,NA,0.2192158890325816,NA,59.660000000000004,NA,5.310150375939849,NA,1,NA,NA,NA,1.1387289485662266,Biotechnology (Primary),Public Company,Common Stock,26.6,31.03,0.06,0.003,0.299,-1.87,-0.404,3.54,116.7,1.67,,,,-0.28,,,,17.8,,,,45.2,,,,78,,,,10.7,0.408,Biotechnology,"Nanosphere, Inc. develops, manufactures, and markets molecular diagnostic tests that can lead to earlier disease detection, optimal patient treatment, and enhanced healthcare economics.",Healthcare,1998,15.3,14.3,-35.8,-37.7,-39.1,21.1,5.07,42.4,9.82,26.7,2.53,,21.8,,21.7,19.3,18.8,18.8,18.6,20,,-37.7,-1.39,0.008,,-39.1,,,-0.467,-0.467,-0.292,-0.467,-0.467,,4.29,9.39,0.38,23.7,18.6,,1.83,,1.25,,,,,42.9,,,,0.214,0.509,0.497,0.997,,,,19.1,-2.08,,,,,0.108,-1.59,-1.56,12.2,169,26.7,0.228,0.7,United States,14.3,-35.8,-39.1,19.4,-31,7.69,IQ3698914,37.8,0.21,,2.28,0.217,-15.9,11.8,,41.5,,,43.1,0.565,89.3,,,100,1.71,169,35.1,53,1.96,1.31,1.13,0.7,5.33,3.29,1,14.3,United States: 14.3 (100.0%),-10.7,-16,-22.5,-33.8,-37.4,-33,-37.9,-35.5,-32.9,-33.7,-10.9,-15.9,-24.3,-53.2,-37,-33.9,-40.6,-35.4,-32.9,-34.6,,,14.3,"Develop, Manufacture and Market an Advanced Molecular Diagnostics Platform; The Verigene® System: 14.3 (100.0%)"
"Interleukin Genetics, Inc. (OTCPK:ILIU)",OTCPK:ILIU,-3.3535911602209945,-3.4713812154696133,0,-26.466722830665535,-1.3923008849557523,0.485,NA,0.5454068585704035,0.17313042619171348,19.82295687300865,0.23740000000000006,-6.2932,-6.2832,5.422956873008649,NA,NA,NA,10.951909874590413,NA,83.50023956616953,NA,2.4774000000000003,NA,0.02895752895752896,NA,1,NA,NA,NA,0.6829568730086482,Biotechnology (Primary),Public Company,Common Stock,25.9,0,0.005,0.008,0.053,1.02,0.961,1.36,172.7,0.036,,,,-0.04,,,,48.5,,,,10.9,,,,-14.1,,,30.87,1.18,0.658,Biotechnology,"Interleukin Genetics, Inc. focuses on the development and commercialization of personalized health products that help individuals to improve and maintain their health through preventive measures in the United States.",Healthcare,1986,19.2,1.81,-6.07,-6.33,-6.34,11.5,0.774,13.3,4.74,4.52,0.098,,5.77,,0.843,0.879,0.798,0.77,0.722,0.812,0.094,-6.33,-0.011,0.005,,-6.34,,,-0.051,-0.051,-0.032,-0.051,-0.051,,0.038,0.172,,2.97,2.2,,0.514,,,4.74,,,,-25.5,,,,0.082,0.326,0.321,0.164,,,,5.06,,5,,,,-0.322,0.019,-0.005,,,4.52,0.15,0.31,United States,1.81,-6.07,-6.34,1.58,,12.5,IQ369879,56.3,0.41,,0.46,0.053,0.375,0,,7.54,,,5.25,0.003,15.1,,,,0.125,,12.2,8.95,0.835,0.253,3.78,0.31,4.52,0.39,3,1.81,United States: 1.8 (100.0%),-6.7,-6.06,-6.53,-4.52,-6.99,-9.03,-6.2,-4.83,-4.67,-6.6,-7.25,-6.57,-6.95,-6.22,-6.65,-10.6,-5.99,-5.03,-5.12,-7.06,,,1.81,Genetic Test Business: 1.8 (100.0%)
Emergent Health Corp (OTCPK:EMGE),OTCPK:EMGE,-0.3014705882352941,-0.3014705882352941,0,-0.4812206572769952,-0.22101841820151677,NA,NA,0.022060333248174437,0.0008422457293055137,24.22382100591716,0.42600000000000005,-0.204,-0.205,0.02082100591715976,NA,NA,NA,35.62326618517229,NA,56.86342959135483,NA,0,NA,0.03036437246963563,NA,1,NA,NA,NA,0.02082100591715976,Biotechnology (Primary),Public Company,Common Stock,24.7,0.024,0.017,0.028,0.006,3.29,4.47,5.79,41.9,0.006,,,,,,,,,,,,29.2,,,,12.7,,,15.39,59.17,,Biotechnology,"Emergent Health Corp. develops and sells regenerative medicine, neutraceuticals, and phytonutritionals.",Healthcare,,24.2,0.68,-0.205,-0.205,-0.204,0.497,0.003,1.03,0,0.923,0.003,,0.675,0.15,,,,,,,,-0.205,,0.002,,-0.204,0,,-0.007,-0.007,-0.004,-0.007,-0.007,,,0.154,,0.003,,,0.003,,,,,,,,,,,,0.009,0.013,,,,,,,,-0.018,,,-0.023,0.053,,,7,0.923,0.59,,United States,0.99,0.19,0.121,,,20,IQ39261997,,0.21,,1.24,0.055,0.469,0.2,,0.974,,0,0.717,0.003,25.4,,,,,7,1.01,1.02,0.096,,0.007,0.012,,,1,0.68,United States: .7 (100.0%),,,,,-0.002,0.047,0.046,0.25,0.225,0.189,,,,,0,0.048,0.048,0.253,0.132,0.121,,,0.68,Vitamins & Nutrition Products: .7 (100.0%)
"Cellectar Biosciences, Inc. (NasdaqCM:CLRB)",NasdaqCM:CLRB,NA,NA,0,-0.4973627482456543,-0.7518181818181818,NA,NA,0.06116938529513219,0.034595443827135884,13.260044264906691,21.803,-9.924,-10.844000000000001,0.860044264906691,NA,NA,NA,NA,NA,0.6081752173969954,NA,19.740000000000002,NA,0.3229166666666667,NA,1,NA,NA,NA,0.3970442649066909,Biotechnology (Primary),Public Company,Common Stock,24,3.63,0.002,0.011,0,0.287,0.566,0.165,7.56,0.015,,,,,,,,,,,,,,,,,,,8.67,3.54,0.176,Biotechnology,"Cellectar Biosciences, Inc., a development stage biopharmaceutical company, develops compounds for the treatment and imaging of cancer.",Healthcare,2002,15,0,-10,-10.4,-9.48,11.6,2.11,15.7,0.463,13.2,0.03,,4.26,,6.12,6.72,6.99,6.86,6.53,5.72,,-10.4,-0.439,,,-9.48,,,-2.78,-2.78,-1.5,-2.78,-2.78,,,,0.055,,,1.68,1.14,,0.82,0.347,,,,,,,,0.106,0.158,0.163,2.63,,,-0.001,12.4,-0.62,4.62,0,,,-0.018,,,43,,13.2,3.17,,United States,,-10.9,-10.8,,,40,IQ37613299,,0.41,,9.2,1.76,,0.452,,5.11,1.68,,4.43,0.031,49.1,,,99.6,0.217,,11.9,5.5,1.16,,3.47,0.229,0.635,18.2,3,,,,,,,,-6.18,-4.14,-6.29,-8.88,-11.3,,,,,,-6.22,-4.56,-7.44,-8.8,-10.8,,,,
Regenerx Biopharmaceuticals Inc. (OTCPK:RGRX),OTCPK:RGRX,NA,NA,0,NA,NA,NA,NA,NA,0.021854792502250964,23.194,-1.1227999999999998,-2.2008,-1.3308,0.534,NA,NA,NA,NA,NA,NA,NA,0.7932,NA,0.27196652719665276,NA,1,NA,NA,NA,0,Biotechnology (Primary),Public Company,Common Stock,23.9,0.062,0.048,0.001,0.009,1.41,0.395,-1.27,101.3,0.066,,,,,,,,,,,,,,,,,,,26.57,13.99,1.41,Biotechnology,"RegeneRx Biopharmaceuticals, Inc., a biopharmaceutical company, focuses on the discovery and development of molecules for tissue and organ repair.",Healthcare,1982,23.2,0,-1.36,-1.36,-2.23,1.24,0.013,1.32,0.534,-1.21,0.012,,1.03,,0.338,0.257,0.172,0.189,0.354,0.572,,-1.36,-0.183,0,,-2.23,,,-0.025,-0.025,-0.016,-0.025,-0.025,,,,,0.097,0.084,,0.314,,,0.235,,,,-100,,,,,,,0.218,,,,2.5,,0.055,,,,-0.228,,0,36.3,,-1.21,0.236,,United States,0.029,-0.909,-0.671,,,12.5,IQ249088,,0.26,,0.375,0.101,-0.338,0.401,,0.177,,,-1.62,0.026,59.4,,218.7,,0.008,5,1.3,0.191,0.542,0.053,,0.101,6,1.02,1,,,-3.34,-5.67,-8.79,-11.8,-10.8,-6.51,-5.03,-6.01,-0.841,-0.914,-3.33,-5.46,-8.27,-11.2,-10.6,-6.49,-5.02,-6.01,-0.847,-0.671,,,,
"diaDexus, Inc. (OTCPK:DDXS)",OTCPK:DDXS,0,-0.2459003831417625,0,-0.32420691048696715,-9.347517730496456,NA,NA,0.9590056224121175,0.4839937342406384,25.990976331360947,19.796,-7.908000000000001,-6.418000000000001,19.790976331360945,NA,NA,NA,0.9958228479448639,NA,1.3129408128592113,NA,19.150000000000002,NA,0.41469194312796204,NA,1,NA,NA,NA,5.090976331360947,Biotechnology (Primary),Public Company,Common Stock,21.1,3.87,0.001,0.002,0.012,-0.153,-0.338,0.677,56.9,0.158,,30,,-0.13,,,,,,,,17,,,,16.8,,,1.93,11.4,0,Biotechnology,"diaDexus, Inc., a life sciences company, focuses on the development and commercialization of cardiovascular diagnostic products addressing needs in cardiovascular disease.",Healthcare,,20.9,26.1,,-6.98,-8.47,14.9,0.637,22.3,14.7,0.846,0.211,,19.7,,6.35,6.46,6.73,6.63,4.71,4.41,,-6.98,-1.56,0.003,,-8.45,0.015,,-0.153,-0.153,-0.096,-0.153,-0.153,,4.1,0.578,,3.5,2.87,,1.02,,2.08,13.8,,,,6.66,,,,,2.74,2.66,-0.528,,,,0.485,-10,15,,,,0.431,-0.211,-1.08,11.1,41,0.846,0.37,1.8,United States,26.1,,-8.47,23.2,-7.6,16.67,IQ130691,,0.25,,1.15,0.281,19.1,9.81,,16.8,,,7.52,0.035,55.7,,,101.7,7.98,41,20.1,21.2,0.611,1.64,1.54,1.8,10.8,0.45,1,26.4,"United States of America: 26.0 (98.6%);
Europe: .3 (1.1%);
Rest of The World: .1 (.3%)",,,,,-8.97,-4.68,-8.6,-7.85,-2.31,-2.02,,,,,-9.56,-5.28,-8.45,-7.48,-2.79,-2.16,,,26.1,Vitro Diagnostic Products: 26.1 (100.0%)
ImmuCell Corp. (NasdaqCM:ICCC),NasdaqCM:ICCC,0.15921052631578947,0.1851315789473684,0,0.0884127183611914,0.051864035087719314,0.0747,0.11699999999999999,0.09685086155674391,0.04490770502341812,21.778000000000002,15.913999999999998,0.4730000000000001,1.4069999999999998,0.978,NA,NA,43.97463002114164,2.865526315789474,15.478322672352526,1.3684805831343474,17.99834710743802,5.815999999999999,6.424188790560472,0.14423076923076922,NA,1,NA,NA,NA,0,Biotechnology (Primary),Public Company,Common Stock,20.8,8.51,0.018,0.011,0.006,0.648,0.439,-0.307,3.03,0.004,,,,,,20.3,11.7,7.47,,,,11,,,,14.1,,,,28.24,5.16,Biotechnology,"ImmuCell Corporation develops, acquires, manufactures, and sells products that enhance animal health and productivity in the dairy and beef industries in the United States and internationally.",Healthcare,1982,17.6,7.6,1.21,0.767,-0.167,,,,0.978,9.12,,,2.48,,2.18,2.04,1.97,1.48,1.15,1.06,,0.767,,,,-0.255,-0.088,,-0.055,-0.055,0.148,-0.06,-0.06,,,,,,,,,,,,,,206,26.5,,,,,,,,,,,,,,,,,,,,,34,9.12,6.87,,United States,7.6,1.21,-0.167,,,28.57,IQ29789,,0.25,,7.22,3.3,4.45,1.12,,2.27,,,9.4,0.012,71.8,,,,,34,,7.27,0.152,0.293,,,,,1,,,0.121,0.938,0.771,0.872,-1.17,-0.53,-0.69,-0.633,0.245,-0.02,0.144,0.708,0.647,0.662,-0.469,-0.216,-0.385,-0.41,0.09,0.117,,,7.6,"Development, Acquisition, Manufacture and Sale of Products That Improve Animal Health and Productivity in The Dairy and Beef Industries: 7.6 (100.0%)"
"Panther Biotechnology, Inc. (OTCPK:PBYA)",OTCPK:PBYA,0.13586956521739132,0.125,0.42200000000000004,1.0226153846153847,0.21311475409836064,NA,NA,0,0,20.752000000000002,0.012999999999999998,0.013,0.023,0,1600.0000000000002,1596.3076923076926,1600.0000000000002,112.78260869565219,902.2608695652175,1596.3076923076928,830.08,0,830.08,0.2283653846153846,0.023,1,0.01,0.013,20.8,0,Biotechnology (Primary),Public Company,Common Stock,20.8,1.05,0.056,0.056,,4.08,4.08,,4.66,0.003,,,,,,,,,,,,,,,,,,,,82.84,,Biotechnology,"Panther Biotechnology, Inc. focuses on the acquisition and development of small molecule therapeutics for the treatment of leukemia, lymphoma, and myeloma.",Healthcare,,20.7,0.184,0.025,0.023,0.013,0.048,0.006,0.09,0,0.061,0.004,,0.124,,,,,,,,0.001,0.023,,,,0.023,0.01,,0.003,0.003,0.003,0.003,0.003,42.2,0.025,,,0.009,0.003,,0.017,,,,,,,262.2,,,,,,,-0.003,,,,0.021,,,,,,0.012,,-0.027,,,0.061,4.46,,United States,0.073,-0.006,-0.007,,,14.29,IQ226927758,,0.20,,31,1.85,0.148,0,,0.024,,,0.028,0.019,17.2,,,,,,0.084,0.029,0.005,,,,,,1,,,,,,,,,,,0.004,-0.011,,,,,,,,,0.003,-0.01,,,,
"Islet Sciences, Inc. (OTCPK:ISLT)",OTCPK:ISLT,NA,NA,0,-3.1486930662075436,NA,NA,NA,NA,0.0026298814072346546,20.004,1.2778,-3.9033999999999995,-4.0234,0.053,NA,NA,NA,NA,NA,15.655032086398498,NA,1.8208,NA,0.22388059701492535,NA,1,NA,NA,NA,0,Biotechnology (Primary),Public Company,Common Stock,20.1,4.17,0.005,0.006,0,1.01,-1.54,-0.151,66.9,0.038,,,,,,,,,,,,,,,,,,,,49.64,1.34,Biotechnology,"Islet Sciences, Inc., a biotechnology company, is engaged in the research, development, and commercialization of new medicines and technologies for the treatment of metabolic diseases and related indications covering unmet medical needs.",Healthcare,2010,20,0,-2.17,-2.18,-2.06,0.149,,3.66,0.053,-0.447,,,2.18,,0.039,-0.027,0.689,2.07,2.81,3.87,,-2.18,-0.008,,,-2.06,,,-0.032,-0.032,-0.022,-0.032,-0.032,,,,0.022,,,2.11,3.36,0.053,,,,,,,,,,,,,0.612,,,-0.03,1.95,-0.067,0.007,,,,-0.024,,,5.41,,-0.447,0.3,,United States,,-2.83,-2.95,,,40,IQ140901761,,0.20,,0.51,0.09,,0.112,,0,2.11,,-1.27,0.018,50.4,,100,,,4,0.18,0.002,3.51,0.487,0.09,,3,0.265,1,,,,,,,,,,-1.59,-11.9,-4.89,,,,,,,,-1.96,-13.5,-3.94,,,,
"Matinas BioPharma Holdings, Inc. (OTCPK:MTNB)",OTCPK:MTNB,NA,NA,0,-0.7460358608770793,-1.4582736842105264,NA,NA,0.1667244791050998,0.04536408232121368,15.940395464514205,9.258000000000001,-6.9268,-6.9068000000000005,0.9503954645142041,NA,NA,NA,NA,NA,1.7217968745424719,NA,9.518,NA,0.2375,NA,1,NA,NA,NA,0.9503954645142041,Biotechnology (Primary),Public Company,Common Stock,20,4.69,,,,,,,32.3,0.028,,,,-0.28,,,,,,,,,,,,,,,5.3,0.364,,Biotechnology,"Matinas BioPharma Holdings, Inc., a development stage biopharmaceutical company, focuses on identifying, developing, and commercializing pharmaceutical products for the treatment of dyslipidemia and cardiovascular disease.",Healthcare,2011,15,0,-8.91,-8.96,-8.98,5.01,0.358,5.79,0,4.75,0.354,,4.97,,3.99,3.66,2.79,1.76,1.11,0.364,,-8.96,,,,-8.98,,,-0.282,-0.282,-0.176,-0.282,-0.282,,,,,0.424,0.066,,0.212,,,,,,,,0.556,,0.161,0.158,0.155,0.127,-0.441,,,-3.09,,0,,,,,-0.049,,,,,4.75,0.62,,United States,,-3.71,-3.71,0.6,,11.11,IQ243651290,,0.28,,1.35,0.31,,0,,12.6,,,12.1,0.019,94.3,,,,,,5.12,12.6,0.261,0.241,,,3.16,0.94,1,,,,,,,,,,-0.004,-0.116,-3.71,,,,,,,,-0.004,-0.116,-3.71,,,,
NanoAntibiotics Inc. (OTCPK:NNAB),OTCPK:NNAB,NA,NA,0,NA,-7.521739130434782,NA,NA,0.26001515331001984,0.0008411374708134155,18.928163435110545,-0.1568,-0.346,-0.346,0.016163435110546118,NA,NA,NA,NA,NA,NA,NA,0.0852,NA,NA,NA,1,NA,NA,NA,0.016163435110546118,Biotechnology (Primary),Public Company,Common Stock,19.2,,0,0,,0.078,0.078,,87.2,0.008,,,,,,,,,,,,,,,,,,,,50.3,9.75,Biotechnology,"NanoAntibiotics, Inc., a developmental stage biotechnology company, discovers, develops, and commercializes various broad spectrum antibiotics for gram-negative and gram-positive bacterial infections in the United States.",Healthcare,2013,18.9,0,,-0.351,-0.351,0.288,,0.293,0,0.046,,,0.328,,0.023,0.041,0.049,,,,,-0.351,,0,,-0.351,,,-0.004,-0.004,-0.003,-0.004,-0.004,,,,,,,,0.005,,,,,,,,,0.002,0.004,0.004,0.004,0.004,,,,,,,,,,,0.005,,,,,0.046,0.22,,United States,,,-0.322,,,100,IQ242387715,,0.16,,0.55,0.1,,0,,0.407,,,0.39,0,49.7,,,,,2,0.293,0.407,,0.017,,,,,,,,,,,,,,,,,,,,,,,,,,,,,,,
Epicore BioNetworks Inc. (TSXV:EBN),TSXV:EBN,0.26153846153846155,0.279978021978022,0.41200000000000003,0.23115358740935044,0.21646276595744685,0.195,0.297,0.17069635247712145,0.07682451465238567,17.467848697473073,6.480999999999999,1.6278000000000001,2.5478,1.5478486974730696,13.576642335766424,11.680117388114454,11.42646516771102,1.919543812909129,6.8560517691628355,2.695239731133016,7.3394322258290225,1.187,5.941445135194923,2.1102150537634405,2.32,1,0.956,1.37,18.6,1.0938486974730697,Biotechnology (Primary),Public Company,Common Stock,18.6,2.81,0.036,0.024,0.034,1.12,1.21,1.43,26,0.024,,,,,29.8,34.7,29.7,19.5,40,47,44.6,23.5,35.7,28.8,28.4,17.9,56.7,57.4,,26,1.73,Biotechnology,"Epicore BioNetworks Inc. designs, develops, and manufactures biotechnology products and specialty animal feeds worldwide.",Healthcare,1987,16.5,9.1,2.38,2.29,1.37,2.68,2.66,8.79,0.454,7.52,0.676,,2.71,,0.56,0.324,0.305,0.324,0.276,0.282,0.004,2.29,,0.007,,2.32,0.956,,0.056,0.056,0.059,0.056,0.056,41.2,2.02,1.04,0.348,3.59,0.934,,0.754,,,0.434,,,53.9,40.8,0.33,,0.233,0.234,0.235,0.237,0.892,,,-0.01,0.091,-0.016,,,,,0.39,0.005,-0.733,,,7.52,0.716,,United States,7.62,2.11,1.17,,,20,IQ3109927,,0.10,,0.755,0.239,5.57,0.476,,2.64,,,6.08,0.157,59.4,,97.9,,0.944,,6.14,5.11,0.349,,0.24,,1.69,0.169,1,9.1,"Latin America: 6.5 (71.7%);
Asia: 1.4 (15.5%);
Rest of World: .4 (4.3%);
United States of America: .8 (8.6%)",0.117,0.148,0.419,0.456,0.82,0.334,0.649,1.07,0.898,1.46,0.1,0.145,0.385,0.331,0.666,0.254,1.3,0.547,0.489,0.872,,,9.1,"Aquaculture: 9.0 (99.4%);
Municipal: .0 (.3%);
Agriculture: .0 (.4%)"
"Immune Therapeutics, Inc. (OTCPK:IMUN)",OTCPK:IMUN,NA,NA,0,-1.2685994117732284,-6.4,NA,NA,0.020387476124324528,0.015314698384523644,18.830283682294038,69.021,-88.96000000000001,-87.56,0.28928368229403734,NA,NA,NA,NA,NA,0.2728196300009278,NA,55.08,NA,0.8736559139784945,NA,1,NA,NA,NA,0.18928368229403733,Biotechnology (Primary),Public Company,Common Stock,18.6,0.009,0.006,0.008,0.052,-0.996,-1.06,-4.94,132.9,0.184,,,,,,,,,,,,,,,,,,,0.154,20.54,2.72,Biotechnology,"Immune Therapeutics, Inc. focuses on the development and commercialization of therapeutic treatments for cancer, HIV/AIDS and autoimmune diseases, and immune disorders in the United States.",Healthcare,,18.7,0,-77.9,-80.8,-82.2,0.059,0.005,16.6,0.1,13.9,0.044,,64.9,,13,19.1,23.2,22,20.4,14.1,2.88,-80.8,-0.715,,,-82.2,,,-1.01,-1.01,-0.586,-1.01,-1.01,,,,,0.008,0.003,,1.8,0.1,,,,,,,,,,0.006,0.07,0.124,-1.15,,,,4.18,-0.1,1.31,-0.057,,,1.31,,,44.6,,13.9,0.14,,United States,,-93.1,-106.1,,,22.22,IQ206968409,,0.20,,0.95,0.065,,1.05,,0.208,,,17,0.065,79.3,,80.6,19.4,,14,0.108,0.253,0.63,0.655,0.185,0.089,,,1,,,,,,,,,,0,-55.1,-96,,,,,,,,-0.126,-175,-106.1,,,,
"Burzynski Research Institute, Inc. (OTCPK:BZYR)",OTCPK:BZYR,NA,NA,0,-0.42941117863903555,NA,NA,NA,NA,0.00463689457485951,18.483716317705962,10.036999999999999,-4.31,-4.31,0.08571631770596268,NA,NA,NA,NA,NA,1.8415578676602535,NA,10.149999999999999,NA,NA,NA,1,NA,NA,NA,0.08571631770596268,Biotechnology (Primary),Public Company,Common Stock,18.4,,0,0,0.024,0.261,0.325,2.53,131.4,0.023,,,,,,,,,,,,,,,,,,,0.095,81.01,80.92,Biotechnology,"Burzynski Research Institute, Inc. operates a research and development facility of Antineoplaston drugs being tested for use in the treatment of cancer.",Healthcare,1977,18.4,0,-3.1,-3.1,-3.1,0.002,0.002,0.004,0,-0.111,,,0.169,,2.93,3.21,3.53,3.96,4.75,5.25,0.001,-3.1,,,,-3.1,,,-0.024,-0.024,-0.015,-0.024,-0.024,,,,,0.022,0.021,,0.091,,,,,,,,,,,0.02,0.035,0.037,0.08,,,,0.417,,,,,,-0.072,,,,,-0.111,0.14,,United States,,-4.27,-4.27,,,25,IQ3103438,,0.13,,0.5,0.03,,0,,0,,,-0.193,0,18.8,,,,0.13,2,0.002,0,0.163,0.032,,0.36,,,3,,,-4.96,-4.88,-4.33,-4.28,-5.19,-4.74,-5.1,-6.37,-7.04,-4.94,-4.96,-4.83,-4.33,-4.28,-5.19,-4.74,-5.1,-6.37,-7.04,-4.94,,,,
Advanced Proteome Therapeutics Corporation (TSXV:APC),TSXV:APC,NA,NA,0,-0.7554003363083688,-3.8237288135593217,NA,NA,0.38105229180116207,0.009934318209550578,17.451615384615387,1.5462000000000002,-1.128,-1.168,0.1816153846153846,NA,NA,NA,NA,NA,11.286777509129081,NA,1.9342000000000001,NA,0.08287292817679558,NA,1,NA,NA,NA,0.03461538461538461,Biotechnology (Primary),Public Company,Common Stock,18.1,,0.02,0.001,0.021,0.735,-0.325,1.5,108.6,0.033,,,,,,,,,,,,,,,,,,,,0.671,0.046,Biotechnology,"Advanced Proteome Therapeutics Corporation, through its subsidiary, Advanced Proteome Therapeutics Inc., operates as a biotechnology company.",Healthcare,,16.6,0,-1.21,-1.24,-1.2,0.83,0.052,0.894,0.147,0.295,0.003,,1.14,,0.678,0.648,0.649,0.575,0.592,0.566,0.022,-1.24,-0.007,0.001,,-1.43,,,-0.012,-0.012,-0.006,-0.012,-0.012,,,,,0.527,0.475,,0.036,0.147,,,-1.03,,,,,,,,,0.036,-0.027,,,,1.66,,,,,,0.033,,,4.83,,1.33,0.167,,United States,,-0.961,-1.15,,,20,IQ30968071,,0.16,,0.254,0.072,-0.076,0.162,-0.81,0.193,,,0.134,0.006,99.3,,,,0.035,,0.842,0.198,0.052,0.214,,0.087,7.04,0.119,1,,,,,-0.324,-1.58,-1.26,-1.22,-0.961,-0.877,-1.04,-0.931,,,-0.282,-2.28,-1.03,-1.21,-0.785,-0.635,-0.867,-2.35,,,,
Nascent Biotech Inc. (OTCPK:NBIO),OTCPK:NBIO,NA,NA,0,-1.002314814814814,NA,NA,NA,NA,0.003456221198156682,17.070999999999998,0.6912000000000005,-0.6828,-0.6928,0.06,NA,NA,NA,NA,NA,24.697627314814795,NA,2.5702000000000003,NA,0.028901734104046242,NA,1,NA,NA,NA,0,Biotechnology (Primary),Public Company,Common Stock,17.3,,,,,,,,17.3,0.001,,,,,,,,,,,,,,,,,,,,27.51,,Biotechnology,"Nascent Biotech Inc., a development stage biopharmaceutical company, develops monoclonal antibodies for the treatment of various forms of cancer.",Healthcare,,17.1,0,,-1.6,-1.59,0.289,,0.301,0.06,-1.65,,,0.26,,1.34,0.805,0.594,0.384,0.381,,0,-1.6,-0.001,0,,-1.59,,,-0.147,-0.147,-0.093,-0.147,-0.147,,,,,,,,0.414,,1.47,0.06,,,,,,,,,,,,,,,1.09,,-0.183,,,0.08,0.592,,,5.29,,-1.65,1,,United States,,-0.57,-1.92,,,100,IQ269280380,,0.23,,1.6,0.8,,,,,,,,0.002,72.4,,,,,,0.301,,,,,,,,1,,,,,,,,,,,,,,,,,,,,,,,,,,
"Peak Pharmaceuticals, Inc. (OTCPK:PKPH)",OTCPK:PKPH,0,-20.791304347826085,0,-56.54391891891887,-14.435125448028673,NA,NA,0.04602840610205154,0.0008054309055344609,16.431461538461537,0.05920000000000005,-4.0274,-3.3474,0.01346153846153846,NA,NA,NA,102.05876731963687,NA,277.55847193347165,NA,0.0622,NA,0.029940119760479042,NA,1,NA,NA,NA,0.01346153846153846,Biotechnology (Primary),Public Company,Common Stock,16.7,,0.005,0.007,0.005,1.72,45.7,25.6,78.4,0.048,,,,-0.013,,,,,,,,,,,,,,,,48.88,4.41,Biotechnology,"Peak Pharmaceuticals, Inc., through its subsidiary, Peak BioPharma Corp., engages in the development, manufacture, and marketing of hemp-based nutraceutical and supplement products for the human and animal health markets.",Healthcare,,16.4,0.161,,-3.37,-4.05,0.282,,0.45,0,0.279,,,3.48,,0.031,0.03,0.012,,,,,-3.37,-0.683,,,-4.05,,,-0.051,-0.051,-0.032,-0.051,-0.051,,,0.069,,,,,0.038,,,,,,,,,,,,,0.014,0.084,,,-0.125,0.815,,0,-0.035,,,0.092,,,,,0.279,0.213,,United States,,,-3.76,7.23,-0.675,25,IQ51860727,,0.20,,2,0.1,0.117,0.603,,0.398,,,-0.327,0.002,51.1,,,,,2,0.415,0.438,0.162,,,0.005,7.79,0.191,1,,,,,,,,-0.018,-0.021,-0.018,-0.02,-0.545,,,,,,-0.018,-0.021,-0.018,-0.02,-0.534,,,,
"Signal Genetics, Inc. (NasdaqCM:SGNL)",NasdaqCM:SGNL,-0.9369747899159664,-0.9795378151260505,0,-1.9332448793432289,-0.7825498007968127,NA,NA,0.12525970109242007,0.06099404962633394,11.288269230769231,2.4118000000000004,-5.8926,-4.6626,1.0782692307692308,NA,NA,NA,2.3714851325145445,NA,4.680433382025553,NA,0.21180000000000002,NA,5.090361445783132,NA,1,NA,NA,NA,0.018269230769230767,Biotechnology (Primary),Public Company,Common Stock,16.6,3.67,,,,,,,7.02,0.176,,,,,,,,,,,,,,,,,,,9.97,31.79,0,Biotechnology,"Signal Genetics, Inc., a commercial stage, molecular genetic diagnostic company, focuses on providing diagnostic services that assists physicians in decision making for the care of patients suffering from cancer.",Healthcare,2010,12.6,4.76,-4.46,-4.61,-5.84,6.39,0.826,9.53,1.06,7.53,0.007,,6.65,3.58,0.063,0.046,0.06,0.097,0.186,0.189,,-4.61,-1.48,,,-5.84,,0.045,-1.83,-1.83,-1.18,-1.83,-1.83,,1.55,0.232,0.05,1.34,0.517,,0.239,1.05,0.426,,,,,10.9,,,,,,0.019,0.643,,,,8.5,-0.047,1.55,-0.008,,,0.395,-0.023,-0.769,1.57,,7.53,2.36,,United States,4.32,-0.298,-2.16,,,11.11,IQ114167403,,0.28,,9.99,1.69,2.03,25.4,,0.226,,,-23.6,0.338,51.5,,6.03,94,0.954,,8.66,1.57,0.058,0.098,0.502,0.076,,,1,4.76,United States: 4.8 (100.0%),,,,,,,,-3.78,-3.1,-0.446,,,,,,,,-12.8,-7.21,-2.16,,,4.76,Innovative Diagnostic Services: 4.8 (100.0%)
China PharmaHub Corp. (OTCPK:CPHB),OTCPK:CPHB,NA,NA,0,NA,NA,NA,NA,NA,0,16.6,0,0,0,0,NA,NA,NA,NA,NA,NA,NA,0,NA,NA,NA,0,NA,NA,NA,0,Biotechnology (Primary),Public Company,Common Stock,16.6,,0.006,0.003,0,-0.648,-0.368,-0.005,16.6,0.001,,,,,,,,,,,,,,,,,,,,,,Biotechnology,"China PharmaHub Corp., a development stage company, engages in acquiring and/or licensing, developing, and commercializing pharmaceutical, biotechnology, and other healthcare related products and technologies in the United States.",Healthcare,,,,,,,,,,,,,,,,,,,,,,,,,,,,,,,,,,,,,,,,,,,,,,,,,,,,,,,,,,,,,,,,,,,,,,,,1,,United States,,,,,,100,IQ98726686,,0.20,,1,1,,0,0,0.486,,,0.433,0,,,,,0.004,,,0.516,,0.138,0.001,,,,1,,,,,,,,-0.053,-0.672,-0.667,,,,,,,,-0.053,-0.685,-0.649,,,,,,
"Ruthigen, Inc. (NasdaqCM:RTGN)",NasdaqCM:RTGN,NA,NA,0,-0.9817883809870697,-0.47619469026548666,NA,NA,0.0011083685223339658,0.0007639562623322696,4.812538461538461,5.491,-5.380999999999999,-5.390999999999999,0.01253846153846154,NA,NA,NA,NA,NA,0.8764411694661193,NA,5.789999999999999,NA,0.8841463414634148,NA,1,NA,NA,NA,0.011538461538461539,Biotechnology (Primary),Public Company,Common Stock,16.4,8.58,,,,,,,4.8,0.018,,,,-1.4,,,,,,,,,,,,,,,34.35,0.297,0,Biotechnology,"Ruthigen, Inc., a biopharmaceutical company, focuses on the discovery, development, and commercialization of pharmaceutical-grade hypochlorous acid based therapeutics to prevent and treat infection in invasive applications.",Healthcare,2013,4.76,0,-6.14,-6.14,-6.13,11.6,0.105,11.9,0.001,11.3,0.103,,3.9,,2.24,2.02,1.88,1.38,1.27,0.905,,-6.14,,0.013,,-6.13,,,-1.48,-1.48,-0.925,-1.48,-1.48,,,,,,,,,0.001,,,,,,,,,,,,0.012,0.223,,,,20.3,-1.45,0.537,,,,-0.326,,,,,11.3,3.41,,United States,,-3.12,-3.12,0,,25,IQ226000536,,0.41,,7.15,3.31,,0.916,,0.01,,,-0.391,0.058,65.4,,,,,6,11.8,0.262,0.833,0.067,,0.02,,,3,,,,,,,,,,,,-2.59,,,,,,,,,,-2.59,,,,
"ARCA biopharma, Inc. (NasdaqCM:ABIO)",NasdaqCM:ABIO,NA,NA,0,-0.531279303415941,-0.5395918367346939,NA,NA,0.009049706071530075,0.008168647695001146,1.0342455621301792,14.93,-7.9319999999999995,-7.9319999999999995,0.13424556213017752,NA,NA,NA,NA,NA,0.06927297803952975,NA,15.63,NA,0.6901840490797546,NA,1,NA,NA,NA,0.13424556213017752,Biotechnology (Primary),Public Company,Common Stock,16.3,5.29,0.054,0,0.098,-1.33,0.079,2.2,21.2,0.307,,,,-0.48,,,,,,,,,,,,,,,,9.12,3.08,Biotechnology,"ARCA biopharma, Inc., a biopharmaceutical company, focuses on developing genetically-targeted therapies for cardiovascular diseases.",Healthcare,,0.947,0,-9.68,-9.69,-9.69,15.4,0.036,16.1,0,14.7,0.019,,4.07,,5.63,5.83,5.21,4.06,2.93,1.33,,-9.69,-0.003,0.007,,-9.69,,,-0.473,-0.473,-0.295,-0.473,-0.473,,,,0.134,0.418,0.382,,0.795,,,,,,,,,,,,0.062,0.08,0.079,,,,9.04,-0.179,,,,,0.198,,,,16,14.7,0.769,0.078,United States,,-9.68,-9.69,0,,20,IQ26198824,,0.51,,2,0.645,,0,,16.8,,,15.6,0.045,77.2,,,,0.22,16,15.5,16.9,0.597,0.905,,0.078,1.07,2.89,3,,,,-1.42,-5.52,-14.5,-19.5,-22,-9.18,-7.36,-4.32,-6.94,,-1.46,-5.24,-14,-19.4,-9.14,-8.42,-5.36,-4.32,-6.94,,,,
RXi Pharmaceuticals Corporation (NasdaqCM:RXII),NasdaqCM:RXII,-104.06976744186046,-187.18604651162792,0,-0.5704464918497519,-1.646974358974359,NA,NA,0.05259370243577358,0.032524903167711575,11.511255214438801,28.22,-16.058,-16.098,0.5412552144387973,NA,NA,NA,133.85180481905584,NA,0.4079112407667896,NA,23.599999999999998,NA,NA,NA,1,NA,NA,NA,0.5412552144387973,Biotechnology (Primary),Public Company,Common Stock,16.1,8.86,0.03,0.027,0.038,1.13,1.12,2.63,21.1,0.348,,,,-0.76,,,,,,,,,,,,,,,16.39,0.413,0.341,Biotechnology,"RXi Pharmaceuticals Corporation, a biotechnology company, focuses on discovering, developing, and commercializing therapies based on its proprietary, next-generation RNA interference (RNAi) platform.",Healthcare,2011,12.8,0.086,-8.95,-9.04,-9,5.13,0.193,10.9,0,9.75,0.154,,3.57,,5.56,5.33,5.36,17.7,17.4,17.3,,-9.04,,0.025,,-9,,4.89,-0.994,-0.994,-0.403,-0.994,-0.994,,,,0.05,,,,0.137,,,,,6.87,,-79,0.03,0.12,0.117,0.119,0.118,0.11,0.512,,,0,2.01,0,,3.99,,,-0.04,,,,,2.88,0.76,,United States,0.399,-20.9,-20.9,0.065,,11.11,IQ140969529,-59.3,0.28,,4.73,0.721,-5.47,0,,6.85,,9.84,5.03,1.63,77.9,,,,0.07,12,10.7,16.1,0.177,1.02,0.147,0.063,2.56,3.47,1,0.086,United States: .1 (100.0%),,,,,,-17.5,-16.6,-12.8,-13,-20.9,,,,,,-18.4,-12,-10.2,-12.9,-20.9,,,0.086,"Discovering, Developing and Commercializing Innovative Therapies: .1 (100.0%)"
American Cryostem Corporation (OTCPK:CRYO),OTCPK:CRYO,-11.655629139072849,-11.157615894039736,0,-1.9640941944509207,NA,NA,NA,NA,0.0650887573964497,16.863000000000003,0.8578000000000001,-1.9048,-1.6848,1.1,NA,NA,NA,111.67549668874175,NA,19.658428538120774,NA,1.1448,NA,NA,NA,1,NA,NA,NA,0,Biotechnology (Primary),Public Company,Common Stock,15.8,,0.041,0.022,0,2.81,2.02,0.11,32.9,0.008,,,,,,,,,,,,,,,,116.1,,,63.8,0,0,Biotechnology,"American CryoStem Corporation develops, markets, and licenses patented adipose tissue-based cellular technologies and related proprietary services.",Healthcare,1987,16.9,0.151,-1.76,-1.8,-2.02,0.037,0.24,0.54,1.1,-1.35,0.008,,1.52,,0.434,0.4,0.353,0.312,0.271,0.258,,-1.8,-0.198,,,-2.02,,,-0.062,-0.062,-0.039,-0.062,-0.062,,0.006,,0.043,0.405,0.165,,0.747,0.756,,0.343,,,,1102.1,,,,,,,-0.436,,,-0.091,,-0.027,0.897,-0.04,,,0.415,,0.001,,,-1.35,0.48,,United States,0.121,-1.85,-2.09,,,30,IQ133252734,,0.16,,1.25,0.041,0.151,0.387,,0.003,,,-0.241,0,36.2,,84.6,,,6,0.085,0.01,0.313,,,0.031,10.6,0.21,,0.151,United States: .2 (100.0%),,,,,,,,-1.54,-2.26,-2.22,,,,,,,,-1.6,-2.27,-2.5,,,0.151,"Collection, Processing and Storage of Adipose (Fat) Tissue and Adipose Derived Adult Stem Cells: .2 (100.0%)"
"DARA BioSciences, Inc (NasdaqCM:DARA)",NasdaqCM:DARA,-4.634920634920635,-5.733333333333333,0,-2.002217294900222,-0.750791366906475,NA,NA,0.03874227793237903,0.034666722983891535,4.1602219372570985,5.412,-10.436000000000002,-10.836,0.5602219372570988,NA,NA,NA,2.201175628178359,NA,0.7687032404392273,NA,3.482,NA,1.3461538461538463,NA,1,NA,NA,NA,0.5302219372570988,Biotechnology (Primary),Public Company,Common Stock,15.6,13.87,0.031,0.021,0.09,0.989,0.89,1.43,19.8,0.691,,,,-0.5,,,,,,,,,,,,,,,,0.419,0.276,Biotechnology,"DARA BioSciences, Inc., a development stage biopharmaceutical company, develops and commercializes oncology treatment and supportive care pharmaceutical products in the United States.",Healthcare,2002,3.61,1.89,-8.76,-9.4,-9,12,0.036,17.8,0.03,13.9,0.002,,9.73,0.001,0.476,1.37,1.44,1.64,1.95,3.16,0.638,-9.4,-0.066,,,-9.24,,,-0.629,-0.629,-0.387,-0.629,-0.629,,0.736,0.265,,0.215,0.18,0.821,0.483,,1.23,,,0,,349.9,,,0.046,0.181,0.177,0.173,-0.783,,,,,-0.187,,,,,0.835,-0.161,-1.18,211.2,16,13.9,0.79,0.156,United States,1.89,-8.76,-9,3.66,,33.33,IQ8793501,108.5,0.18,,3.01,0.74,1.44,0.02,-1.05,3.43,0.821,0,6.61,0.084,94.4,,,,0.739,16,13.8,3.89,0.62,0.909,0.142,0.156,1.14,3.96,1,1.89,United States: 1.9 (100.0%),-3.45,-5.61,-5.59,-6.61,-12,-4.74,-6.49,-6.76,-9.64,-10.5,-3.95,-4.62,-1.97,-1.53,-11.6,-3.34,-5.65,-6.17,-7.31,-9.97,,,1.89,Commercialization of Oncology Treatment and Oncology Supportive Care Pharmaceutical Products: 1.9 (100.0%)
"DARA BioSciences, Inc (NasdaqCM:DARA)",NasdaqCM:DARA,-4.634920634920635,-5.733333333333333,0,-2.002217294900222,-0.750791366906475,NA,NA,0.03874227793237903,0.034666722983891535,4.1602219372570985,5.412,-10.436000000000002,-10.836,0.5602219372570988,NA,NA,NA,2.201175628178359,NA,0.7687032404392273,NA,3.482,NA,1.3461538461538463,NA,1,NA,NA,NA,0.5302219372570988,Biotechnology (Primary),Public Company,Common Stock,15.6,13.87,0.031,0.021,0.09,0.989,0.89,1.43,19.8,0.691,,,,-0.5,,,,,,,,,,,,,,,,0.419,0.276,Biotechnology,"DARA BioSciences, Inc., a development stage biopharmaceutical company, develops and commercializes oncology treatment and supportive care pharmaceutical products in the United States.",Healthcare,2002,3.61,1.89,-8.76,-9.4,-9,12,0.036,17.8,0.03,13.9,0.002,,9.73,0.001,0.476,1.37,1.44,1.64,1.95,3.16,0.638,-9.4,-0.066,,,-9.24,,,-0.629,-0.629,-0.387,-0.629,-0.629,,0.736,0.265,,0.215,0.18,0.821,0.483,,1.23,,,0,,349.9,,,0.046,0.181,0.177,0.173,-0.783,,,,,-0.187,,,,,0.835,-0.161,-1.18,211.2,16,13.9,0.79,0.156,United States,1.89,-8.76,-9,3.66,,33.33,IQ8793501,108.5,0.18,,3.01,0.74,1.44,0.02,-1.05,3.43,0.821,0,6.61,0.084,94.4,,,,0.739,16,13.8,3.89,0.62,0.909,0.142,0.156,1.14,3.96,1,1.89,United States: 1.9 (100.0%),-3.45,-5.61,-5.59,-6.61,-12,-4.74,-6.49,-6.76,-9.64,-10.5,-3.95,-4.62,-1.97,-1.53,-11.6,-3.34,-5.65,-6.17,-7.31,-9.97,,,1.89,Commercialization of Oncology Treatment and Oncology Supportive Care Pharmaceutical Products: 1.9 (100.0%)
"Opexa Therapeutics, Inc. (NasdaqCM:OPXA)",NasdaqCM:OPXA,-11.574803149606298,-10.477165354330708,0,-0.4113646200457552,-1.7884408602150537,NA,NA,0.015021131422170169,0.00722065842614123,5.803461538461537,32.346000000000004,-13.306,-13.306,0.11346153846153845,NA,NA,NA,4.569654754694124,NA,0.17941821364191976,NA,34.816,NA,3.1891025641025643,NA,1,NA,NA,NA,0.11346153846153845,Biotechnology (Primary),Public Company,Common Stock,15.6,9.97,0.142,0.095,0.113,1.81,1.69,2,28.2,0.224,,,,,,,,,,,,,,,,,,,2.46,7.08,0.381,Biotechnology,"Opexa Therapeutics, Inc., a biopharmaceutical company, develops personalized immunotherapy to treat multiple sclerosis (MS) based on its proprietary T-cell technology.",Healthcare,2003,5.65,1.27,-14.7,-15.1,-15.1,9.91,1.1,11.8,0,7.44,0.191,,3.83,,12.1,12.2,11.6,10.4,9.18,8.15,0.388,-15.1,-0.002,0.015,,-15.1,,,-0.541,-0.541,-0.338,-0.541,-0.541,,,,0.26,3.2,2.1,,0.702,,,,,,,0.417,,,,,,0.118,-0.172,,,,0.648,,,,,,0.006,,,,39,7.44,0.551,0.136,United States,1.27,-14.7,-15.1,,,16.67,IQ9937728,,0.21,,1.94,0.55,1.27,0,,23.6,,,20.6,0.199,90.5,,,,0.276,39,10.7,24.8,0.696,1.23,1.4,0.136,2.42,2.92,1,1.27,United States: 1.3 (100.0%),-3.3,-9.53,-13.5,-16.7,-12,-4.34,-5.21,-5.96,-9.13,-11.9,-4.62,-14.9,-12.6,-14.7,-11.9,-1.43,-5.47,-5.97,-8.93,-16.7,,,1.27,Biotechnology (Startups): 1.3 (100.0%)
"Marina Biotech, Inc. (OTCPK:MRNA)",OTCPK:MRNA,0,-7.1084,0,NA,NA,-0.122,NA,NA,0,13.78,-4.214,-6.514200000000001,-3.5542,0,NA,NA,NA,27.56,NA,NA,NA,1.976,NA,0.27243589743589747,NA,1,NA,NA,NA,0,Biotechnology (Primary),Public Company,Common Stock,15.6,0.203,0.012,0.008,0,0.877,0.895,-0.026,25.5,0.099,,,,,,,,-12.2,,,,-49.2,,,,-39.3,,,7.09,8.29,3.22,Biotechnology,"Marina Biotech, Inc., a biotechnology company, focuses on the discovery, development, and commercialization of nucleic acid-based therapies to treat orphan diseases.",Healthcare,1983,13.7,0.5,,-3.52,-6.48,1.82,,9.22,0,-4.37,,,3.33,,0.686,0.665,0.595,0.645,0.715,0.981,,-3.52,-1.01,,,-6.48,,,-0.263,-0.263,-0.178,-0.263,-0.263,,0.5,,,,,,0.687,,,,,,,-76.4,,,,,,,3.21,,,,0.023,-0.258,,,,,-0.563,,-0.495,,1,-4.37,0.61,,United States,0.5,,-6.48,,,11.11,IQ289885,,0.23,,1.3,0.48,0.5,1.62,,0.909,,,-7.06,0.017,84.6,,,,,1,2.52,1.04,1.61,2.52,0.462,,1.08,5.52,1,0.5,United States: .5 (100.0%),-28.5,-33.8,-25.2,-54.5,-48.1,-9.88,-24.6,-17.6,-6.2,-0.365,-28.6,-32.2,-26.9,-52.4,-59.2,-8.05,-27.8,-29.4,-9.55,-1.57,,,0.5,"Discovery, Development and Commercialization of Nucleic Acid-Based Therapies: .5 (100.0%)"
International Stem Cell Corporation (OTCPK:ISCO),OTCPK:ISCO,-1.1138328530259367,-1.0417867435158499,0,-0.4487617155980385,-2.348780487804878,NA,NA,0.1684507298546227,0.0514895904753923,15.659555707520745,16.111,-9.629999999999999,-7.229999999999999,0.830555707520745,NA,NA,NA,2.256420130766678,NA,0.9719791265297464,NA,12.482000000000001,NA,1.5522875816993464,NA,1,NA,NA,NA,0.830555707520745,Biotechnology (Primary),Public Company,Common Stock,15.3,3.62,0.03,0.003,0.12,1.42,0.487,2.05,251.6,0.724,,,,,,,,,,,,47.3,,,,20.4,,,,28.57,24.74,Biotechnology,"International Stem Cell Corporation, a biotechnology company, focuses on the development of therapeutic and biomedical products worldwide.",Healthcare,2001,19.8,6.94,-7.73,-8.2,-10.6,0.471,0.781,6.36,0,4.1,0.395,,8.54,,4.69,4.23,3.8,3.56,3.52,3.49,,-8.2,-0.005,,,-10.6,,,-0.062,-0.062,-0.026,-0.062,-0.062,,0.464,1.53,0.05,2.59,1.81,,0.715,,0.25,,,4.94,,22.5,,,0.003,0.101,0.397,0.386,4.31,,,,6.04,,,-0.734,,,0.194,-0.253,-0.065,,,-0.846,0.061,,United States,6.15,-7,-10.5,,,23.08,IQ30918491,,0.18,,0.203,0.056,5.04,0,,1.79,,4.94,-4.4,0.095,71.4,,,,1.2,42,2.88,4.01,0.522,1.07,4.8,0.284,23.6,0.96,1,6.94,"North America: 5.6 (80.8%);
Asia: .9 (12.6%);
Europe: .4 (5.9%);
All Other Regions: .0 (.7%)",-0.785,-1.3,-5.71,-6.06,-5.53,-7.19,-10.2,-11.3,-9.62,-7.47,-0.855,-1.39,-6.58,-6.07,-6.57,-8.5,-12.7,-9.17,-9.83,-10.5,,,6.94,"Cosmeceutical Market: 3.6 (51.2%);
Biomedical Market: 3.4 (48.8%)"
"KaloBios Pharmaceuticals, Inc. (NasdaqGM:KBIO)",NasdaqGM:KBIO,NA,NA,0,-0.37660944206008584,-1.765040650406504,NA,NA,0.3635470377963806,0.48202022474141876,18.251717347384684,111.84,-43.42,-42.120000000000005,14.05171734738468,NA,NA,NA,NA,NA,0.16319489759821784,NA,87.14,NA,2.8311258278145695,NA,1,NA,NA,NA,3.0517173473846797,Biotechnology (Primary),Public Company,Common Stock,15.1,47.06,0.003,0.012,0.303,0.441,0.833,4.49,32.9,0.487,,,,-1.34,,,,,,,,,,,,,,,1.49,2.98,,Biotechnology,"KaloBios Pharmaceuticals, Inc., a biopharmaceutical company, develops monoclonal antibody therapeutics for the treatment of cancer in the United States.",Healthcare,2000,-14.6,0,-36.4,-36.7,-38,10.9,0.414,43,11,24.6,0.448,,10.1,,26.6,27.2,31.1,34,32.6,35.2,,-36.7,-1.21,0.088,,-38,,,-1.15,-1.15,-0.72,-1.15,-1.15,,,,,1.35,0.934,,1.82,,0.016,,,,,,,0.428,0.843,0.68,0.759,0.7,1.71,,,,0.073,-4.21,5,-7.77,,,-1.38,,0.044,10.9,34,24.6,0.46,0.4,United States,,-36.4,-38,0,,14.29,IQ6099166,,0.15,,2.8,0.362,-17.2,9.97,,54.2,,,60.5,0.171,83.4,,,136.2,4.15,34,42.2,77.7,3.2,4.84,0.16,0.4,2.68,4.24,1,,,,,,,,-27.5,-6.12,-1.17,-23.5,-40.9,,,,,,-26.8,-5.1,-2.23,-23.5,-41.9,,,,
"Venaxis, Inc. (NasdaqCM:APPY)",NasdaqCM:APPY,-122.72727272727275,-140.29545454545456,0,-0.3017106549364614,-0.4805405405405406,-0.17300000000000001,NA,0.08609738884968243,0.1475211608222491,12.169999999999998,40.92,-12.446,-12.346,2.44,NA,NA,NA,138.29545454545453,NA,0.29740957966764414,NA,16.95,NA,0.7092198581560284,NA,1,NA,NA,NA,0,Biotechnology (Primary),Public Company,Common Stock,14.1,18.34,0.103,0.086,0.035,2.55,2.11,1.31,31,0.376,,20,,-0.375,,,,-17.3,,,,-23.7,,,,-30.6,,,,0.24,0.013,Biotechnology,"Venaxis, Inc. develops and commercializes products for unmet diagnostic and therapeutic needs.",Healthcare,2000,-10.2,0.088,-10.8,-11.1,-11.2,4.37,2.13,31.1,2.44,25.9,0.017,,6.45,,4.81,5.5,6.35,6.71,6.23,5.49,,-11.1,-0.086,,,-11.2,,,-0.427,-0.427,-0.264,-0.427,-0.427,,0.012,,,5.38,3.24,0.387,0.521,0.256,,2.04,,,,54.8,,,,,,,0.575,,,,20.1,-0.484,,-9.59,,,-0.349,,0.029,4.66,,25.9,0.455,,United States,0.056,-11.7,-12.1,,-11.8,9.09,IQ1532998,352.4,0.20,,2.83,0.4,0.044,2.61,,4.36,0.387,,15.9,0.04,99.8,,,100,,22,27.3,17.8,0.87,1.02,0.093,,5.84,3.26,1,,,-1.77,-1.9,-3,-6.45,-10.2,-14.6,-13.2,-10.7,-8.92,-12.1,-2.09,-2.11,-3.11,-6.2,-9.57,-15.5,-13.3,-10.2,-9.21,-12.1,,,0.088,Medical Products: .1 (100.0%)
"VistaGen Therapeutics, Inc. (OTCPK:VSTA)",OTCPK:VSTA,NA,NA,0,-7.610510046367859,NA,NA,NA,NA,0.4886981646125887,25.99903257939148,0.6469999999999994,-9.844000000000001,-4.924,12.712032579391478,NA,NA,NA,NA,NA,40.18397616598378,NA,6.56,NA,0.11278195488721804,NA,1,NA,NA,NA,0.8120325793914779,Biotechnology (Primary),Public Company,Common Stock,13.3,,0.047,0.018,0.082,-2.83,-1.58,1.77,1.47,0.001,,,,,,,,,,,,,,,,,,,4.54,8.68,1.4,Biotechnology,"VistaGen Therapeutics, Inc., a biotechnology company, focuses on application and development of proprietary human pluripotent stem cell technology for drug rescue and regenerative medicine in the United States.",Healthcare,1998,25.2,0,-4.51,-4.57,-9.49,0.013,0.137,0.259,11.9,-17.8,0,,2.53,,2.04,2.15,2.26,2.48,2.26,2.82,,-4.57,-2.73,0.007,,-9.49,0.002,,-7.63,-7.63,-3.51,-7.73,-7.73,,,,,,,,2.42,2.04,,4.74,,0.001,,,,,0.094,0.277,0.264,0.251,-0.817,,,,2.61,-0.272,0,,,,2.2,,,28.3,9,-17.8,9,,United States,,-4.97,-2.97,,,30,IQ7691787,,0.18,,15,3.16,-2.04,6.39,,0.021,,0.001,-11.7,0.006,27.1,15.3,122.6,,1.03,10,0.076,0.091,2.26,0.533,0.01,0.284,0.212,10,,,,,,,,,-2.2,-5.12,-8.97,-7.92,-5.44,,,,,,-3.15,-7.7,-12.7,-12.2,-4.91,,,,
"BioRestorative Therapies, Inc. (OTCPK:BRTX)",OTCPK:BRTX,-13.958333333333334,-14.136904761904761,0,-1.2552854122621564,NA,NA,NA,NA,0.3135705970397472,18.12753846153846,3.7840000000000003,-5.69,-4.75,5.8015384615384615,NA,NA,NA,53.95100732600732,NA,4.7905757033664,NA,4.828,NA,0.11811023622047245,NA,1,NA,NA,NA,0.011538461538461539,Biotechnology (Primary),Public Company,Common Stock,12.7,,0.006,0.001,0.029,0.605,0.268,1.18,31.7,0.035,,,,,,,,,,,,,,,,,,,13.5,12.44,5.37,Biotechnology,"BioRestorative Therapies, Inc., a development stage company, develops medical procedures using cell and tissue protocols, primarily involving adult stem cells that are designed for patients to undergo minimally invasive cellular-based treatments.",Healthcare,1997,18.1,0.336,-4.69,-4.79,-5.73,0.374,0.074,1.6,5.79,-6.46,0.013,,3.53,,1.59,1.61,1.69,1.59,1.5,1.36,,-4.79,-0.808,,,-5.73,,,-0.262,-0.262,-0.16,-0.262,-0.262,,,0.017,,,,,0.774,,0.004,0.623,,,,16350.4,,,,,,0.012,0.618,,,,2.68,-0.144,1.21,,,,-0.375,0.001,,14.4,,-6.46,0.4,,United States,0.002,-4.65,-5.75,,,11.11,IQ58274944,,0.41,,0.6,0.24,0.228,4.97,,0.001,,,-6.63,0.006,74.1,,104.4,,0.083,3,0.422,0.066,1.16,1.72,0.016,0.099,5.04,1.03,,0.336,United States: .3 (100.0%),,,,,,-1.16,-2.07,-3.55,-5.57,-4.75,,,,,,-1.2,-2.26,-4.07,-6.54,-5.75,,,0.336,Healthcare Facilities & Services: .3 (100.0%)
Anavex Life Sciences Corp. (OTCPK:AVXL),OTCPK:AVXL,NA,NA,0,NA,-25.00380549682875,NA,NA,0.4035308953341741,0.025157232704402514,5.74,-4.1274,-11.826799999999999,-1.7468,0.32,NA,NA,NA,NA,NA,NA,NA,2.0596,NA,1.7741935483870968,NA,1,NA,NA,NA,0,Biotechnology (Primary),Public Company,Common Stock,12.4,3.53,0.016,0.001,0.031,0.716,-0.311,-0.966,56.4,0.226,,,,,,,,,,,,,,,,,,,0,16.35,7.09,Biotechnology,"Anavex Life Sciences Corp., a biopharmaceutical company, is engaged in the discovery and development of drugs for the treatment of Alzheimer’s disease, central nervous system diseases, and pain and various cancers.",Healthcare,2006,5.7,0,-2.42,-2.42,-12.5,6.98,0.002,7.05,0.32,0.473,0.001,,1.37,,1.05,0.732,0.486,0.26,0.142,0.264,,-2.42,-3.12,,,-12.5,,,-0.289,-0.289,-0.169,-0.289,-0.289,,,,,0.003,0.001,,1.28,0.098,,0.221,,,,,,,,,,,0.316,,,,0.68,-0.088,10,,,,-0.121,,,79.5,,0.473,0.219,,United States,,-1.96,-11.4,,,7.14,IQ13580387,,0.20,,0.485,0.15,,0.2,,0.096,,,-1.67,0.088,83.7,,1675.8,,,4,7.05,0.149,1.59,,0.029,,3.17,0.7,1,,,,-0.094,-0.025,-2.54,-5.02,-4.52,-5.91,-6.84,-2.28,-2.19,,-0.097,-0.028,-2.56,-5.29,-5.04,-10.2,-7.6,-6.58,-2.89,,,,
"FluoroPharma Medical, Inc. (OTCPK:FPMI)",OTCPK:FPMI,NA,NA,0,-7.862179487179474,NA,NA,NA,NA,0.10402744769910546,13.668099112426036,0.624000000000001,-6.476,-4.906,1.4280991124260356,NA,NA,NA,NA,NA,21.9040049878622,NA,4.204000000000001,NA,0.14227642276422764,NA,1,NA,NA,NA,0.05809911242603549,Biotechnology (Primary),Public Company,Common Stock,12.3,1.47,0,0.001,0,-0.103,0.215,-0.004,29.2,0.048,,,,-0.24,,,,,,,,,,,,,,,,4.2,0.686,Biotechnology,"FluoroPharma Medical, Inc., a biopharmaceutical company, is engaged in the discovery, development, and commercialization of molecular imaging pharmaceuticals with primary applications in the area of cardiology.",Healthcare,2003,13.6,0,-5.06,-5.09,-6.66,0.06,0.015,0.63,1.37,-4.89,0.01,,3.53,,1.57,1.25,1.35,1.31,1.5,1.52,,-5.09,-0.041,0,,-6.66,,0.594,-0.264,-0.264,-0.125,-0.264,-0.264,,,,0.157,,,,0.54,1.37,3.27,,,0.007,,,,,,,0.015,0.046,-1.21,,,,0.936,-0.055,1.37,2.01,,,0.132,,,,,-4.89,0.42,,United States,,-4.21,-5.61,0,,9.09,IQ22727382,,0.23,,0.92,0.327,,0.055,,0.123,,0.008,0.78,0.007,82.3,,,,0.106,5,0.248,3.4,0.408,0.211,2.15,0.031,4.54,0.68,,,,,-0.688,-2,,-0.012,-1.11,-0.893,-2.07,-4.15,-4.23,,-0.688,-2,,-0.017,0.132,-0.954,-3.26,-4.02,-5.61,,,,
"Cleveland BioLabs, Inc. (NasdaqCM:CBLI)",NasdaqCM:CBLI,-3.8378378378378373,-5.694594594594594,0,-0.5226990821136194,-2.815642458100558,0.193,NA,0.7592889234104414,0.3163849441106573,14.74630091876564,40.31000000000001,-5.039999999999999,-21.07,5.646300918765638,7.484662576687117,6.598984771573604,NA,3.985486734801524,NA,0.36582239937399247,NA,37.470000000000006,NA,0.1434426229508197,0.035,1,0,1.63,12.2,1.4963009187656378,Biotechnology (Primary),Public Company,Common Stock,12.2,4.97,0.044,0.068,0.135,1.51,1.65,1.86,3.44,0.024,,,,,,,,19.3,,,,-23.7,,,,-25,,,,11.4,0.964,Biotechnology,"Cleveland BioLabs, Inc., a biopharmaceutical company, focuses on developing pharmaceuticals designed to address diseases with significant medical need.",Healthcare,2003,16.7,3.7,-14.2,-14.4,1.63,3.1,0.245,9.81,4.15,1.79,0.02,,8.47,,9.65,11.4,13.6,16.6,19.5,20.5,,-14.4,-1.34,0.251,,0.035,,,0.603,0.603,-2.69,0.603,0.603,,0.267,,0.174,1.89,1.64,,1.06,,0.862,1.5,3.39,,,-56.4,,0.191,0.377,0.366,0.355,0.378,1.31,,,,9.7,-4.26,,-1.77,,,0.459,,0.629,31.5,23,-1.61,3.56,0.467,United States,3.7,-14.2,1.63,,,20,IQ21826171,,0.25,,16.2,3.07,-5.95,7.56,11.1,10,,,-9.52,0.007,65.2,,94.8,,1.91,23,3.55,11.2,0.794,2.45,2.31,0.467,0.261,67.89,1,,,-2.52,-2.49,-7.42,-25.9,-14.3,-6.38,-10.7,-25.1,-30,-22.6,-2.52,-2.39,-7.22,-27,-14,-12.8,-26.4,-4.01,-18.2,-17.3,,,3.7,Implementation of Novel Pharmacological Approaches to Control Cell Death: 3.7 (100.0%)
"Omni Bio Pharmaceutical, Inc. (OTCPK:OMBP)",OTCPK:OMBP,NA,NA,0,-7.7296360485268565,NA,NA,NA,NA,0.18906274367105058,13.945692307692306,0.23080000000000023,-3.474,-1.7840000000000003,2.7976923076923077,NA,NA,NA,NA,NA,60.423276896413746,NA,1.1128,NA,NA,NA,1,NA,NA,NA,0.007692307692307692,Biotechnology (Primary),Public Company,Common Stock,12,7.68,0.003,0,0.003,0.582,0.184,-0.544,50.1,0.026,,,,-0.1,,,,,,,,,,,,,,,,17.06,0,Biotechnology,"Omni Bio Pharmaceutical, Inc. operates as a biopharmaceutical company in the United States.",Healthcare,2006,13.9,0,-1.96,-1.97,-3.66,0.852,,1.03,2.79,-2.82,,,1.5,,0.471,0.395,0.355,0.163,0.238,0.274,,-1.97,-1.29,,,-3.66,,,-0.094,-0.094,-0.057,-0.094,-0.094,,,,0.07,,,,,,,1.66,,,,,,,,,,0.008,-0.4,,,,1.36,,0.639,,,,-0.013,,,78.9,,-2.82,0.24,,United States,,-1.91,-2.52,0,,22.22,IQ53146874,,0.20,,0.45,0.15,,0.945,,0.485,,,-0.461,0,82.9,,100,,0.024,1,0.922,0.554,0.013,0.056,,0.021,,,1,,,,,,,-1.36,-13.2,-9.9,-5.48,-4.79,-3.14,,,,,-1.4,-15.9,-9.9,-6.07,-5.39,-4.9,,,,
"Lixte Biotechnology Holdings, Inc. (OTCPK:LIXT)",OTCPK:LIXT,NA,NA,0,-0.5599022004889975,-3.979124579124579,NA,NA,0,0,11.791,3.4356,-2.3636,-1.9236,0,NA,NA,NA,NA,NA,3.432006054255443,NA,2.8506,NA,0.0211864406779661,NA,1,NA,NA,NA,0,Biotechnology (Primary),Public Company,Common Stock,11.8,1.23,0.065,0.033,0.032,7.64,5.55,2.92,45.6,0.021,,,,,,,,,,,,,,,,,,,,77.21,37.57,Biotechnology,"Lixte Biotechnology Holdings, Inc., a development stage company, researches and develops treatments for human cancers and other common non-malignant diseases.",Healthcare,2005,10.9,0,,-2.09,-2.53,0.009,,0.996,0,0.594,,,1.04,,1.05,0.963,0.876,0.88,0.763,0.936,,-2.09,,0,,-2.53,,,-0.058,-0.058,-0.036,-0.058,-0.058,,,,0.03,,,,0.1,,0.167,,,,,,,,,,,,-0.185,,,,1.41,,,-0.888,,,0.066,,,,,0.594,0.26,,United States,,,-1.38,,,14.29,IQ29181356,,0.16,,0.55,0.07,,0.093,,0.791,,,0.58,0.001,22.8,,,,,,0.996,0.874,0.065,,0.136,,3.15,0.818,1,,,,-0.039,-0.45,-1.66,-1.27,-1.55,-0.882,-1.87,-2.11,-1.38,,-0.039,-0.562,-1.65,-1.27,-1.55,-0.88,-2.07,-3.58,-1.38,,,,
"Arno Therapeutics, Inc. (OTCPK:ARNI)",OTCPK:ARNI,NA,NA,0,-0.6777893639207507,NA,NA,NA,NA,0.006756822070352145,-0.12244822485206974,28.770000000000003,-16.9,-19.5,0.07755177514792898,NA,NA,NA,NA,NA,-0.0042561079197799695,NA,46.42,NA,0.08771929824561403,NA,1,NA,NA,NA,0.07755177514792898,Biotechnology (Primary),Public Company,Common Stock,11.4,21.21,0.048,0.057,0,-0.977,-2.14,-0.266,20.4,0.014,,,,,,,,,,,,,,,,,,,4.83,21.26,0.573,Biotechnology,"Arno Therapeutics, Inc., a development stage company, focuses on developing products for the treatment of cancer.",Healthcare,,-0.019,0,-23.1,-23.1,-20.5,11.6,0.022,11.8,0,-6.05,0.02,,6.26,,16.8,16.3,14.9,13.5,11.2,10.1,,-23.1,-12.7,0.044,,-20.5,,,-1.07,-1.07,-0.655,-1.07,-1.07,,,,,,,,1.21,,0.003,,,0.128,,,,,,,0.009,0.072,0.618,,,,19.4,,,,,,-1.3,,,,,-6.17,0.56,,United States,,-16.9,-39.7,,,16.67,IQ33802737,,0.16,,2.3,0.43,,4.7,,1.54,,0.346,-26.3,0.004,40.8,,,,0.151,7,11.8,1.61,2.5,0.871,0.009,0.081,5.76,2.66,,,,,,-0.371,-3.26,-11.6,-6.97,-5.03,-7.65,-10.8,-16.9,,,-0.371,-3.36,-12.9,-6.94,-4.02,-7.91,-14.4,-39.7,,,,
"Avant Diagnostics, Inc. (OTCBB:OREO.E)",OTCBB:OREO.E,NA,NA,0,-7.481389578163771,NA,NA,NA,NA,0,11,0.0806,-0.603,-0.603,0,NA,NA,NA,NA,NA,136.47642679900744,NA,0.0806,NA,0.3181818181818182,NA,1,NA,NA,NA,0,Biotechnology (Primary),Public Company,Common Stock,11,,,,,,,,6.41,0.007,,,,,,,,,,,,,,,,,,,,,,Biotechnology,"Avant Diagnostics, Inc. operates as a medical device development company.",Healthcare,2009,9.35,0,,-0.525,-0.525,,,,,,,,0.525,,,,0.053,0.074,0.096,0.167,,-0.525,,,,-0.525,,,-0.125,-0.125,-0.078,-0.125,-0.125,,,,,,,,,,,,,,,,,,,,,,0.08,,,,0.09,,,,,,-0.002,,,,,,1.71,,United States,,,-0.525,,,50,IQ100473099,,0.51,,1.95,0.265,,,,,,,,0.014,,,,,,1,,,,,,,0.588,0.85,3,,,,,,,,,-0.631,-0.274,,,,,,,,,-0.619,-0.291,,,,,,
Regen BioPharma Inc. (OTCBB:RGBP),OTCBB:RGBP,NA,NA,0,-15.432203389830512,NA,NA,NA,NA,0.037133827585643736,10.435515873918979,0.047199999999999985,-0.7604,-0.7283999999999999,0.3895158739189804,NA,NA,NA,NA,NA,221.0914380067581,NA,0.0562,NA,0.24752475247524752,NA,1,NA,NA,NA,0.08351587391898042,Biotechnology (Primary),Public Company,Common Stock,10.1,,,,,,,,52,0.121,,,,,,,,,,,,,,,,,,,57.02,0.774,0.774,Biotechnology,"Regen Biopharma, Inc., a biotechnology company, focuses on the development of regenerative medical applications in the United States.",Healthcare,2012,10.4,0,,-0.734,-0.766,0.054,,0.065,0.306,-0.261,,,0.714,,0.02,0.024,0.014,0.017,0.009,0.008,,-0.734,-0.008,0,,-0.766,,,-0.015,-0.015,-0.009,-0.015,-0.015,,,,,,,,0.004,0.306,,,,,,,,,,0.007,0.042,0.04,0.007,,,,0.231,,0.306,,,,0.003,,,11.2,,-0.261,0.195,,United States,,,-0.756,,,42.86,IQ205078445,,0.20,,0.5,0,,0,,0.268,,,0.251,0.01,42.2,,95.1,,,3,0.065,0.268,0,0.016,,,,,1,,,,,,,,,,,,-0.414,,,,,,,,,,-0.473,,,,
"Sophiris Bio, Inc. (NasdaqGM:SPHS)",NasdaqGM:SPHS,NA,NA,0,-0.2606772120612951,-1.4825850340136055,NA,NA,0.2969798280383194,0.38451189499416427,12.029784080564404,80.92,-21.794,-21.094,6.209784080564407,NA,NA,NA,NA,NA,0.14866268018492837,NA,64.4,NA,1.886317907444668,NA,1,NA,NA,NA,0.269784080564406,Biotechnology (Primary),Public Company,Common Stock,9.94,21.22,0.069,0.003,0.144,-2.91,-0.561,3.38,16.8,0.184,,,,-1.16,,,,,,,,,,,,,,,,3.21,0.104,Biotechnology,"Sophiris Bio, Inc., a clinical-stage biopharmaceutical company, focuses on the research, development, and commercialization of products for the treatment of urological diseases.",Healthcare,,-6.82,0,-30,-30,-30.7,4.12,0.036,25.6,5.94,14.7,0.009,,5.33,,24.7,24.8,20.2,14.2,10.3,9.47,,-30,-0.726,0.051,,-30.7,,,-1.85,-1.85,-1.16,-1.85,-1.85,,,,,0.278,0.242,,2.63,,,5.34,,,,,,,,0.051,0.119,0.119,-2.09,,,,1.89,-3.36,2.36,14.7,,,1.17,,0.033,11.8,10,14.7,0.59,0.1,United States,,-30,-30.7,0,-12.9,25,IQ11072127,,0.23,,3.73,0.42,,6.88,,14.8,,,40.3,0.075,90.5,,,100,0.424,10,25.5,51.8,1.47,2.18,,0.1,1.38,6.65,1,,,-2.51,-4.78,-4.39,-7.56,-7.36,-7.68,-4.34,-12.2,-19.2,-9.79,-2.48,-4.76,-4.31,-7.54,-7.27,-7.58,-4.41,-14.2,-21.2,-11.1,,,,
"MabVax Therapeutics Holdings, Inc. (OTCPK:MBVX)",OTCPK:MBVX,-19.591836734693874,-18.36151603498542,0,-0.5214439476734559,-0.9352537722908093,NA,NA,0.026207030103751184,0.020359790699048905,6.186190828402366,12.078,-6.818,-6.298,0.19619082840236685,NA,NA,NA,18.03554177376783,NA,0.5121866888890848,NA,8.238,NA,0.7680084745762712,NA,1,NA,NA,NA,0.19619082840236685,Biotechnology (Primary),Public Company,Common Stock,9.44,4.81,,,,,,,5.83,0.03,,,,,,,,,,,,,,,,,,,,5.15,1.14,Biotechnology,"MabVax Therapeutics Holdings, Inc., a clinical-stage bio pharmaceutical company, engages in the discovery, development, and commercialization of proprietary human monoclonal antibody products and vaccines for the treatment of various cancers.",Healthcare,2006,14.7,0.343,-6.72,-6.74,-7.26,3.45,0.055,10.1,0,7.29,0.047,,4.03,,3.05,2.99,1.77,2.97,2.73,2.58,,-6.74,-0.001,0,,-7.26,,3.21,-11.2,-11.2,-4.35,-11.2,-11.2,,0.027,,0.025,,,6.16,0.667,,0.341,,,8.68,,-78.7,,,,,0.077,0.13,,,,,2.89,,,,,1.5,0.315,,0.041,,14,-1.39,1.62,,United States,0.366,-4.01,-4.05,,,28.57,IQ42681560,,0.38,,15,0.832,-2.71,,,,,,,0.029,89.6,,,,,,3.92,,,,,0.139,0.547,0.33,,0.343,United States: .3 (100.0%),,,-87.8,-59,-34.5,,,-12.1,-3,-4.04,,,-79.6,-55.2,-31.8,,,-12,-3.03,-4.05,,,0.343,"Discovery, Development and Commercialization of Proprietary Human Monoclonal Antibody Products and Vaccines for The Treatment of a Variety of Cancers: .3 (100.0%)"
"OncoVista Innovative Therapies, Inc. (OTCPK:OVIT)",OTCPK:OVIT,NA,NA,0,NA,NA,NA,NA,NA,0.02248181617809125,8.998,-1.7338,-1.5724,-1.4824000000000002,0.204,NA,NA,NA,NA,NA,NA,NA,2.2281999999999997,NA,0.028184892897406992,NA,1,NA,NA,NA,0,Biotechnology (Primary),Public Company,Common Stock,8.87,2.25,0.001,0,0.005,-1.02,0.211,-1.53,21.6,0.049,,,,,,,,,,,,,,,,,,,2.31,23.13,22.45,Biotechnology,"OncoVista Innovative Therapies, Inc., a biopharmaceutical company, develops targeted anticancer therapies by utilizing tumor-associated biomarkers.",Healthcare,2004,9,0,-1.26,-1.26,-1.35,0.076,0,0.119,0.204,-4.09,,,0.631,,0.625,0.722,0.813,0.901,0.887,0.914,,-1.26,-0.004,0,,-1.35,,,-0.062,-0.062,-0.039,-0.062,-0.062,,,,,0.039,0.039,,0.368,0.204,1.21,,,,,,,,,,,,-1.14,,,,,,0.2,,,,0.243,,0.032,6.8,2,-4.09,0.41,,United States,,-1.52,-1.45,,,8.33,IQ26079298,,0.10,,1.75,0.007,,0,,0.075,,,-2.75,0.001,74.6,,,,0.144,2,0.119,0.16,1.17,1.66,0.071,0.16,1.38,0.91,1,,,,-1.62,-3.68,-5.52,-8.01,-3.93,-2.4,-2.2,-1.98,-1.52,,-1.62,-8.67,-5.6,-7.48,-4.78,10.1,-2.03,-1.63,-1.45,,,,
"Sevion Therapeutics, Inc. (OTCBB:SVON)",OTCBB:SVON,NA,NA,0,-0.31806820210676656,-1.6500840336134455,NA,NA,0.0024181847493148475,0.003263565554153431,6.728846153846154,22.404000000000003,-19.636000000000003,-7.1259999999999994,0.028846153846153844,NA,NA,NA,NA,NA,0.3003412852100586,NA,12.614,NA,0.14188422247446084,NA,1,NA,NA,NA,0.028846153846153844,Biotechnology (Primary),Public Company,Common Stock,8.81,17.6,0.013,0.006,0.05,0.759,0.741,1.17,13.9,0.027,,,,,,,,,,,,,,,,,,,4.69,16.56,0.025,Biotechnology,"Sevion Therapeutics, Inc., a development stage biotechnology company, engages in the development of products and technologies for human therapeutic applications to treat cancer and inflammatory diseases.",Healthcare,1964,6.7,0,-8.99,-9.29,-21.8,2.11,0.259,18.6,0,11.9,0.114,,4.21,,5.29,4.65,3.34,2.74,2.52,2.38,,-9.29,-0.023,0.011,-8.12,-21.8,,4.62,-2.4,-2.4,-0.53,-2.4,-2.4,,,,0.062,,,5.78,1.31,,,,,0,,-100,,,,,,0.03,-2.68,,,0,4.05,-2.19,,-0.792,,1.28,0.418,,-0.161,,,11.9,0.635,,United States,0.1,-6.57,-9.23,,,22.22,IQ1371007,,0.26,,3.69,0.51,0,2.19,,6.12,,0,7.72,0.005,71.1,,,,0.063,13,2.37,7.61,0.478,0.617,,0.07,0.979,9.49,1,,,-2.62,-3.65,-3.32,-2.89,-4.32,-4.22,-6.56,-5.47,-4.9,-5.2,-2.25,-3.42,-3.24,-2.95,-5.98,-4.81,-14.6,-6.68,-5.86,-6.17,,,,
Vivione Biosciences Inc. (TSXV:VBI),TSXV:VBI,-30.104166666666668,-30.800000000000004,0,-7.459132189707367,-19.84935064935065,NA,NA,0.8947129952142271,0.12946003927732072,8.968668639053254,0.39640000000000003,-3.0568,-2.9568000000000003,1.3086686390532545,NA,NA,NA,93.42363165680473,NA,22.62529929125442,NA,0.12240000000000001,NA,NA,NA,1,NA,NA,NA,0.048668639053254435,Biotechnology (Primary),Public Company,Common Stock,8.8,,0.078,0.031,,2.49,1.72,,67.1,0.032,,,,,,,,,,,,,,,,,,,,24.04,0.598,Biotechnology,Vivione Biosciences Inc. develops and commercializes a proprietary diagnostic testing system for the detection of bacterial pathogens.,Healthcare,2011,8.9,0.096,-2.89,-2.95,-3.05,1.14,0.108,1.8,1.26,0.154,0.045,,2.67,0.358,0.033,0.033,0.058,0.058,0.025,0.025,0.053,-2.95,-0.134,0.003,-0.691,-3.04,0.009,,-0.046,-0.046,-0.023,-0.051,-0.051,,0.132,0.381,0.012,0.288,0.18,,0.261,0.984,0.031,,,,,-78.8,,,,,0.01,0.041,0.507,,,,0.209,0,0,-0.025,,0,-0.075,-0.381,-0.116,10.8,,0.154,0.131,,United States,0.356,-2.39,-3.57,,,16.67,IQ206527888,,0.16,,0.35,0.111,-0.195,1.29,,4.08,,,2.57,0,76,,,0,,,1.67,4.1,0.336,,0.05,0.045,3.67,,1,0.096,United States: .1 (100.0%),,,,,,,,-0.369,-2.02,-2.47,,,,,,,,0.103,-2.15,-3.57,,,0.096,Diagnostic Kits / Equipment: .1 (100.0%)
"TapImmune, Inc. (OTCPK:TPIV)",OTCPK:TPIV,NA,NA,0,-9.068191268191264,NA,NA,NA,NA,0.007007801137114901,6.949,0.4810000000000003,-33.7718,-4.361800000000001,0.053,NA,NA,NA,NA,NA,14.446985446985437,NA,1.6980000000000004,NA,1.6311584553928096,NA,1,NA,NA,NA,0,Biotechnology (Primary),Public Company,Common Stock,7.51,11.55,0.001,0.007,0.087,0.471,1.63,3.02,32.6,0.105,,,,-0.8,,,,,,,,,,,,,,,3.19,7.66,1.09,Biotechnology,"TapImmune Inc., clinical-stage immunotherapy company, develops peptide and gene-based immunotherapeutics and vaccines for the treatment of cancer and infectious diseases.",Healthcare,1999,6.95,0,,-4.19,-33.6,0.614,,0.644,0.053,-0.656,,,3.67,,0.52,0.518,0.55,0.662,0.844,0.885,,-4.19,-1.26,,,-33.6,,,-3.25,-3.25,-0.351,-3.25,-3.25,,,,,,,,0.59,0.053,0.576,,,,,,,,,,,,1.25,,,,1.87,-0.066,0.426,,,,2.06,,,24.9,,-0.656,0.23,,United States,,,-5.53,0,-7.43,14.29,IQ1725474,,0.23,,4.18,0.121,,2.64,,0.005,,,-5.1,0.049,72.3,,114.2,1.21,0.086,2,0.644,0.15,0.983,0.856,0.777,,0.065,18,1,,,-2.37,-0.999,-0.888,-2.51,-1.5,-4.19,-4.23,-2.64,-5.48,-2.66,-2.68,-0.986,-1.3,-3.89,-2.2,-17.6,-3.53,-2.03,-6.17,-5.53,,,,
Helix Biomedix Inc. (OTCPK:HXBM),OTCPK:HXBM,NA,NA,0,-0.6084220716360115,NA,NA,NA,NA,0,7.47,0.8264,-0.5027999999999999,-0.5027999999999999,0,NA,NA,NA,NA,NA,9.03920619554695,NA,0.8264,NA,0.16733601070950468,NA,0,NA,NA,NA,0,Biotechnology (Primary),Public Company,Common Stock,7.47,,0.116,0.03,0.08,1.28,0.544,1.94,0.166,0,,,,,,,,,,,,,,,,,,,,,,Biotechnology,"Helix BioMedix, Inc. operates as a specialty dermatology and consumer products skin health company in the United States.",Healthcare,1988,,,,,,,,,,,,,,,,0.36,0.363,0.501,0.601,0.689,,,,,,,,,,,,,,,,,,,,,,,,,,,,,,,,,,,,,,,,,,,,,,,,,,,45,,United States,,,,,,25,IQ413088,,0.38,,45,23,,0,,2.07,,,3.07,0.005,,,,,0.365,,,2.98,0.076,0.081,0.178,,,,3,,,-3.14,-3.32,-3.9,-3.52,-3.54,-3.22,-2.96,-2.4,,,-3.11,-3.28,-3.83,-3.43,-4.52,-3.78,-7.71,-2.49,,,,,,
"Poniard Pharmaceuticals, Inc. (OTCPK:PARD)",OTCPK:PARD,NA,NA,0,-0.9807851239669422,NA,NA,NA,NA,0,7.2,9.68,-9.494,-9.494,0,NA,NA,NA,NA,NA,0.7438016528925621,NA,9.68,NA,NA,NA,0,NA,NA,NA,0,Biotechnology (Primary),Public Company,Common Stock,7.2,0,0,0.002,0.059,0.165,-0.851,1.8,60,0.003,,,,,,,,,,,,,,,,,,,,,,Biotechnology,"Poniard Pharmaceuticals, Inc., a biopharmaceutical company, focuses on the development and commercialization of cancer therapeutics.",Healthcare,1984,,,,,,,,,,,,,,,,1.77,3.42,7.98,15.1,19.2,,,,,,,,,,,,,,,,,,,,,,,,,,,,,,,,,,,,,,,,,,,,,,,,,,,0.12,,United States,,,,,,0,IQ290813,,0.38,,0.45,0.12,,14.5,,11,,0.002,12.1,0,,,,,1.61,,,24.4,1.58,2.96,,,,,1,,,-19.5,-16.1,-20.9,-35.5,-49.2,-40.9,-25.1,,,,-19.4,-21,-23.3,-32.8,-48.6,-45.7,-30.1,,,,,,,
Capstone Therapeutics Corp. (OTCPK:CAPS),OTCPK:CAPS,NA,NA,0,-0.44857810673938453,-1.3729032258064517,NA,NA,0.021136464488404134,0.009539470216825306,4.856937869822485,10.267999999999999,-4.256,-4.606,0.0669378698224852,NA,NA,NA,NA,NA,0.47301693317320664,NA,9.328,NA,NA,NA,1,NA,NA,NA,0.0669378698224852,Biotechnology (Primary),Public Company,Common Stock,6.95,19.02,0,0.001,0,0.065,0.158,0.066,40.9,0.023,,,,,,,,,,,,,,,,,,,,2.94,1.25,Biotechnology,"Capstone Therapeutics Corp., a biotechnology company, focuses on developing a pipeline of peptides and other molecules for helping patients with under-served medical conditions.",Healthcare,1987,4.79,0,-4.36,-4.52,-4.17,2.16,0,3.39,0,3.1,,,1.45,,3.07,3.17,3.27,2.84,3.12,3.38,,-4.52,,0.017,,-4.57,-0.4,,-0.102,-0.102,-0.071,-0.102,-0.102,,,,0.555,0.255,0.255,,0.124,,,,,,,,,,,,0.01,0.06,0.14,,,,,,,,,,0.036,,,,2,3.1,0.17,0.064,United States,,-4.36,-4.17,,,16.67,IQ334594,,0.54,,0.39,0.17,,0,,6.26,,,7.22,0,78.1,,,,0.056,2,2.72,6.49,0.088,0.012,,0.064,3.02,1.06,3,,,-20.4,-30.1,-24.1,-13.4,-13.7,-14.9,-11.4,-8.2,-4.15,-4.29,-41.8,-27.2,-31.9,-10.1,-11.2,-13.1,-10.9,-9.71,-3.58,-3.92,,,,
"Bioheart, Inc. (OTCPK:BHRT)",OTCPK:BHRT,-1.7135922330097086,-1.8933009708737862,0,NA,NA,0.374,NA,NA,0.45163236216986685,12.126372781065086,-4.864,-2.6202,-3.9002,5.493372781065089,NA,NA,NA,5.886588728672372,NA,NA,NA,0.7030000000000001,NA,0.5622188905547226,NA,1,NA,NA,NA,0.12337278106508873,Biotechnology (Primary),Public Company,Common Stock,6.67,1.02,0.026,0.002,0.009,-1.57,-0.649,0.961,647.7,1.71,,,,,,,,37.4,,,,41.7,,,,390,,,5,8.91,,Biotechnology,"Bioheart, Inc., a development stage biotechnology company, focuses on the discovery, development, and commercialization of autologous cell therapies for the treatment of chronic and acute heart damage, and degenerative diseases.",Healthcare,1999,12,2.06,-3.53,-3.53,-2.25,0.037,0.013,0.205,5.37,-10.9,0.008,,4.67,,0.066,0.166,0.316,0.473,0.627,0.599,0.004,-3.53,-1.64,,,-2.25,,,-0.005,-0.005,-0.006,-0.005,-0.005,,0.095,,,0.888,0.875,,1.99,2.33,2.42,,,0.02,,2039.6,,,,,0.044,0.086,2.51,,,,0.616,-0.233,0.774,-0.05,,,0.858,,-0.104,45.1,3,-10.9,0.01,0.128,United States,2.06,-3.53,-2.25,,,6.67,IQ737809,,0.39,,0.055,0.007,1.21,5.67,,0.046,,0.02,-13.8,0.015,86,,,,0.048,3,0.141,0.067,2.38,3.11,2.67,0.128,66.9,0.056,1,,,-5.51,-7.36,-13.3,-14.7,-11.9,-4.77,-3.27,-2.61,-2.54,-2.83,-5.52,-7.33,-13.2,-18.1,-14.2,-4.44,-5.16,-4.7,-4.02,-3.14,,,2.06,Cell Technology Industry Delivering Cell Therapies and Biologics: 2.1 (100.0%)
Dendreon Corp. (OTCPK:DNDN.Q),OTCPK:DNDN.Q,-0.1254600200736032,-0.26323185011709604,0,-0.19377401241257022,NA,0.27399999999999997,NA,NA,0.9900496990107204,588.291628864746,406.03999999999996,-178.18,-78.68,635.801628864746,NA,NA,NA,1.9681887884401006,NA,1.448851415783534,NA,185.83999999999997,NA,1.6823161189358373,NA,1,NA,NA,NA,41.20162886474597,Biotechnology (Primary),Public Company,Common Stock,6.39,3.16,0.002,0,0.033,-0.663,0.11,1.49,158.7,3.67,,,,,,,,27.4,,,,388,,,,22,,,,3.03,,Biotechnology,"Dendreon Corporation, a biotechnology company, focuses on the discovery, development, and commercialization of novel therapeutics to enhance cancer treatment options for patients.",Healthcare,1992,494.1,298.9,-37.5,-63,-162.5,53.9,107.8,340.3,594.6,-320.5,1.27,,166,,53.6,61.8,66.4,70.8,73.2,74.2,,-63,-53.8,0.287,,-162.5,,,-1.06,-1.06,-0.474,-1.06,-1.06,,20.6,66.4,19.5,239.1,131.3,,12.7,,12.3,580.4,,,,1.54,8.27,6.17,5.99,8.92,8.86,9.19,-15.6,,,,0.926,-31,,86,,,4.8,-12,14.1,9.03,710,-320.5,0.04,,United States,283.7,-155.4,-296.8,345.2,-10.8,0,IQ92699,6.88,0.52,,3.11,0.035,156.6,597.6,,87.7,,,-161.2,0.043,96.9,4.59,102.7,,45.9,755,222.7,317.8,7.88,44.5,27.7,8.4,3.01,15.1,3,298.9,United States: 298.9 (100.0%),-77.4,-86.5,-97.4,-99.3,-70.5,-100,-292.2,-253.1,-294.1,-186.3,-75.2,-81.5,-91.6,-99.3,-71.6,-220.2,-439.5,-337.8,-393.6,-296.8,,,298.9,"Discovery, Development and Commercialization of Novel Therapeutics: 298.9 (100.0%)"
"GeoVax Labs, Inc. (OTCPK:GOVX)",OTCPK:GOVX,-3.0237825594563987,-3.925254813137033,0,-0.5398753894080998,-3.005217391304348,0.021400000000000002,NA,0.10879284649776452,0.024757512039612014,4.570384615384615,6.42,-3.456,-3.466,0.14038461538461536,NA,NA,NA,5.175973516856868,NA,0.7118979151689432,NA,6.37,NA,NA,NA,1,NA,NA,NA,0.14038461538461536,Biotechnology (Primary),Public Company,Common Stock,5.53,16.59,0.024,0.003,0.057,-1.03,-0.346,1.26,32,0.117,,,,-0.13,,,,2.14,,,,-24.8,,,,-43.5,,,,4.46,0.132,Biotechnology,"GeoVax Labs, Inc. operates as a biotechnology company.",Healthcare,2001,4.5,0.883,-2.67,-2.74,-2.73,1.1,0.097,1.33,0,1.15,0.036,,1.81,,1.81,1.95,2.4,2.44,2.92,2.97,,-2.74,,0.004,,-2.73,,,-0.103,-0.103,-0.064,-0.103,-0.103,,0.079,,,0.654,0.558,,0.056,,0.079,,,0.076,,-63.5,,,,,,0.146,0.065,,,,0.873,,,,,,-0.125,,0.062,,6,1.07,0.173,0.117,United States,0.883,-2.67,-2.73,1.1,,42.86,IQ12056751,30.3,0.18,,0.51,0.131,-0.93,0,,2.51,,1.32,1.21,0,74.5,,,,0.129,6,1.23,2.7,0.156,0.096,0.06,0.117,1.18,3.5,1,0.883,United States: .9 (100.0%),-2.38,-1.63,-0.656,-4.3,-3.8,-3.32,-2.77,-2.35,-2.14,-2.29,-2.35,-1.61,-0.584,-4.24,-3.73,-3.28,-2.75,-2.35,-2.14,-2.29,,,0.883,Developing Vaccines That Prevent and Fight Human Immunodeficiency Virus (HIV) Infections: .9 (100.0%)
Nutra Pharma Corporation (OTCPK:NPHC),OTCPK:NPHC,-5.3304904051172715,-5.374840085287847,0,NA,NA,NA,NA,NA,0.25514685473514254,7.074071104390603,-2.1046,-2.3508,-2.5208,1.8120711043906026,NA,NA,NA,15.083307258828578,NA,NA,NA,0.0034000000000000002,NA,0.33081285444234404,NA,1,NA,NA,NA,0.33207110439060256,Biotechnology (Primary),Public Company,Common Stock,5.29,0.175,0.001,0.018,0.014,0.414,-2.54,-1.56,1511,2.78,,,,,,,,,,,,75.1,,,,-12.5,,,,20.96,14.03,Biotechnology,"Nutra Pharma Corp., a biopharmaceutical company, acquires, licenses, and commercializes pharmaceutical products and technologies, as well as homeopathic and ethical drugs for manages pain, neurological disorders, cancer, autoimmune, and infectious diseases.",Healthcare,2000,6.74,0.469,-2.5,-2.52,-2.35,0.028,0.033,0.362,1.48,-3.56,0.02,,2.9,,0.001,0.001,0.001,0.001,0.003,0.003,,-2.52,-0.121,,,-2.35,,,-0.002,-0.002,-0.001,-0.002,-0.002,,0.162,0.005,,0.201,0.169,,1.24,1.44,0.23,0.03,,,,95,,,0.045,0.08,0.12,0.116,0.444,,,,0.155,-0.169,0.242,,,,0.518,-0.005,-0.134,7.67,,-3.56,0.004,,United States,0.122,-2.35,-4.34,,,25,IQ1549495,,0.23,,0.019,0.003,0.382,2.04,,0.026,,,-4.57,0.007,79,,36.6,69.9,0.477,3,0.314,0.219,0.996,0.949,0.848,0.115,,,1,0.469,United States: .5 (100.0%),-5.51,-4.65,-2.39,-1.17,-1.71,-2.08,-3.23,-3.95,-2.6,-2.36,-7.99,-5.15,-2.43,-0.165,-4.16,-2.3,-3.06,-4.4,-3.61,-4.34,,,0.469,"Acquisition, Licensing and Commercialization of Pharmaceutical Products and Technologies: .5 (100.0%)"
Cerebain Biotech Corp. (OTCBB:CBBT),OTCBB:CBBT,NA,NA,0,-2.483832335329341,NA,NA,NA,NA,0.23683578001963707,6.797736629494766,1.0020000000000002,-2.9188,-2.4888,1.6137366294947657,NA,NA,NA,NA,NA,6.784168292908947,NA,1.038,NA,0.09615384615384615,NA,1,NA,NA,NA,0.003736629494765589,Biotechnology (Primary),Public Company,Common Stock,5.2,,0.003,0.004,0.004,0.644,-0.759,-0.931,4.45,0.002,,,,,,,,,,,,,,,,,,,7.31,50.25,6.22,Biotechnology,"Cerebain Biotech Corp., a biomedical company, focuses on the discovery of products for the treatment of Alzheimer’s disease.",Healthcare,,6.8,0,,-2.67,-3.1,0.016,,0.552,1.61,-1.63,,,2.25,,0.416,0.383,0.349,0.177,0.177,0.088,,-2.67,-0.429,,,-3.1,,,-0.755,-0.755,-0.472,-0.755,-0.755,,,,,,,,0.22,0.113,0.147,1.5,,,,,,,,0.001,0.001,0.002,-0.798,,,,0.165,-0.005,0.535,,,,0.149,,,24,,-1.63,1.17,,United States,,-2.86,-3.37,,,50,IQ170179307,,0.16,,8,0.86,,0.529,,0.104,,,0.293,0.002,42.4,,128.6,,,2,0.418,0.972,0.071,0.087,0.077,,0.15,5,1,,,,,,,,,,-0.84,-0.581,-2.15,,,,,,,,-0.844,-0.643,-2.56,,,,
Diamedica Inc. (TSXV:DMA),TSXV:DMA,NA,NA,0,-0.5057517122149079,NA,NA,NA,NA,0,4.694,15.039000000000001,-7.926,-7.606000000000001,0,NA,NA,NA,NA,NA,0.31212181661014693,NA,16.234,NA,NA,NA,1,NA,NA,NA,0,Biotechnology (Primary),Public Company,Common Stock,5.18,,0.033,0.024,0.005,2.13,1.63,0.574,68,0.169,,,,,,,,,,,,,,,,,,,,4.07,0.557,Biotechnology,"DiaMedica Inc., a development stage biopharmaceutical company, is engaged in the discovery and development of drugs for the treatment of diabetes and related diseases.",Healthcare,2000,4.75,0,-5.06,-5.07,-5.39,0.486,0.016,0.696,0,-0.709,0.002,,0.946,,4.44,5.04,5.78,6.55,8.37,9.14,,-5.07,,0.012,,-5.34,0.044,,-0.091,-0.091,-0.053,-0.091,-0.091,,,,,0.037,0.021,,0.352,,0.077,,,,,,,,,,,,-0.439,,,,3.34,,,-0.057,,,0.517,,-0.055,,,-0.709,0.076,,United States,,-6.29,-7.43,,,10,IQ4382397,,0.20,,0.762,0.028,,0,,1.07,,,0.523,0,78.9,,,,,,0.679,1.19,0.319,0.646,,,5.02,0.96,1,,,-0.603,-0.194,-0.788,-2.48,-1.67,-2.4,-3.3,-6.68,-10.1,-7.39,-0.639,-0.21,-0.779,-2.34,-1.84,-2.43,-4.27,-6.64,-10,-7.43,,,,
Diamedica Inc. (TSXV:DMA),TSXV:DMA,NA,NA,0,-0.5057517122149079,NA,NA,NA,NA,0,4.694,15.039000000000001,-7.926,-7.606000000000001,0,NA,NA,NA,NA,NA,0.31212181661014693,NA,16.234,NA,NA,NA,1,NA,NA,NA,0,Biotechnology (Primary),Public Company,Common Stock,5.18,,0.033,0.024,0.005,2.13,1.63,0.574,68,0.169,,,,,,,,,,,,,,,,,,,,4.07,0.557,Biotechnology,"DiaMedica Inc., a development stage biopharmaceutical company, is engaged in the discovery and development of drugs for the treatment of diabetes and related diseases.",Healthcare,2000,4.75,0,-5.06,-5.07,-5.39,0.486,0.016,0.696,0,-0.709,0.002,,0.946,,4.44,5.04,5.78,6.55,8.37,9.14,,-5.07,,0.012,,-5.34,0.044,,-0.091,-0.091,-0.053,-0.091,-0.091,,,,,0.037,0.021,,0.352,,0.077,,,,,,,,,,,,-0.439,,,,3.34,,,-0.057,,,0.517,,-0.055,,,-0.709,0.076,,United States,,-6.29,-7.43,,,10,IQ4382397,,0.20,,0.762,0.028,,0,,1.07,,,0.523,0,78.9,,,,,,0.679,1.19,0.319,0.646,,,5.02,0.96,1,,,-0.603,-0.194,-0.788,-2.48,-1.67,-2.4,-3.3,-6.68,-10.1,-7.39,-0.639,-0.21,-0.779,-2.34,-1.84,-2.43,-4.27,-6.64,-10,-7.43,,,,
"NanoLogix, Inc. (OTCPK:NNLX)",OTCPK:NNLX,NA,NA,0,-0.5403275969313706,NA,NA,NA,NA,0,5.14,0.9646,-0.5212,-0.5212,0,NA,NA,NA,NA,NA,5.3286336305204225,NA,0.9646,NA,0.09727626459143969,NA,0,NA,NA,NA,0,Biotechnology (Primary),Public Company,Common Stock,5.14,,0.066,0.05,0,-2.98,-2.2,-0.109,119.6,0.108,,,,,,,,,,,,,,,,,,,,,,Biotechnology,"NanoLogix, Inc., a biotechnology company, provides live cell and rapid diagnostics test kits that detects viable bacteria and other microorganisms.",Healthcare,,,,,,,,,,,,,,,,,0.427,0.491,0.538,0.566,0.584,,,,,,,,,,,,,,,,,,,,,,,,,,,,,,,,,,,,,,,,,,,,,,,,,,,0.043,,United States,,,,,,27.27,IQ974025,,0.13,,0.175,0.029,,0.01,,0.027,,0.02,0.867,0.002,,,,,,,,0.042,0.029,,,,,,1,,,-6.66,-1.58,-2.28,-1.3,-1.15,-1.05,-2.63,-1.85,,,-6.59,-1.6,-2.33,-1.31,-1.27,-1.16,-2.66,-1.86,,,,,,
"Thermo Fisher Scientific, Inc. (NYSE:TMO)",NYSE:TMO,0.2349256347101175,0.14805442402425162,0.0919,0.06390732211838566,0.10267031988359021,0.226,0.285,0.4242899425021307,0.22208169360760024,66846.05096454876,35532.340000000004,2109.68,2500.58,15143.65096454876,28.00142525337838,27.997184166350788,25.1440502825073,3.957823214555038,26.732218511124923,1.8812735374182719,16.847132154984816,1760.0399999999997,14.348033004475038,0.6960952684373345,2087.2,1,191.7,1894.4,53045.9,575.9509645487591,Life Sciences Tools and Services (Primary),Public Company,Common Stock,53045.9,93.77,0.315,0.369,0.314,0.808,0.925,0.916,396.8,1.84,8.66,12.2,,7.33,18,24.4,28.5,22.6,17.4,16.5,16.8,11.2,12.5,15.5,19.3,13.5,48.8,27.7,,0.281,0.121,Life Sciences Tools and Services,"Thermo Fisher Scientific Inc. provides analytical instruments, equipment, reagents and consumables, software, and services for research, manufacturing, analysis, discovery, and diagnostics worldwide.",Healthcare,1956,66261.6,16889.6,3967.8,2285.3,1894.4,1343.5,2426.5,42852.1,14567.7,20548.1,427.6,0.6,4787.5,,691.1,613.3,534,447,395.5,389.3,,2285.3,-479.9,47.7,,2087.2,191.7,,4.76,4.76,2.92,4.71,4.71,9.19,2473.6,1859.5,854.7,3868.9,1442.4,18842.6,820.7,2212.4,117.6,12355.3,,,42.4,29,193.5,54,69.9,90.4,113.4,150.8,138.5,,-234.8,,3097.4,-4715.9,6592.3,133.9,1521.8,-13060.1,1.2,-109.8,-145.4,3.2,51000,20548.1,133.69,181.1,United States,16889.6,3967.8,1894.4,16914.5,4233.6,9.52,IQ97023,2.17,0.31,6.57,139.03,107.3,7798.8,10492.5,,5826,12503.3,,16856.1,147.7,99.6,,90.1,8.75,300.2,51000,6539.8,9880.7,691.5,1156.3,290.5,181.1,10.5,71.34,1,16889.6,"United States: 8,147.7 (48.2%);
Germany: 1,005.9 (6.0%);
Other: 5,758.4 (34.1%);
United Kingdom: 754.5 (4.5%);
China: 1,223.1 (7.2%)",256.7,293.8,319.9,1065.6,1266.3,1066.2,1275.4,1481.4,1632.3,1789.4,361.8,223.2,168.9,748.4,980.9,850.3,1035.6,1329.9,1177.9,1273.3,BBB,BBB,16889.6,"Corporate/Other: -503.4 (-2.9%);
Analytical Instruments: 3,252.2 (18.7%);
Laboratory Products and Services: 6,601.5 (38.0%);
Specialty Diagnostics: 3,343.6 (19.2%);
Life Sciences Solutions: 4,195.7 (24.1%)"
Illumina Inc. (NasdaqGS:ILMN),NasdaqGS:ILMN,0.3271730955195014,0.32120984205436764,0.213,0.1508386813440443,0.3109789444900191,0.434,NA,0.5477804747623409,0.06250128414928331,27713.812166024323,3119.5400000000004,454.9,597.9,1771.912166024325,75.20684776457273,74.22575107296137,58.426247526929,14.88869247127126,46.35191865867925,8.883941916444194,45.507080732388054,1001.9399999999999,27.79441597234412,1.2218706378559792,448.8,1,95.4,353.4,26578.1,480.9121660243251,Life Sciences Tools and Services (Primary),Public Company,Common Stock,26578.1,91.19,0.26,0.13,0.046,1.38,1.1,0.807,142,1.35,19.4,20.5,,3.21,,,,43.4,37.4,28.7,28.8,22.8,59.8,25,23.5,20.8,182,77.7,,1.26,0.282,Life Sciences Tools and Services,"Illumina, Inc. provides sequencing and array-based solutions for genetic analysis in North America, Europe, Latin America, the Asia-Pacific, the Middle East, and South Africa.",Healthcare,1998,26530.8,1861.4,609,496.4,353.4,636.2,265.3,3339.6,1291,1462.8,106,,496.7,,388.1,321.2,307.7,292.3,276.7,235.1,39.4,496.4,-41.7,3.9,,448.8,95.4,,2.61,2.61,2.11,2.37,2.37,21.3,287.4,191.1,40.8,480,214.7,724.9,82.6,,83.9,986.8,,,61.4,31,415.1,38.7,38.7,42.7,42.7,36.2,-25.8,,,-237.2,96.3,-1274.7,1132.4,-297.3,,-3.29,-2.11,-36.5,-50.4,3.45,3700,1462.8,187.17,33.2,United States,1861.4,609,353.4,2265.7,759.4,27.27,IQ29753,20,0.36,23.9,213.33,127.7,1337.1,868.6,,711.6,723.1,,1533.2,129.9,93,,,,158.3,3700,1889.6,1617.5,73.7,101.6,117.5,33.2,3.21,34.74,3,1861.4,"United States: 950.7 (51.1%);
Europe: 466.5 (25.1%);
Other Markets: 101.4 (5.4%);
Asia-Pacific: 342.7 (18.4%)",-9.71,-5.65,37.8,56.7,110.7,140.6,206.8,254.1,264,279.3,-6.23,-20.9,40,-287.3,39.4,72.3,124.9,86.6,151.3,125.3,BBB-,BBB-,1861.4,"Life Sciences: 1,861.4 (100.0%)"
Agilent Technologies Inc. (NYSE:A),NYSE:A,0.17745392198885554,0.13621945992284612,0.267,0.12031578403691205,0.10575471698113208,0.04,0.124,0.3026462990590573,0.11761594652954149,13527.2283398639,5808.4,448.4,953.4,1840.1283398638996,36.233858267716535,31.41693548387097,30.78746654772525,1.9327372967372338,14.18840816012576,2.328907847232267,10.891488196347744,2028.3999999999999,6.8981276592880665,1.439685333681031,662,1,177,381,13805.1,182.12833986389953,Life Sciences Tools and Services (Primary),Public Company,Common Stock,13805.1,86.34,0.179,0.216,0.403,1.18,1.19,1.5,335.8,2.18,-19.5,12.8,,1.76,-0.51,16,12.4,4,,19.1,18.6,9.1,-28.7,-7.87,-3.57,1.31,-48.5,-4.32,,0.243,0.022,Life Sciences Tools and Services,"Agilent Technologies, Inc. provides bio-analytical solutions and services to the life sciences, diagnostics and genomics, chemical analysis, communications, and electronics industries worldwide.",Healthcare,1999,13348.1,6999,1242,886,381,2118,610,7519,1658,4240,192,0.496,2040,,719,719,614,608,613,704,,886,-100,9,,662,177,,1.14,1.45,1.52,1.12,1.43,26.7,615,560,361,,,2352,257,,61,1658,3,,-4.46,14.6,33,13,22,34,47,57,-174,,-166,-106,123,-1087,1186,-27,2,-11,12,-71,-174,2.9,11700,4237,41.11,,United States,6981,1279,504,4111.3,892.2,11.11,IQ154924,-21.9,0.39,-21.2,59.58,37.7,3641,2695,3,2742,3017,,5444,79.5,99.7,,97.6,1.52,167,21400,3654,5073,430,632,487,93,7.01,36,3,,,200,349,519,619,733,370,815,1133,1080,926,401,3040,641,608,637,-16,798,1049,1102,740,BBB+,BBB+,,
Waters Corporation (NYSE:WAT),NYSE:WAT,0.32086663650530334,0.2766500779168552,0.12,0.14893814889534027,0.23108671557502508,0.060599999999999994,0.071,0.4471765272683342,0.12947426534488884,11415.014673593221,3251.6800000000003,437.84000000000003,550.34,1532.6146735932207,23.875347544022244,23.275707758255212,23.535081308240454,5.738206742870971,20.741749961102627,3.510497550064342,17.88346337708479,313.98,15.301628248784478,1.0432234147856296,490.7,1,59.1,431.6,10304.6,67.41467359322063,Life Sciences Tools and Services (Primary),Public Company,Common Stock,10304.6,93.17,0.181,0.226,0.276,0.759,0.829,0.844,83,0.506,6.79,9.15,,5.67,6.78,6.89,7.1,6.06,5.95,6.64,7.15,5.83,-0.104,0.967,2.37,2.43,-4.09,5.17,,4.29,3.77,Life Sciences Tools and Services,Waters Corporation operates as an analytical instrument manufacturer in the United States and internationally.,Healthcare,1958,9714.5,1989.3,638.3,544.1,431.6,422.2,321.6,3877.9,1465.2,1894.7,91.1,,502,,107.7,106,102.3,100,100.5,98.5,10.6,544.1,-34.2,7.02,,490.7,59.1,,5.12,5.12,3.83,5.07,5.07,12,433.6,246.4,118.3,684.6,363,354.8,65.7,225.2,98.6,1240,,,6.91,4.47,12.5,4.95,6.53,12.8,17.5,21.9,43.6,,,-337.4,73.8,-239.8,381.7,-285.5,,-27,-13.7,-16,-29.4,2.67,6200,1894.7,124.11,30,United States,1989.3,638.3,431.6,2014.3,655.2,22.22,IQ36475,3.34,0.26,3.33,125.02,93.6,1164.4,1323.3,,440.8,350.4,,1763.2,43,95.7,,40.9,20.5,65.6,6200,2853.7,2556.3,65,43.3,245.9,30,3.28,82.85,1,1989.3,"Europe: 607.1 (30.5%);
United States: 596.5 (30.0%);
Japan: 163.5 (8.2%);
Other: 145.7 (7.3%);
China: 238.9 (12.0%);
Asia Other: 237.7 (11.9%)",279.5,286.3,303.6,360.9,396.3,394.6,449.9,528.6,522.9,517.3,224.1,202,222.2,268.1,322.5,323.3,381.8,433,461.4,450,,,1989.3,"Scientific & Technical Instruments: 1,989.3 (100.0%)"
Mettler-Toledo International Inc. (NYSE:MTD),NYSE:MTD,0.2084070796460177,0.19411906677393403,0.24,0.25277113083751446,0.47676486937187323,0.0588,0.0966,0.43051252191192346,0.05653811157785765,9536.392313593782,1450.96,343.08,482.58,543.9923135937805,26.841218214074516,26.589000591366062,26.459426372857646,3.8360387423949245,19.761267175584944,6.572470856256397,18.406470398752717,364.65999999999997,14.868089045203902,0.5397843065974861,445,1,106.8,338.2,9077.7,91.99231359378057,Life Sciences Tools and Services (Primary),Public Company,Common Stock,9077.7,98.02,0.471,0.441,0.373,1.03,1.12,1.12,28.1,0.138,10.8,12.7,,12.8,12.1,11.1,9.66,5.88,14.4,11.1,10.3,7.54,7.87,7.86,7.3,2.49,10.5,6.54,,2.3,0.058,Life Sciences Tools and Services,Mettler-Toledo International Inc. supplies precision instruments and services worldwide.,Healthcare,1991,9444.4,2486,518.1,477.7,338.2,85.3,511.5,2009.1,452,719.6,89.4,,728.6,,123.3,122.6,121.3,118.1,116.3,113.8,29.2,477.7,-24.5,,,445,106.8,,11.7,11.7,9.76,11.4,11.4,24,435.6,204.5,124,934.8,423.3,444.1,145.9,,8.44,335.8,,,5.94,4.5,13.6,8.01,10.8,15.6,24.7,30.7,-53.6,,,-414,21,-585.9,628.8,,,-5.78,6.3,-9.3,7.49,5.89,12000,719.6,323.29,34.9,United States,2486,518.1,338.2,2438.5,571.1,11.11,IQ31468,1.39,0.26,3.66,333.45,221,1358.8,413,,111.9,455.8,,935.1,19.6,97.7,,71.9,,91.5,12000,849.4,914,146,227.1,174,34.9,1.65,133.8,1,2486,"Rest of World: 327.9 (13.2%);
Germany: 204.7 (8.2%);
Other Europe: 398.6 (16.0%);
United Kingdom: 77.3 (3.1%);
United States: 708.3 (28.5%);
China: 404.3 (16.3%);
Switzerland: 71.3 (2.9%);
France: 127.4 (5.1%);
Other Americas: 166.2 (6.7%)",167.2,195.3,214.4,263,300.4,282.6,336.6,380.7,423.1,448.4,108,108.9,157.5,178.5,202.8,172.6,232.1,269.5,290.8,306.1,NR,NR,2486,"U.S. Operations: 846.4 (25.5%);
Other: 471.6 (14.2%);
Swiss Operations: 598.4 (18.0%);
Chinese Operations: 571.2 (17.2%);
Corporate: -839.2 (-25.2%);
Western European Operations: 837.7 (25.2%)"
Quintiles Transnational Holdings Inc. (NYSE:Q),NYSE:Q,0.17293196984972872,0.1426722358250516,0.29600000000000004,0.5725261976826282,NA,NA,NA,NA,0.2364463256300286,10125.802287875875,730.8280000000002,351.344,594.3439999999999,2599.302287875874,23.551907968574636,21.322133771494947,23.890830638917983,2.4306981343021445,17.03693868849669,13.855246771984477,14.055805507878782,8.928,14.055805507878782,1.2032547445168515,506.6,1,150.1,356.4,8393.9,306.00228787587355,Life Sciences Tools and Services (Primary),Public Company,Common Stock,8393.9,53.44,0.136,0.138,,0.571,0.695,,124.8,0.629,13.8,13,,3.1,,,,,,,,,13.8,16.4,16.8,8.13,57.3,25.8,1.46,10.68,0.031,Life Sciences Tools and Services,"Quintiles Transnational Holdings Inc., through its subsidiary, Quintiles Transnational Corp., provides biopharmaceutical development services and commercial outsourcing services in the Americas, Europe, Africa, and the Asia-Pacific.",Healthcare,1982,9819.9,4165.8,720.4,599.4,356.4,867.4,190.3,3305.8,2293.3,-704,82.7,,882.3,,,4.96,4.96,4.96,,10.4,,599.4,-100.6,3.41,,506.6,150.1,,2.78,2.78,2.52,2.72,2.72,29.6,975.3,,213.5,,,464.4,108.7,,29.7,2292.5,0.049,,23.4,9.39,80.8,19.9,34.2,53,72,91.1,111.9,,,-415.1,35.2,-182.8,425,0.126,,-92.2,45.8,,-78.6,4.78,32600,-704.1,67.26,114.6,United States,4165.8,720.4,356.4,4379.2,781.4,16.67,IQ137473239,6.5,0.36,9.1,68.52,46.3,1481.7,2046,-0.072,778.1,409.6,,-667.4,40.4,53.4,,,12,314.9,32600,2146.1,1945.7,100.6,761.2,610,114.6,9.54,29.78,3,,,,,,,,,420.8,379.7,415.2,476.4,,,,,,,160.6,241.8,177.5,226.6,,,4165.8,"Product Development: 3,097.8 (74.4%);
Integrated Healthcare Services: 1,068.0 (25.6%)"
PerkinElmer Inc. (NYSE:PKI),NYSE:PKI,0.1535848381905954,0.09815841230109065,0.049800000000000004,0.06337360140922067,0.07369864355320502,0.0458,0.0527,0.38123325105302697,0.17879478414508462,6862.174301221386,3292.6,150.49999999999997,219.6,1258.1743012213853,36.62103929024081,35.66405529074096,38.39734219269104,3.067304801189606,31.248516854377893,2.0841202396954945,19.971403670609387,372.3,14.766891115174058,2.0808818439814494,169.6,1,8.44,157.8,5778.8,205.1743012213853,Life Sciences Tools and Services (Primary),Public Company,Common Stock,5778.8,95.7,0.41,0.267,0.26,1.04,0.934,0.879,113.1,0.873,8.39,10.8,,2.61,5.09,5.09,5.27,4.58,14,10.6,9.56,7.61,174.2,22.7,13.7,5.26,-5.64,-13.8,,1,0.478,Life Sciences Tools and Services,"PerkinElmer, Inc. provides products, services, and solutions to the diagnostics, research, environmental, industrial, and laboratory services markets worldwide.",Healthcare,1931,6656.9,2237.2,343.6,226.9,157.8,174.8,176.2,4134.1,1053,2042.1,29.1,0.28,659,,121.1,123.4,124.4,128.4,132.4,133.4,,226.9,-36.3,0.667,,169.6,8.44,,1.4,1.43,1.03,1.39,1.42,4.98,470.6,285.5,137.7,492.8,316.6,2284.1,174,,19.3,1013.7,,,-11.9,3.69,77.2,20.7,23.9,28.1,36.3,54.8,26.1,,-31.6,-65.5,24.5,-368.7,475,2.12,,-271.5,8.1,-24.6,-17,3.79,7700,2042.1,51.09,54.8,United States,2237.2,343.6,157.8,2304.1,452.3,11.11,IQ268363,3.82,0.30,7.16,51.18,39,1007,934.7,,173.2,2143.1,,1994.5,48.1,99,,47.5,,164.8,7700,1068.6,1044.8,166.9,227.2,206.1,54.8,2.83,26.11,1,2237.2,"United States: 849.4 (38.0%);
Germany: 107.1 (4.8%);
United Kingdom: 134.6 (6.0%);
Japan: 93.8 (4.2%);
France: 84.9 (3.8%);
Italy: 85.4 (3.8%);
Other International: 605.7 (27.1%);
China: 276.2 (12.3%)",138.1,161.7,144.8,168.9,154.3,137,179.3,122.7,207,263.1,96,268.1,119.6,131.7,126.4,82.1,391,7.66,69.9,167.2,BBB,BBB,2237.2,"Environmental Health: 993.8 (44.4%);
Human Health: 1,243.4 (55.6%)"
"Bio-Rad Laboratories, Inc. (NYSE:BIO)",NYSE:BIO,0.1414712643678161,0.07500689655172414,0.325,0.03851948369945433,0.043080724876441524,0.07150000000000001,0.0557,0.20735156602670654,0.12707396211614397,4085.13380719784,2858.7999999999997,94.14000000000001,163.14000000000001,571.6338071978396,44.22072072072073,46.66002656042497,41.71234331846186,1.8782224400909608,25.04066327815275,1.4289680310612285,13.276352964568865,650.9000000000001,7.74579789002245,1.0059081185698278,131.6,1,42.7,88.8,3926.8,135.63380719783962,Life Sciences Tools and Services (Primary),Public Company,Common Stock,3926.8,72.42,0.16,0.181,0.614,0.571,0.636,1.25,29.1,0.102,-5.38,,,3.15,2.67,2.48,5.57,7.15,-9.29,-7.64,-1.77,4.04,-20.8,-19.7,-10.3,1.61,14.2,-9.97,14,30.66,2.05,Life Sciences Tools and Services,"Bio-Rad Laboratories, Inc. manufactures and supplies products and systems used to separate complex chemical and biological materials, as well as to identify, analyze, and purify their components for life science research, healthcare, analytical chemistry, and other markets.",Healthcare,1952,3665.2,2175,307.7,157.8,88.8,413.3,428.8,3341.3,436,2185.2,121,,806.8,,219.7,216.9,217,213.2,211,213.7,,157.8,-22.1,13.5,,131.6,42.7,,3.08,3.08,3.03,3.05,3.05,32.5,377.6,471,61.7,1089.1,660.3,500.4,128.6,,102.6,423.5,,,-4.58,1.99,22.7,14,18.5,25.7,33.6,39.3,-90.6,,,,15.1,-1.81,,-25.1,,-44.6,-9.9,5.8,11.1,4.58,7600,2185.2,134.95,46.9,United States,2175,307.7,88.8,2056.8,277.1,16.67,IQ255743,-0.827,0.20,-0.294,137.23,102.7,1184.3,437.4,,331.6,517.8,,2186.7,15.8,55.3,,97.5,,126,7600,1716.4,1757.5,148.5,130.7,206.5,46.9,0.582,,1,2175,"United States: 704.9 (32.4%);
Pacific Rim: 417.5 (19.2%);
Europe: 901.7 (41.5%);
Other (primarily Canada and Latin America): 150.9 (6.9%)",123.5,115.3,150.2,142.8,211.7,234.8,284,305.2,280.3,175.3,68.2,81.6,103.3,93,89.5,144.6,185.5,179,165.5,77.8,BBB,BBB,2175,"Other Operations: 14.4 (.7%);
Clinical Diagnostics: 1,432.3 (65.9%);
Life Science: 728.3 (33.5%)"
"Charles River Laboratories International, Inc. (NYSE:CRL)",NYSE:CRL,0.22239346536179394,0.1514217461662942,0.268,0.10878687036756922,0.17989493113729946,0.0601,0.0373,0.5525140262822633,0.18752767085564023,4477.204080498074,1322.1999999999998,126.7,196.5,869.6040804980747,29.736385161799525,28.73436877737953,29.736385161799525,3.4501071746151455,22.78475359032099,3.386177643698438,15.51352765245348,0,15.51352765245348,1.6057967937148319,177.6,1,47.7,126.7,3767.6,91.70408049807472,Life Sciences Tools and Services (Primary),Public Company,Common Stock,3767.6,101.37,0.053,0.092,0.272,0.444,0.579,1.08,47.3,0.45,6.2,10.3,,3.6,3.5,2.2,3.73,6.01,2.06,0.736,0.654,2.06,4.96,3.88,3.47,4.33,23.2,11.6,,1.72,0.765,Life Sciences Tools and Services,"Charles River Laboratories International, Inc., an early-stage contract research company, provides drug discovery and preclinical development services worldwide.",Healthcare,1947,4401.4,1297.7,288.6,196.5,126.7,160,676.8,1885.2,777.9,704.3,56.9,,258.2,,,,,,,,26,196.5,-12,1.15,,177.6,47.7,,2.72,2.75,2.57,2.66,2.7,26.8,258,89,56.8,1331.8,655,321.1,33.8,,2.3,722,32.1,,12.2,11.3,63.5,6.28,6.99,10,12.6,14.1,6.57,,,-122,73.7,-194.5,298.9,-6.8,,-234.3,4.6,-2.96,-28.1,1.42,7900,672.2,79.61,14.2,United States,1297.7,288.6,126.7,1333.3,329.2,11.11,IQ91093,3.97,0.34,8.32,84.69,49.6,480.6,663.8,23.7,155.9,230.7,,641,24.2,98.2,,0.028,48.6,43.3,7900,606.9,552.6,31.8,117,76.8,14.2,2.55,43.39,1,1297.7,"Europe: 446.3 (34.4%);
Japan: 49.9 (3.8%);
United States: 588.5 (45.4%);
Canada: 163.5 (12.6%);
Other Non-United States: 49.5 (3.8%)",158,184.7,188.2,227.2,249.5,189.4,146.7,175.3,175.7,176,89.8,142,-55.8,150.6,-524.5,114.4,-336.7,109.6,97.3,102.8,BBB-,BBB-,1297.7,"Research Models and Services: 507.3 (39.1%);
Discovery and Safety Assessment: 538.2 (41.5%);
Manufacturing Support: 252.1 (19.4%)"
PAREXEL International Corporation (NasdaqGS:PRXL),NasdaqGS:PRXL,0.14900446361402278,0.10861126435628667,0.299,0.2128734329865104,0.25888342100797557,0.139,0.18100000000000002,0.5088601640392166,0.14012835757148717,4055.2619473559757,713.14,152.56,216.56,610.5619473559755,24.86131386861314,22.85799601857996,24.558206607236496,2.0338341678900522,18.72581246470251,5.68648785281428,13.649484844685208,78.84,12.516240578259184,1.1810708375593872,215.1,1,64.3,150.7,3746.6,263.6619473559754,Life Sciences Tools and Services (Primary),Public Company,Common Stock,3746.6,113.65,0.051,0.081,0.217,0.594,0.754,1.12,54.8,0.606,21.6,18,,2.92,25.3,22.1,18.1,13.9,32.9,18.8,15,13.5,60.2,44.3,29,16.5,32.4,32,,2.23,0.99,Life Sciences Tools and Services,"PAREXEL International Corporation, a biopharmaceutical outsourcing services company, provides clinical research, clinical logistics, medical communications, consulting, commercialization, and advanced technology products and services for pharmaceutical, biotechnology, and medical device industries worldwide.",Healthcare,1983,3791.6,1993.9,297.1,214.7,150.7,301.9,215.4,1769.2,346.9,589.3,62.1,,399.3,,26.9,26.9,26.9,23.8,23.8,23.8,82.4,214.7,-4.9,,,215.1,64.3,,2.71,2.71,2.39,2.66,2.66,29.9,649.3,,107.5,,,329.7,44.9,,26.3,344.4,,,22.7,7.55,99.8,24.9,31.5,40.6,51.3,62.1,-41.1,,,-150,10.9,-457.5,425.5,89.3,,-10.6,11.5,,-23.1,1.68,,589.3,68.38,,United States,1939.4,281.2,129.1,2136,327.2,28.57,IQ32717,7.16,0.39,11.6,70.73,41.8,696.3,383,,217.8,326.9,,627.9,17.7,97.4,,28.8,54,204,15560,1081.5,1166.8,65.3,192.2,461.8,59.4,3.18,29.21,3,2024,"Segment Adjustment: 820.6 (40.5%);
The Americas: 946.3 (46.8%);
Asia/Pacific: 257.1 (12.7%)",29.1,25.7,49.2,70.5,93.5,90.8,115.4,71.4,116.9,162.7,15.7,-38.5,31.2,46.6,58.1,36.4,60.3,36.7,77.1,113.8,,,1993.9,"Parexel Informatics (PI): 275.5 (13.8%);
Parexel Consulting & Medical Communications Services (PCMS): 212.4 (10.7%);
Clinical Research Services (CRS): 1,506.0 (75.5%)"
Bio-Techne Corp. (NasdaqGS:TECH),NasdaqGS:TECH,0.47279411764705886,0.4253921568627452,0.29,0.12415378725290668,0.14714268307542344,0.09269999999999999,0.07400000000000001,0.17071551203766377,0.04391977472495678,3753.748319621377,992.5400000000001,120.76000000000002,173.56000000000003,168.9483196213769,31.814878892733567,31.53690507609748,30.45544882411394,9.200363528483768,21.627957591734134,3.781961754308518,19.45955583007453,107.84,16.207894298883318,1.250747729620969,162.7,1,47.1,115.6,3677.8,11.948319621376887,Life Sciences Tools and Services (Primary),Public Company,Common Stock,3677.8,99.84,0.039,0.112,0.231,0.268,0.526,0.613,37.1,0.19,5.2,11,,3.61,7.3,6.65,7.4,9.27,2.03,1.99,3.73,9.03,0.836,-0.982,1.91,10,1.38,1.93,0.117,0.394,0.013,Life Sciences Tools and Services,"Bio-Techne Corporation develops, manufactures, and sells biotechnology products and clinical diagnostic controls worldwide.",Healthcare,1976,3694.8,408,192.9,168.4,115.6,93,124.8,1119,157,820.7,14.4,1.26,86.3,,38.7,36.6,35.1,30.5,33,32.5,,168.4,-0.748,1.93,,162.7,47.1,,3.13,3.13,2.85,3.12,3.12,29,57.2,52.8,13.1,222.5,97.8,401.7,13.1,,,151,,,8.85,23.6,7.73,0.814,1.24,1.48,1.65,1.79,25.1,,-46.2,,11.8,-19,163,186.3,,-426.1,3.32,-5.91,-0.103,1.24,,820.7,99.04,,United States,357.3,184.5,110.9,473.6,215.8,7.69,IQ189488,17.5,0.20,6.58,101.6,82.6,289.2,0,,98.4,144.4,,748.5,18.4,98.3,,100,,2.76,994,273.5,279.1,7.16,13.1,1.82,1.6,0.811,72.11,1,,,88.4,104.4,116.4,133.5,153,152.6,156.3,173.5,168.4,165.2,57.1,70.5,78.1,93.5,109.1,104.5,111.2,112.7,110,114,,,408.5,"Segment Adjustment: 33.2 (8.1%);
Biotechnology: 316.3 (77.4%);
Clinical Controls: 59.0 (14.5%)"
VWR Corporation (NasdaqGS:VWR),NasdaqGS:VWR,0.1047928142070258,0.07524055493337599,0.35700000000000004,0.06354525532106511,0.11390609838023437,NA,NA,0.6253315668825254,0.40210709838449615,5440.194885349326,3331.1000000000004,152.6,329.2,2235.994885349326,21.787024901703802,21.121951219512194,21.787024901703802,1.243387855769736,16.525500866796254,1.63315267789899,11.865201494764069,0,11.865201494764069,0.34514392275994826,237.4,1,84.8,152.6,3324.7,124.0948853493258,Life Sciences Tools and Services (Primary),Public Company,Common Stock,3324.7,27.52,,,,,,,131.4,0.395,17.8,15.5,,1.47,,,,,,,,,38.3,6.17,5.01,1.69,982.3,14,77.65,0.001,0.001,Life Sciences Tools and Services,"VWR Corporation provides laboratory products, services, and solutions to the life science, general research, and applied markets worldwide.",Healthcare,1852,5316.1,4375.3,458.5,329.2,152.6,120.5,231.5,4988.8,2111.9,1339.7,33.6,,914.2,,,,,,,,,329.2,-167.2,0.9,-11.3,237.4,84.8,29.4,2.5,2.5,3.22,2.49,2.49,35.7,583.5,394.5,42,402.3,170.8,1853.6,466.2,2.5,137.4,2004.9,,,9.51,4.48,34.7,15.2,18,20.9,25.2,30.1,11.8,,-25,,582.6,-1380,742.2,0.5,13,-102.9,27.5,-41.5,-30.1,5.26,8800,1339.7,25.31,35.5,United States,4375.3,458.5,152.6,4274,454.7,9.09,IQ266745628,0.939,0.38,4.23,27.14,20.6,1243.4,2854.4,,161.5,1926.5,629.5,425.8,4.59,22.3,0,35.5,60,120.1,8800,1202.6,1215.8,462.7,71.2,140.9,35.5,3.5,21.01,,4375.3,"United States: 2,188.2 (50.0%);
International: 2,187.1 (50.0%)",,,,,,,,275.1,275.1,288.7,,,,,,,,57.7,3.8,14.1,,,4375.3,"Americas: 2,430.1 (55.5%);
EMEA-APAC (Europe, Middle East, Africa and Asia Pacific): 1,945.2 (44.5%)"
Bruker Corporation (NasdaqGS:BRKR),NasdaqGS:BRKR,0.11963071479904915,0.07942948753386035,0.41200000000000003,0.06254541147206018,0.0566023065958274,0.17600000000000002,0.284,0.3566279145272869,0.12180475689491413,3192.3614274148977,1350.76,43.68000000000001,143.68,427.76142741489775,54.39329805996472,49.4561717352415,70.60668498168496,1.764808130584829,22.218551137353128,2.363381672106738,14.752132289347955,543.56,8.172968324154883,1.0700042151681204,101.3,1,41.7,56.7,3084.1,72.76142741489772,Life Sciences Tools and Services (Primary),Public Company,Common Stock,3084.1,70.6,0.214,0.205,0.255,1.12,1.12,1.24,168.5,0.827,7.81,8.91,,0.749,,37.3,28.4,17.6,-6.93,2.71,5.35,10.2,-15,-1.55,-0.108,3.08,-29.2,-11.1,,34.34,23.34,Life Sciences Tools and Services,"Bruker Corporation, together with its subsidiaries, designs, manufactures, sells, and services proprietary life science and materials research systems, and associated products worldwide.",Healthcare,1991,2947.4,1808.9,216.4,156.7,56.7,319.5,249.9,1864.8,355,771.7,33.8,,451,,174.2,181.7,185.1,187.1,190.5,191.7,,156.7,-13.3,0.8,,101.3,41.7,,0.338,0.338,0.52,0.33,0.33,41.2,293.2,477.4,98.2,622.7,372.8,127.8,76,,27.3,354.2,5.8,,-8.92,-1.66,19.2,8.8,9.6,12,15.4,19.1,-58.4,,,,7.9,-0.8,,-192.6,25.3,-3.9,9,4.6,-14.5,4.51,6100,765.9,18.3,22.8,United States,1808.9,216.4,56.7,1659.4,232.2,9.09,IQ527317,-2.32,0.26,7.94,24.93,17.3,788.3,355,4.1,438.7,127.4,,846.1,13.2,65.7,,67.6,,70,6100,1366.3,1431.9,74.8,172.9,400.2,22.8,4.81,15.24,3,1808.9,"Other: 187.8 (10.4%);
Germany: 215.1 (11.9%);
North America: 387.6 (21.4%);
Asia Pacific: 495.5 (27.4%);
Rest of Europe: 522.9 (28.9%)",6.59,22.4,111.9,145.1,116.7,137.1,168.7,164.2,182.2,176.3,-3.86,9.75,74.4,98.9,64.9,81.2,95.4,92.3,77.5,80.1,,,1808.9,"Corporate and Other: -18.6 (-1.0%);
Bruker Energy & Supercon Technologies (BEST): 152.9 (8.4%);
Bruker Scientific Instruments (BSI): 1,674.6 (91.6%)"
"INC Research Holdings, Inc. (NasdaqGS:INCR)",NasdaqGS:INCR,0.18463628504384338,0.11732740521180683,0,0.13854455301152108,-0.05991840897501275,NA,NA,0.5492683957813893,0.19633277052852052,2307.8408916730364,685.7,-23.5,95,477.9408916730363,NA,NA,NA,2.850241931175789,24.29306201761091,3.3656714185110634,15.437062820555427,0,15.437062820555427,0.17378859129012472,NA,1,NA,NA,NA,57.94089167303626,Life Sciences Tools and Services (Primary),Public Company,Common Stock,1956.4,55.96,,,,,,,61.3,0.191,34,21.7,,1.25,,,,,,,,,,,34,22.8,,116.8,,0.73,0.039,Life Sciences Tools and Services,"INC Research Holdings, Inc., a contract research organization, provides various clinical development services for the biopharmaceutical and medical device industries.",Healthcare,2010,2250,809.7,149.5,95,-23.5,126.5,43.7,1245.1,420,392.2,25.6,,145.1,,,,,,,,54.5,95,-53,0.249,-9.24,-28.2,-4.73,3.75,-0.511,-0.511,0.585,-0.511,-0.511,,248.4,,16.7,82.9,39.2,556.9,16.5,,2.89,415.3,,,46.2,24.1,0.913,2.97,9.8,13.8,16.8,19.4,-42.9,,,-3.42,156.3,-503.2,288.4,,,-2.3,25.7,,-24.3,8.87,5600,392.2,31.94,21.2,United States,809.7,149.5,-23.5,888.3,165.5,12.5,IQ274031831,10.4,0.38,13.5,33.56,19.6,294.7,594.5,,97,563.4,,276.2,1.36,56.8,,,101.2,81.4,5600,426.9,376.2,9.59,87.5,213.9,21.2,3.93,,,809.7,"Europe, Middle East and Africa: 215.8 (26.7%);
Asia-Pacific: 23.4 (2.9%);
Latin America: .0 (.0%);
North America (Excluding U.S.): 3.2 (.4%);
United States (U.S.): 567.3 (70.1%)",,,,,,,,-2.03,1.85,43.8,,,,,,,,-59.5,-59.1,-41.5,,,809.7,"Clinical Development Services: 790.8 (97.7%);
Phase I Services: 11.0 (1.4%);
Global Consulting: 7.9 (1.0%)"
"PRA Health Sciences, Inc. (NasdaqGS:PRAH)",NasdaqGS:PRAH,0.12182220116848257,0.0455550292120638,0,0.036996665811746605,-0.05274822695035462,0.152,0.11699999999999999,0.6299189408912036,0.4014472891549943,2784.388540623567,1559.6,-35.7,57.7,1151.9885406235671,NA,NA,NA,2.1983171803438872,48.25630053073773,1.7853222240469142,18.045291902939514,0,18.045291902939514,0.28964834653004196,NA,1,NA,NA,NA,183.98854062356702,Life Sciences Tools and Services (Primary),Public Company,Common Stock,1717.6,33.21,,,,,,,59.8,0.333,16.6,18.8,,1.42,,3.37,11.7,15.2,,,,,,,,,,26.6,,0.21,0.1,Life Sciences Tools and Services,"PRA Health Sciences, Inc., a contract research organization, provides various product development services for pharmaceutical and biotechnology companies worldwide.",Healthcare,1976,2600.4,1266.6,154.3,57.7,-35.7,85.2,72.9,2238.6,968,676.8,27.3,,253.1,,,,,,,,96.6,57.7,-81.9,,,-43.9,-8.15,,-0.833,-0.833,-0.262,-0.833,-0.833,,338.8,,27.3,101.5,28.5,1034,39.1,,8.81,968,,,60.6,52.1,93.5,16.9,20.9,25.1,29.8,35.3,-0.375,,,,334,-423.8,105,15.1,,,19.7,,-32.8,6.58,11000,676.8,28.71,33.4,United States,1266.6,154.3,-35.7,1361.5,201.5,16.67,IQ33184,0.564,0.41,11.2,31.99,18.5,407.4,1268.3,,72.2,1099.1,,467.3,1.99,33,,23.2,75.3,121.4,11000,488.7,458,27.7,103.2,317.4,33.4,6.96,9.4,,1266.6,"United States: 822.2 (64.9%);
Other Americas: 28.9 (2.3%);
United Kingdom: 313.5 (24.8%);
Netherlands: 67.2 (5.3%);
Other Europe, Africa and Asia-Pacific: 34.7 (2.7%)",41.4,51.2,33.2,,,,,,57,45.6,20.7,32.2,26.8,,,,,,-2.71,-88.3,NR,NR,1266.6,"Clinical Drug Development Services: 1,266.6 (100.0%)"
Fluidigm Corporation (NasdaqGS:FLDM),NasdaqGS:FLDM,-0.2995708154506438,-0.1174248927038627,0,-0.031451167923487226,-0.18271276595744682,NA,NA,0.5831260501117715,0.1553563325212298,1320.4805190041857,434.96,-27.48,-13.680000000000003,210.38051900418583,NA,NA,NA,11.334596729649663,NA,3.0358665601530848,NA,122.76,NA,2.3168386081482777,NA,1,NA,NA,NA,14.880519004185818,Life Sciences Tools and Services (Primary),Public Company,Common Stock,1143.8,103.16,0.091,0.069,0.07,1.5,1.18,0.997,28.4,0.302,,25,,-1.22,,,,,,,,35.6,,,,39.5,,,,0.252,0.132,Life Sciences Tools and Services,"Fluidigm Corporation creates, manufactures, and markets technologies and life science tools focused on the exploration and analysis of single cells, as well as the industrial application of genomics.",Healthcare,1999,1224,116.5,-34.9,-39,-52.8,33.7,13.9,407.6,195.5,150.4,7.4,,70,,53.4,44.5,34,23.4,20,18.5,,-39,-5.34,,,-57.7,-4.88,,-1.9,-1.9,-1.02,-1.9,-1.9,,22.4,16,,30.2,16.4,104.1,5.92,,1.18,195.5,,,,63.6,2.17,2.97,2.9,2.87,3.02,3.15,8.92,,,,5.11,,195.2,-57.8,,-113.2,0.107,-6.16,-3.39,2.97,474,150.4,40.32,4,United States,116.5,-34.9,-52.8,147.3,-21.1,15.38,IQ742365,25.1,0.48,,46.38,21.7,31,0,,35.3,,,96.4,10.6,92.2,,100,,10.6,474,155.9,104.6,4.35,10.5,3.07,4,3.41,17.98,3,115.9,"Other: 3.9 (3.4%);
Asia-Pacific: 12.9 (11.1%);
Europe: 33.0 (28.5%);
United States: 59.1 (51.0%);
Japan: 6.9 (6.0%)",,-16.5,-21.7,-23.5,-29.5,-18,-14.6,-15.6,-18.1,-17.4,,-16.4,-23.6,-25.5,-29.5,-19.1,-16.9,-22.5,-19,-16.5,,,116.5,"Development, Manufacturing, and Commercialization of Life Science Analytical and Preparatory Systems: 116.5 (100.0%)"
Cambrex Corporation. (NYSE:CBM),NYSE:CBM,0.21981837606837606,0.16175747863247864,0,0.2003374131657294,0.23631369426751592,-0.00658,0.0007099999999999999,0.20024839730169464,0.05446156459284142,1109.3975262224783,302.3,59.361999999999995,60.562,62.89752622247827,19.05759162303665,18.263525305410123,18.39560661702773,2.963134418329269,18.318376642489984,3.6698561899519624,13.479921339276771,36.6,11.628904887028076,1.6781135531135531,45.5,1,-12.6,57.3,1092,2.897526222478267,Life Sciences Tools and Services (Primary),Public Company,Common Stock,1092,97.36,0.101,0.086,0.096,1.4,1.21,1.07,31.3,0.278,24.8,14.8,,1.68,,2.34,0.071,-0.658,40.7,17.2,11.9,9.71,73.5,34.8,20.5,13.6,121.1,29.8,,1.97,0.323,Life Sciences Tools and Services,"Cambrex Corporation, a life sciences company, provides various products and services for the development and commercialization of new and generic therapeutics worldwide.",Healthcare,1981,1106.4,374.4,82.3,58.5,57.3,45.5,163.6,487.1,60,251.2,23.3,,52,,13.1,12.8,11.5,10.7,10.4,9.79,,58.5,-2.17,,,45.5,-12.6,,1.86,1.89,1.05,1.81,1.84,,77.1,85.6,3.81,494.7,331.2,43.9,43.7,,8.7,60,,,21.9,17.6,0.09,0.193,0.528,0.588,0.6,1.19,0.729,,,,4.2,-45,25.8,-1.4,,-2.43,12.4,-9.06,-8.96,3.58,1117,251.2,34.93,1.11,United States,374.4,82.3,57.3,427.1,104.8,11.11,IQ258332,10.6,0.25,14.6,37.39,15.8,123.6,79.3,,22.7,38.7,,210.2,7.33,98,,,,3.29,1117,227.6,202.6,29.1,26.2,42,1.11,2.07,12.08,1,374.2,"North America: 117.5 (31.4%);
Other Countries: 10.9 (2.9%);
Asia: 12.9 (3.4%);
Europe: 232.9 (62.2%)",46.4,17.7,15.8,30,25.5,26.4,22.7,23.9,36,45.1,-26.9,-110.5,-30.1,209.2,7.93,10.4,9.65,11,62.3,25.9,,,374.4,"Drug Discovery, Development and Manufacturing Processes for Human Therapeutics: 374.4 (100.0%)"
"Accelerate Diagnostics, Inc. (NasdaqCM:AXDX)",NasdaqCM:AXDX,-250.81967213114757,-200.81967213114754,0,-0.3893833439287984,-0.3621212121212121,NA,NA,0.01233277939021688,0.0008270017718836944,942.9241272189349,62.92000000000001,-23.9,-24.5,0.8241272189349113,NA,NA,NA,7728.886288679794,NA,14.986079580720515,NA,50.360000000000014,NA,0.8737571557698102,NA,1,NA,NA,NA,0.6641272189349112,Life Sciences Tools and Services (Primary),Public Company,Common Stock,995.7,18.2,0.001,0.004,0.007,0.18,0.421,0.69,44.7,0.212,,,,,,,,,,,,,,,,,,,,42.47,0.001,Life Sciences Tools and Services,"Accelerate Diagnostics, Inc., an in vitro diagnostics company, focuses on developing and commercializing solutions for the diagnosis of serious infections.",Healthcare,1982,929.2,0.122,-30.6,-31.5,-30.9,53.6,2.54,69.8,0.16,66,1.93,,10.7,,20.3,17.8,14.5,12.4,10.8,11,0.888,-31.5,-0.007,0.064,,-31.5,-0.527,,-0.709,-0.709,-0.451,-0.709,-0.709,,0.078,,,3.98,1.44,,2.13,,,,,,,154.2,,,,,0.06,0.633,-1.23,,,,45.8,-0.107,,-1.44,,,1.34,,-0.054,15.7,73,66,22.3,0.293,United States,0.122,-30.6,-30.9,,,25,IQ363801,,0.20,,31.86,15.4,0.122,0,,30,,,41.5,3.48,45.4,,,,0.284,73,67.1,42.1,0.54,0.515,0.082,0.293,5.6,5.21,1,0.122,United States: .1 (100.0%),-1.74,-3.03,-2.65,-1.9,-1.13,-1.2,1.43,-1.19,-7.37,-15.3,-0.939,-2.82,-2.47,-1.76,-1.23,-1.13,1.48,-1.17,-8.16,-15.3,,,0.122,Baccel Technology: .1 (100.0%)
Affymetrix Inc. (NasdaqGS:AFFX),NasdaqGS:AFFX,0.10773638968481376,0.03873925501432666,0,0.028932163492403178,-0.008116048475945626,0.0008799999999999999,-0.07780000000000001,0.4005261801133325,0.1607835492044125,1051.6316794609631,467.29999999999995,-2.2099999999999937,13.520000000000003,181.93167946096335,NA,NA,NA,3.0132712878537626,77.78340824415406,2.250442284316206,27.96892764523838,146.89999999999998,11.977581770626003,3.106571187868576,NA,1,NA,NA,NA,53.93167946096335,Life Sciences Tools and Services (Primary),Public Company,Common Stock,949.6,98.12,0.174,0.048,0.02,1.32,0.969,0.53,74.7,0.868,8.63,34.5,,0.296,,-14.8,-7.78,0.088,,,10.2,1.31,,,28.1,9.28,,44.7,,1.68,0.615,Life Sciences Tools and Services,"Affymetrix, Inc. provides life science products and molecular diagnostic products that enable parallel analysis of biological systems at the gene, protein, and cell level primarily in the United States, Europe, Latin America, and Asia.",Healthcare,1991,997.7,349,37.6,11.9,-3.83,79.9,18.1,486.5,128,272.3,7.89,,148.4,,50.2,49.4,48,47.1,47.7,50.7,,11.9,-6.37,,,-3.6,0.236,,-0.052,-0.052,0.032,-0.052,-0.052,,46.9,50.7,5.04,177,158.9,156.2,10.8,,5.31,124,,,-20.4,5.64,27,7.19,7.06,7.75,7.23,9,-6.14,,,,1.21,-16.5,,3.09,,,8.75,0.603,2.82,4.36,1100,272.3,12.71,10.1,United States,349,37.6,-3.83,362.6,47.4,28.57,IQ348016,3.92,0.25,11.9,13.11,6.25,210.5,144.5,,57.1,161.6,,271.5,11.8,89.5,,82.1,17.9,32.7,1100,190.5,175.7,9.57,24,30.6,10.1,4.2,6.23,1,349,"Other: 15.1 (4.3%);
Europe: 80.9 (23.2%);
United States: 212.8 (61.0%);
APAC: 40.2 (11.5%)",58.7,65.7,-5.05,21.4,49.7,-22,-5.17,-13.7,-11.3,8.21,47.6,65.8,-13.7,12.6,-307.9,-23.9,-10.2,-28.2,-10.7,-16.3,NR,NR,349,"eBioscience: 92.5 (26.5%);
Affymetrix Core: 256.5 (73.5%)"
Luminex Corporation (NasdaqGS:LMNX),NasdaqGS:LMNX,0.19999999999999998,0.13295154185022026,0,0.0841043361944042,0.11868749999999999,0.203,NA,0.06453960216269415,0.030965279270558217,621.2775489158163,358.84,37.98,30.18,22.077548915816333,17.715384615384615,15.364102564102563,18.191153238546605,2.7369055018317896,20.585737207283508,1.7313497628910275,13.684527509158949,129.51999999999998,7.020085298483799,0.6875090461716602,28.1,1,-11,39,690.9,21.057548915816334,Life Sciences Tools and Services (Primary),Public Company,Common Stock,690.9,71.67,0.035,0.048,0.044,0.517,0.636,0.474,42.9,0.246,4.11,25.1,,0.514,,,,20.3,17.1,33.4,23.6,13.5,39.2,2.22,3.38,7.18,450.2,220.8,0.491,11.99,0.233,Life Sciences Tools and Services,"Luminex Corporation develops, manufactures, and sells proprietary biological testing technologies and products for the diagnostics and life sciences industries worldwide.",Healthcare,1995,600.2,227,45.4,31.2,39,91.7,39.9,357.5,1.02,320,17.1,,82.8,,43.1,42.9,42.9,43.4,45,46.4,3.91,31.2,-0.006,,,28.1,-11,,0.939,0.939,0.469,0.93,0.93,,29.1,36.6,12.2,98.7,58.7,49.6,11.8,,0.488,,,,77.1,6.35,4.91,3.57,3.57,4.06,4.06,4.28,8.66,,,,4.75,-1.62,,-11.6,,,0.841,-7.05,1.96,,745,320,16.1,4.5,United States,227,45.4,39,231.6,49.8,0,IQ411496,5.22,0.39,4.69,21.69,15.1,161.1,1.66,,67.9,50.7,,269.6,1.9,87.5,,,0,13.4,745,177,146.4,10.7,9.59,7.02,4.5,0.825,18.84,3,227,"Asia: 14.9 (6.5%);
Europe: 17.8 (7.9%);
Other: 2.7 (1.2%);
United States: 187.9 (82.8%);
Canada: 3.7 (1.6%)",-4.16,-3.5,-0.581,-10,3.35,7.4,11.3,29.2,27,9.74,-3.61,-2.67,1.51,-2.71,3.06,17.7,5.23,14.5,12.4,7.1,,,227,Medical Products: 227.0 (100.0%)
Albany Molecular Research Inc. (NasdaqGS:AMRI),NasdaqGS:AMRI,0.12364425162689804,0.061123644251626884,0,0.04731819349667309,-0.00940115798180314,0.050199999999999995,0.00734,0.41452506243637355,0.23004365583497524,697.1980371255813,357.3002,-2.2731999999999997,16.906799999999997,171.19803712558135,NA,NA,NA,2.5206002788343502,41.23772902770373,1.951294841496258,20.385907518291848,2.1002000000000005,19.806762418340377,2.574171029668412,NA,1,NA,NA,NA,10.798037125581349,Life Sciences Tools and Services (Primary),Public Company,Common Stock,573,76.22,0.001,0.018,0.153,0.103,0.596,1.73,32.6,0.474,23.5,8,,0.821,,-0.417,0.734,5.02,,60.2,13.3,7.08,,,95.5,10,,-49.1,,24.07,1.27,Life Sciences Tools and Services,"Albany Molecular Research, Inc., a contract research and manufacturing company, provides integrated drug discovery, development, and manufacturing services primarily in the United States, Europe, and Asia.",Healthcare,1991,686.5,276.6,34.2,15.9,-3.28,47,165.5,520,160.4,241.8,17.2,,48.9,,1,0.819,0.345,0.388,0.414,-2,,15.9,-11,0.003,,-5.47,-2.19,,-0.104,-0.104,0.107,-0.104,-0.104,,76.7,49.9,6.4,352.5,187,61.8,30.3,,2.17,160,,,-26.7,12.2,0.155,0.382,0.923,2.02,3.45,4.78,40.5,,,-0.579,2.31,-5.06,35,-0.398,,-145.8,-4.87,-7.97,-10.2,7.6,1668,241.8,17.56,3.02,United States,276.6,34.2,-3.28,361.6,65.8,28.57,IQ396177,19.9,0.54,25.1,23.95,13.7,65.8,124.2,,175.9,,,240.8,5.9,56.3,,95,0.003,9.08,1668,191,279,24.2,6.81,16.8,3.02,1.8,6.18,3,250.7,"United States: 170.5 (68.0%);
Other Countries: 5.0 (2.0%);
Asia: 17.5 (7.0%);
Europe: 57.7 (23.0%)",16.5,23.7,5.09,11.6,27.8,1.5,-11.4,-13.4,13.7,31.1,-11.7,16.3,2.18,8.94,20.6,-16.7,-62.9,-32.3,-4.26,11.8,,,276.6,"Drug Discovery and Development Services (DDS): 93.0 (33.6%);
Active Pharmaceutical Ingredients (API): 154.0 (55.7%);
Drug Product: 29.6 (10.7%)"
Sequenom Inc. (NasdaqGS:SQNM),NasdaqGS:SQNM,-0.061477572559366755,-0.23839050131926123,0,-0.24807797913234486,NA,0.21,NA,NA,0.26417206696461293,561.9820521531807,145.68,-13.629999999999999,-36.14,165.18205215318068,455.54455445544556,415.4973821989529,NA,3.7070056210631974,NA,3.8576472553073904,NA,100.48,NA,2.6135622690719407,NA,1,NA,1.01,460.1,25.482052153180675,Life Sciences Tools and Services (Primary),Public Company,Common Stock,460.1,42.06,0.005,0.025,0.009,0.291,0.781,0.394,118,1.66,,25,,-0.076,,,,21,,,,32,,,,39.4,,,,1.22,0.045,Life Sciences Tools and Services,"Sequenom, Inc., a life sciences company, develops and commercializes molecular diagnostics testing services for the women's health and oncology markets in the United States and internationally.",Healthcare,1994,505.9,151.6,-9.32,-21.5,1.01,63.3,15.3,161.1,139.7,-31.2,2.24,,64.6,,25,35.4,37.9,41.7,38.7,44.5,,-21.5,-8.18,0.055,,-22,-7.68,,0.009,-0.123,-0.16,0.009,-0.123,,9.13,6.52,,65.8,50.4,10,6.09,,2.58,135.6,,,,26.8,17.1,2.7,2.63,2.56,2.5,4.07,-12.3,,,,1.83,-7.54,,35,,,-5.68,5.08,-6.58,5.75,448,-31.2,3.9,5.2,United States,151.6,-9.32,1.01,162.6,3.3,4.76,IQ34225,10.6,0.39,,4.19,2.33,68.1,147.3,,61.6,10,,-46.5,4.81,82.9,,93,2.66,15.1,448,121.7,101.5,9.09,25.3,7.66,5.2,11.1,4.96,1,,,-33.5,-27.3,-19.3,-22.6,-42.6,-69.1,-65.6,-74.2,-114.6,-76.5,-34.6,-26.5,-17.6,-22,-44.2,-71,-120.8,-74.1,-117,-107.4,,,151.6,Sequenom Laboratories: 151.6 (100.0%)
"Pacific Biosciences of California, Inc. (NasdaqGS:PACB)",NasdaqGS:PACB,-0.966996699669967,-0.9973597359735972,0,-0.34952579227388386,-1.1610200364298724,NA,NA,0.24706598397760213,0.04145948019448683,398.1147559171598,172.92,-63.739999999999995,-60.43999999999999,18.014755917159764,NA,NA,NA,6.569550427675904,NA,2.3023060138628257,NA,140.32,NA,1.5846338535414166,NA,1,NA,NA,NA,3.9147559171597632,Life Sciences Tools and Services (Primary),Public Company,Common Stock,416.5,44.27,0.054,0.002,0.115,1.04,0.289,2.48,74.5,0.665,,30,,-0.925,,,,,,,,239.2,,,,21.4,,,,2.8,2.42,Life Sciences Tools and Services,"Pacific Biosciences of California, Inc. designs, develops, manufactures, and markets an integrated platform for genetic analysis.",Healthcare,2000,329.3,60.6,-58.6,-62.9,-66.2,36.4,6.6,124.5,14.1,54.9,1.61,,38,,48.2,47,45.8,45,45.2,45.7,,-62.9,-2.83,,,-66.2,,,-0.939,-0.939,-0.587,-0.939,-0.939,,3.41,11.3,,37.1,30.5,,5.61,,1.53,14.1,,,,115,,,,,0.095,3.98,-6.45,,,,42,,,21.2,,,3.89,-1.29,-0.66,20.7,344,54.9,5.59,2.2,United States,60.6,-58.6,-66.2,72.7,-63.2,5.26,IQ11461617,15.7,0.41,,8.78,3.87,23.4,13.3,,26.4,,,69.2,2.64,74.1,,145.1,,8.2,344,117.8,126.5,1.72,7.91,12.9,2.2,16.5,5.1,3,60.6,"United States: 34.8 (57.4%);
Europe: 10.1 (16.7%);
Asia: 15.7 (25.9%)",,,,-23.4,-44.8,-88.1,-140.2,-104.9,-94.3,-77.5,,,,-21.5,-43.8,-87.7,-140.2,-109.4,-94.5,-79.3,,,60.6,"Development, Manufacturing and Marketing of an Integrated Platform for Genetic Analysis: 60.6 (100.0%)"
Neogenomics Inc. (NasdaqCM:NEO),NasdaqCM:NEO,0.09437428243398394,0.032766934557979334,0.122,0.05836156139370226,0.02324503311258278,0.657,NA,0.15403961827828205,0.03723159035287916,261.69814263768774,42.93599999999999,1.404,2.8539999999999996,10.998142637687756,251.68141592920355,221.85840707964604,202.56410256410257,3.0045710980216733,91.69521465931597,6.095075056774916,31.83675701188415,7.756,23.98699749199704,0.4456751054852321,1.29,1,0.157,1.13,284.4,2.518142637687756,Life Sciences Tools and Services (Primary),Public Company,Common Stock,284.4,58.42,0.002,0.005,0.052,0.188,0.386,0.926,60.3,0.333,85.1,20,,0,,,,65.7,,,,24.2,,,69.9,26,-44.3,-18.7,,10.64,1.87,Life Sciences Tools and Services,"NeoGenomics, Inc., together with its subsidiary, NeoGenomics Laboratories, Inc., operates a network of cancer-focused testing laboratories providing genetic and molecular testing services to hospitals, pathologists, oncologists, urologists, other clinicians and researchers, and other laboratories in the United States.",Healthcare,2001,259.2,87.1,8.22,2.58,1.13,33.7,15.1,81.1,8.48,60.4,3.77,,35.4,,2.69,2.92,2.25,2.23,2.44,2.24,,2.58,-0.929,,,1.29,0.157,,0.021,0.021,0.019,0.02,0.02,12.2,20.5,2.62,1.96,34.9,19.8,2.93,6.29,,,,,,8.34,31,,,,0.483,0.928,1.28,-1.75,,,,39.6,-7.86,,,,-5.83,2.47,-0.229,-2.77,6.46,440,60.4,4.72,1.71,United States,87.1,8.22,1.13,103.9,7.67,42.86,IQ1335304,17.7,0.20,26.8,6.1,2.95,40.7,10.4,,4.83,,,21.7,0.507,78.1,,,,2.55,440,58.7,27.5,4.18,3.08,,1.71,4.01,2.04,1,87.1,United States: 87.1 (100.0%),-0.73,-0.8,0.299,-3.14,-0.884,-1.73,-2.96,-0.409,1.21,3.17,-0.819,-0.997,-0.13,-3.38,-1.38,-2.24,-3.3,-1.18,0.065,2.03,,,87.1,"Delivers Testing Services to Hospitals, Pathologists, Oncologists, Other Clinicians and Researchers: 87.1 (100.0%)"
"NanoString Technologies, Inc. (NasdaqGM:NSTG)",NasdaqGM:NSTG,-0.9348739495798319,-0.8714285714285714,0,-0.35465116279069775,-1.0151785714285715,NA,NA,0.5963700956377221,0.2532310587276021,244.1927671756198,116.95999999999998,-45.480000000000004,-41.480000000000004,66.19276717561979,NA,NA,NA,5.130100150748315,NA,2.087831456699896,NA,58.46,NA,1.6521516393442623,NA,1,NA,NA,NA,35.29276717561979,Life Sciences Tools and Services (Primary),Public Company,Common Stock,195.2,45.92,0.094,0.067,,1.69,1.67,,18.4,0.107,,,,-2.37,,,,,,,,,,,,38.8,,,,0.744,0.508,Life Sciences Tools and Services,"NanoString Technologies, Inc. develops, manufacture, and sells products that unlock scientifically valuable and clinically actionable genomic information from minute amounts of tissue.",Healthcare,2003,153.9,47.6,-44.5,-46,-50,17.2,6.37,102.7,30.9,44.8,1.9,,52.5,,21.4,20.5,18.3,16.7,15,13.9,,-46,-4.14,0.272,,-50,,,-2.81,-2.81,-1.75,-2.81,-2.81,,12.4,5.44,4.29,16.6,10.3,,3.38,,0.65,30.7,,,,51.6,26.3,3.96,3.85,3.79,3.48,3.03,-1.02,,,-0.094,58.6,-18.2,30,-22.4,,,0.021,-1.25,-4.11,13.8,276,44.8,10.63,1.44,United States,47.6,-44.5,-50,60.1,-41.8,10,IQ9648933,35.3,0.48,,21.87,7.8,26.4,18.3,,9.94,,,31.5,1.29,47.9,,,98.4,5.98,276,95.3,60.7,3.35,6.73,2.41,1.44,3.3,9.98,3,47.6,"United States: 29.0 (60.9%);
North America (Excluding United States): 3.2 (6.8%);
Europe, Middle East & Africa: 9.2 (19.3%);
Asia Pacific: 6.2 (13.0%)",,,,,,,-13,-10.5,-16.5,-28.5,,,,,,,-12.8,-10.9,-17.7,-29.3,,,47.6,"Development, Manufacture and Commercialization of Instruments, Consumables and Services: 47.6 (100.0%)"
Harvard Bioscience Inc. (NasdaqGM:HBIO),NasdaqGM:HBIO,0.09843606255749769,0.07286108555657772,0.467,0.03623920471129577,0.036020942408376964,0.053099999999999994,-0.032,0.2575247719968079,0.15419062889564839,200.7238198907148,116.486,3.4400000000000004,7.919999999999999,33.12381989071481,76.99152542372882,73.31583552055993,52.819767441860456,1.8465852795833928,25.34391665286803,1.7231583185165151,18.759235503805122,13.586,12.88342874779941,0.14446890478811228,4.42,1,2.06,2.36,181.7,11.623819890714813,Life Sciences Tools and Services (Primary),Public Company,Common Stock,181.7,61.75,0.011,0.028,0.224,0.245,0.522,1.17,33.2,0.107,9.71,,,0.267,0.111,-2.37,-3.2,5.31,-20.1,-4.78,-1.96,4.85,-14.8,-8.88,-6.52,-0.062,,19.2,,15.29,0.016,Life Sciences Tools and Services,"Harvard Bioscience, Inc. develops, manufactures, and markets scientific instruments, systems, and lab consumables used in life science research.",Healthcare,1901,189.1,108.7,10.7,6.84,2.36,14.1,5.19,135.9,21.5,95.5,2.01,,35.1,,4.88,4.43,4.48,4.11,4.15,1.83,2.58,6.84,-0.99,0.074,,4.42,2.06,,0.073,0.073,0.111,0.07,0.07,46.7,16.1,20.5,1.52,20.2,15,39.8,6.29,,1.26,16.5,,,10.8,3.32,5.87,1.35,1.55,1.58,1.6,2.09,5.94,,,,2.07,-5.5,2.2,,,-12.7,1.07,-3.06,-0.735,4.26,432,95.5,5.48,1.7,United States,108.7,10.7,2.36,116.4,17.8,25,IQ598656,7.06,0.57,25.6,5.93,3.68,49.3,24.8,,25.8,36.6,,94.5,0.105,84.7,,,80.4,3.65,432,57.1,60.8,4.68,4.77,1.63,1.7,6.26,3.42,3,108.7,"United States: 63.7 (58.6%);
Rest of the World: 20.2 (18.6%);
United Kingdom: 24.8 (22.8%)",8.68,8.22,8.69,9.53,10.3,8.73,10.8,9.03,8.84,5.74,2.33,-31.9,-2.34,-1.35,1.67,7.23,19,3.81,2.37,-1.83,,,108.7,Life Science Research Tools (LSRT): 108.7 (100.0%)
ChromaDex Corporation (OTCPK:CDXC),OTCPK:CDXC,-0.3137254901960784,-0.31394771241830055,0,-1.201631060189123,-1.2833499999999998,NA,NA,0.5137353189887165,0.03079572062666983,133.25597271856392,3.997399999999999,-5.133399999999999,-4.803399999999999,4.22597271856391,NA,NA,NA,8.709540700559733,NA,33.33566135952468,NA,1.1074,NA,0.11654135338345864,NA,1,NA,NA,NA,1.3659727185639106,Life Sciences Tools and Services (Primary),Public Company,Common Stock,133,8.81,0.009,0.016,0.008,0.494,0.689,0.777,107.3,0.115,,,,,,,,,,,,21.5,,,,23.6,,,1.9,25.03,7.69,Life Sciences Tools and Services,"ChromaDex Corporation, a natural products company, through its subsidiaries, discovers, acquires, develops, and commercializes proprietary-based ingredient technologies.",Healthcare,,131.9,15.3,-4.8,-5.06,-5.39,3.97,1.27,11.6,2.86,4,0.123,,10.4,,0.514,0.374,0.305,0.211,0.134,0.263,,-5.06,-0.159,0.002,,-5.39,,,-0.051,-0.051,-0.031,-0.051,-0.051,,1.91,3.73,,4.07,2.8,,3.45,,0.069,2.07,,,,50.7,,0.181,0.233,0.225,0.319,0.544,0.495,,,,0.467,-0.171,2.5,1.71,,,2.16,-1.53,-1.07,28.6,71,4,1.24,0.537,United States,15.3,-4.8,-5.39,,,20,IQ5034211,,0.16,,1.93,0.8,5.33,0.419,,2.26,,,5.67,0.062,67.6,,,,1.82,71,9.9,5.79,1.44,0.657,0.602,0.537,13.8,1.15,1,15.3,"United States: 13.4 (87.6%);
International: 1.9 (12.4%)",,,-1.1,-0.178,-1.42,-0.893,-2.02,-7.73,-11,-4.56,,,-1.28,-0.19,-2.1,-0.908,-2.05,-7.9,-11.7,-4.42,,,15.3,"Scientific and Regulatory Consulting: 1.0 (6.3%);
Core Standards and Contract Services: 7.5 (48.9%);
Ingredients: 6.9 (44.8%)"
Enzo Biochem Inc. (NYSE:ENZ),NYSE:ENZ,-0.09349173553719009,-0.1334504132231405,0,-0.37873812595285566,-0.32716332378223495,0.0874,NA,0.38318565767219553,0.14228177078528664,137.08104490289637,34.108,-11.418,-12.918,21.681044902896375,NA,NA,NA,1.4161264969307477,NA,4.019029110557534,NA,10.388000000000002,NA,0.942999234889059,NA,1,NA,NA,NA,17.561044902896374,Life Sciences Tools and Services (Primary),Public Company,Common Stock,130.7,50.41,0.119,0.061,0.283,1.41,1.08,2.07,45.4,0.251,,,,-0.257,,,,8.74,,,,0.179,,,,-2.16,,,0.099,12.56,3.54,Life Sciences Tools and Services,"Enzo Biochem, Inc., an integrated life sciences and biotechnology company, engages in the research, development, manufacture, and marketing of diagnostic and research products based on genetic engineering, biotechnology, and molecular biology.",Healthcare,1976,119.4,96.8,-9.05,-12.9,-11.4,15.3,7.57,59.5,4.12,34.9,1.05,,52.1,,3.49,3.54,3.14,3.74,3.43,3.69,,-12.9,-0.212,,,-11.4,0.022,,-0.259,-0.259,-0.194,-0.259,-0.259,,11.8,8.28,,,,7.45,6.84,3.01,0.4,0.385,,,,4.17,1.11,1.73,2.31,3.73,5,5.63,-1.2,,,,12.6,-85.9,85.6,0.033,,,-1.99,0.846,-2.42,4.81,,34.9,2.88,,United States,95.9,-8.51,-9.98,100.9,,60,IQ269828,4.28,0.51,,6.13,2.51,42.4,3.99,,7.62,7.45,,32.2,0.493,87.3,,,14.8,16.7,454,37,30.6,8.82,10.6,,4.49,1.16,5.03,3,,,-11.5,-16.5,-21.3,-17.5,-18.3,-16.4,-16.8,-14.4,-17.8,-15.6,2.04,-11.2,-14,-12.4,-19.4,-21.7,-16.9,-14.8,-39.9,-15.2,,,96.8,"Clinical Labs: 60.5 (62.5%);
Life Sciences: 36.3 (37.5%)"
pSivida Corp. (NasdaqGM:PSDV),NasdaqGM:PSDV,0.40213523131672596,0.40341637010676157,0.0109,0.32771490033319695,0.3478637770897834,0.475,NA,0.05627662873078264,0.015994296774198342,90.62613128311065,34.214,11.236000000000002,11.336,1.9261312831106427,11.504854368932039,8.620019436345967,10.546457814168742,3.2251292271569625,7.99454227973806,2.6488025744756722,8.020011617974394,31.714000000000006,4.082258165905885,0.5232067510548524,10.5,1,0.114,10.3,118.5,1.9261312831106427,Life Sciences Tools and Services (Primary),Public Company,Common Stock,118.5,19.4,0.133,0.016,0.066,1.32,0.711,1.53,29.4,0.146,,,,-0.49,,,,47.5,,,38,16.3,,,,64.1,,,6.33,1.89,1.56,Life Sciences Tools and Services,pSivida Corp. develops products to deliver drugs and biologics in the United States and the United Kingdom.,Healthcare,1987,82.8,28.1,11.3,10.4,10.3,29.8,0.265,40.2,0,32.3,0.255,,7.55,,10.9,10.6,10.4,10.4,9.67,8.75,,10.4,,0.01,,10.5,0.114,,0.358,0.358,0.226,0.346,0.346,1.09,0.727,,,,,,0.384,,,,,,,1181.3,,0.358,0.419,0.425,0.475,0.475,0.029,,,,7.68,,,-5.5,,,1.33,,-1.21,,,32.3,4.03,,United States,3.47,-12.7,-13.4,15.6,,44.44,IQ4481199,8.58,0.16,,4.94,3.26,18,0,,15.2,,,12.6,0.248,84.5,,,,0.456,24,37.3,17.2,0.176,1.2,0.771,0.485,3.79,3.08,1,,,-10.7,-18.4,-36.1,-26.9,-13.8,-1.06,2.76,-9,-10.3,-14.1,-7.13,-14.8,-44.8,-56.7,-70.4,-2.79,4.57,-22.7,-10.1,-13.9,,,28.1,Biotechnology: 28.1 (100.0%)
"Champions Oncology, Inc. (OTCPK:CSBR)",OTCPK:CSBR,-1.608910891089109,-1.4272277227722772,0,-1.360868539060656,NA,0.311,NA,NA,0.030471918696609066,72.74007555757852,8.474,-10.032,-11.532,2.222075557578516,NA,NA,NA,9.002484598710213,NA,8.583912621852551,NA,10.796,NA,NA,NA,1,NA,NA,NA,0.22207555757851616,Life Sciences Tools and Services (Primary),Public Company,Common Stock,70.7,1.61,0.002,0.005,0.002,-0.31,-0.57,-0.26,104,0.013,,,,,,,,31.1,,,,15.1,,,,3.39,,,,18.93,3.5,Life Sciences Tools and Services,"Champions Oncology, Inc. develops and sells technology solutions and products to personalize the development and use of oncology drugs in the United States.",Healthcare,,72.6,8.08,-13,-13.2,-11.7,0.182,0.469,2.83,2,-4.14,0.154,,9.93,,4.41,3.85,3.29,2.27,2.12,2.18,,-13.2,,,,-11.7,0.031,,-0.175,-0.175,-0.109,-0.196,-0.196,,1.09,,,1.22,0.754,0.669,1.36,2,,,,,,-26.1,,,,0.05,0.085,0.103,-2.59,,,,0.023,-0.005,2,,,,0.424,,2.03,,,-4.14,0.68,,United States,11.6,-6.05,-7.41,,,16.67,IQ323655,,0.30,,1.08,0.2,1.13,0,,5.81,0.669,,4.49,0,28,,,,0.164,60,1.53,9.22,0.937,0.705,2.1,0.171,23.4,1.01,1,8.08,United States: 8.1 (100.0%),-0.223,-0.056,-0.071,-0.339,-1.12,-3.5,-2.95,-9.3,-6.84,-5.87,-0.283,-0.303,-0.071,-0.323,-1.04,-3.76,-1.61,-8.85,-6.83,-7.18,,,8.08,"Translational Oncology Solutions (TOS): 6.4 (79.3%);
Personalized Oncology Solutions (POS): 1.7 (20.7%)"
"BG Medicine, Inc. (NasdaqCM:BGMD)",NasdaqCM:BGMD,-2.1834319526627217,-2.618934911242604,0,-1.2053376906318083,-5.9541176470588235,NA,NA,0.7723680216037346,0.14431962687086922,33.6581949872641,7.344,-10.122,-8.852,5.768194987264101,NA,NA,NA,9.958045854220149,NA,4.58308755273204,NA,7.894,NA,NA,NA,1,NA,NA,NA,1.7081949872641011,Life Sciences Tools and Services (Primary),Public Company,Common Stock,34.2,12.36,0.001,0,0.021,0.303,-0.241,1.39,34.4,0.434,,,,-0.12,,,,,,,,,,,,32.5,,,,4.55,0,Life Sciences Tools and Services,"BG Medicine, Inc., a diagnostics company, develops and commercializes novel cardiovascular diagnostic tests to address unmet medical needs in the United States.",Healthcare,2000,32,3.38,-7.38,-7.41,-8.68,6.31,0.135,7.57,4.06,1.7,0.017,,7.8,,2.05,2.38,2.92,3.74,3.46,4.96,,-7.41,-0.872,0.004,,-8.68,,,-0.279,-0.279,-0.16,-0.279,-0.279,,0.254,0.358,,,,,0.425,,,,,,,-15.4,,0.377,0.394,0.388,0.383,0.377,2.06,,,,8.53,-4.48,,,,,-2.61,0.053,0.197,14.3,,1.7,0.995,,United States,4.07,-14.2,-15.8,6.9,,16.67,IQ746820,41,0.51,,2.08,0.27,2.31,8.39,,11.3,,,0.61,1.82,81.4,,,102.5,0.647,23,7.16,13,1.22,3,0.342,0.594,2.6,3.48,3,3.38,United States: 3.4 (100.0%),-8.71,-8.01,-4.19,-7.97,-10.6,-16,-14.6,-17.5,-22.7,-14.4,-2.58,-8.23,-4.74,-11.4,-15.1,-16.1,-17.2,-17.6,-23.8,-15.8,,,3.38,"Discovery, Development and Commercialization of Novel Cardiovascular Diagnostics: 3.4 (100.0%)"
EnzymeBioSystems (OTCBB:ENZB),OTCBB:ENZB,NA,NA,0,NA,-1.7130177514792897,NA,NA,0.03280589913561747,0.0003782231321267609,29.96646449704142,-0.013999999999999952,-0.579,-0.58,0.011464497041420118,NA,NA,NA,NA,NA,NA,NA,-0.007000000000000001,NA,0.18976897689768976,NA,1,NA,NA,NA,0.011464497041420118,Life Sciences Tools and Services (Primary),Public Company,Common Stock,30.3,,0.027,0.026,0.066,-2.48,-5.03,-7.38,33.3,0.037,,,,,,,,,,,,,,,,,,,34.38,26.26,,Life Sciences Tools and Services,"EnzymeBioSystems, a development stage company, focuses on manufacturing specialty enzymes and enzyme related products.",Healthcare,2009,29.9,0,,-0.584,-0.583,0.345,,0.345,0,0.338,,,0.584,,,,,0,-0.035,0.015,,-0.584,,0.001,,-0.583,,,-0.019,-0.019,-0.012,-0.019,-0.019,,,,,,,,,0,,,,0.005,,,,,,,0.002,0.01,0.006,,,,0.98,-0.063,,,,,-0.002,,,,,0.333,0.91,,United States,,,-0.503,,,100,IQ61307621,,0.13,,1.95,0.4,,0.063,,0.014,,0.001,-0.063,0.023,39.4,,0,,0.021,,0.345,0.014,0.002,0.011,,,,,1,,,,,,,,,-0.079,-0.093,-0.119,-0.017,,,,,,,-0.085,-0.093,-0.119,-0.019,,,,
"Pharma-Bio Serv, Inc. (OTCPK:PBSV)",OTCPK:PBSV,0.1037878787878788,0.08977272727272728,0.142,0.3511414263512347,0.09855072463768116,NA,NA,0.05572966406045368,0.039129476705120736,16.221688326048664,5.791,2.04,2.37,1.2216883260486613,14.705882352941176,7.37100737100737,14.705882352941176,0.614457891138207,6.84459423040028,2.8011894881797037,5.920324206587103,0,5.920324206587103,0.075,2.38,1,0.338,2.04,30,1.1306883260486613,Life Sciences Tools and Services (Primary),Public Company,Common Stock,30,15.04,0,0.002,0.003,-0.004,-0.202,0.246,23.1,0.01,17.2,22,,0.095,,,,,30.7,23.7,19.8,18.9,-19.8,-18,-16,5.2,-54.8,-57.8,,44.72,0.036,Life Sciences Tools and Services,"Pharma-Bio Serv, Inc. provides technical compliance consulting services, and microbiological and chemical laboratory testing services.",Healthcare,1993,15,26.4,2.74,2.37,2.04,15,0.812,22.9,0.091,20.7,0.243,,5.94,,,,,,,,,2.37,-0.007,0.005,,2.38,0.338,,0.089,0.089,0.064,0.086,0.086,14.2,6.29,,0.721,3.11,2.3,,1.89,,,,,,-54,-18.5,0.093,0.084,0.081,0.166,0.42,0.404,0.768,,,-0.105,,-0.069,,,,,,,-0.537,,,20.7,1.3,,United States,27.6,3.24,2.41,26.5,,40,IQ24769018,1.64,0.26,,1.93,0.8,8.31,0.074,,13.8,,,18.7,0.009,55.3,,,,1.46,205,22.1,20.2,1.84,,0.419,0.573,1.1,0.799,3,26.4,"Puerto Rico: 18.3 (69.3%);
United States: 6.3 (23.7%);
Europe: 1.9 (7.1%)",,5.75,3.64,3.48,2.26,0.815,1.08,4.3,5.66,5.61,,5.72,1.77,1.85,1.23,0.536,0.708,3.95,4.59,4.52,,,26.4,"Europe Consulting: 1.9 (7.1%);
Other: .3 (1.3%);
Lab (Microbiological and Chemical Testing): 1.7 (6.4%);
Puerto Rico Consulting: 16.3 (61.6%);
United States Consulting: 6.3 (23.6%)"
CombiMatrix Corporation (NasdaqCM:CBMX),NasdaqCM:CBMX,-0.763681592039801,-0.8333582089552241,0,-0.7263246899661782,-1.2584550561797754,-0.08539999999999999,NA,0.13133575796288072,0.04065842788197342,25.466492563459003,9.2248,-8.9602,-6.700200000000001,1.0764925634590035,NA,NA,NA,3.1674741994352,NA,2.7606552514373215,NA,2.7097999999999995,NA,0.9251968503937008,NA,1,NA,NA,NA,0.6714925634590033,Life Sciences Tools and Services (Primary),Public Company,Common Stock,25.4,13.16,0.002,0,0,0.207,0.101,0.06,12.7,0.153,,,,-0.535,,,,-8.54,,,,25.6,,,,20,,,,0.845,0.265,Life Sciences Tools and Services,CombiMatrix Corporation provides molecular diagnostic solutions and clinical support services.,Healthcare,1995,20.5,8.04,-6.14,-6.45,-8.71,1.01,0.584,8.63,0.405,7.12,0.21,,9.33,,0.725,0.99,1.01,0.962,1.01,0.904,0.014,-6.45,-0.084,0.023,,-8.71,,,-0.789,-0.789,-0.361,-0.789,-0.789,,2.13,0.367,,2.18,1.6,,0.381,,,0.151,,,,26.3,0.189,,0.167,0.16,0.153,0.111,1.52,,,,0.256,-0.248,0.328,-2.56,,,-0.142,-0.169,-0.662,30.8,56,7.12,2,0.288,United States,8.04,-6.14,-8.71,11,,16.67,IQ172182,37.9,0.38,,3.1,1.09,3.61,0.233,,12.3,,,14.7,0.094,89.2,,,,0.174,56,7.92,16,0.636,0.731,0.568,0.288,0.688,9.82,1,8.04,United States: 8.0 (100.0%),1.07,-13.4,-21.2,-14.6,-13.6,-8.53,-8.52,-7.9,-6.89,-6.05,0.71,-12.4,-20,-12.6,-15,-17.6,-13.1,-7.6,-9.53,-3.94,,,8.04,Genetic Analysis and Molecular Diagnostics: 8.0 (100.0%)
"WaferGen Bio-systems, Inc. (NasdaqCM:WGBS)",NasdaqCM:WGBS,-1.9166666666666667,-1.8730000000000002,0,-0.5687246963562752,-0.6764539007092198,NA,NA,0.2096486438951903,0.1319740564890704,13.640166770246143,19.760000000000005,-9.538,-11.238000000000001,3.74016677024614,NA,NA,NA,2.2733611283743573,NA,0.690291840599501,NA,18.010000000000005,NA,5.091463414634146,NA,1,NA,NA,NA,1.3901667702461398,Life Sciences Tools and Services (Primary),Public Company,Common Stock,24.6,8.79,0.001,0.002,0.056,-0.483,-0.605,1.67,5.66,0.109,,,,-1.98,,,,,,,,73.7,,,,125.6,,,0,0.447,,Life Sciences Tools and Services,"WaferGen Bio-systems, Inc. develops, manufactures, and sells systems for gene expression quantification, genotyping, and stem cell research for the life sciences and pharmaceutical drug discovery industries in the United States, Canada, Europe, and the Asia Pacific.",Healthcare,2002,12.2,6,-11.5,-12.4,-10.7,14.7,0.869,20.7,2.35,14.1,0.335,,9.07,,6.72,5.9,5.57,5.37,5.4,5.55,,-12.4,-0.503,,,-10.7,0.003,,-4.17,-4.17,-2.6,-4.17,-4.17,,1.48,0.813,,3.27,2.4,0.99,1.49,,,2,,,,360,,,0.16,0.465,0.452,0.439,0.371,,,,20,-1.33,,,,-2,0.513,0.819,-1.11,34.3,46,14.1,4.35,0.366,United States,6,-11.5,-10.7,10.7,,9.09,IQ8464352,68.6,0.18,,25,2.85,3.43,1.68,,10.7,,13.6,-14.8,0.501,45.9,,221.1,,0.854,46,17.4,11.7,0.981,1.43,,0.366,0.187,27.35,1,6,"United States: 3.6 (59.3%);
Europe: .9 (15.3%);
Canada: .2 (3.9%);
Japan: .7 (11.1%);
China: .5 (7.6%);
Asia Pacific (Excl. Japan & China): .2 (2.8%)",,-1.47,-2.69,-4.85,-8.03,-10,-12.6,-18.7,-9.77,-9.88,,-1.49,-2.69,-5.96,-8.04,-10.6,-12.1,-13.1,-8.18,-16.3,,,6,"Development of Systems for Gene Expression Quantification, Genotyping and Stem Cell Research: 6.0 (100.0%)"
Special Diversified Opportunities Inc. (OTCPK:SDOI),OTCPK:SDOI,NA,NA,0,NA,-0.034959349593495934,NA,NA,0.016979776301703838,0.017116572537187204,-0.1750824988620856,-0.3999999999999986,-0.86,-1.06,0.42491750113791527,NA,NA,NA,NA,NA,NA,NA,0,NA,0.39959016393442626,NA,1,NA,NA,NA,0.42491750113791527,Life Sciences Tools and Services (Primary),Public Company,Common Stock,24.4,5.26,0.002,0.009,0.029,0.061,0.215,0.361,21,0.044,,,,,,,,,,,,,,,,,,,,3.52,,Life Sciences Tools and Services,Special Diversified Opportunities Inc. does not have significant operations.,Healthcare,1987,-0.631,0,,-1.43,-1.23,25,,25.1,0,24.6,,,1.43,,,,,,,-1.85,,-1.43,0,0.002,,-1.43,,,-0.059,-0.068,-0.042,-0.059,-0.068,,,,0.043,,,,,,,,,,,,,,,0.15,0.15,0.159,-1.18,,,0,0,,,1.3,,,-0.096,,,,,24.6,1.16,,United States,,-0.731,-1.27,,,0,IQ34841,,0.61,,1.27,1.06,,0,,25,,,25.9,0.039,63,,,,2.51,2,25.1,26.6,0.096,0.63,,0.028,1.48,1.84,2,,,1.56,0.673,0.622,1.51,-3.43,-3.48,-6.33,-1.88,-1.93,-1.85,1.38,0.584,0.684,0.86,-15.8,-1.65,-0.963,-0.298,4.34,-1.27,,,,
International Isotopes Inc. (OTCBB:INIS),OTCBB:INIS,-0.14919354838709678,-0.21572580645161288,0,-0.1573159256645495,-0.5821078431372549,0.11199999999999999,NA,0.5959661941514377,0.2004841044317805,29.293164908332553,10.2024,-2.375,-1.605,6.018164908332553,NA,NA,NA,3.9372533478941603,NA,2.8712033353262516,NA,1.6674,NA,0.010416666666666666,NA,1,NA,NA,NA,0.8381649083325533,Life Sciences Tools and Services (Primary),Public Company,Common Stock,24,29.43,0.032,0,0.067,-1.57,-0.189,1.57,402,0.064,,,,-0.005,,,,11.2,,,,5.54,,,,-6.11,,,,50.55,0.798,Life Sciences Tools and Services,"International Isotopes Inc. manufactures a range of nuclear medicine calibration and reference standards, cobalt teletherapy sources, and radioisotopes and radiochemicals for medical research and clinical devices.",Healthcare,1995,28.6,7.44,-1.11,-1.45,-2.22,0.725,2.24,11.3,5.18,4.08,0.18,,3.74,,0.519,0.475,0.555,0.706,0.765,0.869,,-1.45,-0.918,0.001,,-2.21,,,-0.006,-0.006,-0.004,-0.006,-0.006,,0.869,0.99,,,,,0.558,,,4.97,0.078,,,6.43,0.318,0.136,0.136,0.136,0.136,0.136,-0.892,,,,0.002,-0.206,0.5,0.095,,,0.07,0.589,0.009,12.2,,4,0.06,,United States,6.85,-1.65,-2.46,7.95,,33.33,IQ371880,16.8,0.26,,0.065,0.025,2.81,5.14,0.067,0.535,,,5.2,0.001,49.4,,96.9,0,0.7,22,3.03,3.66,0.748,0.667,,0.157,16.5,0.09,1,7.44,United States: 7.4 (100.0%),-0.699,-0.818,-0.864,-1.62,-2.11,-3.84,-6.33,-3.37,-2.18,-2.1,-0.845,-0.983,-1.04,-1.72,-2.17,-4.58,-6.8,-5.95,-2.24,-2.46,,,7.44,"Radiochemical Products: 1.6 (21.9%);
Radiological Services: .8 (11.4%);
Cobalt Products: 1.6 (20.9%);
Nuclear Medicine Standards: 3.3 (44.8%);
Transportation: .1 (1.1%)"
PuriCore Plc (AIM:PURI),AIM:PURI,0.04549019607843137,-0.01345098039215687,0,-0.016345787266488762,0.5935646687697161,NA,NA,0.10691668339615526,0.14110456900017548,25.715008596226568,41.968,18.816000000000003,-0.6860000000000004,3.7950085962265647,1.2419354838709677,1.197029270423766,1.2276785714285714,0.5042158548279719,NA,0.6127289505391386,11.084055429408004,9.218000000000002,4.633334882202985,0.021645021645021644,NA,1,NA,18.6,23.1,1.5650085962265647,Life Sciences Tools and Services (Primary),Public Company,Common Stock,23.1,75.73,0.002,0.002,0.039,0.206,0.168,0.723,50.1,0.084,,,,,,,,,,,,8.9,,,,8.33,,,19.51,17.62,0.338,Life Sciences Tools and Services,PuriCore Plc develops and commercializes solutions to control the spread of infectious pathogens for human and animal health.,Healthcare,,24.1,51,2.32,-0.902,18.6,1.18,2.7,39.6,2.23,31.7,2.27,,15.2,,3.23,3.14,3.05,2.73,2.77,3.38,,-0.902,-0.035,0.288,,-2.15,-0.101,,0.359,-0.04,-0.008,0.359,-0.04,,2.87,1.08,,,,,3.33,2.23,2.35,,,,,48.5,,0.201,0.201,0.201,0.201,0.898,26.8,,,,0.068,-0.587,2.23,-1.06,,,-2.11,1.27,0.209,3.25,,31.7,0.461,,United States,54.8,2.72,-6.39,,,28.57,IQ8251105,,0.23,,0.802,0.372,17.6,0.949,,4.2,,,12.3,0.002,62.9,,,,1.72,165,33.1,18,14.3,,0.076,1.16,2.13,1.01,3,51,"Segment Adjustment: 23.3 (45.7%);
United States: 27.7 (54.3%)",,-11.8,-18.1,-21.6,-15.9,-7.25,-8.21,-6.7,-2.06,0.772,,-12.9,-17.8,-21.3,-15.8,-10.9,-9.7,-9.13,-0.928,-6.39,,,51,"Segment Adjustment: 23.3 (45.7%);
Wound Care & Dermatology: 1.7 (3.4%);
Supermarket Retail: 26.0 (50.9%)"
Transgenomic Inc. (NasdaqCM:TBIO),NasdaqCM:TBIO,-0.50390625,-0.589609375,0,-0.5290571328426218,-0.923206106870229,-0.0285,NA,0.46629696686545696,0.3900254241885631,28.465485385498223,28.53,-12.094,-15.094,11.445485385498223,NA,NA,NA,1.1119330228710242,NA,0.9977387096213888,NA,9.32,NA,1.8854748603351956,NA,1,NA,NA,NA,4.455485385498222,Life Sciences Tools and Services (Primary),Public Company,Common Stock,17.9,26.48,0.001,0.001,0.001,-0.245,-0.215,-0.194,11.9,0.054,,20,,-2.06,,,,-2.85,,,,3.43,,,,-3.5,,,5.31,13.8,,Life Sciences Tools and Services,"Transgenomic, Inc. operates as a biotechnology company that focuses advancing personalized medicine in the detection and treatment of cancer and inherited diseases through its proprietary molecular technologies and clinical and research services in the United States, Italy, the United Kingdom, Germany, France, and internationally.",Healthcare,1997,26.9,25.6,-12.9,-15.1,-12.1,0.88,1.65,30.8,6.99,13.1,0.216,,23,,3.08,3.07,3.19,3.21,2.93,2.97,,-15.1,-0.673,,,-11.8,0.365,1.02,-1.79,-1.79,-1.38,-1.79,-1.79,,7.51,3.59,1.71,15.2,13.6,6.92,3.38,,1.07,5.61,,2.87,,-10.5,0.862,0.485,0.763,0.88,1.01,1.1,2.13,,,,0,-6.44,6.44,-0.13,3.65,0,1.47,0.506,-6.08,9.33,,10.2,1.51,,United States,27.5,-13,-16,26.4,,9.09,IQ416660,-1.54,0.44,,4.85,1.23,10.9,6.56,,4.02,6.92,1.83,15.4,0.135,74.4,,0,61,4.82,168,13.7,14.2,1.91,3.78,2.21,1,0.703,6.15,3,25.6,"Segment Adjustment: 2.6 (10.3%);
United States: 18.6 (72.7%);
All Other Countries: 3.0 (11.8%);
Italy: 1.3 (5.2%)",-7.22,-2.09,-3.13,-1.81,0.388,-1.9,-2.67,-2.93,-9.5,-15.8,-34.4,-15,-3.43,-2.11,-0.495,-1.92,-3.13,-9.78,-8.33,-16,,,25.6,"Genetic Assays and Platforms: 11.2 (43.6%);
Laboratory Services: 14.4 (56.4%)"
"Response Genetics, Inc (NasdaqCM:RGDX)",NasdaqCM:RGDX,-0.706896551724138,-0.7403448275862069,0,-1.1641062714621364,-6.607960199004975,NA,NA,0.8500791049430904,0.3930421337471682,23.03707043695949,11.065999999999999,-13.282,-12.882,11.39707043695949,NA,NA,NA,1.3239695653424994,NA,2.0817884002312934,NA,5.356,NA,0.04261363636363636,NA,1,NA,NA,NA,1.73707043695949,Life Sciences Tools and Services (Primary),Public Company,Common Stock,17.6,3.68,0.027,0.018,0.012,1.25,0.961,0.722,38.8,0.2,,,,,,,,,,,,19.5,,,,-10.3,,,12.89,4.62,2.72,Life Sciences Tools and Services,"Response Genetics, Inc., a life science company, is engaged in the research, development, marketing, and sale of pharmacogenomic tests for use in the treatment of cancer primarily in the United States, Asia, and Europe.",Healthcare,1999,21.3,17.4,-12.3,-13.1,-13.5,5.96,1.54,16.3,9.66,2.01,0.218,,18.6,,1.89,1.8,1.78,1.61,1.57,1.6,,-13.1,-0.332,0,,-13.5,,,-0.356,-0.356,-0.222,-0.356,-0.356,,6.89,,,5.79,4.25,,1.4,,,9.44,,,,-15.3,,,,0.036,0.565,1.23,-0.206,,,,4.89,-0.192,8.61,-0.096,,,0.316,,-5.6,18.3,,2.01,0.454,,United States,19.8,-7.31,-8.02,,,14.29,IQ4099365,,0.38,,1.56,0.253,7.37,1.35,,4.59,,,3.89,0.003,41.1,,,,0.31,111,13.8,12.3,1.08,3.17,,0.684,2.29,1.83,1,17.4,"Japan: .4 (2.4%);
United States: 15.6 (89.4%);
Europe: 1.4 (8.2%)",-0.477,1.92,-1.64,-5.5,-9.86,-9.11,-4.51,-5.53,-7.66,-7.95,-0.512,1.94,-1.36,-5.05,-9.49,-9.34,-4.67,-5.7,-7.76,-8.02,,,17.4,"Research, Development, Marketing and Sale of Pharmacogenomic Tests: 17.4 (100.0%)"
"MetaStat, Inc. (OTCPK:MTST)",OTCPK:MTST,NA,NA,0,-1.1726181431393405,-46.53294797687862,NA,NA,0.6588806309722434,0.019277193978983243,17.265153846153847,3.9486,-8.0502,-4.6302,0.33415384615384613,NA,NA,NA,NA,NA,4.372474762233158,NA,3.5566,NA,0.029411764705882353,NA,1,NA,NA,NA,0.046153846153846156,Life Sciences Tools and Services (Primary),Public Company,Common Stock,17,6.52,0.02,0.002,0.001,1.3,0.39,-0.211,27.5,0.012,,,,,,,,,,,,,,,,,,,,25.73,1.74,Life Sciences Tools and Services,"MetaStat, Inc., a life sciences company, focuses on developing and commercializing novel diagnostic technologies and therapeutics for prediction and treatment of systemic metastasis.",Healthcare,,17.2,0,-5.15,-5.21,-8.63,0.069,0.548,1.05,0.288,0.173,0.073,,3.8,,1.4,1.41,0.978,0.824,0.561,0.328,,-5.21,-1.01,0,,-8.63,,,-0.371,-0.371,-0.23,-0.371,-0.371,,,,0.001,0.623,0.074,,0.549,,,,,0,,,,,,,,0.048,-0.236,,,,0.75,-0.235,1.47,1.14,,,0.269,,0,0.4,,0.173,0.62,,United States,,-4.33,-5.37,,,13.33,IQ171710509,,0.16,,1.45,0.275,,1.86,,0.488,,,-1.45,0.002,65.3,,110.8,,,7,0.209,0.531,0.241,0.091,,,2.68,1.7,,,,,,,,,,-0.323,-1.31,-2.6,-3.92,,,,,,,-0.323,-1.31,-2.66,-4.42,,,,
Bioanalytical Systems Inc. (NasdaqCM:BASI),NasdaqCM:BASI,0.08099173553719008,0.02219008264462809,0,0.03156484017728036,-0.007873210633946838,-0.0443,-0.08199999999999999,0.41362543183066897,0.29609984259179545,22.551758818843876,17.0126,-0.07700000000000007,0.5369999999999998,6.898758818843877,NA,NA,NA,0.9318908602828048,41.99582647829401,1.325591550900149,11.505999397369324,1.9196000000000002,8.45902431314474,0.853658536585366,NA,1,NA,NA,NA,0.8387588188438779,Life Sciences Tools and Services (Primary),Public Company,Common Stock,16.4,7.8,0.062,0.047,0.206,0.835,1.08,3.07,8.08,0.01,,,,,,-11,-8.2,-4.43,,,,-4.25,,,6.95,-9.42,,-60.8,,18.93,0.384,Life Sciences Tools and Services,"Bioanalytical Systems, Inc. provides drug discovery and development services, and analytical instruments for pharmaceutical, biotechnology, academic, and government organizations in North America, the Pacific Rim, Europe, and internationally.",Healthcare,1974,22.9,24.2,1.96,0.388,-0.226,0.747,15.7,23.7,6.06,9.78,0.561,,6.63,,0.706,0.658,0.602,0.559,0.512,0.454,,0.388,-0.405,,-0.374,-0.218,0.008,,-0.028,-0.028,0.012,-0.034,-0.034,,3.79,1.66,,,,1.01,2.9,0.481,0.556,4.29,,1.19,-25.8,7.67,,,,0.001,0.016,0.856,2.23,,,,0.186,-9.97,9.83,,,,-0.29,-0.211,-0.384,5.36,,8.59,2.03,,United States,24.6,2.31,-1.07,,,50,IQ25587,,0.38,,2.99,1.85,7.72,6.05,,0.841,1.38,1.19,7.66,0.056,81.1,,,86.8,0.947,155,6.89,6.07,3.22,1.54,4.48,0.087,0.426,1.83,3,,,1.24,-0.579,-0.218,4.21,0.097,-3.82,-0.212,-0.553,-0.887,0.99,0.331,-1.22,-1.4,0.354,-3.06,-5.37,-0.893,0.445,-4.51,-0.145,,,24.2,"Product: 5.6 (23.3%);
Service: 18.6 (76.7%)"
"BIOQUAL, Inc. (OTCPK:BIOQ)",OTCPK:BIOQ,0.14545454545454545,0.11325757575757577,0.42100000000000004,0.1534760638297872,0.12436974789915965,0.041100000000000005,0.0707,0.5210696665862308,0.45835028015861384,26.327037595589218,11.280000000000001,1.48,2.99,12.947037595589215,10.337837837837839,9.046653144016227,10.337837837837839,0.9972362725601976,8.805029296183685,2.333957233651526,6.855999373851359,0,6.855999373851359,0.049019607843137254,2.56,1,1.08,1.48,15.3,11.647037595589214,Life Sciences Tools and Services (Primary),Public Company,Common Stock,15.3,,0.03,0.015,0.002,0.793,0.561,0.172,0.902,0.003,,,,,6.91,9.07,7.07,4.11,19,24.1,15.9,1.29,27.5,34.7,23.8,3.74,964,976.3,,,,Life Sciences Tools and Services,"Bioqual, Inc. provides research, development, consulting, and testing/assay services to commercial clients and government laboratories in the United States.",Healthcare,1981,14.7,26.4,3.84,2.99,1.48,1.92,3.24,15.9,1.3,11.9,0.255,,3.39,,,,,,,,,2.99,-0.098,0.001,,2.56,1.08,,1.66,1.66,2.02,1.66,1.66,42.1,8.21,,0.105,12.9,9.68,1.03,0.611,,0.174,1.02,,,343.7,40.6,7.26,1.04,1.09,1.69,1.64,1.59,3.14,,-0.179,0,,-0.202,,-0.037,,-2,0.301,,-4.17,10.2,,11.9,16.95,,United States,21.6,2.53,0.868,,,33.33,IQ266641,,0.16,,17.05,8,6.37,0,,5.31,,,10.6,0.003,,,100,,3.99,,10.4,9.62,0.31,0.43,0.172,2.25,,,1,26.4,United States: 26.4 (100.0%),1.25,1.31,1.36,1.85,2.23,1.02,0.523,1.22,0.334,0.277,0.759,0.812,0.965,1.17,1.39,0.619,0.326,0.715,-0.044,0.139,,,26.4,Medical Labs & Research: 26.4 (100.0%)
VirtualScopics Inc. (NasdaqCM:VSCP),NasdaqCM:VSCP,-0.31637843336724314,-0.362970498474059,0,-0.766981943250215,-0.7356701030927836,0.146,NA,0,0,4.81,4.652,-3.568,-3.568,0,NA,NA,NA,0.48931841302136314,NA,1.03396388650043,NA,3.8520000000000003,NA,0.11286681715575622,NA,1,NA,NA,NA,0,Life Sciences Tools and Services (Primary),Public Company,Common Stock,8.86,15.81,0.001,0.023,0.224,0.161,0.763,1.97,3,0.006,,,,,,,,14.6,,,,-1.1,,,,-9.16,,,,9.37,0.789,Life Sciences Tools and Services,"VirtualScopics, Inc. provides imaging solutions for the pharmaceutical, biotechnology, and medical device industries.",Healthcare,,4.82,9.83,-3.11,-3.42,-3.42,4.05,0.331,7.82,0,4.85,,,5.23,,1.25,1.23,1.3,1.34,1.51,1.61,0.314,-3.42,,,,-3.42,,0.168,-1.2,-1.2,-0.715,-1.2,-1.2,,1.81,,,,,,1.29,,0.335,,,0,,-6.06,,,,,,,-0.153,,,,,,,,,,,,,,,4.85,2.96,,United States,9.83,-3.11,-3.42,,,21.43,IQ2728394,,0.20,,5.85,2.59,3.36,0,,7.33,,0,8.29,0.004,74.2,,,,1.14,,6.27,9.45,0.846,0.838,1.04,,,,1,9.83,United States: 9.8 (100.0%),-2.35,-2.05,-3.86,-4.46,-2.7,-0.301,0.847,0.048,-1.26,-2.76,-2.35,-2.05,-3.7,-4.32,-2.63,-1.01,-0.629,0.703,-1.53,-2.75,,,9.83,Provider of Imaging Solutions to Accelerate Drug and Medical Device Development: 9.8 (100.0%)
"Reflect Scientific, Inc. (OTCPK:RSCF)",OTCPK:RSCF,-0.31631205673758866,-0.34751773049645385,0,NA,NA,-0.0398,NA,NA,0.10929582850890704,6.912461538461539,-0.03140000000000005,-0.828,-0.48999999999999994,0.7914615384615384,NA,NA,NA,4.902454991816694,NA,NA,NA,0.10160000000000001,NA,0.07751937984496124,NA,1,NA,NA,NA,0.038461538461538464,Life Sciences Tools and Services (Primary),Public Company,Common Stock,6.45,,0.009,0,0.009,1.18,-0.175,0.852,53.7,0.032,,,,,,,,-3.98,,,,-23,,,,-13,,,,56.54,55.17,Life Sciences Tools and Services,"Reflect Scientific, Inc. designs, develops, and sells scientific equipment for the life science and manufacturing industries.",Healthcare,,6.87,1.41,-0.446,-0.489,-0.827,0.329,0,0.864,0.753,-0.557,,,1.24,,0.035,0.031,0.033,0.037,0.036,0.043,,-0.489,-0.124,,-0.266,-0.827,,,-0.016,-0.016,-0.007,-0.016,-0.016,,0.127,0.298,,,,0.06,0.043,0.103,0.002,,,,,8.45,,,,,,0.04,-0.187,,,,,-0.029,0.02,,,,-0.015,0.031,0.041,16.4,,-0.557,0.12,,United States,1.29,-0.636,-1.01,,,100,IQ8286931,,0.16,,0.45,0.05,0.788,0.762,,0.191,0.326,,-0.208,0.002,43.5,,85.5,10.5,0.076,9,0.757,0.711,0.062,0.51,0,0.046,,,1,1.41,United States: 1.4 (100.0%),0.124,0.064,-1.13,-5.41,-0.535,-1.59,-0.089,-0.599,-0.412,-0.683,0.043,0.038,-0.979,-7.08,-2.16,-4.88,-1.77,-1.19,0.201,-1.01,,,1.41,Manufacture and Distribution of Unique Laboratory Consumables and Disposables: 1.4 (100.0%)
"Growblox Sciences, Inc. (OTCPK:GBLX)",OTCPK:GBLX,NA,NA,0,-5.291073738680466,-4.228571428571429,NA,NA,0.004739336492890996,0.0008424599831508004,5.653,0.7729999999999999,-4.44,-4.09,0.005,NA,NA,NA,NA,NA,7.3130659767141015,NA,0,NA,0.08431703204047218,NA,1,NA,NA,NA,0,Life Sciences Tools and Services (Primary),Public Company,Common Stock,5.93,0.573,0.031,0.031,,2.19,2.19,,34.9,0.127,,,,,,,,,,,,,,,,,,,,10.23,10.08,Life Sciences Tools and Services,"GrowBlox Sciences, Inc., a development stage company, focuses on the research of indoor agriculture technology for the medical cannabis industry.",Healthcare,,5.55,0,-4.08,-4.09,-4.44,0.282,0.695,1.59,0.005,1.05,0.67,,4.09,,,,,,,,,-4.09,-0.014,0,,-4.66,,,-0.207,-0.207,-0.109,-0.207,-0.207,,,,0.455,0.701,0.006,,0.244,0.005,0.016,,-0.104,,,,,,,,,,,,,,4.32,,0,,,,0.23,,-0.15,22.6,,1.15,0.17,,United States,,-0.188,-0.656,,,28.57,IQ260598993,,0.10,,6.28,0.151,,,,,,,,0.002,81.2,,100,,,9,0.887,,,,,,,,1,,,,,,,,,,,,,,,,,,,,,,,,,,
"Pressure BioSciences, Inc. (OTCPK:PBIO)",OTCPK:PBIO,-2.2569444444444446,-2.335694444444445,0,-2.312568756875687,NA,0.11699999999999999,NA,NA,0.12329833726829759,6.027230769230769,1.4544000000000004,-4.9234,-3.3634000000000004,0.7552307692307693,NA,NA,NA,4.1855769230769235,NA,4.144135567402893,NA,2.9964000000000004,NA,1.722532588454376,NA,1,NA,NA,NA,0.11923076923076922,Life Sciences Tools and Services (Primary),Public Company,Common Stock,5.37,3.97,0.023,0.007,0.045,1.35,0.715,1.32,15.8,0.05,,,,-0.19,,,,11.7,,,,3.2,,,,15.8,,,,7.59,4.46,Life Sciences Tools and Services,"Pressure BioSciences, Inc. develops pressure cycling technology (PCT) in the United States.",Healthcare,1978,10.9,1.44,-3.25,-3.33,-4.89,0.098,0.042,1.46,0.636,-2.08,0.011,,3.14,,0.965,1.01,1.02,1.04,0.977,0.945,,-3.33,-0.768,,,-4.89,,1.88,-0.512,-0.512,-0.231,-0.512,-0.512,,0.335,0.853,0.007,,,,1.09,0.636,0.847,,,4.97,,5.34,,,,,,0.124,-0.296,0,,,0.149,-1.06,1.93,,,,-0.116,-0.001,-0.134,128.1,,-7.05,0.34,,United States,1.5,-3.25,-4.08,3.77,,14.29,IQ368895,73,0.52,,0.69,0.132,-0.191,0.561,,0.067,,3.95,-5.63,0.037,90.5,,237.9,121.7,0.19,11,1.41,1.19,1.2,0.736,0.469,0.124,1.77,0.71,3,,,-2.39,-2.02,-4.06,-5.15,-4.87,-3.18,-3.4,-3.29,-3.46,-3.33,12.7,1.6,-2.41,-1.16,-4.91,-2.57,-3.13,-3,-3.45,-4.08,,,1.44,Pressure Cycling Technology: 1.4 (100.0%)
Johnson & Johnson (NYSE:JNJ),NYSE:JNJ,0.3367639342939016,0.2881166673393335,0.20600000000000002,0.1717589115261462,0.2380146805826356,0.0461,0.056299999999999996,0.21738750500759804,0.0649366905049911,283846.42286899686,99001,16602,21416,19375.122868996863,17.092097040985113,16.269149852362204,16.80486086013733,3.8186816115617557,13.253942046553831,2.8671066238623535,11.339342556287827,25012,8.466456567112,0.5257275865492592,20563,1,4240,16323,278994.3,615.122868996864,Pharmaceuticals (Primary),Public Company,Common Stock,278994.3,67.81,0.458,0.478,0.285,0.774,0.855,0.573,2780.5,7.65,2.96,5.58,,6.04,7.15,5.52,5.63,4.61,5.88,4.73,5.07,3.73,19.1,9.18,8.87,4.56,18,10.9,0,0.021,0.004,Pharmaceuticals,"Johnson & Johnson, together with its subsidiaries, researches and develops, manufactures, and sells various products in the health care field worldwide.",Healthcare,1885,264665.3,74331,25032,21137,16323,14523,16126,131119,18760,69752,3714,2.76,21954,,8494,8270,8289,8230,8183,8103,,21137,-533,67,,20563,4240,,5.8,5.8,4.42,5.7,5.7,20.6,10985,8184,3608,36685,20559,21832,7633,3631,,15122,,,8.08,4.23,77,66,80,111,157,200,-1603,,-7768,-7124,1782,-3111,3961,-11093,,-2129,955,-1120,-247,3.27,126500,69752,100.34,341,United States,74331,25032,16323,71597.6,24626.8,7.69,IQ139677,0.014,0.18,,109.49,95.1,51585,18180,,20927,22798,,74053,586.7,99.9,0.842,79.8,,905,126500,59311,56407,6266,13787,770,341,115.7,70.37,1,74331,"United States: 34,782.0 (46.8%);
Europe: 18,947.0 (25.5%);
Asia-Pacific, Africa: 13,442.0 (18.1%);
Western Hemisphere Excluding United States: 7,160.0 (9.6%)",12356,12831,13709,15213,16169,16776,16527,16240,17032,19057,8180,10060,11053,10576,12949,12266,13334,9672,10853,13831,AAA,AAA,74331,"Consumer: 14,496.0 (19.5%);
Pharmaceutical: 32,313.0 (43.5%);
Medical Devices: 27,522.0 (37.0%)"
Pfizer Inc. (NYSE:PFE),NYSE:PFE,0.42211470617881264,0.34798105029734905,0.255,0.10123428139587973,0.14986456675323226,0.00125,-0.0023599999999999997,0.345993641009558,0.15161348818574755,246573.3966510837,127031,10733.6,17261.6,37890.69665108367,23.21025725232622,23.958978185993114,19.753456435864948,4.970736753373323,14.284504139308275,1.9410490089118695,11.775796200920945,22053,8.406293353712114,0.9299580192401203,12238,1,3120,9135,212025.7,1191.696651083672,Pharmaceuticals (Primary),Public Company,Common Stock,212025.7,74.43,0.468,0.363,0.377,1.12,0.982,0.753,6140.3,26.9,-0.686,3.36,,2.1,-2.16,-0.476,-0.236,0.125,1.13,-0.223,0.567,0.136,-3,-5.2,-7.18,-6.68,-58.5,-7.97,0,0.063,0.024,Pharmaceuticals,"Pfizer Inc., a biopharmaceutical company, discovers, develops, manufactures, and sells healthcare products worldwide.",Healthcare,1849,212918.7,49605,20939,15663,9135,3343,11762,169274,36699,71622,1199,1.04,13720,,8393,6995,6820,6591,6678,6888,4039,15663,-1360,425,,12238,3120,1,1.44,1.43,1.6,1.42,1.41,25.5,8669,5663,4816,24988,13226,42069,3440,2130,10691,31557,321,29,-9.51,-3.84,774,88,112,151,159,183,-1350,,,-5000,1002,-3955,4504,-4260,,-195,297,175,148,3.83,78300,71272,34.53,216,United States,49605,20939,9135,46242.9,19880.2,7.14,IQ162270,-2.12,0.38,,35.45,27.5,40572,36790,313,2183,42519,33,76274,788.7,99.9,,94.1,,680,78300,57702,56244,3234,1792,12313,216,249.1,24.05,1,49605,"United States: 19,073.0 (38.4%);
Developed Rest of World: 7,314.0 (14.7%);
Developed Europe: 11,719.0 (23.6%);
Emerging Markets: 11,499.0 (23.2%)",16428,14530,15093,14571,16625,15839,17568,18382,18332,17020,11361,8085,19337,8144,8104,8635,8257,10009,14570,22003,AA,AA,49605,"Other Business Activities: 253.0 (.5%);
Corporate: 198.0 (.4%);
Global Innovative Pharmaceutical (GIP): 13,861.0 (27.9%);
Global Vaccines, Oncology and Consumer Healthcare (VOC): 10,144.0 (20.4%);
Global Established Pharmaceutical (GEP): 25,149.0 (50.7%)"
Merck & Co. Inc. (NYSE:MRK),NYSE:MRK,0.3528659705945025,0.21815943367189905,0.309,0.07626444103210289,0.24638560390235903,0.06280000000000001,0.049699999999999994,0.3106909034232788,0.11829917182376504,178456.06934837817,83487.8,12021.4,9214.4,21991.469348378152,13.750469798657718,13.425828041874036,13.634485168116859,4.2251123268314075,19.36708514372918,2.1375107422686686,11.973702989021616,20719.8,8.09875513266976,0.7507370095957673,17283,1,5349,11920,163905.6,573.4693483781512,Pharmaceuticals (Primary),Public Company,Common Stock,163905.6,76.08,0.21,0.156,0.076,0.808,0.627,0.324,2838.2,10.2,4.44,7.26,,3.38,7.41,1.67,4.97,6.28,-1.57,7.87,12,9.02,23.9,-5.07,-5.2,-4.21,170.7,-0.633,0.013,0.046,0.016,Pharmaceuticals,"Merck & Co., Inc. provides health care solutions worldwide.",Healthcare,1891,169748.6,42237,14904,9113,11920,7441,13136,98335,21418,48791,1317,1.76,11406,,7131,6681,6718,6921,7224,7604,,9113,-732,266,-93,17283,5349,,4.12,4.12,2.07,4.07,4.07,30.9,6671,5571,5212,31140,18004,12992,2625,1704,2796,18714,144,,-4.35,-4.08,97,46,55,92,122,232,-3460,,-5170,-7703,1560,-7077,3146,-10296,15120,-3881,593,79,-554,2.68,70000,48647,57.75,350,United States,42237,14904,11920,39558,17000.5,8.33,IQ288502,-1.05,0.18,-4.23,63.62,52.5,27051,25085,2561,15621,12301,,49765,492.2,99.9,,90.9,0.028,754,70000,33173,35685,2274,8690,2383,350,76.1,39.05,1,42237,"United States: 17,071.0 (40.4%);
Japan: 3,471.0 (8.2%);
Other International: 1,419.0 (3.4%);
Europe, Middle East and Africa: 13,174.0 (31.2%);
Latin America: 3,151.0 (7.5%);
Asia Pacific: 3,951.0 (9.4%)",7722.3,6157.7,5963.3,6250.6,6398,6239,9176,10653,10412,9171,5830.1,4631.3,4433.8,3275.4,7808,12899,861,6272,6168,4404,AA,AA,42237,"Corporate: 610.0 (1.4%);
Other: 5,585.0 (13.2%);
Pharmaceutical: 36,042.0 (85.3%)"
Bristol-Myers Squibb Company (NYSE:BMY),NYSE:BMY,0.25310158070407457,0.21662573209899869,0.14800000000000002,0.09883749384523031,0.15042381365547622,-0.0197,-0.0318,0.35753960070471885,0.07120341531567309,111534.08177306328,29651.8,2253.8,3439.8,8338.281773063283,54.2748502994012,54.19947478991597,48.25929541219274,7.023999104040763,32.42458334003816,3.761460746837065,27.7516998688886,12404.8,13.58515003325984,0.7447125409591897,2381,1,352,2004,108766.8,503.28177306328394,Pharmaceuticals (Primary),Public Company,Common Stock,108766.8,73.4,0.088,0.15,0.041,0.487,0.798,0.302,1666.7,7,10.4,14.3,,1.7,-1.74,-3.69,-3.18,-1.97,-28.3,-10.7,-8.5,-3.33,-18.6,-23,-19.8,-9.25,-21.8,9.81,0.001,0.093,0.023,Pharmaceuticals,"Bristol-Myers Squibb Company discovers, develops, licenses, manufactures, markets, distributes, and sells biopharmaceutical products worldwide.",Healthcare,1887,109297.8,15879,4019,3190,2004,5571,4417,33749,7835,14983,526,1.45,4717,,4191,4302,4212,3747,3731,3714,,3190,-203,100,,2381,352,,1.21,1.21,1.35,1.2,1.2,14.8,2988,1560,2044,9066,4649,7027,2487,590,1326,7245,131,,-4.67,-3.09,81,57,83,94,121,136,-3008,,-2398,,288,-676,244,-1624,3585,-219,-44,-254,-252,2.73,25000,14852,65.26,137,United States,15879,4019,2004,15134.3,3865.8,16.67,IQ25798,2.9,0.28,13.5,69.2,46.3,12098,8367,82,3586,7096,,15154,324,99.8,,86,,541,25000,14608,18916,2559,2388,7134,137,15.6,22.29,1,15879,"United States: 7,716.0 (48.6%);
Rest of The World: 3,459.0 (21.8%);
Europe: 3,592.0 (22.6%);
Other: 1,112.0 (7.0%)",4644,3862,2250,2854,4272,5619,6268,6986,4447,2905,2388,3000,1585,2165,5247,10612,3102,3709,1960,2563,A+,A+,15879,"Discovery, Development, Licensing, Manufacturing, Marketing, Distribution and Sale of Innovative Medicines That Help Patients Prevail over Serious Diseases: 15,879.0 (100.0%)"
AbbVie Inc. (NYSE:ABBV),NYSE:ABBV,0.3360721442885772,0.312374749498998,0.251,0.260693710993759,1.1980482204362801,NA,NA,0.8989641911215456,0.14446734449420492,98938.61192451497,17913.800000000003,2087,6235,15499.411924514978,51.7402480270575,48.06405529953917,43.98045040728318,4.95684428479534,15.868261736089009,5.523038770362232,14.749345844441708,9508.800000000001,9.888916734084455,1.07258964212875,2369,1,595,1774,91787.2,488.41192451497795,Pharmaceuticals (Primary),Public Company,Common Stock,91787.2,73.58,0.358,0.344,0.431,1.56,1.46,1.65,1592.1,10.3,21.7,14.4,,4.33,,,,,-17.5,3.76,3.6,7.03,-19.8,-0.446,-2.66,4.59,-57,-5.76,0.011,0.116,0.03,Pharmaceuticals,"AbbVie Inc. discovers, develops, manufactures, and sells pharmaceutical products worldwide.",Healthcare,2012,98424.2,19960,6708,5922,1774,8348,2485,27547,15011,1742,612,1.75,5602,,3297,3216,3118,2993,2855,2738,,5922,-429,38,,2369,595,9,1.11,1.11,1.91,1.1,1.1,25.1,3209,1124,1107,7105,4620,5862,881,425,4066,10565,,,-6.59,6.23,98,74,81,92,103,114,-745,,-2661,-652,225,,12,308,,-622,-193,-203,-172,3.7,26000,1742,57.65,115,United States,19960,6708,1774,22815.3,9945.9,11.11,IQ141885706,12.1,0.38,18.4,70.76,45.5,15571,14723,,9595,6277,,4492,393.8,99.8,,97.9,,345,26000,16088,17848,933,2022,3493,115,28.3,28.53,3,19960,"United States: 10,845.0 (54.3%);
The Netherlands: 969.0 (4.9%);
Germany: 1,035.0 (5.2%);
Japan: 581.0 (2.9%);
Spain: 534.0 (2.7%);
France: 584.0 (2.9%);
United Kingdom: 722.0 (3.6%);
Italy: 432.0 (2.2%);
Canada: 551.0 (2.8%);
Brazil: 435.0 (2.2%);
ALL Other Countries: 3,272.0 (16.4%)",,,,,,4923.8,5218,6002,6622,6284,,,,,,4636.5,4178,3433,5275,4128,A,A,19960,"Pharmaceutical Products: 19,960.0 (100.0%)"
Eli Lilly and Company (NYSE:LLY),NYSE:LLY,0.23999775688737537,0.1405809661697833,0.203,0.06316744584414725,0.1182329202435649,0.0354,0.0101,0.36199140137579283,0.10061861767880359,82900.1539344496,34793.100000000006,1819.380000000001,2757.580000000001,8730.853934449606,32.646266471449486,32.68089887640449,42.89422770394307,4.226235951714432,30.06264693479412,2.3826607555650283,17.609481049015358,15070.000000000002,8.780586776656774,0.9831383287481309,3000.3,1,609.8,2390.5,78040.9,524.253934449605,Pharmaceuticals (Primary),Public Company,Common Stock,78040.9,68.98,0.285,0.216,0.141,0.747,0.732,0.404,1060.6,4.36,13.4,10.8,,3.15,2.82,-0.941,1.01,3.54,-11.2,-12.2,-9.3,-2.12,-18.1,-19.2,-15.1,-6.87,-49,-40,,0.209,0.083,Pharmaceuticals,"Eli Lilly and Company discovers, develops, manufactures, and sells pharmaceutical products worldwide.",Healthcare,1876,81332.9,19615.6,4707.7,3328.7,2390.5,3871.6,7963.9,37178.2,8206.6,15388.1,1162.6,1.96,6620.8,,4733.6,5023.3,5157.5,5292.5,5531.3,5519,,3328.7,-148.8,121,,3000.3,609.8,,2.23,2.23,1.96,2.23,2.23,20.3,3234.6,2740,9.1,16029.3,8065.4,1758.1,1128.1,2680.6,2784.2,5368.4,14.9,,-32.7,-15.1,120.7,63.2,63.2,108.4,108.4,138.7,-902.3,,-2101.2,-800,,-1034.8,3673.5,-2210.4,,-551.4,-260.7,-307.1,117.4,2.16,39135,15373.2,73.58,227.3,United States,19615.6,4707.7,2390.5,20053.5,5382.8,12.5,IQ285467,3.6,0.51,13.5,77.46,57.4,14683.1,5213.8,9.3,3830.2,1516.8,,17631.4,306.9,87.4,,59.6,,502.1,39135,12179.8,13104.7,1119.3,2956.1,3828.6,227.3,2.32,56.26,3,19615.6,"Other Foreign Countries: 3,947.7 (20.1%);
United States: 9,134.1 (46.6%);
Europe: 4,506.7 (23.0%);
Japan: 2,027.1 (10.3%)",3658.7,3648.6,4125.4,4802.9,5585,6370,6772.2,6317.9,5015.3,5548.1,1810.1,1979.6,2662.7,2953,-2071.9,4328.8,5069.5,4347.7,4088.6,4684.8,AA-,AA-,19615.6,"Human Pharmaceutical Products: 17,269.0 (88.0%);
Animal Health: 2,346.6 (12.0%)"
Allergan Inc.,,0.3423973209343519,0.3278229823978745,0.23,0.20817285021398005,0.20712095839237404,0.134,0.152,0.2328024886076028,0.031675512387553666,69456.64596107829,8762.5,1607.8799999999997,2368.98,2355.645961078296,47.246030704631934,44.247279920870426,44.78717317212728,9.611514164878542,29.319220069852125,7.926578711677979,28.071230635362845,3753.5000000000005,18.535117540917003,6.25760285728569,1989.3,1,456.7,1524.2,72012.4,198.24596107829552,Pharmaceuticals (Primary),Private Company,Common Stock,72012.4,79.72,0.056,0.097,0.126,0.67,0.851,0.698,299.8,2.99,,,,8.9,15,15.7,15.2,13.4,19.7,16.3,14.9,9.92,17.7,17.7,15.6,11.5,54.7,18.3,0,0.007,0,Pharmaceuticals,"Allergan, Inc. discovers, develops, and commercializes pharmaceuticals, biologics, medical devices, and over-the-counter products in the Unites States and internationally.",Healthcare,1948,69213.4,7226.4,2474.3,2285.3,1524.2,4911.4,1006.3,12415.7,2157.4,7763,243.9,0.2,2809.3,,1273,1276.7,1244.4,1221.8,1118.9,1084.8,112.4,2285.3,-69.4,7.7,,1989.3,456.7,,5.12,5.13,4.75,5.02,5.03,23,914.5,296,475.9,1981.3,975,2392.9,287.4,,231.5,2085.3,10,,16.2,14.9,51.1,15.5,20.6,32.7,47.1,60.2,-62.3,,-59.6,-839.2,521,,16.5,493.6,,-67.5,1.9,-43.8,-115.7,2.9,10500,7753,240.22,73.4,United States,7226.4,2474.3,1524.2,8001,,11.11,IQ249205,,0.20,,241.78,115.9,6395.5,2153.9,6.3,3046.1,2339.4,,6463.2,1802.5,99.7,,96.8,,175,10500,6871.2,5319.7,283.2,792.6,112.9,73.4,17.7,85.83,1,7126.1,"United States: 4,520.5 (63.4%);
Other: 301.0 (4.2%);
Asia Pacific: 512.3 (7.2%);
Europe: 1,410.3 (19.8%);
Latin America: 382.0 (5.4%)",532,620.3,676.6,842.5,866.5,1075.9,1257.7,1400,1654.4,1932.4,377.1,403.9,-127.4,484.8,563.1,621.3,0.6,934.5,1098.8,985.1,A+,A+,7237.9,"Specialty Pharmaceuticals: 6,012.1 (83.1%);
Medical Devices: 1,114.0 (15.4%);
Corporate: 111.8 (1.5%)"
Zoetis Inc. (NYSE:ZTS),NYSE:ZTS,0.28045977011494255,0.23891327063740858,0.284,0.15511885991510005,0.4391922213911743,NA,NA,0.7367391547757558,0.13915543556157992,26006.01318632914,5276.8,587.2,1143.2,3741.6131863291357,39.70222984562607,38.189365351629505,39.41825613079019,5.434903487216121,22.748437006935916,4.928368175092696,19.378549319172233,1171.8,14.963183651512738,1.3987056302491963,820,1,233,583,23146.4,91.61318632913583,Pharmaceuticals (Primary),Public Company,Common Stock,23146.4,87.67,0.328,0.31,0.127,0.92,0.947,0.832,500.8,3.7,9.58,11.8,,1.66,,,,,,30.6,25.9,11.6,33.5,16.8,14.7,4.17,15.7,7.76,,0.019,0.003,Pharmaceuticals,"Zoetis Inc. engages in the discovery, development, manufacture, and commercialization of animal health medicines and vaccines for livestock and companion animals worldwide.",Healthcare,1952,25940.4,4785,1342,1139,583,882,1318,6607,3650,1337,180,0.288,1507,,396,386,386,389,399,399,60,1139,-117,,,820,233,,1.16,1.16,1.29,1.16,1.16,28.4,980,1289,314,2463,1145,976,290,7,50,3643,26,,6.68,4.91,17,8,12,17,23,27,157,,-146,,2,-8,,-16,,,-210,-16,69,3.29,10000,1311,46.22,29,United States,4785,1342,583,4880.9,1422.4,10,IQ215548781,3.89,0.57,6.11,47.92,28.1,3101,3657,22,610,982,,940,129.5,91.5,,100,,57,10000,3465,3357,506,799,95,29,5.54,,3,,,,,,,,300,408,714,869,1057,,,,,,-100,110,245,436,504,BBB-,BBB-,4785,"Europe/Africa/Middle East (Euafme): 1,141.0 (23.8%);
Canada/Latin America (CLAR): 815.0 (17.0%);
Asia/Pacific (APAC): 720.0 (15.0%);
United States (U.S.): 2,059.0 (43.0%);
Other Business: 50.0 (1.0%)"
Hospira Inc. (NYSE:HSP),NYSE:HSP,0.16351905369984543,0.11657593476264087,0.177,0.07921107847561833,0.10677336210513697,0.0537,0.0368,0.36190030742682855,0.1110466135399549,16238.763497137852,5406.52,356.26,520.36,1892.3634971378533,45.46458583433373,43.95343137254902,42.52175377533262,3.6379603237533553,31.20678664220511,3.003551914565719,22.247929164457943,1116.32,14.60057858041526,1.2773288973384032,405.1,1,71.9,333.2,15148.8,136.36349713785327,Pharmaceuticals (Primary),Public Company,Common Stock,15148.8,91.4,0.166,0.184,0.088,1.44,1.3,0.698,172.4,1.53,7.79,10.2,,2.45,1,3.2,3.68,5.37,-3.78,-5.73,-3.64,2.85,,-0.986,-1.22,3.24,,685.6,,0.461,0.139,Pharmaceuticals,"Hospira, Inc. provides injectable drugs and infusion technologies to develop, manufacture, distribute, and market products worldwide.",Healthcare,2003,16102.3,4463.7,729.9,497.3,333.2,802.4,1816.7,6650,1756,3336.6,392.2,,812.1,,382.3,370.5,366.8,368,351.7,339.2,,497.3,-77.2,6.8,,405.1,71.9,,1.98,1.98,1.6,1.95,1.95,17.7,601.9,1133.3,233,3607.2,1790.5,1089.1,414.5,6.8,156.6,1749.2,,,146.2,11.5,44.2,12.1,14.1,20.8,29.4,37.8,-110.6,,,,153.3,-91.1,,-235.2,141.4,-223.4,87.5,-72.9,-61.4,4.16,19000,3336.6,87.88,42,United States,4463.7,729.9,333.2,4591.6,849.3,10,IQ9681063,4.86,0.31,8.57,88.09,42,1653.7,1840.7,,798.1,1057.7,,2961.9,77.4,99.3,,99.7,,107.5,19000,2954.2,2838.5,329.2,601.2,141,42,8,39.74,1,4463.7,"Americas: 3,605.1 (80.8%);
Asia Pacific (APAC): 326.6 (7.3%);
Europe, Middle East & Africa (EMEA): 532.0 (11.9%)",363,347.6,393.2,526.6,553.2,667.8,596.8,512.3,154.6,63.3,301.6,235.6,237.7,136.8,320.9,403.9,357.2,-9.4,44.2,-8.3,BBB-,BBB-,4463.7,"Specialty Pharmaceutical and Medication: 4,463.7 (100.0%)"
Salix Pharmaceuticals Ltd. (NasdaqGS:SLXP),NasdaqGS:SLXP,0.13656815174239084,-0.019391265990295534,0,-0.0071082077485285534,-1.5339210747271201,0.268,0.34299999999999997,0.9258181274279543,0.21140513841033742,13562.92705743454,3092.1999999999994,-365.38,-21.97999999999999,2972.8270574345406,NA,NA,NA,11.965528943479963,NA,4.386173940053859,87.6158078645642,428.59999999999997,41.719246562394765,4.010586686385197,NA,1,NA,NA,NA,48.12705743454073,Pharmaceuticals (Primary),Public Company,Common Stock,11089.4,105.69,0.08,0.087,0.092,1.38,1.2,0.935,64.2,2.1,123.2,22.2,,3.62,,,34.3,26.8,,,,37.2,,,-0.711,28,,,,3.14,0.177,Pharmaceuticals,"Salix Pharmaceuticals, Ltd. acquires, develops, and commercializes prescription drugs and medical devices to treat various gastrointestinal diseases in the United States.",Healthcare,1989,13514.7,1133.5,154.8,-71.5,-414.9,499.3,34.9,4117.3,2924.7,238.2,17.8,,518.1,,170.3,130.4,104.1,172.4,112.8,84.2,216.1,-71.5,-170.8,,,-663.6,-248.7,,-6.53,-6.53,-2.41,-6.53,-6.53,,42.5,175.2,207.7,64.9,30,1349.1,45.6,,269.4,1943.6,,,-47.9,24.1,20.2,7.91,6.95,7.33,7.51,7.74,-695.2,,,,7.12,-60.3,1950,44.9,,-2472.2,31.5,,107.4,5.85,1000,238.2,172.6,8.7,United States,1133.5,154.8,-414.9,1266.7,456.9,25,IQ658616,33.6,0.28,78.2,172.98,86,833,1632.1,,1157.9,180.9,,728.6,177.9,87.8,,61,39,24.1,1000,1006,2282.7,32.6,96.9,287.6,8.7,0.105,17.7,1,,,6.65,12.9,30.3,11.9,-46.7,-40.1,28.5,142.9,184.1,244.8,6.84,-60.6,31.5,8.23,-47.6,-43.6,-27.1,87.4,64.2,130.8,B,B,1133.5,"Acquiring, Developing and Commercializing Prescription Drugs Used in The Treatment of a Variety of Gastrointestinal Diseases: 1,133.5 (100.0%)"
"Akorn, Inc. (NasdaqGS:AKRX)",NasdaqGS:AKRX,0.35120553026471085,0.2652841004889563,0.39399999999999996,0.06292769271383315,0.11101344364012408,0.27899999999999997,0.43200000000000005,0.7458373767478831,0.1704765624499821,6587.46027611272,1515.2,42.94,157.33999999999997,1135.0602761127202,156.4617563739377,154.4589235127479,128.62366092221706,11.106828993614432,41.86767685339215,4.34758465952529,31.62486930442976,74.2,27.7366748467904,4.377070847893393,59.1,1,23.3,35.3,5523.1,10.160276112720107,Pharmaceuticals (Primary),Public Company,Common Stock,5523.1,82.23,0.041,0.02,0.009,0.831,0.539,0.317,113.9,1.41,42.7,26.1,,1.96,,56.8,43.2,27.9,,,,50.9,-6.34,63.9,74.4,63,-32.5,64.3,,30.59,1.9,Pharmaceuticals,"Akorn, Inc. develops, manufactures, and markets generic and branded prescription pharmaceuticals, as well as animal and over-the-counter (OTC) consumer health products in the United States and internationally.",Healthcare,1971,6570.1,593.1,208.3,149.7,35.3,70.7,143.8,1906.9,1124.9,386.8,29.6,,95.5,,29.2,25.4,22.3,18.3,19.9,21.9,44.1,149.7,-47.8,,,59.1,23.3,,0.342,0.346,0.618,0.334,0.339,39.4,220.7,131.3,33.5,211.9,68.1,278.8,44.1,,7.48,1114.5,,,100.9,86.7,3.18,0.466,0.769,2.23,2.53,2.57,219.2,,,,17,-85,1045,-94.2,,-902.1,11,-15.3,-95.5,5.19,1644,386.8,48.48,3.3,United States,593.1,208.3,35.3,967.5,452.7,0,IQ248256,35.1,0.20,37.8,55.86,20.5,318.4,108.8,,34.2,29.8,,260.2,96.7,69.4,,7.78,92.7,8.26,1644,494.3,168.9,23,22.1,16.2,3.3,6.39,11.44,1,593.1,"United States: 576.5 (97.2%);
Foreign: 9.4 (1.6%);
India: 7.2 (1.2%)",1.67,-7.48,-4.91,-19.8,-7.18,-13.6,11.3,34,77.9,91.1,-3.03,-8.61,-5.96,-19.2,-7.94,-25.3,21.8,43,35.4,52.4,B+,B+,593.1,"Prescription Pharmaceuticals: 542.8 (91.5%);
Consumer Health: 50.2 (8.5%)"
"Catalent, Inc. (NYSE:CTLT)",NYSE:CTLT,0.23121074290664934,0.15707169157461554,0.19399999999999998,0.09345674610471112,0.12750352609308885,NA,NA,0.7974354296040185,0.3436743727345518,5600.8829490063945,2501.7400000000002,63.279999999999994,290.08,1953.7829490063953,61.26765188834154,59.88669950738916,58.963337547408344,3.032750134831273,19.308063117093198,2.2387949782976624,13.116821894628558,155.34,11.673370047949968,0.8241316466552316,75.6,1,14.7,60.9,3731.2,19.582949006395307,Pharmaceuticals (Primary),Public Company,Common Stock,3731.2,48.93,,,,,,,124,0.627,175.4,8.98,,1.71,,,,,,,,,,,,,,27,,0.186,0.051,Pharmaceuticals,"Catalent, Inc. provides advanced delivery technologies and development solutions for drugs, biologics, and consumer health products.",Healthcare,2007,5584.3,1846.8,427,287.7,60.9,84.1,865.1,3038.1,1934.2,496.3,153.9,,320.4,,52.8,52.3,51.5,49.9,49.2,49.2,,287.7,-140.1,,7,75.6,14.7,,0.641,0.657,0.928,0.628,0.643,19.4,336.4,156.3,30.4,1427.4,562.3,1082.4,118.4,,4.2,1847.3,3,,13.4,2.19,6.8,2.4,2.7,3,3.5,4.6,34.6,,,-0.7,948.8,-2612.9,1864.4,0,,-127.8,6.4,-22.8,-35.9,5.1,,493.3,30.1,,United States,1827.7,406.7,16.2,1848,433.8,14.29,IQ83345566,,0.39,,31.66,19.3,623.4,2730.8,4.9,64.2,1081.5,,-414.1,12.3,67.1,10.8,12.9,73.9,20,8300,637.5,612.1,120.5,129.5,96.8,9.5,4.97,,,,,,,,,,,,,,226.5,,,,,,,,,,-20.2,,,1846.8,"Oral Technologies: 1,173.7 (63.1%);
Medication Delivery Solutions: 264.9 (14.3%);
Development and Clinical Services: 420.0 (22.6%);
Corporate: -11.8 (-.6%)"
"Pacira Pharmaceuticals, Inc. (NasdaqGS:PCRX)",NasdaqGS:PCRX,0.023975720789074357,-0.036165907941325244,0,-0.024085427474230276,-0.09164231443600233,NA,NA,0.4575115512914317,0.04123049484746198,3462.2984207540558,296.86,-15.68,-7.15,144.29842075405568,NA,NA,NA,17.51289034271146,NA,11.663068182827109,730.4427048004337,59.86,147.70897699462697,2.9652808821338104,NA,1,NA,NA,NA,40.898420754055685,Pharmaceuticals (Primary),Public Company,Common Stock,3355.5,113.35,0.021,0.041,0.06,0.475,0.728,1.24,36.2,0.523,,104.3,,0.868,,,,,,,,67.5,,,,132.7,,,,3.2,0.055,Pharmaceuticals,"Pacira Pharmaceuticals, Inc., a specialty pharmaceutical company, develops, commercializes, and manufactures proprietary pharmaceutical products primarily for use in hospitals and ambulatory surgery centers in the United States.",Healthcare,2006,3302.2,197.7,4.74,-5.17,-13.7,37.5,60.6,326.1,103.4,171.1,21.9,,106.7,,18.7,19.7,21.2,20.9,21.6,20,,-5.17,-8.6,0.382,,-13.5,0.173,,-0.389,-0.389,-0.24,-0.389,-0.389,,22.4,29.3,1.51,80.7,20.1,23.8,6.76,103.1,2.47,,,,,131.1,11.8,7.88,7.66,7.46,7.26,6.13,8.33,,,,118.9,,,-84,,-13.4,14.3,-13.7,-7.78,7.96,446,171.1,92.6,4.9,United States,197.7,4.74,-13.7,308.4,78.8,11.11,IQ27508,49,0.48,,121.95,60.3,101.5,100.2,,12.5,10.3,,41.2,39.8,96.8,,116.1,,25,446,214.3,106.8,3.07,16.6,2.25,4.9,4.68,35.78,3,,,,,,-26,-45.2,-28.5,-22.7,-36.1,-49.3,-53.3,,,,-36.2,-41.9,-31.7,-27.1,-43.3,-52.3,-63.9,,,197.7,"Development, Commercialization and Manufacture of Proprietary Pharmaceutical Products: 197.7 (100.0%)"
Impax Laboratories Inc. (NasdaqGS:IPXL),NasdaqGS:IPXL,0.2233221476510067,0.17483221476510064,0.36700000000000005,0.07296466735989733,0.07039080977587565,NA,NA,0.00878959252277538,0.0024108355559719383,3050.973483916331,903.98,62.499999999999986,104.19999999999997,7.873483916331439,56.7595818815331,54.40908278204899,52.128000000000014,5.119083026705254,29.279975853323723,3.375045337193667,22.922415356245914,230.98000000000002,14.377820376608536,1.1510128913443831,90.6,1,33.2,57.4,3258,7.873483916331439,Pharmaceuticals (Primary),Public Company,Common Stock,3258,84.42,0.037,0.047,0.109,0.613,0.645,0.997,71.2,0.69,25.1,22.1,,1.54,,,,,2.76,3.1,6.67,10.7,-4.33,-2.55,2.73,5.13,-43.4,311.9,,6.09,0.806,Pharmaceuticals,"Impax Laboratories, Inc., a specialty pharmaceutical company, develops, manufactures, and markets bioequivalent pharmaceutical products.",Healthcare,1993,2843.1,596,133.1,99.1,57.4,214.9,188.2,1079.2,0,887.9,29.9,,142.6,,79.1,79.6,76.7,71,68.9,73.8,,99.1,-0.043,1.47,,90.6,33.2,,0.841,0.841,0.925,0.81,0.81,36.7,146.5,80.6,54.8,304.4,116.2,27.6,32,,39.9,,,,121.7,16.5,2.58,0.803,0.848,0.99,1.58,2.35,64.2,,,,11.1,,,13.3,,,-8.98,-24.3,-33.5,,1061,887.9,45.74,3.8,United States,596,133.1,57.4,773.1,222.7,11.11,IQ406896,20,0.21,18,47.7,22.1,315.5,0,,184.6,27.6,,810.2,15,83.6,,,,5.01,1061,730.5,659.7,26.8,73.8,53.3,3.8,3.04,14.78,1,,,,2.11,1,86.5,11.8,85.1,399.7,107.1,92.8,24.1,,-5.78,-12,125.4,16,50.1,250.4,65.5,55.9,101.3,BB,BB,596,"Global Division: 549.1 (92.1%);
Impax Division: 47.0 (7.9%)"
"Lannett Company, Inc. (NYSE:LCI)",NYSE:LCI,0.547993492407809,0.5540130151843817,0.355,0.4462343818778992,0.35305584826132763,0.195,0.271,0.0028108335303543754,0.0004560041253457321,2175.8700000000003,295.33000000000004,134.01999999999998,204.32,1.07,18.570071258907365,17.27512471006895,17.50037307864498,5.899864425162691,10.64932458888019,7.367588798970643,10.766303809995055,85.26,9.318501070663814,6.875159887439242,195.9,1,69.5,126.3,2345.4,0,Pharmaceuticals (Primary),Public Company,Common Stock,2345.4,58.73,0.178,0.196,0.109,1.86,2.17,1.36,35.8,0.741,37.1,17.5,,3.87,31.7,32.1,27.1,19.5,80.2,65.4,57.7,24.3,,,302.9,50.6,598.4,334.8,12.23,13.12,1.75,Pharmaceuticals,"Lannett Company, Inc. develops, manufactures, packages, markets, and distributes generic versions of branded pharmaceutical products in the United States.",Healthcare,1942,2161.9,368.8,202.1,196.6,126.3,170.6,75.3,423.7,1.07,379.6,26.9,,42.8,,31.4,29.3,27.7,24.8,19.4,17.2,,196.6,-0.137,0.408,,195.9,69.5,,3.57,3.57,3.48,3.42,3.42,35.5,90.6,42.6,15.8,113,37.7,,19,,,0.942,0.323,,292.5,91.7,,,,,,,41.8,,,-3.93,5.27,-0.276,,-2.13,,,-0.216,-6.89,-37.8,26.8,,379.3,65.51,,United States,273.8,114.2,57.1,417.1,,16.67,IQ2381717,25,0.13,,71.26,29.1,270.8,1.35,0.267,94.4,,,235.8,64.5,74.6,,0,100,,399,334,204.4,19.3,10.4,4.54,,2.21,7.84,1,,,12.2,-6.39,7.45,-2.78,3.36,15.9,10.2,-2.32,13.4,45.2,8.06,-32,4.36,-9.97,1.27,6.65,6.86,-1.41,8.94,18.1,,,368.8,Generic Pharmaceuticals: 368.8 (100.0%)
"Prestige Brands Holdings, Inc. (NYSE:PBH)",NYSE:PBH,0.3285225412884987,0.3059068590983484,0.396,0.05581482313811856,0.11578255871243226,NA,NA,0.7295112721659446,0.42543094747542437,3838.1104432180246,2224.9,70.5,205.6,1642.2104432180245,31.45957446808511,31.184231080562935,31.45957446808511,5.710624078586556,18.66785235028222,1.7250709889064786,17.3827465725454,0,17.3827465725454,2.524910951801253,116.7,1,46.2,70.5,2217.9,4.2104432180245785,Pharmaceuticals (Primary),Public Company,Common Stock,2217.9,109.7,0.171,0.198,0.462,1.28,1.29,2.06,52.3,0.319,16.4,8.83,,2.05,,,,,,20.6,19.1,18.2,17.3,25.7,24.8,18.5,-7.21,3.23,,0.489,0.067,Pharmaceuticals,"Prestige Brands Holdings, Inc., through its subsidiaries, is engaged in the marketing, sale, and distribution of over-the-counter (OTC) healthcare and household cleaning products in North America and internationally.",Healthcare,1996,3834,672.1,220.8,205.6,70.5,22,13.1,2680.6,1638,608.9,3.81,,159.3,,,,,,,,15.2,205.6,-72.5,0.083,,116.7,46.2,,1.35,1.35,1.6,1.35,1.35,39.6,84.7,75.2,8.35,23.4,10.3,291.9,38.6,,2.17,1638,,,3.85,10.4,,,1.04,1.09,1.13,1.36,23.4,,,-2.15,3.88,-234.3,844.6,,18.5,-827.7,-28.8,13.9,3.35,5.91,,608.9,42.43,,United States,601.9,203.8,72.6,792.8,284.6,20,IQ10969688,14.8,0.41,18.7,42.88,25.9,380.1,1029.8,,94.4,190,0.283,543.7,22.4,99.4,,69.6,30.8,6.35,155,200.8,244.5,51.5,32.8,1.43,1.5,0.995,15.24,1,667.2,"Segment Adjustment: 39.3 (5.9%);
United States: 565.3 (84.7%);
Canada: 42.5 (6.4%);
Other: 20.0 (3.0%)",,93.5,101.8,89.2,84.8,80.5,85,103.5,187.5,199.1,,20.9,31.3,32,34.7,-182.3,26.1,43.6,46.1,76,,,672.1,"Segment Adjustment: 581.2 (86.5%);
Household Cleaning: 90.9 (13.5%)"
Indivior PLC (LSE:INDV),LSE:INDV,0.5273542600896861,0.562152466367713,0.282,2.3294120082815732,NA,NA,NA,NA,0.2608449106889708,2490.6,193.2,467.8,626.8,736,5.175186104218362,4.3538461538461535,4.458315519452757,2.23372197309417,3.973516273133376,12.891304347826088,4.235714285714286,263.2,3.5428165007112375,1.7620828538550057,561,1,158,403,2085.6,0,Pharmaceuticals (Primary),Public Company,Common Stock,2085.6,24.31,,,,,,,718.6,6,-42.3,-46.4,,0.233,,,,,,,,,-13.1,-13.6,-13.1,-3.84,-17.6,-19.1,,0.092,0.067,Pharmaceuticals,"Indivior PLC, a specialty pharmaceutical company, develops therapies for the chronic diseases of addiction and related mental health disorders worldwide.",Healthcare,,2472.4,1115,588,562,403,331,13,747,736,-475,,,343,,115,99,76,41,35,,,562,-1,,,561,158,,0.561,0.561,0.488,0.56,0.56,28.2,193,41,,,,,383,,,719,,,-18.7,-8.31,,,,,,,19,,-500,,,,759,-26,,,-50,-5,3,,700,-475,2.9,,United States,1115,588,403,885.4,316.1,18.18,IQ277824630,-13.1,,-34.6,3.06,1.71,1020,,,,,,,14.7,89.2,,,,4,700,565,,,,,,,,,1115,"United States: 855.0 (76.7%);
ROW: 260.0 (23.3%)",,,,,,,,872,884,695,,,,,,,,614,607,489,B,B,1115,"Development, Manufacture and Sale of Prescription Drugs: 1,115.0 (100.0%)"
Theravance Inc. (NasdaqGS:THRX),NasdaqGS:THRX,-3.8908659549228943,-14.00332147093713,0,-0.17896690155365005,NA,-0.00582,NA,NA,0.27447337350159984,2550.242754679982,659.608,-252.64800000000002,-118.048,726.5427546799826,NA,NA,NA,302.5198997247903,NA,3.8663005219463416,NA,254.10799999999998,NA,0.8578495183545951,NA,1,NA,NA,NA,0.9427546799826617,Pharmaceuticals (Primary),Public Company,Common Stock,1920.5,71.88,0.058,0.033,0.209,1.23,0.925,2.2,116.7,1.03,,,,-0.09,,,,-0.582,,,,-19.1,,,,-29.9,,,0.005,2.63,0.447,Pharmaceuticals,"Theravance, Inc., a royalty management company, is focused on developing respiratory products.",Healthcare,1996,2405.6,8.43,-32.8,-33.9,-168.5,96.8,,521.7,725.6,-223.3,0.689,0.5,34.9,,7.6,132.3,132.8,147.7,9.54,36.4,,-33.9,-36.9,0.563,,-73.5,,,-1.5,-0.656,-0.389,-1.5,-0.656,,10.6,,,,,,,,1.06,725.6,,,,86.1,0.089,0.21,0.203,0.197,0.192,0.186,64.3,,-57,,48.9,,434.7,-64.4,,,-7.7,-1.91,-7.3,7.03,10,-223.3,16.46,3,United States,8.43,-32.8,-168.5,53.6,39.4,16.67,IQ24362,286.1,0.38,,32.98,10.6,0.935,287.5,,143.5,,,299.1,6.59,53.2,35.2,64.8,,29,10,252.2,483.2,7.58,27.5,49.3,3,5.42,22.46,1,,,-106.4,-149.6,-179.2,-168.6,-87.8,-80.2,-78.3,-109.7,-25.1,-28.8,-102.7,-143.2,-166,-160,-93.6,-85.3,-83.9,-115.3,-18.5,-170.7,,,8.43,"Discovery (Research), Development and Commercialization of Human Therapeutics: 8.4 (100.0%)"
The Medicines Company (NasdaqGS:MDCO),NasdaqGS:MDCO,-0.010657095527332966,-0.028547763666482658,0,-0.016742227979274642,-0.011716117813281213,0.175,NA,0.2559892605005011,0.1446095430398073,1818.4756972069479,1235.1999999999998,-10.780000000000044,-20.680000000000035,316.5756972069483,NA,NA,NA,2.510319847055422,NA,1.472211542427905,NA,439.1,NA,3.150699562106163,NA,1,NA,NA,NA,69.8756972069483,Pharmaceuticals (Primary),Public Company,Common Stock,1872.6,102.15,0.173,0.08,0.105,1.37,0.93,0.896,65.5,0.899,21.7,-12.5,,1.87,,,,17.5,,,,12.4,,,,14.3,,,,1.46,0.496,Pharmaceuticals,The Medicines Company provides medicines for patients in acute and intensive care hospitals worldwide.,Healthcare,1996,1748,724.4,-7.72,-42.1,-32.2,370.7,40.1,1885.7,246.7,920.1,7.29,,341.2,,159.2,150.2,137.4,119.8,146.9,134.6,,-42.1,-15.7,,,-39.2,-6.84,,-0.5,-0.5,-0.337,-0.5,-0.5,,155.7,81.5,33.1,66.9,26.8,286.5,19.8,,216.9,246.7,-0.474,,,5.31,48.5,7.28,7.23,8.24,7.56,8.22,-158.1,,,,17.3,,,-18.5,,-58.9,-6.87,5.63,-54.7,6.51,727,920.6,28.6,8.5,United States,724.4,-7.72,-32.2,743.7,161.7,20,IQ35418,1.29,0.48,,32.44,19.9,458.3,236.1,-0.336,376.7,257.7,,892.5,23.6,92.8,,111.5,,30.5,727,657,591.4,26.9,136.6,10.8,8.5,8.99,24.07,3,724.4,"United States: 687.8 (95.0%);
Rest of World: 3.7 (.5%);
Europe: 32.9 (4.5%)",15.6,-12,10.3,-28,10.6,-18.7,65.7,58.1,85.3,22.9,17,-7.75,63.7,-18.3,-8.5,-76.2,104.6,127.9,51.3,15.5,,,724.4,Advancing the Treatment of Acute and Intensive Care Patients: 724.4 (100.0%)
Nektar Therapeutics (NasdaqGS:NKTR),NasdaqGS:NKTR,-0.017737917289486798,-0.22869955156950678,0,-0.07141745760074687,-2.294765840220386,0.057999999999999996,NA,0.8116489509257453,0.09695226693505929,1601.0252339629349,642.6999999999999,-83.30000000000001,-45.900000000000006,156.42523396293495,NA,NA,NA,7.977205948993198,NA,2.4910926310299284,NA,485.09999999999997,NA,3.3630748112560056,NA,1,NA,NA,NA,22.72523396293495,Pharmaceuticals (Primary),Public Company,Common Stock,1457,92.73,0.006,0.027,0.161,0.303,0.706,1.53,131.4,1.23,,-8.06,,-0.399,,,,5.8,,,,22.8,,,,41.1,,,,0.351,0.008,Pharmaceuticals,"Nektar Therapeutics, a biopharmaceutical company, develops drug candidates that utilize its PEGylation and polymer conjugate technology platforms in the United States.",Healthcare,1990,1352.9,200.7,-3.56,-16.5,-53.9,12.4,70.4,441.6,133.7,36.3,9.98,,44.1,,147.7,157.5,167.2,182.7,190,188.1,,-16.5,-38.8,0.814,,-54.4,-0.512,,-0.425,-0.425,-0.268,-0.425,-0.425,,3.61,13,33.8,164.2,93.8,76.5,2.7,,5.57,125,,,,34.8,0.452,5.34,5.19,5.04,4.89,4.75,64.7,,,,163.5,-3.54,,-27.6,,,-6.36,0.5,-1.38,29.2,438,36.3,11.09,3.2,United States,200.7,-3.56,-53.9,244.1,8.67,3.45,IQ29929,4.13,0.48,,17.53,10.1,172.2,136.6,,39.1,76.5,,-89.9,19.6,98.9,,93.5,,22.4,438,288.2,257.9,9.12,44.3,41.3,3.2,22,10.5,3,200.7,"United States: 32.5 (16.2%);
Europe: 168.2 (83.8%)",-73.9,-109.4,-132.1,-78.5,-145.8,-95.1,-15.7,-121.2,-139.5,-120.1,-101.9,-185.1,-154.8,-32.8,-34.3,-102.5,-37.9,-134,-171.9,-162,,,200.7,Applying Our Technology Platforms to Improve The Performance of Established and Novel Candidates: 200.7 (100.0%)
"Relypsa, Inc. (NasdaqGS:RLYP)",NasdaqGS:RLYP,NA,NA,0,-0.3165333979484694,-0.6766244725738397,NA,NA,0.2780341167604249,0.031372250829580714,1424.3351797238283,247.62,-80.18,-78.38,45.635179723828166,NA,NA,NA,NA,NA,5.7521007177280845,NA,143.52,NA,2.41305890702626,NA,1,NA,NA,NA,29.735179723828168,Pharmaceuticals (Primary),Public Company,Common Stock,1409,42.79,0.002,0.001,,0.264,-0.191,,41.3,0.357,,,,-4.61,,,,,,,,,,,,,,,,0.342,0.036,Pharmaceuticals,"Relypsa, Inc., a biopharmaceutical company, focuses on the development and commercialization of non-absorbed polymeric drugs to treat disorders in the areas of renal, cardiovascular, and metabolic diseases in the United States.",Healthcare,2007,1289.1,0,-72.6,-78.1,-79.9,30.3,3.47,151.8,15.9,118.5,2.6,,27.9,,50.2,44.5,45,47.3,59,56.6,,-78.1,-1.9,0.149,,-79.9,,,-2.43,-2.43,-1.52,-2.43,-2.43,,,,0.268,10.6,7.16,,3.16,,1.16,15.5,,,,,12.7,5.48,5.48,4.98,4.98,2.31,-1.82,,,,113.6,-1.94,3.55,-106.2,,,-1.58,,-0.184,16.1,115,118.5,34.11,,United States,,-72.6,-79.9,2.57,-167.3,5.88,IQ38652417,,0.41,,42.26,17.6,,13.7,,94.8,,,74.9,13.6,47.8,,,100,7.19,115,139.2,96.7,4.74,7.74,0.64,,3.81,11.05,3,,,,,,,,,,-25.5,-43.3,-58.4,,,,,,,,-25.8,-43.7,-73.8,,,,
"Cempra, Inc. (NasdaqGS:CEMP)",NasdaqGS:CEMP,-3.901315789473684,-3.0026315789473683,0,-0.29047861507128303,-0.7842622950819671,NA,NA,0.24923718180308727,0.014329159062585063,1314.1506939894841,157.12,-47.839999999999996,-45.63999999999999,20.250693989484045,NA,NA,NA,86.45728249930816,NA,8.363993724474822,NA,176.72,NA,8.632447954055994,NA,1,NA,NA,NA,1.750693989484046,Pharmaceuticals (Primary),Public Company,Common Stock,1393,46.58,0.001,0,0.016,-0.13,0.057,0.722,43.5,0.503,,,,-1.45,,,,,,,,,,,,,,,,3.44,0.504,Pharmaceuticals,"Cempra, Inc., a clinical-stage pharmaceutical company, focuses on developing antibiotics to meet medical needs in the treatment of bacterial infectious diseases in North America.",Healthcare,2005,1312.4,15.2,-59.3,-59.4,-61.6,99.1,0.113,105.3,18.5,61,0.052,,12.1,,62.5,62.9,59.2,50.3,41.3,30,,-59.4,-2.38,0.134,,-61.6,,,-1.81,-1.81,-1.13,-1.81,-1.81,,2.35,,,0.303,0.19,,11.9,,0.066,14.9,,,,94.8,,0.194,0.456,0.447,0.436,0.417,-2.13,,,,48.9,,3,,,,5.62,,-0.724,13.8,55,61,32,0.186,United States,15.2,-59.3,-61.6,14.3,-62,4.76,IQ28675941,69.6,0.38,,41.63,8.1,-47.3,14.7,,96.5,,,70,48.1,73.3,,,102.8,1.23,55,104.9,98.5,6.27,1.38,1.01,0.186,2.49,7.34,3,15.2,North America: 15.2 (100.0%),,,,,-15.3,-16.7,-18.7,-20.6,-22.6,-42.9,,,,,-14.9,-18.6,-19.7,-21.2,-24.2,-45,,,15.2,Developing Antibiotics: 15.2 (100.0%)
DepoMed Inc. (NasdaqGS:DEPO),NasdaqGS:DEPO,0.6470286885245902,0.6150461065573771,0.382,1.1699948907987072,0.36035675082327123,1.131,NA,0.40097016093690047,0.15268504250396994,1108.8169422243345,126.82999999999997,131.31400000000002,240.114,243.9169422243346,10.270106221547799,6.572937644868334,10.308116423229814,2.8402073315172505,4.617877100978429,8.742544683626388,4.389615764941942,21.23,4.269278231265727,4.192523640661939,213.1,1,81.3,131.8,1353.6,14.016942224334587,Pharmaceuticals (Primary),Public Company,Common Stock,1353.6,82.36,0.03,0.039,0.121,0.782,0.811,1.38,59.7,1.13,87.3,20,,0.436,,,,113.1,,,,46.6,23,98.6,101,43.2,204.2,2187.9,,0.751,0.397,Pharmaceuticals,"Depomed, Inc., a specialty pharmaceutical company, develops products for pain and other central nervous system conditions in the United States.",Healthcare,1995,1024.1,390.4,252.6,240.6,131.8,488.7,7.06,711.1,229.9,364.4,0.599,,121.1,,7.12,7.11,6.8,6.82,8.07,9.23,10.2,240.6,-23.9,0.215,,213.1,81.3,,2.26,2.26,2.33,2.05,2.05,38.2,28.1,8.46,9.6,15.3,8.24,,1.28,,19.8,229.9,,,1414.8,190.9,4.87,1.58,1.53,2.07,3.21,3.16,92.4,,,,9.8,,345,-46.7,,,15.1,1.69,-15.5,10.7,324,364.4,22.67,1.8,United States,390.4,252.6,131.8,239.9,36.1,14.29,IQ363049,-9.05,0.26,121.5,25.54,9.85,379,0,,244.7,,,137.4,22.7,91.9,,150.1,,6.87,324,617.6,337,2.23,22.4,132.2,1.8,6.75,8.46,1,390.4,United States: 390.4 (100.0%),-26.3,-26.5,-41.6,13.7,-24.6,-22.1,3.63,30.7,-29.2,10.5,-26.9,-24.5,-39.7,49.2,-15.3,-22,3.9,70.7,-29.8,43.3,,,390.4,Specialty Pharmaceutical Company: 390.4 (100.0%)
Phibro Animal Health Corporation (NasdaqGM:PAHC),NasdaqGM:PAHC,0.13572500341017596,0.11122902741781476,0.237,0.19633607457524427,0.9823846153846154,0.075,0.10099999999999999,0.9220239508296824,0.18634323117871232,1629.1357187449958,316.888,25.542,81.542,307.4357187449957,54.56910569105691,53.95574787720444,52.556573486806045,2.2222557887668746,19.97909934444821,5.141045791399472,16.373223303969805,23.688,15.125203961981205,1.2514898688915375,32.3,1,7.66,24.6,1342.4,19.535718744995727,Pharmaceuticals (Primary),Public Company,Common Stock,1342.4,44.35,,,,,,,39,0.183,19.7,12.4,,1.61,,11.5,10.1,7.5,-12.6,10.6,9.69,5.01,,,,,34.5,28.4,,55.19,55.17,Pharmaceuticals,"Phibro Animal Health Corporation operates as a diversified developer, manufacturer, and marketer of a range of animal health and mineral nutrition products for use in the production of poultry, swine, cattle, dairy, and aquaculture.",Healthcare,,1609.7,733.1,99.5,80.6,24.6,20.7,102.6,467.7,287.9,26,17.8,0.2,138.4,,8.21,8.21,8.21,6.64,6.64,6.64,4.49,80.6,-22.6,0.104,,32.3,7.66,,0.676,0.676,1.04,0.66,0.66,23.7,114.3,144.9,0.385,,,,56.8,,1.45,285.1,,,23.1,10.8,4.67,2.64,3.06,3.7,4.03,4.49,28.1,,-7.79,,125.2,-467.8,389.3,1.23,,,-2.78,-10,-13.7,4.93,,26,34.43,,United States,691.9,87.9,-3.13,,111.6,42.86,IQ528955,7.57,0.33,14.1,37.56,15.1,223.5,363.8,,30.5,12.6,,-63.5,6.72,44.8,,,100.2,10.3,1100,306.7,302.5,60.1,52.5,,6.96,1.5,,,,,27.2,40.4,31.1,40,31.5,48.7,,,,62.8,-17.4,-16.8,-22.4,15.6,-23.6,48.3,,,,18.3,B+,B+,733.1,"Animal Health: 457.9 (62.5%);
Mineral Nutrition: 219.0 (29.9%);
Performance Products: 56.2 (7.7%)"
"Tetraphase Pharmaceuticals, Inc. (NasdaqGS:TTPH)",NasdaqGS:TTPH,-7.208791208791208,-4.806593406593406,0,-0.29518153596976643,-0.4110497237569061,NA,NA,0.0612150843739682,0.005522108656340726,1161.381449704142,148.18,-44.64,-43.739999999999995,7.0814497041420115,NA,NA,NA,127.6243351323233,NA,7.83763969296897,NA,156.02,NA,7.312005018427037,NA,1,NA,NA,NA,2.521449704142012,Pharmaceuticals (Primary),Public Company,Common Stock,1275.3,60.82,0.004,0.003,0.002,0.36,0.294,0.331,35.3,0.446,,,,-2.46,,,,,,,,,,,,266.4,,,,0.474,0.143,Pharmaceuticals,"Tetraphase Pharmaceuticals, Inc., a clinical-stage biopharmaceutical company, develops various antibiotics for the treatment of serious and life-threatening multi-drug resistant infections.",Healthcare,2006,1158.8,9.1,-65.6,-65.8,-66.7,121,0.3,127.2,4.56,108.6,0.191,,12.9,,61.9,52.7,49.5,39.9,31.5,25.6,,-65.8,-1.02,0.017,,-66.7,,,-2.49,-2.49,-1.56,-2.49,-2.49,,3.46,,,2.8,2.5,,4.11,,,1.12,,,,-13.2,,,,,1.24,1.43,-3.73,,,,82.3,-6.13,,,,,2.22,,-1.75,13.1,55,108.6,36.15,1,United States,9.1,-65.6,-66.7,10.7,-69,7.14,IQ28895292,74.1,0.41,,44.55,8.01,-52.8,10.5,,102.7,,,87.8,37.3,99.5,,,100.9,1.51,55,126.6,105.4,1.88,5.29,0.092,1,3.41,8.75,3,9.1,United States: 9.1 (100.0%),,,,,,,-18.2,-21.4,-14,-28.2,,,,,,,-17.5,-21.6,-15.1,-29.6,,,9.1,"Developing and Commercializing Its Proprietary Chemistry Technology to Create Novel Antibiotics for Serious and Life-Threatening Infections, Including Multidrug-Resistant Infections: 9.1 (100.0%)"
"TherapeuticsMD, Inc. (AMEX:TXMD)",AMEX:TXMD,-3.6,-2.0515999999999996,0,-0.33218911917098437,-0.6399586776859504,NA,NA,0.02653264672892638,0.0012787484970104574,980.219181477802,92.64,-30.973999999999997,-30.773999999999994,1.3191814778018975,NA,NA,NA,65.34794543185346,NA,10.580949713706843,NA,95.64,NA,1.1574298747937495,NA,1,NA,NA,NA,1.3191814778018975,Pharmaceuticals (Primary),Public Company,Common Stock,1030.3,62,0.089,0.059,0.024,1.8,1.54,1.2,171.7,1.4,,,,-0.363,,,,,,,,,,,,93.1,,,0.002,27.18,12.18,Pharmaceuticals,"TherapeuticsMD, Inc. operates as a women’s health care product company.",Healthcare,2008,978.9,15,-54,-54,-54.2,51.4,0.063,59.1,0,48.4,0.031,,22.1,,43.2,34.9,24.4,17.9,13.6,9.07,0.052,-54,-0.26,0.037,,-54.2,,,-0.362,-0.362,-0.226,-0.362,-0.362,,2.15,1.18,0.549,0.186,0.123,,6.33,,0.132,,,,,71.2,,,0.303,0.394,0.382,0.371,-3.71,,,,43.3,,,-0.576,,,4.21,-0.138,-0.458,,100,48.4,6,0.32,United States,15,-54,-54.2,19.1,-53.8,30,IQ114205175,30.8,0.30,,6.75,3.42,11.4,0,,54.2,,,54.7,4.77,72.8,,,,1.77,100,56.2,59.4,2.11,3.43,1.77,0.32,16.8,1.88,1,15,United States: 15.0 (100.0%),,,,,,,-2.87,-5.43,-16.1,-25.8,,,,,,,-2.87,-12.9,-35.1,-28.4,,,15,"Manufacture and Distribute Branded and Generic Prescription Prenatal Vitamins as Well as Over-The-Counter, or OTC, Vitamins and Cosmetics: 15.0 (100.0%)"
"ZS Pharma, Inc. (NasdaqGM:ZSPH)",NasdaqGM:ZSPH,NA,NA,0,-0.23573343079922018,-0.43592975206611567,NA,NA,0.11609426246043135,0.012314769892012746,985.0139401057082,164.16000000000003,-42.19799999999999,-38.69799999999999,12.713940105708026,NA,NA,NA,NA,NA,6.000328582515278,NA,104.36000000000001,NA,3.432382073158772,NA,1,NA,NA,NA,2.3139401057080256,Pharmaceuticals (Primary),Public Company,Common Stock,1019.7,42.78,,,,,,,24.9,0.185,,,,-3.61,,,,,,,,,,,,,,,,1.62,,Pharmaceuticals,"ZS Pharma, Inc., a development stage biopharmaceutical company, focuses on the development and commercialization of non-absorbed drugs to treat renal, cardiovascular, liver, and metabolic diseases.",Healthcare,2008,927.8,0,-59.2,-60.5,-64,47.4,12.4,116.2,10.4,96.8,8,,14.9,,45.6,32.8,29,25.4,24.8,6.99,,-60.5,-0.53,0.094,,-64,,0.31,-5.47,-5.47,-3.4,-5.47,-5.47,,,,0.419,14.5,2.1,,4.57,,1.08,9.96,,,,,0.627,0.163,0.158,0.365,0.649,0.688,-3.33,,,,116.1,-0.251,9.83,-54.9,,,2.54,,,9.59,71,96.8,40.93,0.5,United States,,-59.2,-64,0,-76.7,28.57,IQ106585545,,0.41,,52.8,25.5,,0.073,,9.17,,55.5,-46.4,14,69,,96.2,,1.59,71,103.3,9.25,1.49,3.11,,0.5,4.73,7.52,3,,,,,,,,,,,-8.14,-32.2,,,,,,,,,-10.3,-33.6,,,,
"Intra-Cellular Therapies, Inc. (NasdaqGS:ITCI)",NasdaqGS:ITCI,-53.7261698440208,-49.15077989601387,0,-0.24554112554112556,-0.2326699834162521,NA,NA,0.07841353186727992,0.011487452192750932,831.9612964384717,115.5,-28.060000000000002,-28.360000000000003,10.26129643847166,NA,NA,NA,1441.873997293712,NA,7.203128107692395,NA,56.199999999999996,NA,1.4241223103057759,NA,1,NA,NA,NA,10.26129643847166,Pharmaceuticals (Primary),Public Company,Common Stock,883,46.14,0,0.001,,0.107,-0.173,,34.9,0.09,,,,-3.02,,,,,,,,,,,,-70.9,,,0.596,26.98,3.06,Pharmaceuticals,"Intra-Cellular Therapies, Inc., a biopharmaceutical company, discovers and develops small molecule drugs for the treatment of neuropsychiatric and neurologic disorders within the central nervous system (CNS).",Healthcare,,753.3,0.577,-31,-31,-30.7,61.3,0.055,131.1,0,120.6,0.012,,10.3,,21.2,15.7,15.8,20.9,23,17.4,,-31,-0.007,0.304,,-30.7,0.002,,-1.07,-1.07,-0.669,-1.07,-1.07,,0.052,,,2.28,2.23,,2.05,,,,,,,-78.9,8.43,1.25,1.21,1.18,1.05,0.011,-3.48,,,,116.5,,,-66.7,,,-1.34,,0.285,,26,120.6,25.28,0.854,United States,0.577,-31,-30.7,0.125,,16.67,IQ9425271,229,0.44,,30.72,12.7,-20.6,0,,35.2,,,31.6,5.03,62.1,,,,0.617,26,131,38.2,3.4,3.44,,0.854,2.23,9.2,,0.577,United States: .6 (100.0%),,,,,,,,11.1,-16.4,-26.3,,,,,,,,11.1,-16.6,-26.9,,,0.577,Pharmaceuticals: .6 (100.0%)
Omeros Corporation (NasdaqGM:OMER),NasdaqGM:OMER,-129.31354359925788,-116.47495361781077,0,-0.5030206881079436,NA,NA,NA,NA,0.0870852794526373,904.8784180998084,124.806,-66.48000000000002,-62.78000000000001,78.83241809980844,NA,NA,NA,1678.8096810757113,NA,7.250279779015499,NA,135.16,NA,2.383833494675702,NA,1,NA,NA,NA,46.13241809980843,Pharmaceuticals (Primary),Public Company,Common Stock,826.4,43.37,0.008,0.012,0.032,0.521,0.768,1.06,37.8,0.425,,,,-1.45,,,,,,,,-17.9,,,,-50.8,,,,6.36,4.21,Pharmaceuticals,"Omeros Corporation, a biopharmaceutical company, discovers, develops, and commercializes small-molecule and protein therapeutics, and orphan indications targeting inflammation, coagulopathies, and disorders of the central nervous system.",Healthcare,1994,852.2,0.539,-69.7,-70,-73.7,0.354,0.782,11.1,32.7,-42.7,0.028,,22.6,,47.9,46.4,44,41.2,36.3,35.5,,-70,-3.47,0.012,,-73.7,,,-2.22,-2.22,-1.37,-2.22,-2.22,,0.324,0.568,0.12,3.01,2.23,,4.92,,,26.3,,,,-66.3,37.7,4.35,4.25,4.17,4.09,4,-4.16,,,,39.6,-1.46,12.7,6.19,,,5.46,-0.568,-0.013,11.2,103,-42.7,21.86,3.93,United States,0.539,-69.7,-73.7,40.2,,16.67,IQ32388,1377.4,0.48,,27.64,9.76,-26.6,20.5,,1.38,,,-18.4,7.88,93.6,,,97.8,19.7,103,9.16,14.8,2.33,3.94,,3.93,8.36,7.52,3,0.539,United States: .5 (100.0%),-4.75,-7.71,-13,-24.4,-24.5,-20.8,-29.6,-27.4,-36.9,-51.6,-4.58,-7.37,-22.8,-23.1,-23.8,-21.1,-29.3,-28.5,-38.4,-39.8,,,0.539,"Discovering, Developing and Commercializing Small-Molecule and Protein Therapeutics for Large-Market as Well as Orphan Indications Targeting Inflammation, Coagulopathies and Disorders of the Central Nervous System: .5 (100.0%)"
"Aerie Pharmaceuticals, Inc. (NasdaqGM:AERI)",NasdaqGM:AERI,NA,NA,0,-0.26636771300448436,-1.205,NA,NA,0.8182106161986522,0.14505163114178313,783.2243957842846,133.79999999999998,-33.74,-35.64,126.02439578428466,NA,NA,NA,NA,NA,5.853695035756986,NA,67.19999999999999,NA,1.396742057081314,NA,1,NA,NA,NA,1.8243957842846679,Pharmaceuticals (Primary),Public Company,Common Stock,742.8,72.41,0.011,0.028,,0.552,0.974,,24,0.269,,,,-2.36,,,,,,,,,,,,,,,,2.87,0.209,Pharmaceuticals,"Aerie Pharmaceuticals, Inc., a clinical-stage pharmaceutical company, focuses on the discovery, development, and commercialization of first-in-class therapies for the treatment of glaucoma and other eye diseases.",Healthcare,2005,727,0,-49.9,-50,-48.1,85.6,0.24,161.1,124.2,28,0.181,,20.1,,29.9,23.4,17.6,14.1,11.9,10.7,,-50,-0.628,,,-48.1,,,-2,-2,-1.25,-2,-2,,,,,1.26,1.02,,2.07,,,124.2,,,,,0.267,0.396,0.328,0.332,0.309,0.46,-4.9,,,,0.128,,124.2,-73.1,,,4.83,,,2.02,40,28,30.89,0.579,United States,,-49.9,-48.1,0,-61.1,12.5,IQ24309870,,0.41,,32.5,13.7,,0,,69.6,,,67,4.15,80.4,,100.7,,0.91,40,141,70.3,1.44,2.04,,0.579,3.83,8.39,3,,,,,,,,,,-14.2,-14.3,-22.2,,,,,,,,-13,-15,-31.1,,,,
"Sagent Pharmaceuticals, Inc. (NasdaqGS:SGNT)",NasdaqGS:SGNT,0.0958477508650519,0.08138408304498271,0,0.07832428652302774,0.16323422770123278,NA,NA,0.043320764026218955,0.016766118116171864,689.2888952003539,300.29,45.02,23.520000000000003,12.488895200353898,18.355889724310778,17.12333965844402,16.268325188804972,2.3850826823541658,29.306500646273545,2.295410753606027,24.884075639001946,72.14,12.647502664226677,8.670125614418351,16.2,1,-23.7,39.9,732.4,4.538895200353897,Pharmaceuticals (Primary),Public Company,Common Stock,732.4,81.86,0.049,0.03,0.163,0.613,0.531,1.42,32.1,0.255,42.8,,,0.321,,,,,,,,58.1,,,,23.8,34.8,-14.6,0.006,2.76,,Pharmaceuticals,"Sagent Pharmaceuticals, Inc., a specialty pharmaceutical company, develops, sources, manufactures, and markets pharmaceutical products, principally injectable-based generic equivalents to branded products in North America.",Healthcare,2006,666.2,289,27.7,18.4,39.9,55.6,71.2,381.5,7.95,275.8,4.24,,43.2,,26.8,22.4,25.6,20,20.3,20.1,,18.4,-2.19,0.375,,16.2,-23.7,,1.25,1.25,0.383,1.22,1.22,,42.8,61.8,14.3,78.4,7.27,28.2,40.8,5.5,8.73,1.95,,,-2.85,18.1,,1.61,0.619,0.601,0.903,1.37,18.4,,,,1.02,-10.4,1.15,89.8,,-86.5,17.2,-1.71,-16.4,,466,275.8,22.83,0.656,United States,289,27.7,39.9,345.9,31.9,16.67,IQ113356987,19,0.51,39.9,33.6,19.5,88.5,10.3,,42.3,6.04,,236,25.4,72.9,,69.2,33.6,0.918,466,198.5,235.8,28.1,20.8,4.28,0.656,2.54,14.71,3,,,,,,-13.1,-29.9,-28.6,-21.1,-19.1,-16.1,21.6,,,,-13.2,-30.5,-30.5,-24.5,-26.4,-16.8,29.6,,,289,"Sagent US - United States: 280.3 (97.0%);
Sagent US - Others: .1 (.0%);
Canada - Omega: 8.6 (3.0%)"
"BioDelivery Sciences International, Inc. (NasdaqCM:BDSI)",NasdaqCM:BDSI,-0.9665809768637533,-1.4215938303341904,0,-0.4344751728472659,-1.3014705882352944,0.36200000000000004,NA,0.20743331809227766,0.019221050510891034,670.2377578591346,127.28,-70.80000000000001,-55.300000000000004,14.237757859134598,NA,NA,NA,17.229762412831224,NA,5.265852905870008,NA,131.18,NA,3.2415691672401925,NA,1,NA,NA,NA,2.037757859134599,Pharmaceuticals (Primary),Public Company,Common Stock,726.5,82.43,0.017,0.003,0.102,0.602,0.32,2.38,52.3,0.909,,25,,0.015,,,,36.2,,,,-9.12,,,,128.5,,,,4.31,2.04,Pharmaceuticals,"BioDelivery Sciences International, Inc., a specialty pharmaceutical company, engages in the development and commercialization of pharmaceutical products principally in the areas of pain management and addiction.",Healthcare,1997,668.2,38.9,-37.6,-38.7,-54.2,70.5,3.89,89.3,12.2,54.4,1.6,,38.5,,34.3,41.5,51.1,55.9,53.3,52.7,,-38.7,-2.09,0.07,,-54.2,,,-1.12,-1.12,-0.697,-1.12,-1.12,,3.14,1.83,0.7,5.58,1.69,2.72,9.07,,1.11,4.17,,0.002,,242.9,0.839,0.325,0.325,0.325,0.325,0.301,0.883,,,,85,-7.33,,,,,4.33,-1.83,-0.347,13,29,54.4,13.89,0.1,United States,38.9,-37.6,-54.2,87.3,,37.5,IQ1541596,34.7,0.51,,18.48,6.71,-0.28,19.2,,23.2,2.72,0.003,-0.815,9.42,95.7,,,,0.148,29,78.3,26.6,7.28,3.14,7.24,0.1,3.2,4.32,3,,,-5.28,-9.21,-14.8,-21.7,-18,40.1,-16.1,-27,7.06,-56.4,-2.83,-10.1,-22.4,-25.2,-17.2,33,-13,-23.3,1.65,-57.4,,,38.9,Biotechnology: 38.9 (100.0%)
"ANI Pharmaceuticals, Inc. (NasdaqGM:ANIP)",NasdaqGM:ANIP,0.42678571428571427,0.3691071428571428,0,0.23311679523616183,0.2100858369098712,NA,NA,0.4423344872378759,0.13584411301272917,647.2879066406114,88.668,29.369999999999997,20.669999999999998,110.88790664061132,24.578397212543553,18.689895470383274,24.01770514130065,11.558712618582346,31.315331719429675,7.300129772190772,27.083176010067422,7.168,24.352441935312694,6.8046498440601075,19.4,1,-9.37,28.7,705.4,0.18790664061132312,Pharmaceuticals (Primary),Public Company,Common Stock,705.4,47.86,0.093,0.084,,1.67,1.92,,11.4,0.253,54.1,21.8,,2.38,,,,,,,,,,1527,254.2,50.2,9450.5,212.7,0.007,3.12,1,Pharmaceuticals,"ANI Pharmaceuticals, Inc., an integrated specialty pharmaceutical company, develops, manufactures, and markets branded and generic prescription pharmaceuticals.",Healthcare,,647,56,23.9,20,28.7,169,5.22,263.7,110.7,139.8,1.12,,17.9,,2.68,2.63,2.21,1.79,1.71,1.71,3.88,20,-0.787,,,19.4,-9.37,0.159,2.61,2.61,1.11,2.59,2.59,,17.3,7.52,7.64,9.02,3.79,1.84,2.65,,1.45,110.7,,,218.1,86.1,,,0.029,0.044,0.053,0.078,8.14,,,,48.2,,138.2,-34.6,,,0.225,-3.47,-4.78,,92,139.8,61.94,0.07,United States,56,23.9,28.7,92.1,60.4,14.29,IQ1528824,49.1,0.23,,71.78,19.9,44.5,0,,11.1,1.84,,41,19.2,65.7,,129.9,,0.352,92,203.5,27.7,1.43,1.35,0.756,0.07,0.458,14.44,1,56,United States: 56.0 (100.0%),,,,,,,,0.005,0.858,6.4,,,,,,,,-2.43,-1.51,0.301,,,56,Pharmaceuticals: 56.0 (100.0%)
"Amphastar Pharmaceuticals, Inc. (NasdaqGS:AMPH)",NasdaqGS:AMPH,-0.015771971496437054,-0.09491686460807602,0,-0.047447162194253156,-0.046555987283645364,0.131,NA,0.15340909090909088,0.06942752740560292,738.9,421.1,-13.180000000000003,-19.980000000000004,51.3,NA,NA,NA,3.51021377672209,NA,1.7546900973640465,NA,86.7,NA,1.1525596276905177,NA,1,NA,NA,NA,0,Pharmaceuticals (Primary),Public Company,Common Stock,687.6,18.17,,,,,,,44.6,0.161,,35,,-0.075,,,,13.1,,,,,,,,21.2,,,17.12,4.19,1.98,Pharmaceuticals,"Amphastar Pharmaceuticals, Inc., a specialty pharmaceutical company, focuses on the development, manufacture, marketing, and sale of generic and proprietary injectable and inhalation products.",Healthcare,1996,663.5,210.5,-3.32,-17.5,-10.7,,,,51.3,283.1,,,40.4,,28.4,28.1,28.5,30.3,33,34.5,,-17.5,,,,-18.1,-7.45,,-0.255,-0.255,-0.264,-0.255,-0.255,,,,,,,,,,,,,,,-8.37,,,,,,,,,,,,,,,,,,,,,,283.1,15.43,,United States,210.5,-3.32,-10.7,222.5,6,18.75,IQ2003650,8.34,0.41,,15.79,8.32,51.3,32.2,,53.6,0.28,,251.5,3.17,62.1,,,,4.99,,,173,20.4,16.8,6.13,,,,,,,-6.6,0.489,,,,,-6.22,-33.5,28.2,17.6,-6.57,-1.68,,,,,-10.7,7.75,18.1,11.9,,,,
"Cocrystal Pharma, Inc. (OTCBB:COCP)",OTCBB:COCP,NA,NA,0,-0.37880258899676367,0.3663316582914575,NA,NA,0.14339726110528117,0.0009763980970075007,679.3562611188186,12.360000000000001,1.4580000000000006,-4.6819999999999995,0.6662611188185378,674.950495049505,706.9687500000001,467.55829903978037,NA,NA,54.96409879602091,NA,11.39,NA,0.16062784215930762,1.01,1,0,1.01,681.7,0.6662611188185378,Pharmaceuticals (Primary),Public Company,Common Stock,681.7,15.21,0.146,0.155,,3.02,2.99,,668.3,0.59,,,,,,,,,,,,,,,,,,,2.8,45.4,0.015,Pharmaceuticals,"Cocrystal Pharma, Inc., a preclinical-stage biopharmaceutical company, intends to develop medicines for use in treating human viral diseases.",Healthcare,2007,676.2,0,-4.91,-5.13,1.01,3.01,0.314,11.6,0,3.98,0.007,,1.48,,3.65,3.73,3.82,3.86,4.6,,,-5.13,,0.05,,1.01,,,0.008,0.008,0.006,-0.048,-0.048,,,,,,,,0.125,,7.24,,,0.001,,,0.014,0.168,0.159,0.15,0.14,0.124,,,,,2.87,,,2.78,,0.589,-0.21,,,,,3.98,1.02,,United States,,-3.85,-3.89,,,21.43,IQ49062639,,0.21,,1.17,0.252,,,,,,,,0.438,51.8,,,,,,5.8,,,,,0.196,0.288,1.56,1,,,,,,,,,,,-4.83,-4.08,,,,,,,,,-0.849,-3.89,,,,
"Sucampo Pharmaceuticals, Inc. (NasdaqGM:SCMP)",NasdaqGM:SCMP,0.3033006244424621,0.2868867082961642,0.516,0.15612276830491476,0.15018226002430143,0.42100000000000004,NA,0.25627971111562764,0.04181270854154791,606.65988279472,99.69999999999999,12.360000000000007,32.160000000000004,28.359882794720072,49.61068702290076,44.73236386138614,52.580906148867285,5.411774155171455,18.863802325706466,6.084853388111536,17.842937729256473,63.199999999999996,11.110986864372162,6.924142175719342,27.1,1,14,13.1,649.9,2.5598827947200724,Pharmaceuticals (Primary),Public Company,Common Stock,649.9,38.4,0.008,0.034,0.117,0.352,0.917,1.57,44.8,0.222,44.9,,,0.628,,,,42.1,22.4,28.4,27.2,12.3,,,,29.7,87.1,139.9,53.42,1.19,,Pharmaceuticals,"Sucampo Pharmaceuticals, Inc., a biopharmaceutical company, focuses on the research and development of proprietary drugs in the Americas, Europe, and Asia.",Healthcare,1996,581.7,112.1,34,32.9,13.1,71.6,0.763,141.6,25.8,82.3,0.066,,45.8,,20.6,21.7,20.9,21,21.5,21.6,,32.9,-1.52,0.172,,27.1,14,,0.3,0.3,0.469,0.29,0.29,51.6,23.9,,0.984,4.51,3.75,,4.14,,6.54,17.6,,,123.6,25.2,,,0.104,0.244,1.19,1.2,-34.8,,,,9.15,-24.9,,13,,,-3.44,0.206,-3.68,3.72,80,82.3,14.5,1.4,United States,112.1,34,13.1,132.6,36.3,20,IQ2855282,14.4,0.48,18.6,18.84,5.8,78.9,52.7,,44.1,,,59,18,45.4,100,,0,3.59,80,122.3,113.4,7.61,5.68,2.42,1.4,4.39,,3,112.1,"Europe: 8.6 (7.7%);
Asia: 32.1 (28.7%);
Americas: 71.3 (63.6%)",-19.9,-0.517,14.8,27.6,40,9.42,-0.153,-28.8,8.32,13.7,-19.5,-0.316,21.8,13.2,31.5,4.78,-2.76,-17.3,5.06,7.02,,,112.1,"Innovative Research, Discovery, Development and Commercialization of Proprietary Drugs: 112.1 (100.0%)"
"Intersect ENT, Inc. (NasdaqGM:XENT)",NasdaqGM:XENT,-0.46174142480211083,-0.46395778364116097,0,-0.24829144309517087,-0.3324163568773234,NA,NA,0.10865850935093492,0.010864521508023629,590.2584603257092,70.82,-17.883999999999997,-17.584,6.558460325709095,NA,NA,NA,15.57410185555961,NA,8.33462948779595,NA,30.42,NA,0.6615307318707084,NA,1,NA,NA,NA,6.558460325709095,Pharmaceuticals (Primary),Public Company,Common Stock,597.1,24.24,,,,,,,23.5,0.133,,20,,-1.02,,,,,,,,,,,,,,,5.1,12.48,3.03,Pharmaceuticals,"Intersect ENT, Inc., a commercial stage drug-device company, provides therapeutic solutions for patients with ear, nose, and throat conditions in the United States.",Healthcare,2003,548.7,37.9,-17.5,-18.1,-18.4,13.4,1.47,63,0,53.8,0.367,,36.1,,10.3,10.5,9.8,9.84,9.52,9.26,,-18.1,-0.036,0.125,,-18.4,,,-1.61,-1.61,-1.01,-1.61,-1.61,,8.34,2.55,,3.11,1.63,,2.13,,0.57,,,,,114.9,0.685,1.63,1.58,1.54,1.49,0.645,2.2,,,,56,-1.45,,-35.2,,,0.645,-0.35,-4.14,,212,53.8,25.41,1.3,United States,37.9,-17.5,-18.4,65.9,-22.2,16.67,IQ37464681,59,0.34,,28.8,12,28.4,1.45,,12.3,,90.8,-76.6,1.58,41.1,,,,1.32,212,60.3,19.2,1.45,3.17,0.769,1.3,2.46,4.84,1,37.9,United States: 37.9 (100.0%),,,,,,,,,-16.5,-18,,,,,,,,,-16.4,-18.4,,,37.9,Drug Delivery Systems: 37.9 (100.0%)
"Tyme Technologies, Inc. (OTCPK:TYMI)",OTCPK:TYMI,NA,NA,0,NA,NA,NA,NA,NA,0.0018502943650126158,594.21,-0.2099999999999999,0,0,1.1,NA,NA,NA,NA,NA,NA,NA,0,NA,0.003370407819346141,NA,0,NA,NA,NA,0,Pharmaceuticals (Primary),Public Company,Common Stock,593.4,,,,,,,,86,0.005,,,,,,,,,,,,,,,,,,,,,,Pharmaceuticals,"Tyme Technologies, Inc., a clinical-stage pharmaceutical company, focuses on the discovery and development of targeted cancer therapeutics for various oncology indications.",Healthcare,,594.2,,,,,0.29,0.021,0.429,1.1,-1.02,,,,,,,,,,,,,,,,,,,,,,,,,,,0.119,0.025,0.004,,0.008,1.1,,,,,,,,,,,,,,,,,,,,,,,,,,,,-1.02,6.9,,United States,,,,,,,IQ288228332,,,,7,5.24,,,,,,,,0.008,,,,,,,0.409,,,,,,,,,,,,,,,,,,,,,,,,,,,,,,,,,,
"Aratana Therapeutics, Inc. (NasdaqGM:PETX)",NasdaqGM:PETX,-48.89178617992177,-42.33898305084746,0,-0.13741536899119838,-0.1742244224422442,NA,NA,0.08190741399387569,0.02779556008726428,573.699244214643,236.32000000000002,-31.674,-32.474000000000004,16.21924421464315,NA,NA,NA,747.9781541260013,NA,2.4276372893307507,NA,49.34,NA,1.0356072624713557,NA,1,NA,NA,NA,1.2192442146431521,Pharmaceuticals (Primary),Public Company,Common Stock,567.3,80.57,0.095,0.075,,1.56,1.99,,34.9,0.245,,15,,-1.69,,,,,,,,,,,,,,,,4.93,2.24,Pharmaceuticals,"Aratana Therapeutics, Inc., a development-stage biopharmaceutical company, focuses on the licensing, development, and commercialization of biopharmaceutical products for the companion animals worldwide.",Healthcare,2010,484.2,0.767,-37.5,-39.6,-38.8,9.82,0.62,207.9,15,181.8,0.471,,18.1,,20,17.1,14.2,12.4,10.9,9.77,1.89,-39.6,-1.06,0.123,,-40.3,-1.44,,-1.3,-1.3,-0.813,-1.3,-1.3,,0.352,0.427,0.158,0.802,0.182,41.4,1.53,,4.25,15,,,,523.6,,0.046,0.196,0.226,0.299,0.558,-1.81,,,-1.08,137.4,-18.1,,-87.6,,-12.1,-1.14,-0.372,-0.102,7.81,53,181.8,16.25,0.565,United States,0.767,-37.5,-38.8,1.78,-51.4,10,IQ118046574,473.4,0.48,,20.63,9.2,0.362,17.9,,41.1,25.6,,83.4,2.35,79.4,,0,100.2,0.248,53,99.9,48.2,2.31,2.55,3.42,0.565,1.65,15.54,3,,,,,,,,,,-3.47,-10.3,-18.1,,,,,,,,-3.46,-11.6,-6.94,,,0.767,Developing Compounds to Address Unmet and Under-Served Medical Needs in Companion Animals: .8 (100.0%)
Corcept Therapeutics Incorporated (NasdaqCM:CORT),NasdaqCM:CORT,-1.0338345864661653,-1.1526315789473685,0,-0.4433839479392625,NA,NA,NA,NA,0.05774662071978868,576.275426718252,69.15,-34.46,-30.660000000000004,34.67542671825216,NA,NA,NA,21.664489726250075,NA,8.333701037140303,NA,62.84,NA,0.9499823259102157,NA,1,NA,NA,NA,0.775426718252162,Pharmaceuticals (Primary),Public Company,Common Stock,565.8,36.96,0.011,0.015,0.092,0.628,0.75,1.5,101.4,0.321,,49.3,,-0.074,,,,,,,,291.1,,,,,,,1.12,15.59,2.73,Pharmaceuticals,"Corcept Therapeutics Incorporated, a pharmaceutical company, engages in the discovery, development, and commercialization of drugs for the treatment of metabolic, oncologic, and psychiatric disorders in the United States.",Healthcare,1998,575.5,26.6,-27.5,-27.6,-31.4,24.2,0.236,34.6,33.9,-3.39,0.174,,34.9,,18.4,21.2,23.3,23.5,20.5,18.8,,-27.6,-3.76,,,-31.4,,,-0.311,-0.311,-0.194,-0.311,-0.311,,3.33,1.21,,0.525,0.289,,1.89,,,24.5,,,,156.4,,,,0.04,0.04,0.731,5.41,,,,1.78,-4.86,,,,,-0.495,0.249,-1.91,9.55,54,-3.39,5.58,0.609,United States,26.6,-27.5,-31.4,52,-7.53,6.25,IQ1423826,76,0.28,,6.34,1.69,25.7,35.1,,54.9,,,21,2.15,64.2,,,,0.428,54,30.2,58.3,2.38,4.59,0.025,0.609,14.7,2.62,1,26.6,United States: 26.6 (100.0%),-16,-21.2,-25.6,-12.2,-19.7,-20.3,-27.4,-32.3,-36.3,-41.5,-15.5,-20.1,-24.9,-11.6,-20.1,-20.2,-26,-32.4,-38,-46,,,26.6,"Discovery, Development and Commercialization of Pharmaceutical Products: 26.6 (100.0%)"
"Supernus Pharmaceuticals, Inc. (NasdaqGM:SUPN)",NasdaqGM:SUPN,0.2065573770491803,0.21327868852459014,0,0.22020988490182797,0.3042016806722689,NA,NA,0.3191357502684798,0.06053306866501519,516.4667190679413,118.16000000000001,21.72,26.019999999999996,33.466719067941355,26.100502512562816,24.703355155482814,23.913443830570902,4.233333762851978,19.848836243963927,4.370909944718528,20.494711074124655,56.26,11.52827497919512,5.535232961108973,19.9,1,0,19.9,519.4,6.566719067941353,Pharmaceuticals (Primary),Public Company,Common Stock,519.4,55.31,0.025,0.003,0.031,0.613,0.219,1.37,44.1,0.452,,49,,0.137,,,,,112.4,43.3,37.7,26.3,-28.3,,,433.7,,,,10.29,3.49,Pharmaceuticals,"Supernus Pharmaceuticals, Inc., a specialty pharmaceutical company, focuses on the development and commercialization of products for the treatment of central nervous system diseases in the United States.",Healthcare,2005,472,122,25.2,24.2,19.9,36.4,2.45,137.5,26.9,71.4,0.593,,72.5,,19.6,19.2,18.3,17.2,17.2,17,,24.2,-4.96,0.348,,19.9,,,0.47,0.47,0.332,0.322,0.322,,17.3,13.4,,8.74,6.29,,1.86,,,26.9,,,,915.4,0.454,1.34,1.31,1.29,1.27,1.76,18.5,,,,0.571,,,-4.29,,,-1.28,-6.29,-12.2,17.8,309,71.4,11.78,2.3,United States,122,25.2,19.9,138.5,11.2,8.33,IQ422832,27.7,0.44,48.9,12.11,7.09,116.3,34.4,,33,,,33.5,11.5,53.1,,100,,5.02,309,108.9,97.2,3.14,15.2,8.09,2.3,2.08,7.93,3,122,United States: 122.0 (100.0%),,,,-19,-25.9,4.02,-40.1,-37.8,-42.2,-61.9,,,,-17.3,-33.5,0.46,-38.5,53.8,-46.3,-92.3,,,122,"Developing and Commercializing Products for The Treatment of Central Nervous System Diseases, Including Neurological and Psychiatric Disorders: 122.0 (100.0%)"
"IGI, Laboratories, Inc. (AMEX:IG)",AMEX:IG,0.1311572700296736,0.20385756676557862,0.0319,0.16074166183294666,0.20997442455242968,0.252,NA,0.7903859846308497,0.24140377095342722,451.8333285617433,41.37599999999999,8.21,6.87,147.43332856174328,88.24761904761905,57.980952380952374,56.43118148599269,13.40751716800425,65.76904345876903,10.920179054566498,102.22473496872021,16.176000000000002,39.879375865996764,5.827757392618174,5.42,1,0.173,5.25,463.3,2.433328561743291,Pharmaceuticals (Primary),Public Company,Common Stock,463.3,59.37,0.041,0.019,0.027,1.08,0.825,0.675,52.8,0.761,92.9,15,,0.08,,,,25.2,,,,54.9,,,,62.9,,,,6.25,0.514,Pharmaceuticals,"IGI Laboratories, Inc., a specialty generic pharmaceutical company, develops, manufactures, and markets topical formulations in the United States.",Healthcare,1977,449.4,33.7,4.42,3.91,5.25,158.9,3.26,197.1,145,39.1,3.79,,5.98,,6.91,5.67,4.67,3.45,2.74,3.22,,3.91,-0.782,,,5.42,0.173,,0.105,0.105,0.068,0.085,0.085,3.19,14.4,2.78,,8.41,5.15,,1.64,,6,144.9,,,1024.9,85.1,1.17,0.318,0.348,0.41,0.418,0.278,2.21,,,,25.7,-3.06,141.7,,,,2.35,-0.143,-9.42,3.35,81,39.1,8.77,0.216,United States,33.7,4.42,5.25,57.7,9.61,28.57,IQ94243,62.1,0.16,127,12.05,3.84,9.88,3.02,,2.1,,,7.19,10.8,66.4,,99.1,,0.425,81,177.2,10.6,1.52,2.92,0.768,0.216,2.44,1.79,1,33.7,United States: 33.7 (100.0%),-0.989,-1.13,-1.94,-0.806,-2.06,-3.75,-3.63,-2.97,-2.99,-0.082,-0.892,-1.3,-1.67,-0.332,-1.85,-4.92,-3.42,-3.01,-3.93,-0.084,,,33.7,"Developer, Manufacturer, and Marketer of Topical Formulations: 33.7 (100.0%)"
"Revance Therapeutics, Inc. (NasdaqGM:RVNC)",NasdaqGM:RVNC,-130.54830287206266,-128.66840731070496,0,-0.49093444909344497,-0.3405895691609977,NA,NA,0.21039645410463584,0.09344522501133842,332.0032520712312,100.38,-60.08,-49.28,47.00325207123118,NA,NA,NA,866.8492221180971,NA,3.3074641569160312,NA,91.44,NA,1.7708333333333333,NA,1,NA,NA,NA,43.46325207123118,Pharmaceuticals (Primary),Public Company,Common Stock,456,58.76,0.015,0.005,,0.602,0.397,,23.9,0.192,,,,-3.31,,,,,,,,,,,,-11.7,,,,1.32,0.91,Pharmaceuticals,"Revance Therapeutics, Inc., a clinical-stage specialty biopharmaceutical company, focuses on the development, manufacture, and commercialization of novel botulinum toxin products for various aesthetic and therapeutic indications.",Healthcare,1999,288.5,0.383,-50,-52.1,-62.9,171,19.3,192.5,3.54,176.4,6.98,,24.2,,33.4,30.5,28.2,27.9,27.8,38.5,,-52.1,-10.7,0.044,,-62.9,,,-3.25,-3.25,-1.98,-3.25,-3.25,,0.3,,0.314,29.2,9.91,,3.15,,0.774,0.598,,,,-37.9,26.6,5.76,5.58,5.39,5.22,5.07,18.2,,,,236.3,-12.5,6.75,0.075,,,-3.4,,,20.3,83,176.4,19.05,5.2,United States,0.383,-50,-62.9,0.275,,10,IQ9344828,-15.3,0.44,,36.98,14,0.383,25.5,,3.91,,125.2,-157.5,3.23,68.4,,0,74.6,23,83,172.7,4.81,5.53,1.7,17.5,5.2,1.89,17.9,,0.383,United States: .4 (100.0%),,,,,,,,-27.7,-43.2,-38.2,,,,,,,,-44.9,-58.3,-52.4,,,0.383,Treatment of Therapeutic and Aesthetic Conditions: .4 (100.0%)
"Xenoport, Inc. (NasdaqGS:XNPT)",NasdaqGS:XNPT,-1.0341151385927505,-1.129637526652452,0,-0.359869582937101,-0.5837541163556531,0.168,NA,0.03383649446543673,0.007039995038464143,441.19045857988164,147.22,-53.18,-52.980000000000004,3.1904585798816565,NA,NA,NA,9.407046025157392,NA,2.996810613910349,NA,68.12,NA,1.211111111111111,NA,1,NA,NA,NA,3.1904585798816565,Pharmaceuticals (Primary),Public Company,Common Stock,450,69.12,0,0.017,0.044,0.073,0.588,0.883,62.8,0.524,,,,-1.22,,,,16.8,,,,6.46,,,,2.51,,,6.42,2.06,0.633,Pharmaceuticals,"XenoPort, Inc., a biopharmaceutical company, focuses on developing and commercializing a portfolio of product candidates for the treatment of neurological and other disorders.",Healthcare,1999,347.9,46.9,-48.5,-49.1,-49.3,12,2.42,123.1,0,91.1,0.493,,70.2,,23.7,20.2,19.6,24.6,33.3,40.2,,-49.1,-0.487,0.253,,-49.3,,,-0.811,-0.811,-0.507,-0.811,-0.811,,2.9,1.46,,22.7,20.3,,2.84,,2.01,,,,,489.5,,,,,0.986,2.37,-5.21,,,,78.2,,,-53.2,,,1.4,0.891,-1.96,,152,91.1,7.17,2.62,United States,46.9,-48.5,-49.3,43.2,-77.7,22.22,IQ121767,16,0.61,,9.6,3.15,21.1,0,,20.6,,,53.7,2.18,82.7,,,,3.68,152,109.6,63.7,1.43,5.6,3.04,2.62,6.63,14.49,3,46.9,United States: 46.9 (100.0%),-31.6,-44.9,-69.7,17,-69.7,-68.3,-78,-30.7,-51.6,-84.4,-31.2,-42.9,-64.3,28.2,-62.5,-66.3,-82.5,-33.4,-30.8,-85.9,,,46.9,Development and Commercialization of Product Candidates: 46.9 (100.0%)
"SciClone Pharmaceuticals, Inc. (NasdaqGS:SCLN)",NasdaqGS:SCLN,0.19881305637982194,0.2561127596439169,0.0443,0.34958558623466335,0.21715389568576945,0.18600000000000003,NA,0.03698584786605007,0.013541396337233847,354.26450442692834,94.382,33.724,34.524,5.964504426928329,17.242063492063494,13.910299932105916,12.883999525560434,2.6280749586567382,10.261397996377255,3.7535176667895183,13.218824792049565,25.282000000000004,8.557113633500684,1.6110471806674338,26.4,1,1.17,25.2,434.5,5.964504426928329,Pharmaceuticals (Primary),Public Company,Common Stock,434.5,73.97,0.07,0.102,0.305,0.866,0.978,2.23,50.1,0.397,,,,0.43,,,,18.6,16.1,15.6,15.4,13.2,-3.58,-3.88,-5.9,0.556,129.9,90.9,,0.798,0.327,Pharmaceuticals,"SciClone Pharmaceuticals, Inc., a specialty pharmaceutical company, provides therapies for oncology, infectious diseases, and cardiovascular disorders in the People’s Republic of China, the United States, and Hong Kong.",Healthcare,1989,348.2,134.8,26.8,26,25.2,86.2,1.85,181.8,0,155.3,1.45,,68.7,,14.6,4.08,3.97,8.57,8.04,5.72,,26,-0.048,0.161,,26.4,1.17,,0.492,0.492,0.322,0.48,0.48,4.43,40.3,10.7,0.326,5.18,3.33,34.5,5.31,,2,,,,85.5,6.09,,,0.619,1.63,1.93,2.29,1.48,,,-24.4,5.21,-1.62,,-4.75,,,-5.49,5.91,-3.28,,570,155.3,8.68,2.2,United States,134.8,26.8,25.2,156.5,,16.67,IQ316977,,0.34,,9.65,4.24,111.8,1.65,,85.8,35.4,,146.6,2.8,91.7,,,,5.99,570,140.2,143.4,7.72,13.9,9.94,2.2,5.9,4.17,1,134.8,"China: 130.3 (96.7%);
Rest of The World (Including The US and Hong Kong): 4.5 (3.3%)",-14.2,-8.64,-8.92,-11.3,-8.43,12.6,22.4,29.3,34.8,13.6,-13.3,-7.71,0.727,-9.95,-8.35,11.9,21.1,28.1,9.62,11,,,134.8,Specialist-Oriented Proprietary Drugs: 134.8 (100.0%)
"Ampio Pharmaceuticals, Inc. (AMEX:AMPE)",AMEX:AMPE,-501.2987012987013,-432.46753246753246,0,-0.36593406593406586,-0.4931297709923664,NA,NA,0.03803934137465191,0.00632518989463084,359.1901026592919,91.00000000000001,-32.3,-33.3,2.5901026592918983,NA,NA,NA,4664.806528042752,NA,3.947143985266943,NA,75.80000000000001,NA,2.4391742442860656,NA,1,NA,NA,NA,2.5901026592918983,Pharmaceuticals (Primary),Public Company,Common Stock,406.9,16.77,0.026,0.012,0.006,-1,-0.658,0.709,52,0.757,,,,-0.699,,,,,,,,,,,,60,,,,14.91,3.44,Pharmaceuticals,"Ampio Pharmaceuticals, Inc., a development stage biopharmaceutical company, develops therapies for the treatment of prevalent inflammatory conditions in the United States.",Healthcare,,356,0.077,-38.6,-39.1,-38.1,50.3,9.95,70.3,0,65.5,8.67,,12.2,,26.9,26.5,24.7,23.9,16.6,13.8,,-39.1,,0.022,,-39,,,-0.759,-0.759,-0.468,-0.759,-0.759,,,,0.266,10.4,0.419,,3.3,,0.06,,-0.66,,,53.6,1.68,0.326,0.316,0.306,0.297,0.287,-0.401,,,,68.4,,,0.008,,,1.02,,,,23,66.1,7.83,0.306,United States,0.077,-38.6,-38.1,1.43,,42.86,IQ84650489,1846.6,0.30,,9.01,3.19,0.077,0,0.138,26.3,,,33.1,3.97,71.1,,,,1.34,23,51.3,26.4,1.9,0.522,0.05,0.306,6.57,3.82,1,0.077,United States: .1 (100.0%),,,,,,-1.51,-6.7,-11.1,-11.8,-24,,,,,,-1.51,-8.05,-18.4,-11.6,-24,,,0.077,"Innovative, Proprietary Pharmaceutical Drugs and Diagnostic Products: .1 (100.0%)"
"Pernix Therapeutics Holdings, Inc. (NasdaqGM:PTX)",NasdaqGM:PTX,0.14543960558751026,-0.1247165160230074,0,-0.043143095910814486,-0.42078947368421055,NA,NA,0.7784541733594927,0.42842438619774326,650.7485660628314,351.806,-35.178,-15.178,293.7485660628313,NA,NA,NA,5.347153377673224,NA,1.8497369745337813,36.76545570976449,10.806000000000001,30.071560354104964,2.7813217657565708,NA,1,NA,NA,NA,1.4485660628312822,Pharmaceuticals (Primary),Public Company,Common Stock,391.9,67.39,0.04,0.015,0.12,1.67,0.996,2.06,38.4,0.604,197.9,13.6,,0.795,,,,,,,13.4,34.2,,,2.18,26.2,,,,18.81,0.21,Pharmaceuticals,"Pernix Therapeutics Holdings, Inc., a specialty pharmaceutical company, develops, manufactures, markets, and sells branded and generic pharmaceutical products.",Healthcare,1996,649.4,121.7,17.7,-15.3,-35.3,34.9,1.51,487.4,292.3,83.6,1.18,,57.6,,3.94,2.77,3.11,4.56,4.8,3.85,33,-15.3,-19.1,0.303,,-49,-13.7,,-0.932,-0.932,-0.562,-0.932,-0.932,,44,11.4,23.8,1.69,0.179,44.9,5.4,,45.9,285,,,,43.4,0.068,0.308,0.308,0.319,0.319,0.316,-4.2,,,,2.3,-9.56,285,5.03,1.14,-255,2.05,1.88,-18.5,13.8,155,83.6,10.21,0.553,United States,121.7,17.7,-35.3,237.5,88,25,IQ72526252,54.8,0.23,135.5,12.88,4.07,79.2,18.3,,15.6,42.5,,110.7,4.36,59.1,,97.5,,0.513,155,129.3,76.4,3.44,13.3,35.8,0.553,4.55,5.35,1,,,,,,2.75,7.41,9.22,9.62,14.3,-1.43,-18.3,,,,2.66,7.45,9.24,9.31,8.35,-1.41,-25.6,,,121.7,"Acquisition, Development and Commercialization of Prescription Drugs: 121.7 (100.0%)"
"Dermira, Inc. (NasdaqGS:DERM)",NasdaqGS:DERM,-4.342465753424658,-2.9506849315068493,0,-0.12228908822527536,-0.14153645833333334,NA,NA,0.04597341716554431,0.019488593779043266,324.40180305631264,176.14,-21.74,-21.54,7.401803056312669,NA,NA,NA,44.43860315839899,NA,1.8417270526644298,NA,75.99999999999999,NA,0.4242749731471536,NA,1,NA,NA,NA,5.461803056312669,Pharmaceuticals (Primary),Public Company,Common Stock,372.4,40.36,,,,,,,24.6,0.079,,,,-3.22,,,,,,,,,,,,,,,12.31,1.9,1.14,Pharmaceuticals,"Dermira, Inc., a specialty biopharmaceutical company, focuses on the development and commercialization of medical dermatology products to dermatologists and their patients primarily in the United States.",Healthcare,2010,277.2,7.3,-31.7,-31.7,-31.9,55.4,0.192,178.2,1.94,153.6,0.156,,8.29,,30.7,25.2,22.8,19.7,17.9,17.1,,-31.7,-0.153,0.332,,-31.8,0.031,,-4.96,-4.96,-3.08,-4.96,-4.96,,7.3,,,0.208,0.016,0.771,5.56,,,1.94,,,,,,1.21,1.29,1.25,1.21,1.18,0.46,,,,123.8,,,-109.3,,,3.21,,-7.3,8.06,34,153.6,15.14,0.624,United States,7.3,-31.7,-31.9,0,,11.76,IQ141930906,25.5,0.48,,22.94,12.7,-23.4,1.92,,22.1,0.771,59.6,-49.8,0.632,27.8,,,100,0.333,34,105.5,22.5,2.32,2,0.061,0.624,3.4,6.88,3,,,,,,,,,,,-20.2,-22.3,,,,,,,,,-20.3,-22.4,,,7.3,Medical Dermatology Products: 7.3 (100.0%)
"Flex Pharma, Inc. (NasdaqGM:FLKS)",NasdaqGM:FLKS,NA,NA,0,-0.8927911275415896,-0.1391304347826087,NA,NA,0,0,328.20000000000005,5.410000000000001,-4.8,-4.830000000000001,0,NA,NA,NA,NA,NA,60.66543438077634,NA,4.81,NA,1.1046672190002762,NA,1,NA,NA,NA,0,Pharmaceuticals (Primary),Public Company,Common Stock,362.1,6.6,,,,,,,17.9,0.227,,,,-1.49,,,,,,,,,,,,,,,,27.1,21.76,Pharmaceuticals,"Flex Pharma, Inc., a biotechnology company, focuses on developing treatments for exercise-associated muscle cramps, nocturnal leg cramps, and spasms associated with neuromuscular conditions.",Healthcare,2014,369.3,0,-9.62,-9.64,-9.61,33.9,0.085,35.6,0,34.5,0.091,,4.83,,4.81,,,,,,,-9.64,,0.023,,-9.61,,,-5.48,-5.48,-3.43,-5.48,-5.48,,,,,0.097,0.012,,0.579,,0.24,,,41,,,,,,,,,,,,,0.013,,,,,,0.305,,,,20,-6.54,20.19,0.182,United States,,-9.62,-9.61,0,-29.1,30,IQ261970466,,0.48,,23.36,12.6,,,,,,,,1.6,57.9,,,,,20,34.2,,,,,0.182,0.927,3.4,,,,,,,,,,,,,,,,,,,,,,,,,,,
VIVUS Inc. (NasdaqGS:VVUS),NasdaqGS:VVUS,-0.39929947460595444,-0.5108581436077058,0,-0.2056397603101868,-1.1423030303030302,0.193,NA,0.7422053457955892,0.47078636890883585,421.3221519511572,283.70000000000005,-94.24,-58.34,237.5221519511572,NA,NA,NA,3.68933583144621,NA,1.485097468985397,NA,56.6,NA,4.47565543071161,NA,1,NA,NA,NA,9.72215195115719,Pharmaceuticals (Primary),Public Company,Common Stock,267,62.22,0.16,0.06,0.046,1.43,1.11,1.13,103.9,2.36,,6.69,,-1.02,,,,19.3,,,,29.5,,,,,,,,0.938,0.003,Pharmaceuticals,"VIVUS, Inc., a biopharmaceutical company, develops and commercializes therapies to address unmet needs in obesity, sleep apnea, diabetes, and sexual health in the United States and the European Union.",Healthcare,1991,195.2,114.2,-45.6,-46.7,-82.6,83.2,1.35,366.9,227.8,82.5,0.262,,113.1,,13.8,16.1,21.9,27.1,29.7,32.4,,-46.7,-32.5,,,-83.3,-0.629,,-0.799,-0.799,-0.479,-0.799,-0.799,,11.6,34.4,1.25,4.43,3.08,,10.4,,3.28,217.3,,,,40.8,0.685,2.04,1.99,1.99,2.16,2.16,-16.7,,,,2.12,,,16.2,,,-0.329,11.9,0.619,14.6,94,82.5,2.57,1.6,United States,114.2,-45.6,-82.6,87.6,-137.7,9.09,IQ36398,11.2,0.33,,6.28,2.41,78.6,213.1,,103.3,,,153.4,4.78,84.5,,100,,9.44,94,358.4,423.9,10.8,19.4,21.8,1.6,5.96,12.09,1,114.2,"ROW: 5.1 (4.4%);
United States: 71.9 (63.0%);
Germany: 37.2 (32.6%)",-22.1,-25.3,-22.6,-1.45,-5.21,-53.4,-65.6,-47.1,-139.9,-121.9,-21.6,-24.5,-21.6,-2.38,-9.94,-54.3,-66.1,-46.1,-139.9,-174.5,,,114.2,Development and Commercialization of Novel Therapeutic Products: 114.2 (100.0%)
"Endocyte, Inc. (NasdaqGS:ECYT)",NasdaqGS:ECYT,0.16051136363636365,-0.06136363636363646,0,-0.013824884792626752,-0.0451707317073171,NA,NA,0.004906024476193974,0.0037795553029145415,221.91069350469166,312.48,-9.260000000000005,-4.320000000000007,1.0106935046917125,48.79120879120879,45.257119442737135,NA,3.1521405327370973,NA,0.710159669433857,19.63811446944174,152.98000000000002,4.194909139975267,1.773648648648649,5.46,1,0,5.46,266.4,1.0106935046917125,Pharmaceuticals (Primary),Public Company,Common Stock,266.4,49.94,0.005,0.018,0.031,0.812,1.37,1.31,41.9,1.14,,,,-1.16,,,,,,,,87.9,,,,616.8,,,,2.52,0.624,Pharmaceuticals,"Endocyte, Inc., a biopharmaceutical company, develops targeted therapies for the treatment of cancer and inflammatory diseases in the United States.",Healthcare,1995,141.3,70.4,11.3,10.4,5.46,45.5,3.97,212.8,0,205,1.5,,22.4,,41.6,51.2,59,58.6,57.9,54.9,,10.4,-0.001,0.579,,5.46,,,0.136,0.136,0.169,0.13,0.13,,0.706,,0.653,7.48,3.51,,1.24,,0.003,,,,,8.45,,,0.027,0.158,0.155,0.732,58.7,,,-0.004,103.5,,,-67.1,,,-3.7,,5.49,,81,205,6.36,0.867,United States,70.4,11.3,5.46,0,-54.5,20,IQ3178442,,0.39,,25.19,5.01,32.8,0,,52.8,,,88.2,1.89,89,,,,1.31,81,127,133.3,5.44,8.46,59.8,0.867,5.1,7.29,3,,,,,,-14.6,-17.6,-15.7,-20.6,-38.5,-16,-18.3,,,,-13.7,-18.5,-17,-20.1,-40.5,-17.3,-18,,,70.4,Pharmaceuticals: 70.4 (100.0%)
POZEN Inc. (NasdaqGS:POZN),NasdaqGS:POZN,0.5123456790123457,0.42000000000000015,0,0.49218750000000017,0.35777301927194854,0.0345,NA,0.007661974133175326,0.0014541703667223776,207.36057692307693,27.648,16.708,13.608000000000004,0.3605769230769231,12.568527918781726,10.530599786335657,14.819248264304527,6.400017806267807,15.238137633970963,7.500020866720086,12.491601019462465,21.548,9.282031196198608,1.342891760904685,19.7,1,0,19.7,247.6,0.3605769230769231,Pharmaceuticals (Primary),Public Company,Common Stock,247.6,46.48,0.007,0.021,0.209,0.284,0.614,2.06,32.2,0.35,37.5,,,0.555,,,,3.45,,,,0.128,-22.5,,,29,,,,10.65,9.28,Pharmaceuticals,"POZEN Inc., a pharmaceutical company, develops products for the treatment of acute and chronic pain, and pain related conditions in the United States and internationally.",Healthcare,1996,204.4,32.4,16.6,16.6,19.7,40.6,0.027,50.5,0,46.7,0.007,,10.1,,5.74,7.05,8.17,8.19,9.95,10.3,,16.6,,0.043,,19.7,,,0.627,0.627,0.339,0.6,0.6,,5.63,,0.015,0.727,0.7,,0.607,,,,,,,213.8,,,,,,0.375,17.6,,,,7.59,,,,,,-3.53,,-3.96,,12,46.7,7.68,0.419,United States,32.4,16.6,19.7,31.5,26,9.09,IQ126025,25.5,0.48,,9.73,5.96,32.4,0,,32.8,,,17.8,1.33,77.1,,,,0.866,12,49.5,35.3,1.5,4.79,11.3,0.419,2.34,7.39,3,32.4,United States: 32.4 (100.0%),-5.97,0.693,-21.7,2.01,-8.12,-8.03,22.1,-29.7,-25.5,-16.8,-5.26,1.96,-19.3,4.67,-5.98,-6.86,23.1,42.3,-25.3,-16.7,,,32.4,Transforming Medicine That Transforms Lives: 32.4 (100.0%)
Egalet Corporation (NasdaqGM:EGLT),NasdaqGM:EGLT,-19.010416666666668,-13.179166666666669,0,-0.5929327959508859,-0.7088939051918737,NA,NA,0.00861844169284489,0.001641690120075633,181.88511606736455,42.675999999999995,-31.404000000000003,-25.304000000000002,0.38511606736458803,NA,NA,NA,94.7318312850857,NA,4.262000095308008,NA,51.076,NA,0.5422715627668659,NA,1,NA,NA,NA,0.38511606736458803,Pharmaceuticals (Primary),Public Company,Common Stock,234.2,39.33,0.126,0.101,,3.93,3.46,,17.3,0.042,,,,-2.53,,,,,,,,,,,,45.3,,,14.68,4.57,1.99,Pharmaceuticals,"Egalet Corporation, a specialty pharmaceutical company, engages in developing, manufacturing, and commercializing medicines for patients with acute and chronic pain.",Healthcare,2010,181.5,1.92,-36.5,-37.1,-43.2,52.7,4.42,60.6,0,44.3,3.74,,16.7,,22.4,19.5,14.3,8.1,6.28,4.84,,-37.1,-7.08,,,-43.2,0.047,,-2.97,-2.97,-1.85,-2.97,-2.97,,0.679,,,7.71,3.29,,4.21,,0.078,,,,,,,,,0.092,0.092,0.227,-3.67,,,,68,,,,,,3.27,,,,44,44.3,13.52,0.325,United States,1.92,-36.5,-43.2,18.3,-54.1,20,IQ225909909,408.5,0.44,,17.03,3.81,1.92,17.2,,15.7,,15,-24.8,0.508,30.2,,,,0.477,44,55.1,17.7,1.05,1.76,0.612,0.325,0.639,7.47,,1.92,Europe: 1.9 (100.0%),,,,,,,,-5.91,-5.3,-11.4,,,,,,,,-6.46,-5.4,-20.2,,,1.92,Pharmaceuticals: 1.9 (100.0%)
DURECT Corporation (NasdaqGM:DRRX),NasdaqGM:DRRX,-1.0515463917525774,-0.9618556701030928,0,-0.18716148445336012,-1.0681081081081083,0.034300000000000004,NA,0.6000258417896912,0.11489399639614062,238.87298814998093,99.69999999999999,-19.76,-18.66,27.752988149980908,NA,NA,NA,12.313040626287677,NA,2.3959176344030184,NA,64.08,NA,4.45509822263798,NA,1,NA,NA,NA,7.952988149980905,Pharmaceuticals (Primary),Public Company,Common Stock,213.8,44.96,0.023,0.009,0.048,-1.08,-0.697,1.12,113.7,0.328,,,,-0.24,,,,3.43,,,,-4.53,,,,-16.6,,,5.8,5.24,2.09,Pharmaceuticals,"DURECT Corporation, a specialty pharmaceutical company, is engaged in the development of pharmaceutical products based on its proprietary drug delivery technology platforms in the United States and internationally.",Healthcare,1998,200.9,19.4,-20.4,-21,-22.1,2.68,1.75,50.1,19.8,18.5,0.204,,12.3,,22.4,21.9,20.9,19.6,18.9,19,,-21,-1.15,0.124,,-22,0.085,,-0.198,-0.198,-0.123,-0.2,-0.2,,2.12,3.64,,22.4,20.6,6.4,1.02,,,19.8,,,,26.6,0.517,0.539,1.95,2,1.97,1.94,-0.724,,,,5.02,-0.017,19.8,-15.5,,,0.285,-1.37,0.227,11.3,102,18.5,1.88,1.8,United States,19.4,-20.4,-22.1,18.5,,25,IQ27768,1.41,0.41,,1.95,0.68,-8.71,0,,7.84,6.4,,30.7,3.81,89,,,,9.73,102,39.5,28.3,0.736,6.19,0.255,1.8,24.2,2.61,3,19.4,"Europe: 2.0 (10.2%);
Other: 1.0 (5.1%);
Japan: .9 (4.6%);
United States: 15.5 (80.1%)",-24.3,-17.2,-31.4,-23.5,-42.4,-30.2,-23.8,-18.9,16.4,-21.2,-27.6,-18.1,-33.3,-24.3,-43.9,-30.3,-22.9,-18.8,16.2,-21.5,,,19.4,"Research, Development and Manufacturing of Pharmaceutical Products: 19.4 (100.0%)"
"Assembly Biosciences, Inc. (NasdaqCM:ASMB)",NasdaqCM:ASMB,NA,NA,0,-0.39389448725548304,-0.4587030716723549,NA,NA,0.014844381442658011,0.004207049715641781,180.78298816568048,67.48,-26.88,-26.58,0.8829881656804733,NA,NA,NA,NA,NA,2.679060286984002,NA,37.980000000000004,NA,1.4114832535885167,NA,1,NA,NA,NA,0.8829881656804733,Pharmaceuticals (Primary),Public Company,Common Stock,209,15.16,0.002,0.001,0.008,0.326,-0.254,0.585,16.2,0.074,,,,-2.51,,,,,,,,,,,,,,,,18.22,3.85,Pharmaceuticals,"Assembly Biosciences, Inc., a biopharmaceutical company, develops oral therapies for intractable infectious diseases in the United States.",Healthcare,2005,179.9,0,-23.5,-23.5,-23.8,29.1,0.156,71.2,0,58.6,0.15,,12.8,,10.7,12.9,13,15.4,15,12.6,,-23.5,,0.168,,-23.8,,,-3.4,-3.4,-2.08,-3.4,-3.4,,,,0.125,,,12.7,0.908,,,,,,,,,,,,0.434,0.501,1.65,,,,16.7,,,-0.082,,0.509,-2.48,,,,21,58.6,12.88,,United States,,-23.5,-23.8,0,,37.5,IQ99715344,,0.25,,17,4.25,,0,,27.1,,0,24.5,1.18,70.4,,,,0.059,21,29.2,27.1,2.62,0.023,,,3.25,6.26,1,,,,,,,-7.16,-3.34,-4.77,-34,-24.9,-19.6,,,,,-8.79,-4.54,-15.3,-34.3,-24.8,-19.4,,,,
Repros Therapeutics Inc. (NasdaqCM:RPRX),NasdaqCM:RPRX,NA,NA,0,-0.3989912397132997,-0.6831818181818182,NA,NA,0.0005896870290693865,0.00012479951189524235,161.42596153846154,75.34,-30.060000000000002,-30.060000000000002,0.02596153846153846,NA,NA,NA,NA,NA,2.1426328847685365,NA,77.94,NA,2.451923076923077,NA,1,NA,NA,NA,0.02596153846153846,Pharmaceuticals (Primary),Public Company,Common Stock,208,58.54,0.03,0.015,0.018,1.48,1.11,1.07,24.3,0.596,,-21.9,,-1.18,,,,,,,,,,,,,,,,0.44,0.271,Pharmaceuticals,"Repros Therapeutics Inc., a development stage biopharmaceutical company, focuses on the development of new drugs to treat hormonal and reproductive system disorders in the United States.",Healthcare,1987,161.4,0,-32.5,-32.5,-32.5,46.6,0.032,46.9,0,44,,,5.44,,27.1,26.7,25.3,23.9,23.7,23.7,,-32.5,,0.009,,-32.5,,,-1.39,-1.39,-0.868,-1.39,-1.39,,,,,0.216,0.184,,2.09,,,,,,,,,,,,,0.027,0.728,,,,0.147,,,,,,-0.629,,,,28,44,8.57,0.074,United States,,-32.5,-32.5,0,-58.3,16.67,IQ36852,7656.3,0.36,,22.55,5.92,,0,,75.8,,,72.5,2.04,99.6,,,,0.08,28,46.9,76,2.97,0.586,,0.074,2.44,9.48,1,,,-3.73,-8.02,-14.8,-15.2,-25.6,-26.5,-4.95,-12.5,-18.9,-28.5,-3.7,-7.39,-14.2,-13.7,-25.2,-27.2,-4.77,-12.5,-18.9,-28.5,,,,
"Zogenix, Inc. (NasdaqGM:ZGNX)",NasdaqGM:ZGNX,-2.4098765432098763,-2.331851851851852,0.009689999999999999,-1.109692411010916,0.24141048824593125,NA,NA,0.35413318354764955,0.12857769318076012,193.62136742642173,84.28,13.349999999999998,-94.44000000000001,30.32136742642175,23.92316647264261,19.054842473745627,15.393258426966295,4.780774504356092,NA,2.2973584174943253,NA,47.98,NA,1.8491484184914841,8.67,1,0.084,8.59,205.5,7.1213674264217515,Pharmaceuticals (Primary),Public Company,Common Stock,205.5,54.2,0.015,0.014,0.116,0.789,0.803,2.26,153.4,2.55,,,,-0.37,,,,,,,,,,,,2.56,,,,2.24,0.877,Pharmaceuticals,"Zogenix, Inc., a pharmaceutical company, develops and commercializes therapies for the treatment of central nervous system disorders in the United States.",Healthcare,2006,186.5,40.5,-97.6,-99.2,8.59,42.2,10.6,202.8,23.2,55.3,0.122,,88.9,,18.9,16.4,13.6,13.1,12.8,14.8,,-99.2,-3.09,0.02,,8.67,0.084,,0.06,0.06,-0.341,0.06,0.06,0.969,8.88,13.4,11.2,20.3,9.64,6.23,8.52,1.45,15.4,21.7,,,,22.8,0.26,1.01,0.979,1.59,2.22,1.87,30.9,,,,2.06,-40,28,-8.5,89.6,-20,5.65,-3.5,-2.21,2.85,201,55.3,1.34,0.87,United States,40.5,-97.6,8.59,28.8,-49.7,13.33,IQ28826185,-12.6,0.36,,3.1,1.07,8.65,28.8,,72,,,18.4,1.52,71.6,,,86.4,2.07,201,78,92.9,4.62,17.4,36.8,0.87,16.9,2.65,3,40.5,United States: 40.5 (100.0%),,,-15.2,-29.1,-45.7,-35.5,-70.2,-76.4,-47.4,-52.3,,,-16.2,-27.7,-45.6,-45.9,-73.6,-83.9,-47.4,-80.9,,,40.5,Development and Commercialization of Pharmaceutical Products: 40.5 (100.0%)
"Agile Therapeutics, Inc. (NasdaqGM:AGRX)",NasdaqGM:AGRX,NA,NA,0,-0.3238832946036664,-0.24160377358490567,NA,NA,0.2624886864147562,0.06872170531133863,173.89064349112425,38.730000000000004,-10.244,-12.544,15.090643491124261,NA,NA,NA,NA,NA,4.489817802507726,NA,27.23,NA,0.25183374083129584,NA,1,NA,NA,NA,0.29064349112426036,Pharmaceuticals (Primary),Public Company,Common Stock,204.5,10.47,,,,,,,22.2,0.083,,,,-1.49,,,,,,,,,,,,,,,,0.36,0.342,Pharmaceuticals,"Agile Therapeutics, Inc., a specialty pharmaceutical company, focuses on the development and commercialization of prescription contraceptive products for women.",Healthcare,1997,179.1,0,-13.9,-13.9,-11.6,45.7,12,60.9,14.8,42.4,0.095,,4.27,,9.65,7.44,7.48,9.15,17.4,,,-13.9,-1.55,0.001,,-15.3,-3.65,,-0.743,-0.743,-0.61,-0.743,-0.743,,,,,12.3,0.281,,2.66,,0.366,11.2,,,,,,,,,0.149,0.159,,,,,49.8,,3,,,,2.31,,,10.6,14,42.4,9.23,,United States,,-12.7,-14.3,0,-23.4,8.33,IQ858721,,0.38,,12.55,5.05,,,,,,,,0.206,23.7,,,100.8,,11,47,,,,,0.142,1.16,3.44,,,,,,,,,,,,-23.3,-12.7,,,,,,,,,-23.3,-14.3,,,,
"Alimera Sciences, Inc. (NasdaqGM:ALIM)",NasdaqGM:ALIM,-3.8361045130641327,-3.6270783847980996,0,-0.8158358711331946,-0.6775757575757576,NA,NA,0.4256909530902428,0.1526923608791571,163.59052802032227,37.43399999999999,-33.54,-30.54,36.69052802032226,NA,NA,NA,19.42880380288863,NA,4.370105466162374,NA,30.534,NA,1.1836935166994107,NA,1,NA,NA,NA,2.5905280203222594,Pharmaceuticals (Primary),Public Company,Common Stock,203.6,29.5,0.073,0.043,0.022,1.11,1.75,1.31,44.4,0.231,,,,-0.8,,,,,,,,,,,,,,,,1.77,0.208,Pharmaceuticals,"Alimera Sciences, Inc., a pharmaceutical company, engages in the research, development, and commercialization of prescription ophthalmic pharmaceuticals in the United States and internationally.",Healthcare,2003,229.8,8.42,-32.3,-32.9,-35.9,76.7,1.65,109.4,34.1,49.5,0.842,,27.9,,11.4,10.8,8.66,9.03,8.43,8.28,0.659,-32.9,-2.09,,,-35.7,0.174,0.75,-0.907,-0.907,-0.546,-0.907,-0.907,,0.85,1.73,0.754,3.01,1.36,,5.02,,2,33.1,,68.8,,349.9,0.618,0.485,0.525,0.516,0.509,0.376,-5.61,,,,38.4,-4.87,35,-25,,,2.99,-0.135,-0.444,14.4,70,-19.3,4.59,0.521,United States,8.42,-32.3,-35.9,37.1,,10,IQ10347835,189.5,0.44,,8.36,4.12,6.98,4.87,,12.6,,32,-37,0.964,39.8,,,100,0.55,70,83.3,18.6,1.74,1.54,,0.521,7.68,3.03,3,8.42,United States: 8.4 (100.0%),,-6.08,-10.4,-12.5,-50.1,-19.2,-22.1,-21,-22,-34.4,,-13.6,-13,-5.71,-61.5,-44.2,-13.9,-22.5,-19.7,-46.2,,,8.42,"Research, Development and Commercialization of Prescription Ophthalmic Pharmaceuticals: 8.4 (100.0%)"
Acucela Inc. (TSE:4589),TSE:4589,0.00884180790960452,-0.258418079096045,6.683,0.2014573510036424,-0.05949023861171362,NA,NA,0,0,183.7,258.06,-10.969999999999992,-9.147999999999993,0,NA,NA,NA,5.1892655367231635,NA,0.711849957374254,586.9009584664536,92.46000000000001,7.089105854204453,0.11851851851851852,0.353,1,2.36,NA,NA,0,Pharmaceuticals (Primary),Public Company,Common Stock,202.5,4.34,0.022,0.029,,1.15,1.27,,35.8,0.081,,,,-0.13,,,,,,,,,,,-59.3,1.13,,,9.5,30.08,0.013,Pharmaceuticals,Acucela Inc. discovers and develops therapeutic products to treat and slow the progression of sight-threatening ophthalmic diseases worldwide.,Healthcare,2002,98.2,35.4,0.313,-0.188,-2.01,18.8,0.742,197,0,184.4,0.131,,10,,25.6,30.2,34.9,36.2,36.4,35.1,,-0.188,-0.015,0.519,,0.353,2.36,,-0.061,-0.061,0.007,-0.061,-0.061,668.3,5.29,,0.061,,,,0.441,,0.025,,,,-96.3,-33.1,,,,,,,-7.1,,,,149.8,,,-152.2,,,-0.313,,4.98,,,184.4,5.65,,United States,35.4,0.313,-2.01,32,-6.8,13.33,IQ26745995,18.9,0.41,210.2,14.91,4.36,35.4,12,,14,,28.2,2.92,0.096,43.1,,,,1.06,,111.7,42.3,0.754,9.85,0.267,,,,1,39,United States: 39.0 (100.0%),,,,,,,,3.87,7.03,7.99,,,,,,,,6.27,4.18,4.3,,,39,Pharmaceutical Product Development: 39.0 (100.0%)
"Achaogen, Inc. (NasdaqGM:AKAO)",NasdaqGM:AKAO,-0.97,-0.726,0,-0.11193339500462535,-0.2309597523219814,NA,NA,0.019206108305759174,0.007180827350117961,157.2650105257169,129.72,-14.919999999999998,-14.52,1.2650105257168864,NA,NA,NA,7.863250526285844,NA,1.2123420484560352,NA,84.02,NA,0.6789594053744997,NA,1,NA,NA,NA,1.2650105257168864,Pharmaceuticals (Primary),Public Company,Common Stock,174.9,59.65,0.01,0.01,,0.494,0.494,,18,0.079,,,,-1.08,,,,,,,,,,,,-3.86,,,,0.383,0.179,Pharmaceuticals,"Achaogen, Inc., a clinical-stage biopharmaceutical company, discovers, develops, and commercializes antibacterials to treat multi-drug resistant gram-negative infections in the United States.",Healthcare,2002,111.2,20,-19.4,-19.8,-20.2,18.9,0.725,70.3,0,64.6,0.34,,9.65,,30.1,30.3,24.7,25.4,23.5,20.2,,-19.8,-0.397,,,-20.2,,,-1.42,-1.42,-0.887,-1.42,-1.42,,5.23,,,4.97,4.24,,2.12,,0.128,,,,,7.88,,,,0.179,0.595,0.578,-2.87,,,,74.7,-6.9,,-45.1,,,-0.539,,2,,44,64.6,9.7,0.405,United States,20,-19.4,-20.2,20.8,-14.5,12.5,IQ11382019,1.19,0.41,,18.03,7.72,-10.1,6.69,,10.7,,132.5,-124.6,0.475,63.7,,,,1.79,44,69.4,19.8,2.92,3,0.073,0.405,1.89,7.95,,20,United States: 20.0 (100.0%),,,,,,,,-20.7,-15.4,-11.6,,,,,,,,-20.9,-18.4,-13.1,,,20,Biotechnology: 20.0 (100.0%)
Heska Corporation (NasdaqCM:HSKA),NasdaqCM:HSKA,0.07093541202672606,0.03202672605790646,0.45799999999999996,0.02305496065787139,0.037296511627906974,0.0287,NA,0.006010171058714748,0.0025133521834747093,159.65599999999998,67.612,2.566,2.8760000000000003,0.416,63.49999999999999,62.178836392034356,64.34138737334372,1.7779064587973272,55.51321279554936,2.361355972312607,25.06373626373626,4.256,20.521336760925447,1.0115081768625076,2.95,1,1.35,2.6,165.1,0,Pharmaceuticals (Primary),Public Company,Common Stock,165.1,43.51,0.001,0.009,0.032,0.119,0.39,0.616,6.48,0.04,28.8,25,,0.498,,,,2.87,3.03,-6.36,-0.735,3.49,6.66,-3.6,6.31,8.64,,,,11.91,7.12,Pharmaceuticals,"Heska Corporation develops, manufactures, markets, sells, and supports veterinary products for canine and feline companion animal health markets in the United States, Europe, and internationally.",Healthcare,1988,175.5,89.8,6.37,2.91,2.6,5.86,,96.8,0.416,68.8,,,31.4,,1.41,1.39,1.39,1.5,1.5,1.44,,2.91,,0.039,,2.95,1.35,,0.437,0.437,0.479,0.41,0.41,45.8,,,28.5,,,,,0.048,14.9,0.227,15.7,,497,14.7,,,,,,,-1.44,,,,,,,,,,,,,,,53.1,25.46,,United States,89.8,6.37,2.6,99.5,9.25,25,IQ29433,10.1,0.38,34.5,26.68,10.3,35.7,5.3,13.7,6.02,21,,47.1,0.668,88.1,,,,8,,34.4,33.9,4.45,4.42,3.91,,,,3,,,-4.24,0.871,2.92,5.47,0.336,4.04,0.358,3.25,2.16,-1.42,-4.82,0.282,1.83,34.8,-0.85,2.24,0.018,2.15,1.2,-1.2,,,,
"AcelRx Pharmaceuticals, Inc. (NasdaqGM:ACRX)",NasdaqGM:ACRX,-7.049808429118774,-7.195402298850576,0,-0.46336047372316813,-0.7143468950749464,NA,NA,0.3657289275596241,0.14140699051765424,130.4278257501488,81.05999999999999,-33.36,-37.56,26.927825750148802,NA,NA,NA,24.986173515354178,NA,1.6090281982500472,NA,69.46,NA,3.761467889908257,NA,1,NA,NA,NA,2.0278257501488044,Pharmaceuticals (Primary),Public Company,Common Stock,163.5,35.53,0.039,0.073,0.093,1.44,1.93,2.06,43.7,0.727,,46.6,,-1.06,,,,,,,,,,,,69.5,,,,1.74,0.308,Pharmaceuticals,"AcelRx Pharmaceuticals, Inc., a specialty pharmaceutical company, develops and commercializes therapies for the treatment of acute pain.",Healthcare,2005,113,5.22,-36.8,-37.6,-33.4,60,9.82,86.4,24.9,46.7,5.51,,18.3,,24.5,21.6,22.9,21.7,26.3,29.8,,-37.6,-2.64,,,-33.4,,,-0.768,-0.768,-0.48,-0.91,-0.91,,,,,12.8,2.96,,2.43,,0.522,18,,,,-82.3,,,0.062,0.737,0.717,0.683,0.047,,,,1.87,,10,-0.271,,,0.09,,,13.2,50,46.7,3.74,0.5,United States,5.22,-36.8,-33.4,9.83,-46.2,13.33,IQ33172220,57.2,0.48,,12.39,3.66,-19.3,14.4,,88.4,,,73.2,2.46,49.5,,,100.4,0.938,50,76.3,104.6,2.34,3.18,1.35,0.5,6.37,5.74,3,5.22,United States: 5.2 (100.0%),,,,-10.3,-20.7,-19,-12.2,-19.4,-29.7,-6.67,,,,-9.63,-20.7,-20.1,-14.3,-20.1,-33.4,-23.4,,,5.22,Development and Commercialization of Innovative Therapies for The Treatment of Acute and Breakthrough Pain: 5.2 (100.0%)
"Bio-Path Holdings, Inc. (NasdaqCM:BPTH)",NasdaqCM:BPTH,NA,NA,0,-0.7113506231054226,-0.2821476510067114,NA,NA,0.02242597671180102,0.002122507984308717,147.14181253290863,5.938000000000001,-4.204,-4.224,0.3418125329086462,NA,NA,NA,NA,NA,24.779692241985284,NA,4.938000000000001,NA,0.35469819539514624,NA,1,NA,NA,NA,0.3418125329086462,Pharmaceuticals (Primary),Public Company,Common Stock,160.7,19.99,0.001,0.001,0.009,0.176,-0.513,0.727,89.8,0.203,,,,-0.15,,,,,,,,,,,,,,,1.9,7.67,5.75,Pharmaceuticals,"Bio-Path Holdings, Inc., a biotechnology company, focuses on developing therapeutic products utilizing its proprietary liposomal delivery technology to systemically distribute nucleic acid drugs throughout the human body with a simple intravenous transfusion in the United States.",Healthcare,2007,146.8,0,-4.37,-4.54,-4.52,13.9,0.113,15.5,0,14.9,0.123,,2.72,,1.83,1.54,1.68,1.35,1.64,1.36,,-4.54,,0.023,,-4.52,,,-0.051,-0.051,-0.032,-0.051,-0.051,,,,0.255,0.123,0.01,,0.041,,0.1,,,,,,,0.051,0.087,0.084,0.081,0.079,-0.127,,,,15.4,,,,,,0.267,,,,8,14.9,1.79,,United States,,-4.37,-4.52,,,57.14,IQ37512626,,0.20,,3.62,1.6,,0,,3.55,,,4.78,0.228,90.4,,,,,8,14.1,3.67,0.076,0.119,0.1,,5.43,1.03,1,,,,,,-0.461,-2.89,-1.97,-2.33,-2.02,-2.24,-3.27,,,,-0.422,-2.85,-1.97,-2.08,-2.36,-2.58,-3.27,,,,
"Relmada Therapeutics, Inc. (OTCPK:RLMD)",OTCPK:RLMD,NA,NA,0,NA,-13.795511982570806,NA,NA,0.008210890233362142,0.00024399953768508648,124.338,-21.008,-63.3214,-31.5214,0.038,NA,NA,NA,NA,NA,NA,NA,5.764,NA,0.43192035966602443,NA,1,NA,NA,NA,0,Pharmaceuticals (Primary),Public Company,Common Stock,155.7,6.22,,,,,,,53.7,0.058,,,,,,,,,,,,,,,,,,,3.99,1.27,0.927,Pharmaceuticals,"Relmada Therapeutics, Inc., a clinical stage biopharmaceutical company, focused on the development of drug products for the treatment of pain in the United States.",Healthcare,2004,124.3,0,-28.5,-28.5,-60.3,31.4,0.024,32.8,0.038,4.59,0.016,,28.5,,-0.05,2.13,1.68,5.13,5.25,0.667,,-28.5,-0.697,0.01,,-60.3,,,-1.78,-1.78,-1.11,-1.78,-1.78,,,,,,,,0.97,0.038,26.6,,,0,,,,,,,,,,,,,53.2,-0.295,-0.502,,,,1.28,,,4.71,,4.59,2.9,,United States,,-25.9,-42.7,,,11.11,IQ9070579,,0.30,,4,1.5,,,,,,,,0.269,94.7,0,100,,0.17,7,32.8,,,,,0.136,3.37,1.11,,,,,,,,,,,,-3.16,-6.77,,,,,,,,,-6.86,-19.9,,,,
"Provectus Biopharmaceuticals, Inc. (AMEX:PVCT)",AMEX:PVCT,NA,NA,0,-0.7328445196465501,-0.3568253968253968,NA,NA,0,0,137.2,21.276000000000003,-8.991999999999999,-15.592,0,NA,NA,NA,NA,NA,6.448580560255686,NA,13.476,NA,0.2166882276843467,NA,1,NA,NA,NA,0,Pharmaceuticals (Primary),Public Company,Common Stock,154.6,2.65,0.001,0,0.012,-0.379,0,0.853,185.2,0.849,,,,,,,,,,,,,,,,,,,,6.39,0.809,Pharmaceuticals,"Provectus Biopharmaceuticals, Inc., a development-stage biopharmaceutical company, is engaged in developing pharmaceuticals for oncology and dermatology indications.",Healthcare,2002,137.2,0,-16.1,-16.8,-10.2,17.4,0.092,26.2,0,25.2,0.071,,11.1,,5.14,4.32,4.26,4.01,3.6,3.47,0.671,-16.8,,0.006,,-10.2,,,-0.058,-0.058,-0.051,-0.058,-0.058,,,,1.71,0.53,0.438,,0.441,,,,,,,,,,,,,,1.38,,,,15.6,,,,,,0.092,,,,4,25.2,0.835,0.06,United States,,-16.1,-10.2,,,12.5,IQ2336891,,0.21,,3.75,0.3,,0,,15.7,,0,6.63,0.134,93.6,,,,,4,19.1,15.7,0.349,0.164,,0.06,10.8,0.97,1,,,-3.63,-5.71,-7.22,-10.3,-10.3,-12.3,-20.7,-21.4,-14.3,-13,-4.35,-11.8,-8.87,-10,-10.3,-12.3,-18.6,-19.4,-12.6,-27.7,,,,
"Elite Pharmaceuticals, Inc. (OTCPK:ELTP)",OTCPK:ELTP,-2.6403326403326406,-1.578794178794179,0,-0.331818579043957,-24.567999999999994,0.289,NA,0.6807633614565609,0.024676200764109604,142.96182692307693,22.886,-42.99399999999999,-7.594,3.7318269230769228,NA,NA,NA,29.721793539101235,NA,6.246693477369437,NA,25.816,NA,0.2627118644067797,NA,1,NA,NA,NA,0.14182692307692307,Pharmaceuticals (Primary),Public Company,Common Stock,147.5,11.09,0.02,0.009,0,0.766,0.904,0.069,618.4,1.57,,,,,,,,28.9,,,,7.86,,,,17.2,,,,10.98,2.66,Pharmaceuticals,"Elite Pharmaceuticals, Inc., a specialty pharmaceutical company, principally engaged in the research, development, and licensing of proprietary controlled-release drug delivery systems and products.",Healthcare,1984,175.1,4.81,-12.7,-13.4,-48.8,8.27,5.49,25.7,3.59,1.75,1.48,,3.15,0.198,11.1,10.1,7.41,3.96,3.03,1.97,0.812,-13.4,-0.384,,,-49.1,-0.298,,-0.086,-0.086,-0.054,-0.172,-0.172,,1.71,2.86,,11.6,6.14,,3.21,0.666,,2.46,,32.3,,-5.65,,,,,0.065,0.085,1.58,,,,17.4,-1.25,0.346,4.89,,,0.913,-1.33,-0.69,7.46,,-30.5,0.239,,United States,4.6,-4.83,-96.6,,,33.33,IQ528102,,0.34,,0.51,0.175,1.65,9.77,,1.08,,0.019,-4.93,0.155,89,,103.4,2.65,0.436,38,13.2,3.92,1.99,0,0.741,0.034,5.44,0.54,,4.81,United States: 4.8 (100.0%),-6.39,-5.95,-10.3,-13,-7.14,-2.29,-0.401,-2.09,-1.88,-3.19,-6.2,-5.91,-9.99,-16.6,-7.31,-12.8,7.08,-24.7,-7.11,-8.18,,,4.81,"Researching, Developing and Licensing Proprietary Controlled-Release Drug Delivery Systems and Products: 4.8 (100.0%)"
"Marinus Pharmaceuticals, Inc. (NasdaqGM:MRNS)",NasdaqGM:MRNS,NA,NA,0,-0.4009306834706739,-0.17405825242718448,NA,NA,0.1556716406434398,0.054966653669033326,88.49618165543724,20.629999999999995,-7.171200000000002,-8.2712,7.596181655437236,NA,NA,NA,NA,NA,4.289684035648922,NA,22.129999999999995,NA,0.666156202143951,NA,1,NA,NA,NA,0.5961816554372353,Pharmaceuticals (Primary),Public Company,Common Stock,130.6,28.71,,,,,,,14.2,0.025,,,,-1.77,,,,,,,,,,,,,,,,0.693,0.693,Pharmaceuticals,"Marinus Pharmaceuticals, Inc., a clinical stage biopharmaceutical company, focuses on developing and commercializing neuropsychiatric therapeutics.",Healthcare,2003,87.9,0,-11.9,-11.9,-10.8,49.7,0.044,50.2,7,41.2,0.033,,3.28,,8.69,7.67,7.09,5.55,4.15,0.846,,-11.9,-0.117,0.012,,-10.8,,2.55,-2.17,-2.17,-1.1,-2.17,-2.17,,,,,0.4,0.356,,0.536,,,7,,,,,0.046,0.138,0.135,0.132,0.13,0.1,-1.01,,,,41.3,,6.98,,,,1.39,,,5.19,9,41.2,9.2,0.05,United States,,-11.9,-10.8,0,-27.2,12.5,IQ7606380,,0.38,,16.6,5.49,,0,,10,,69.8,-60.4,0.348,40.3,,,100,0.033,9,50.1,11.8,0.078,0.596,1.69,0.05,1.67,4.37,,,,,,,,,,,,-1.43,-5.38,,,,,,,,,-1.41,-5.27,,,,
"Corium International, Inc. (NasdaqGM:CORI)",NasdaqGM:CORI,-0.26858513189448435,-0.1673860911270983,0,-0.08361284139913748,-1.2384105960264897,NA,NA,0.9030370784359802,0.30847974216601987,142.4518524171334,83.48000000000002,-7.479999999999999,-6.979999999999999,56.25185241713342,NA,NA,NA,3.4161115687561967,NA,1.7064189316858334,NA,67.24000000000001,NA,0.0019825535289452814,NA,1,NA,NA,NA,6.151852417133422,Pharmaceuticals (Primary),Public Company,Common Stock,126.1,17.49,,,,,,,18.1,0.036,,,,-1.27,,,,,,,,,,,,,,,,0.207,0.129,Pharmaceuticals,"Corium International, Inc., a biopharmaceutical company, focuses on the development, manufacture, and commercialization of specialty pharmaceutical products in transdermal and transmucosal delivery systems.",Healthcare,1995,136.3,41.7,-11.2,-14.1,-14.6,39.9,12.3,69.4,50.1,6.04,2.01,,9.97,,26.3,22.8,19.7,18.4,17.6,17.4,0.578,-14.1,-6.61,0.007,,-14.6,0.003,,-1.04,-1.04,-0.983,-1.04,-1.04,,5.3,3.47,,,,,3.44,,0.8,48.6,,,,-13.3,3.65,0.623,0.611,0.603,0.735,1.28,5.09,,,-5.23,48.8,-4.53,10.8,-0.581,,,1.91,0.609,0.777,14.8,,6.04,6.98,,United States,42.4,-7.41,-9.91,45.4,,11.11,IQ24949690,14.1,0.44,,8.49,4.3,7.11,42.5,,7.42,,,-25,0.001,34.8,0,1.6,94.3,3.55,244,49.7,19.3,1.52,9.52,3.24,1.7,2.09,2.92,,41.7,United States: 41.7 (100.0%),,,,,,,,,,-0.369,,,,,,,,,,-14.5,,,41.7,"Development, Manufacture and Commercialization of Specialty Pharmaceutical Products: 41.7 (100.0%)"
"Dipexium Pharmaceuticals, Inc. (NasdaqCM:DPRX)",NasdaqCM:DPRX,NA,NA,0,-0.4471812841389261,-0.33505791505791505,NA,NA,0.006987454343338098,0.0015002070090840457,94.48224852071006,19.406,-8.677999999999999,-8.677999999999999,0.18224852071005918,NA,NA,NA,NA,NA,4.868713208322687,NA,20.506,NA,0.46784830997526794,NA,1,NA,NA,NA,0.18224852071005918,Pharmaceuticals (Primary),Public Company,Common Stock,121.3,4.5,0.011,0.011,,-0.506,-0.506,,8.57,0.022,,40,,-1.72,,,,,,,,,,,,,,,,47.58,21.45,Pharmaceuticals,"Dipexium Pharmaceuticals, Inc., a biopharmaceutical company, focuses on the development and commercialization of antibiotics for the treatment of infectious diseases.",Healthcare,2010,94.2,0,,-13.6,-13.6,27,,27.2,0,25.9,,,4.68,,8.9,7.88,5.98,3.42,1.73,0.88,,-13.6,,,,-13.6,,,-1.73,-1.73,-1.08,-1.73,-1.73,,,,,,,,0.083,,,,,,,,,,,,0.038,0.153,-0.363,,,,38,,,,,,0.56,,,,7,25.9,14.16,,United States,,,-13.6,0,,16.67,IQ110175276,,0.25,,15.14,8,,0,,3.86,,,3.21,0.227,38.4,,,,,7,27.2,3.91,0.049,0.775,,,0.861,13.9,1,,,,,,,,,,-1.74,-1.84,-4.01,,,,,,,,-1.96,-1.84,-4.01,,,,
"Cumberland Pharmaceuticals, Inc. (NasdaqGS:CPIX)",NasdaqGS:CPIX,0.15040650406504066,0.059566395663956655,0.369,0.02604089372887721,0.013094059405940604,0.11900000000000001,0.152,0.025969585221248218,0.018217423585340543,78.35428846372676,53.26,1.0580000000000007,2.1980000000000004,2.15428846372676,47.97520661157025,35.131396957123094,109.73534971644604,2.123422451591511,35.647992931631826,1.4711657616171003,14.117889813284101,12.360000000000001,8.764461796837447,0.5555555555555556,3.74,1,1.38,2.42,116.1,2.15428846372676,Pharmaceuticals (Primary),Public Company,Common Stock,116.1,34.17,0.002,0.029,0.22,-0.084,0.399,1.32,17,0.027,,,,,15.8,10.6,15.2,11.9,-4.75,-9.23,-3.39,-3.25,-24.6,-28.8,-20.1,-10.3,,,,38.85,33.26,Pharmaceuticals,"Cumberland Pharmaceuticals Inc., a specialty pharmaceutical company, focuses on acquiring, developing, and commercializing branded prescription products for the hospital acute care and gastroenterology markets in the United States.",Healthcare,1999,61.4,36.9,5.55,3.56,2.42,39.9,0.651,95.4,0,80.8,0.163,,23.3,,3.39,3.96,4.47,4.99,5.62,4.72,1.6,3.56,-0.067,0.251,,3.74,1.38,,0.138,0.138,0.136,0.138,0.138,36.9,5.51,5.6,3.65,2.89,2.24,,3.24,,3.92,,-0.008,,,15.2,,,0.079,0.233,0.941,1.05,-3.89,,,-4.32,,,,-3.87,,-2,3.85,1.53,-0.974,,85,80.8,6.85,0.5,United States,36.9,5.55,2.42,,,22.22,IQ25240322,,0.51,,7.09,4.2,31.8,0,-0.177,40.9,,,79.5,0.258,61.2,,,,3.33,85,70.8,68.7,2.04,4.78,0.726,0.5,0.158,7.62,3,36.9,"United States: 36.3 (98.4%);
Outside The United States: .6 (1.6%)",1.3,0.75,2.22,6.73,7.28,5.78,6.5,9.85,8.82,-3.8,0.558,1.95,4.4,4.04,4.77,3.09,2.46,5.66,5.84,-2.11,,,36.9,Specialty Pharmaceutical Products: 36.9 (100.0%)
"Cymabay Therapeutics, Inc. (NasdaqCM:CBAY)",NasdaqCM:CBAY,NA,NA,0,-0.23784722222222224,-0.8905747126436782,NA,NA,0.151771205719857,0.04200773589997301,111.17,64.512,-23.244,-15.344000000000001,4.67,NA,NA,NA,NA,NA,1.7232452876984128,NA,33.742,NA,1.15962441314554,NA,1,NA,NA,NA,0,Pharmaceuticals (Primary),Public Company,Common Stock,106.5,49.62,0.001,0.001,,0.257,0.174,,15.2,0.109,,,,-1.85,,,,,,,,,,,,,,,,3.44,0.003,Pharmaceuticals,"Cymabay Therapeutics, Inc. focuses on developing therapies to treat metabolic diseases.",Healthcare,1988,76.2,0,-24,-24,-31.9,,,,4.67,26.1,,,8.19,,15.8,11.9,8.76,5.65,4.53,4.88,,-24,-0.755,0.074,,-31.9,,,-2.65,-2.65,-1.66,-2.65,-2.65,,,,,,,,,,,,,,,,,,,,,,,,,,,,,,,,,,,,16,26.1,6.99,,United States,,-24,-31.9,0,,6.25,IQ31424,,0.31,,13.78,4.47,-15.8,4.45,,24.4,,,18.6,0.494,63.8,,,,1.21,16,,32.2,0.697,1.83,6.92,,,,1,,,,,,,,,,-3.9,-10.4,-9.4,,,,,,,,-4.5,-11.3,-10.1,,,,
"Apricus Biosciences, Inc. (NasdaqCM:APRI)",NasdaqCM:APRI,-2.613390928725702,-0.93304535637149,0,-0.3035839775122978,-3.1458333333333335,0.384,NA,0.7466954205251808,0.05551018406574235,90.55980769230769,28.460000000000004,-6.04,-8.639999999999997,5.659807692307693,NA,NA,NA,9.7796768566207,NA,3.1820030812476343,NA,33.160000000000004,NA,0.3530633437175493,NA,1,NA,NA,NA,0.8798076923076923,Pharmaceuticals (Primary),Public Company,Common Stock,96.3,9.44,0.002,0.016,0.142,-0.314,0.798,2.5,50.4,0.233,,,,-0.39,,,,38.4,,,,25.5,,,,37,,,6.78,0.792,0.093,Pharmaceuticals,"Apricus Biosciences, Inc. engages in developing and commercializing products and product candidates in the areas of urology and rheumatology in the United States, Canada, Europe, and internationally.",Healthcare,1987,89.7,9.26,-24.2,-24.4,-21.8,11.4,1.36,14.8,4.78,1.92,0.58,,11.4,,21.3,6.68,5.72,5.15,5.12,5.03,,-24.4,-0.339,,,-22.5,,,-0.551,-0.568,-0.383,-0.551,-0.568,,0.678,0.275,0.29,1.68,0.325,,0.86,,2.5,4.63,,,,268.7,,,,,0.416,0.515,3.44,,,-0.042,5.91,-2.78,4.73,0.675,0.05,,-0.066,0.061,-0.62,15.9,23,1.92,1.91,0.4,United States,9.26,-24.2,-21.8,6.81,,10,IQ404807,37.1,0.38,,2.75,0.92,8.34,2.61,,21.4,,,11,0.136,79.5,,0,104.5,1.16,23,13.3,22.3,0.926,3.07,5.16,0.4,3.96,2.58,3,9.26,"France: 4.2 (44.8%);
Europe-Other: 5.1 (55.2%)",-17.3,-15.7,-8.66,-9.39,-4.19,-3.23,-11.2,-15.5,-15.8,-18.8,-17,-15.4,-8.04,-8.79,-5.17,-32,-29.5,-18.1,-31.8,-16.9,,,9.26,Designs and Develops Pharmaceutical Products: 9.3 (100.0%)
Aradigm Corporation (NasdaqCM:ARDM),NasdaqCM:ARDM,-0.1050595238095238,0.3478571428571428,0,0.18032584547025424,0.5160613810741688,0.0181,NA,0.06658520823106887,0.028966915803138656,48.289201183431956,64.816,20.178,11.687999999999999,2.7892011834319526,20.10752688172043,9.82085042089359,4.633759540093171,1.4371786066497605,4.131519608438738,0.745019766468649,NA,73.716,NA,1.3502673796791445,4.65,1,0,4.65,93.5,2.7892011834319526,Pharmaceuticals (Primary),Public Company,Common Stock,93.5,36.24,0,0.009,0.025,0.054,-0.531,0.73,14.7,0.012,,,,-0.64,,,,1.81,,,,47,,,,248.8,,,35.7,5.56,0.589,Pharmaceuticals,"Aradigm Corporation, a specialty pharmaceutical company, focuses on the development and commercialization of drugs delivered by inhalation for the treatment and prevention of respiratory diseases by pulmonologists.",Healthcare,1991,45.5,33.6,-3.53,-3.84,4.65,48,0.502,54,0,39.1,0.412,,6.23,,31.2,27.4,22.9,12.7,8.88,6.48,,-3.84,-0.288,0.017,,4.65,,,0.316,0.316,-0.178,0.316,0.316,,1.06,,0.25,12.6,12.1,,2.71,,0.193,,,,,245.4,,,,,1.02,1.92,1.48,,,,0.164,,,,,,2.09,,-0.966,,18,39.1,6.35,0.593,United States,33.6,-3.53,4.65,25.3,,10,IQ24993,-71,0.33,,15,6.17,2.39,9.04,,48.1,,,33.7,0.505,51.9,,,,4.78,18,50.5,49.7,0.619,2.11,4.55,0.593,0.515,15.55,1,33.6,United States: 33.6 (100.0%),-30.4,-30.6,-28.1,-24.2,-22.9,-11.6,-10.3,-8.49,-6.67,-3.94,-30.2,-29.2,-13,-24.2,-22.6,-13.8,-5.38,-9.31,-8.23,-21.6,,,33.6,Development and Commercialization of Drugs Delivered by Inhalation for The Treatment and Prevention of Severe Respiratory Diseases: 33.6 (100.0%)
Lipocine Inc. (NasdaqCM:LPCN),NasdaqCM:LPCN,NA,NA,0,-0.36049101362200237,-0.5348484848484848,NA,NA,0.03157062312092203,0.00953500093299639,62.56063524123806,38.614000000000004,-14.12,-13.92,0.8606352412380518,NA,NA,NA,NA,NA,1.6201542249245884,NA,39.914,NA,0.7913870246085011,NA,1,NA,NA,NA,0.8606352412380518,Pharmaceuticals (Primary),Public Company,Common Stock,89.4,20.55,0.001,0,,-0.241,0.084,,12.8,0.094,,,,-1.47,,,,,,,,,,,,,,,6.46,21.57,6.89,Pharmaceuticals,"Lipocine Inc., a specialty pharmaceutical company, is engaged in the development of pharmaceutical products in the areas of men’s and women’s health.",Healthcare,,61.8,0,-20.2,-20.2,-20.4,27.7,0.074,28,0,26.4,0.06,,4.91,,15.5,15.1,13.4,7.94,5.59,4.07,,-20.2,,0.108,,-20.4,0,,-1.6,-1.6,-0.985,-1.6,-1.6,,,,,1.11,1.03,,0.306,,,,,,,,,,0.052,0.303,0.294,0.286,-0.89,,,,0.016,,,0.021,,,-0.45,,,,13,26.4,6.96,0.327,United States,,-20.2,-20.4,0,,7.14,IQ8057882,,0.48,,10.35,3.7,-12.9,0,,45.3,,,44.8,0.283,52.2,,,,0.248,13,27.9,46,1.03,0.257,,0.327,1.53,4.2,,,,,,,,,,,-2.33,3.88,-8.76,,,,,,,,-2.25,3.89,-10.6,,,,
"Ocera Therapeutics, Inc. (NasdaqGM:OCRX)",NasdaqGM:OCRX,-71.8475073313783,-49.3724340175953,0,-0.22511030886482147,-0.31009980039920154,NA,NA,0.004153330677161973,0.0023448789917933383,79.00894970414203,74.79,-15.535999999999998,-16.836,0.20894970414201183,NA,NA,NA,231.69779971889156,NA,1.0564106124367163,NA,34.790000000000006,NA,1.012373453318335,NA,1,NA,NA,NA,0.20894970414201183,Pharmaceuticals (Primary),Public Company,Common Stock,88.9,35.31,0.022,0.034,,0.989,1.4,,19.7,0.074,,,,-1.52,,,,,,,,,,,,,,,0.551,1.84,0.051,Pharmaceuticals,"Ocera Therapeutics, Inc. operates as a clinical stage biopharmaceutical company.",Healthcare,,41.6,0.341,-24.5,-24.7,-23.4,10.1,0.061,53.1,0,50.1,0.038,,9.91,,14.9,13.2,10.4,5.95,3.55,2.08,0.164,-24.7,-0.012,0.066,,-24.6,,,-1.34,-1.41,-0.878,-1.34,-1.41,,0.062,,,0.121,0.06,0.595,0.941,,,,,,,301.2,,,,,0.018,0.2,1.22,,,,23.8,,,-8.83,,,-0.341,,0.031,,16,50.1,4.5,0.2,United States,0.341,-24.5,-23.4,0.75,-42,16.67,IQ25522639,398.5,0.33,,11.84,4.18,0.341,0,,15.5,0.595,,45.1,0.36,53.9,,,,0.263,16,48.3,49.3,1.28,1.9,3.5,0.2,2.09,8.01,1,,,,,,,,,,-5.03,-3.38,-12.3,,,,,,,,-4.73,-3.61,-17.5,,,0.341,Developing and Commercializing Novel Therapeutics for Acute and Chronic Liver Diseases and Gastrointestinal Disorders: .3 (100.0%)
Pain Therapeutics Inc. (NasdaqGS:PTIE),NasdaqGS:PTIE,NA,NA,0,-0.5605470699810323,-0.2800498753117207,NA,NA,0.00995397878733488,0.004816635774238731,43.10316767182521,20.034,-11.23,-11.23,0.4031676718252161,NA,NA,NA,NA,NA,2.1515008321765605,NA,20.534,NA,0.5912364945978391,NA,1,NA,NA,NA,0.4031676718252161,Pharmaceuticals (Primary),Public Company,Common Stock,83.3,45.4,0,0.005,0.035,0.134,0.504,0.966,45.8,0.258,,,,-0.4,,,,,,,,,,,,,,,,26.26,23.99,Pharmaceuticals,"Pain Therapeutics, Inc., a biopharmaceutical company, develops novel drugs in the United States.",Healthcare,1998,42.7,0,-12.4,-12.4,-12.4,40.6,0.065,40.9,0,40.1,0.08,,5.13,,7.31,7.35,6.68,5.88,4.92,5.87,,-12.4,,0.047,,-12.4,,,-0.274,-0.274,-0.171,-0.274,-0.274,,,,0.239,0.665,0.6,,0.173,,,,,,,,,,,0.147,0.146,0.143,0.925,,,,0.379,,,1.25,,,-0.272,,,,9,40.1,1.82,0.1,United States,,-12.4,-12.4,,-19,50,IQ107567,,0.52,,6.22,1.61,-7.31,0,,48.6,,,48.3,0.197,57.4,,,,0.081,9,40.8,50.1,0.445,1.35,0.003,0.1,17.9,3.92,3,,,-39,-32.7,-0.553,10.2,8.71,-6.75,-13.7,-3.51,-3.9,31.4,-37.8,-30.7,6.19,20.3,15.3,-3.47,-12,-2.61,-3.45,31.5,,,,
"Imprimis Pharmaceuticals, Inc. (NasdaqCM:IMMY)",NasdaqCM:IMMY,-6.0843373493975905,-6.654698795180723,0,-7.251411316791393,-1.3554355828220856,NA,NA,0.2247905801838605,0.030119667386005126,70.2532881408136,1.5233999999999988,-11.0468,-11.0468,2.363288140813586,NA,NA,NA,42.32125791615277,NA,46.11611404805937,NA,1.5404,NA,0.28252299605781866,NA,1,NA,NA,NA,2.320288140813586,Pharmaceuticals (Primary),Public Company,Common Stock,76.1,5.14,0.006,0.012,0.008,-0.341,-0.671,-1.14,9.34,0.017,,15,,-0.74,,,,,,,,,,,,,,,8.91,39.4,2.24,Pharmaceuticals,"Imprimis Pharmaceuticals, Inc. operates as a specialty pharmaceutical company focusing on the commercial development of compounded drug formulations.",Healthcare,1998,68,1.66,-10.1,-10.1,-10.1,8.21,0.243,10.2,0.043,8.15,0.174,,10.5,,0.237,0.18,0.579,1.22,1.62,2.32,,-10.1,-0.004,0.032,,-10.1,,,-1.11,-1.11,-0.692,-1.11,-1.11,,0.081,0.373,0.15,0.289,0.045,0.332,0.787,,0.033,,,,,16502.5,0.478,0.257,0.496,0.481,0.469,0.493,-0.196,,,-0.013,0.622,-0.01,,-0.1,,-0.636,0.345,-0.16,-0.023,10.8,60,8.15,8.15,0.306,United States,1.66,-10.1,-10.1,13.8,-7.76,9.09,IQ21993612,313,0.16,,9.24,4.71,0.567,0,,15.6,,,15.1,0.086,39.5,,,,0.305,60,9.06,15.7,0.262,0.389,,0.306,1.03,5.74,1,1.66,United States: 1.7 (100.0%),,-0.536,-0.575,-2.86,-3.75,-4.56,-2.09,-0.939,-4.18,-7.69,,-0.54,-0.584,-4.29,-3.3,-4.55,-2.53,-0.954,-5.38,-7.64,,,1.66,Developing Proprietary Drug Therapies and Providing Such Therapies through Sterile and Non-Sterile Pharmaceutical Compounding Services: 1.7 (100.0%)
"ContraVir Pharmaceuticals, Inc. (NasdaqCM:CTRV)",NasdaqCM:CTRV,NA,NA,0,-1.0079032451203445,-0.8554418604651163,NA,NA,0.058239525715896884,0.007292201973464411,64.1418336613537,3.3404000000000007,-7.3568,-3.3667999999999996,0.5318336613537017,NA,NA,NA,NA,NA,19.201842192957038,NA,3.5304,NA,0.09323204419889503,NA,1,NA,NA,NA,0.5318336613537017,Pharmaceuticals (Primary),Public Company,Common Stock,72.4,0.015,0.097,0.085,,4.46,4.17,,22.3,0.022,,,,-0.48,,,,,,,,,,,,,,,,0.157,,Pharmaceuticals,"ContraVir Pharmaceuticals, Inc. operates as a biopharmaceutical company focused on the discovery and development of targeted antiviral therapies.",Healthcare,2013,74.3,0,,-5.52,-9.51,8.79,0.062,8.97,0,8.6,0.07,,3.02,,2.5,0.685,0.314,0.735,,,,-5.52,-0.006,,,-9.51,,4.85,-0.758,-0.758,-0.314,-0.758,-0.758,,,,,,,,0.114,,,,,10.7,,,,0.124,0.124,0.124,0.124,0.103,,,,,3.23,-0.45,0.1,,,,0.335,,,,,-2.1,3.25,,United States,,-1.67,-5.28,0,,12.5,IQ244424098,,0.18,,5.15,0.65,,0.355,,0.003,,,-0.49,0.027,99.8,,,,,3,8.85,0.009,0.056,0.088,,,2.34,1.61,1,,,,,,,,,,,,,,,,,,,,,,,,,,
Adamis Pharmaceuticals Corporation (NasdaqCM:ADMP),NasdaqCM:ADMP,NA,NA,0,-0.4467369708084976,-0.8246875,NA,NA,0.08259779718225341,0.015775528760806578,67.11244088218402,13.085999999999999,-10.556000000000001,-5.845999999999999,1.1524408821840162,NA,NA,NA,NA,NA,5.128568002612259,NA,6.212,NA,3.5118219749652293,NA,1,NA,NA,NA,1.1384408821840162,Pharmaceuticals (Primary),Public Company,Common Stock,71.9,7.85,0.001,0.002,0.022,0.234,0.434,-1.24,13.3,0.131,,,,-0.575,,,,,,,,,,,,,,,,17.27,3.13,Pharmaceuticals,"Adamis Pharmaceuticals Corporation, a biopharmaceutical company, is engaged in the development and commercialization of specialty pharmaceutical and biotechnology products in the therapeutic areas of respiratory disease, allergies, oncology, and immunology.",Healthcare,,68.1,0,,-7.39,-12.1,5.94,0.083,15.1,0.014,12.8,0.097,,4.47,,2.93,2.52,1.01,1.1,1.1,1.2,,-7.39,-5.67,,,-12.1,,,-1.27,-1.27,-0.857,-1.37,-1.37,,,,,,,,0.75,0.014,1.49,,,0,,,,0.193,0.289,0.289,0.289,0.217,-0.4,,,,30.6,-7.07,0,-6.9,,,-1.59,,,,,12.8,5.39,,United States,,-4.1,-8.16,7,-6.9,100,IQ41081420,,0.25,,7.26,2.62,,3.2,,0.12,,,-4.93,1.01,74,,97.6,,0.055,9,5.99,3.52,2.34,0.664,2.26,0.085,0.405,5.83,1,,,,,,,,-4.03,-7.2,-4.8,-3.46,-3.58,,,,,,-4.33,-10.4,-4.86,-6.76,-8.24,,,,
"SCYNEXIS, Inc. (NasdaqGM:SCYX)",NasdaqGM:SCYX,-0.6034482758620691,-0.5490804597701149,0,-0.4922712283594393,-0.5749030470914127,NA,NA,0.1235859287388813,0.07041824601580084,38.29057553246926,19.408,-20.753999999999998,-9.553999999999998,5.090575532469253,NA,NA,NA,2.2006077892223717,NA,1.9729274285072784,NA,17.308,NA,0.07068452380952381,NA,1,NA,NA,NA,5.090575532469253,Pharmaceuticals (Primary),Public Company,Common Stock,67.2,14.68,,,,,,,8.51,0.02,,,,-2.24,,,,,,,,,,,,,,,19.83,0.839,0.213,Pharmaceuticals,"SCYNEXIS, Inc., a pharmaceutical company, is engaged in the discovery, development, and commercialization of anti-infectives to address unmet therapeutic needs.",Healthcare,1999,33.2,17.4,-10.5,-11.7,-22.9,34,5.06,42,0,36.1,0.693,,6.74,,6.78,5.35,4.53,4.36,8.93,,,-11.7,-12.8,,,-22.9,,-6.37,-3.4,-3.4,-2.79,-5.48,-5.48,,1.39,,,23.5,18.4,,0.64,,,,,,,,0.291,1.16,1.12,1.1,1.08,1.03,,,,,62.1,-15,0,0.216,,,0.645,,0.777,,,36.1,7.9,,United States,16.9,-6.86,-30.5,17.6,,10,IQ798887,,0.31,,15,5.1,1.83,,,,,,,0.019,34.2,,0,33.3,,90,36.8,,,,,0.906,0.138,25.86,1,,,,,,,,,,,-11.2,-8.19,,,,,,,,,-11.5,-30.5,,,17.4,"Discovery, Development and Commercialization of Novel Anti-Infectives: 17.4 (100.0%)"
Columbia Laboratories Inc. (NasdaqCM:CBRX),NasdaqCM:CBRX,0.17876923076923076,0.1365476923076923,0.226,0.11826961773394942,0.09680676328502415,0.0616,NA,0.08137039485474988,0.05379616492531192,51.367130177514795,29.0426,4.0078,4.437799999999999,3.667130177514793,19.02654867256637,14.070796460176991,16.09361744598034,1.5805270823850706,11.574908778564785,1.7686822177599386,8.841158378229741,0.9126000000000001,7.935598667930604,1.073643410852713,4.38,1,0.988,3.39,64.5,0.1371301775147929,Pharmaceuticals (Primary),Public Company,Common Stock,64.5,24.43,0,0,0.029,0.019,0.004,0.895,10.8,0.037,26.2,,,0.19,,,,6.16,,,,0.203,-45.1,3.96,17.7,7.6,-49.4,-51.7,,3.03,0.514,Pharmaceuticals,"Columbia Laboratories, Inc., together with its subsidiaries, develops, manufactures, licenses, and sells pharmaceutical products.",Healthcare,1986,51.9,32.5,5.81,3.82,3.39,16.8,13,52.2,3.53,41.4,2.05,,10.3,,0.663,0.312,,,,-0.086,,3.82,-0.118,,,4.38,0.988,0.028,0.306,0.306,0.249,0.273,0.273,22.6,5.29,3.2,,17,4.01,10.5,2.87,,,3.29,,0.55,-33.5,12.2,,,,,0.036,0.108,-1.55,-0.028,,-8.51,0.033,-0.245,,,,,0.091,-0.619,1.71,2.85,85,40.9,5.99,0.1,United States,32.5,5.81,3.39,33.4,,28.57,IQ262431,7.78,0.28,,8.4,5.09,14.8,4,,20.7,11.2,0.55,46.9,0.277,97,,,100,0.249,85,26.4,32.2,2.81,2.35,0.892,0.1,0.446,8.28,1,32.5,"United States: 10.4 (32.0%);
Other Countries: 4.2 (13.0%);
Switzerland: 17.9 (55.0%)",-22,-7.23,-11.2,-8.11,-7.31,-13.2,-13.5,3.4,3.7,7.9,-26.1,-10.1,-12.5,-14.3,-14.1,-21.9,-21.8,20.5,9.92,6.7,,,32.5,"Product: 23.7 (73.0%);
Service: 8.8 (27.0%)"
Nemus Bioscience Inc. (OTCBB:NMUS),OTCBB:NMUS,NA,NA,0,NA,-1.1146907216494846,NA,NA,0.3878918838139855,0.007997006034169675,60.46174989496166,-0.059,-0.865,-0.865,0.49174989496166094,NA,NA,NA,NA,NA,NA,NA,0.195,NA,0.5737704918032787,NA,1,NA,NA,NA,0.49174989496166094,Pharmaceuticals (Primary),Public Company,Common Stock,61,1.87,,,,,,,16.3,0.002,,,,,,,,,,,,,,,,,,,,71.58,0,Pharmaceuticals,Nemus Bioscience Inc. operates in the healthcare industry focusing on pharmaceutical business.,Healthcare,2012,60.8,0,,-1.06,-1.06,1.03,0.012,1.13,0,0.776,0.012,,0.866,,0.195,,,,,,,-1.06,,,,-1.06,0.001,,-0.124,-0.124,-0.078,-0.124,-0.124,,,,,0.012,0,,,,,,,,,,,,0.108,0.172,0.172,0.091,,,,,2,,,,,,0.197,,,,3,0.776,3.75,,United States,,,-0.12,,,83.33,IQ266974060,,,,11,1.55,,,,,,,,0.14,19,,,,,3,1.11,,,,,,,,,,,,,,,,,,,-0.151,-0.12,,,,,,,,,-0.151,-0.12,,,,
"Emisphere Technologies, Inc. (OTCPK:EMIS)",OTCPK:EMIS,NA,NA,0,NA,NA,NA,NA,NA,0.47856423527835956,81.5430666161899,-72.7032,-28.662,-8.411999999999999,40.93306661618991,NA,NA,NA,NA,NA,NA,NA,3.1868000000000003,NA,0.18497757847533633,NA,1,NA,NA,NA,0.43306661618990927,Pharmaceuticals (Primary),Public Company,Common Stock,44.6,6.68,0.001,0.024,0.001,-0.31,1.65,0.406,60.7,0.061,,,,,,,,,,,,,,,,,,,5.54,6.64,0,Pharmaceuticals,"Emisphere Technologies, Inc., a biopharmaceutical company, focuses on the delivery of therapeutic molecules and pharmaceutical compounds using its Eligen technology.",Healthcare,1986,81.1,0,-8.33,-8.35,-28.6,3.99,0.029,5.09,40.5,-112.4,0.019,,7.33,,1.1,1.12,0.964,0.836,1.39,1.5,0.014,-8.35,-6.09,0.081,,-30.3,-1.66,,-0.471,-0.471,-0.312,-0.476,-0.476,,,0.694,0.067,0.628,0.599,,0.582,,8.41,40.5,,,,,,,0.074,0.148,0.136,0.117,-3.3,,,,,,5,0,,,0.189,-0.135,0,19.2,,-112.4,0.735,,United States,,-7.59,-20.9,,,14.29,IQ261438,,0.44,,0.848,0.2,,31.3,,6.14,,,-84.1,0.033,58.8,,100,,0.61,11,5.03,6.47,0.351,0.472,4.58,0.1,4.36,0.939,3,,,-32.2,-32.9,-27,-32.3,-21.8,-14.2,-10.7,-7.54,-6.83,-7.59,-37.5,-18.1,-41.8,-16.9,-24.4,-16.8,-56.9,15.1,-1.93,-20.9,,,,
"Citius Pharmaceuticals, Inc. (OTCPK:CTXR)",OTCPK:CTXR,NA,NA,0,NA,NA,NA,NA,NA,0,42.683,-1.0535999999999999,-1.6502,-1.6301999999999999,0,NA,NA,NA,NA,NA,NA,NA,0.5874,NA,0.011494252873563218,NA,1,NA,NA,NA,0,Pharmaceuticals (Primary),Public Company,Common Stock,43.5,,,,,,,,31.1,0.004,,,,,,,,,,,,,,,,,,,8.57,56.69,0.643,Pharmaceuticals,"Citius Pharmaceuticals, Inc., a specialty pharmaceutical company, develops and commercializes therapeutic products.",Healthcare,2007,42.7,0,,-1.25,-1.27,0.817,,0.823,0,-0.824,,,1.21,,0.04,0.001,0.437,0.465,0.492,0.706,,-1.25,-0.096,0.003,,-1.27,,,-0.057,-0.057,-0.036,-0.057,-0.057,,,,,,,,0.199,,1.39,,,,,,,,,,,,,,,,2.24,,-0.6,,,,0.022,,,,,-0.824,1.4,,United States,,,-0.984,,,100,IQ272471835,,0.16,,2,0.8,,2.64,,0.054,,,-2.9,0.002,34.7,0,100,,,1,0.817,0.103,0.172,0.202,,,3.3,0.45,,,,,,,,,,,,-1.02,-1.18,,,,,,,,,-1.05,-1.29,,,,
"Evoke Pharma, Inc. (NasdaqCM:EVOK)",NasdaqCM:EVOK,NA,NA,0,-0.3313364367493491,-0.7450707290533187,NA,NA,0.32769657151700166,0.09375213823137575,33.57942307692308,20.6654,-6.847199999999999,-6.847199999999999,4.4794230769230765,NA,NA,NA,NA,NA,1.6249103853263462,NA,21.285400000000003,NA,0.3983833718244804,NA,1,NA,NA,NA,0.08942307692307692,Pharmaceuticals (Primary),Public Company,Common Stock,43.3,7.37,0.001,0.003,,0.165,-0.377,,6.14,0.016,,40,,-1.93,,,,,,,,,,,,,,,,31.54,4.62,Pharmaceuticals,"Evoke Pharma, Inc., a specialty pharmaceutical company, primarily focuses on developing drugs for the treatment of gastroenterological disorders and diseases.",Healthcare,2007,33.5,0,,-13.2,-13.2,14.2,,15.3,4.39,9.19,,,3.16,,9.99,8.45,5.44,2.7,0.957,0.639,,-13.2,-0.108,0.01,,-13.2,,,-2.2,-2.2,-1.37,-2.2,-2.2,,,,0.161,,,,0.99,,0.012,4.24,,,,,,,,,,0.093,-0.02,,,,0.043,-3,4.5,,,,0.867,,,,7,9.19,7.05,0.081,United States,,,-13.2,0,,28.57,IQ35230943,,0.41,,10.28,4.72,,2.95,,24.2,,,21.2,0.069,31.4,,,,0.169,7,15.2,24.4,0.285,0.557,,0.081,0.684,7.67,3,,,,,,,,,,-2.42,-2,-2.6,,,,,,,,-2.4,-2.02,-2.84,,,,
"HedgePath Pharmaceuticals, Inc. (OTCPK:HPPI)",OTCPK:HPPI,NA,NA,0,-0.5435499515033946,-45.83870967741935,NA,NA,0,0,41.934999999999995,5.155000000000001,-2.8419999999999996,-2.8019999999999996,0,NA,NA,NA,NA,NA,8.134820562560618,NA,5.458000000000001,NA,0.011820330969267141,NA,1,NA,NA,NA,0,Pharmaceuticals (Primary),Public Company,Common Stock,42.3,,0.001,0,0.003,-0.602,0.171,-0.98,211.4,0.01,,,,,,,,,,,,,,,,,,,91.07,0.528,,Pharmaceuticals,"HedgePath Pharmaceuticals, Inc., a clinical stage biopharmaceutical company, discovers, develops, and commercializes therapeutics for patients with cancer in the United States.",Healthcare,1992,41.9,0,,-3.94,-3.98,0.365,,0.463,0,0.062,,,1.51,,2.43,2.14,1.11,1.09,1.07,1.05,,-3.94,-0.037,,,-3.98,,,-0.041,-0.041,-0.026,-0.041,-0.041,,,,,,,,0.325,,0.076,,,,,,,,,,,,0.028,,,,1.5,-0.105,0.274,,,,0.061,,,,4,0.062,0.2,,United States,,,-3.98,,,20,IQ369680,,0.48,,0.3,0.05,,0.435,,0,,0,-0.766,0.002,8.41,,,,,4,0.463,0.01,0.287,0.002,0.053,,,,,,,0.262,0.253,-0.959,-2.56,-3.43,-1.79,-1.03,-0.806,-0.561,-1.88,-0.368,0.079,-1.15,-2.76,-9.86,-2.36,-1,-0.228,0.186,-1.84,,,,
"Cannabis Science, Inc. (OTCPK:CBIS)",OTCPK:CBIS,-577.2727272727273,-583.4545454545455,0,NA,NA,NA,NA,NA,0.046000453206435525,43.686,-1.5620000000000003,-10.088,-6.418,2.03,NA,NA,NA,3971.4545454545455,NA,NA,NA,0.012,NA,1.2589073634204275,NA,1,NA,NA,NA,0,Pharmaceuticals (Primary),Public Company,Common Stock,42.1,4.93,0.101,0.003,0.013,2.6,0.623,2.32,934.9,5.14,,,,,,,,,,,,,,,,-47.3,,,,15.54,2.43,Pharmaceuticals,"Cannabis Science, Inc. develops, produces, and commercializes phytocannabinoid-based pharmaceutical products.",Healthcare,,43.5,0.011,-6.35,-6.43,-10.1,0.444,0,1,2.03,-3.16,,,6.34,,0.012,,,,,,0.077,-6.43,0,0,,-10.1,,,-0.013,-0.013,-0.005,-0.013,-0.013,,0.009,,,0.009,0.009,0.066,0.134,2.03,,,,0.001,,-84.9,,,,,,,-0.292,,,,1,-0.266,0.164,-0.058,,,0.418,,-0.034,,,-3.16,0.045,,United States,0.083,-3.25,-5.93,,,26.32,IQ49786146,,0.16,,0.177,0.033,0.002,1.78,,0,0.066,0.001,-2.97,0.212,84.5,,91.7,8.34,0.024,1,0.782,0.289,0.165,1.61,,,1.7,0.41,1,0.011,United States: .0 (100.0%),,,,,-0.226,-1.94,-3.47,-3.12,-5.4,-3.37,,,,,3.56,-4.53,-8.15,-8.34,-16,-5.93,,,0.011,Creation of Cannabis-Based Medicines: .0 (100.0%)
"NovaBay Pharmaceuticals, Inc. (AMEX:NBY)",AMEX:NBY,-15.514018691588786,-15.962616822429904,0,-0.5286289074589909,-2.667838312829525,NA,NA,0.4009917093512383,0.085196066146891,36.82903380108043,32.31,-15.18,-17.08,3.809033801080434,NA,NA,NA,34.41965775801909,NA,1.1398648654001988,NA,34.5,NA,1.4119804400977995,NA,1,NA,NA,NA,3.809033801080434,Pharmaceuticals (Primary),Public Company,Common Stock,40.9,4.87,0.001,0.01,0.031,0.172,0.64,0.599,61.1,0.222,,,,-0.23,,,,,,,,-36.5,,,,-56.3,,,15.7,11.06,5.63,Pharmaceuticals,"NovaBay Pharmaceuticals, Inc., a clinical-stage biotechnology company, focuses on developing product candidates for the therapeutic needs of anti-infective market.",Healthcare,2000,35.5,1.07,-16.6,-16.8,-14.9,7.88,0.478,11,0,5.69,0.168,,6.53,,11.1,11.3,12.1,12.5,10.5,10.5,,-16.8,,,,-14.9,0.001,,-0.316,-0.316,-0.19,-0.317,-0.317,,0.364,0.405,,,,,0.918,,,,,,,-73.7,1.3,0.682,0.662,0.643,0.624,0.606,1.33,,,,14,,,2.62,,,-0.66,-0.343,0.071,,,5.69,0.67,,United States,3.48,-15.2,-16,4,-13.5,5.56,IQ32625201,,0.44,,1.38,0.42,-10.3,0,,6.93,,,5.42,0.231,73.2,,,,2.76,32,10.4,11.5,1.01,1.84,0.207,0.966,7.16,1.66,3,,,-2.83,-3.57,-5.53,-5.88,-8.51,2.74,-4.52,-4.32,-8.31,-15.5,-2.8,-3.46,-5.29,-5.4,-8.11,2.7,-4.31,-5.09,-7.03,-16,,,1.07,"Segment Adjustment: .1 (10.3%);
Dermatology: .3 (24.3%);
Wound Care: .4 (40.8%);
Other: .3 (24.6%)"
Aeolus Pharmaceuticals Inc. (OTCPK:AOLS),OTCPK:AOLS,0,0.2765368852459017,0,0.14406191619962644,2.4990740740740747,0.38799999999999996,NA,0.005313496280552604,0.0001413827230312456,40.35876923076923,18.734999999999996,2.6990000000000007,2.6990000000000007,0.0057692307692307696,NA,NA,15.116709892552793,4.135119798234552,14.95323054122609,2.1541910451438078,NA,18.101999999999997,NA,0.01838235294117647,NA,1,NA,NA,NA,0.0057692307692307696,Pharmaceuticals (Primary),Public Company,Common Stock,40.8,4.48,0.003,0.002,0.022,0.333,0.25,0.902,135.9,0.049,,,,,,,,38.8,,,,,,,,11.5,,,0.736,0.291,0.291,Pharmaceuticals,"Aeolus Pharmaceuticals, Inc., a biopharmaceutical company, develops of a platform of novel compounds in biodefense, oncology, and pulmonary disorders.",Healthcare,1994,40.3,9.76,,-0.083,-0.083,0.447,,2.78,0,1.08,,,2.61,,7.23,6.97,5.56,3.45,2.9,3.36,,-0.083,,,,-0.083,,,-0.001,-0.001,0,-0.001,-0.001,,1.81,,0.424,,,,1.26,,,,,0.005,,188.9,,,,,,0.006,0.887,,,,0.325,,,,,,-0.134,,-0.701,,,1.07,0.3,,United States,9.63,-0.074,-0.08,,,14.29,IQ346168,,0.20,,0.549,0.188,2.53,0,,0.534,,0.005,0.273,0.003,24.9,,,,0.001,4,2.75,2.73,1.4,,1.09,0.042,11.6,0.43,1,9.76,United States: 9.8 (100.0%),-11.1,-6.54,-4.7,-3.07,-2.69,-2.19,-3.79,-3.87,-2.14,-2.91,-16.8,-6.47,-5.15,-2.72,-2.79,-17.1,-18.2,10.9,2.75,-7.93,,,9.76,"Broad-Spectrum, Catalytic Antioxidant Compounds: 9.8 (100.0%)"
Alexza Pharmaceuticals Inc. (NasdaqCM:ALXA),NasdaqCM:ALXA,-6.133093525179857,-7.410071942446044,0,-1.0172839506172844,NA,0.086,NA,NA,0.6538304594058922,97.46155864859423,40.499999999999986,-40.400000000000006,-41.2,73.66155864859424,NA,NA,NA,17.529057310898246,NA,2.4064582382368953,NA,43.599999999999994,NA,0.19230769230769232,NA,1,NA,NA,NA,9.861558648594237,Pharmaceuticals (Primary),Public Company,Common Stock,39,27.08,0.002,0.026,0.035,0.23,0.741,1.01,19.4,0.118,,,,-1.72,,,,8.6,,,,-10.2,,,,-0.587,,,11.55,2.12,1.28,Pharmaceuticals,"Alexza Pharmaceuticals, Inc., a pharmaceutical company, focuses on the research, development, and commercialization of proprietary products for the acute treatment of central nervous system conditions worldwide.",Healthcare,2000,68,5.56,-34.1,-37.5,-36.7,15.2,14,61.6,63.8,-51.7,2.36,,13.3,,13.7,13.2,15.2,16,19.1,23.5,,-37.5,-7.44,0.184,,-36.7,,,-2.07,-2.07,-1.57,-2.07,-2.07,,0.173,3.73,,46,32,,1.8,,1.7,63.8,,,,-88.4,,,0.853,3.39,3.29,3.2,4.58,,,,5.88,-0.781,50.8,-11.2,,,-1.99,-0.282,-0.044,14,81,-51.7,2.01,1.95,United States,5.56,-34.1,-36.7,16.8,-16.4,14.29,IQ25116017,99.9,0.34,,5.27,1.25,-10.4,11.5,,17.3,,,-24,0.03,77.4,,109.8,,14.2,81,41.8,30.9,3.79,4.91,5.42,1.95,1.98,7.1,1,5.56,United States: 5.6 (100.0%),-16.9,-33.7,-45.4,-60.5,-78.7,-45.7,-4.65,-34.4,-28.2,1.77,-16.6,-32.4,-41.8,-45.1,-58.5,-103.6,-1.48,-40.5,-28,-39.6,,,5.56,"Research, Development, and Commercialization of Novel Proprietary Products: 5.6 (100.0%)"
"Acura Pharmaceuticals, Inc. (NasdaqCM:ACUR)",NasdaqCM:ACUR,-15.845539280958722,-16.50599201065246,0,-0.4464452928041489,-2.6526732673267324,-0.0109,NA,0.6588357470249007,0.20994146303726935,45.67825421028675,27.766,-13.395999999999997,-12.395999999999997,9.752254210286756,NA,NA,NA,60.823241291993014,NA,1.6451146801947258,NA,13.770000000000001,NA,0.32016348773841957,NA,1,NA,NA,NA,0.03225421028675467,Pharmaceuticals (Primary),Public Company,Common Stock,36.7,3.97,0.026,0.007,0.134,0.958,0.5,1.84,48.9,0.123,,,,,,,,-1.09,,,,-27.8,,,,-66.8,,,,1.99,0.128,Pharmaceuticals,"Acura Pharmaceuticals, Inc., a specialty pharmaceutical company, researches, develops, and commercializes products to address medication abuse and misuse utilizing its proprietary Aversion and Impede technologies.",Healthcare,1935,34.3,0.751,-11.9,-12.2,-13.2,0.774,0.957,16.2,9.72,5.05,0.135,,7.94,,4.58,4.48,4.81,4.34,4.92,5.33,,-12.2,-1.21,0.198,,-13.2,,,-0.27,-0.27,-0.169,-0.27,-0.27,,0.076,0.304,0.218,2.75,1.79,,0.217,,0.026,7.96,,,,510.6,,,,0.004,0.004,0.026,-0.372,,,,0.009,,,0.133,,,-0.057,-0.254,0.118,12.6,15,5.05,0.75,,United States,0.751,-11.9,-13.2,9.7,,20,IQ29262,287.9,0.13,,1.55,0.41,0.323,9.6,,12.3,,,17.9,0.047,47.6,,,,0.033,15,13.2,27.5,0.274,0.541,0.292,,4.56,4.14,1,0.751,United States: .8 (100.0%),-9.97,-11.6,-10.8,-4.91,21,-13.5,-12.7,10.5,-9.74,-14.1,-70,-12.1,-5.97,-4.31,14.5,-15.8,-12.7,10.4,-9.67,-13.9,,,0.751,"Research, Development and Manufacture of Innovative Abuse Deterrent, Orally Administered Pharmaceutical Products: .8 (100.0%)"
"Earth Science Tech, Inc. (OTCPK:ETST)",OTCPK:ETST,0,-965.9523809523808,0,-37.08409506398537,-30.41229385307346,NA,NA,0.0825309491059147,0.0018714909544603866,31.865000000000002,0.547,-20.285,-20.285,0.06,NA,NA,NA,1517.3809523809523,NA,58.25411334552102,NA,0.015,NA,0.1015625,NA,1,NA,NA,NA,0,Pharmaceuticals (Primary),Public Company,Common Stock,32,,0.094,0.094,0.242,-4.22,-4.22,-6.99,37.7,0.006,,,,,,,,,,,,,,,,,,,84.17,0.266,0.266,Pharmaceuticals,"Earth Science Tech, Inc., a biotechnology company, provides various science-based solutions for health, wellness, nutrition, supplement, cosmetic, and alternative medicine industries worldwide.",Healthcare,,31.8,0.021,,-20.3,-20.3,0.195,0.061,0.743,0.06,0.667,0.062,,20.3,,0.015,,,,,,,-20.3,-0.003,0,,-20.3,,,-0.657,-0.657,-0.41,-0.657,-0.657,,0.005,0.214,,0.061,,,0.017,0.06,,,,0.005,,73.6,,,,,,,0.382,,,,0.676,-0.167,0.046,-0.025,,,-0.011,-0.022,-0.004,23.1,,0.661,0.85,,United States,0.007,,-0.04,,,20,IQ159069373,,0.18,,5,0.4,0.01,0.013,,,,,-0.013,0.013,,,,100,,1,0.656,0.001,0.001,,,,,,1,0.021,Russia: .0 (100.0%),,,,,,,,,-0.06,-0.027,,,,,,,,,-0.06,-0.027,,,0.021,Consulting Services: .0 (100.0%)
Biodel Inc. (NasdaqCM:BIOD),NasdaqCM:BIOD,NA,NA,0,-0.4744630071599045,-0.887830687830688,NA,NA,0.12020634356478603,0.08150636533853559,11.98230992773901,41.900000000000006,-16.78,-19.880000000000003,2.5823099277390087,NA,NA,NA,NA,NA,0.28597398395558493,NA,42.7,NA,0.9536082474226804,NA,1,NA,NA,NA,2.5823099277390087,Pharmaceuticals (Primary),Public Company,Common Stock,29.1,17.23,0.045,0.014,0.126,0.736,0.662,1.88,24.6,0.186,,,,-0.87,,,,,,,,,,,,,,,,0.572,0.291,Pharmaceuticals,"Biodel Inc., a specialty biopharmaceutical company, focuses on the development and commercialization of treatments for diabetes in the United States.",Healthcare,2003,9.34,0,-18.9,-19.5,-16.4,19.7,0.38,21,0,18.9,0.043,,6.04,,13.9,14.2,14.8,14.7,13.4,14.3,,-19.5,,0.042,,-16.4,0.023,,-0.744,-0.744,-0.465,-0.744,-0.744,,,,,,,,0.435,,,,,0.019,,,,0.48,0.564,0.558,0.598,0.683,1.41,,,,4.15,,,,,,-1.35,,,,,18.9,1.18,,United States,,-18.7,-14.1,0,,6.25,IQ28511833,,0.41,,2.94,1.14,,0,,35.2,,0.019,30.4,0.111,87.5,,,,2.97,30,20.6,36.1,1.79,1.24,0.003,0.627,2.64,13.15,3,,,,,-10.2,-30.9,-47.2,-44.2,-33.9,-18.3,-20.8,-19.7,,,-10.6,-29.9,-42.4,-44.4,-32.5,-9.79,-19.9,-18.1,,,,
SteadyMed Ltd. (NasdaqGM:STDY),NasdaqGM:STDY,NA,NA,0,-0.3260070979391072,-2.522509225092251,NA,NA,0.13586833213757918,0.029434465571226833,22.782192307692313,32.122,-13.672,-10.472000000000001,0.8521923076923077,NA,NA,NA,NA,NA,0.7092395338924199,NA,32.09,NA,0.5960854092526691,NA,1,NA,NA,NA,0.07019230769230768,Pharmaceuticals (Primary),Public Company,Common Stock,28.1,4.18,,,,,,,12.7,0.299,,,,,,,,,,,,,,,,,,,,17.41,0,Pharmaceuticals,"SteadyMed Ltd., together with its subsidiary, SteadyMed Therapeutics, Inc., operates as a specialty pharmaceutical company that focuses on the development and commercialization of therapeutic product candidates in orphan and other specialty markets.",Healthcare,2005,22.8,0,-15.6,-15.8,-19,6.17,1.37,10.3,0.782,5.42,0.948,,2.92,,12.9,11.4,9.37,7.9,6.44,2.75,,-15.8,-0.076,,,-18.8,0.245,,-2.82,-2.82,-1.74,-2.82,-2.82,,,,1.03,,,,1.99,,,0.219,,,,,,,,,,0.073,-3.43,,,,0.001,-0.563,,0.703,,,1.19,,0.291,3.29,22,5.42,2.21,,United States,,-15.6,-19,,,20,IQ27618100,,0.34,,2.24,0,,1.33,,2.07,,19.6,-17.5,0.067,46.3,,,,0.288,22,7.34,4.24,0.801,0.547,,,0.92,3.54,,,,,,,,,,,,-4.14,-8.52,,,,,,,,,-4.08,-7.86,,,,
"OXIS International, Inc. (OTCPK:OXIS)",OTCPK:OXIS,-14.26086956521739,-14.289855072463768,0,NA,NA,-0.312,NA,NA,0.10340089316386121,28.445999999999998,-8.554,-5.21,-0.986,3.01,NA,NA,NA,412.2608695652173,NA,NA,NA,0,NA,0.7375478927203065,NA,1,NA,NA,NA,0,Pharmaceuticals (Primary),Public Company,Common Stock,26.1,,0.033,0.022,0,-6.53,-7.06,0.217,591.7,1.1,,,,,,,,-31.2,,,,-18,,,,26.6,,,0.608,1.52,0.845,Pharmaceuticals,"Oxis International, Inc. is engaged in the research, development, and sale of products that counteract the harmful effects of ‘oxidative stress’ and inflammation in the United States.",Healthcare,1965,28.3,0.069,-0.984,-0.986,-5.21,0.664,,0.71,3.01,-10.9,,,1.01,,,,,,,,,-0.986,-3.82,,,-5.22,,,-0.009,-0.009,-0.006,-0.009,-0.009,,,0.026,,,,,0.82,0.95,4.94,0.306,-0.15,0.003,,-87.4,,,,,,,-4.86,,,,,0.026,1.73,,,,0.366,0.017,-0.04,447.3,,-10.8,0.044,,United States,0.368,-0.791,-0.501,,,66.67,IQ265434,,0.30,,0.06,0.003,0.025,2.27,-0.141,,,0.003,-5.83,0.077,88.7,,118.1,,,,0.69,0.04,0.935,2.81,0.013,,29.3,0.06,1,0.069,North America: .1 (100.0%),-0.973,-1.47,-2.67,-1.28,-1.21,-1.16,-2.5,-3.93,-3.51,-0.793,-2.7,-3.11,-4.94,0.471,-5.01,-2.25,-3,-3.7,-5.17,-0.501,,,0.069,"Research, Dev. & Sale of Pdts. That Counteract The Harmful Effects of “Oxidative Stress” & Inflammation: .1 (100.0%)"
InSite Vision Incorporated (OTCPK:INSV),OTCPK:INSV,-0.838002436053593,-1.1049939098660169,0,-0.36209786860381576,NA,0.312,NA,NA,0.26384012051862143,33.115054595524946,25.054,24.948,-9.072,9.17505459552494,0.9552238805970149,0.8932835820895523,1.0261343594676928,4.033502386787447,NA,1.3217472098477268,NA,29.014,NA,NA,26.8,1,0,26.8,25.6,3.975054595524941,Pharmaceuticals (Primary),Public Company,Common Stock,25.6,4.82,0.007,0,0.011,-0.931,-0.162,0.489,137,0.12,,,,-0.08,,,,31.2,,,,-3.47,,,,-19.8,362.9,,,9.14,0.146,Pharmaceuticals,"InSite Vision Incorporated, an ophthalmic product development company, engages in developing ophthalmic pharmaceutical products to address unmet eye care needs in the United States.",Healthcare,1986,29.2,8.21,-6.88,-7.22,26.8,1.66,1.6,4.91,5.2,-7.5,0.277,,5.72,,9.13,9.19,9.82,10.8,11.6,13.5,,-7.22,-3.52,,,26.8,,,0.203,0.203,-0.044,0.2,0.2,,0.349,,1.27,3.12,1.52,,0.611,,1.38,,,,,-46.4,0.826,0.815,0.788,0.762,0.736,0.696,-1,,,,,-6,4.72,5,,,0.169,,0.677,,32,-7.5,0.187,0.314,United States,8.21,-6.88,26.8,1.27,,18.18,IQ135273,-14,0.25,,0.36,0.1,7.64,41.3,,3.25,,,-35.2,0,67.6,,,,3.58,32,3.31,12.7,0.394,4.88,1.84,0.314,20.7,0.37,1,,,-10.1,-15.2,-15.1,5.64,-11.4,-2.98,0.655,1.02,-0.681,-2.39,-5.51,-15.2,-16.6,5.54,-21.3,-14.2,-9.59,-6.94,-8.28,5.78,,,8.21,Developing Drugs and Drug Delivery Systems: 8.2 (100.0%)
Cannabics Pharmaceuticals Inc. (OTCPK:CNBX),OTCPK:CNBX,NA,NA,0,-0.07418465778594396,-0.08687782805429864,NA,NA,0.012927654813256405,0.0024997355800856973,23.091888598088303,4.354,-0.384,-0.323,0.05788859808830222,NA,NA,NA,NA,NA,5.30360326092979,NA,0,NA,NA,NA,1,NA,NA,NA,0.05788859808830222,Pharmaceuticals (Primary),Public Company,Common Stock,23.1,,0.021,0.013,0,-3.15,-2.04,-0.226,100.6,0.011,,,,,,,,,,,,,,,,,,,87.73,,,Pharmaceuticals,"Cannabics Pharmaceuticals Inc. engages in the research, development, and marketing of cannabinoid-based treatments and therapies.",Healthcare,,23.1,0,,-0.323,-0.384,0.066,0.005,4.5,0,4.42,0.035,,0.322,,0,,,,,,0,-0.323,-0.001,,,-0.333,,,-0.005,-0.004,-0.003,-0.005,-0.004,,,,,,,,0.023,,0.055,,,,,,,,,0.008,0.031,0.023,-0.01,,,,0.181,,,,,,-0.001,,,,,4.42,0.23,,United States,,-0.181,-0.27,,,33.33,IQ130738072,,0.28,,1.4,0.03,,0,,0.031,,,-0.019,0,12.3,,,,,,0.084,0.031,0.024,,0.026,,,,1,,,,,,,,,,-0.125,-0.025,-0.057,,,,,,,,-0.109,-0.007,-0.055,,,,
"ProPhase Labs, Inc. (NasdaqGM:PRPH)",NasdaqGM:PRPH,-0.18009049773755656,-0.17503167420814478,0,-0.347765890497168,-0.6960934579439253,-0.0666,NA,0,0,18.07,11.123000000000001,-7.4482,-3.8682,0,NA,NA,NA,0.8176470588235294,NA,1.624561718960712,NA,3.3530000000000006,NA,NA,NA,1,NA,NA,NA,0,Pharmaceuticals (Primary),Public Company,Common Stock,21,12.73,0.04,0.01,0.057,0.793,0.412,1.16,15.9,0.041,,,,,,,,-6.66,,,,2.18,,,,8.14,,,,38.79,14.25,Pharmaceuticals,"ProPhase Labs, Inc. engages in the manufacture, marketing, and distribution of homeopathic and health products to the general public.",Healthcare,1989,18.1,22.1,-3.98,-4.25,-7.83,2.93,,16.1,0,10.7,,,17.1,,1.32,1.15,0.971,0.914,0.824,0.832,,-4.25,-0.01,0.004,,-7.83,,,-0.467,-0.467,-0.159,-0.467,-0.467,,5.84,3.29,1.4,,,,,,5.24,,,,,-11.8,,,,,,,0.274,,,,,,,,,,,,,,,10.7,1.32,,United States,22.1,-3.98,-7.83,,,33.33,IQ371755,,0.36,,2.23,1.21,14.2,0,,1.64,,,12.6,0,46.6,,,,,,13.5,11.3,1.01,1.7,1.92,,,,1,22.7,United States: 22.7 (100.0%),0.182,2.98,-1.16,-2.55,-6.73,-3.94,-3.59,-2.74,-2.12,0.416,0.453,3.22,-1.75,-2.46,-5.53,-3.84,-3.5,-2.71,-1.09,0.405,,,22.7,"Manufacture, Distribution, Marketing and Sale of OTC Cold Remedy Products: 22.7 (100.0%)"
"Cardax, Inc. (OTCBB:CDXI)",OTCBB:CDXI,NA,NA,0,-105.66876574307314,NA,NA,NA,NA,0,20.764,0.15879999999999983,-16.8802,-16.780199999999997,0,NA,NA,NA,NA,NA,130.75566750629736,NA,3.4048,NA,NA,NA,1,NA,NA,NA,0,Pharmaceuticals (Primary),Public Company,Common Stock,20.8,0.143,0.113,0.075,,2.08,2.05,,65,0.013,,,,,,,,,,,,,,,,,,,52.43,1.84,0,Pharmaceuticals,"Cardax, Inc., a development stage life sciences company, develops nutraceutical and pharmaceutical products that provide the anti-inflammatory benefits of steroids or non-steroidal anti-inflammatory drugs.",Healthcare,,20.7,0,-16.8,-16.9,-17,0.036,0.021,1.55,0,-3.21,0.002,,15.7,11.7,1.16,1.19,1.16,1.02,0.944,0.887,0.039,-16.9,-0.119,0.004,,-17,,,-0.282,-0.282,-0.176,-0.282,-0.282,,,0.959,,0.042,0.021,,0.642,,0.095,,,,,,,,,,,,0.871,,,,3.92,-0.55,2.08,-0.027,,,-0.04,0.028,,,9,-3.21,0.32,0.085,United States,,-16.8,-17,,,13.64,IQ29055679,,0.16,,1.45,0.151,,9.04,,0.222,,0.06,-13,0,45.7,,,,0.031,9,1.11,1.32,0.682,4.95,0.023,0.085,27.8,0.51,1,,,,,,,,,,-2.54,-1.8,-3.61,,,,,,,,-1.88,-2.54,-4.36,,,,
"Eyegate Pharmaceuticals, Inc. (OTCBB:EYEG)",OTCBB:EYEG,NA,NA,0,-1.7327435688511237,NA,NA,NA,NA,0.1248900615655233,22.429,1.7181999999999995,-2.7272,-2.9772,2.84,NA,NA,NA,NA,NA,13.053777208706789,NA,2.4292,NA,0.02512562814070352,NA,1,NA,NA,NA,0,Pharmaceuticals (Primary),Public Company,Common Stock,19.9,,,,,,,,6.33,0.005,,,,,,,,,,,,,,,,,,,,0.785,0.653,Pharmaceuticals,"Eyegate Pharmaceuticals, Inc., a clinical-stage specialty pharmaceutical company, focuses on developing and commercializing therapeutics and drug delivery systems for treating eye diseases.",Healthcare,,65.5,0,-2.47,-2.47,-2.22,0.311,0.002,1.61,2.84,-3.24,,,1.95,,0.551,0.588,0.663,1.01,3.03,,,-2.47,-0.441,0.001,,-1.99,,,-11.8,-11.8,-7.93,-11.8,-11.8,,,,,,,,0.276,2.84,0.526,,6.66,36.4,,,,,,,,,,,,,0.007,,1.48,,,,0.186,,,25.8,4,-46.3,3.15,,United States,,-3.07,-3.88,,,14.29,IQ27817978,,0.41,,6.25,2.74,,,,,,,,0.002,32.5,,100,,,,0.352,,,,,,0.763,0.91,,,,,,,,,,,,-5.82,-3.07,,,,,,,,,-6.03,-3.88,,,,
"ScripsAmerica, Inc. (OTCPK:SCRC)",OTCPK:SCRC,0,-0.029045977011494254,0,-0.158870866339746,-1.8307772020725388,NA,NA,0.5696979618304715,0.11799563426997572,20.45522160901229,3.1811999999999996,-3.5334,-0.5054,2.5552216090122895,NA,NA,NA,1.1755874487938098,NA,6.430033197853732,NA,0.0012000000000000001,NA,0.45811518324607325,NA,1,NA,NA,NA,0.10522160901228948,Pharmaceuticals (Primary),Public Company,Common Stock,19.1,4.17,0.032,0,0.062,1.43,0.066,-4.98,136.6,0.361,,,,0.033,,,,,,,,,,,,40.9,,,,30.88,13.77,Pharmaceuticals,"ScripsAmerica, Inc. primarily develops, markets, and distributes branded over the counter (OTC) pharmaceutical products in the United States and China.",Healthcare,2008,21.3,17.4,,-0.502,-3.53,1.2,0.059,7.34,2.45,1.93,0.061,,16.4,3.11,,,,,0.006,0.011,,-0.502,-0.699,,,-3.67,,0.083,-0.032,-0.032,-0.023,-0.034,-0.034,,4.4,0.728,0.056,0.061,0.002,0.538,0.714,1.53,0.174,0.785,-0.375,1.29,,1964.1,,,,0.005,0.057,0.05,2.64,,,,2.01,-0.899,0.836,-0.15,,-0.175,2.42,-0.453,-3.54,13.7,,1.02,0.14,,United States,0.556,,-11.2,59,5.7,16.67,IQ134174188,,0.21,,0.22,0.082,15.6,2.43,,0.027,,1.21,-3.9,0.035,69.1,,58,14,,2,6.45,1.31,0.198,0.045,1.39,,5.02,0.16,1,17.4,United States: 17.4 (100.0%),,,,,,-0.026,0.316,-0.127,-1.55,-7.29,,,,,,0.016,0.127,-0.34,-1.86,-11.2,,,17.4,Sale of Generic Pharmaceutical Drugs: 17.4 (100.0%)
ULURU Inc. (OTCPK:ULUR),OTCPK:ULUR,-2.7916120576671033,-3.8259501965923985,0,-0.6234143424593175,-1.275084745762712,NA,NA,0.057191063360783854,0.00830232383566932,17.203158284023672,4.6826,-3.0092,-2.9192,0.14315828402366862,NA,NA,NA,22.546734317200094,NA,3.673847495840702,NA,2.3626,NA,0.014619883040935672,NA,1,NA,NA,NA,0.14315828402366862,Pharmaceuticals (Primary),Public Company,Common Stock,17.1,4.18,0.003,0.004,0.103,0.326,0.513,2.09,24.5,0.034,,,,-0.073,,,,,,,,1.99,,,,-15.3,,,20.44,20.43,6.54,Pharmaceuticals,"ULURU Inc., a specialty pharmaceutical company, is engaged in the research, development, and commercialization of wound care and mucoadhesive film products in the United States and internationally.",Healthcare,,17.1,0.763,-2.13,-2.85,-2.94,0.04,0.489,4.99,0,2.36,0.036,,1.64,,0.755,0.784,0.811,0.788,0.893,0.845,0.713,-2.85,-0.246,0.019,,-2.94,,0,-0.133,-0.133,-0.087,-0.133,-0.133,,0.706,0.319,,2.28,1.79,,1.46,,,,,,,87.5,,,,,0.029,0.121,0.166,,,,2.84,-0.777,,,,,-0.243,0.169,-0.49,,,2.36,0.7,,United States,0.371,-1.93,-3.08,2.7,,25,IQ24309308,195.5,0.20,,1.73,0.67,0.267,1.33,,0.053,,,1.88,0.001,59.1,,118.4,,0.048,7,1.17,1.38,1.7,0.377,0.059,0.116,1.02,2.12,1,0.763,"International: .7 (94.6%);
United States: .0 (5.4%)",,-2.52,-3.59,-4.94,-10.1,-8.54,-4.14,-4.01,-3.27,-2.65,,-3.07,-11.7,-4.15,-9.78,-9.23,-5.04,-4.07,-3.53,-3.08,,,0.763,"Research, Development and Commercialization of Pharmaceutical Products: .8 (100.0%)"
Praxsyn Corporation (OTCPK:PXYN),OTCPK:PXYN,0.36647173489278756,0.3645224171539961,0,6.659544159544159,-250.7042253521127,NA,NA,0.9791237871214348,0.17591125198098256,18.337,2.8080000000000003,-17.8,18.7,3.33,NA,NA,NA,0.35744639376218323,0.9805882352941176,6.530270655270654,0.9753723404255319,0,0.9753723404255319,0.46474358974358976,NA,1,NA,NA,NA,0,Pharmaceuticals (Primary),Public Company,Common Stock,15.6,9.09,0.096,0.003,0.016,2.56,1.45,4.74,421.2,1.2,,,,,,,,,,,,,,,,196.7,,889.4,,29.04,,Pharmaceuticals,"Praxsyn Corporation, a health care company, provides custom compounded non-narcotic, transdermal topical pain medications.",Healthcare,,18.3,51.3,18.8,18.7,-17.8,0.593,0.056,16.5,3.33,0.071,0.037,,30.7,,,,,,,,,18.7,-24.9,,,-17.9,-0.1,,-0.136,-0.136,-0.032,-0.141,-0.141,,11,0.105,0.026,0.102,0.046,,0.453,3.33,3.64,,,,888.5,1169.7,,,,,,,0.88,,,-0.506,,-1.14,0.221,,,0.485,0.336,-0.097,-51.3,959.3,,0.071,0.037,,United States,,-0.947,-5.44,,,25,IQ108957313,,0.10,,0.162,0.03,49.4,0.619,,0.008,,,-4.07,0.029,71,,102.6,,,2,11.7,0.01,1.91,,0.955,0.001,0.367,,,,,,,,,-0.119,-1.22,-3.8,-4.24,-1.69,-0.988,,,,,-0.118,-1.22,-4.06,-7.51,-1.22,-5.44,,,,
"Oculus Innovative Sciences, Inc. (NasdaqCM:OCLS)",NasdaqCM:OCLS,-0.5351562499999999,-0.6187499999999999,0,-0.6225436252161609,-0.005747126436781657,NA,NA,0.07971917966993332,0.05266797268259488,10.638272504464128,12.722000000000001,-0.04500000000000037,-7.92,0.6782725044641295,16.158940397350992,13.209549071618035,NA,0.83111503941126,NA,0.8362106983543568,NA,7.126,NA,3.4836065573770494,0.755,1,0,0.755,12.2,0.6722725044641295,Pharmaceuticals (Primary),Public Company,Common Stock,12.2,9.47,0.009,0.001,0.074,0.563,0.263,1.39,14.9,0.129,,,,-0.965,,,,,,,,14.1,,,,1.85,,,,0.21,0.14,Pharmaceuticals,"Oculus Innovative Sciences, Inc. designs, produces, and markets prescription and non-prescription products based on its Microcyn platform technology for the dermatology, surgical, advanced wound and tissue care, and animal healthcare markets in the United States, Mexico, Europe, and internationally.",Healthcare,1999,9.99,12.8,-6.85,-7.12,0.755,2.24,0.807,11.8,0.006,7.83,0.115,,11.9,,1.88,2.29,2.82,2.89,2.83,2.57,,-7.12,-0.006,0.001,,0.755,,,0.092,0.092,-0.435,0.09,0.09,,1.42,1.35,,,,,0.942,,0.177,,,,,-9.23,,,0.066,0.149,0.189,0.321,0.271,,,,3.79,-0.232,,0.058,,,0.238,-0.515,1.08,,,7.83,0.82,,United States,13.7,-5.77,3.74,13.5,-6.9,20,IQ8652169,-0.974,0.41,,4.38,0.76,6.68,0.049,,3.44,,,3.4,0.17,99.8,,91.8,,0.985,32,5.2,7.49,1.64,0.588,2.66,0.413,2.54,7.78,3,11.9,"United States (U.S.): 3.6 (30.3%);
Europe and Rest of the World: 2.6 (21.7%);
Mexico: 5.7 (48.0%)",,,-19.1,-22.4,-20.8,-7.37,-7.57,-6.39,-3.46,-5.33,,,-20.8,-22.2,-19.9,-9.01,-7.71,-7.26,-4.75,-6.17,,,12.8,Wound Care Products: 12.8 (100.0%)
"PD-Rx Pharmaceuticals, Inc. (OTCPK:PDRX)",OTCPK:PDRX,NA,NA,0,NA,NA,NA,NA,NA,0,11.4,0,0,0,0,NA,NA,NA,NA,NA,NA,NA,0,NA,0.021929824561403508,NA,0,NA,NA,NA,0,Pharmaceuticals (Primary),Public Company,Common Stock,11.4,,0.033,0.006,0.083,0.9,0.364,2.14,1.55,0.002,,,,,,,,,,,,,,,,,,,,,,Pharmaceuticals,"PD-Rx Pharmaceuticals, Inc. provides pharmaceutical products and services for the healthcare industry.",Healthcare,,,,,,,,,,,,,,,,,,,,,,,,,,,,,,,,,,,,,,,,,,,,,,,,,,,,,,,,,,,,,,,,,,,,,,,,7.35,,United States,,,,,,75,IQ1465048,,0.20,,8,4.65,,,,,,,,0.001,,,,,,,,,,,,,,,1,,,,,,,,,,,,,,,,,,,,,,,,,,
"Cortex Pharmaceuticals, Inc. (OTCPK:CORX)",OTCPK:CORX,NA,NA,0,NA,NA,NA,NA,NA,0.048482102401449935,11.002,-0.8915999999999997,-1.996,-3.676,0.535,NA,NA,NA,NA,NA,NA,NA,0.7564,NA,0.023809523809523808,NA,1,NA,NA,NA,0,Pharmaceuticals (Primary),Public Company,Common Stock,10.5,1.41,0,0.003,0.025,0.073,-0.64,0.934,210.4,0.08,,,,,,,,,,,,,,,,,,,7.8,26.6,7.13,Pharmaceuticals,"Cortex Pharmaceuticals, Inc. engages in the discovery and development of pharmaceuticals for the treatment of respiratory disorders.",Healthcare,1987,12,0,-3.69,-3.72,-2.04,0.033,0.013,0.166,0.535,-2.15,0.014,,3.39,,0.336,0.193,0.187,0.207,0.355,0.518,,-3.72,-0.052,,,-2.04,,10.1,-0.069,-0.069,-0.013,-0.069,-0.069,,,,0.02,0.014,0,,1.48,0.535,0.158,,,0.958,,,,,,,,,1.52,,,,,-0.15,0.11,,,,0.284,,,7.19,,-3.11,0.05,,United States,,-0.439,-1.2,,,50,IQ264691,,0.20,,0.09,0.024,-0.336,0.871,,0.01,,0.022,-4.13,0.001,44.4,,77.6,,,2,0.086,0.033,1.79,1.48,,,5.17,0.06,1,,,-6.93,-12.2,-16.7,-13.6,-15,-8.34,-7.82,-2.26,-2.73,-0.555,-6.23,-11.6,-16.1,-13,-14.6,-8.44,1.63,-2.26,-7.57,-1.2,,,,
"Petlife Pharmaceuticals, Inc. (OTCPK:PTLF)",OTCPK:PTLF,NA,NA,0,NA,NA,NA,NA,NA,0,9.67,0,0,0,0,NA,NA,NA,NA,NA,NA,NA,0,NA,0.025853154084798345,NA,0,NA,NA,NA,0,Pharmaceuticals (Primary),Public Company,Common Stock,9.67,,,,,,,,60.4,0.028,,,,,,,,,,,,,,,,,,,9.3,49.75,44.28,Pharmaceuticals,"Petlife Pharmaceuticals, Inc. manufactures veterinary drugs.",Healthcare,2012,,,,,,,,,,,,,,,,,,,,,,,,,,,,,,,,,,,,,,,,,,,,,,,,,,,,,,,,,,,,,,,,,,,,,,,0.16,,United States,,,,,,100,IQ262807892,,0.25,,1.57,0.025,,,,,,,,0.001,41,,,,,,,,,,,,,,1,,,,,,,,,,,,,,,,,,,,,,,,,,
"ForU Holdings, Inc. (OTCPK:FORU)",OTCPK:FORU,NA,NA,0,NA,NA,NA,NA,NA,0,7.21,0,0,0,0,NA,NA,NA,NA,NA,NA,NA,0,NA,3.016643550624133,NA,0,NA,NA,NA,0,Pharmaceuticals (Primary),Public Company,Common Stock,7.21,,0,0.007,0.08,-0.111,1.09,2.2,2.58,0.003,,,,,,,,,,,,,,,,,,,,,,Pharmaceuticals,"ForU Holdings, Inc., a wellness solutions company, through its subsidiaries, provides nutritional products and healthcare services.",Healthcare,,,,,,,,,,,,,,,,,,,,,,,,,,,,,,,,,,,,,,,,,,,,,,,,,,,,,,,,,,,,,,,,,,,,,,,,2.8,,United States,,,,,,0,IQ837158,,0.20,,2.89,0.248,,3.03,,0.584,13.2,0.037,11.5,0.087,,,,,0.03,,,1.01,0.25,0.283,1.02,,,,1,,,,-0.055,-0.627,-1.2,-1.32,-2.49,-1.92,,,,,-0.056,-0.637,-1.49,-1.48,-10.9,-16,,,,,,,
"Boston Therapeutics, Inc. (OTCPK:BTHE)",OTCPK:BTHE,-22.771535580524343,-19.398501872659175,0,-1.4038597061852875,-7.0920592193808885,NA,NA,0.42140950007406747,0.07223921904090072,6.9221552014682475,3.6894000000000005,-5.2694,-5.1794,0.5411552014682475,NA,NA,NA,25.925674911866093,NA,1.8762278965328365,NA,3.2174000000000005,NA,0.14388489208633093,NA,1,NA,NA,NA,0.24315520146824743,Pharmaceuticals (Primary),Public Company,Common Stock,6.95,,0.012,0.004,0.002,-1.59,1.16,-1.02,38.6,0.029,,,,-0.145,,,,,,,,,,,,328.4,,,23.26,45.06,19.6,Pharmaceuticals,"Boston Therapeutics, Inc. focuses on the development, manufacture, and commercialization of therapeutic drugs based on complex carbohydrate chemistry to address unmet medical needs in diabetes and inflammatory diseases.",Healthcare,2009,7.09,0.267,-6.08,-6.15,-6.24,0.569,0.017,1.7,0.298,0.743,0.013,,4.61,,1.54,1.18,0.783,0.542,0.234,0.108,,-6.15,-0.02,,,-6.24,,,-0.165,-0.165,-0.102,-0.165,-0.165,,0.094,0.178,,,,0.07,0.287,,0.024,0.298,,,,2.17,,0.017,0.067,0.064,0.062,0.06,-0.399,,,-1.32,,,,,,,0.172,0.012,0.123,7.13,,0.743,0.18,,United States,0.323,-4.51,-4.6,0.892,-6.17,23.53,IQ96050543,,0.23,,0.8,0.14,0.005,0.298,,3.86,0.07,,4.49,0.004,31.7,,100,,0.303,8,0.967,4.34,0.115,0.202,0.026,0.074,5.74,0.4,,0.267,United States: .3 (100.0%),,,,,,-0.411,-0.241,-0.812,-1.46,-4.58,,,,,,-0.413,-0.248,-0.827,-1.48,-4.6,,,0.267,"Development, Manufacture and Commercialization of Therapeutic Drugs: .3 (100.0%)"
"Innovus Pharmaceuticals, Inc. (OTCPK:INNV)",OTCPK:INNV,0,-4.852949245541838,0,-2.943261231281198,-229.8842105263158,NA,NA,0.9791795777010049,0.11690428227359118,7.636565543923532,1.202,-4.3678,-3.5378,0.893565543923532,NA,NA,NA,10.475398551335434,NA,6.353215926725069,NA,0.457,NA,0.3333333333333333,NA,1,NA,NA,NA,0.1605655439235321,Pharmaceuticals (Primary),Public Company,Common Stock,6.75,7.22,0.01,0,0.006,1.17,0.241,1.42,51.9,0.029,,,,-0.135,,,,,,,,,,,,,,,,19.92,12.23,Pharmaceuticals,"Innovus Pharmaceuticals, Inc., a pharmaceutical company, is engaged in the commercialization, licensing, and development of non-prescription pharmaceutical and consumer health products in the United States and internationally.",Healthcare,,7.48,0.729,,-3.59,-4.42,0.007,0.063,2.27,0.733,0.019,,,4,,0.155,0.203,0.148,0.093,0.068,0.002,,-3.59,-0.427,,,-4.42,,,-0.199,-0.199,-0.113,-0.199,-0.199,,0.428,0.23,,,,0.421,0.259,0.392,,0.013,,,,163755.1,,,,0.044,0.044,0.084,-0.163,,,0,,-0.344,1.34,0,,0.004,0.158,-0.05,-0.275,54.2,,0.019,0.13,,United States,0.007,-3.87,-3.96,3.2,-2.48,10,IQ138195760,,0.16,,0.54,0.111,0.57,0.559,,0.026,,,-0.64,0.009,80.1,,117,,0.008,2,0.728,0.122,0.063,0.284,0.075,,0.021,0.64,1,0.729,United States: .7 (100.0%),,,,,,-0.02,-0.054,-2.14,-0.219,-3.89,,,,,,-0.027,-0.07,-2.26,-0.237,-3.96,,,0.729,Pharmaceuticals: .7 (100.0%)
,,,,,,,,,,,,,,,,24,,,,,,,,,,,,,,,,,,,,,,,,,,,,,,,,,,,,,,,,,,,,,,,,,,,,,,,,,,,,,,,,,,,,,,,,,,,,,,,,,,,,,,,,,,,,,,,,,,,,,,,,,,,,,,,,,,,,,,,,,,,,,,,,,,,,,,,,,,,,,,,,,,,,,,,,,,,,,,,,,,,,,,,,,,,,,,,,,,,,,,,,,,,
,,,,,,,,,,,,,,,,28,,,,,,,,,,,,,,,,,,,,,,,,,,,,,,,,,,,,,,,,,,,,,,,,,,,,,,,,,,,,,,,,,,,,,,,,,,,,,,,,,,,,,,,,,,,,,,,,,,,,,,,,,,,,,,,,,,,,,,,,,,,,,,,,,,,,,,,,,,,,,,,,,,,,,,,,,,,,,,,,,,,,,,,,,,,,,,,,,,,,,,,,,,,
,,,,,,,,,,,,,,,,32,,,,,,,,,,,,,,,,,,,,,,,,,,,,,,,,,,,,,,,,,,,,,,,,,,,,,,,,,,,,,,,,,,,,,,,,,,,,,,,,,,,,,,,,,,,,,,,,,,,,,,,,,,,,,,,,,,,,,,,,,,,,,,,,,,,,,,,,,,,,,,,,,,,,,,,,,,,,,,,,,,,,,,,,,,,,,,,,,,,,,,,,,,,
,,,,,,,,,,,,,,,,26,,,,,,,,,,,,,,,,,,,,,,,,,,,,,,,,,,,,,,,,,,,,,,,,,,,,,,,,,,,,,,,,,,,,,,,,,,,,,,,,,,,,,,,,,,,,,,,,,,,,,,,,,,,,,,,,,,,,,,,,,,,,,,,,,,,,,,,,,,,,,,,,,,,,,,,,,,,,,,,,,,,,,,,,,,,,,,,,,,,,,,,,,,,
,,,,,,,,,,,,,,,,40,,,,,,,,,,,,,,,,,,,,,,,,,,,,,,,,,,,,,,,,,,,,,,,,,,,,,,,,,,,,,,,,,,,,,,,,,,,,,,,,,,,,,,,,,,,,,,,,,,,,,,,,,,,,,,,,,,,,,,,,,,,,,,,,,,,,,,,,,,,,,,,,,,,,,,,,,,,,,,,,,,,,,,,,,,,,,,,,,,,,,,,,,,,
,,,,,,,,,,,,,,,,50,,,,,,,,,,,,,,,,,,,,,,,,,,,,,,,,,,,,,,,,,,,,,,,,,,,,,,,,,,,,,,,,,,,,,,,,,,,,,,,,,,,,,,,,,,,,,,,,,,,,,,,,,,,,,,,,,,,,,,,,,,,,,,,,,,,,,,,,,,,,,,,,,,,,,,,,,,,,,,,,,,,,,,,,,,,,,,,,,,,,,,,,,,,
,,,,,,,,,,,,,,,,75,,,,,,,,,,,,,,,,,,,,,,,,,,,,,,,,,,,,,,,,,,,,,,,,,,,,,,,,,,,,,,,,,,,,,,,,,,,,,,,,,,,,,,,,,,,,,,,,,,,,,,,,,,,,,,,,,,,,,,,,,,,,,,,,,,,,,,,,,,,,,,,,,,,,,,,,,,,,,,,,,,,,,,,,,,,,,,,,,,,,,,,,,,,
,,,,,,,,,,,,,,,,100,,,,,,,,,,,,,,,,,,,,,,,,,,,,,,,,,,,,,,,,,,,,,,,,,,,,,,,,,,,,,,,,,,,,,,,,,,,,,,,,,,,,,,,,,,,,,,,,,,,,,,,,,,,,,,,,,,,,,,,,,,,,,,,,,,,,,,,,,,,,,,,,,,,,,,,,,,,,,,,,,,,,,,,,,,,,,,,,,,,,,,,,,,,
