Name,Beta,Correlation with S&P 500,R squared,Standard deviation,Tracking Error
American Beacon Balanced Y,0.67187457167799,0.9787224149755366,0.9578975655755464,0.1101089508568205,0.057256414009943024
American Beacon Balanced A,0.6735146825828807,0.9785078855537721,0.9574776820909139,0.11040181633744808,0.05708350052921137
American Beacon Balanced C,0.6751144856176131,0.9788108553430294,0.9580706905373527,0.11062969144300665,0.05680336307820665
American Beacon Balanced A Load Waived,0.6735146825828807,0.9785078855537721,0.9574776820909139,0.11040181633744808,0.05708350052921137
American Beacon Balanced Instl,0.6757272432108098,0.979037993052112,0.9585153918395073,0.11070398966705632,0.05667134526945945
American Beacon Balanced Inv,0.6750644953813042,0.9795231165523065,0.9594655358603432,0.11054071658208592,0.05665335383474957
American Beacon Balanced AMR,0.673784118730181,0.9791546877878237,0.9587439026168704,0.11037279495944986,0.05690622784342592
American AAdvantage Balanced Milg,,,0,0,0
American Beacon Balanced Adv,0.6752568870585622,0.9795242966530133,0.9594678477335805,0.11057252893316243,0.05662721605056723
Vanguard Tax-Managed Balanced Adm,0.4828054904975046,0.9637561274524447,0.9288258732021327,0.08035299869809938,0.08565391112243613
UBS Global Allocation Y,0.8540960504689356,0.953592320183208,0.909338313112394,0.14365838370897882,0.04916558924561442
UBS Global Balanced,,,0,0,0
UBS Global Allocation A,0.8535262917381249,0.9528335940156726,0.9078918578848235,0.14367729845636681,0.04951626684932269
UBS Global Allocation C,0.8494225365942196,0.9523890584755442,0.9070449187039337,0.1430532745883661,0.04984026973943191
UBS Global Allocation B,,,0,0,0
UBS Global Allocation A Load Waived,0.8535262917381249,0.9528335940156726,0.9078918578848235,0.14367729845636681,0.04951626684932269
MainStay Balanced A Load Waived,0.6336403218099862,0.9788316617249461,0.9581114219952193,0.10383737092662139,0.06246744891176448
MainStay Balanced R3,0.6338465850139751,0.9788532455333537,0.9581536762911802,0.10386884301342268,0.06243489380322895
MainStay Balanced Inv,0.6355703228032464,0.9790658910060093,0.9585700189313908,0.10412844885740973,0.06215695255763582
MainStay Balanced I,0.6340251835229744,0.9783708072335165,0.9572094364467628,0.10394927921009454,0.06249519170759268
MainStay Balanced S,,,0,0,0
MainStay Balanced C,0.632897513815398,0.9785316808801234,0.9575242504860797,0.10374737129966048,0.06262366801037693
MainStay Balanced A,0.6336403218099862,0.9788316617249461,0.9581114219952193,0.10383737092662139,0.06246744891176448
MainStay Balanced B,0.6335344739992013,0.9790023086895614,0.9584455204194912,0.10380181726162738,0.062452152023796816
MainStay Balanced R1,0.6342396305757785,0.9784728490801301,0.957409116386987,0.10397361573493079,0.062447367020445226
MainStay Balanced R2,0.6338109130934598,0.978632043996411,0.9577206775365934,0.10388644135404727,0.06247887963994294
Fidelity Advisor Global Balanced A,0.7565988626415332,0.9539788755494903,0.91007569499467,0.12721461436744227,0.05456621153729965
Fidelity Advisor Global Balanced B,0.7576490471212566,0.9536545407299185,0.9094569830547917,0.12743425781702913,0.05458413902049533
Fidelity Advisor Global Balanced C,0.7574883599732688,0.9533748878213999,0.9089236767284669,0.12744485034754632,0.05468387235554312
Fidelity Advisor Global Balanced T,0.7568229829792047,0.9534001948065844,0.9089719314572331,0.12732950275715774,0.054728226350155944
Fidelity Advisor Global Balanced I,0.7568080725803519,0.9533147181648932,0.9088089518698097,0.12733836940153995,0.05475593509043998
Fidelity Advisor Global Balanced A LW,0.7565988626415332,0.9539788755494903,0.91007569499467,0.12721461436744227,0.05456621153729965
Fidelity Global Balanced,0.7559090122830039,0.9532317649569131,0.9086507977228716,0.1271981682376852,0.05485235766718735
Schwab MarketTrack Growth Investor,0.8884018145319,0.9929530838352063,0.9859558266978463,0.1434991584657203,0.024683049476684923
Greenspring,0.4900660462140773,0.9301514557892828,0.8651817307069222,0.08450953513698012,0.08745173040671501
JHancock Balanced B,0.7195600316616233,0.966757800922739,0.9346206456449703,0.11937833574199777,0.05434404324702544
JHancock Balanced A,0.7203631407827461,0.9673175047056691,0.9357031549100021,0.11944249996734312,0.05410430047172555
JHancock Balanced R6,0.7208999255509867,0.9674698455682318,0.9359979020838182,0.11951225612928534,0.05400402024212289
JHancock Balanced R2,0.7203338573134298,0.9673167449137536,0.93570168499054,0.11943774010345186,0.05410771007605372
JHancock Balanced I,0.7187345610673714,0.9660621391584296,0.9332760567153611,0.11932756039752052,0.05462174093770634
JHancock Balanced C,0.7178399267408637,0.966311354790098,0.9337576343962746,0.11914826567457114,0.054651720246036595
JHancock Balanced A Load Waived,0.7203631407827461,0.9673175047056691,0.9357031549100021,0.11944249996734312,0.05410430047172555
JHancock Balanced R,,,0,0,0
JHancock Balanced R1,0.7197700613719396,0.9663352964400158,0.9338039051458131,0.11946545486137902,0.05443579850600329
JHancock Balanced R2(obs),,,0,0,0
JHancock Balanced R3,0.7182403606925537,0.9666914994247108,0.9344924550599956,0.11916789293721532,0.054505819513074975
JHancock Balanced R4,0.719540595892152,0.9660830761433474,0.9333165100105929,0.1194585219111937,0.054528949634839445
JHancock Balanced R5,0.7185487270149488,0.9667587470732085,0.9346224750425598,0.11921047205447616,0.05445403028502288
DWS Lifecycle Long Range S,0.6899333878017967,0.9841541959344463,0.9685594813753765,0.11244720999551575,0.05356426299549158
DWS Lifecycle Long Range Inst,0.6872144036846338,0.9838147964612475,0.9678915537360857,0.11204295264601749,0.05402034769010919
Columbia Strategic Allocation A LW,0.7755173206157356,0.9840940595345249,0.968441118011141,0.12639207734376243,0.042420791087806616
Columbia Strategic Allocation I,0.7789782747304809,0.9846616153074658,0.9695584966599078,0.1268826329239908,0.04178304322614162
Columbia Strategic Allocation R,0.7772152070762394,0.9841910847111098,0.9686320912248312,0.12665596123810435,0.042178734529616985
RiverSource Strategic Allocation R3,,,0,0,0
RiverSource Strategic Allocation R5,,,0,0,0
Columbia Strategic Allocation C,0.7776792137922675,0.9846444708753574,0.9695247340254127,0.12667343119304136,0.04194706543063417
Strategist Total Return,,,0,0,0
Columbia Strategic Allocation R4,0.7754516698017097,0.9845348185350631,0.9693088089078695,0.12632485499558327,0.04225997489671351
Columbia Strategic Allocation B,0.7741238429204382,0.9840539487313846,0.9683621740138306,0.1261703568507263,0.04260453500315821
Columbia Strategic Allocation A,0.7755173206157356,0.9840940595345249,0.968441118011141,0.12639207734376243,0.042420791087806616
Columbia Strategic Allocation Z,0.7771416146960987,0.9843088747270334,0.9688639608663988,0.12662834897034894,0.04214210610120635
DWS Global Income Builder A Load Waived,0.6607833123107145,0.9749779550042902,0.9505820127443478,0.1087086119951164,0.05951544068271855
DWS Balanced AARP,,,0,0,0
DWS Global Income Builder S,0.6609889924360495,0.9756911754551743,0.9519732698610995,0.10866313277350326,0.05934302303681296
DWS Balanced R,,,0,0,0
DWS Global Income Builder B,0.6602182811504924,0.9744708207580856,0.9495933805089369,0.10867229357737353,0.05969278275429235
DWS Global Income Builder Instl,0.6581554834084586,0.9737872913467164,0.9482616887883747,0.10840945320577862,0.06010106426509711
DWS Global Income Builder C,0.656416411940593,0.974071350099384,0.9488149950844366,0.10809142009754343,0.06027242658955293
DWS Global Income Builder A,0.6607833123107145,0.9749779550042902,0.9505820127443478,0.1087086119951164,0.05951544068271855
T. Rowe Price Personal Strat Income,0.5800202316732018,0.9704081419744706,0.9416919620103442,0.0958779325924773,0.0712074117077382
MainStay Income Builder A Load Waived,0.6524381939617748,0.9608522840881101,0.9232371118373383,0.10890871346191683,0.06337035897453198
MainStay Income Builder Inv,0.6543148468201336,0.9609631645079663,0.9234502035411646,0.10920935813619462,0.06312562400714414
MainStay Income Builder B,0.653448539418386,0.9609264613272862,0.9233796640789804,0.10906899864193263,0.06323572096905732
MainStay Income Builder A,0.6524381939617748,0.9608522840881101,0.9232371118373383,0.10890871346191683,0.06337035897453198
MainStay Income Builder C,0.6539447284691966,0.960763095214308,0.9230657251257774,0.10917012668199075,0.06320881511609339
MainStay Income Builder I,0.6541378858026394,0.9613642136547164,0.9242211512959512,0.10913446843541186,0.06306789653778959
Wells Fargo Advantage DJ Target Today C,0.17023850949796976,0.6664189235385505,0.4441141816502803,0.04099084690442024,0.1365083970376314
Wells Fargo Advantage DJ Target Today B,0.171487651014013,0.6700257434643284,0.4489344969049261,0.0410692973793725,0.13629652226492758
Wells Fargo Advantage DJ Target Tod Adm,0.17282936914240127,0.6717433112995048,0.4512390762756234,0.04128473745762528,0.13610830208288296
Wells Fargo Advantage DJ Target Today A,0.17058647174872876,0.6691795506549703,0.4478012710147879,0.04090545720757865,0.1364171708468011
Wells Fargo Advantage DJ Target Tod Inv,0.17318443914679374,0.6681949518069827,0.44648449362033593,0.04158908887922981,0.1361337954335835
Wells Fargo Advantage DJ Target Today I,0.17119926439554514,0.6713482521145,0.45070847561719424,0.040920231053301975,0.1363059230028894
Wells Fargo Advantage DJ Target Tod A LW,0.17058647174872876,0.6691795506549703,0.4478012710147879,0.04090545720757865,0.1364171708468011
MFS Global Total Return R5,,,0,0,0
MFS Global Total Return A,0.6168305043409038,0.9268319191992336,0.8590174064465347,0.10674771640793473,0.07335053752202697
MFS Global Total Return C,0.6151206160917899,0.926928352361429,0.8591961704114734,0.10644073647500038,0.07350388868671735
MFS Global Total Return B,0.6180683410958243,0.9269298003473702,0.8591988547720155,0.10695061917446182,0.07321193305767981
MFS Global Total Return I,0.6176316312820846,0.9265711780607758,0.8585341480129342,0.10691626088978454,0.07331529868847422
MFS Global Total Return R2,0.6186947023795744,0.9267326899696735,0.8588334786584271,0.1070815030993722,0.07318355575905207
MFS Global Total Return R,,,0,0,0
MFS Global Total Return R1,0.6173162612399552,0.9273658163848236,0.8600073573990905,0.10677011192985342,0.07321295639286805
MFS Global Total Return R2,,,0,0,0
MFS Global Total Return R3,0.6162774888507199,0.9275791921835812,0.860403157771945,0.10656613148770468,0.07328041734737414
MFS Global Total Return R4,0.6173447124743465,0.9279736173030255,0.8611350344104622,0.10670532792567443,0.07310816490144878
MFS Global Total Return A Load Waived,0.6168305043409038,0.9268319191992336,0.8590174064465347,0.10674771640793473,0.07335053752202697
BlackRock Managed Volatility Inv A LW,0.7181011912278709,0.9733505167419533,0.9474112284418275,0.11834037982406352,0.0527169883910129
BlackRock Managed Volatility Svc,0.7200305962434548,0.9731897783194124,0.9470983446253871,0.11867798702927779,0.052533956788859096
BlackRock Managed Volatility Inv A,0.7181011912278709,0.9733505167419533,0.9474112284418275,0.11834037982406352,0.0527169883910129
State Street Research Asset Alloc B,,,0,0,0
BlackRock Managed Volatility Instl,0.7185133385440174,0.9737324687518176,0.9481549207015094,0.11836180181615541,0.05256393168610963
BlackRock Managed Volatility Inv C,0.7173414845097533,0.9736433004018286,0.9479812764173653,0.11817981831598184,0.05272717060928337
BlackRock Managed Volatility Inv B,0.7201680514752558,0.9733866101508968,0.947481492821054,0.11867652170835724,0.052463596963463734
JPMorgan Diversified Instl,0.7791680600166646,0.981616195003984,0.9635703542940997,0.1273126713053762,0.042941282760860684
JP Morgan Balanced Sel,,,0,0,0
JPMorgan Diversified Sel,0.7797475528788737,0.9817493374383812,0.9638317615607006,0.12739000188025523,0.042823592744083754
JP Morgan Balanced B,,,0,0,0
JP Morgan Balanced C,,,0,0,0
JPMorgan Diversified A,0.7780364707388675,0.9814142391537316,0.9631739088136979,0.1271540654604765,0.04314825405264968
JPMorgan Diversified B,0.7770280942783351,0.9819578520988818,0.9642412232986493,0.1269189833855594,0.04305724120667631
JPMorgan Diversified C,0.7798276820997799,0.9814738111300478,0.9632908419341407,0.12743877610618923,0.042920654719387226
JP Morgan Balanced A,,,0,0,0
JPMorgan Diversified A Load Waived,0.7780364707388675,0.9814142391537316,0.9631739088136979,0.1271540654604765,0.04314825405264968
AllianceBern Balanced Shares K,0.6569533296478178,0.9799456649109265,0.9602935061777178,0.1075208753585629,0.05902942432091127
AllianceBern Balanced Shares I,0.6582494636102593,0.9802968880819802,0.9609819887832145,0.10769422769797651,0.058780552875977776
AllianceBern Balanced Shares A LW,0.6585415779092352,0.9806831731895617,0.9617394861771479,0.10769930696221994,0.05866246636175874
AllianceBern Balanced Shares Adv,0.6555277881770898,0.9800703028015663,0.9605377984335539,0.10727383061616794,0.059200983783160216
AllianceBern Balanced Shares R,0.6582790452473726,0.9804807576929856,0.961342516206211,0.10767901010721856,0.05873947857388994
AllianceBern Balanced Shares A,0.6585415779092352,0.9806831731895617,0.9617394861771479,0.10769930696221994,0.05866246636175874
AllianceBern Balanced Shares B,0.6583641791434884,0.9801028245616311,0.9606015467136875,0.10773407291127228,0.058803811572104916
AllianceBern Balanced Shares C,0.6587901463535368,0.9800636415735855,0.9605247415344774,0.10780801640564538,0.058753130112445116
Wells Fargo Advantage DJ Target 2010 A,0.26472169528556205,0.827288071486128,0.6844055532232367,0.05134481670515165,0.1213708351194172
Wells Fargo Advantage DJ Target 2010 Adm,0.2640147734307574,0.8277314966952124,0.6851394306212965,0.05118109901158732,0.1214511600420981
Wells Fargo Advantage DJ Target 2010 C,0.26248625488553606,0.8249381178911909,0.6805228983498605,0.05105672437672679,0.12172231727236811
Wells Fargo Advantage DJ Target 2010 B,0.2638664054028173,0.8273892784289983,0.6845730180592586,0.05117326775278838,0.12147936564694437
Wells Fargo Advantage DJ Target 2010 I,0.26434309947012297,0.8279596653106721,0.6855172073813601,0.05123073309306493,0.12140249609711139
Wells Fargo Advantage DJ Target 201 A LW,0.26472169528556205,0.827288071486128,0.6844055532232367,0.05134481670515165,0.1213708351194172
Wells Fargo Advantage DJ Target 2010 Inv,0.2635246190824953,0.8277962573985139,0.6852466437629867,0.051082073925634616,0.12151328142529583
Oppenheimer Balanced A Load Waived,,,0,0,0
Oppenheimer Balanced N,,,0,0,0
Oppenheimer Balanced A,,,0,0,0
Oppenheimer Balanced C,,,0,0,0
Oppenheimer Balanced B,,,0,0,0
Virtus Balanced A Load Waived,0.7345539541098796,0.9639775200197017,0.9292526591033343,0.12221111850120402,0.05355176032375905
Virtus Balanced C,0.7350451474648165,0.9639617597442,0.9292222742491346,0.12229459793814941,0.05350695715375089
Virtus Balanced A,0.7345539541098796,0.9639775200197017,0.9292526591033343,0.12221111850120402,0.05355176032375905
Virtus Balanced B,0.7351669971338739,0.9635940286630142,0.9285134520750179,0.12236136226704548,0.053601320606705735
Putnam Dynamic Asset Allocation: Cn A LW,0.3802615482722304,0.9155322765489204,0.8381993494028489,0.06664558274798255,0.10291979908194072
Putnam Dynamic Asset Allocation: Cnsrv C,0.3816712160049891,0.9176121749607066,0.8420121036361184,0.06674111778485084,0.10262899492650583
Putnam Dynamic Asset Allocation: Cnsrv Y,0.37948330936064667,0.9170311298252799,0.8409460930686293,0.06640131680090962,0.10295600546936354
Putnam Dynamic Asset Allocation: Cnsrv A,0.3802615482722304,0.9155322765489204,0.8381993494028489,0.06664558274798255,0.10291979908194072
Putnam Dynamic Asset Allocation: Cnsrv M,0.37718850804820186,0.9149364541153892,0.8371087150692414,0.06615092009080809,0.10336726804945924
Putnam Dynamic Asset Allocation: Cnsrv B,0.38357270372995933,0.9190989003775261,0.8447427886751775,0.06696499467342763,0.10229781264097441
Putnam Dynamic Asset Allocation: Cnsrv R,0.3828183953973477,0.9176403579051426,0.8420638264562783,0.06693949821116223,0.10247060788407104
American Century Balanced Inv,0.5944909241275255,0.9905780640448948,0.9812449009669318,0.0962587997867594,0.06634362457408936
American Century Balanced Instl,0.5940068706594294,0.9905543969847111,0.9811980133857446,0.09618275159147917,0.06642089291080387
American Century Balanced Adv,,,0,0,0
Waddell & Reed Continental Inc A,0.7997982504662302,0.9868042467771384,0.9737826214573956,0.12999010045872286,0.03838353150293197
Waddell & Reed Continental Inc Y,0.797490449817359,0.9865424994851217,0.9732661032903513,0.12964926367106425,0.03877564109112464
Waddell & Reed Continental Inc B,0.7983831927754231,0.9863611873558967,0.9729083919221345,0.12981841058067298,0.03874882775937381
Waddell & Reed Continental Inc C,0.7995427938754581,0.9859067135750171,0.9720120478722909,0.1300663344240608,0.03881223201522083
Waddell & Reed Continental Inc A LW,0.7997982504662302,0.9868042467771384,0.9737826214573956,0.12999010045872286,0.03838353150293197
Wells Fargo Advantage Idx Asst Allo A,0.6806276860653819,0.9769471857038057,0.9544258036545861,0.11174401732946046,0.05649058716770094
Wells Fargo Advantage Idx Asst Allo B,0.6793165093311172,0.9760537923800052,0.9526810056193904,0.11163086690076188,0.05686248088989954
Wells Fargo Advantage Idx Asst Allo C,0.68042234270123,0.9769302316753701,0.9543926775612923,0.11171240897925223,0.056521230941949094
Wells Fargo Advantage Idx Asst Allo Adm,0.6784159888181787,0.9770546165196469,0.9546357236623542,0.11136884306244595,0.0567557694526695
Wells Fargo Advantage Idx Asst Allo A LW,0.6806276860653819,0.9769471857038057,0.9544258036545861,0.11174401732946046,0.05649058716770094
USAA Cornerstone Moderate,0.6288764344036787,0.9473821946871501,0.8975330228102412,0.10649035119312474,0.06857149984103487
GE Instl Strategic Investment Inv,0.739297787401146,0.9795687534737715,0.9595549427821585,0.12104839739452937,0.04837095126155976
GE Instl Strategic Investment Svc,0.7344122271106934,0.9789481877394899,0.9583395542784315,0.12032467506963063,0.04915671203681916
Wells Fargo Advantage WB Growth Balanced,0.9519237554553011,0.9879398348756941,0.9760251173342138,0.1545371210138741,0.02513386994696125
Fidelity Asset Manager 85%,1.0138847034322969,0.9816819903191539,0.9636995301169755,0.16564599949521353,0.031630704944603606
Fidelity Advisor Asset Manager 85% A,1.0174032610480777,0.9815501996562647,0.9634407944452531,0.16624295178393722,0.03190094174711402
Fidelity Advisor Asset Manager 85% B,1.0160047603292455,0.9816655690969239,0.9636672895503877,0.16599489409163679,0.03173672729747935
Fidelity Advisor Asset Manager 85% C,1.0195750771436163,0.9814213192492143,0.9631878058768681,0.16661947835820395,0.03211444371796857
Fidelity Advisor Asset Manager 85% I,1.0184866811911484,0.9820287943215061,0.964380552876551,0.16633888526285354,0.03152533055003623
Fidelity Advisor Asset Manager 85% T,1.0157827349937902,0.981598490333773,0.9635355962255423,0.16597013763825938,0.03178621839722665
Fidelity Advisor Asset Manager 85% A LW,1.0174032610480777,0.9815501996562647,0.9634407944452531,0.16624295178393722,0.03190094174711402
Leuthold Core Investment I,0.7965334044675295,0.94041640592592,0.8843830165346247,0.13585539409767913,0.05654159239189702
Leuthold Core Investment Retail,0.7962168882938561,0.9408723791822917,0.8852408339081461,0.1357354998553917,0.05639779990129976
Goldman Sachs Balanced Strat A LW,0.5312994584401639,0.9548300830385539,0.9117004874754115,0.08926547192074405,0.07969333941845004
Goldman Sachs Balanced Strat IR,0.5316624164542374,0.9544152344843174,0.9109084398157546,0.08936511856275862,0.07968799119959699
Goldman Sachs Balanced Strat R,0.5307952365170034,0.9541396675911546,0.9103825052709591,0.08924552547953794,0.07983330395986198
Goldman Sachs Balanced Strat A,0.5312994584401639,0.9548300830385539,0.9117004874754115,0.08926547192074405,0.07969333941845004
Goldman Sachs Balanced Strat C,0.5301855400045264,0.9547634357553492,0.9115732182553588,0.08908498364819752,0.07985029386862762
Goldman Sachs Balanced Strat Instl,0.5321608945950881,0.955651906893735,0.9132705671496321,0.08933319290105307,0.07949111293508343
Goldman Sachs Balanced Strategy Svc,0.531277730440075,0.9544785671501634,0.9110293351490291,0.08929482537248648,0.07973304537563725
Goldman Sachs Balanced Strat B,0.530594551979994,0.9546122640155195,0.9112845746088359,0.08916753907162736,0.07981096306225224
Goldman Sachs Growth Strat B,0.9764685253663226,0.9754287121769856,0.9514611725392526,0.16055762010988603,0.03556492347861731
Goldman Sachs Growth Strat Svc,0.9814325939451162,0.9762158933297437,0.9529974703895896,0.161243552722538,0.03507534052265887
Goldman Sachs Growth Strat Instl,0.9837511329654143,0.9762209065968168,0.9530072584767109,0.16162314135166558,0.03512426061384542
Goldman Sachs Growth Strat A,0.98037310349996,0.9756080709384523,0.9518111080802482,0.16116977866357898,0.03551062075262098
Goldman Sachs Growth Strat C,0.9809496308666882,0.9756359271860334,0.9518654624161512,0.1612600001632454,0.03550237318900432
Goldman Sachs Growth Strat IR,0.9830309678456502,0.9751300553769897,0.950878624899531,0.1616857083403713,0.03592902202460395
Goldman Sachs Growth Strat R,0.9802156819253858,0.9750217512210002,0.950667415354066,0.1612406158675259,0.03594420384367045
Goldman Sachs Growth Strat A LW,0.98037310349996,0.9756080709384523,0.9518111080802482,0.16116977866357898,0.03551062075262098
Russell LifePoints Cnsrv Strat A LW,0.2606167188373572,0.8327980946225694,0.693552666406982,0.05023129977641619,0.12176739720043255
Russell LifePoints Cnsrv Strat R1,0.2606682647986843,0.8360022368893473,0.6988997400839924,0.050048125664037935,0.12168144168525885
Russell LifePoints Cnsrv Strat R2,0.2587852303488962,0.8329844875015378,0.6938631564181995,0.04986655907776558,0.122004511473362
Russell LifePoints Cnsrv Strat C,0.2606840548572968,0.8310154908766889,0.6905867460770243,0.050351085035504166,0.12180294416518722
Russell LifePoints Cnsrv Strat S,0.2644920933072209,0.8339626880328531,0.6954937650309819,0.05090546511728523,0.12122798117046361
Russell LifePoints Cnsrv Strat E,0.25994931646411445,0.8317043243134958,0.6917320830817687,0.05016818173499348,0.12188244862673527
Russell LifePoints Cnsrv Strat R3,0.26092702758027636,0.8342829953806933,0.696028116381382,0.05020137404342539,0.12168962876778736
Russell LifePoints Cnsrv Strat A,0.2606167188373572,0.8327980946225694,0.693552666406982,0.05023129977641619,0.12176739720043255
American Century Strat Alloc: Con A LW,,,0,0,0
American Century Strat Alloc: Con A,,,0,0,0
American Century Strat Allc Cnsrv B,0.4749224640491699,0.9731906183503621,0.94709997964516,0.07828012969245163,0.0860958625489977
American Century Strat Allc Cnsrv C,0.46834795223055437,0.973218022369099,0.9471533190640202,0.077195211970723,0.08707399545689533
American Century Strat Allc Cnsrv R,0.47245701565436743,0.9752439419768048,0.9511007463624572,0.07771035056946618,0.08631557095150605
American Century Strat Allc Cnsrv A LW,0.4729378314668612,0.9744189436788044,0.9494922778001169,0.07785528262782844,0.08630286362272221
American Century Strat Allc Cnsrv Inv,0.4752713981761848,0.9757212113663013,0.9520318823101225,0.07813539806804229,0.08585912560738249
American Century Strat Allc Cnsrv A,0.4729378314668612,0.9744189436788044,0.9494922778001169,0.07785528262782844,0.08630286362272221
American Century Strat Allc Cnsrv Instl,0.47136003448043834,0.9738836348612845,0.9484493342506277,0.07763810061180502,0.08657706426018327
Maxim Moderate Profile II,0.7116056218949471,0.9824456729519555,0.9651995003020207,0.1161798205979482,0.05106669518773324
Maxim Moderate Profile II L,0.7115788717791176,0.9823731307922738,0.9650569681026139,0.11618407434601188,0.05108973318650701
Legg Mason Lifestyle Allocation 85% A,0.9844522657303746,0.9877617036474236,0.9756731831924605,0.15984547889955175,0.02504973685849624
Legg Mason Lifestyle Allocation 85% C,0.9805199159226318,0.9878460550561181,0.9758398284899351,0.15919445043577993,0.024934932517780863
Legg Mason Lifestyle Allocation 85% B,0.9824699518351546,0.9884453042600824,0.9770241195138066,0.15941378629066827,0.024320882190678385
Legg Mason Lifestyle Allocation 85% A LW,0.9844522657303746,0.9877617036474236,0.9756731831924605,0.15984547889955175,0.02504973685849624
Legg Mason Lifestyle Allocation 85% I,0.985088215896266,0.9881748218089176,0.976489478457086,0.15988205228204824,0.024625548070313745
Loomis Sayles Global Equity and Income Y,0.9124322006737953,0.9330583852001645,0.8705979501923387,0.15684047986837238,0.05812654742035977
Loomis Sayles Global Equity and Income C,0.9099651906090012,0.9329514276210601,0.8703983663001741,0.15643449952324334,0.05812389153622917
Loomis Sayles Global Equity and Income A,0.9116654354617377,0.9333931133137685,0.8712227039815694,0.15665249619684568,0.05795875180535764
Loomis Sayles Global Equity and Inc A LW,0.9116654354617377,0.9333931133137685,0.8712227039815694,0.15665249619684568,0.05795875180535764
Janus Aspen Balanced Svc,0.6631455527341317,0.9638479365804685,0.929002844850427,0.11034703858288047,0.06149384420286079
Janus Aspen Balanced Instl,0.6634237348380045,0.9635589301660629,0.9284458119027675,0.11042640191144894,0.06151999265477384
Hartford Balanced A Load Waived,0.727453975836661,0.9875142629136345,0.9751844194578589,0.11815246256655845,0.047497887339892735
Hartford Balanced R3,0.7272235132657211,0.9875862518375458,0.9753266048185325,0.11810665806095293,0.04750819417940145
Hartford Balanced R4,0.7255746692882118,0.9870198720129216,0.9742082277484042,0.1179065657576807,0.04790197998019646
Hartford Balanced R5,0.7264481347665701,0.9874494833415449,0.9750564821514841,0.11799698513809095,0.047655436713237964
Hartford Balanced A,0.727453975836661,0.9875142629136345,0.9751844194578589,0.11815246256655845,0.047497887339892735
Hartford Balanced B,0.7279712200477574,0.9875125808107762,0.9751810972595598,0.11823648398536923,0.04742728439594258
Hartford Balanced Y,0.7259069303325125,0.9871781213835369,0.9745206433383289,0.11794166263815546,0.04780987244947477
Hartford Balanced C,0.7252969477789527,0.9871002609855316,0.9743669252377045,0.11785141854588123,0.04791643980116894
Vantagepoint Mdl Port Cnsrv Growth,0.45882176032239785,0.9761734299824185,0.9529145654036398,0.07540212753634185,0.088303019409367
Principal LifeTime Strategic Inc R3,0.3218885290402422,0.8921190385129132,0.7958763788772046,0.057900212898327225,0.11182978007142777
Principal LifeTime Strategic Inc R5,0.32058508344295933,0.8912697544350991,0.794361775170802,0.05772075863177987,0.11203661018267154
Principal LifeTime Strategic Inc Instl,0.318936445729928,0.8917274985013641,0.7951779315835004,0.05739514032448259,0.11224737297981463
Principal LifeTime Strategic Inc R2,0.3171139427111483,0.8884743089020231,0.7893865975789275,0.05727620245009266,0.11260356051032563
Principal LifeTime Strategic Inc R4,0.322462151773823,0.8904290722552237,0.7928639327172985,0.05811345117134979,0.11180834671623707
Principal LifeTime Strategic Inc J,0.31867712999080494,0.8899803448982833,0.7920650143052673,0.057460262511666436,0.11234040233633115
Principal LifeTime Strategic Inc B,0.31837379036906444,0.8899111337880554,0.7919418260399422,0.05741108376836803,0.11238417684168377
Principal LifeTime Strategic Inc R1,0.31789155909937183,0.8902301789007117,0.7925097714255931,0.057303409698809524,0.11243970729857043
Principal LifeTime Strategic Inc A,0.3164802800320041,0.8912541233748921,0.7943339124327473,0.05698351270938355,0.11259995988348774
Principal LifeTime Strategic Inc A LW,0.3164802800320041,0.8912541233748921,0.7943339124327473,0.05698351270938355,0.11259995988348774
Principal LifeTime Strategic Inc C,,,0,0,0
Nationwide Inv Dest Mod Cnsrv A,0.4165899630669327,0.9813740190036809,0.963094965175437,0.06810354569449797,0.09445657910629018
Nationwide Inv Dest Mod Cnsrv C,0.4154229989076571,0.9818713410674824,0.9640713304096564,0.06787840367373747,0.09461219021312059
Nationwide Inv Dest Mod Cnsrv Svc,0.41678113557552654,0.9813619264746135,0.9630712307339648,0.06813543536104291,0.09442765697381096
Nationwide Inv Dest Mod Cnsrv B,0.4141909499149932,0.9814893138690907,0.9633212732392183,0.06770374332319692,0.0948215350520811
Nationwide Inv Dest Mod Cnsrv A LW,0.4165899630669327,0.9813740190036809,0.963094965175437,0.06810354569449797,0.09445657910629018
Nationwide Inv Dest Mod Cnsrv Instl,0.41590569990325366,0.9832272156792303,0.9667357576523318,0.06786392440502223,0.09447027550117246
Nationwide Inv Dest Mod Cnsrv R2,0.4156714612570346,0.9805108567208768,0.9614015401475078,0.06801329104918916,0.09464139342047657
ING Balanced Port I,0.6977972589038823,0.9727142973671622,0.9461731043024922,0.11506520923020626,0.055319627208350354
ING Balanced Port S,0.6993515042678783,0.9731137095889171,0.9469502917899032,0.11527452626396524,0.055031257648302974
ING Balanced Port Adv,,,0,0,0
ING Balanced Port S2,,,0,0,0
BlackRock Balanced Capital Inv A LW,0.6880686171813556,0.9691391318627502,0.9392306569076851,0.11387298650618591,0.05735195281241706
BlackRock Balanced Capital R,0.6872613767286242,0.9688174966477837,0.9386073418108785,0.11377716784497294,0.05752348040503609
BlackRock Balanced Capital Instl,0.6882115406177947,0.9690273485603446,0.9390140022578914,0.11390989159145005,0.05736090302486694
BlackRock Balanced Capital Inv A,0.6880686171813556,0.9691391318627502,0.9392306569076851,0.11387298650618591,0.05735195281241706
BlackRock Balanced Capital Inv C,0.6866400428416276,0.9688670574675894,0.9387033750459051,0.11366860501515547,0.05758642068458501
BlackRock Balanced Capital Inv B,0.6870395870205287,0.9688375783471667,0.9386462532176022,0.11373831086117063,0.05754537484341005
ING MFS Total Return Port S2,0.5854604892580044,0.9877514370565997,0.9756529014073778,0.09507369910592167,0.06810369647723696
ING MFS Total Return Port I,0.5881292449219994,0.9878997545723782,0.9759459250841651,0.09549246920091058,0.06768073351782723
ING MFS Total Return Port S,0.5873331364935163,0.9882262908877261,0.9765912020017127,0.09533192953463278,0.06775663089484656
ING MFS Total Return Port Adv,0.5887643935997101,0.9883603433854762,0.9768561683770564,0.0955509349563806,0.0675218824345997
ING Invesco VanKampen Eq & Inc Port S2,0.7855640375920951,0.9788965773684247,0.9582385091836163,0.12871791292444995,0.04328655432079507
ING Invesco VanKampen Eq & Inc Port I,0.7852066860299934,0.9785822320805173,0.9576231849436874,0.1287006574805968,0.04344732522303847
ING Invesco VanKampen Eq & Inc Port Adv,0.7858078643654153,0.9787412594048164,0.9579344528613261,0.12877817921677348,0.04332120612039789
ING Invesco VanKampen Eq & Inc Port S,0.7847392483682513,0.9787228080485065,0.9578983349943537,0.12860554563438545,0.04344254119666574
State Farm LifePath Retirement R1,0.41065692738000764,0.9455385125059815,0.8940430786320241,0.06967366227345405,0.09717929802692202
State Farm LifePath Retirement R2,0.4090894959985411,0.9460181910200748,0.8949504177408947,0.06937299914622747,0.09737856682904489
State Farm LifePath Retirement R3,0.4114826224205067,0.9470946402593642,0.8969882576080146,0.06969905901703817,0.09697882178357585
State Farm LifePath Retirement A LW,0.41301923045267697,0.9450052885000676,0.893034995293096,0.07011341584922856,0.0968702064191182
State Farm LifePath Retirement Lega A LW,0.41099058387254733,0.9462514791663325,0.8953918618244721,0.06967777262134331,0.09709390066834957
State Farm LifePath Retirement A,0.41301923045267697,0.9450052885000676,0.893034995293096,0.07011341584922856,0.0968702064191182
State Farm LifePath Retirement B,0.4103664075008511,0.9478201669928918,0.8983630689584333,0.06945683229480364,0.09710101771796019
State Farm LifePath Retirement Legacy A,0.41099058387254733,0.9462514791663325,0.8953918618244721,0.06967777262134331,0.09709390066834957
State Farm LifePath Retirement Legacy B,0.41290826706147865,0.9469154362657999,0.8966488434384502,0.06995346511774604,0.09678388757185331
State Farm LifePath Retirement Inst,0.4140221230960323,0.9471582379234474,0.8971087276662498,0.070124368033571,0.0966112650915321
State Farm LifePath 2040 Legacy A,0.9648829059222639,0.9853134045473914,0.9708425051807711,0.1570568864285804,0.0273970582237739
State Farm LifePath 2040 Legacy B,0.9632737356761113,0.9853221480880434,0.9708597355128361,0.15679367524576335,0.027399620452322568
State Farm LifePath 2040 Inst,0.9659832276765383,0.9852537221781773,0.9707248970659529,0.1572454040072756,0.027445901182105582
State Farm LifePath 2040 A,0.9646551692870222,0.9853642960166127,0.9709427958643146,0.15701178915381905,0.027351902036712263
State Farm LifePath 2040 B,0.9667544212140359,0.9852753913618562,0.9707675968232589,0.1573672516974905,0.02742281368431175
State Farm LifePath 2040 Legacy A LW,0.9648829059222639,0.9853134045473914,0.9708425051807711,0.1570568864285804,0.0273970582237739
State Farm LifePath 2040 A Load Waived,0.9646551692870222,0.9853642960166127,0.9709427958643146,0.15701178915381905,0.027351902036712263
State Farm LifePath 2040 R1,0.963156020183865,0.985467040676208,0.971145288259123,0.15675161516575925,0.027268356981637158
State Farm LifePath 2040 R2,0.9654007601732896,0.9853857113433554,0.9709850001196504,0.15712965162939047,0.02732801287844014
State Farm LifePath 2040 R3,0.9673736669703203,0.9854668711194495,0.9711449540739578,0.15743760067850798,0.027244423147392755
Fidelity Advisor Freedom 2010 A LW,0.5953773734194503,0.974939050282338,0.9505061517654272,0.0979646110248793,0.0684390061135454
Fidelity Advisor Freedom 2010 A,0.5953773734194503,0.974939050282338,0.9505061517654272,0.0979646110248793,0.0684390061135454
Fidelity Advisor Freedom 2010 B,0.5904553939540317,0.974302901149843,0.9492661431890006,0.09721857971716352,0.06922017811026672
Fidelity Advisor Freedom 2010 C,0.5928337059779089,0.975209018183249,0.9510326291459364,0.09751942645411392,0.06875811938073655
Fidelity Advisor Freedom 2010 I,0.5951206230341359,0.9742711442025934,0.9492042624258307,0.09798917286796632,0.06857092429196766
Fidelity Advisor Freedom 2010 T,0.5957883079914402,0.9752740696843158,0.9511595109986078,0.09799837534087075,0.06833309468673215
PL Port Optimization Mod-Agrsv 529 A LW,,,0,0,0
PL Port Optimization Mod-Agrsv 529 A LW,,,0,0,0
PL Port Optimization Mod-Agrsv A LW,0.8770952050138827,0.9837945308578167,0.9678516789457515,0.14299110150856106,0.032332034478639055
PL Port Optimization Mod-Agrsv R,0.8739922015810262,0.983966149206139,0.9681893827835577,0.14246045193313223,0.03245767462719058
PL Port Optimization Mod-Agrsv A,0.8770952050138827,0.9837945308578167,0.9678516789457515,0.14299110150856106,0.032332034478639055
PL Port Optimization Mod-Agrsv B,0.884770597115091,0.9835079570741913,0.9672879016282494,0.14428394381581622,0.0319693040322953
PL Port Optimization Mod-Agrsv C,0.8862693602139738,0.9841055055573715,0.9684636460683298,0.14444094038653277,0.031467046929308976
PL Port Optimization Mod-Agrsv 529 MT A,,,0,0,0
PL Port Optimization Mod-Agrsv 529 MT B,,,0,0,0
PL Port Optimization Mod-Agrsv 529 MT C,,,0,0,0
PL Port Optimization Mod-Agrsv 529 AZ A,,,0,0,0
PL Port Optimization Mod-Agrsv 529 AZ B,,,0,0,0
PL Port Optimization Mod-Agrsv 529 AZ C,,,0,0,0
Columbia Portfolio Builder Aggressive Z,0.9320293354197395,0.9864496773817172,0.9730829660064938,0.15153974643645773,0.027140116172083534
Columbia Portfolio Builder Aggressive R,0.9295981652366594,0.9862221550817174,0.972634139174027,0.15117967992211848,0.027432690251484718
Columbia Port Builder Aggressive A,0.9335402762292893,0.9861768116412943,0.9725447038189888,0.15182724707363174,0.027315061463693124
Columbia Port Builder Aggressive B,0.9314548472226049,0.9861527382168659,0.9724972230926224,0.15149231382657005,0.027416202002971055
Columbia Port Builder Aggressive C,0.9329747896433839,0.9867444485961274,0.9736646068352754,0.1516483742893028,0.026848084461910962
Columbia Port Builder Aggressive R4,0.9339607748599132,0.9865435458676262,0.973268167893069,0.15183950750709932,0.02698348963459834
Columbia Port Builder Aggressive A LW,0.9335402762292893,0.9861768116412943,0.9725447038189888,0.15182724707363174,0.027315061463693124
Columbia Port Builder Mod Cnsrv A LW,0.44710077698096967,0.9641970890603184,0.9296760265523916,0.07439492281429592,0.09082101144911765
Columbia Port Builder Mod Cnsrv A,0.44710077698096967,0.9641970890603184,0.9296760265523916,0.07439492281429592,0.09082101144911765
Columbia Port Builder Mod Cnsrv B,0.4467872437464415,0.9643140494171506,0.9299015859033029,0.07433357166711226,0.09085971878946607
Columbia Port Builder Mod Cnsrv C,0.44201401490342207,0.9627241186816116,0.9268377286912856,0.07366169006921149,0.09165965680538132
Columbia Port Builder Mod Cnsrv R4,0.4439382271448187,0.9626917841058352,0.9267754711848761,0.07398459820879838,0.09137945505492961
Columbia Port Bldr Mod Conservative Z,0.44506547263052065,0.9632573727580357,0.9278647661727135,0.07412855475413158,0.09117889057928767
Columbia Port Bldr Mod Conservative R,0.44768861933526544,0.9633498673968812,0.9280429670135887,0.07455808096683449,0.09078837377879026
AllianceBern Cnsrv Wlth Strat K,0.40743073276600994,0.941289783864425,0.8860264572075358,0.06944932853219093,0.09786216268596162
AllianceBern Cnsrv Wlth Strat I,0.4069537533227814,0.9407411722516777,0.8849939531694608,0.06940901862470172,0.09795848426792655
AllianceBern Cnsrv Wlth Strat A LW,0.4090640720459605,0.9406467554448834,0.8848163185289863,0.06977560217005041,0.09766449764377898
AllianceBern Cnsrv Wlth Strat R,0.4094894882384854,0.9424282484099252,0.8881710034009997,0.06971618640464451,0.09750996744532615
AllianceBern Cnsrv Wlth Strat C,0.4080314274557612,0.9400843397620933,0.8837585658659308,0.06964141981808568,0.09784031053132738
AllianceBern Cnsrv Wlth Strat A,0.4090640720459605,0.9406467554448834,0.8848163185289863,0.06977560217005041,0.09766449764377898
AllianceBern Cnsrv Wlth Strat Adv,0.4067150693447195,0.9415284790159382,0.8864758767980659,0.06931016490459391,0.09795132620800714
AllianceBern Cnsrv Wlth Strat B,0.4059513148408643,0.941499937590033,0.8864221324820362,0.06918263928649537,0.09806132623626278
Fidelity Freedom 2005,0.5091055974807965,0.9702773056325024,0.9414380498254684,0.08417905430199482,0.08130320271625686
Hartford Growth Allocation I,0.907240341216229,0.9847058892773513,0.9696456883774991,0.14776854428575179,0.029726955637961537
Hartford Growth Allocation R3,0.9079575864178862,0.9851777247969952,0.9705751494361841,0.14781447840383438,0.029332555030023095
Hartford Growth Allocation R4,0.9074496069848697,0.9848831145092641,0.9699947492454684,0.14777598130115313,0.029582818341649723
Hartford Growth Allocation R5,0.9079923642852077,0.9841523785016363,0.968555904110428,0.14797407040640176,0.03009676096614606
Hartford Growth Allocation A,0.9069578440953933,0.984861224825951,0.9699516321656723,0.14769916923094725,0.029626833577499588
Hartford Growth Allocation B,0.9087381270981016,0.9849766765205328,0.9701790532894343,0.14797159179735106,0.02944073184899581
Hartford Growth Allocation C,0.9108541565187154,0.9854587843076343,0.9711290155690806,0.14824356575281933,0.028956469321259583
Hartford Growth Allocation A LW,0.9069578440953933,0.984861224825951,0.9699516321656723,0.14769916923094725,0.029626833577499588
Hartford Balanced Allocation A LW,0.697741476591774,0.9776269604621025,0.9557544738223694,0.11447765458109987,0.05411462878481635
Hartford Balanced Allocation A,0.697741476591774,0.9776269604621025,0.9557544738223694,0.11447765458109987,0.05411462878481635
Hartford Balanced Allocation B,0.7007795484096248,0.9782076539396479,0.9568902142261099,0.11490744666382424,0.05357973628466981
Hartford Balanced Allocation C,0.7005713176955004,0.9774289774885934,0.9553674060343971,0.11496485274235774,0.05380218440595936
Hartford Balanced Allocation R3,0.7014268141826375,0.9781815223694145,0.9568390907049453,0.1150167497495196,0.053503247411006115
Hartford Balanced Allocation R4,0.7010851900322962,0.9784052551567407,0.957276843318327,0.11493414559711221,0.053490655169992525
Hartford Balanced Allocation R5,0.698010865677158,0.9783412077018433,0.9571515186875013,0.11443824140884606,0.053902923884998157
Hartford Balanced Allocation I,0.701126088222398,0.9780626525635627,0.9566065523396723,0.1149813470484533,0.053571807917363184
GuideStone Funds Capital Opp GS8,,,0,0,0
GuideStone Funds Growth Allocation GS4,0.86832155981416,0.9849037350402997,0.9700353672963328,0.1414033282525617,0.0323206057670998
GuideStone Funds Growth Allocation GS6,,,0,0,0
PMFM Managed Portfolio Trust Advisor,,,0,0,0
Stadion Managed Portfolio A,0.33514058652932277,0.5823021916024309,0.3390758423449942,0.09235630898549946,0.13036090487433574
Stadion Managed Portfolio A Load Waived,0.33514058652932277,0.5823021916024309,0.3390758423449942,0.09235630898549946,0.13036090487433574
PMFM Managed Portfolio Trust,,,0,0,0
Stadion Managed Portfolio C,0.3333469422339114,0.579583769123864,0.3359173454318245,0.09229302041504184,0.13066944543413206
Stadion Managed Portfolio I,0.3347452992929121,0.5815160508726911,0.3381609174225702,0.09237217878636247,0.13044999651775058
Invesco Growth Allocation S,0.8364698100417332,0.9717399651945198,0.9442785599562464,0.1380610753195956,0.04182219688078044
Invesco Growth Allocation A,0.8393931439249893,0.9716871812681505,0.9441759782408435,0.13855087714017242,0.04164433748154209
Invesco Growth Allocation B,0.8407830733600635,0.9714007206876618,0.9436193601525088,0.1388211514403218,0.041686048802637855
Invesco Growth Allocation C,0.8397806043504328,0.9718420090109345,0.9444768904784094,0.13859274882363692,0.041544258342350995
Invesco Growth Allocation I,0.838686123264224,0.971600414358019,0.9440073651806742,0.13844655714760803,0.0417339231183036
Invesco Growth Allocation R,0.8390117966996524,0.9711716420681242,0.943174358357297,0.1385616213927899,0.04191405144015889
Invesco Growth Allocation A Load Waived,0.8393931439249893,0.9716871812681505,0.9441759782408435,0.13855087714017242,0.04164433748154209
Invesco Growth Allocation Y,0.8389256670644422,0.9720834097431627,0.9449461554978934,0.13841734531681418,0.041488602854838054
BlackRock LifePath Retirement K,0.41039199563889683,0.9448221453483632,0.8926888863406834,0.06968154749259355,0.09725497954085728
BlackRock LifePath Retirement Investor A,0.41343250457243663,0.9462696534093956,0.8954262569635376,0.07009027035004556,0.09674335860018751
BlackRock LifePath Retirement R,0.41164925886344184,0.9449410033682056,0.8929134998465112,0.06988617146771428,0.09706915096459351
BlackRock LifePath Retirement Investor C,0.4077187455667919,0.945966003652621,0.8948516800665105,0.06914452487757729,0.09757782703676611
BlackRock LifePath Retirement Inves A LW,0.41343250457243663,0.9462696534093956,0.8954262569635376,0.07009027035004556,0.09674335860018751
BlackRock LifePath Retirement Instl,0.4122707707406545,0.9473585177510576,0.8974881611554809,0.06981309706724635,0.09685174238678661
BlackRock LifePath 2030 Institutional,0.8164933973395658,0.983067599620572,0.9664219054237532,0.13321235471879225,0.03822739102561208
BlackRock LifePath 2030 Investor A LW,0.8186262622863797,0.9829035832842767,0.9660994540330712,0.133582415174711,0.03808399080155033
BlackRock LifePath 2030 Investor C,0.815721451195795,0.9830890538273668,0.9664640877551872,0.13308356459731463,0.03829797322865483
BlackRock LifePath 2030 R,0.8156782812382334,0.9828957451664031,0.9660840458662188,0.13310261439298307,0.03839327813805804
BlackRock LifePath 2030 Investor A,0.8186262622863797,0.9829035832842767,0.9660994540330712,0.133582415174711,0.03808399080155033
BlackRock LifePath 2030 K,0.8151029880400887,0.9831271950036157,0.9665390815556774,0.13297739688422097,0.0383449323922123
BlackRock LifePath 2040 K,0.9660799576228679,0.9855311255505819,0.9712715994289967,0.15721688980876128,0.027190796246396455
BlackRock LifePath 2040 Investor A,0.9668101288385247,0.9853244933153122,0.9708643571270766,0.15736866565646654,0.027377576005335177
BlackRock LifePath 2040 R,0.9652142150617972,0.9855052861726119,0.9712206690741617,0.1570801826054267,0.027219302616481908
BlackRock LifePath 2040 Investor C,0.964640652820164,0.9853472949927633,0.9709092917495556,0.15701202740839557,0.02736752967219504
BlackRock LifePath 2040 Investor A LW,0.9668101288385247,0.9853244933153122,0.9708643571270766,0.15736866565646654,0.027377576005335177
BlackRock LifePath 2040 Institutional,0.9651232995232891,0.9854321599254056,0.9710765418152502,0.15707710165002106,0.02728698101709555
Wells Fargo Advantage WB Cons Allocation,0.3393057087223735,0.9510405377236022,0.9044781043935983,0.05724666678415351,0.10740457916018115
Wells Fargo Advantage WB Mod Balanced,0.617478909704537,0.9841303802104627,0.9685126052531899,0.10064455254439,0.06388073974775779
Invesco Moderate Allocation A LW,0.6160319085276291,0.9560806780031265,0.914090262850918,0.10335223320817986,0.06861171387452727
Invesco Moderate Allocation Y,0.6172942937113551,0.95637647858784,0.9146559687960774,0.10353155601221115,0.06840918647536552
Invesco Moderate Allocation A,0.6160319085276291,0.9560806780031265,0.914090262850918,0.10335223320817986,0.06861171387452727
Invesco Moderate Allocation B,0.6192217299123526,0.9570169254206344,0.9158813955415642,0.10378503185670437,0.06806818910493674
Invesco Moderate Allocation C,0.6153260156693512,0.955718925864672,0.9133986652559224,0.10327291146615317,0.0687566765911348
Invesco Moderate Allocation Instl,0.6163617131521799,0.9559617518172975,0.9138628709375963,0.10341981731303955,0.06859081082058331
Invesco Moderate Allocation R,0.6191177198150297,0.955440110930157,0.9128658055742307,0.10393885586825691,0.0683414706933875
Invesco Moderate Allocation S,0.6169121209219023,0.9554693537224949,0.9129216859028818,0.10356583840335806,0.06860417540661513
TIAA-CREF Lifecycle 2010 Premier,0.5586325661174377,0.9769438552840793,0.9544192963773201,0.0917246075129985,0.07342855791322352
TIAA-CREF Lifecycle 2010 Retire,0.5602837740723688,0.977133711687804,0.9547902905167847,0.09197770142948883,0.07316645840452864
TIAA-CREF Lifecycle 2010 Instl,0.5610007311263782,0.9770048001670257,0.9545383795494099,0.09210755710415947,0.07307768585110935
Oppenheimer Moderate Inv A,0.6392097923382504,0.9736566694210852,0.9480073099081604,0.10530969047249936,0.06263296252657716
Oppenheimer Moderate Inv B,0.6443863738539644,0.9753398666036812,0.9512878553864867,0.10597882069985179,0.061628511967948885
Oppenheimer Moderate Inv C,0.6429095995406852,0.9750395922699898,0.950702206494028,0.10576841473372538,0.06188305800205432
Oppenheimer Moderate Inv N,0.6431595238032262,0.9740719319879657,0.9488161286867681,0.10591455915767423,0.0620289548927012
Oppenheimer Moderate Inv Y,0.6410153658543516,0.9737710996651935,0.9482301545431602,0.10559480248025559,0.06237078463908212
Oppenheimer Moderate Inv A Load Waived,0.6392097923382504,0.9736566694210852,0.9480073099081604,0.10530969047249936,0.06263296252657716
American Century One Choice Agrsv Inv,0.8885036898647884,0.9831848351972422,0.9666524201618283,0.1449388588920314,0.03193470915278621
American Century One Choice Cnsrv Inv,0.4794116205461795,0.9714733570816496,0.9437604835194903,0.07916036634138864,0.08555721875733555
American Century One Choice Mod Inv,0.7054374833873649,0.984254084609552,0.9687561030705872,0.1149568455686054,0.051414854245751825
American Century LIVESTRONG 2015 Inv,0.5385231410208938,0.9820035654636023,0.9643310025832276,0.08796509883301065,0.07583639356418274
American Century LIVESTRONG 2015 Instl,0.5391206526063507,0.9820760252792754,0.96447331942834,0.0880563537094589,0.07573940751792793
American Century LIVESTRONG 2015 A,0.5393570307092672,0.9815954886632781,0.9635297033640995,0.08813784816174686,0.07575416428795752
American Century LIVESTRONG 2015 R,0.5386543317477424,0.982585620541535,0.9654745016949933,0.08793449008338562,0.07575630697245454
American Century LIVESTRONG 2015 C,0.5382493221303273,0.9810882713266179,0.9625341961346515,0.08800235953066364,0.07597234304155626
American Century LIVESTRONG 2015 A LW,0.5393570307092672,0.9815954886632781,0.9635297033640995,0.08813784816174686,0.07575416428795752
American Century LIVESTRONG 2035 A LW,0.7840769719318852,0.9892090887597287,0.9785346212848528,0.1271295259358644,0.03931199011989914
American Century LIVESTRONG 2035 C,0.7816514262542612,0.9893517257097644,0.978816837164889,0.1267183441060862,0.03956948734086717
American Century LIVESTRONG 2035 A,0.7840769719318852,0.9892090887597287,0.9785346212848528,0.1271295259358644,0.03931199011989914
American Century LIVESTRONG 2035 R,0.7833641199545751,0.9890263290230827,0.9781730795008751,0.12703768644773955,0.03948024491780547
American Century LIVESTRONG 2035 Inv,0.7845379343577662,0.9889625791899215,0.9780469830379818,0.1272359909886986,0.03935468038928486
American Century LIVESTRONG 2035 Instl,0.782687692876841,0.9889450330929487,0.9780122784792133,0.12693838506768548,0.0396014690933015
American Century LIVESTRONG 2045 Inv,0.8876050131915777,0.9895048960261307,0.9791199392596838,0.14386791932558507,0.027509237186218356
American Century LIVESTRONG 2045 Instl,0.8893828378950038,0.9893026806000704,0.9787197938424851,0.14418539292577456,0.0275097924407032
American Century LIVESTRONG 2045 A,0.8850046033716741,0.9894914485058515,0.9790933266662081,0.14344850549643506,0.027748742924318285
American Century LIVESTRONG 2045 R,0.8870847072682058,0.9897024812996257,0.979511001490636,0.14375470403854682,0.027404673108164114
American Century LIVESTRONG 2045 C,0.8867856175725648,0.9897823649140989,0.9796691298949465,0.14369486786142727,0.02737038407939014
American Century LIVESTRONG 2045 A LW,0.8850046033716741,0.9894914485058515,0.9790933266662081,0.14344850549643506,0.027748742924318285
Thrivent Moderately Cnsrv Allocation A,0.47692208188510826,0.9552110740150747,0.9124281959210324,0.08010407753482428,0.08715490176922104
Thrivent Moderately Cnsrv Allocation I,0.475351894579173,0.9569793343176144,0.9158094463109844,0.07969311191153879,0.0872414831596507
Thrivent Moderately Cnsrv Allocatio A LW,0.47692208188510826,0.9552110740150747,0.9124281959210324,0.08010407753482428,0.08715490176922104
Lord Abbett Growth & Inc Strat A,0.9600892951390823,0.9812724428442178,0.9628956070854586,0.15692270286819013,0.030889940622839847
Lord Abbett Growth & Inc Strat B,0.9589904790888917,0.9814561295753006,0.9632561342809293,0.15671398375021536,0.03074401454290698
Lord Abbett Growth & Inc Strat C,0.959372931820899,0.9816913495295174,0.9637179057410851,0.15673887706544978,0.03055061330118392
Lord Abbett Growth & Inc Strat P,0.9613257565416703,0.9814976613189412,0.963337659174551,0.1570888470668709,0.03070375760919485
Lord Abbett Growth & Inc Strat I,0.9619928797054618,0.9810180682901102,0.9623964503116592,0.15727451784499855,0.03109366728585313
Lord Abbett Growth & Inc Strat A LW,0.9600892951390823,0.9812724428442178,0.9628956070854586,0.15692270286819013,0.030889940622839847
Lord Abbett Growth & Inc Strat F,0.9629454914763755,0.9813850285327498,0.963116574228226,0.15737142594757944,0.030794443002870618
Lord Abbett Growth & Inc Strat R2,0.9640693280200063,0.9813616419950885,0.9630706723792961,0.15755905708433235,0.03081401839735872
Lord Abbett Growth & Inc Strat R3,0.9602083756254638,0.9815355866729997,0.9634121079055096,0.15690025639285218,0.030675274870137284
Lord Abbett Div Income Strategy F,0.5261474074052527,0.9097663670436102,0.8276748426037289,0.09277753672896875,0.08517550935317365
Lord Abbett Div Income Strategy R2,0.5274989641596703,0.9085012635767179,0.825374545920493,0.09314610843748601,0.0851686259501478
Lord Abbett Div Income Strategy R3,0.5258401126239954,0.9101223074373735,0.828322614495129,0.09268720026400881,0.08516988783582186
Lord Abbett Div Income Strategy A LW,0.5268578210689041,0.9087406609464569,0.8258095888574034,0.09300724854937563,0.08521179927029499
Lord Abbett Div Income Strategy A,0.5268578210689041,0.9087406609464569,0.8258095888574034,0.09300724854937563,0.08521179927029499
Lord Abbett Div Income Strategy B,0.5259528045578307,0.9097864731232873,0.82771142667811,0.09274119278602402,0.08519468460242217
Lord Abbett Div Income Strategy C,0.5272849773961035,0.9098617682066351,0.8278484372441045,0.09296831656624847,0.08503991008697483
Lord Abbett Div Income Strategy P,0.5254519140557218,0.9107052490388293,0.8293840506268763,0.09255965467056779,0.08514831893424331
Lord Abbett Div Income Strategy I,0.525485546418188,0.9084262652695357,0.8252382794315569,0.09279753574565384,0.08539675701758849
ING Solution 2045 Port Adv,1.0654262937788703,0.986328665900841,0.9728442371777328,0.17324015431365264,0.03040922857952672
ING Solution 2045 Port S,1.0626391713572751,0.9867378029757623,0.9736514918214343,0.17271554572381112,0.029774900476032134
ING Solution 2045 Port I,1.062923482736126,0.9861584425124857,0.9725084737386516,0.1728633492711567,0.03038005863910294
ING Solution 2045 Port T,1.0627787578137438,0.9864644852633827,0.9731121806859506,0.17278613280119415,0.030062122099748553
ING Solution 2045 Port S2,1.0636039377858655,0.9865177324411085,0.9732172364207465,0.17291083303391785,0.03007378603502202
ING Solution 2015 Port S2,0.608632727993397,0.9715800654760963,0.9439678236305356,0.10048433298588677,0.06710730622053863
ING Solution 2015 Port Adv,0.6076607580194379,0.971135169408391,0.9431035172618643,0.10036968528434125,0.06730815773388416
ING Solution 2015 Port S,0.6101902811212347,0.9721571514010521,0.9450895270202081,0.1006815411238747,0.06680545406513638
ING Solution 2015 Port I,0.6093590748100131,0.9725890820137112,0.9459295224522735,0.10049957514055421,0.06685179926077567
ING Solution 2015 Port T,0.6055424447551256,0.9721755884788166,0.9451253748341333,0.09991298311792401,0.06743788699938422
Templeton Global Balanced A1,0.9012233472941051,0.9313974075469437,0.8675011307851674,0.1551865649550299,0.05865437654267096
Templeton Global Balanced C1,0.905480940574791,0.9365969819214652,0.8772139065443975,0.1550538470775212,0.056394410634455786
Templeton Global Balanced R,0.9110636155700658,0.9352430349857768,0.8746795344894069,0.15623671183481722,0.05710501929888225
Templeton Global Balanced Adv,0.9223353967332946,0.9332385641842401,0.870934217680662,0.15850728492512534,0.05827831282535062
Templeton Global Balanced A1 LW,0.9012233472941051,0.9313974075469437,0.8675011307851674,0.1551865649550299,0.05865437654267096
Templeton Global Balanced A,0.896650943253181,0.9332629807924425,0.8709797913175948,0.15409178848143973,0.05776371823850199
Templeton Global Balanced C,0.9006440320770632,0.931048240640529,0.8668508263998246,0.155145034848465,0.05879815538986381
Templeton Global Balanced A Load Waived,0.896650943253181,0.9332629807924425,0.8709797913175948,0.15409178848143973,0.05776371823850199
Westwood Income Opportunity Instl,0.37208461015755834,0.8764706604479184,0.7682008186260103,0.06809356515404513,0.10588300357385258
Westwood Income Opportunity A,0.3703453729148696,0.8751445559769556,0.7658779938561028,0.06787774405555917,0.10616661304834961
Westwood Income Opportunity A LW,0.3703453729148696,0.8751445559769556,0.7658779938561028,0.06787774405555917,0.10616661304834961
JHVIT Core Strategy Trust Ser II,0.732643868231088,0.9889439810364765,0.9780101976282748,0.11882805376197114,0.04634734044037375
JHVIT Core Strategy Trust Ser NAV,0.734607959292353,0.9891264456277674,0.9783711254402208,0.11912422416854601,0.046017448665652896
JHVIT Core Strategy Trust Ser I,0.7345867992015077,0.9893282478908362,0.9787703820747518,0.11909641022987655,0.04595750400777926
Columbia Income Builder R,0.39257060218266715,0.9443005644402614,0.8917035560021964,0.06669947128873054,0.09983831983768794
Columbia Income Builder Z,0.39211110893344236,0.9441370052529808,0.8913946846880672,0.06663178800521066,0.09991225135470864
Columbia Income Builder A Load Waived,0.3911530024939514,0.9431943177001735,0.8896155209418957,0.06653611274556025,0.1000944823593441
Columbia Income Builder A,0.3911530024939514,0.9431943177001735,0.8896155209418957,0.06653611274556025,0.1000944823593441
Columbia Income Builder B,0.39223129237646764,0.9405863159946541,0.8847026178363955,0.0669040367649552,0.10006279118215959
Columbia Income Builder C,0.3923884220339283,0.9438527609853093,0.8908580344195915,0.0666996064996203,0.09988567600991453
Columbia Income Builder R4,0.391566220924776,0.9421008117217327,0.8875539394467475,0.06668327534264959,0.10008644929316379
JPMorgan SmartRetirement 2040 Instl,1.0378120103934043,0.9814919165804799,0.9633263823128236,0.1695845268444321,0.033029965395958115
JPMorgan SmartRetirement 2040 A,1.038068990690938,0.981524695347967,0.9633907275779194,0.16962074797962068,0.033016377963429
JPMorgan SmartRetirement 2040 C,1.0380775918091116,0.981327736580683,0.9630041265825663,0.16965631163384967,0.03319127590287056
JPMorgan SmartRetirement 2040 Select,1.0368489757266393,0.9815357709176162,0.9634124695908394,0.16941957083864306,0.03293342527656146
JPMorgan SmartRetirement 2040 A LW,1.038068990690938,0.981524695347967,0.9633907275779194,0.16962074797962068,0.033016377963429
JPMorgan SmartRetirement 2040 R2,1.03674016036535,0.9814723737697828,0.9632880204732923,0.16941275102897457,0.03298317835782211
JPMorgan SmartRetirement 2015 R2,0.6328543897906604,0.9691541420302039,0.9392597510143007,0.10474492302541943,0.06427747960308752
JPMorgan SmartRetirement 2015 A LW,0.6323611555015469,0.969247768280947,0.9394412363175964,0.10465308902522065,0.06432542479148097
JPMorgan SmartRetirement 2015 A,0.6323611555015469,0.969247768280947,0.9394412363175964,0.10465308902522065,0.06432542479148097
JPMorgan SmartRetirement 2015 C,0.6335349365744949,0.968482545656809,0.9379584412418932,0.10493004521466126,0.06430733979142216
JPMorgan SmartRetirement 2015 Select,0.6308117095892298,0.9693464039528892,0.9396324508563978,0.10438630180947754,0.06451087835675172
JPMorgan SmartRetirement 2015 Instl,0.6338885798182913,0.9685612865189542,0.9381109657432518,0.10497988009543224,0.0642475256577707
MFS Diversified Income A Load Waived,0.5365424426158704,0.9164118508488217,0.8398106803761629,0.09392061648688062,0.08327224374628422
MFS Diversified Income A,0.5365424426158704,0.9164118508488217,0.8398106803761629,0.09392061648688062,0.08327224374628422
MFS Diversified Income C,0.5357506747170887,0.9143654477630353,0.836064172062896,0.09399160015868237,0.08359644286348665
MFS Diversified Income I,0.5350209887043897,0.9143638654628077,0.8360612784640874,0.09386407835126126,0.08367729533512148
MFS Diversified Income R1,0.5389766804544656,0.9160784164744554,0.8391996651303457,0.09438085174880953,0.08304048344570024
MFS Diversified Income R2,0.5365889620129619,0.9159497366528959,0.8389639200745094,0.09397607590606086,0.08332046324986267
MFS Diversified Income R3,0.5360217307590079,0.9151110040908024,0.8374281498080766,0.09396318320155733,0.08348035546678373
MFS Diversified Income R4,0.535176516855163,0.9149871998228915,0.837201575839736,0.09382780948587482,0.08358836212964897
TIAA-CREF Managed Allc Inst,0.6897146612788517,0.9826991943153471,0.9656977065080325,0.11257705077745474,0.05394245476087766
TIAA-CREF Managed Allc R,0.6853426481823207,0.9829304093333189,0.9661521895921658,0.11183760592998054,0.054485445467895806
TIAA-CREF Managed Allc Retail,0.6879449798267049,0.9828094227399669,0.9659143614264668,0.11227580699141944,0.05415765794244922
ING Franklin Income Port S,0.5655645804314149,0.9062681864604604,0.8213220257903318,0.10011137591358317,0.08149588644013646
ING Franklin Income Port I,0.563611226445527,0.9038223058047493,0.8168947604702137,0.10003575524743806,0.08201749473343156
ING Franklin Income Port Adv,0.5619065121405395,0.9051195306525953,0.8192413647687745,0.09959018161922628,0.08201021622734514
ING Franklin Income Port S2,0.5652214795788876,0.9046883633952632,0.8184610348627995,0.10022526477910743,0.08174372018541617
Fidelity Advisor Freedom 2045 A,1.0091962665245424,0.9855426198326375,0.9712942555065786,0.16423667122313693,0.02785803215355449
Fidelity Advisor Freedom 2045 B,1.0025023753798539,0.9853838381063914,0.9709813084012829,0.16317381517682883,0.027792057755695324
Fidelity Advisor Freedom 2045 C,1.0053364931525919,0.9854141954476144,0.9710411365896693,0.1636291507373799,0.027851270035876875
Fidelity Advisor Freedom 2045 T,1.0045836701475181,0.9853492781094239,0.9709131998707626,0.16351809227061143,0.027890177747831205
Fidelity Advisor Freedom 2045 I,1.0079973844987196,0.9857208542222371,0.9716456024486168,0.16401166272542675,0.02764013237177316
Fidelity Advisor Freedom 2045 A LW,1.0091962665245424,0.9855426198326375,0.9712942555065786,0.16423667122313693,0.02785803215355449
Franklin Balanced A Load Waived,0.6792889296846113,0.9621390130637413,0.9257114804592702,0.11324576779732863,0.05997126725949367
Franklin Balanced A,0.6792889296846113,0.9621390130637413,0.9257114804592702,0.11324576779732863,0.05997126725949367
Franklin Balanced C,0.6822847265637638,0.9623421569344319,0.9261024270132148,0.11372100241539838,0.059584704663000955
Franklin Balanced R,0.6788884247198874,0.9624699211071454,0.9263483490359945,0.1131401875841505,0.059943631978841276
Franklin Balanced Adv,0.6825289587650366,0.9624452983964983,0.9263009524055247,0.11374969025332268,0.059533692315645925
JHancock2 Retirement Living 2015 A LW,0.7289051080379343,0.978407615858327,0.9572814627695757,0.11949698985138973,0.049991200529133126
JHancock2 Retirement Living 2015 A,0.7289051080379343,0.978407615858327,0.9572814627695757,0.11949698985138973,0.049991200529133126
JHancock2 Lifecycle 2015 B,,,0,0,0
JHancock2 Lifecycle 2015 C,,,0,0,0
JHancock2 Lifecycle 2015 R,,,0,0,0
JHancock2 Retirement Living 2015 R1,0.731207447643313,0.9782605120242891,0.9569936293860242,0.11989192619102859,0.04975276554533474
JHancock2 Lifecycle 2015 R2 (obs),,,0,0,0
JHancock2 Retirement Living 2015 R3,0.7306481915100815,0.9790024445472383,0.9584457864294683,0.11970955763857431,0.049602425471191855
JHancock2 Retirement Living 2015 R4,0.7345903280456539,0.9784351257870454,0.9573352953739114,0.12042490796881285,0.049289248853177675
JHancock2 Retirement Living 2015 R5,0.7333211401463952,0.9789468120485085,0.9583368608199379,0.12015407762136875,0.04929061215111763
JHancock2 Retirement Living 2015 1,0.7310512123450221,0.9778839318843108,0.9562569842375193,0.11991250701933354,0.0498828076260377
JHancock2 Retirement Living 2015 R6,0.7295540428381748,0.97895951496646,0.9583617319433668,0.11953545605712936,0.04974994595386487
JHancock2 Lifecycle 2015 R2,0.7289889641168993,0.9784139633553474,0.9572938836887189,0.11950995504184218,0.049979059871144316
JHancock2 Lifecycle 2020 R2,0.8500924390596496,0.98386933821208,0.9679988746738764,0.13858306664489264,0.034525550746800616
JHancock2 Retirement Living 2020 R6,0.8494883140829442,0.9840769519173833,0.9684074472950079,0.1384550612086016,0.03446332280765686
JHancock2 Retirement Living 2020 A,0.8496881726357784,0.9837886533171359,0.967840114395544,0.13852851888071757,0.03460773894470783
JHancock2 Lifecycle 2020 B,,,0,0,0
JHancock2 Lifecycle 2020 C,,,0,0,0
JHancock2 Lifecycle 2020 R,,,0,0,0
JHancock2 Retirement Living 2020 R1,0.8482893270965575,0.9830774078713539,0.9664411898670605,0.13840066916896032,0.0351311707394892
JHancock2 Lifecycle 2020 R2 (obs),,,0,0,0
JHancock2 Retirement Living 2020 R3,0.8498825321695546,0.9834596480475994,0.9671928793379081,0.13860665559283392,0.034775233364564284
JHancock2 Retirement Living 2020 R4,0.8512767916978554,0.9833258937169281,0.9669298132541955,0.13885245616581515,0.03472626802968639
JHancock2 Retirement Living 2020 R5,0.85041153213363,0.9840772803175761,0.9684080936372372,0.13860570584507767,0.034378784196883755
JHancock2 Retirement Living 2020 1,0.8493324165491785,0.9835392721993723,0.9673494999584711,0.13850545176159157,0.03478004007563615
JHancock2 Retirement Living 2020 A LW,0.8496881726357784,0.9837886533171359,0.967840114395544,0.13852851888071757,0.03460773894470783
JHancock2 Retirement Living 2025 A LW,0.9509696690254233,0.9853197845896338,0.9708550779037624,0.15479465537618262,0.027564595316041603
JHancock2 Retirement Living 2025 A,0.9509696690254233,0.9853197845896338,0.9708550779037624,0.15479465537618262,0.027564595316041603
JHancock2 Lifecycle 2025 B,,,0,0,0
JHancock2 Lifecycle 2025 C,,,0,0,0
JHancock2 Lifecycle 2025 R,,,0,0,0
JHancock2 Retirement Living 2025 R1,0.9505141267306542,0.9847307614186871,0.9696946724842271,0.15481314496450194,0.028087793229610133
JHancock2 Lifecycle 2025 R2 (obs),,,0,0,0
JHancock2 Retirement Living 2025 R3,0.953232710937778,0.9857828835224678,0.9717678934458712,0.1550900791344535,0.027110062103884527
JHancock2 Retirement Living 2025 R4,0.951102248148914,0.9859542134268274,0.9721057109741139,0.1547166615097082,0.026997184392105286
JHancock2 Retirement Living 2025 1,0.9536646180181084,0.985504457014411,0.971219034795269,0.1552043032517146,0.027352058607793862
JHancock2 Retirement Living 2025 R5,0.9540688263229009,0.9854517722455383,0.9711151954218722,0.15527824059035228,0.027392341147568274
JHancock2 Retirement Living 2025 R6,0.9489687804508007,0.9855062402240974,0.9712225495206365,0.15443954900021836,0.027440790611939114
JHancock2 Lifecycle 2025 R2,0.9502261841761311,0.9852992040829699,0.970814521566534,0.1546769111416316,0.027597165513351788
JHancock2 Lifecycle 2030 R2,1.0243869608718335,0.9856491986972616,0.971504342892554,0.16668622056435403,0.028401630032872945
JHancock2 Retirement Living 2030 R6,1.0248644761764438,0.9863015710724463,0.9727907890999759,0.1666532536592196,0.02777112513498079
JHancock2 Retirement Living 2030 A,1.0234603580482913,0.9856696702956314,0.9715446989406986,0.1665320646418349,0.028336023361932777
JHancock2 Lifecycle 2030 B,,,0,0,0
JHancock2 Lifecycle 2030 C,,,0,0,0
JHancock2 Lifecycle 2030 R,,,0,0,0
JHancock2 Retirement Living 2030 R1,1.0238815565081316,0.9853550443027574,0.9709245633328891,0.16665365074400573,0.028667259113483782
JHancock2 Lifecycle 2030 R2 (obs),,,0,0,0
JHancock2 Retirement Living 2030 R3,1.0254509684401096,0.9861965993201127,0.9725837325105549,0.16676664316381967,0.0279065518806691
JHancock2 Retirement Living 2030 R4,1.027129367842495,0.9862235898074695,0.9726369690927319,0.16703501503724016,0.02796453043759779
JHancock2 Retirement Living 2030 R5,1.0264785911540022,0.9858018898681185,0.971805366067554,0.16700060470574832,0.02835463704133602
JHancock2 Retirement Living 2030 1,1.024986099282555,0.9857217283798512,0.9716473258001611,0.16677123688100814,0.02835926013862474
JHancock2 Retirement Living 2030 A LW,1.0234603580482913,0.9856696702956314,0.9715446989406986,0.1665320646418349,0.028336023361932777
JHancock2 Retirement Living 2035 A,1.0610603040097473,0.986163546744945,0.9725185409285693,0.17256182184768334,0.03022952783425819
JHancock2 Lifecycle 2035 B,,,0,0,0
JHancock2 Lifecycle 2035 C,,,0,0,0
JHancock2 Lifecycle 2035 R,,,0,0,0
JHancock2 Retirement Living 2035 R1,1.0603011038656736,0.9864360125957672,0.9730560069458366,0.17239087557701258,0.029897635218662198
JHancock2 Lifecycle 2035 R2 (obs),,,0,0,0
JHancock2 Retirement Living 2035 R3,1.056216464618176,0.9861476640465832,0.9724872153045326,0.17177718319130553,0.029878383531082738
JHancock2 Retirement Living 2035 R5,1.0577582473878517,0.9861337543150039,0.9724597813994045,0.1720302195333765,0.030007349545150722
JHancock2 Retirement Living 2035 R4,1.0567528270934816,0.9863919942802402,0.9729691663801493,0.17182190044570458,0.02967280858753957
JHancock2 Retirement Living 2035 1,1.0634853076616515,0.986494850910833,0.9731720908735866,0.17289791062744922,0.030087414740727913
JHancock2 Retirement Living 2035 A LW,1.0610603040097473,0.986163546744945,0.9725185409285693,0.17256182184768334,0.03022952783425819
JHancock2 Retirement Living 2035 R6,1.0615016361806764,0.9864849789059855,0.9731526136071428,0.1725769143987777,0.02994137815816417
JHancock2 Lifecycle 2035 R2,1.060851863033247,0.9861647430055097,0.9725209003471231,0.17252772478995618,0.03021220753669426
JHancock2 Lifecycle 2040 R2,1.0560675629979748,0.9867062961431741,0.973589314848581,0.17165580310354372,0.029303265459671893
JHancock2 Retirement Living 2040 R6,1.0556859813299124,0.986888665429096,0.9739492379524222,0.17156181778931714,0.029088600758691904
JHancock2 Retirement Living 2040 A LW,1.056207413999156,0.9867043997085726,0.9735855724042547,0.17167885703352945,0.029315599003844187
JHancock2 Retirement Living 2040 A,1.056207413999156,0.9867043997085726,0.9735855724042547,0.17167885703352945,0.029315599003844187
JHancock2 Lifecycle 2040 B,,,0,0,0
JHancock2 Lifecycle 2040 C,,,0,0,0
JHancock2 Lifecycle 2040 R,,,0,0,0
JHancock2 Retirement Living 2040 R1,1.0595865231330297,0.986527178512819,0.9732358739444635,0.1722586722231631,0.029750714050340753
JHancock2 Lifecycle 2040 R2 (obs),,,0,0,0
JHancock2 Retirement Living 2040 R3,1.0559099133794454,0.9862642019378968,0.9727170760241964,0.17170711873149888,0.029738820732824082
JHancock2 Retirement Living 2040 R4,1.0534269046934368,0.9864750866946951,0.9731330966693063,0.17126674402627998,0.029344523019304236
JHancock2 Retirement Living 2040 R5,1.0586003094900915,0.9860838601164464,0.9723613791821515,0.17217584764799698,0.030120692919107003
JHancock2 Retirement Living 2040 1,1.058095926933901,0.986158987608992,0.972509548841992,0.17208062326243723,0.03000753815042385
JHancock2 Retirement Living 2045 A,1.0583456577293056,0.9863348168727365,0.9728563709753746,0.1720904408736055,0.029850080679358144
JHancock2 Lifecycle 2045 B,,,0,0,0
JHancock2 Lifecycle 2045 C,,,0,0,0
JHancock2 Lifecycle 2045 R,,,0,0,0
JHancock2 Retirement Living 2045 R1,1.0565363146403772,0.9859495758178517,0.9720965660554016,0.1718636807668979,0.030099772817190437
JHancock2 Lifecycle 2045 R2 (obs),,,0,0,0
JHancock2 Retirement Living 2045 R3,1.059720259977036,0.9861851993384471,0.9725612473942123,0.1723403683193738,0.03010472720593894
JHancock2 Retirement Living 2045 R4,1.0594534130125113,0.9862338457930544,0.9726571985877581,0.17228820298318057,0.030035638688762797
JHancock2 Retirement Living 2045 R5,1.0580441791741937,0.9858478178029223,0.9718959198667839,0.17212660230018734,0.030313430883700004
JHancock2 Retirement Living 2045 1,1.0595409894842214,0.9865585314525427,0.9732977359817977,0.1722458908735529,0.029715523048105277
JHancock2 Retirement Living 2045 A LW,1.0583456577293056,0.9863348168727365,0.9728563709753746,0.1720904408736055,0.029850080679358144
JHancock2 Retirement Living 2045 R6,1.058925259983705,0.9866380724829988,0.9734546860729673,0.1721316004136511,0.02958785284559478
JHancock2 Lifecycle 2045 R2,1.059110052009759,0.9863270461261572,0.9728410419199506,0.17221604696203102,0.029915946893782564
Leuthold Asset Allocation Instl,0.7467158478873138,0.9417464119305424,0.8868863043840508,0.1271767393915948,0.05897297140291271
Leuthold Asset Allocation Retail,0.7447971981196086,0.9420061787240547,0.8873756407542956,0.126814922144544,0.05903086549503855
RiverNorth Core Opportunity,0.7387567296795519,0.951249026633104,0.9048747106704278,0.12456708990236849,0.05683140713281612
American Funds Trgt Date Ret 2010 A LW,0.4758591226330221,0.9545568841483073,0.9111788450749249,0.07997191396839981,0.08735471642053612
American Funds Trgt Date Ret 2010 A,0.4758591226330221,0.9545568841483073,0.9111788450749249,0.07997191396839981,0.08735471642053612
American Funds Trgt Date Ret 2010 R1,0.47415622997415985,0.9525688975407703,0.9073875045620386,0.07985186618590523,0.08774548053113618
American Funds Trgt Date Ret 2010 R2,0.47977641858324155,0.9539854592825477,0.9100882565225334,0.08067792748270122,0.0868494533028488
American Funds Trgt Date Ret 2010 R3,0.47723542554244985,0.9541832128854898,0.910465603752476,0.08023424337889117,0.087190154449148
American Funds Trgt Date Ret 2010 R4,0.473472560989103,0.9522984992341477,0.90687243164361,0.07975956300153189,0.08786168167527
American Funds Trgt Date Ret 2010 R5,0.47498037363752166,0.9522271352134029,0.9067365170367242,0.08001878176990282,0.08765640012216312
American Funds Trgt Date Ret 2010 R6,0.4773857357001394,0.9526364509221542,0.9075162076255581,0.08038976616237145,0.08728895308424063
American Funds Trgt Date Ret 2045 R6,0.9071491088402198,0.983368003470459,0.9670126302494766,0.1479531074727469,0.030714941202104905
American Funds Trgt Date Ret 2045 A,0.9093748775870091,0.9838573954336535,0.9679753745494923,0.14824216742723148,0.030242121088946056
American Funds Trgt Date Ret 2045 R1,0.9099169140110231,0.9843262890726205,0.9688982433594763,0.1482601045686462,0.02986569442269205
American Funds Trgt Date Ret 2045 R2,0.9098132832940391,0.98375922450315,0.9677822117950392,0.14832866122532434,0.03029215345779293
American Funds Trgt Date Ret 2045 R3,0.9103566509789562,0.9836027301237963,0.9674743307069857,0.1484407327803255,0.030380179566557627
American Funds Trgt Date Ret 2045 R4,0.9071801653873994,0.9835775912721537,0.9674248780527318,0.1479268757307996,0.030561162113847323
American Funds Trgt Date Ret 2045 R5,0.911594011965252,0.9840056761728233,0.9682671707403352,0.14858159438678417,0.030019273086549857
American Funds Trgt Date Ret 2045 A LW,0.9093748775870091,0.9838573954336535,0.9679753745494923,0.14824216742723148,0.030242121088946056
American Funds Trgt Date Ret 2050 A LW,0.9059843589771497,0.9836398998173884,0.9675474525127619,0.1477226239687134,0.030579213146616286
American Funds Trgt Date Ret 2050 A,0.9059843589771497,0.9836398998173884,0.9675474525127619,0.1477226239687134,0.030579213146616286
American Funds Trgt Date Ret 2050 R1,0.9094716849687468,0.9835832560031235,0.9674360214897058,0.14829953635329474,0.0304390068455154
American Funds Trgt Date Ret 2050 R2,0.9085837991079065,0.9839376181675263,0.9681332364451848,0.14810137091264372,0.03022399333722732
American Funds Trgt Date Ret 2050 R3,0.9115885799924667,0.9841418666705938,0.968535213733881,0.14856007841212224,0.029917660885029406
American Funds Trgt Date Ret 2050 R4,0.9110815035159019,0.9837310520021962,0.9677267826733477,0.14853941855086206,0.030249201220394307
American Funds Trgt Date Ret 2050 R5,0.9110382418919221,0.9840061660237123,0.9682681347726856,0.14849074341069496,0.030046892104518417
American Funds Trgt Date Ret 2050 R6,0.9106035451108834,0.9840859755409473,0.9684252072563779,0.14840787508957295,0.030009510824789244
Wells Fargo Advantage DJ Target 2015 Adm,0.36786597798593834,0.9103148495713015,0.8286731253500215,0.06483608881608996,0.10484821494008872
Wells Fargo Advantage DJ Target 2015 I,0.36658994470338463,0.9088636992015225,0.8260332237262757,0.06471479384626715,0.10508573340747203
Wells Fargo Advantage DJ Target 2015 Inv,0.371683091387121,0.9118113359904539,0.8313999124406964,0.06540099390034562,0.10426118588641105
Wells Fargo Advantage DJ Target 2050 Adm,0.9966632101838278,0.9820683853707961,0.9644583135448024,0.1627683606178676,0.030683033830495535
Wells Fargo Advantage DJ Target 2050 I,0.9955311483989999,0.9818921538295915,0.9641122017521141,0.16261257648745023,0.030806228725804324
Wells Fargo Advantage DJ Target 2050 Inv,0.9970177679227054,0.9816161604006826,0.9635702863597786,0.16290111255774742,0.031088302345042288
ING Franklin Templeton Fdng Str Port Adv,0.8728686515152738,0.9657526040297645,0.9326780921902711,0.1449628433660863,0.04277265637836086
ING Franklin Templeton Fdng Str Port I,0.877403665384633,0.9665486222451571,0.9342162391640116,0.14559560082630046,0.04219208900115551
ING Franklin Templeton Fdng Str Port S,0.8762658269651212,0.9669664112226555,0.9350240404328215,0.1453442306620996,0.04201796706552589
Allianz AGIC Income & Growth A LW,0.7725658071176003,0.9661025181497914,0.9333540755753681,0.12826687150179578,0.049251056848108536
Allianz AGIC Income & Growth A,0.7725658071176003,0.9661025181497914,0.9333540755753681,0.12826687150179578,0.049251056848108536
Allianz AGIC Income & Growth C,0.7692731837108506,0.9676899222168726,0.9364237855600968,0.12751133990960026,0.04900708127528005
Allianz AGIC Income & Growth D,0.767218050016386,0.9658166650778182,0.9328018305420384,0.1274173055807846,0.04983398393001554
Allianz AGIC Income & Growth Instl,0.7710013322074056,0.9676089190876439,0.9362670202979586,0.12780841270157567,0.04887378343786604
Allianz AGIC Income & Growth P,0.771341438440604,0.9673789748406298,0.9358220809637081,0.1278950770144682,0.048921681744261016
Allianz AGIC Income & Growth R,0.7696928098214576,0.9666522594174928,0.9344165906369439,0.12771749976261076,0.04932329451060817
JPMorgan SmartRetirement 2025 A LW,0.8710176733933971,0.9795243157145401,0.9594678850760381,0.1426217272186895,0.03538008107351206
JPMorgan SmartRetirement 2025 Select,0.8696864243571876,0.9796245469056566,0.959664252900113,0.1423892926159869,0.03541131161720181
JPMorgan SmartRetirement 2025 A,0.8710176733933971,0.9795243157145401,0.9594678850760381,0.1426217272186895,0.03538008107351206
JPMorgan SmartRetirement 2025 C,0.8700144258121574,0.9795763751998147,0.9595698748496079,0.14244980590971448,0.03541718551022801
JPMorgan SmartRetirement 2025 Instl,0.869973466994222,0.9797658521029485,0.9599411249470168,0.14241560751226673,0.035309076044653775
JPMorgan SmartRetirement 2025 R2,0.8681430759109541,0.9798137181828261,0.9600349223392546,0.14210925573608463,0.03540719687165577
JPMorgan SmartRetirement 2035 R2,1.0357629872167347,0.981768983666286,0.9638703372891321,0.16920185281334835,0.032661677775119184
JPMorgan SmartRetirement 2035 A,1.035053502820452,0.9819921876358436,0.9643086565778298,0.1690473852561039,0.032420485986392994
JPMorgan SmartRetirement 2035 C,1.0327255342299888,0.9814421200202641,0.9632286349498707,0.16876187774597137,0.032777035919935804
JPMorgan SmartRetirement 2035 Instl,1.0369275390075512,0.9816486626605391,0.9636340969032249,0.16941257475583427,0.03283776997495849
JPMorgan SmartRetirement 2035 Select,1.0373799089925506,0.98160912425129,0.9635564728133843,0.16949337674427364,0.03289995376371914
JPMorgan SmartRetirement 2035 A LW,1.035053502820452,0.9819921876358436,0.9643086565778298,0.1690473852561039,0.032420485986392994
JHVIT Global Diversification Tr Ser I,0.7474858661946894,0.9442706761820941,0.8916471098973894,0.12697382158162893,0.058181492176863886
JHVIT Global Diversification Tr Ser II,0.751264902315621,0.9442760002852308,0.8916571647146734,0.12761482336731889,0.05791283301427857
JHVIT Global Diversification Tr Ser III,0.7486873810815262,0.9441223897191446,0.8913670867689885,0.12719796346700754,0.058139626128068785
Fidelity Advisor Asset Manager 60% I,0.71844609119394,0.9770189287744913,0.9545659871836544,0.1179520484426576,0.0516701123669205
Fidelity Advisor Asset Manager 60% A LW,0.7143578109522495,0.9765478921308091,0.9536457856251261,0.11733749703551068,0.05230214448608521
Fidelity Asset Manager 60%,0.7163235963170471,0.9764343429586607,0.9534240261091114,0.11767417868156974,0.05209100156482197
Fidelity Advisor Asset Manager 60% A,0.7143578109522495,0.9765478921308091,0.9536457856251261,0.11733749703551068,0.05230214448608521
Fidelity Advisor Asset Manager 60% B,0.7205492572168681,0.976793637552428,0.954125810362904,0.11832435928962949,0.051474458530020126
Fidelity Advisor Asset Manager 60% C,0.717205208240136,0.9762563418151422,0.9530764449342839,0.11784023709603084,0.052031513868961224
Fidelity Advisor Asset Manager 60% T,0.717795768641215,0.9760702819090289,0.9527131952259711,0.11795977695754195,0.05201030515886708
Principal LifeTime 2015 R1,0.7218093774319624,0.978985492219245,0.9584125939757575,0.11826423402245338,0.050705068546517594
Principal LifeTime 2015 R2,0.7263828205850423,0.9793799197815678,0.95918502727135,0.11896504833859278,0.050021090828112555
Principal LifeTime 2015 R3,0.7222454809927075,0.9791230156617712,0.958681879798601,0.11831905823800805,0.05061168169057135
Principal LifeTime 2015 R4,0.7227054516149162,0.9792649049067617,0.9589597539820489,0.11837727420805377,0.05051391697981193
Principal LifeTime 2015 R5,0.7250548895805922,0.9789602168235687,0.9583631061232487,0.11879838264867759,0.05030720666003648
Principal LifeTime 2015 Instl,0.7241200293675102,0.9793493523020581,0.9591251538544605,0.11859838395318283,0.050312668908371654
Principal LifeTime 2025 R1,0.8632931431565456,0.9840528831342628,0.9683600768048549,0.1407070333279863,0.03326526741966188
Principal LifeTime 2025 R2,0.8626988503246205,0.983882040706537,0.9680238700248596,0.14063461413793818,0.03341805038809614
Principal LifeTime 2025 R3,0.860373713722374,0.9839164176760612,0.9680915169724933,0.14025079637731286,0.03359381856399717
Principal LifeTime 2025 R4,0.861637345938768,0.9842764588309659,0.9688001474088263,0.14040544442826894,0.03327063144318982
Principal LifeTime 2025 R5,0.8633909158350096,0.9838716118435887,0.9680033485917012,0.14074891991134902,0.03336654824212275
Principal LifeTime 2025 Instl,0.8646298679625289,0.9839679851450118,0.9681929957903341,0.14093696215804088,0.03320531467734243
Principal LifeTime 2035 R1,0.9577183552997353,0.9862162839978155,0.9726225588224596,0.1557500201467504,0.026641394043110535
Principal LifeTime 2035 R2,0.9598898300739797,0.9859168459284395,0.9720320270854824,0.15615020723146672,0.02688818499368928
Principal LifeTime 2035 R3,0.9594783841846091,0.9866798902028173,0.9735372057306438,0.15596271840389478,0.02618387974836535
Principal LifeTime 2035 R4,0.9575037529483211,0.9863168459692766,0.9728209206427817,0.15569909247359795,0.026551695049877966
Principal LifeTime 2035 R5,0.9595331804279891,0.986158335525503,0.9725082627264307,0.15605414247036523,0.02666985789938396
Principal LifeTime 2035 Instl,0.9614026925355855,0.9863284423937465,0.9728437962748742,0.15633114700785516,0.026488925121285072
American Century LIVESTRONG 2020 A,0.595202061120981,0.9836876277438393,0.9676413489763023,0.09705412395012383,0.06721290328663303
American Century LIVESTRONG 2020 Inv,0.597090570661513,0.9832171477933983,0.9667159597149851,0.09740878602279306,0.06700268712760918
American Century LIVESTRONG 2020 Instl,0.5951696078634512,0.9830067337376669,0.9663022385735964,0.09711631416864985,0.06731463351556238
American Century LIVESTRONG 2020 R,0.5956432811065917,0.9839044779333416,0.9680680216972813,0.09710452100036132,0.06711700328305716
American Century LIVESTRONG 2020 C,0.5949600524852233,0.9836369445752358,0.9675416387333055,0.09701928229067464,0.06725574300836784
American Century LIVESTRONG 2020 A LW,0.595202061120981,0.9836876277438393,0.9676413489763023,0.09705412395012383,0.06721290328663303
American Century LIVESTRONG 2030 A LW,0.7153175435720475,0.9883604959700962,0.9768564699942546,0.11608332280048261,0.04894259139125193
American Century LIVESTRONG 2030 C,0.7126971718518651,0.9887123279433144,0.9775520674270882,0.11561714434762443,0.04921504405608686
American Century LIVESTRONG 2030 R,0.7168253641881921,0.988285385839554,0.9767080038640362,0.11633658121168447,0.048751761338792374
American Century LIVESTRONG 2030 Inv,0.7147490039767628,0.9879843393657598,0.9761130548319967,0.11603506100440464,0.04912691220911308
American Century LIVESTRONG 2030 Instl,0.7156440581058536,0.9884640694135124,0.9770612165215211,0.11612391205178323,0.04886778225646657
American Century LIVESTRONG 2030 A,0.7153175435720475,0.9883604959700962,0.9768564699942546,0.11608332280048261,0.04894259139125193
Vanguard Managed Payout Dis Focus Inv,0.6376394120849858,0.9699061431984562,0.9407179266141044,0.10545556078558488,0.06351930778896549
ING Retirement Conservative Port Instl,0.30579171637186287,0.8944363098254987,0.8000163123342555,0.054850646791390754,0.11398065671987338
ING LifeStyle Conservative S2,,,0,0,0
ING Retirement Conservative Port Adv,0.30219247827188384,0.8937436419155471,0.7987776974644657,0.05424732666075593,0.11450280465599917
ING LifeStyle Conservative S,,,0,0,0
USAA Target Retirement 2020,0.5143702723169159,0.9456921071624722,0.8943335615493969,0.08725750480630577,0.0828686847808398
USAA Target Retirement 2030,0.7216350248256939,0.9663202135054412,0.9337747550292015,0.11978443849331857,0.0542385369493043
USAA Target Retirement 2040,0.9247989439256638,0.9757406207834693,0.95206975904691,0.15201205806443085,0.0353892825204414
Putnam Absolute Return 500 A LW,0.21208685221660942,0.8184672078585519,0.669888570339774,0.04158604489622061,0.12857393272204312
Putnam Absolute Return 500 A,0.21208685221660942,0.8184672078585519,0.669888570339774,0.04158604489622061,0.12857393272204312
Putnam Absolute Return 500 B,0.2132944697951349,0.8195675782740794,0.6716910153580393,0.04176687666066656,0.12839076803497165
Putnam Absolute Return 500 C,0.21076132702369177,0.8119201701217306,0.6592143626504999,0.04165982767462701,0.12886236908942109
Putnam Absolute Return 500 M,0.2112967514737244,0.8130089588549358,0.6609835671783868,0.04170924211109799,0.12877162275023024
Putnam Absolute Return 500 R,0.21090947628585424,0.8159158718335675,0.6657187099099304,0.041485718224918484,0.12877646425541722
Putnam Absolute Return 500 Y,0.2124631249027986,0.8171259406926398,0.6676948029528315,0.041728871168969756,0.12854466627133448
Putnam Absolute Return 700 A,0.2528359136961288,0.7991494201287588,0.6386397956921314,0.0507722860942407,0.12362468143862927
Putnam Absolute Return 700 B,0.2519646666402924,0.8003191284061544,0.6405107072927866,0.05052392342007232,0.1237040461522115
Putnam Absolute Return 700 C,0.25107560521321554,0.7975516691245559,0.636088664923365,0.05052022486768942,0.12388723424865701
Putnam Absolute Return 700 M,0.2515743432011819,0.7983859065429141,0.6374200557663507,0.0505674112930104,0.12380303173148947
Putnam Absolute Return 700 R,0.2535370219859641,0.8022367472559434,0.6435837986477965,0.0507167010462929,0.12345615714714926
Putnam Absolute Return 700 Y,0.2522982539881954,0.8007525130851746,0.6412045872122227,0.050562352093307714,0.12365081808428542
Putnam Absolute Return 700 A LW,0.2528359136961288,0.7991494201287588,0.6386397956921314,0.0507722860942407,0.12362468143862927
Maxim Lifetime 2015 II L,0.5831253953935659,0.9722754699209095,0.9453195894099253,0.09620325495619751,0.07052522895134762
Maxim Lifetime 2015 II T,0.5827944322517205,0.9723544631802317,0.9454732020665165,0.09614099834703886,0.07056082906169009
Maxim Lifetime 2015 II T1,0.5843626195007218,0.9730204997727944,0.9467688929780986,0.09633392450176427,0.07025138282409955
Maxim Lifetime 2025 II T,0.7952199365275917,0.983035515700947,0.9663588251294268,0.12974693864310705,0.040548465927165184
Maxim Lifetime 2025 II T1,0.7938203702079935,0.9831180915123942,0.9665211818589722,0.12950784571791302,0.04067135497526718
Maxim Lifetime 2025 II L,0.7964973180848525,0.9830988902634991,0.9664834280373233,0.12994684043390606,0.040378371496842806
Fidelity Freedom K 2000,,,0,0,0
Fidelity Freedom Index 2020 W,,,0,0,0
Fidelity Freedom Index 2025 W,,,0,0,0
Fidelity Freedom Index 2030 W,,,0,0,0
MassMutual Select BlackRock Glbl Al A LW,,,0,0,0
MassMutual Select BlackRock Glbl Allc L,,,0,0,0
MassMutual Select BlackRock Glbl Allc A,,,0,0,0
MassMutual Select BlackRock Glbl Allc Y,,,0,0,0
MassMutual Select BlackRock Glbl Allc S,,,0,0,0
Wells Fargo Advantage DJ Target 2035 Adm,0.8994049479068204,0.980589870657151,0.9615564944354081,0.14711058582900885,0.03304078959462365
Wells Fargo Advantage DJ Target 2035 I,0.8988979703409646,0.9815936118138245,0.9635260187537094,0.1468771410572559,0.03239170950985835
Wells Fargo Advantage DJ Target 2035 Inv,0.8971315713370154,0.980474126960944,0.9613295136398253,0.14675599452571084,0.03323355496463375
Hartford Global All-Asset A Load Waived,,,0,0,0
Hartford Global All-Asset Y,,,0,0,0
Hartford Global All-Asset R5,,,0,0,0
Hartford Global All-Asset R4,,,0,0,0
Hartford Global All-Asset R3,,,0,0,0
Hartford Global All-Asset I,,,0,0,0
Hartford Global All-Asset C,,,0,0,0
Hartford Global All-Asset A,,,0,0,0
Goldman Sachs Dynamic Allocation A LW,,,0,0,0
Goldman Sachs Dynamic Allocation Inst,,,0,0,0
Goldman Sachs Dynamic Allocation R,,,0,0,0
Goldman Sachs Dynamic Allocation IR,,,0,0,0
Goldman Sachs Dynamic Allocation A,,,0,0,0
Goldman Sachs Dynamic Allocation C,,,0,0,0
USAA Managed Allocation,,,0,0,0
JNL/BlackRock Global Allocation B,,,0,0,0
JNL/BlackRock Global Allocation A,,,0,0,0
Wells Fargo Advantage Absolute Ret A,,,0,0,0
Wells Fargo Advantage Absolute Ret C,,,0,0,0
Wells Fargo Advantage Absolute Ret Adm,,,0,0,0
Wells Fargo Advantage Absolute Ret A LW,,,0,0,0
SEI Instl Mgd Multi-Asset Accumulation A,,,0,0,0
Wells Fargo Advantage DJ Target 2020 Inv,0.49682390192766507,0.952201675676488,0.9066880311611116,0.08370272112393218,0.08463278822978154
Wells Fargo Advantage DJ Target 202 A LW,0.49490843713658517,0.9524917050602222,0.9072404482085293,0.08335455810342206,0.08487112755945024
Wells Fargo Advantage DJ Target 2020 I,0.4965780665975425,0.9534921724654094,0.9091473229528062,0.08354808041143393,0.08455477486798887
Wells Fargo Advantage DJ Target 2020 A,0.49490843713658517,0.9524917050602222,0.9072404482085293,0.08335455810342206,0.08487112755945024
Wells Fargo Advantage DJ Target 2020 B,0.49516716591970655,0.9534475021778751,0.9090621394092292,0.08331478199366829,0.08475340230774836
Wells Fargo Advantage DJ Target 2020 Adm,0.49619500688243706,0.9530229183075356,0.9082526828194116,0.08352494896794553,0.08464816121360506
Wells Fargo Advantage DJ Target 2020 C,0.4970842357150345,0.9535224374762299,0.9092050387706107,0.08363045724639298,0.08448231897739086
Lord Abbett Balanced Strategy B,0.8433895080130549,0.974404183254429,0.9494635123437308,0.13882495622296104,0.04005012158190808
Lord Abbett Balanced Strategy A,0.8433101090683337,0.9746807405862211,0.9500025460697042,0.13877231856714659,0.039919187716580845
Lord Abbett Balanced Strategy I,0.8434243277465588,0.9740415450209786,0.948756931426855,0.1388823754791658,0.04022633894251376
Lord Abbett Balanced Strategy A LW,0.8433101090683337,0.9746807405862211,0.9500025460697042,0.13877231856714659,0.039919187716580845
Lord Abbett Balanced Strategy C,0.8408371398089933,0.97438741910102,0.9494308425023469,0.13840747733047587,0.04024313900938596
Lord Abbett Balanced Strategy P,0.842825795570163,0.9737021716106159,0.9480959189992294,0.13883209204009306,0.04043520983512124
Lord Abbett Balanced Strategy F,0.8441631758595636,0.9741665851948204,0.9490005357101371,0.13898631477415935,0.04011231759564635
Lord Abbett Balanced Strategy R2,0.8453604002479015,0.9737710414097259,0.9482300410881822,0.13924042813957513,0.040223973116380894
Lord Abbett Balanced Strategy R3,0.841385465948789,0.973116452354991,0.9469556298439634,0.1386784938870445,0.04082160243555808
T. Rowe Price Balanced,0.7401937921626913,0.9881529397159406,0.9764462322692554,0.12014626845228751,0.04555485052027783
Vanguard LifeStrategy Income Inv,0.20566476306323977,0.8354424663963542,0.6979641146584235,0.03951479306853019,0.12920223642569886
Berwyn Income,0.34859079549463373,0.8828492197870864,0.7794227448786671,0.0633613223052736,0.10860048904168193
Putnam Dynamic Asset Allocation Bal B,0.7209314804147101,0.9806059527853176,0.9615880346380004,0.11792484510118903,0.05035996438784908
Putnam Dynamic Asset Allocation Bal A,0.7210042014383312,0.9803514042335797,0.9610888757827516,0.11796742459594511,0.05042230911596006
Putnam Dynamic Asset Allocation Bal M,0.7195176225843722,0.9804331053332678,0.9612490740334345,0.11771448562820085,0.05058908792144992
Putnam Dynamic Asset Allocation Bal Y,0.7238041628080243,0.9804632731411222,0.9613082299786029,0.11841180110085192,0.05003453494898441
Putnam Dynamic Asset Allocation Bal C,0.7236407434615202,0.9814280248773438,0.9632009680146443,0.11826881941502425,0.049779615940949914
Putnam Dynamic Asset Allocation Bal A LW,0.7210042014383312,0.9803514042335797,0.9610888757827516,0.11796742459594511,0.05042230911596006
Putnam Dynamic Asset Allocation Bal R,0.7205358650253324,0.9807323299117898,0.9618359029342077,0.11784514926121807,0.050375035033041825
Columbia Balanced A Load Waived,0.683384272280654,0.9928444231087329,0.9857400484981127,0.11040227021572085,0.05245071254177763
Columbia Balanced B,0.6824563291886029,0.9927012770396891,0.9854558254362296,0.11026842924795575,0.052623562209861315
Columbia Balanced D,,,0,0,0
Columbia Balanced A,0.683384272280654,0.9928444231087329,0.9857400484981127,0.11040227021572085,0.05245071254177763
Columbia Balanced C,0.6836521470199328,0.9928202888877296,0.9856921260271148,0.11044829327545688,0.052416092538237216
Columbia Balanced Z,0.682360366172571,0.992760258474554,0.9855729308064631,0.11024627088555096,0.05262426583629864
Columbia Balanced R,0.6830756572450496,0.9925174909646013,0.9850909698706674,0.11038859290705026,0.05257343570197423
Columbia Balanced R4,0.682372786286489,0.9926299990036179,0.9853143149219226,0.1102629421405306,0.05265268363306307
Columbia Balanced R5,0.6825291532389819,0.9927641220239288,0.9855806019779422,0.11027290214837135,0.05259799738637529
Fidelity Asset Manager 70%,0.8396275056642009,0.9795059526002994,0.9594319111794198,0.13748952049700366,0.037784431094577256
Fidelity Advisor Asset Manager 70% A LW,0.8417882632324089,0.9793540292680177,0.9591343146435013,0.1378645161979636,0.03768031348040663
Fidelity Advisor Asset Manager 70% A,0.8417882632324089,0.9793540292680177,0.9591343146435013,0.1378645161979636,0.03768031348040663
Fidelity Advisor Asset Manager 70% B,0.8398762815512137,0.9792310049752649,0.9588933611048673,0.13756893011933705,0.037903615956549834
Fidelity Advisor Asset Manager 70% C,0.8386708205844766,0.9789786259558088,0.9583991500783233,0.13740688740007556,0.03813321144689145
Fidelity Advisor Asset Manager 70% I,0.8389366981572962,0.9792178455413441,0.9588675890266316,0.13741690004464377,0.03798962698435179
Fidelity Advisor Asset Manager 70% T,0.838532133428609,0.9792156743154196,0.9588633368250019,0.13735084171116124,0.03802501457099248
Fidelity Advisor Asset Manager 20% A,0.24836632750026635,0.9075959978247566,0.8237304952675157,0.043927322736394186,0.12192086834267389
Fidelity Advisor Asset Manager 20% B,0.2453731968331735,0.9069298870203579,0.8225218199707591,0.04343098560402964,0.12237337826983216
Fidelity Advisor Asset Manager 20% C,0.24888198253328428,0.9050887317823646,0.8191856123994091,0.04414055241063159,0.1218889332795206
Fidelity Advisor Asset Manager 20% T,0.24853215020408995,0.9094718966384292,0.8271391307751017,0.04386634624671368,0.12186385071047232
Fidelity Advisor Asset Manager 20% I,0.2463057519083478,0.9066587272964715,0.8220300477828575,0.0436088051169311,0.12224057210865986
Fidelity Advisor Asset Manager 20% A LW,0.24836632750026635,0.9075959978247566,0.8237304952675157,0.043927322736394186,0.12192086834267389
Fidelity Asset Manager 20%,0.2467663736546917,0.9069156308441929,0.8224959614695204,0.04367778386892117,0.12216831200339456
Putnam Dynamic Asset Allocation: Gr A,0.9794002945235861,0.9855607929453285,0.9713300765910248,0.15938166385549676,0.027181728296297017
Putnam Dynamic Asset Allocation: Gr B,0.9789330404515848,0.9854034410705443,0.9710199416736697,0.15933108369550106,0.027326803344945656
Putnam Dynamic Asset Allocation: Gr C,0.9773223953826453,0.9855793287683833,0.9713666132955369,0.1590405455652336,0.02714998943646203
Putnam Dynamic Asset Allocation: Gr Y,0.9766781519650136,0.9850120183946477,0.9702486763818979,0.15902735623752165,0.027677090896777362
Putnam Dynamic Asset Allocation: Gr M,0.9794607419580599,0.9855407284438947,0.9712905274217227,0.1593947237849015,0.027201217735003107
Putnam Dynamic Asset Allocation: Gr R,0.9812273421016289,0.9855348715062363,0.9712789829548137,0.15968296241318977,0.027222342084543435
Putnam Dynamic Asset Allocation: Gr A LW,0.9794002945235861,0.9855607929453285,0.9713300765910248,0.15938166385549676,0.027181728296297017
Wells Fargo Advantage DJ Target 2030 A,0.7836855235676934,0.9790644254050908,0.9585671490938005,0.1283877920246403,0.043423235134676774
Wells Fargo Advantage DJ Target 2030 C,0.7839661998888569,0.9788952817803014,0.9582359726917357,0.12845573926442747,0.04345852831788683
Wells Fargo Advantage DJ Target 2030 B,0.7840957785617283,0.979364349622416,0.959154529311338,0.1284156097942002,0.043262392005039584
Wells Fargo Advantage DJ Target 2030 Adm,0.7835145736927525,0.9792187347835749,0.9588693305511452,0.128339611792624,0.04338194047238683
Wells Fargo Advantage DJ Target 203 A LW,0.7836855235676934,0.9790644254050908,0.9585671490938005,0.1283877920246403,0.043423235134676774
Wells Fargo Advantage DJ Target 2030 I,0.7849026279179326,0.9794100324652266,0.9592440116935363,0.12854157723362136,0.04315714483831539
Wells Fargo Advantage DJ Target 2030 Inv,0.7840961040952584,0.979365710085118,0.9591571940905272,0.1284155632121041,0.04326182752318282
Waddell & Reed Asset Strategy Y,0.9940722450576257,0.8561869884034533,0.7330561591113749,0.18618930362048774,0.09619157336772527
Waddell & Reed Asset Strategy A,0.9930044673911143,0.8552376344239767,0.7314314113351196,0.18619575490865953,0.09648902183406989
Waddell & Reed Asset Strategy C,0.9959151391904634,0.8562501332684566,0.7331642907222495,0.1865206136525908,0.09634079857072222
Waddell & Reed Asset Strategy B,0.9958572408059612,0.8560566548323284,0.7328329962827163,0.18655226039885187,0.09641682882560441
Waddell & Reed Asset Strategy A LW,0.9930044673911143,0.8552376344239767,0.7314314113351196,0.18619575490865953,0.09648902183406989
T. Rowe Price Personal Strat Balanced,0.7899320208336889,0.9829461836912138,0.9661832000331213,0.12889712149095497,0.04118366652749606
Calamos Growth & Income A,0.7796852949954567,0.9285881782260191,0.862276004741117,0.13467321376173158,0.06119120506138739
Calamos Growth & Income I,0.7785381958786411,0.9283609885941047,0.8618541251434233,0.1345080430256556,0.06130986266222161
Calamos Growth & Income C,0.7794807578317514,0.9284332663367314,0.861988330040692,0.1346602469018844,0.06124882330118833
Calamos Growth & Income A Load Waived,0.7796852949954567,0.9285881782260191,0.862276004741117,0.13467321376173158,0.06119120506138739
Calamos Growth & Income B,0.7783326000756201,0.9284967219182476,0.8621061626129315,0.13445286836369802,0.061275110073409696
Calamos Growth & Income R,0.779354016385437,0.9285713377858912,0.8622447293574795,0.13461836732387564,0.06120992886736984
Oppenheimer Capital Income N,0.3250918412151665,0.9190037686207716,0.8445679267391807,0.05677708991317083,0.1105047465942294
Oppenheimer Capital Income A LW,0.3245291736845167,0.9227601186794419,0.8514862366252975,0.05644915916372302,0.11046743756927606
Oppenheimer Capital Income A,0.3245291736845167,0.9227601186794419,0.8514862366252975,0.05644915916372302,0.11046743756927606
Oppenheimer Capital Income C,0.32365036305077377,0.9217053399012218,0.8495407336024268,0.056360562966030626,0.11062679479966178
Oppenheimer Capital Income B,0.32334910604496625,0.9206559843506895,0.8476074415207371,0.05637218753094472,0.11070274239274035
Oppenheimer Capital Income Y,0.3226025725940509,0.9238107913939949,0.8534263782959992,0.05604970609241833,0.11071284051625714
Pax World Balanced Instl,0.8193694828245921,0.9730718709350833,0.9468688660051034,0.1350514792609015,0.04251403687184808
Pax World Balanced R,0.8190097393093161,0.9733646240189278,0.9474386912915087,0.1349516455326002,0.04241442264295416
Pax World Balanced Individual Inv,0.8207328583016199,0.9737598936662659,0.9482083305129375,0.1351806467462685,0.042097695534788045
Fidelity Advisor Balanced A,0.6620763859820815,0.9860132335415639,0.9722220967190905,0.10770742699725913,0.05707859304894227
Fidelity Advisor Balanced C,0.6618712633718543,0.9861044744007484,0.9724020344331764,0.10766422710325128,0.05708929798584135
Fidelity Advisor Balanced I,0.6608729454560919,0.9862036703783342,0.9725976794676982,0.10749107485113976,0.057212628117255145
Fidelity Advisor Balanced T,0.662141683948184,0.9863431793985664,0.9728728675460725,0.10768209445743254,0.057001219785767984
Fidelity Advisor Balanced A Load Waived,0.6620763859820815,0.9860132335415639,0.9722220967190905,0.10770742699725913,0.05707859304894227
Fidelity Advisor Balanced B,0.6622263395597872,0.9862128034282596,0.9726156936458268,0.10771004792551908,0.05701590441688221
Putnam Balanced Retirement A LW,,,0,0,0
George Putnam Balanced A Load Waived,0.5842978495508921,0.9862890856701311,0.9727661605120231,0.09502959627996152,0.06847449956092866
Putnam Balanced A Load Waived,,,0,0,0
George Putnam Balanced R,0.582375867273048,0.9861735593434309,0.9725382891480914,0.09472843136727219,0.06877806763508469
Putnam Balanced Retirement C,,,0,0,0
George Putnam Balanced C,0.5835806538167582,0.9866345687189202,0.9734477721911697,0.09488001238875038,0.06853608821425393
George Putnam Balanced A,0.5842978495508921,0.9862890856701311,0.9727661605120231,0.09502959627996152,0.06847449956092866
George Putnam Balanced B,0.5836245319321796,0.9860885656560598,0.9723706593176255,0.09493936251921312,0.06860216650284867
Putnam Balanced Retirement A,,,0,0,0
Putnam Balanced Retirement M,,,0,0,0
George Putnam Balanced M,0.5819578719049258,0.9863045901972992,0.9727967446442622,0.0946478147363759,0.06882347950864831
Putnam Balanced Y,,,0,0,0
Putnam Balanced B,,,0,0,0
Putnam Balanced C,,,0,0,0
Putnam Balanced M,,,0,0,0
Putnam Balanced Retirement Y,,,0,0,0
Putnam Balanced A,,,0,0,0
Putnam Balanced Retirement B,,,0,0,0
George Putnam Balanced Y,0.5854813890760744,0.9864711972550735,0.9731254230138582,0.09520428386557284,0.06827258271263802
Oppenheimer Global Allocation A,0.8259752499635399,0.9443134352297202,0.8917278639553551,0.14029840285021744,0.05392959688473128
Oppenheimer Global Allocation B,0.8248552925524836,0.9443142442282895,0.8917293918524455,0.14010828525673039,0.05396897641608469
Oppenheimer Global Allocation C,0.8240003862948772,0.9440678515364299,0.8912641083046107,0.13999956624582055,0.05409425227310376
Oppenheimer Global Allocation I,0.8248637900024095,0.9444754639212094,0.8920339019491837,0.1400856843066975,0.053906594100377514
Oppenheimer Global Allocation Y,0.8255185617103178,0.9434777875886803,0.8901503356732309,0.14034518964263046,0.05426749099599044
Oppenheimer Global Allocation N,0.8258744527109809,0.9449665885097968,0.8929618533998436,0.14018445940581764,0.0536806090008771
Oppenheimer Global Allocation A LW,0.8259752499635399,0.9443134352297202,0.8917278639553551,0.14029840285021744,0.05392959688473128
Oppenheimer Flexible Strategies A LW,0.4506186391072805,0.8866361397537922,0.7861236443175063,0.08155111031648626,0.09581420551151215
Oppenheimer Flexible Strategies N,0.44981138418870503,0.8865881643008986,0.7860385730784372,0.08140961633499008,0.0959104546862764
Oppenheimer Flexible Strategies Y,0.45069487036775246,0.8858179539004872,0.7846734474524457,0.08164018379619542,0.09586953192547373
Oppenheimer Flexible Strategies C,0.45026140773976175,0.8863597115279601,0.7856335382199287,0.08151207148245619,0.09587670347505199
Oppenheimer Flexible Strategies A,0.4506186391072805,0.8866361397537922,0.7861236443175063,0.08155111031648626,0.09581420551151215
Oppenheimer Flexible Strategies B,0.45176844154053186,0.8872479986216091,0.7872090110580509,0.08170261170693151,0.09563455786597924
Wells Fargo Advantage DJ Target 204 A LW,0.9720101900593706,0.981918750002778,0.964164431607018,0.158767440403791,0.030380870750648648
Wells Fargo Advantage DJ Target 2040 I,0.9730737824367152,0.982038425500607,0.9643994691597113,0.1589217857730585,0.030287272107073368
Wells Fargo Advantage DJ Target 2040 C,0.9696808069150362,0.9818022118270974,0.9639355831485805,0.15840592657681507,0.030465063313988586
Wells Fargo Advantage DJ Target 2040 A,0.9720101900593706,0.981918750002778,0.964164431607018,0.158767440403791,0.030380870750648648
Wells Fargo Advantage DJ Target 2040 Adm,0.9721458071784526,0.9819594080509202,0.9642442790597137,0.1587830568813136,0.03034744896136678
Wells Fargo Advantage DJ Target 2040 B,0.973125549747052,0.9818548575414999,0.9640389612778393,0.15895977846020548,0.03044312369800757
Wells Fargo Advantage DJ Target 2040 Inv,0.9703526101990452,0.982025741257524,0.9643745564923892,0.15847960055536547,0.030280458408172218
State Farm Balanced,0.5022837173395854,0.974568835610982,0.9497844153441453,0.0826725011972208,0.08192695870689186
T. Rowe Price Personal Strat Growth,1.0017626110439901,0.98870529376979,0.9775381579284068,0.16250000168069242,0.02435041945367481
USAA Cornerstone Moderately Agrsv,0.6507468954607928,0.9435789918063754,0.8903413137783359,0.1106343538654978,0.0669112227327175
Vanguard Asset Allocation Inv,,,0,0,0
Vanguard Asset Allocation Adm,,,0,0,0
Principal SAM Conservative Growth A,0.884120732165757,0.9903506197160659,0.9807943499719957,0.1431810138607527,0.027180532178636686
Principal SAM Conservative Growth A LW,0.884120732165757,0.9903506197160659,0.9807943499719957,0.1431810138607527,0.027180532178636686
Principal SAM Conservative Growth C,0.8827422427385149,0.9906900292662666,0.9814667340875962,0.14290895258725864,0.027052242401243168
Principal SAM Conservative Growth B,0.8823829941989774,0.9905334867008991,0.9811565882758403,0.14287347675430076,0.027205379989495772
WM Str Asset Mgmt Conservative Gr R1,,,0,0,0
WM Str Asset Mgmt Conservative Gr R2,,,0,0,0
Principal SAM Conservative Growth J,0.8837279779323841,0.990659234424913,0.9814057187513546,0.14307276147405223,0.026981893713502795
Principal SAM Conservative Growth Inst,0.8845221998121711,0.9906063241663156,0.9813008894782995,0.14320909156765152,0.026947429729461875
Principal SAM Conservative Growth R3,0.8849148893515364,0.9904823141847987,0.9810552147128743,0.143290724813293,0.027005821628429884
Principal SAM Conservative Growth R2,0.8840656432943623,0.9905525015915262,0.9811942584092305,0.14314302039895094,0.027031651368252772
Principal SAM Conservative Growth R5,0.8880454013013147,0.990658327314345,0.981403921477256,0.14377186132963243,0.02657917792117768
Principal SAM Conservative Growth R4,0.8859598715359266,0.9905724030062255,0.9812336855975281,0.1434468957120429,0.02683907131678952
Principal SAM Conservative Growth R1,0.8836838563601632,0.990140049913571,0.9803773184428486,0.14314069491318837,0.02738080219250429
Columbia LifeGoal Balanced Growth A LW,0.7418459966376935,0.9792765634257364,0.9589825876749204,0.12151086168558485,0.04815232616981733
Columbia LifeGoal Balanced Growth A,0.7418459966376935,0.9792765634257364,0.9589825876749204,0.12151086168558485,0.04815232616981733
Columbia LifeGoal Balanced Growth T,0.7426128655803411,0.9785440024817793,0.9575483647930606,0.1217274297690361,0.04828953305394352
Columbia LifeGoal Balanced Growth B,0.7443471691639881,0.9795601799882077,0.9595381462185298,0.1218850941993432,0.047760785227903294
Nations LifeGoal Balanced Grth Prim B,,,0,0,0
Columbia LifeGoal Balanced Growth Z,0.7436605353829493,0.9789620866968988,0.9583667671899463,0.12184697436363091,0.048032650227975635
Columbia LifeGoal Balanced Growth C,0.7431848788033703,0.9793547029143259,0.9591356341204076,0.12172033390118826,0.04796606181549518
Columbia LifeGoal Balanced Growth R,0.7423109814852612,0.97923925320139,0.9589095150104161,0.12159162826905594,0.04810783992475951
JPMorgan Investor Conservative Grow A LW,0.3563581444037445,0.9474122972768613,0.8975900610314197,0.06035137667205753,0.10499427209311808
JPMorgan Investor Conservative Growth B,0.35513164236224515,0.9469631841191778,0.8967392720771318,0.06017132541624551,0.10519171478109043
JPMorgan Investor Conservative Growth S,0.354303034190531,0.9474325805252025,0.8976284946406444,0.060002477127208194,0.10529712882367685
JPMorgan Investor Conservative Growth C,0.35246677311438707,0.948684244615709,0.9000017959820784,0.059612774321529595,0.10552417601919972
JPMorgan Investor Conservative Growth A,0.3563581444037445,0.9474122972768613,0.8975900610314197,0.06035137667205753,0.10499427209311808
Fidelity Freedom Income,0.2623309464951474,0.929591015713723,0.8641394564956714,0.04529502290314971,0.11945197189432365
Principal SAM Balanced A,0.689015290604869,0.9863859640771192,0.9729572701283479,0.11204209746925185,0.05315798641084805
Principal SAM Balanced B,0.688674263499021,0.9866164030738878,0.9734119268144562,0.11196046257066822,0.053151090891898504
Principal SAM Balanced A Load Waived,0.689015290604869,0.9863859640771192,0.9729572701283479,0.11204209746925185,0.05315798641084805
WM Str Asset Mgmt Balanced R1,,,0,0,0
WM Str Asset Mgmt Balanced R2,,,0,0,0
Principal SAM Balanced C,0.6868027845158459,0.9857535728048684,0.971710106297563,0.11175402211811397,0.05361996809001732
Principal SAM Balanced J,0.6919411502975463,0.9859303409046101,0.9720586371162806,0.11256923273968354,0.052856287673336236
Principal SAM Balanced Inst,0.6909475997464621,0.9862981101673133,0.9727839621196136,0.11236612107039584,0.0529067158685738
Principal SAM Balanced R3,0.688257759790732,0.9860920900825588,0.9723776101233894,0.1119522482542454,0.05333494762182447
Principal SAM Balanced R2,0.6906149077257322,0.9858445296916634,0.971889436722977,0.11236356300378653,0.05306300231750304
Principal SAM Balanced R5,0.6903519759897486,0.9860907285968548,0.9723749250246759,0.11229285120483681,0.05304057074729458
Principal SAM Balanced R4,0.6914556456370687,0.98612475155507,0.9724420256295484,0.11246822547530691,0.05287723448783895
Principal SAM Balanced R1,0.6917156786532734,0.9859946538025192,0.9721854573271496,0.11252547862416122,0.0528722863212126
Goldman Sachs Growth & Inc Strat B,0.7478884287852816,0.9674909543830468,0.9360387468130188,0.12399311995903183,0.05115515853544559
Goldman Sachs Growth & Inc Strat Svc,0.7493809334648055,0.9674077130704438,0.9358776833081861,0.12425115895570744,0.05103076976230451
Goldman Sachs Growth & Inc Strat A,0.7483154164064443,0.9671941209480686,0.9354644675965073,0.12410211571788621,0.05120433903434263
Goldman Sachs Growth & Inc Strat Inst,0.7497817288284948,0.9676175381188591,0.9362837000752018,0.12429104023763855,0.05092484297690077
Goldman Sachs Growth & Inc Strat C,0.7462914078846551,0.9670972591109286,0.9352771085798705,0.1237789482594605,0.05143816740658818
Goldman Sachs Growth & Inc Strat A LW,0.7483154164064443,0.9671941209480686,0.9354644675965073,0.12410211571788621,0.05120433903434263
Goldman Sachs Growth & Inc Strat IR,0.7482467954322114,0.9665273604278728,0.9341751384556711,0.12417645573352655,0.05141817058653394
Goldman Sachs Growth & Inc Strat R,0.7501050941731323,0.9666522933690131,0.9344166562755726,0.12446846462767608,0.051194748417736496
JPMorgan Investor Balanced A LW,0.5711767512304753,0.9797463302375025,0.9599028716138531,0.09351613558863059,0.07126216770889225
JPMorgan Investor Balanced B,0.5702264579198184,0.9798142457935395,0.9600359562599625,0.09335423370048343,0.07139259146076045
JPMorgan Investor Balanced A,0.5711767512304753,0.9797463302375025,0.9599028716138531,0.09351613558863059,0.07126216770889225
JPMorgan Investor Balanced C,0.5723947229187327,0.9797920014749817,0.9599923661543506,0.09371091385179314,0.0710785158076951
JPMorgan Investor Balanced Select,0.5708206615504728,0.9798883963036062,0.9601812692104532,0.09344419217907551,0.0712964559234769
JPMorgan Investor Growth & Income C,0.7767002144574187,0.9875578083983355,0.9752704249285234,0.1261451866503352,0.04093035229786139
JPMorgan Investor Growth & Income A,0.7778478476896363,0.9874769203417546,0.9751106682076359,0.12634193683289008,0.04081576169445188
JPMorgan Investor Growth & Income B,0.7784464063289714,0.9875288400081377,0.9752132098478179,0.12643219117927956,0.04071890665614568
JPMorgan Investor Growth & Income Sel,0.776023287254351,0.9874399191880047,0.9750375940060132,0.12605024652714902,0.04106317129153104
JPMorgan Investor Growth & Income A LW,0.7778478476896363,0.9874769203417546,0.9751106682076359,0.12634193683289008,0.04081576169445188
Principal SAM Conservative Bal J,0.4898633887440992,0.9732566137808135,0.9472284362680956,0.08074436197780828,0.08387279976664436
Principal SAM Conservative Bal Inst,0.4890009355586055,0.9724086811154078,0.9455786431086068,0.08067221482730978,0.08406785619477306
Principal SAM Conservative Bal R3,0.4890081020926778,0.9725809633933296,0.9459137303550968,0.08065980643136891,0.08405309744579259
Principal SAM Conservative Bal R2,0.4885653776910981,0.9729272253472604,0.9465873858219187,0.08055834146384841,0.08409106781302551
Principal SAM Conservative Bal R5,0.48614485806350366,0.9724411957752372,0.9456418792407733,0.08019921526174144,0.08448733762679468
Principal SAM Conservative Bal R4,0.4888024036676903,0.9725451983119412,0.945844162759613,0.08062886430104413,0.08408633153641162
Principal SAM Conservative Bal R1,0.4887620413669743,0.972805178397276,0.946349915116556,0.08060032735848621,0.08407165830084307
Principal SAM Conservative Bal A LW,0.48980065527968436,0.9738503915994728,0.9483845852184466,0.08068512682333123,0.0838347538239749
WM Str Asset Mgmt Conservative Bal R1,,,0,0,0
WM Str Asset Mgmt Conservative Bal R2,,,0,0,0
Principal SAM Conservative Bal C,0.48990507002671574,0.9733137745045828,0.9473397036403578,0.0807466439501511,0.08386206863690038
Principal SAM Conservative Bal A,0.48980065527968436,0.9738503915994728,0.9483845852184466,0.08068512682333123,0.0838347538239749
Principal SAM Conservative Bal B,0.4873639676470084,0.9737506851216021,0.9481903967747896,0.08029224697716401,0.08420411132930279
Fidelity Freedom 2000,0.27665209817195885,0.9364195670205846,0.8768816054990193,0.04741802375488721,0.11717051466596347
Manning & Napier Pro-Blend Mod Term S,0.5404990397585414,0.9588774615739102,0.9194459863144256,0.09041986962775224,0.07801688192444359
Manning & Napier Pro-Blend Mod Term R,0.5395480388646389,0.959804609161399,0.9212248877674659,0.09017315335393768,0.0780454645973334
Manning & Napier Pro-Blend Mod Term I,0.5404019822470613,0.9590759990586988,0.9198267719704413,0.09038523902577972,0.07800839999865702
Manning & Napier Pro-Blend Mod Term C,0.5408570976252416,0.9592950774602332,0.9202470456394348,0.09044034643464484,0.07792258050339818
Manning & Napier Pro-Blend Cnsrv Term C,0.27249393779578784,0.881144568763009,0.776415751060549,0.049620717747220586,0.11898533900390017
Manning & Napier Pro-Blend Cnsrv Term I,0.2735169594420994,0.8817647337276043,0.777509045645713,0.049772529305332575,0.11882726714620759
Manning & Napier Pro-Blend Cnsrv Term R,0.2734962936950364,0.8813107117293421,0.7767085706088795,0.049794352170007807,0.11884089128170688
Manning & Napier Pro-Blend Cnsrv Term S,0.27331193258200165,0.8810740686691144,0.7762915144811474,0.04977431731482087,0.1188723220312457
Russell LifePoints Bal Strat C,0.706007122712971,0.9672642387989937,0.9356001076593966,0.11708005546679669,0.055716560952807415
Russell LifePoints Bal Strat E,0.7080398267411373,0.9675550963317265,0.9361628644374966,0.1173817832592284,0.05541224903707707
Russell LifePoints Bal Strat S,0.7071091723915285,0.9666846966815491,0.9344793027982986,0.11733313988690126,0.05573995124460422
Russell LifePoints Bal Strat R3,0.7084380265858222,0.9672502295904333,0.9355730066427459,0.11748484914403297,0.055445671135697365
Russell LifePoints Bal Strat A,0.7099438094636417,0.967722955580077,0.9364877187566398,0.11767675779095037,0.055153945928247045
Russell LifePoints Bal Strat A LW,0.7099438094636417,0.967722955580077,0.9364877187566398,0.11767675779095037,0.055153945928247045
Russell LifePoints Bal Strat R1,0.708748576782458,0.9674905118718203,0.9360378905619968,0.11750660127365124,0.055348823171136284
Russell LifePoints Bal Strat R2,0.7088247687718479,0.9682739370927169,0.9375544172530309,0.11742450512999851,0.05513817298899367
Manning & Napier Pro-Blend Extnd Term C,0.7004493719536686,0.9694262054269771,0.9397871677685475,0.1158943410542288,0.05581438251286557
Manning & Napier Pro-Blend Extnd Term I,0.7024646077104966,0.9688211576893303,0.9386144355864943,0.11629993082496241,0.055730000488938156
Manning & Napier Pro-Blend Extnd Term S,0.6990719279928806,0.9695598223851738,0.9400462491835698,0.11565053093819654,0.05594328228043282
Manning & Napier Pro-Blend Extnd Term R,0.6999522481111083,0.970226939573392,0.9413403142739505,0.1157160199852244,0.055674475501641306
Russell LifePoints Growth Strategy C,0.9249950564373955,0.9766485324188738,0.95384235587594,0.15190600239516885,0.034773180020973744
Russell LifePoints Growth Strategy S,0.9276528544563809,0.9769836083870928,0.9544969710570641,0.15228990315946345,0.034486563493804225
Russell LifePoints Growth Strategy R3,0.9279287945918048,0.9775265794425116,0.9555582135165771,0.15225050550698782,0.03410523825584427
Russell LifePoints Growth Strategy E,0.9257274689616077,0.9775654809626352,0.9556342695697083,0.1518839311563666,0.034128221619193135
Russell LifePoints Growth Strategy A LW,0.9251478766367447,0.9766221999592702,0.9537909214532848,0.15193500852301006,0.03478765775848013
Russell LifePoints Growth Strategy A,0.9251478766367447,0.9766221999592702,0.9537909214532848,0.15193500852301006,0.03478765775848013
Russell LifePoints Growth Strategy R1,0.9272045351537281,0.9773426039779451,0.9551985655503905,0.15216050126633293,0.0342486158428337
Russell LifePoints Growth Strategy R2,0.9235394902441482,0.977269850391697,0.9550563604846098,0.15157056288611837,0.03438416550767297
Russell LifePoints Mod Strat R1,0.47642842117167616,0.9334219172962005,0.8712764756889149,0.08188939586180281,0.08893926991266353
Russell LifePoints Mod Strat R2,0.4758045805730232,0.9352139520146256,0.8746251360428146,0.08162569867624442,0.08887724642949904
Russell LifePoints Mod Strat A,0.477281648241486,0.9340028596657697,0.8723613418638354,0.0819854213292699,0.0887804742456803
Russell LifePoints Mod Strat A LW,0.477281648241486,0.9340028596657697,0.8723613418638354,0.0819854213292699,0.0887804742456803
Russell LifePoints Mod Strat E,0.474491471323901,0.933098665124017,0.8706731188562223,0.08158467895963413,0.08921908826193768
Russell LifePoints Mod Strat C,0.47553903482215537,0.9343954831068276,0.8730949188504418,0.0816516166741229,0.08897777364567216
Russell LifePoints Mod Strat S,0.4767930259486312,0.9337045120272124,0.8718041157799749,0.0819270739225772,0.08886867319927275
Russell LifePoints Mod Strat R3,0.4797548919379368,0.9350324931562404,0.8742857632579748,0.08231867431274806,0.08837208063529696
Principal SAM Flexible Income A,0.3491475082774987,0.9334331127428436,0.8712973759647942,0.06001698734644733,0.10655623842419643
Principal SAM Flexible Income B,0.3491898159672912,0.933826188879657,0.8720313510375047,0.05999905242352384,0.1065359085892125
Principal SAM Flexible Income C,0.34897664603774,0.9338636282849594,0.8721012762335488,0.059960236121892045,0.10656540434238852
Principal SAM Flexible Income A LW,0.3491475082774987,0.9334331127428436,0.8712973759647942,0.06001698734644733,0.10655623842419643
WM Str Asset Mgmt Flexible Income R1,,,0,0,0
WM Str Asset Mgmt Flexible Income R2,,,0,0,0
Principal SAM Flexible Income J,0.3482623222631371,0.9330973857712377,0.8706707313331179,0.05988615660565351,0.10669633813990057
Principal SAM Flexible Income Inst,0.35071345878545634,0.9331748586933744,0.8708153168973992,0.06030251436113233,0.10633935150544088
Principal SAM Flexible Income R3,0.34861230138633964,0.9312934218162395,0.8673074375182002,0.06006299193716939,0.10671096915216309
Principal SAM Flexible Income R2,0.3492556341020257,0.9328653281671297,0.8702377204963666,0.060071933871497916,0.10656117120175577
Principal SAM Flexible Income R5,0.3478577075580551,0.9302961834241322,0.8654509888935067,0.05999706431772427,0.10685573507120306
Principal SAM Flexible Income R4,0.3506955170849579,0.9328736506492272,0.8702532480756165,0.06031858732728757,0.10635296879690982
Principal SAM Flexible Income R1,0.34599249061881765,0.9339617516779333,0.8722845535973136,0.05944088808239581,0.10699416784076554
Franklin Templeton Cnsrv Allocation A,0.46808146764443215,0.9549050872149637,0.9118437255890174,0.0786392942924513,0.08842577233437039
Franklin Templeton Cnsrv Allocation C,0.4667980402475833,0.9538359480492618,0.9098030157910341,0.0785116026639169,0.08868518745431368
Franklin Templeton Cnsrv Allocation A LW,0.46808146764443215,0.9549050872149637,0.9118437255890174,0.0786392942924513,0.08842577233437039
Franklin Templeton Cnsrv Allocation Adv,0.4678584122467665,0.9534797755955502,0.9091236824697408,0.07871903631758906,0.08856165439832242
Franklin Templeton Cnsrv Allocation B,0.46674695217648743,0.9540002093969799,0.9101163995294815,0.07848961516407243,0.08868044789810799
Franklin Templeton Cnsrv Allocation R,0.46683246164927117,0.953690868041497,0.9095262717857441,0.07852931455050703,0.08869089340984976
Franklin Templeton Growth Allocation R,0.8098805693121403,0.972951583138448,0.9466347831316122,0.13351107386191569,0.0433588992021169
Franklin Templeton Growth Allocation B,0.8104881530042167,0.9732301327975647,0.9471768913851651,0.1335729860308873,0.04318888142403474
Franklin Templeton Growth Allocation Adv,0.8127657827691824,0.973237408623086,0.9471910535433797,0.13394725376277108,0.04299128501089383
Franklin Templeton Growth Allocatio A LW,0.8103433450557699,0.9725867335007135,0.945924954181588,0.13363730900096793,0.04347350463315612
Franklin Templeton Growth Allocation A,0.8103433450557699,0.9725867335007135,0.945924954181588,0.13363730900096793,0.04347350463315612
Franklin Templeton Growth Allocation C,0.8117585133426035,0.9731063936834239,0.9469360534275588,0.13379911831318406,0.04313288278031706
Fidelity Four-in-One Index,0.9118115214647022,0.9911006893282661,0.9822805763869643,0.1475548482784454,0.024198291527246688
American Century Strat Allc: Agrsv A LW,0.8829073877248466,0.9825844784560384,0.9654722573027249,0.14411401278391323,0.032699652351824635
American Century Strat Allc: Agrsv A,0.8829073877248466,0.9825844784560384,0.9654722573027249,0.14411401278391323,0.032699652351824635
American Century Strat Allc: Agrsv Inv,0.8845538240636982,0.9829956432705702,0.9662804346889221,0.14432253742736983,0.032321390135804144
American Century Strat Allc: Agrsv Inst,0.8838186285861981,0.9833738519787419,0.9670241327555087,0.14414683374490717,0.03212319627976761
American Century Strat Allc: Agrsv C,0.883244696825953,0.9835410116805702,0.9673529216576395,0.14402854124277556,0.032053051808113665
American Century Strat Alloc: Agg A LW,,,0,0,0
American Century Strat Alloc: Agg A,,,0,0,0
American Century Strat Allc: Agrsv B,0.8846658546134156,0.9821485005114228,0.9646156770568362,0.14446489636851081,0.032865244369059535
American Century Strat Allc: Agrsv R,0.8769245748721852,0.9829687871289687,0.9662276364697959,0.14308186875081258,0.032871260079474836
GMO Global Asset Allocation III,0.5627547989233713,0.934633098472443,0.8735390287601993,0.09658021510254818,0.07806542082704676
American Century Strat Allc: Mod Inv,0.7029013790051903,0.984674285461937,0.9695834484499763,0.11449472362889997,0.05165187138590338
American Century Strat Allc: Mod Inst,0.7012769262652092,0.9849210985478206,0.9700695703646457,0.11420148598779013,0.051811445740793036
American Century Strat Allc: Mod C,0.7006185009332572,0.9839071333761541,0.9680732471084811,0.11421217917155353,0.05215982365164005
American Century Strat Allc: Mod R,0.7023510453747435,0.9833914839227543,0.9670588106517968,0.11455365595723713,0.052056284532490595
American Century Strat Alloc: Mod A LW,,,0,0,0
American Century Strat Alloc: Mod A,,,0,0,0
American Century Strat Allc: Mod B,0.7017749597610334,0.9839103598262926,0.9680795961735045,0.1144002740340774,0.05200161324554954
American Century Strat Allc: Mod A,0.7021493879123296,0.9851830609340612,0.970585663551406,0.11431323239996778,0.051624287753439316
American Century Strat Allc: Mod A LW,0.7021493879123296,0.9851830609340612,0.970585663551406,0.11431323239996778,0.051624287753439316
Franklin Templeton Moderate Allc A,0.5989510209602412,0.9620659158015372,0.9255708263470506,0.09986630979946665,0.06983559470142442
Franklin Templeton Moderate Allc R,0.5983190612557213,0.9617308026975896,0.9249261368573499,0.09979603028831069,0.06996727848430702
Franklin Templeton Moderate Allc Adv,0.5981872214660289,0.9622091541617186,0.92584645635261,0.09972443868866943,0.06991371183247996
Franklin Templeton Moderate Allc A LW,0.5989510209602412,0.9620659158015372,0.9255708263470506,0.09986630979946665,0.06983559470142442
Franklin Templeton Moderate Allc B,0.5980474304930627,0.9621297212468483,0.925693600506538,0.09970936368388163,0.06994363187235235
Franklin Templeton Moderate Allc C,0.5985447374156914,0.9623700244775044,0.9261560640128323,0.09976717610108621,0.06984338725233968
Calamos Global Growth & Income I,0.6140844666143623,0.8823257307263173,0.7784986951017296,0.11164551486600238,0.0811646571790292
Calamos Global Growth & Income A LW,0.614932467644685,0.8860183370328806,0.7850284935585111,0.11133389202486578,0.08046513496284793
Calamos Global Growth & Income A,0.614932467644685,0.8860183370328806,0.7850284935585111,0.11133389202486578,0.08046513496284793
Calamos Global Growth & Income B,0.613170568016682,0.882745042707623,0.7792388104248831,0.11142660286627588,0.08115331399024699
Calamos Global Growth & Income C,0.6128109260505543,0.8836010306509577,0.7807507813674348,0.11125322503627348,0.08102968918010943
Calamos Global Growth & Income R,0.6116246386868455,0.8822727152567665,0.7784051440865476,0.11120510958977173,0.08133940998577854
Vantagepoint Mdl Port Traditional Growth,0.6712906947135233,0.9889526196059378,0.9780272838254469,0.10887765404443871,0.05512101973343139
Vantagepoint Mdl Port Long-Term Growth,0.8301717938292943,0.9907710471941945,0.9816272679582806,0.13439166614494688,0.03275948611406212
James Balanced: Golden Rainbow Instl,0.36176531905251297,0.8805386352263009,0.7753482881261966,0.0659090314733934,0.10699538191096403
James Balanced: Golden Rainbow R,0.3608023366764027,0.880597379653814,0.7754517450531634,0.06572942496211194,0.10711619934757055
Principal LifeTime 2050 A Load Waived,1.049365222822601,0.9871283271502881,0.9744223342625262,0.17049249809940503,0.028386812829399033
Principal LifeTime 2050 A,1.049365222822601,0.9871283271502881,0.9744223342625262,0.17049249809940503,0.028386812829399033
Principal LifeTime 2050 R1,1.046857097239664,0.9868129761536891,0.9737998499053013,0.17013950395790148,0.028540183905482488
Principal LifeTime 2050 R3,1.0506524372979507,0.9868778664985772,0.9739279233847836,0.17074474974306778,0.02873554194584519
Principal LifeTime 2050 R5,1.0522452445460706,0.9868855529460797,0.9739430946136894,0.17100241738974004,0.02884086202258871
Principal LifeTime 2050 Instl,1.0521922164967292,0.9870058968723572,0.9741806404608062,0.17097282810169964,0.028713231271432372
Principal LifeTime 2050 R4,1.0514275339382095,0.9870958407756413,0.97435819887657,0.17083319168135916,0.02856570383155797
Principal LifeTime 2050 R2,1.0496950614094178,0.9866756157931538,0.973528770800799,0.17062439036698765,0.028875656895309222
Principal LifeTime 2050 J,1.0506795413732604,0.9870592649183354,0.9742859924611246,0.17071782427161802,0.02855049472445851
Principal LifeTime 2050 B,1.0494941362010688,0.9868923924922971,0.9739565943591703,0.17055418551258186,0.028639460327136382
Principal LifeTime 2050 C,,,0,0,0
Principal LifeTime 2030 C,,,0,0,0
Principal LifeTime 2030 R5,0.9059830654535795,0.984682174237489,0.9695989842610689,0.14756906427631064,0.029815147176521183
Principal LifeTime 2030 R3,0.9040507404024049,0.9845843212972234,0.969406285744314,0.1472690655031783,0.02999782133441884
Principal LifeTime 2030 R2,0.9063059409444015,0.9845285571036448,0.9692964797525849,0.1476447637173609,0.029910765644108175
Principal LifeTime 2030 Instl,0.9074934770976938,0.9844702370664231,0.9691816476696192,0.1478466561528934,0.02988831197368279
Principal LifeTime 2030 R4,0.9069075900122034,0.9844410720596991,0.9691242243580497,0.14775567136289458,0.02994212273482674
Principal LifeTime 2030 J,0.9045157461798633,0.984319896468608,0.9688856585839711,0.14738420356894197,0.030164927389605797
Principal LifeTime 2030 R1,0.9065715863554182,0.9846663239815339,0.969567769583307,0.14766723377706442,0.029793762295365817
Principal LifeTime 2030 A,0.9048291425633885,0.9840884973158561,0.9684301705493797,0.1474699555607404,0.030316219898202847
Principal LifeTime 2030 B,0.9061899065671584,0.9842777291082934,0.968802648018579,0.14766353737763588,0.03010224178620335
Principal LifeTime 2030 A Load Waived,0.9048291425633885,0.9840884973158561,0.9684301705493797,0.1474699555607404,0.030316219898202847
Principal LifeTime 2040 A Load Waived,0.9939345152530286,0.9859178735544565,0.9720340533941413,0.1616872689265343,0.02705012245228159
Principal LifeTime 2040 A,0.9939345152530286,0.9859178735544565,0.9720340533941413,0.1616872689265343,0.02705012245228159
Principal LifeTime 2040 B,0.9931661957708912,0.9860467364403419,0.9722881664446491,0.16154117977318674,0.026907541878613387
Principal LifeTime 2040 R1,0.9929881912980937,0.986049983019548,0.9722945690128509,0.161511606717543,0.026900713799350592
Principal LifeTime 2040 J,0.9966312057759189,0.986584979015824,0.9733499208196538,0.1620159466017104,0.02644821578736186
Principal LifeTime 2040 R4,0.9936405776616275,0.9861979600776839,0.972586416461385,0.16159361354072277,0.026768251969347494
Principal LifeTime 2040 Instl,0.9922785455583476,0.9862994271375802,0.9727865599719189,0.1613555378298743,0.02664051439225065
Principal LifeTime 2040 R3,0.9936988804902765,0.986449998416775,0.9730835993764555,0.16156177615754438,0.026519186066321688
Principal LifeTime 2040 R2,0.9932502837125509,0.9865543897983561,0.9732895640304067,0.16147188168129906,0.026405828257613343
Principal LifeTime 2040 R5,0.9932025651816929,0.9863731738254994,0.9729320380425888,0.16149370958046336,0.026585583150850044
Principal LifeTime 2040 C,,,0,0,0
Principal LifeTime 2010 C,,,0,0,0
Principal LifeTime 2010 R3,0.6062301030989315,0.9687223579739758,0.9384230068386598,0.10038901835258342,0.06787180182779606
Principal LifeTime 2010 R5,0.6058852654381326,0.9680285295188086,0.9370792339623469,0.1004037830391133,0.06802414530119154
Principal LifeTime 2010 Instl,0.6085420794580154,0.9687405774748643,0.9384583064463335,0.10076938631126259,0.0675593234114194
Principal LifeTime 2010 R2,0.6118995120282686,0.968534773493247,0.9380596074656152,0.10134672577719941,0.06714341220520446
Principal LifeTime 2010 R4,0.6082676554115425,0.9676569326034824,0.9363599392155806,0.10083696115621162,0.06776386038374872
Principal LifeTime 2010 J,0.60983083734051,0.9684309375645594,0.9378584808321717,0.10101497156315517,0.06743535325053736
Principal LifeTime 2010 R1,0.606840868436363,0.9691214640916025,0.939196412163051,0.10044835974223153,0.06772861877098223
Principal LifeTime 2010 A,0.607553172189077,0.9693360994234748,0.9396124736455165,0.10054436246475908,0.06759988026277645
Principal LifeTime 2010 A Load Waived,0.607553172189077,0.9693360994234748,0.9396124736455165,0.10054436246475908,0.06759988026277645
Nationwide Inv Destinations Mod Agr A LW,0.8776098397640048,0.9906415685813575,0.9813707174013325,0.14208915636249927,0.02758685843189349
Nationwide Inv Dest Mod Agrsv R2,0.8770924798293569,0.9898722713061715,0.9798471135008389,0.14211594567314864,0.02819917572385845
Nationwide Inv Destinations Mod Agrsv I,0.8790905309541914,0.9901353091919102,0.9803679305085595,0.14240159634938152,0.027816386074869436
Nationwide Inv Destinations Mod Agrsv C,0.8757522199108085,0.9901391894103555,0.9803756144061958,0.14186010993654777,0.02813573191939388
Nationwide Inv Destinations Mod Agrsv B,0.8787351472492074,0.989631867610688,0.9793712333906183,0.14241628024668954,0.02821792747527544
Nationwide Inv Destinations Mod Agrsv A,0.8776098397640048,0.9906415685813575,0.9813707174013325,0.14208915636249927,0.02758685843189349
Nationwide Inv Dest Mod Agrsv Svc,0.8763574578068324,0.9898317718850169,0.9797669366330323,0.14200232301046212,0.028298769319326875
Nationwide Inv Dest Mod A,0.6436077653672942,0.9903685454204632,0.980829855758244,0.10424225668374057,0.058938991149291686
Nationwide Inv Dest Mod B,0.6457777495834619,0.9903633486346168,0.9808195623187715,0.10459377191906336,0.05861466541313131
Nationwide Inv Dest Mod Svc,0.6425547238436811,0.9896179873001738,0.9793437607880469,0.10415037359856683,0.05923574718068875
Nationwide Inv Dest Mod C,0.6450505023508869,0.9904583029814252,0.9810076499448447,0.10446596566017634,0.0587058420215253
Nationwide Inv Dest Mod I,0.6470719370094644,0.9905992997245491,0.981286972614767,0.1047785149697435,0.05837604220027171
Nationwide Inv Dest Mod R2,0.6455513883757633,0.9898847408889871,0.9798718002448572,0.10460804023673824,0.05873859503749927
Nationwide Inv Dest Mod A Load Waived,0.6436077653672942,0.9903685454204632,0.980829855758244,0.10424225668374057,0.058938991149291686
Hartford Advisers HLS IB,0.7250408115390152,0.9875258087521493,0.9752072229515867,0.1177586684994224,0.04782678531520058
Hartford Advisers HLS IA,0.7251959237199463,0.9875338295174765,0.9752230644414523,0.11778290668658851,0.047803041000166704
JHVIT Lifestyle Conservative Tr Ser NAV,0.2379416425409783,0.8187138022805854,0.6702922900447335,0.04664627730656286,0.12508809861830028
JHT Lifestyle Conservative 280 Trust III,,,0,0,0
JHVIT Lifestyle Conservative Tr Ser I,0.2380566852303002,0.8205555456351639,0.6733114034726215,0.04656436094874336,0.12503387612030362
JHVIT Lifestyle Conservative Tr Ser II,0.24133770306148974,0.8245508175717289,0.6798840507582065,0.04697637165739814,0.12451231700803626
JHTrust Lifestyle Cons Series IIIA,,,0,0,0
JHVIT Lifestyle Moderate Trust Ser NAV,0.4621133906585635,0.9520673926282434,0.9064323201059417,0.07787099508926958,0.08947300948965348
JHVIT Lifestyle Moderate Ser I,0.46272427221394924,0.9526592259793281,0.9075596008435324,0.07792558563532447,0.089344773612639
JHVIT Lifestyle Moderate Trust Ser II,0.4575944681749259,0.9516225050082244,0.905585392038128,0.07714626404890104,0.09014131621736216
JHTrust Lifestyle Moderate Series IIIA,,,0,0,0
JHT Lifestyle Moderate 460 Trust III,,,0,0,0
Transamerica Asset Allc Cnsrv R,0.4510440042943983,0.943284770943796,0.8897861590944897,0.07671408677117106,0.09162894925285608
Transamerica Asset Allc Cnsrv I,0.4502624156929819,0.9443565542994243,0.8918093016482816,0.07649301141604967,0.09166465880610486
Transamerica Asset Allc Cnsrv A LW,0.45095774416895024,0.9457891753582114,0.8945171642247655,0.07649588195967713,0.09147115896789076
Transamerica Asset Allc Cnsrv C,0.4452993274365043,0.9434093861985953,0.8900212699676103,0.07572757401325209,0.09241732360993332
Transamerica Asset Allc Cnsrv A,0.45095774416895024,0.9457891753582114,0.8945171642247655,0.07649588195967713,0.09147115896789076
Transamerica Asset Allc Cnsrv B,0.44832247823980215,0.9432968738919297,0.8898089922942871,0.0762501788416819,0.09200507665020392
Transamerica Asset Allocation-Conserv C2,,,0,0,0
Transamerica Asset Allocation-Conserv M,,,0,0,0
Transamerica Asset Allc Moderate A,0.6145118702668416,0.9681917085924744,0.9373951845872148,0.10181079075882588,0.066850987763319
Transamerica Asset Allc Moderate B,0.6146648474107669,0.9671455945286298,0.9353706010161368,0.1019459688051549,0.06699832208038532
Transamerica Asset Alloc - Mod C2,,,0,0,0
Transamerica Asset Alloc - Mod M,,,0,0,0
Transamerica Asset Allc Moderate C,0.6146012505843618,0.9686188720209277,0.9382225192350943,0.10178088120960871,0.06677077024316781
Transamerica Asset Allc Moderate A LW,0.6145118702668416,0.9681917085924744,0.9373951845872148,0.10181079075882588,0.066850987763319
Transamerica Asset Allc Moderate I,0.6169678078924727,0.9696211648178918,0.9401652032628053,0.10206656944951872,0.06629449492963951
Transamerica Asset Allc Moderate R,0.6148252441106485,0.9690811265581418,0.9391182298511973,0.1017692647802689,0.06666696474696693
Transamerica Asset Allc Mod Gr R,0.8150210188817392,0.9791968620722904,0.9588264946922201,0.13349908742934324,0.04016374285618097
Transamerica Asset Allc Mod Gr I,0.8139309634837972,0.9790225641272061,0.9584851810702094,0.13334385345743824,0.04034712685436108
Transamerica Asset Allc Mod Gr A LW,0.8115867052241291,0.9800215253509219,0.9604421901511477,0.13282514796698344,0.04012750528387397
Transamerica Asset Allc Mod Gr C,0.8106409235398152,0.9794666209071421,0.9593548614712553,0.13274571994513384,0.040468704940155094
Transamerica Asset Allc Mod Gr A,0.8115867052241291,0.9800215253509219,0.9604421901511477,0.13282514796698344,0.04012750528387397
Transamerica Asset Allc Mod Gr B,0.8128695266617585,0.9802326482338327,0.9608560446635128,0.1330066021152201,0.03990511990599225
Transamerica Asset Allocation-Mod Gr C2,,,0,0,0
Transamerica Asset Alloc - Mod Gr M,,,0,0,0
Lord Abbett Capital Structure A LW,0.8380482920300774,0.9852170540653714,0.970652643621249,0.13642726330106247,0.03493282821425795
Lord Abbett Capital Structure A,0.8380482920300774,0.9852170540653714,0.970652643621249,0.13642726330106247,0.03493282821425795
Lord Abbett Capital Structure B,0.8374589379177092,0.9845816742458446,0.9694010732607503,0.13641923201341485,0.035333216212072284
Lord Abbett Capital Structure C,0.8373717965276083,0.9847153371882937,0.9696642952938549,0.13638663827419317,0.035270354849993725
Lord Abbett Capital Structure P,0.8373364248064432,0.985346504029048,0.9709077330022666,0.1362935522873404,0.03493475778278295
Lord Abbett Capital Structure I,0.8350652174924131,0.9844668538757814,0.9691749863800792,0.13604535635534934,0.035632228680002605
Lord Abbett Capital Structure F,0.8368193770649075,0.9850887752944513,0.9703998952111219,0.13624512869289218,0.035125583005466324
Lord Abbett Capital Structure R2,0.8390707768680735,0.9855785160765144,0.9713650113515842,0.13654359742372152,0.0346333811482121
Lord Abbett Capital Structure R3,0.8387881874495962,0.9849161054779282,0.9700597348298095,0.13658945244731954,0.035021562595374214
MFS Moderate Allocation 529A LW,0.6542010992787449,0.9729911359899432,0.9467117507150001,0.10785131612607236,0.06077638012664365
MFS Moderate Allocation R1,0.6557131258852471,0.972065320493334,0.9449109873058081,0.10820319583102321,0.06076232820125751
MFS Moderate Allocation R2,,,0,0,0
MFS Moderate Allocation R3,0.6546490230799813,0.9736758875434597,0.948044733983544,0.10784924857703877,0.06058293939521414
MFS Moderate Allocation R4,0.6571080541816429,0.9723375807343843,0.9454403709083953,0.10840308985570431,0.06052752784823652
MFS Moderate Allocation A Load Waived,0.653890142458388,0.9730363625702316,0.9467997628839072,0.10779518084951396,0.06080815772902512
MFS Moderate Allocation R2,0.652044967228706,0.9731009899792253,0.9469255366985485,0.10748394904446451,0.0610372365827069
MFS Moderate Allocation B,0.6533913278005884,0.9734134712222099,0.947533785956872,0.10767121537953356,0.0607996148592211
MFS Moderate Allocation 529A,0.6542010992787449,0.9729911359899432,0.9467117507150001,0.10785131612607236,0.06077638012664365
MFS Moderate Allocation 529B,0.6552228345378278,0.9731415385795077,0.9470044541088916,0.1080031139510321,0.06061319808234994
MFS Moderate Allocation 529C,0.6538716624167571,0.9725012148322703,0.9457586128502414,0.10785104319725553,0.060915575007832415
MFS Moderate Allocation A,0.653890142458388,0.9730363625702316,0.9467997628839072,0.10779518084951396,0.06080815772902512
MFS Moderate Allocation C,0.6526806761264402,0.9730283712718707,0.9467842112999894,0.10759672167550546,0.06096804166597369
MFS Moderate Allocation I,0.6551218604040759,0.9726527551646879,0.9460533821294582,0.10804059348668067,0.06072292626847356
MFS Moderate Allocation R,,,0,0,0
MFS Growth Allocation R,,,0,0,0
MFS Growth Allocation A,0.8711908225928954,0.9793446519858238,0.9591159473732342,0.1426783678213985,0.03547383523972482
MFS Growth Allocation C,0.8687472004305283,0.9785606300732017,0.9575809067292614,0.14239221161923915,0.036090222101357775
MFS Growth Allocation I,0.8657054327171941,0.9791430788565488,0.9587211688726819,0.14180966439489606,0.0359628984523402
MFS Growth Allocation B,0.8662151150608258,0.9790964529773888,0.9586298642329041,0.14189981472680108,0.035954287463828546
MFS Growth Allocation 529B,0.8662739966198468,0.9793285392022343,0.9590843876959823,0.14187578497751846,0.035817323572418604
MFS Growth Allocation 529C,0.8671562754326975,0.9783498984201763,0.9571685237387692,0.1421620728816555,0.03631610909347846
MFS Growth Allocation 529A,0.868838044140954,0.9790952414921286,0.9586274919125296,0.14232935034321292,0.035776292606931215
MFS Growth Allocation R2,0.8695198406050972,0.9788282548336192,0.9581047524606285,0.1424799659027699,0.03588502968879389
MFS Growth Allocation A Load Waived,0.8711908225928954,0.9793446519858238,0.9591159473732342,0.1426783678213985,0.03547383523972482
MFS Growth Allocation R1,0.8683224741100133,0.9792010653745847,0.9588347264307218,0.14222972765431482,0.0357500039765712
MFS Growth Allocation R2,,,0,0,0
MFS Growth Allocation R3,0.8680856159399318,0.9786440495970019,0.9577441758116191,0.14227165819723464,0.036086322161674914
MFS Growth Allocation R4,0.8676476345650581,0.9787121070648609,0.9578773885153395,0.14219000840160187,0.03607666312568938
MFS Growth Allocation 529A Load Waived,0.868838044140954,0.9790952414921286,0.9586274919125296,0.14232935034321292,0.035776292606931215
MFS Conservative Allocation 529A LW,0.44065119159554705,0.9519973408023061,0.9062989368946623,0.07425951186427937,0.09252172691427468
MFS Conservative Allocation R1,0.4395867010037545,0.952688347768269,0.9076150879734343,0.07402668527998277,0.0926308603671687
MFS Conservative Allocation R2,,,0,0,0
MFS Conservative Allocation R3,0.4427788239910862,0.9523704315960578,0.9070094389784615,0.07458863616548658,0.09219452255311152
MFS Conservative Allocation R4,0.44135022507935284,0.95172779658128,0.9057857987854583,0.07439844454558364,0.09243887726563198
MFS Conservative Allocation A LW,0.4396491913896232,0.9518804171266442,0.9060763285091942,0.0740998386441942,0.09267210071396534
MFS Conservative Allocation R2,0.44073176987930457,0.9519523950656765,0.9062133624712778,0.07427670194286842,0.09251303494729346
MFS Conservative Allocation 529A,0.44065119159554705,0.9519973408023061,0.9062989368946623,0.07425951186427937,0.09252172691427468
MFS Conservative Allocation 529B,0.43801835454319066,0.9524117789597182,0.9070881967012151,0.07378415497067813,0.09287243792916122
MFS Conservative Allocation 529C,0.4391801744990087,0.9520317544819465,0.9063644615419733,0.07400912493686876,0.09272971317197197
MFS Conservative Allocation A,0.4396491913896232,0.9518804171266442,0.9060763285091942,0.0740998386441942,0.09267210071396534
MFS Conservative Allocation B,0.44111335586377715,0.9527931011783485,0.9078146936530547,0.07427547572324195,0.09240589298214337
MFS Conservative Allocation C,0.441161291003575,0.9517629599429889,0.9058527319194394,0.07436410034932496,0.09246361593746816
MFS Conservative Allocation I,0.4429116817458135,0.9516734895100454,0.9056824306362266,0.07466557926266706,0.09221974575799549
MFS Conservative Allocation R,,,0,0,0
T. Rowe Price Retirement Income,0.5013149963943025,0.9739701118867797,0.9486177788487463,0.0825698499372028,0.08212118189138301
T. Rowe Price Retirement Income Adv,0.4998809222450044,0.9728491307349572,0.9464354311717618,0.08242860215583052,0.08242774129746726
T. Rowe Price Retirement Income R,0.5017049764335586,0.972544950307078,0.9458436803677968,0.08275490575043473,0.08218543481926475
ING T. Rowe Price Cap Apprec Port S2,0.7108989271603671,0.9824411051844485,0.9651905251560406,0.11605879166229954,0.05116144539772857
ING T. Rowe Price Cap Apprec Port I,0.7114136960124373,0.9825273224766302,0.9653599394130962,0.11613263527234423,0.051070154968582665
ING T. Rowe Price Cap Apprec Port S,0.7109424871734417,0.9825494607119177,0.9654034427452803,0.11605311249618015,0.051126646596085755
ING T. Rowe Price Cap Apprec Port Adv,0.7092638440023457,0.9825675257991983,0.9654389427551581,0.1157770233921131,0.051344601476009055
Hussman Strategic Total Return,-0.026139384545451106,-0.1095788932862559,0.012007533853840659,0.038255165969791394,0.16887211944059918
State Farm LifePath 2020 R1,0.6371565490104879,0.9761534708966842,0.9528755987436438,0.10469709660754642,0.062459122071199864
State Farm LifePath 2020 R2,0.6382531961168812,0.9757524437967214,0.9520928315752741,0.1049203667625141,0.06238210487458417
State Farm LifePath 2020 R3,0.6395775783250327,0.9765232399812541,0.9535976382234861,0.10505498104803707,0.06206202104719116
State Farm LifePath 2020 Legacy A LW,0.6367769798973921,0.9759349488886885,0.9524490244623669,0.1046582812433138,0.0625500827196918
State Farm LifePath 2020 Legacy A,0.6367769798973921,0.9759349488886885,0.9524490244623669,0.1046582812433138,0.0625500827196918
State Farm LifePath 2020 Legacy B,0.6399663867854153,0.976266322077254,0.9530959316222485,0.1051463390249006,0.06205584166285503
State Farm LifePath 2020 Inst,0.6403027535314376,0.9765463415002119,0.9536427570974485,0.10517134849973432,0.061958907479792026
State Farm LifePath 2020 A Load Waived,0.6390768975782949,0.9760589271981396,0.9526910293631832,0.10502257576079124,0.06221461502860652
State Farm LifePath 2020 A,0.6390768975782949,0.9760589271981396,0.9526910293631832,0.10502257576079124,0.06221461502860652
State Farm LifePath 2020 B,0.6355502705632028,0.9759839857985697,0.9525447405352626,0.10445141050717999,0.06270856574054981
State Farm LifePath 2030 A,0.81742762879134,0.9828616235364247,0.9660169710206568,0.13339238891876387,0.038227678983534824
State Farm LifePath 2030 B,0.8142293778590182,0.9824400232365472,0.9651883992570275,0.1329278851441,0.03875656762161798
State Farm LifePath 2030 A Load Waived,0.81742762879134,0.9828616235364247,0.9660169710206568,0.13339238891876387,0.038227678983534824
State Farm LifePath 2030 Legacy A,0.8151172313787554,0.983031856320303,0.9663516305405407,0.13299249270037836,0.0383881160320805
State Farm LifePath 2030 Legacy B,0.8175073281110364,0.9830701856708107,0.9664269899548422,0.13337707944899535,0.03812058126417752
State Farm LifePath 2030 Inst,0.8171182417046474,0.9826774085312924,0.9656548892377765,0.13336697603847386,0.03834668523708777
State Farm LifePath 2030 Legacy A LW,0.8151172313787554,0.983031856320303,0.9663516305405407,0.13299249270037836,0.0383881160320805
State Farm LifePath 2030 R1,0.8183734825827754,0.9831211180463936,0.9665271327487909,0.13351142314182352,0.03800643981653509
State Farm LifePath 2030 R2,0.8174250167157298,0.98300052316968,0.9662900285518645,0.1333732711790881,0.038162163175300814
State Farm LifePath 2030 R3,0.817638687277552,0.9828759369613661,0.9660451074576833,0.13342501647713342,0.0381990711955845
Fidelity Advisor Freedom 2020 A LW,0.7240876406100272,0.9787721459552792,0.9579949136979024,0.11866695522552623,0.05048122819775589
Fidelity Advisor Freedom 2020 A,0.7240876406100272,0.9787721459552792,0.9579949136979024,0.11866695522552623,0.05048122819775589
Fidelity Advisor Freedom 2020 B,0.723774310857117,0.9784774620522696,0.9574181437442506,0.1186512434443876,0.05060395677704792
Fidelity Advisor Freedom 2020 C,0.722548793814461,0.97875598030716,0.9579632689870298,0.11841676455631206,0.05067742424808299
Fidelity Advisor Freedom 2020 I,0.7251960148818275,0.9793526111869466,0.9591315370386906,0.11877805564384439,0.05017713862284202
Fidelity Advisor Freedom 2020 T,0.7242159382840978,0.9783362534870236,0.9571418248870258,0.11874079403622474,0.050589425794389076
Fidelity Advisor Freedom 2030 A,0.8769147415374362,0.9831254532507232,0.9665356568294399,0.14306616422636528,0.03277263400654213
Fidelity Advisor Freedom 2030 B,0.876004277461375,0.9832107922129425,0.966703461924002,0.14290522252733567,0.03278513797009974
Fidelity Advisor Freedom 2030 C,0.8754639864965212,0.9834720691088031,0.9672173107171506,0.1427792422600535,0.03265961103389963
Fidelity Advisor Freedom 2030 I,0.8764585167765042,0.9834962796342864,0.9672649320544825,0.14293798239737002,0.03257022948410316
Fidelity Advisor Freedom 2030 T,0.8781813398307938,0.9830954793322432,0.9664767214834931,0.14327717062277875,0.032700153982284895
Fidelity Advisor Freedom 2030 A LW,0.8769147415374362,0.9831254532507232,0.9665356568294399,0.14306616422636528,0.03277263400654213
Fidelity Advisor Freedom 2040 A LW,0.9826912632638035,0.98538706029621,0.9709876585992068,0.15994972711721878,0.027377968336412747
Fidelity Advisor Freedom 2040 A,0.9826912632638035,0.98538706029621,0.9709876585992068,0.15994972711721878,0.027377968336412747
Fidelity Advisor Freedom 2040 B,0.9813623139089307,0.9855774880882666,0.9713629850263774,0.15970237139848315,0.027183135311458235
Fidelity Advisor Freedom 2040 C,0.9810339747937178,0.985001052367236,0.9702270731645625,0.15974245047249172,0.0277232076054427
Fidelity Advisor Freedom 2040 I,0.9847580884633031,0.9852028910273382,0.9706247364886252,0.1603157385494616,0.027578041322942143
Fidelity Advisor Freedom 2040 T,0.9825466300873179,0.9857412461407471,0.9716858043431129,0.1598685040835138,0.02703881616458968
Vanguard Target Retirement 2005 Inv,,,0,0,0
PL Port Optimization Moderate A,0.6668681182170305,0.9764698097638933,0.9534932893803341,0.10954168444114343,0.05840355152203787
PL Port Optimization Moderate B,0.6715303322857246,0.9759104380374443,0.9524011830704363,0.1103707051171939,0.057908878229577194
PL Port Optimization Moderate C,0.6763987061663982,0.9768611423446038,0.9542576914228041,0.1110621407970198,0.0570633206995043
PL Port Optimization Moderate 529 MT A,,,0,0,0
PL Port Optimization Moderate 529 MT B,,,0,0,0
PL Port Optimization Moderate 529 MT C,,,0,0,0
PL Port Optimization Moderate 529 AZ B,,,0,0,0
PL Port Optimization Moderate 529 AZ A,,,0,0,0
PL Port Optimization Moderate 529 AZ C,,,0,0,0
PL Port Optimization Moderate A LW,0.6668681182170305,0.9764698097638933,0.9534932893803341,0.10954168444114343,0.05840355152203787
PL Port Optimization Moderate 529 M A LW,,,0,0,0
PL Port Optimization Moderate 529 A A LW,,,0,0,0
PL Port Optimization Moderate R,0.6698222015175364,0.9765017675565656,0.9535557020410969,0.11002329960587698,0.05800651253317042
MFS Meridian Glob Bal I1 Acc,,,0,0,0
MFS Meridian Glob Bal I2 Inc,,,0,0,0
Columbia Port Builder Moderate A,0.6194307451027871,0.9787580214348094,0.9579672645229829,0.1015203422926272,0.06447168379849884
Columbia Port Builder Moderate B,0.618081569569694,0.9793588669524473,0.9591437902783815,0.10123751971666434,0.06456459531295548
Columbia Port Builder Moderate C,0.6168593130203341,0.9788817572903241,0.9582094947557931,0.1010866397886863,0.06481451492828189
Columbia Port Builder Moderate R4,0.6177748443233103,0.978889879250817,0.9582253956996791,0.10123572667628614,0.06468386987834647
Columbia Port Builder Moderate A LW,0.6194307451027871,0.9787580214348094,0.9579672645229829,0.1015203422926272,0.06447168379849884
Columbia Portfolio Builder Moderate R,0.6184338685020104,0.9791890280227873,0.958811152600211,0.10131253214082932,0.06454227526118277
Columbia Portfolio Builder Moderate Z,0.6174332517501641,0.9792908833370626,0.9590106341870843,0.10113789503529419,0.064667391757009
Columbia Port Bldr Moderate Agrsv Z,0.7836620415810392,0.9851961632954704,0.9706114801721152,0.12758519194502566,0.04100482308792002
Columbia Port Bldr Moderate Agrsv R,0.7818650004357984,0.9848790747417432,0.9699867918641523,0.12733395175990647,0.04134861642547828
Columbia Portfolio Bldr Mod Agrsv A LW,0.7807457351692063,0.9847818046640905,0.969795202797463,0.12716445766568993,0.041522228193730054
Columbia Portfolio Bldr Mod Agrsv A,0.7807457351692063,0.9847818046640905,0.969795202797463,0.12716445766568993,0.041522228193730054
Columbia Portfolio Bldr Mod Agrsv B,0.7814263556411193,0.9844758304784382,0.9691926607962107,0.12731421907273097,0.041561395318439665
Columbia Portfolio Bldr Mod Agrsv C,0.7794687733669892,0.9846468540455288,0.9695294271817567,0.12697366793303097,0.04172953873667794
Columbia Portfolio Bldr Mod Agrsv R4,0.7816159242006807,0.9847696286580708,0.9697712215273546,0.12730743209085035,0.04142213543727441
AllianceBern Balance Wealth Strat Adv,0.7997157409118574,0.9725239729480846,0.9458028779587268,0.13189586513098525,0.044425085121358
AllianceBern Balance Wealth Strat B,0.7958437204696394,0.9713822030393277,0.9435833843815375,0.1314119685323021,0.045224416232532316
AllianceBern Balance Wealth Strat C,0.799257865218921,0.9714263641542146,0.9436691809738766,0.1319692658468814,0.0449054002262025
AllianceBern Balance Wealth Strat A,0.8002015976739524,0.9720803439134813,0.944940195022952,0.13203611930722015,0.04456037440067021
AllianceBern Balance Wealth Strat A LW,0.8002015976739524,0.9720803439134813,0.944940195022952,0.13203611930722015,0.04456037440067021
AllianceBern Balance Wealth Strat R,0.7978724327545862,0.9716419774240511,0.9440881322925202,0.13171135159978392,0.04494165706354236
AllianceBern Balance Wealth Strat K,0.7980467970733095,0.9715818651815379,0.943971320749636,0.13174817181186196,0.044950094782568645
AllianceBern Balance Wealth Strat I,0.7974160838919856,0.9722462970396348,0.9452628621072818,0.1315543297346816,0.044742282463841626
T. Rowe Price Retirement 2005,0.5650998590830782,0.9757648282422138,0.952117000034557,0.09290077970851429,0.0726345231063255
T. Rowe Price Retirement 2005 Advisor,0.5653510300115686,0.9748941569051347,0.9504186171677734,0.0930249703023236,0.07270453303460062
T. Rowe Price Retirement 2005 R,0.565168690038447,0.9752363339494633,0.951085907055189,0.0929627575202206,0.07268897003407378
Fidelity Advisor Freedom 2015 A LW,0.6113005577866362,0.9751633040368956,0.9509434695401547,0.10056059653660383,0.06618300515494174
Fidelity Advisor Freedom 2015 A,0.6113005577866362,0.9751633040368956,0.9509434695401547,0.10056059653660383,0.06618300515494174
Fidelity Advisor Freedom 2015 B,0.6116672311996822,0.9757439907123789,0.9520763354113191,0.10056059382290669,0.06604107182920914
Fidelity Advisor Freedom 2015 C,0.6120802748162729,0.9759546507875789,0.9524874803939051,0.10060674803610863,0.06595048678367012
Fidelity Advisor Freedom 2015 I,0.6132137324130572,0.9759643424131346,0.9525063976619024,0.10079217513459585,0.06579110779518474
Fidelity Advisor Freedom 2015 T,0.61302268441639,0.9751454303227245,0.9509086102792916,0.10084521607125022,0.06594705840305756
Fidelity Advisor Freedom 2025 A,0.827025429671722,0.9822195900393882,0.9647553230571438,0.13505390426839167,0.037572595405369835
Fidelity Advisor Freedom 2025 B,0.8258428618965112,0.9824775349099842,0.9652621066027991,0.13482513783451933,0.03756162635396092
Fidelity Advisor Freedom 2025 C,0.8236617987714006,0.9822597814303646,0.9648342782156276,0.1344991340129275,0.03788422194390618
Fidelity Advisor Freedom 2025 I,0.8250162283109327,0.9820954898361456,0.9645115511564987,0.1347428583365798,0.03783043182583364
Fidelity Advisor Freedom 2025 T,0.8240498162524205,0.9817805113319598,0.9638929724312445,0.13462832589907137,0.038078474580431544
Fidelity Advisor Freedom 2025 A LW,0.827025429671722,0.9822195900393882,0.9647553230571438,0.13505390426839167,0.037572595405369835
Fidelity Advisor Freedom 2035 A LW,0.9663835702189124,0.9851418196983062,0.9705044049184899,0.15733480417658446,0.027546340241624355
Fidelity Advisor Freedom 2035 A,0.9663835702189124,0.9851418196983062,0.9705044049184899,0.15733480417658446,0.027546340241624355
Fidelity Advisor Freedom 2035 B,0.9659139959346067,0.9855701073708564,0.9713484365430014,0.1571900582021537,0.027155701092954766
Fidelity Advisor Freedom 2035 C,0.9658553127492148,0.9853733440530915,0.9709606271703722,0.15721204451045515,0.027336996738777007
Fidelity Advisor Freedom 2035 I,0.9623559475476534,0.9854919094711941,0.9711943036331803,0.1566238500744981,0.027252178684244677
Fidelity Advisor Freedom 2035 T,0.9647710031572686,0.9856226100237593,0.9714519293900475,0.15699586222575876,0.02711403387378151
ING Retirement Moderate Port Adv,0.5351528303234738,0.9696731963669981,0.9402661077525907,0.08852933531645718,0.0776106243405833
ING Retirement Moderate Port I,0.5361011176016858,0.9701679924732596,0.9412259336195947,0.08864073018397624,0.07742357746090132
ING LifeStyle Moderate S2,,,0,0,0
ING LifeStyle Moderate S,,,0,0,0
ING LifeStyle Moderate Growth S,,,0,0,0
ING Retirement Moderate Growth Port Adv,0.7063631614765123,0.9851477313194288,0.9705160525238175,0.11500752283066404,0.051054466682646175
ING Retirement Moderate Growth Port I,0.7062657597331268,0.9848239020914031,0.9698781181305375,0.11502976703376971,0.05115284688817752
ING LifeStyle Moderate Growth S2,,,0,0,0
ING Retirement Growth Port Adv,0.8236108003783763,0.9867521793702342,0.9736798634919068,0.13387321536990743,0.03565644808966602
ING Retirement Growth Port I,0.8254713935308887,0.9870169628746861,0.9742024850023694,0.13413970186739005,0.035313954468890296
ING LifeStyle Growth S2,,,0,0,0
ING LifeStyle Growth S,,,0,0,0
GuideStone Funds Balanced Allocation GS6,,,0,0,0
GuideStone Funds Balanced Allocation GS4,0.5663577230003658,0.9719433498241115,0.9446738752673149,0.09347635409383794,0.07292304981164147
GuideStone Funds Growth & Income GS8,,,0,0,0
DFA Global Allocation 60/40 I,0.747016760617077,0.9750727978477491,0.9507669611026374,0.12288359096957652,0.04887166427836033
DFA Global Allocation 60/40 R2,0.7486332959769603,0.9758965665972343,0.9523741086962701,0.12304525307185969,0.04842644972391489
BlackRock LifePath 2020 Institutional,0.6389891305806642,0.9762634066871717,0.9530902392364421,0.10498632534766295,0.062189458297881195
BlackRock LifePath 2020 Investor A LW,0.6381640109259983,0.976346970522279,0.953253406848032,0.10484179170805023,0.06228683207201678
BlackRock LifePath 2020 Investor C,0.6364728348820523,0.9762781068839173,0.9531189419808455,0.10457170589283425,0.06253009434550008
BlackRock LifePath 2020 R,0.63637438439895,0.9758817975277891,0.9523452827460688,0.10459774077424834,0.0626144501659481
BlackRock LifePath 2020 Investor A,0.6381640109259983,0.976346970522279,0.953253406848032,0.10484179170805023,0.06228683207201678
BlackRock LifePath 2020 K,0.6371023141000217,0.9762487149527694,0.9530615534469337,0.1046782460751744,0.06244941275794504
TIAA-CREF Lifecycle 2015 Instl,0.6475430818799552,0.9818686057299528,0.9640659589180813,0.10578460564851262,0.0599646998586589
TIAA-CREF Lifecycle 2015 Retire,0.6514664809440562,0.9817411597598691,0.9638157047666528,0.10643900800479923,0.059438010555442185
TIAA-CREF Lifecycle 2015 Premier,0.6505048968414506,0.9828276092203677,0.9659501094458238,0.10616464802516574,0.05936314805721203
TIAA-CREF Lifecycle 2020 Premier,0.7419997795794747,0.9855555245212424,0.9713196919143414,0.12075705181401919,0.046145141159411346
TIAA-CREF Lifecycle 2020 Retire,0.7400328363930146,0.9858043937103423,0.9718103026586157,0.12040647798801082,0.046325339714266424
TIAA-CREF Lifecycle 2020 Instl,0.739516846667439,0.984743335091729,0.9697194360075811,0.12045204066995019,0.04672867323579715
TIAA-CREF Lifecycle 2025 Instl,0.8362453725623176,0.9880196145910967,0.9761827588167391,0.13575124758900392,0.033587482380041805
TIAA-CREF Lifecycle 2025 Retirement,0.832136001735336,0.9877315855376132,0.9756136850686474,0.13512344449056413,0.03419785504526771
TIAA-CREF Lifecycle 2025 Premier,0.8349892242155006,0.9869479617325335,0.9740662791680024,0.13569405130506082,0.034312092352383236
TIAA-CREF Lifecycle 2030 Premier,0.9232913906922328,0.9889481529870546,0.9780184492965068,0.1497369623664174,0.02537509506576234
TIAA-CREF Lifecycle 2030 Retirement,0.9245253953473579,0.9888525015056503,0.9778292697339821,0.1499515041106163,0.025391573918085872
TIAA-CREF Lifecycle 2030 Instl,0.925581479520953,0.9888621470567873,0.9778483458817593,0.1501211972376973,0.02532511799556021
TIAA-CREF Lifecycle 2035 Instl,1.0149984198033164,0.9894048198690076,0.9789218975800233,0.164530084495133,0.02400239769891849
TIAA-CREF Lifecycle 2035 Retire,1.0119176915423957,0.9895499737045297,0.9792091504586353,0.16400670836571432,0.02371996707888987
TIAA-CREF Lifecycle 2035 Premier,1.0174976883237818,0.9895700732685951,0.9792489299088127,0.16490725605502163,0.02391515140151392
TIAA-CREF Lifecycle 2040 Premier,1.0252730452488634,0.9892725157241954,0.9786601103672785,0.16621712277774509,0.02461186333922844
TIAA-CREF Lifecycle 2040 Retire,1.0217054394814868,0.9887891052785229,0.9777038947175017,0.1657198373556697,0.024983232893114913
TIAA-CREF Lifecycle 2040 Instl,1.0216280455567346,0.9890961848164781,0.9783112628185126,0.16565576450558978,0.024636215347103477
Oppenheimer Active Allc A,0.8248075944323092,0.977877369743779,0.9562441502570116,0.13528950728802466,0.03986830493799973
Oppenheimer Active Allc B,0.8230275561971192,0.9774671505766558,0.9554420304564466,0.13505413098219432,0.0402173853240042
Oppenheimer Active Allc C,0.8253690312041903,0.9767532879600056,0.9540469855406816,0.1355370965385878,0.04034482183481956
Oppenheimer Active Allc N,0.8271752682739155,0.9772586307945484,0.9550344314624355,0.13576347057568383,0.039952479291206516
Oppenheimer Active Allc Y,0.823650662243849,0.9767913440990419,0.9541213299068129,0.13524981319267865,0.04047563990814251
Oppenheimer Active Allc A Load Waived,0.8248075944323092,0.977877369743779,0.9562441502570116,0.13528950728802466,0.03986830493799973
T. Rowe Price Retirement 2045,1.0569558261947307,0.9890721566930446,0.9782637311454306,0.17138841536527324,0.02686266998728905
T. Rowe Price Retirement 2045 Adv,1.0554759167518024,0.9894516736598647,0.9790146145083074,0.17108290835396542,0.02632646803557572
T. Rowe Price Retirement 2045 R,1.0531585142864286,0.9892213913728106,0.9785589611495592,0.17074711259520922,0.026409852816654117
American Century LIVESTRONG 2025 A,0.6545190742747448,0.9868944268548743,0.9739606097572109,0.10637706268922915,0.057993294905343926
American Century LIVESTRONG 2025 R,0.6521271233154013,0.9864203086895525,0.9730250253951921,0.10603939688500505,0.058433795739588096
American Century LIVESTRONG 2025 Inv,0.6545761111871239,0.9862883732479213,0.9727647552040308,0.10645168709704304,0.05810477714265267
American Century LIVESTRONG 2025 Instl,0.6534478637537836,0.9869679040301051,0.9741056435855789,0.1061952552502359,0.05813467588758921
American Century LIVESTRONG 2025 A LW,0.6545190742747448,0.9868944268548743,0.9739606097572109,0.10637706268922915,0.057993294905343926
American Century LIVESTRONG 2025 C,0.6536215339458294,0.9868428830474575,0.9738588758214177,0.10623695829428127,0.058133973758335636
Thrivent Moderate Allocation A LW,0.6892411246806857,0.9743619540462736,0.9493812174928725,0.11346920202856137,0.05598324408907586
Thrivent Moderate Allocation I,0.6904631435654639,0.9738734068467617,0.9484294125633183,0.11372713831192707,0.05594553264723433
Thrivent Moderate Allocation A,0.6892411246806857,0.9743619540462736,0.9493812174928725,0.11346920202856137,0.05598324408907586
Thrivent Moderately Agrsv Allocation I,0.8937213446880141,0.9813936767311965,0.9631335487279762,0.1460623055412828,0.03280971620440534
Thrivent Moderately Agrsv Allocation A,0.897348736234842,0.9816749553862995,0.9636857180326931,0.14661313785153737,0.03242020288405569
Thrivent Moderately Agrsv Allocatio A LW,0.897348736234842,0.9816749553862995,0.9636857180326931,0.14661313785153737,0.03242020288405569
ING Solution 2025 Port S2,0.8639723322782803,0.9867719555927079,0.9737188923442571,0.14042845326100678,0.031523474991670505
ING Solution 2025 Port Adv,0.8655890479716444,0.9865976718437867,0.9733749660875801,0.14071604963973133,0.03148680338114759
ING Solution 2025 Port S,0.8663499423677768,0.9865207858217383,0.9732232608583401,0.1408507026704301,0.03146731355929135
ING Solution 2025 Port I,0.8665258727433781,0.986387373952321,0.9729600514925559,0.14089835930260913,0.03153673162252006
ING Solution 2025 Port T,0.8637597714147215,0.9869140510430543,0.9739993441462125,0.14037404974617093,0.03145298421326057
ING Solution 2035 Port Adv,0.9987291468362453,0.9869016611673511,0.9739748888148771,0.1623036227719769,0.026178203991497888
ING Solution 2035 Port I,0.9996570595130652,0.9868602083349448,0.9738930707948907,0.16246124764959766,0.02624404638530241
ING Solution 2035 Port S,1.0009773860805686,0.9871173404575555,0.9744006438319975,0.16263328515325928,0.026015635241752308
ING Solution 2035 Port T,0.9989431693842679,0.9871755775401594,0.9745156208917473,0.16229340987511623,0.025902951333041276
ING Solution 2035 Port S2,0.9985011892106453,0.9867982370064788,0.9737707605590948,0.16228361396318366,0.0262777261453969
Old Westbury Real Return,0.7189884810110877,0.7917427117713054,0.6268565216429803,0.1456570602325453,0.09970913492833133
GMO Strategic Opportunities Allc III,0.689347703334869,0.9420005816728075,0.8873650958719077,0.11736985585617515,0.0634981821842994
Fidelity Advisor Strategic Real Return A,0.4141962783812865,0.8664586952582987,0.7507506705887133,0.07669819263265906,0.10142699508482325
Fidelity Advisor Strategic Real Return B,0.41461584653570444,0.8658584111561103,0.7497107881697836,0.07682832043545437,0.1014196007963352
Fidelity Advisor Strategic Real Return C,0.41213698347832467,0.8659546440091249,0.7498774454809705,0.07636123453777667,0.10169476209296084
Fidelity Advisor Strategic Real Return I,0.4148089896332022,0.866823844477999,0.7513835773556182,0.07677894496348717,0.10133291973086207
Fidelity Advisor Strategic Real Return T,0.4147793369957902,0.8665418313655625,0.750894745506383,0.07679864509770802,0.10135519728901916
Fidelity Strategic Real Return,0.41759474724482143,0.868716148108282,0.7546677459840906,0.07712566679518193,0.1008885149521391
Fidelity Advisor Strategic Real Ret A LW,0.4141962783812865,0.8664586952582987,0.7507506705887133,0.07669819263265906,0.10142699508482325
Fidelity Strategic Real Return F,,,0,0,0
JHancock2 Lifestyle Conservative 1,0.31566415292421995,0.8805566711409756,0.7753800510908762,0.057525075171408424,0.11306130188196346
JHancock2 Lifestyle Conservative A,0.3133079848283341,0.8794491798955896,0.7734308600190251,0.057167861742066235,0.11341551101227859
JHancock2 Lifestyle Conservative B,0.3122906560530717,0.878700103873613,0.7721138725474984,0.057031349902602224,0.11357712612128838
JHancock2 Lifestyle Conservative C,0.31424865864465773,0.8798406212289328,0.7741195187645143,0.05731399326160359,0.113275817972835
JHancock2 Lifestyle Conservative R3,0.31647613427068955,0.8787682460775096,0.7722336303141424,0.057789649208295976,0.11301175319987065
JHancock2 Lifestyle Conservative R4,0.3133035427466839,0.8799036805277358,0.7742304870062557,0.05713785021784888,0.11340125199262971
JHancock2 Lifestyle Conservative R5,0.3150215251476726,0.8816342176744312,0.7772788937744063,0.057337862834823616,0.11311244326830419
JHancock2 Lifestyle Conservative A LW,0.3133079848283341,0.8794491798955896,0.7734308600190251,0.057167861742066235,0.11341551101227859
JHancock2 Lifestyle Conservative R2,0.31634016029431794,0.8812684754155743,0.7766341257612907,0.05760165549594163,0.11294647140548986
JHancock2 Lifestyle Conservative R6,0.31509851111538206,0.8816146289781099,0.7772443540282105,0.057353367215882835,0.11310268195103655
JHancock2 Lifestyle Conservative R,,,0,0,0
JHancock2 Lifestyle Conservative R1,0.31368883246834806,0.8801733129961419,0.7747050609106043,0.057191145715369006,0.11334042655605657
JHancock2 Lifestyle Cons R2 (obs),,,0,0,0
JHancock2 Lifestyle Moderate R,,,0,0,0
JHancock2 Lifestyle Moderate R1,0.5061213759539334,0.9542059014415641,0.9105089023459081,0.08509294581391069,0.08317788497329769
JHancock2 Lifestyle Moderate R2 (obs),,,0,0,0
JHancock2 Lifestyle Moderate 5,0.5061899380247761,0.9537166993797112,0.9095755426757303,0.08514798081287658,0.08321309601363067
JHancock2 Lifestyle Moderate R6,0.5062512236068768,0.9530341738757081,0.9082741365749534,0.0852190918696034,0.08326705215239985
JHancock2 Lifestyle Moderate R2,0.505996455849968,0.9528078020380014,0.9078427076244873,0.08519631266015928,0.08332254556522187
JHancock2 Lifestyle Moderate A LW,0.506047664202859,0.9538480984363885,0.9098261948907143,0.08511239634910779,0.08322061179526492
JHancock2 Lifestyle Moderate 1,0.5062589148946951,0.9528532786470008,0.9079293706283389,0.08523641518922305,0.08328254241324128
JHancock2 Lifestyle Moderate A,0.506047664202859,0.9538480984363885,0.9098261948907143,0.08511239634910779,0.08322061179526492
JHancock2 Lifestyle Moderate B,0.5061791797072642,0.9535547427787175,0.9092666474757861,0.08516019591781575,0.08322935224533584
JHancock2 Lifestyle Moderate C,0.5058395150097202,0.9536695038463784,0.9094855225665974,0.08509326251661258,0.08326541900993988
JHancock2 Lifestyle Moderate R3,0.507108415614385,0.9536678473068558,0.9094823629868926,0.085306347757452,0.08309177039976713
JHancock2 Lifestyle Moderate R4,0.5062259101711789,0.953160168681221,0.9085143071604136,0.08520377272182035,0.08325899630947084
JHancock2 Lifestyle Moderate R5,0.5023992384135013,0.9530069397128752,0.9082222271408997,0.08457364147033665,0.08379679280740088
JPMorgan SmartRetirement 2030 R2,0.9623000733866341,0.9797703166862061,0.9599498734593885,0.1575249393598175,0.032091475772443576
JPMorgan SmartRetirement 2030 A,0.9630123850047263,0.9801672441074994,0.9607278264212905,0.1575778344827385,0.03177818241420931
JPMorgan SmartRetirement 2030 C,0.9616413473260564,0.9801959485950538,0.9607840976421572,0.15734909055749863,0.031753521041775444
JPMorgan SmartRetirement 2030 Select,0.9634059342975048,0.9800951221095269,0.9605864483828884,0.15765379198663396,0.03183647118600211
JPMorgan SmartRetirement 2030 A LW,0.9630123850047263,0.9801672441074994,0.9607278264212905,0.1575778344827385,0.03177818241420931
JPMorgan SmartRetirement 2030 Instl,0.9608845535406593,0.9800334275807825,0.9604655191757367,0.15725122897012433,0.03188200109383557
JPMorgan SmartRetirement 2020 Instl,0.7466028713650675,0.9766826312830382,0.9539089622499591,0.12261169874848653,0.04840821502544101
JPMorgan SmartRetirement 2020 A LW,0.744825529376781,0.9769111905661776,0.9543554742534265,0.1222914175304765,0.048541800949166235
JPMorgan SmartRetirement 2020 A,0.744825529376781,0.9769111905661776,0.9543554742534265,0.1222914175304765,0.048541800949166235
JPMorgan SmartRetirement 2020 C,0.744575876423842,0.9764717636701867,0.9534971052451651,0.12230550435565928,0.04870905519915358
JPMorgan SmartRetirement 2020 Select,0.7438822546374898,0.9767459450270355,0.9540326411267566,0.12215730958338183,0.04870343118866814
JPMorgan SmartRetirement 2020 R2,0.7463689096029714,0.977105636724386,0.9547354253185677,0.12252037874360988,0.048300869232766004
Fidelity Freedom 2045,0.9958008307604893,0.9843797378846746,0.9690034683579007,0.1622476092775551,0.02856561609207158
Fidelity Freedom 2050,1.0369490289363348,0.9845180707470497,0.9692758316274928,0.1689262234721179,0.03018968075443124
Vanguard Target Retirement 2050 Inv,0.9716054033985916,0.9918846783461005,0.9838352151377472,0.15710422331014678,0.020482085972552876
Hartford Balanced Income A,0.44870191201690884,0.9022802932455214,0.8141097275792241,0.07977607793004235,0.09484823399114979
Hartford Balanced Income B,0.44936553374489324,0.9019372621144358,0.8134908247904845,0.07992424642052652,0.09479312577830384
Hartford Balanced Income C,0.4506445365213595,0.903380328034988,0.8160960170806025,0.08002363299859906,0.09452968206232015
Hartford Balanced Income Y,0.44511503903527694,0.9002179672027391,0.8103923884746317,0.07932017509525315,0.09543626777130478
Hartford Balanced Income A Load Waived,0.44870191201690884,0.9022802932455214,0.8141097275792241,0.07977607793004235,0.09484823399114979
Hartford Balanced Income I,0.44827741891414663,0.9044536103455076,0.8180363332670234,0.07950915095875202,0.09473926228931799
Hartford Balanced Income R5,0.44810914094193594,0.9034269105133278,0.8161801826396562,0.07956928678041307,0.09483560893481739
Hartford Balanced Income R4,0.4503627024709461,0.9029561976715662,0.8153298949134925,0.08001124788234402,0.09459575722348479
Hartford Balanced Income R3,0.4500223868134903,0.9044227534759732,0.817980517005061,0.07982107786191564,0.09452777290674795
T. Rowe Price Retirement 2050,1.0561174473711923,0.9893948209193899,0.9789021116621116,0.17119660938468206,0.026439299899403003
T. Rowe Price Retirement 2050 Adv,1.0571626600204134,0.9894890942411457,0.979088667622163,0.17134961613056338,0.02641423386378207
T. Rowe Price Retirement 2050 R,1.0525693799730504,0.9890554486817654,0.9782306805670884,0.17068032693849605,0.026550867897305923
JHVIT American Asset Allc Tr Ser I,0.8039000863408832,0.9874514020081607,0.9750602713278823,0.1305673390417633,0.03759915544488681
JHVIT American Asset Allc Tr Ser II,0.8052313650515525,0.987558269281342,0.9752713352259597,0.1307692371607893,0.037390192441145643
JHVIT American Asset Allc Tr Ser III,0.8062400535491078,0.987259060607697,0.9746804527519923,0.13097259544741374,0.03740853640321252
JHVIT Frkln Templ Fdng Allc Tr Ser NAV,0.8792115269708974,0.9667841144628038,0.9346715239776278,0.14586116683289396,0.04200293076820666
JHVIT Frkln Templ Fdng Allc Tr Ser I,0.8818285012151622,0.9671419209134376,0.935363495188134,0.14624096711257628,0.04172080170368826
JHVIT Frkln Templ Fdng Allc Tr Ser II,0.8820962744676347,0.9670630406616044,0.9352109246136681,0.1462973200254055,0.0417531841969676
Hartford Checks and Balances A,0.6976142884698789,0.9817839514031139,0.9638997272327119,0.11396741583166364,0.053099244210189404
Hartford Checks and Balances B,0.7015735076185639,0.9825664539611862,0.9654368364498599,0.11452272591612632,0.05237176624258441
Hartford Checks and Balances C,0.6986753392467047,0.9803663016801846,0.9611180854700827,0.1143056581697949,0.05331201453101756
Hartford Checks and Balances A LW,0.6976142884698789,0.9817839514031139,0.9638997272327119,0.11396741583166364,0.053099244210189404
Hartford Checks and Balances I,0.7017980972592127,0.9814204782491059,0.9631861551267038,0.11469318784423572,0.052633600937372405
Hartford Checks and Balances R3,0.7011435443311508,0.9814747773320633,0.9632927385390233,0.11457996588618256,0.05270663616511591
Hartford Checks and Balances R4,0.701804909267992,0.9820732564780619,0.9644678810894252,0.11461809724634818,0.05246645472339627
Hartford Checks and Balances R5,0.7023788708553846,0.9818782936715458,0.9640849835833463,0.11473469358125624,0.05243970863679454
American Funds Trgt Date Ret 2015 A LW,0.5761726083057366,0.9690385209592359,0.9390356551028636,0.09537521978541486,0.07192027740231673
American Funds Trgt Date Ret 2015 A,0.5761726083057366,0.9690385209592359,0.9390356551028636,0.09537521978541486,0.07192027740231673
American Funds Trgt Date Ret 2015 R1,0.5770610318640182,0.9692814371015611,0.9395065043096676,0.09549858225339061,0.07176576708040373
American Funds Trgt Date Ret 2015 R2,0.5729084200259692,0.9679990783765386,0.9370222157378282,0.09493738729459837,0.07250509416237691
American Funds Trgt Date Ret 2015 R3,0.5789498467792324,0.970224661051947,0.9413358929133655,0.09571768275974726,0.07138016226622806
American Funds Trgt Date Ret 2015 R4,0.5784351943431444,0.9691209634878046,0.9391954418715308,0.09574151247117665,0.07159713476880533
American Funds Trgt Date Ret 2015 R5,0.5731524984448463,0.9694630035000777,0.9398585151553918,0.09483413243084199,0.07228355079289116
American Funds Trgt Date Ret 2015 R6,0.5774121256308492,0.9688908782445176,0.9387495339454327,0.09559415276134832,0.07176852457252311
American Funds Trgt Date Ret 2020 R6,0.673807647239809,0.9763223478045077,0.953205326822506,0.11069852635085159,0.057521334279156594
American Funds Trgt Date Ret 2020 A,0.6777586837199784,0.9772158795254514,0.9549508751967016,0.11124553938305722,0.05680603737830957
American Funds Trgt Date Ret 2020 R1,0.6759719791053191,0.9769727990186737,0.9544758500223819,0.11098031250197574,0.057094683066308285
American Funds Trgt Date Ret 2020 R2,0.6744675418642335,0.9764749957255845,0.9535034172772803,0.11078960939785781,0.0574015117497382
American Funds Trgt Date Ret 2020 R3,0.67307336309361,0.9767610624753527,0.9540621731679798,0.11052842088874523,0.05752226930664497
American Funds Trgt Date Ret 2020 R4,0.6760747895425341,0.976880605667547,0.9542957177293936,0.11100790313367741,0.0571015288518534
American Funds Trgt Date Ret 2020 R5,0.6747473471292533,0.9760658641721661,0.9527045712021576,0.11088205195526717,0.057454494931385235
American Funds Trgt Date Ret 2020 A LW,0.6777586837199784,0.9772158795254514,0.9549508751967016,0.11124553938305722,0.05680603737830957
American Funds Trgt Date Ret 2025 A LW,0.8174333740784621,0.9826915237039264,0.9656826307595446,0.13341641393883358,0.03830753525059552
American Funds Trgt Date Ret 2025 A,0.8174333740784621,0.9826915237039264,0.9656826307595446,0.13341641393883358,0.03830753525059552
American Funds Trgt Date Ret 2025 R1,0.8176401245333639,0.9831377923182096,0.966559918684323,0.13338956973812852,0.03807467582502149
American Funds Trgt Date Ret 2025 R2,0.8175588560703535,0.9830925742581781,0.9664710095615715,0.13338256284524885,0.038104600526920496
American Funds Trgt Date Ret 2025 R3,0.8149447546611435,0.9822075056935727,0.9647315842407896,0.1330757184935078,0.03879057634958951
American Funds Trgt Date Ret 2025 R4,0.8182783213944389,0.9826366638185915,0.9655748130805315,0.1335616285920459,0.03824665726699959
American Funds Trgt Date Ret 2025 R5,0.8189765462473212,0.9824355983095553,0.9651797048258538,0.13370312137999835,0.03827079522734946
American Funds Trgt Date Ret 2025 R6,0.8194441773288598,0.9827378907611828,0.9657737619377385,0.13373813480692248,0.03807905594598089
American Funds Trgt Date Ret 2030 R6,0.8753395321146276,0.983182066694971,0.9666469762705945,0.14279333859457435,0.032852319653606826
American Funds Trgt Date Ret 2030 A,0.8800353512956708,0.9834407700220823,0.9671557481416262,0.14352142154078465,0.03234527844519269
American Funds Trgt Date Ret 2030 R1,0.8764347134108403,0.9832519125184968,0.9667843234712816,0.1429622617842062,0.032727432451109026
American Funds Trgt Date Ret 2030 R2,0.8760065741296197,0.982999679647187,0.9662883701864725,0.14292877056894457,0.03291840842342516
American Funds Trgt Date Ret 2030 R3,0.8763189820116729,0.9831206395520989,0.966526191913328,0.14296220193217368,0.03281913457796779
American Funds Trgt Date Ret 2030 R4,0.8775533427167737,0.9829119060178384,0.9661158149916198,0.14319401456826694,0.03286204160759108
American Funds Trgt Date Ret 2030 R5,0.8766572245218672,0.9826985034793496,0.9656963487405532,0.14307901105309676,0.03306120116485125
American Funds Trgt Date Ret 2030 A LW,0.8800353512956708,0.9834407700220823,0.9671557481416262,0.14352142154078465,0.03234527844519269
American Funds Trgt Date Ret 2035 A LW,0.893810746534843,0.9835868114417465,0.9674430156421416,0.1457460792008936,0.031323283126485954
American Funds Trgt Date Ret 2035 A,0.893810746534843,0.9835868114417465,0.9674430156421416,0.1457460792008936,0.031323283126485954
American Funds Trgt Date Ret 2035 R1,0.8923621063557501,0.9836538304117171,0.967574858083643,0.14550020987082066,0.03136861044574883
American Funds Trgt Date Ret 2035 R2,0.891477122325128,0.9827431904367836,0.9657841783498682,0.14548995902379752,0.032042204988158074
American Funds Trgt Date Ret 2035 R3,0.8956293331387801,0.9829371463572356,0.9661654336889057,0.1461389657237717,0.03165924365190317
American Funds Trgt Date Ret 2035 R4,0.8939624274212782,0.9831524889741281,0.966588816576023,0.1458352019514274,0.03161208868319056
American Funds Trgt Date Ret 2035 R5,0.892623768815456,0.9827772992737398,0.965851219967786,0.14567226577335035,0.03194885065491252
American Funds Trgt Date Ret 2035 R6,0.8950612408233612,0.9830219663709954,0.9663321863678985,0.14603377440789772,0.03163495055414712
American Funds Trgt Date Ret 2040 R6,0.9084707630030412,0.9838798603267516,0.968019579556588,0.14809137018631627,0.030272447200340915
American Funds Trgt Date Ret 2040 A,0.9088281648621834,0.9836511717668636,0.9675696277183237,0.14818418263112684,0.030421960701252825
American Funds Trgt Date Ret 2040 R1,0.9107326119049612,0.9836342680230398,0.9675363732292211,0.14849714153750632,0.030338165423367626
American Funds Trgt Date Ret 2040 R2,0.910738736792519,0.9838843154517487,0.9680283461919561,0.14846033303957915,0.03015267854800046
American Funds Trgt Date Ret 2040 R3,0.9111610016754418,0.9836370272104779,0.9675418012994664,0.14856651143260255,0.030314882660269434
American Funds Trgt Date Ret 2040 R4,0.9098130081846338,0.9836685645764094,0.9676038449358138,0.14834196786992224,0.030359004471870406
American Funds Trgt Date Ret 2040 R5,0.9099606706841519,0.9837449227401216,0.9677540730169679,0.14835474014462544,0.030295227230773335
American Funds Trgt Date Ret 2040 A LW,0.9088281648621834,0.9836511717668636,0.9675696277183237,0.14818418263112684,0.030421960701252825
Wells Fargo Advantage DJ Target 2025 Adm,0.6469081004140044,0.9725937702080067,0.945938641847425,0.10669224200340457,0.06180915944427346
Wells Fargo Advantage DJ Target 2025 I,0.6484543639533299,0.971637938894165,0.9440802842985013,0.1070522787775927,0.061788343586946654
Wells Fargo Advantage DJ Target 2025 Inv,0.6453806665223738,0.9715640407660465,0.9439366853096481,0.1065532382197114,0.062203493714237154
Goldman Sachs Satellite Strategies A LW,0.7393810597328961,0.9022040962027196,0.8139722312049661,0.13144661632754912,0.07041760027542558
Goldman Sachs Satellite Strategies A,0.7393810597328961,0.9022040962027196,0.8139722312049661,0.13144661632754912,0.07041760027542558
Goldman Sachs Satellite Strategies C,0.742711514243379,0.9030953826992154,0.8155812702526423,0.1319081908831106,0.07006368590249466
Goldman Sachs Satellite Strategies Instl,0.7417828358777697,0.9042684378699007,0.8177014077276706,0.1315722459699602,0.06977276826756981
Goldman Sachs Satellite Strategies IR,0.7434363343367408,0.904054805677678,0.8173150916689041,0.13189692822875929,0.06977567761427568
Goldman Sachs Satellite Strategies R,0.7444587608309595,0.9033187821977801,0.8159848222712803,0.13218577941901927,0.06994532338062488
Goldman Sachs Satellite Strategies Svc,0.7443099468138027,0.9052414282380038,0.8194620433983809,0.13187859790387843,0.06941865570946842
JHVIT Fundamental Holdings Trust Ser I,0.6487634677471941,0.9747202129645799,0.9500794935617161,0.10676129811242192,0.06115918666693616
JHVIT Fundamental Holdings Trust Ser II,0.6475987247114221,0.9745375234860326,0.9497233846822896,0.1065894881458781,0.061349271895281214
JHVIT Fundamental Holdings Trust Ser III,0.6480678345477029,0.9744015977964845,0.949458473788342,0.10668144805129852,0.06131262295952642
JPMorgan Income Builder A,0.5853850244684988,0.8886491080976424,0.7896972373227353,0.10566603666853683,0.08225624022719144
JPMorgan Income Builder C,0.5833496162695097,0.8880891198521482,0.7887022847997633,0.10536528768733584,0.08250623738411134
JPMorgan Income Builder Select,0.5876646898451563,0.8910765674435657,0.7940174490470074,0.10578839161730859,0.08169916266187217
JPMorgan Income Builder A Load Waived,0.5853850244684988,0.8886491080976424,0.7896972373227353,0.10566603666853683,0.08225624022719144
Principal Global Div Inc A Load Waived,0.5025176161131149,0.8644266915934662,0.7472335051392256,0.09326322224809887,0.09251665635460304
Principal Global Div Inc Instl,0.5035114637302401,0.8662512323638308,0.7503911975718556,0.09325076043785226,0.09222755172412728
Principal Global Div Inc A,0.5025176161131149,0.8644266915934662,0.7472335051392256,0.09326322224809887,0.09251665635460304
Principal Global Div Inc C,0.5035668742899546,0.8651286998967601,0.7484476673850584,0.09338174261380258,0.09234471054059452
Principal Global Div Inc P,0.5029679055546079,0.8653700207362967,0.7488652727891385,0.09324463086788429,0.09237309661945796
Putnam Capital Spectrum A,0.8284442574437613,0.9027966886759966,0.8150418610843444,0.14716545566469635,0.06900043981655478
Putnam Capital Spectrum M,0.8264020828983787,0.9023035126398538,0.8141516289222187,0.1468831313635251,0.06915939662465047
Putnam Capital Spectrum R,0.8262854011329945,0.9022330611890969,0.8140244967026485,0.1468738507430681,0.06918308770580663
Putnam Capital Spectrum Y,0.8289016014256355,0.9026007492308664,0.8146881125121215,0.14727873546470793,0.06907144960563869
Putnam Capital Spectrum B,0.8258232684228235,0.9020487714846162,0.8136919861369052,0.14682173658574307,0.06924413855581601
Putnam Capital Spectrum C,0.8261135379756761,0.901631931558855,0.8129401400065519,0.1469412098561663,0.06938962090703206
Putnam Capital Spectrum A Load Waived,0.8284442574437613,0.9027966886759966,0.8150418610843444,0.14716545566469635,0.06900043981655478
Fidelity Freedom K Income,,,0,0,0
Fidelity Freedom K 2010,,,0,0,0
Fidelity Freedom K 2035,,,0,0,0
Fidelity Freedom K 2045,,,0,0,0
Fidelity Freedom K 2050,,,0,0,0
Principal Diversified Real Asset A,,,0,0,0
Principal Diversified Real Asset C,,,0,0,0
Principal Diversified Real Asset Inst,,,0,0,0
Principal Diversified Real Asset A LW,,,0,0,0
Principal Diversified Real Asset P,,,0,0,0
American Funds Global Balanced A LW,,,0,0,0
American Funds Global Balanced 529A LW,,,0,0,0
American Funds Global Balanced A,,,0,0,0
American Funds Global Balanced 529F1,,,0,0,0
American Funds Global Balanced B,,,0,0,0
American Funds Global Balanced C,,,0,0,0
American Funds Global Balanced F1,,,0,0,0
American Funds Global Balanced F2,,,0,0,0
American Funds Global Balanced 529A,,,0,0,0
American Funds Global Balanced 529B,,,0,0,0
American Funds Global Balanced 529C,,,0,0,0
American Funds Global Balanced 529E,,,0,0,0
American Funds Global Balanced R1,,,0,0,0
American Funds Global Balanced R2,,,0,0,0
American Funds Global Balanced R3,,,0,0,0
American Funds Global Balanced R4,,,0,0,0
American Funds Global Balanced R5,,,0,0,0
American Funds Global Balanced R6,,,0,0,0
JHFunds2 Capital Appreciation Value NAV,,,0,0,0
American Funds American Balanced F-2,0.6584090216747783,0.9861051373753877,0.9724033419581324,0.10709173473383815,0.057587700462865855
American Funds American Balanced A LW,0.6565215095485105,0.9861648589479037,0.972521129023739,0.10677851332925775,0.05784805822500297
American Funds American Balanced 529A LW,0.6557025657603393,0.9857925426111649,0.9717869370677853,0.10668557541631209,0.058040383957434986
American Funds American Balanced 529F,0.6572762553938747,0.9865954642109857,0.9733706100016903,0.10685471252289248,0.057652709809300616
American Funds American Balanced R4,0.6564223343548761,0.9862401430057054,0.9726696196759143,0.10675429400460354,0.057847351566045084
American Funds American Balanced R2,0.656552198654305,0.9864632942364918,0.9731098308759114,0.10675108126529681,0.057784001843021265
American Funds American Balanced R5,0.6564100664105925,0.9862661961671847,0.9727210097020876,0.10674932249636016,0.05784392345024093
American Funds American Balanced R1,0.6553176217416553,0.9864550905013639,0.973093645576054,0.1065513905530548,0.05796439759041916
American Funds American Balanced R3,0.6559291604469608,0.986282907169166,0.9727539729740617,0.10666953789921603,0.05791011645187492
American Funds American Balanced 529A,0.6557025657603393,0.9857925426111649,0.9717869370677853,0.10668557541631209,0.058040383957434986
American Funds American Balanced 529B,0.6573879940432139,0.9861926487077747,0.9725759403652563,0.10691632290131649,0.05771738370987672
American Funds American Balanced 529C,0.6557551302458471,0.9865895795536515,0.9733589984838507,0.10660812822035126,0.057874280251892285
American Funds American Balanced 529E,0.6572485326604177,0.9861004886360261,0.9723941736882094,0.10690351941870363,0.05775600016315188
American Funds American Balanced F-1,0.6561300595984947,0.9867091712191867,0.9735949885680542,0.10665594687346475,0.05779609744951561
American Funds American Balanced C,0.6564256111349396,0.9862096059058978,0.9726093867810661,0.10675817627873174,0.05785297455599881
American Funds American Balanced B,0.656550910934688,0.9861003900533903,0.9723939792634486,0.10679029677558681,0.057856691470651776
American Funds American Balanced A,0.6565215095485105,0.9861648589479037,0.972521129023739,0.10677851332925775,0.05784805822500297
American Funds American Balanced R6,0.657274609190605,0.9858499909514375,0.9719002046589494,0.1069350802198734,0.05780247865945509
American Funds Capital Inc Bldr A,0.6089629788364638,0.9167898210398429,0.840503575962267,0.10654364655627557,0.07576738495512055
American Funds Capital Inc Bldr R6,0.6089019553674653,0.9167567151944697,0.8404428748541539,0.1065367867679369,0.07577849496802035
American Funds Capital Inc Bldr 529F,0.6087258226368716,0.9169953654216135,0.8408805002047185,0.1064783643683524,0.07575603550445273
American Funds Capital Inc Bldr R1,0.6085303119223047,0.9170453652248787,0.8409722018804312,0.10643831539211268,0.07576621310211903
American Funds Capital Inc Bldr R2,0.6091568855254543,0.9171757318067097,0.8412113230151737,0.10653260769194434,0.07568620061909191
American Funds Capital Inc Bldr R4,0.6084789718285991,0.9170589520384133,0.8409971215137928,0.10642775778776217,0.0757688155071955
American Funds Capital Inc Bldr R5,0.6089882514733306,0.9170668780101023,0.8410116587431957,0.1065158561200238,0.07571977921258782
American Funds Capital Inc Bldr R3,0.6091691476473151,0.9172539298931855,0.841354771904493,0.10652574086135459,0.07567227546811252
American Funds Capital Inc Bldr 529A,0.6093415731014172,0.916844785423635,0.8406043605585113,0.10660344305250005,0.07572302354445569
American Funds Capital Inc Bldr 529B,0.6090021798473603,0.9172803429213842,0.8414032275099721,0.1064934866001856,0.0756836230284893
American Funds Capital Inc Bldr 529C,0.608642515504004,0.9169585273399117,0.8408129408613795,0.10646797209394274,0.07576984830006685
American Funds Capital Inc Bldr 529E,0.6090297258895178,0.9170949824734682,0.8410632068780111,0.1065198051485848,0.07571130472324965
American Funds Capital Inc Bldr C,0.608759848784445,0.9171620663706493,0.8411862559892795,0.10646485361487544,0.07572565785649442
American Funds Capital Inc Bldr F-1,0.6086310546700958,0.9171749874332857,0.8412099575732479,0.10644083901653359,0.07573563677491342
American Funds Capital Inc Bldr B,0.6087317730037038,0.917017556179404,0.8409211983412463,0.10647670281271726,0.07575185872980655
American Funds Capital Inc Bldr F-2,0.6091892621070168,0.91703037065784,0.8409447007088553,0.10655525889589558,0.0757069211939657
American Funds Capital Inc Bldr 529A LW,0.6093415731014172,0.916844785423635,0.8406043605585113,0.10660344305250005,0.07572302354445569
American Funds Capital Inc Bldr A LW,0.6089629788364638,0.9167898210398429,0.840503575962267,0.10654364655627557,0.07576738495512055
Dodge & Cox Balanced,0.8622536293702869,0.9841362590456604,0.9685241763683873,0.1405241959658763,0.03330257909048487
Fidelity Asset Manager 50%,0.6005239561030362,0.9714328704223111,0.9436818217369307,0.09916715327874398,0.0682369433793657
Fidelity Advisor Asset Manager 50% A,0.6013047719114597,0.9718178368628282,0.9444299080447465,0.09925673223208734,0.06807271010435825
Fidelity Advisor Asset Manager 50% B,0.6020646757978365,0.9717765361116244,0.9443496361371073,0.09938622705168099,0.06797464069869419
Fidelity Advisor Asset Manager 50% C,0.5997880422757693,0.9713722873437975,0.9435641206195211,0.09905170783798538,0.06834675158641028
Fidelity Advisor Asset Manager 50% I,0.6017985983344393,0.9717880897479362,0.9443720913759428,0.09934154572810433,0.06800939927519824
Fidelity Advisor Asset Manager 50% T,0.6013451588027167,0.9713957659728265,0.9436097341499344,0.09930662684257997,0.06812999382154467
Fidelity Advisor Asset Manager 50% A LW,0.6013047719114597,0.9718178368628282,0.9444299080447465,0.09925673223208734,0.06807271010435825
Fidelity Balanced,0.6623462712290381,0.9865935134923136,0.9733667608651081,0.10768791548808021,0.05692009557240914
Fidelity Balanced K,0.6634460791773134,0.9860674985169912,0.9723291116315564,0.10792405360298199,0.05687060892769196
Fidelity Puritan K,0.7014464434968563,0.9886951889895355,0.9775181767310532,0.11379856060302679,0.050819707886166875
Fidelity Puritan,0.7001047241476287,0.9885981131486526,0.9773262293210762,0.11359217037498918,0.05103633103217185
Franklin Income A Load Waived,0.5905856265306972,0.9027144396638324,0.8148933595775868,0.10494793742331979,0.07966596038481584
Franklin Income B,0.5772401816883166,0.8919233643613881,0.7955272878937375,0.10381785605388295,0.0824445488574986
Franklin Income Adv,0.5807664164597857,0.8995724723394362,0.8092306329908857,0.10356386421239516,0.08101332332120086
Franklin Income A,0.5905856265306972,0.9027144396638324,0.8148933595775868,0.10494793742331979,0.07966596038481584
Franklin Income C,0.5896711417937306,0.9036336842262805,0.8165538352683612,0.10467807118687547,0.07960732682041809
Franklin Income R,0.5822536929612532,0.9009462505934431,0.8117041464583834,0.10367136766271123,0.08067722214939987
Franklin Income B1,0.5776925339697481,0.8950578768486014,0.801128602908726,0.10353663020913856,0.08194703120393712
Ivy Asset Strategy Y,0.995312275759943,0.8533932941218471,0.7282801144521374,0.18703011423977156,0.09748556302382419
Ivy Asset Strategy C,0.9937745132278458,0.8528930448968571,0.7274265460334324,0.18685066572839978,0.09754709703159314
Ivy Asset Strategy B,0.9935553396566682,0.8532145367340328,0.7279750456942702,0.18673900337801544,0.0973910807816516
Ivy Asset Strategy A,0.9942182907060882,0.8530184963916749,0.727640555186314,0.18690662992086612,0.09753729044531438
Waddell&Reed Asset Strategy C {dupe},,,0,0,0
Ivy Asset Strategy R,0.9950102752752178,0.853540389559875,0.7285311966100231,0.18694112814395564,0.0973945500956848
Ivy Asset Strategy I,0.9932620187132648,0.852460408872596,0.7266887486952335,0.18684907618601782,0.09767906229330535
Ivy Asset Strategy A Load Waived,0.9942182907060882,0.8530184963916749,0.727640555186314,0.18690662992086612,0.09753729044531438
Ivy Asset Strategy E,0.9952901632459903,0.8535607520259733,0.7285659573991451,0.18698930146297116,0.09741302538691579
American Funds Inc Fund of Amer F-2,0.626323036660747,0.955011004567814,0.9120460188456251,0.10519908650995387,0.06754794991036825
American Funds Inc Fund of Amer 529A LW,0.6291035937584191,0.9544862185929437,0.9110439414838567,0.10572398427761792,0.06730841575742007
American Funds Inc Fund of Amer A LW,0.6266114703527993,0.9544738584860549,0.9110203465332577,0.10530680188143007,0.06760579166119395
American Funds Inc Fund of Amer F-1,0.6279118306235365,0.9552499708868655,0.9125025068793573,0.10543964271474619,0.06731747514257597
American Funds Inc Fund of Amer C,0.624750610822515,0.9547249300632975,0.9114996920843683,0.10496665029704977,0.06778436750462664
American Funds Inc Fund of Amer B,0.6271516000328643,0.9555451911759457,0.9130666123794746,0.10527926628720126,0.067357286432569
American Funds Inc Fund of Amer 529F-1,0.627669690281036,0.9553075617703501,0.9126125375756113,0.10539271511187188,0.06733638710096743
American Funds Inc Fund of Amer R5,0.6277460113295948,0.9542705838428,0.9106323471876785,0.10551994198811897,0.06750633321564725
American Funds Inc Fund of Amer R2,0.6255224473967379,0.9543655001976682,0.9108135079675453,0.10513567207618198,0.06775371860663687
American Funds Inc Fund of Amer R1,0.6275812233465069,0.9542909312560323,0.9106711814775053,0.10548978075540187,0.06752232150616916
American Funds Inc Fund of Amer R4,0.624949202147161,0.9547427197018766,0.9115336608237362,0.1049979962529621,0.06775764540335265
American Funds Inc Fund of Amer R3,0.6273157510578856,0.9546664576473821,0.9113880453570008,0.1054038873123468,0.0674890397824029
American Funds Inc Fund of Amer 529A,0.6291035937584191,0.9544862185929437,0.9110439414838567,0.10572398427761792,0.06730841575742007
American Funds Inc Fund of Amer 529B,0.628248968825296,0.9545312429724213,0.9111298938104756,0.10557545401451536,0.06740172537414255
American Funds Inc Fund of Amer 529C,0.6265203175749703,0.9540437380630056,0.9101994541372328,0.10533883536950879,0.06769045347538764
American Funds Inc Fund of Amer 529E,0.6272318145728263,0.9545134915186717,0.9110960054911655,0.1054066859818037,0.06752535436634577
American Funds Inc Fund of Amer A,0.6266114703527993,0.9544738584860549,0.9110203465332577,0.10530680188143007,0.06760579166119395
American Funds Inc Fund of Amer R6,0.6261965858146932,0.9540689652614642,0.9102475904750811,0.1052816703330854,0.06772446332994277
Vanguard LifeStrategy Growth Inv,0.8779695744458328,0.990404709956395,0.9809014895038107,0.1421815868396266,0.02772621127892727
Janus Balanced T,0.6581392671811632,0.9636823008978315,0.9286835770637386,0.10953188484511582,0.06212871789213101
Berger Balanced,,,0,0,0
Janus Balanced C,0.6577448854385626,0.9629737471638179,0.9273184377267247,0.10954668110682445,0.06231791101776667
Janus Balanced I,0.6577952648377251,0.9637750293524476,0.9288623072033111,0.10946401480907733,0.06215166151062523
Janus Balanced R,0.6580240069846418,0.9632878763182566,0.9279235326617369,0.10955748157920307,0.062221566165548366
Janus Balanced S,0.6575656389140009,0.9634653123856006,0.9282654081702829,0.10946110058082428,0.06224124313449051
Janus Balanced A,0.6567410257442997,0.9634847450967944,0.9283028540342348,0.10932157116741764,0.062336784659982644
Janus Balanced A Load Waived,0.6567410257442997,0.9634847450967944,0.9283028540342348,0.10932157116741764,0.062336784659982644
Janus Balanced D,0.6565324227796442,0.9636764222039645,0.9286722467118338,0.1092650760521294,0.06232387420637609
Janus Balanced N,0.6565324227796442,0.9636764222039645,0.9286722467118338,0.1092650760521294,0.06232387420637609
MFS Total Return C,0.5841201418925,0.9877860883034573,0.9757213562458454,0.09485321816886341,0.06830149421026076
MFS Total Return A,0.5857602603557253,0.9876688267965732,0.9754897114257193,0.09513038404416779,0.06806955042165329
MFS Total Return B,0.5875102808168442,0.9881582619771948,0.9764567507137905,0.09536732675922684,0.06773907560484674
MFS Total Return I,0.5853925353236894,0.9872776600684695,0.9747171780702724,0.09510843781190224,0.06817756449115722
MFS Total Return R5,,,0,0,0
MFS Total Return R,,,0,0,0
MFS Total Return 529A,0.5862682840405942,0.9880378361296223,0.9762187656237064,0.09517733569851697,0.06794312514422982
MFS Total Return 529B,0.5840834340079402,0.9875999952977432,0.9753537507121024,0.09486497962104275,0.06833183605652637
MFS Total Return 529C,0.5850853063407294,0.9883875187016457,0.976909887125196,0.09495184623719641,0.06807514569483107
MFS Total Return R2,0.5853715621463872,0.9882302457353522,0.9765990185861546,0.09501356071255702,0.06805287974676891
MFS Total Return R1,0.5856954015390723,0.9874854645621846,0.9751275427215934,0.0951377239710871,0.06810399608464074
MFS Total Return R2,,,0,0,0
MFS Total Return R3,0.5855179311009323,0.9874893553407179,0.9751352269112268,0.09510851575008411,0.06813023114276069
MFS Total Return R4,0.5855553227279691,0.9874800901182074,0.9751169283798629,0.09511548845618703,0.06812583833755141
MFS Total Return A Load Waived,0.5857602603557253,0.9876688267965732,0.9754897114257193,0.09513038404416779,0.06806955042165329
MFS Total Return 529A Load Waived,0.5862682840405942,0.9880378361296223,0.9762187656237064,0.09517733569851697,0.06794312514422982
BlackRock Global Allocation R,0.6859994987542315,0.9399533441198071,0.8835122891220086,0.11705887018592215,0.06426681552499482
BlackRock Global Allocation Inv A LW,0.6860979611774877,0.9401548289704406,0.8838911024364384,0.11705053188765424,0.06421231318316864
BlackRock Global Allocation Inv C,0.6848702231914872,0.9400562651500148,0.8837057816477949,0.11685343000684478,0.06434480221380745
BlackRock Global Allocation Inv A,0.6860979611774877,0.9401548289704406,0.8838911024364384,0.11705053188765424,0.06421231318316864
BlackRock Global Allocation Instl,0.6869739974932294,0.9398574704250982,0.8833320647138642,0.11723684364166126,0.06420164277219674
BlackRock Global Allocation Inv B,0.6857479901616306,0.9399701244020899,0.8835438347684805,0.11701377827918995,0.06428551964002245
Vanguard LifeStrategy Cnsrv Gr Inv,0.4358010728874639,0.9653506555295108,0.9319018881312562,0.07242855482370328,0.09241780305396119
Permanent Portfolio,0.5227243843834357,0.7506133894084241,0.5634204603592026,0.11169388880084709,0.10630296828433206
T. Rowe Price Capital Appreciation,0.6954435577386318,0.9826749656445858,0.965650088104588,0.11350809963827838,0.05317055775289733
T. Rowe Price Capital Appreciation Adv,0.693850504632307,0.9826806709524993,0.9656613010636543,0.11324752251973508,0.05338491151544512
Invesco Van Kampen Equity and Incom A LW,0.7932794549479293,0.9790112491719396,0.9584630260052016,0.12996616369138947,0.042424944047100614
Invesco Van Kampen Equity and Income Y,0.7901178109828411,0.9795519598409238,0.9595220420281947,0.12937718039023285,0.04254033188847967
Invesco Van Kampen Equity and Income R,0.7862772095087444,0.9793648267639345,0.9591554639023516,0.12877317520603498,0.04302642271400768
Invesco Van Kampen Equity and Income A,0.7932794549479293,0.9790112491719396,0.9584630260052016,0.12996616369138947,0.042424944047100614
Invesco Van Kampen Equity and Income C,0.788699151318955,0.9791584918944526,0.9587513522490189,0.1291966566256348,0.04284870434902875
Invesco Van Kampen Equity and Income B,0.7892254993459212,0.9786176385837676,0.9576924825472696,0.12935461920289065,0.04300798274373856
Invesco Van Kampen Equity and Income I,0.7863615222815052,0.9785409339775696,0.9575423594696941,0.12889507045728502,0.04334069132251935
FPA Crescent,0.5709639413817357,0.9398190019120659,0.8832597563549918,0.09743899848075645,0.0764225937984984
UAM FPA Crescent Instl Svc,,,0,0,0
First Eagle Global I,0.7383823788839189,0.948170477397888,0.8990272542089387,0.12490760769354814,0.05774171043338148
First Eagle Global C,0.7386751295952175,0.9480658467918679,0.8988288498531816,0.1249708530931303,0.057748265283758385
First Eagle Global A,0.7390245749611356,0.9480381863571782,0.8987764027914076,0.12503360399674351,0.05772846406383117
First Eagle Global A Load Waived,0.7390245749611356,0.9480381863571782,0.8987764027914076,0.12503360399674351,0.05772846406383117
Vanguard LifeStrategy Moderate Gr Inv,0.6478187477560939,0.9834678540487706,0.9672090199472937,0.10566087966090473,0.059621666053521316
Vanguard Balanced Index Signal,0.6023850235188274,0.9934588560137138,0.9869604985920769,0.0972594884285656,0.0647151787358223
Vanguard Balanced Index Instl,0.6013792804891895,0.99352599489844,0.987093902538935,0.0970906653756855,0.06486107577655859
Vanguard Balanced Index Adm,0.600657674050839,0.9935158077520705,0.987073660253249,0.09697511216955716,0.06497434006446076
Vanguard Balanced Index Inv,0.6017154403899184,0.993633630805038,0.9873077922668025,0.09713436164009794,0.06479324434736268
Vanguard STAR Inv,0.6979254585568365,0.9824163825097789,0.9651419486236001,0.11394753375085394,0.0528998037978322
Vanguard Wellesley Income Inv,0.3022639527149678,0.8293317477105747,0.6877911477606764,0.058473362285112344,0.11654676514966608
Vanguard Wellesley Income Adm,0.30318063557778835,0.8300536012050715,0.6889889808735079,0.05859964938621829,0.11640783687099912
Vanguard Wellington Adm,0.6412823877915326,0.9834203122578201,0.9671155105612683,0.10459204831541814,0.06056339544040177
Vanguard Wellington Inv,0.6397906406379111,0.9835475505955054,0.9673657842824182,0.10433535099669397,0.06075370268155247
GMO Global Balanced Allocation II,,,0,0,0
Wells Fargo Advantage Asset Alloc C,0.5693487813017745,0.9338268773880222,0.8720326369322642,0.09779695191668977,0.07740373144836782
Wells Fargo Advantage Asset Alloc Adm,0.5682846349376867,0.9326318475771384,0.8698021631151466,0.09773912651256282,0.07768385391010461
Wells Fargo Advantage Asset Alloc B,0.5671943889709514,0.9339432906746382,0.8722500701961718,0.09741490826012011,0.07763737841433202
Wells Fargo Advantage Asset Alloc A,0.5698277081415628,0.9335841806537456,0.8715794223669255,0.09790466233820777,0.07738071096460973
Wells Fargo Advantage Asset Alloc A LW,0.5698277081415628,0.9335841806537456,0.8715794223669255,0.09790466233820777,0.07738071096460973
Wells Fargo Advantage Asset Alloc R,0.5674553440276375,0.9321613779346306,0.8689248345129892,0.09764584650342423,0.07784082521282039
Fidelity Freedom 2020,0.7184094577426973,0.9785754317435129,0.9576098756120026,0.11775922532545562,0.05124529081372397
Oakmark Equity & Income II,0.6874153895040135,0.9661095573955727,0.9333676768910694,0.11411610811155452,0.05813342030546382
Oakmark Equity & Income I,0.6883139315021277,0.9665980768392342,0.9343118421493061,0.11420761798310336,0.0579150513649867
Fidelity Freedom 2040,0.9742489700856738,0.9848719715327632,0.9699728003108319,0.15865774183250558,0.02779394866441254
Fidelity Freedom 2010,0.5899374574565176,0.9755929224627438,0.9517815503593972,0.09700396993277964,0.06911291691298
Fidelity Freedom 2030,0.8699753002833261,0.9835810555636294,0.9674316928636634,0.1418678406962396,0.03301161051896164
Principal LifeTime 2020 R3,0.7992217359856559,0.9805419174300648,0.9614624518374281,0.13073462571563668,0.04116683742527183
Principal LifeTime 2020 R2,0.7989422816359526,0.9807357473520355,0.9618426061341556,0.1306630307136159,0.04111434171589091
Principal LifeTime 2020 R5,0.8002837773655834,0.9809143496074376,0.9621929612657822,0.1308584339133943,0.04089646248766919
Principal LifeTime 2020 Instl,0.8014307897474108,0.980637928888781,0.9616507475752779,0.13108286799862684,0.040893861687684
Principal LifeTime 2020 R4,0.7980227737847047,0.9800919323122489,0.9605801957835578,0.13059853179833517,0.04148242575118034
Principal LifeTime 2020 J,0.799487321430399,0.9809196888546824,0.9622034359827668,0.13072746028245938,0.04097856964828603
Principal LifeTime 2020 C,,,0,0,0
Principal LifeTime 2020 A Load Waived,0.8004842637805327,0.9808953280427656,0.9621556445761247,0.13089383311125855,0.040883383383710156
Principal LifeTime 2020 A,0.8004842637805327,0.9808953280427656,0.9621556445761247,0.13089383311125855,0.040883383383710156
Principal LifeTime 2020 B,0.8025944180828128,0.981805189031793,0.9639414292097548,0.13111725831049745,0.04026721678595559
Principal LifeTime 2020 R1,0.7986303426825573,0.9808692055304109,0.9621043983578594,0.13059435626409413,0.04109098697548788
JHVIT Lifestyle Growth Tr Ser NAV,0.7982949297537727,0.9849247466312032,0.9700767565265399,0.1300013459012644,0.039388381180544906
JHT Lifestyle Growth 820 Trust Ser III,,,0,0,0
JHTrust Lifestyle Growth Series IIIA,,,0,0,0
JHVIT Lifestyle Growth Tr Ser I,0.801513900624815,0.9853020504914219,0.9708201307026006,0.13047544552415655,0.03885061841131636
JHVIT Lifestyle Growth Tr Ser II,0.7994435762958345,0.984971769779438,0.9701693872624382,0.13018223527595094,0.03923522639717551
JHVIT Lifestyle Balanced Ser I,0.5883319172876152,0.9692231396477,0.939393494428545,0.0973733049428949,0.0702236111248387
JHVIT Lifestyle Balanced Ser II,0.587468263740448,0.9685470152927204,0.9380833208324372,0.09729828051219414,0.07043553709178074
JHTrust Lifestyle Balanced Series IIIA,,,0,0,0
JHVIT Lifestyle Balanced Ser NAV,0.5891171214809687,0.9690627559352627,0.9390826249408465,0.09751938564750186,0.07013863299217521
JHT Lifestyle Balanced 640 Trust III,,,0,0,0
PIMCO All Asset P,0.3590623912287805,0.7294682245817665,0.5321238906744746,0.07896257762543986,0.11608836748150912
PIMCO All Asset A Load Waived,0.35805956239417464,0.7283209400029662,0.5304513916468043,0.07886614042391915,0.11624482742978
PIMCO All Asset R,0.35977055230221544,0.7301207157572256,0.5330762595778434,0.07904753369459898,0.11598929832366763
PIMCO All Asset Admin,0.35833604675616254,0.7277204320381505,0.5295770272057924,0.07899245470309293,0.11626916557948466
PIMCO All Asset A,0.35805956239417464,0.7283209400029662,0.5304513916468043,0.07886614042391915,0.11624482742978
PIMCO All Asset B,0.35675596808934645,0.7257401603234171,0.5266987803062593,0.07885832263478719,0.11652759111188787
PIMCO All Asset C,0.3596341466898555,0.7315016503833872,0.5350946645136192,0.07886826494319801,0.11589766385076555
PIMCO All Asset D,0.3573704201790363,0.7263264518824036,0.5275501147040815,0.07893091654617555,0.11644072601134839
PIMCO All Asset Instl,0.35942617359893236,0.7303777085332351,0.5334515971222594,0.07894472378485497,0.11599524187715834
T. Rowe Price Retirement 2010 Adv,0.6612091946514376,0.9815012045768391,0.9633446145857864,0.10805949816533834,0.0581270675043457
T. Rowe Price Retirement 2010 R,0.6628092702596837,0.9814944584720983,0.9633313720114374,0.10832142957647546,0.057906653351699616
T. Rowe Price Retirement 2010,0.6614286234390095,0.9811830760431204,0.9627202287134398,0.10813019198109375,0.058161767078312755
T. Rowe Price Retirement 2020,0.8546481942408156,0.9870530133496349,0.9742736511625946,0.1388753864159798,0.032234801110654125
T. Rowe Price Retirement 2020 R,0.8543114768309127,0.9871772182958589,0.9745188603223498,0.13880314538403524,0.03219262380788789
T. Rowe Price Retirement 2020 Adv,0.8542873953986255,0.9873015947585174,0.9747644390127117,0.13878185455902745,0.032119571805879474
T. Rowe Price Retirement 2030 Adv,1.0005901957929615,0.989120375180131,0.9783591165964832,0.16224314868622136,0.023861874178019188
T. Rowe Price Retirement 2030 R,1.0009505720601102,0.9888485935743381,0.9778215410139466,0.16234606631761728,0.024172061905145585
T. Rowe Price Retirement 2030,0.9986120288398896,0.9892026496503119,0.9785218820751977,0.16190901891261794,0.02372385671221311
T. Rowe Price Retirement 2040,1.0581929143294075,0.9892131767698172,0.9785427090950336,0.17156456360244643,0.026802425486978733
T. Rowe Price Retirement 2040 R,1.0566947378851506,0.9890657935266806,0.9782511439245625,0.17134714676776053,0.026849627159819804
T. Rowe Price Retirement 2040 Adv,1.0569059682139097,0.9890524045469578,0.9782246589401189,0.17138370551094295,0.02688065286961538
Thornburg Investment Income Builder I,0.6456463697601611,0.9237077223634992,0.8532359563539633,0.11212698373480803,0.07121754377277646
Thornburg Investment Income Builder R3,0.6456632128245592,0.923377790180162,0.852626543397999,0.11217031620234347,0.07127907432835089
Thornburg Investment Income Builder A,0.6445289479334404,0.9238530387269925,0.853504437165098,0.11191557627665213,0.07128827523061157
Thornburg Investment Income Builder C,0.6444848110635912,0.9233218632402488,0.8525232631374446,0.11197244828753657,0.07139309677866353
Thornburg Investment Income Builder R5,0.6438403634687766,0.9226721990342522,0.8513239868707029,0.11193924189101317,0.07157293188411916
Thornburg Investment Income Builder A LW,0.6445289479334404,0.9238530387269925,0.853504437165098,0.11191557627665213,0.07128827523061157
Thornburg Investment Income Builder R4,0.6465963047682577,0.9240781093797561,0.8539203522348644,0.11224707013412993,0.07106324120741227
Vanguard Target Retirement 2015 Inv,0.6121259886490079,0.9837193477611754,0.9677037551596724,0.0998132319783304,0.06472703062685194
Vanguard Target Retirement 2025 Inv,0.7907927790957627,0.9902374591719101,0.9805702255472404,0.12808731724030364,0.03799844408450229
Vanguard Target Retirement 2035 Inv,0.9600809976998169,0.9925151020978464,0.9850862278922985,0.1551427658944401,0.01999405096773014
Vanguard Target Retirement 2045 Inv,0.9726526824760587,0.9921011296190253,0.9842646513913461,0.1572391116240664,0.02020119475161709
Vanguard Target Retirement Income Inv,0.2948337129549114,0.9069338745898579,0.8225290528785719,0.05215529838175507,0.11518282828118791
PIMCO All Asset All Authority A LW,0.27246989032523267,0.5164401144873659,0.2667103918517237,0.0846152092682898,0.137319160870661
PIMCO All Asset All Authority Inst,0.27143731874714977,0.5146727350606691,0.26488802421482976,0.08458427141568285,0.13749316996886754
PIMCO All Asset All Authority A,0.27246989032523267,0.5164401144873659,0.2667103918517237,0.0846152092682898,0.137319160870661
PIMCO All Asset All Authority C,0.2723874373567888,0.518832308937388,0.2691869647973012,0.08419985125093693,0.13707902186429824
PIMCO All Asset All Authority D,0.2744118684044789,0.5206372672091957,0.27106316400705943,0.08453155329005849,0.13690326964355942
PIMCO All Asset All Authority P,0.27225416658237017,0.5179695256326056,0.26829242948406645,0.08429876189228686,0.1371648026459877
T. Rowe Price Retirement 2015 Adv,0.7639880302458405,0.9847076285209483,0.9696491136673498,0.12444353859971616,0.04361020526497919
T. Rowe Price Retirement 2015 R,0.766138859064952,0.9855253261835408,0.9712601685491746,0.12469019804151865,0.04304298959014613
T. Rowe Price Retirement 2015,0.7632843060510539,0.9851940949509708,0.9706074047262625,0.12426772135865677,0.04352339923427616
T. Rowe Price Retirement 2025,0.9310222888321129,0.9880547250088185,0.9762521396122521,0.15112892300538225,0.02577692253420637
T. Rowe Price Retirement 2025 Adv,0.9335037282991303,0.9878707024893026,0.9758885248367083,0.15155956984409036,0.02583120949912555
T. Rowe Price Retirement 2025 R,0.9331758820434894,0.9882312058653469,0.9766009162460775,0.151451139231973,0.025519615963588628
T. Rowe Price Retirement 2035 Adv,1.0491793444301138,0.9899218255183403,0.9799452206375634,0.16998203007896703,0.025325562498725612
T. Rowe Price Retirement 2035 R,1.0505868647113117,0.9894966267366604,0.9791035743232299,0.1702830457693061,0.02591220775669627
T. Rowe Price Retirement 2035,1.0456649652037242,0.9893887098083542,0.9788900190962398,0.16950409830537655,0.02568783174073262
Fidelity Freedom 2015,0.6049959739682181,0.9750437040918454,0.950710224889146,0.09953480976604977,0.06707817624075871
Fidelity Freedom 2025,0.8148924907337699,0.9822385966200773,0.9647926606901788,0.1330696753615048,0.038781513880979064
Fidelity Freedom 2035,0.9551871064898353,0.9845224774013007,0.9692845085083946,0.15560948981056028,0.02819551195743748
Franklin Templeton Founding Allc A,0.8804799903323814,0.962422610305121,0.9262572808265229,0.14673289170867357,0.04420566799468032
Franklin Templeton Founding Allc B,0.8798871414562153,0.9618940036879624,0.9252400743308578,0.14671454371879297,0.04448913866707136
Franklin Templeton Founding Allc C,0.8772578164163606,0.9623696071322126,0.9261552607318093,0.14620406573801953,0.04432799314057493
Franklin Templeton Founding Allc R,0.8827221536821362,0.9633657123834023,0.9280734957959802,0.14696253044131027,0.04366068994665459
Franklin Templeton Founding Allc Adv,0.8787200816558263,0.9616961820977766,0.92485954666144,0.1465501399696818,0.04462164376108996
Franklin Templeton Founding Allc A LW,0.8804799903323814,0.962422610305121,0.9262572808265229,0.14673289170867357,0.04420566799468032
JHancock2 Lifestyle Balanced R2,0.7195588268538552,0.9765790113100951,0.9537065653314027,0.11818622787927413,0.05165508129681503
JHancock2 Lifestyle Balanced R6,0.7173177685506393,0.9768620733249034,0.9542595103006289,0.11778428192804805,0.05185207355806286
JHancock2 Lifestyle Balanced A LW,0.7203614760029848,0.9762926712430738,0.9531473799229367,0.1183529138472109,0.05163660380615856
JHancock2 Lifestyle Balanced 5,0.7187024125841719,0.976530810230832,0.953612423330085,0.1180519741423396,0.05177309920133004
JHancock2 Lifestyle Balanced R,,,0,0,0
JHancock2 Lifestyle Balanced R1,0.718000017130065,0.9759445539956391,0.9524677724737469,0.11800710953467167,0.05201988111058254
JHancock2 Lifestyle Balanced R2 (obs),,,0,0,0
JHancock2 Lifestyle Balanced 1,0.7197181385634986,0.9765285473632492,0.9536080038153778,0.11821847021918078,0.05164959023982022
JHancock2 Lifestyle Balanced A,0.7203614760029848,0.9762926712430738,0.9531473799229367,0.1183529138472109,0.05163660380615856
JHancock2 Lifestyle Balanced B,0.7197000802629249,0.9765529495662678,0.9536556633065776,0.11821262787345763,0.05164503862722094
JHancock2 Lifestyle Balanced C,0.7180430808454143,0.9767595753737737,0.9540592680843545,0.11791568887976211,0.05179098974686619
JHancock2 Lifestyle Balanced R3,0.7174341511939588,0.9758821852235394,0.9523460394366705,0.11792161950567598,0.0521058113290474
JHancock2 Lifestyle Balanced R4,0.7178922351065826,0.9763796937688206,0.9533173064040958,0.11793678947244174,0.05191373089804073
JHancock2 Lifestyle Balanced R5,0.7191517585735584,0.9768322942547861,0.954201331099069,0.11808903221374237,0.05163488768692568
JHancock2 Lifestyle Growth 1,0.9177658033983798,0.9828756885384208,0.9660446191198747,0.1497632890624487,0.03057856929460799
JHancock2 Lifestyle Growth A,0.9195059482193725,0.9833051280814827,0.9668889749113412,0.14998153202061976,0.03018289452522815
JHancock2 Lifestyle Growth B,0.9153263690369341,0.9830184461493042,0.9663252654697927,0.1493435308603075,0.03057777339577447
JHancock2 Lifestyle Growth C,0.9173722370191201,0.9835866424139217,0.9674426831350919,0.1495908355328338,0.030061552442844742
JHancock2 Lifestyle Growth R3,0.9192804587176432,0.983030988126368,0.9663499236167036,0.14998643130573894,0.030399207306507185
JHancock2 Lifestyle Growth R4,0.9180697864218305,0.982885588094359,0.9660640792835938,0.1498113232097834,0.03055844096142278
JHancock2 Lifestyle Growth R5,0.9212197914691805,0.9828630513032592,0.9660197776171533,0.1503285295742552,0.030447842234638377
JHancock2 Lifestyle Growth 5,0.9174028872445541,0.9831641154598794,0.9666116779280071,0.14966032095620974,0.03037835620123549
JHancock2 Lifestyle Growth A LW,0.9195059482193725,0.9833051280814827,0.9668889749113412,0.14998153202061976,0.03018289452522815
JHancock2 Lifestyle Growth R,,,0,0,0
JHancock2 Lifestyle Growth R1,0.9176649566962332,0.9825136494804358,0.9653330714153647,0.1498018019738678,0.030851715779708338
JHancock2 Lifestyle Growth R2 (obs),,,0,0,0
JHancock2 Lifestyle Growth R6,0.9179002706221188,0.9828090775661299,0.9659136829463871,0.14979536781032698,0.030622597987275433
JHancock2 Lifestyle Growth R2,0.9177514108293607,0.982898641558376,0.966089739577301,0.14975745719065178,0.030562050835615754
Vanguard Target Retirement 2010 Inv,0.49683434934271414,0.9711049213343688,0.9430447682398305,0.08207087497558609,0.08302174805517785
Vanguard Target Retirement 2020 Inv,0.7042541539626027,0.9882033343117818,0.976545829944923,0.11430938351276577,0.05054764276259717
Vanguard Target Retirement 2030 Inv,0.8765136852366776,0.9915693509795022,0.9832097778019111,0.14177723434292935,0.027006987147158084
Vanguard Target Retirement 2040 Inv,0.9725789096540886,0.991929059631386,0.9839232593412057,0.1572546133013964,0.020413386984707568
IVA Worldwide A,0.6192500135465957,0.9186639291884438,0.8439434147919499,0.10813429038133578,0.07450101913989723
IVA Worldwide C,0.620986842517071,0.9204295092541211,0.8471904815057824,0.1082297535148256,0.07403842568136912
IVA Worldwide I,0.621947867803518,0.9199959731915489,0.8463925906886651,0.10844778409442776,0.0740242422024331
IVA Worldwide A Load Waived,0.6192500135465957,0.9186639291884438,0.8439434147919499,0.10813429038133578,0.07450101913989723
PIMCO Global Multi-Asset R,0.5795007041732184,0.8898610835196925,0.7918527479628412,0.10446383453677528,0.08255748367725824
PIMCO Global Multi-Asset A Load Waived,0.575309781816363,0.889268217224768,0.7907979621661171,0.10377793589779319,0.0829965909397999
PIMCO Global Multi-Asset A,0.575309781816363,0.889268217224768,0.7907979621661171,0.10377793589779319,0.0829965909397999
PIMCO Global Multi-Asset C,0.5768827651300975,0.8892323291523617,0.7907341352097341,0.10406577211453845,0.08286945897906049
PIMCO Global Multi-Asset D,0.5778101767420523,0.8898155210377541,0.7917716614796898,0.10416467893583926,0.08270582174473513
PIMCO Global Multi-Asset Instl,0.5792177236911517,0.8910085283120245,0.7938961975247598,0.10427845594915111,0.08241119203842513
PIMCO Global Multi-Asset P,0.5784399676425948,0.8897591409293455,0.7916713288673268,0.10428482211101342,0.08266130567899176
PIMCO Global Multi-Asset Adm,0.5748037052656838,0.8884410909981668,0.7893275721740128,0.10378285732599121,0.08315975154825056
PIMCO VIT Global Multi-Asset Instl,0.5756881047281751,0.8892658979370354,0.7907938372337618,0.10384640493608498,0.08296501608997728
Old Westbury Global Opportunities,0.5795588009560201,0.8807533443447718,0.7757264535745001,0.10556729232070211,0.08391458152793402
Fidelity Freedom K 2015,,,0,0,0
Fidelity Freedom K 2020,,,0,0,0
Fidelity Freedom K 2025,,,0,0,0
Fidelity Freedom K 2030,,,0,0,0
Fidelity Freedom K 2040,,,0,0,0
Invesco Balanced-Risk Allc A,,,0,0,0
Invesco Balanced-Risk Allc Instl,,,0,0,0
Invesco Balanced-Risk Allc R,,,0,0,0
Invesco Balanced-Risk Allc Y,,,0,0,0
Invesco Balanced-Risk Allc B,,,0,0,0
Invesco Balanced-Risk Allc C,,,0,0,0
Invesco Balanced-Risk Allc A LW,,,0,0,0
Robeco Long/Short Eq Inv,0.7315843294409007,0.8204843387112263,0.6731945500703983,0.14302893733994995,0.09237202968560598
Robeco Long/Short Eq I,0.7362437486338221,0.8251840457989013,0.680928709441043,0.14311962789605162,0.09120889138080468
Federated Market Opportunity A,-0.16668973316732544,-0.42525326418165205,0.18084033869714997,0.06281827802084586,0.19553108485271006
Federated Market Opportunity B,-0.16731890192662816,-0.42506747821323015,0.1806823610345549,0.0630828284482726,0.19569904260957918
Federated Market Opportunity C,-0.16758486248183987,-0.42568840138118735,0.18121061507047087,0.0630908872618331,0.19573659832063503
Federated Market Opportunity A LW,-0.16668973316732544,-0.42525326418165205,0.18084033869714997,0.06281827802084586,0.19553108485271006
Federated Market Opportunity Instl,-0.16417523563872208,-0.42017829545062846,0.1765497999677956,0.06261704942702565,0.19513572593485648
JPMorgan Research Market Neutral A,0.13265144729594266,0.5749548098071094,0.3305730333203293,0.0370299410497724,0.14233102335634618
JPMorgan Research Market Neutral B,0.131772609541701,0.5704305320253048,0.3253909918666722,0.03707623970843887,0.14250173584298811
JPMorgan Research Market Neutral Instl,0.1317133599843498,0.5667468153179286,0.32120195267301427,0.03730005256961826,0.1425708078120583
JPMorgan Research Market Neutral C,0.1303941432315922,0.5668381070633279,0.3213054396191369,0.0369214726934715,0.1427100382080078
JPMorgan Research Market Neutral Select,0.13248956344493165,0.5715262845113049,0.3266422938872971,0.037206719253069884,0.14240623291209417
JPMorgan Research Market Neutral A LW,0.13265144729594266,0.5749548098071094,0.3305730333203293,0.0370299410497724,0.14233102335634618
Aberdeen Equity Long-Short B,,,0,0,0
Aberdeen Equity Long-Short A,0.4093481658444683,0.9151818446433776,0.8375578087648554,0.07174352190311581,0.09902138525290238
Aberdeen Equity Long-Short C,0.41016739707131994,0.9140150495690936,0.8354235108387926,0.07197858791130013,0.09897935042649722
Aberdeen Equity Long-Short R,0.40552187227929476,0.9139199324084263,0.8352496428534225,0.07117137234599649,0.09960033219451009
Aberdeen Equity Long-Short A LW,0.4093481658444683,0.9151818446433776,0.8375578087648554,0.07174352190311581,0.09902138525290238
Aberdeen Equity Long-Short Inst,0.4044518743339328,0.913771688061879,0.8349786979034559,0.0709949416750531,0.09975070407102996
Aberdeen Equity Long-Short I/S,0.4031482253583801,0.9107669309603682,0.829496402530968,0.0709992666233264,0.10008943911224126
JPMorgan Multi-Cap Market Neutral C,0.07935884698363646,0.40080723966932724,0.16064644337134554,0.03171975996515646,0.15045880592042077
JPMorgan Multi-Cap Market Neutral Sel,0.07794932018239097,0.39366738396859013,0.1549740092006734,0.031722854199113144,0.15069983159576397
JPMorgan Multi-Cap Market Neutral A,0.07673468766307943,0.39320814328151826,0.154612643942899,0.03126498074441389,0.15081117282989062
JPMorgan Multi-Cap Market Neutral B,0.07774260482571467,0.3995282591011379,0.15962282982038598,0.03117428907429814,0.15062047303933784
JPMorgan Multi-Cap Market Neutral A LW,0.07673468766307943,0.39320814328151826,0.154612643942899,0.03126498074441389,0.15081117282989062
Highbridge Statistical Mkt Neutral A LW,0.08514731453093205,0.46191600727002263,0.21336639777227961,0.02955149838966836,0.14901643959702088
Highbridge Statistical Mkt Neutral A,0.08514731453093205,0.46191600727002263,0.21336639777227961,0.02955149838966836,0.14901643959702088
Highbridge Statistical Mkt Neutral C,0.08345630158396433,0.4523244824148636,0.20459743739187425,0.029578629338081558,0.14931332344792242
Highbridge Statistical Mkt Neutral Sel,0.08279989980466629,0.4496689925250175,0.20220220283846424,0.02951921713350071,0.1494145682969776
Pyxis Long/Short Equity A,0.3308948062212345,0.7781571781776301,0.6055285939493719,0.06821800760450278,0.11551881581913954
Pyxis Long/Short Equity C,0.3340244658262464,0.7785784121462054,0.6061843438601064,0.06882653831023461,0.1151820239443423
Pyxis Long/Short Equity Z,0.3248981651150238,0.7755785599369958,0.6015221026339441,0.06720556191427626,0.11625759785579444
Pyxis Long/Short Equity A Load Waived,0.3308948062212345,0.7781571781776301,0.6055285939493719,0.06821800760450278,0.11551881581913954
DWS Alternative Asset Allocation R,0.498462415380908,0.888137139156582,0.7887875779492378,0.090034234805381,0.0904312573033962
DWS Alternative Asset Allocation A,0.4982376028857707,0.8889183517047738,0.7901758359975319,0.08991561294227096,0.0903761749256454
DWS Alternative Asset Allocation C,0.4975910382972324,0.8868726430520392,0.7865430849941097,0.09000571435813026,0.09064965009601002
DWS Alternative Asset Allocation Instl,0.4986964968227145,0.8882037768025228,0.7889059491262658,0.09007068934360177,0.09040004121499007
DWS Alternative Asset Allocation S,0.4939829017013275,0.8891904068357093,0.7906595796086541,0.08912123855046429,0.09079876368170858
DWS Alternative Asset Allocation A LW,0.4982376028857707,0.8889183517047738,0.7901758359975319,0.08991561294227096,0.0903761749256454
Vantagepoint Diversifying Strategies,0.17028878390963162,0.835207626496212,0.6975717793574361,0.03273102478225761,0.13424969468121245
Turner Spectrum Instl,0.26544621804131113,0.7018998397692557,0.4926633850681069,0.06067823876467143,0.1254521821691159
Turner Spectrum Inv,0.26175196157264197,0.6938574445135872,0.48143815330692574,0.06052753573398207,0.12613461598872244
Turner Spectrum C,0.26461423506201553,0.7030838582207152,0.4943269116905267,0.06038662303970182,0.1254819506759571
Forward Tactical Growth C,,,0,0,0
Forward Tactical Growth Investor,,,0,0,0
Forward Tactical Growth Inst,,,0,0,0
Forward Tactical Growth M,,,0,0,0
Forward Tactical Growth A,,,0,0,0
Forward Tactical Growth A Load Waived,,,0,0,0
Merger,0.09765686725900348,0.5916139950020165,0.35000711908224597,0.026498257715145832,0.14625171155312924
Calamos Market Neutral Income R,0.3270887097193006,0.953316440021421,0.9088122348151155,0.05504257923181099,0.10916972458622748
Calamos Market Neutral Income B,0.3269555508065542,0.951010190306054,0.9044203820659571,0.05515358324490846,0.10925702622955347
Calamos Market Neutral Income C,0.32735124318807707,0.9530760462332977,0.9083539499036949,0.05510049111035391,0.10913715721423292
Calamos Market Neutral Income A LW,0.32601714909313756,0.9537431419091701,0.9096259807387753,0.054838371396539125,0.10931898752808505
Calamos Market Neutral Income I,0.3281031970425427,0.9517091283130155,0.9057502649143196,0.055306462159804656,0.10906402837691218
Calamos Market Neutral Income A,0.32601714909313756,0.9537431419091701,0.9096259807387753,0.054838371396539125,0.10931898752808505
Federated Prudent Bear A,-0.8439244714843531,-0.967512689443569,0.936080804234328,0.13983962513367096,0.2977718327708414
Federated Prudent Bear C,-0.8393922712514171,-0.9687225834358127,0.9384234436585551,0.13891463568828946,0.29694639093063185
Federated Prudent Bear A Load Waived,-0.8439244714843531,-0.967512689443569,0.936080804234328,0.13983962513367096,0.2977718327708414
Federated Prudent Bear Instl,-0.8412847363987958,-0.9670784323906659,0.9352406943951876,0.13946483211875008,0.2973677925824555
GMO Alpha Only III,-0.1658420064870342,-0.655226428033925,0.4293216719940962,0.040536553046449555,0.1894348502125894
GMO Alpha Only IV,-0.16188219998149145,-0.647138974024259,0.41878885170117053,0.040062788963282074,0.18879538827282732
Diamond Hill Long-Short Y,0.5880980651682778,0.896102441129932,0.8029995849990231,0.10524092627493582,0.08089312623988987
Diamond Hill Long-Short A Load Waived,0.5881552753434051,0.8959799350721493,0.802780044051893,0.1052657555902515,0.08090698169709988
Diamond Hill Long-Short I,0.5903551311314521,0.8958749171124176,0.8025918671111811,0.10567180623678336,0.08073703638302028
Diamond Hill Long-Short A,0.5881552753434051,0.8959799350721493,0.802780044051893,0.1052657555902515,0.08090698169709988
Diamond Hill Long-Short C,0.5881974531121066,0.8965245235503719,0.8037562213272212,0.10520949149664072,0.08082018507915492
Arbitrage C,,,0,0,0
Arbitrage R,0.06512366869082446,0.3536714477040722,0.1250834929210943,0.02951861043891108,0.1524259035325311
Arbitrage I,0.06524553966029134,0.348828294028301,0.1216811787146948,0.029983555704442867,0.15249629914091123
Wasatch Long/Short,0.7360138507709401,0.9349579798145116,0.8741464240188327,0.12625256427716025,0.06161965599598804
TFS Market Neutral,0.3399631067493714,0.8456260574399066,0.7150834290213601,0.06450957228391252,0.11128689968253054
Absolute Strategies R,0.07168146060364361,0.39791585854347855,0.15833703048039363,0.028931165675281242,0.151192064954549
Absolute Strategies I,0.0707214656368438,0.39574649416890917,0.15661528764698246,0.02870007072453705,0.15131138334918678
Absolute Strategies C,,,0,0,0
Marketfield,0.5564348241266627,0.8026373913933147,0.6442267820626651,0.11117989542356074,0.09723558881453062
Goldman Sachs Absolute Return Track A LW,0.2937903832842149,0.9176169400948084,0.8420208487489592,0.051371139690674195,0.1150612098125697
Goldman Sachs Absolute Return Tracker A,0.2937903832842149,0.9176169400948084,0.8420208487489592,0.051371139690674195,0.1150612098125697
Goldman Sachs Absolute Return Tracker C,0.297609189933914,0.9182171405100591,0.8431227171264698,0.052003776123255845,0.11449078477748703
Goldman Sachs Absolute Return Tracker I,0.2955604852766495,0.9167361892756487,0.840405240727638,0.05173043705829838,0.11482614131483175
Goldman Sachs Absolute Return Tracker R,0.2946228040098959,0.9141345044928141,0.8356418923043227,0.051711784675164435,0.11502811169128054
Goldman Sachs Absolute Return Tracker IR,0.29395292800020384,0.9140952360572242,0.8355701005825125,0.05159695571983919,0.11512606131737217
AQR Diversified Arbitrage N,0.06471119193886322,0.4074829372275932,0.16604234413162666,0.025531980164019884,0.1517614359283361
AQR Diversified Arbitrage I,0.06204131894726075,0.38785712880049494,0.1504331523613637,0.025715679892873954,0.15224409326967347
Gateway A,0.3505287964447926,0.9532858428567107,0.9087538981910294,0.05898485234912355,0.10565169195764876
Gateway C,0.35024939305515623,0.9535129590125274,0.9091869630048257,0.058923895083170426,0.1056856400259382
Gateway Y,0.35123354022804326,0.9541728710375494,0.9104458678240399,0.05904840582281544,0.10551562507128866
Gateway A Load Waived,0.3505287964447926,0.9532858428567107,0.9087538981910294,0.05898485234912355,0.10565169195764876
Hussman Strategic Growth,-0.3544755955903751,-0.7390676198601972,0.5462209467258169,0.07689575684518744,0.22327727542078427
AllianceBern Global Thematic Gr A LW,1.3352035232354549,0.9247781750895011,0.855214673121868,0.23155226234199644,0.10319306423899909
AllianceBern Global Thematic Gr R,1.3352165465131314,0.9247860838727615,0.8552293009247183,0.23155248608837797,0.10319044356831092
AllianceBern Global Thematic Gr K,1.3352788150030466,0.9247300193795414,0.8551256087416869,0.23157731872116347,0.10323063722730857
AllianceBern Global Thematic Gr I,1.3353566555881773,0.9248139243701372,0.855280794708894,0.23156980962254228,0.10319439998610483
AllianceBern Global Thematic Gr B,1.334388613488746,0.9247657997875018,0.8551917844566179,0.23141409003284358,0.10308609382594261
AllianceBern Global Thematic Gr C,1.3342779971651875,0.9247453952168115,0.855154045974697,0.23139999024397287,0.1030820929948202
AllianceBern Global Thematic Gr A,1.3352035232354549,0.9247781750895011,0.855214673121868,0.23155226234199644,0.10319306423899909
AllianceBern Global Thematic Gr Adv,1.3356351149304229,0.9247439595906202,0.8551513907993386,0.2316356674282165,0.10327264238948786
Acadian Emerging Markets Instl,1.2165022891483734,0.8393826292430048,0.7045631982748997,0.2324239887849076,0.1309948709522683
State Farm S&P 500 Index B Legacy,1.0021340419192486,0.999942843526789,0.9998856903204404,0.16072906278452095,0.0017518449771326103
State Farm S&P 500 Index A Legacy,1.0010535564973104,0.9999436200839893,0.9998872433466736,0.16055571643024527,0.0017128995623684154
Transamerica Partners Instl Stock Index,0.9980245092355308,0.999960167705379,0.9999203369973696,0.1600672555852835,0.0014630801082126728
State Farm S&P 500 Index Instl,1.0021333561026118,0.9999374996137864,0.999875003133871,0.16072979419663358,0.0018289056177840074
State Farm S&P 500 Index A,0.9985133248887733,0.9999074557298515,0.9998149200241451,0.1601542349888016,0.002191367765444348
State Farm S&P 500 Index B,0.9992879485724049,0.9999515777733183,0.9999031578913489,0.1602712018510755,0.0015810141573113935
State Farm S&P 500 Index A Legacy LW,1.0010535564973104,0.9999436200839893,0.9998872433466736,0.16055571643024527,0.0017128995623684154
State Farm S&P 500 Index A Load Waived,0.9985133248887733,0.9999074557298515,0.9998149200241451,0.1601542349888016,0.002191367765444348
State Farm S&P 500 Index R1,0.9998030580183334,0.9999501868735724,0.9999003762284925,0.16035407542112248,0.001600511069419181
State Farm S&P 500 Index R2,0.9994753941074578,0.9999194953255492,0.9998389971321011,0.160306531114962,0.002035408668547915
State Farm S&P 500 Index R3,1.0003175953882961,0.9999411474819371,0.9998822984274931,0.16043788651037422,0.0017409929728257306
Fidelity International Capital Apprec,1.344351852181722,0.9435935071753087,0.8903687067833992,0.22848178635394867,0.09364902778191864
FBR Gas Utility Index Investor,0.6409809696772943,0.8324931340672919,0.6930448182691821,0.1234789219419377,0.08940121784625912
FBR Gas Utility Index R,,,0,0,0
Gabelli ABC Advisor,0.1736407585380971,0.8887032535943582,0.789793472949198,0.03135924599555775,0.1332792050291371
Gabelli ABC AAA,0.17095820130198944,0.8930712544318807,0.7975762654925331,0.030724781089424336,0.1336484572713854
Wells Fargo Advantage Spec SmCp Val A LW,1.2573669827661689,0.9304992421922899,0.8658288397204257,0.21670485344383297,0.08945339866610358
Evergreen Special Values R,,,0,0,0
Wells Fargo Advantage Spec SmCp Val C,1.25610215779631,0.9306188823335404,0.866051504155728,0.21645903732287416,0.0892216385180315
Wells Fargo Advantage Spec SmCp Val Adm,1.256647960772391,0.9303893496293738,0.8656243419037692,0.2166064768532403,0.08942194578390326
Wells Fargo Advantage Spec SmCp Val B,1.2555940689797047,0.9302186602680051,0.8653067559108024,0.21646448519901412,0.08938133614951592
Wells Fargo Advantage Spec SmCp Val A,1.2573669827661689,0.9304992421922899,0.8658288397204257,0.21670485344383297,0.08945339866610358
Wells Fargo Advantage Spec SmCp Val I,1.2564453090288887,0.9304258637420402,0.8656922879201215,0.2165628906712529,0.08937504216564304
Olstein All Cap Value C,1.1016284914926158,0.9692739580612925,0.9394920057758039,0.1822749364376946,0.04769820088782825
Olstein All Cap Value Adv,1.1024630437158698,0.9686822699278795,0.9383453400726293,0.18252457644371303,0.04819947976156708
Meridian Value,1.094378829596434,0.9691443871066417,0.9392408430603083,0.18109373286682207,0.04712733961276365
Putnam International Equity A,1.3046283249688715,0.9350247376850456,0.8742712600829883,0.223766127447542,0.09316200393596194
Putnam International Equity B,1.3037767472170383,0.9354978052662708,0.8751561436580095,0.223507042098947,0.09277435364615845
Putnam International Equity M,1.3037996841166737,0.9349971081245408,0.8742195922012543,0.22363070659912512,0.09306534895506643
Putnam Asia Pacific Growth A,,,0,0,0
Putnam Asia Pacific Growth B,,,0,0,0
Putnam Asia Pacific Growth M,,,0,0,0
Putnam International Equity Y,1.3023533736780981,0.9345393099612032,0.8733637218627618,0.2234920868529607,0.09313194544008235
Putnam Asia Pacific Growth C,,,0,0,0
Putnam International Equity C,1.302735676679416,0.9350047147605977,0.8742338166245466,0.22344645210874295,0.09291660392060283
Putnam Emerging Markets A,,,0,0,0
Putnam Emerging Markets Y,,,0,0,0
Putnam International Equity R,1.302711539019917,0.935350061438275,0.8748797374325847,0.22335993534809148,0.09271482632975415
Putnam International Equity A LW,1.3046283249688715,0.9350247376850456,0.8742712600829883,0.223766127447542,0.09316200393596194
Putnam Asia Pacific Growth A LW,,,0,0,0
Putnam Emerging Markets A Load Waived,,,0,0,0
Northern Institutional Equity Index D,,,0,0,0
Northern Institutional Equity Index C,,,0,0,0
Northern Institutional Equity Index A,0.998679369892474,0.9999688275517458,0.999937656075213,0.16017107575330608,0.0012820346265288776
American Century Global Gold A LW,0.621070646371457,0.3178287101944765,0.10101508902388455,0.31335692828608436,0.30323453791170324
American Century Global Gold B,,,0,0,0
American Century Global Gold C,0.622943632188209,0.31886854987845653,0.10167715210158973,0.3132770477170395,0.3029930444437241
American Century Global Gold R,0.6213348131310115,0.31805765241585277,0.10116067026028341,0.3132645918478589,0.3031166917712915
American Century Global Gold Instl,0.6232108673925241,0.31872673571189086,0.1015867320575575,0.3135508293300682,0.3032534700193556
American Century Global Gold A,0.621070646371457,0.3178287101944765,0.10101508902388455,0.31335692828608436,0.30323453791170324
American Century Global Gold Inv,0.6210309931971381,0.31773697767682424,0.10095678698320269,0.3134273475749025,0.3033106943138418
Brandywine Blue,1.1347312367800486,0.954805387197324,0.9116533274210319,0.19059455899057715,0.060620946633908164
Stratton Small-Cap Value,1.1117357737837053,0.9454196681301184,0.8938183488872632,0.18858937592865588,0.06399992371004977
Thrivent Mid Cap Stock A,1.2186141254857201,0.9513458306257515,0.905058889449001,0.2054329901342143,0.07234608271639802
Thrivent Mid Cap Stock B,,,0,0,0
Thrivent Mid Cap Stock I,1.2189796334237548,0.9519679520406147,0.9062429817124021,0.20536025654121381,0.07200915084893228
Thrivent Mid Cap Stock A Load Waived,1.2186141254857201,0.9513458306257515,0.905058889449001,0.2054329901342143,0.07234608271639802
AllianceBern S/M Cap Growth Adv,1.2365464867696416,0.9080507920844308,0.8245562410051623,0.21839334769340168,0.09901183947156979
AllianceBern S/M Cap Growth A,1.235334039133446,0.9054491026026513,0.8198380774039467,0.2188062383554308,0.10023016126555728
AllianceBern S/M Cap Growth B,1.23539833665239,0.9067385666482239,0.8221748282472757,0.2185067235173473,0.0995576568716923
AllianceBern S/M Cap Growth C,1.2327241749491409,0.9062160004634706,0.8212274394960091,0.21815940261579375,0.09948698298539504
AllianceBern S/M Cap Growth A LW,1.235334039133446,0.9054491026026513,0.8198380774039467,0.2188062383554308,0.10023016126555728
AllianceBern S/M Cap Growth R,1.2408548368038754,0.907269049692944,0.8231371285307376,0.21934290662172298,0.09998693669053782
AllianceBern S/M Cap Growth I,1.239261630943767,0.9072597428942412,0.8231202410765246,0.21906340400160534,0.09978414997798855
AllianceBern S/M Cap Growth K,1.2343227009265627,0.9052139568964761,0.8194123077601754,0.21868370321356018,0.10022269120349751
Federated Clover Value A,1.097868053013998,0.9854593645331886,0.9711301591461559,0.178663542172449,0.03416894286910124
Federated Clover Value A Load Waived,1.097868053013998,0.9854593645331886,0.9711301591461559,0.178663542172449,0.03416894286910124
Touchstone Value Opportunities A,,,0,0,0
Federated Clover Value C,1.0979562939075882,0.985772805616773,0.9717480242935642,0.1786211211044577,0.03387943400706042
Federated Clover Value B,1.0972042020296868,0.9858709576436514,0.9719415451252102,0.17848105623331245,0.033711515115033654
Federated Clover Value Instl,1.097710365065386,0.9859402788375526,0.9720782334342711,0.17855068254202994,0.0336948862548084
Federated Clover Value R,1.0978914468645322,0.9855318233257133,0.971272974787705,0.17865407007082607,0.034102512045803765
Touchstone Value Opportunities A LW,,,0,0,0
TCW Dividend Focused K,,,0,0,0
TCW Dividend Focused I,1.1757833434907794,0.9886958554130338,0.9775194945109108,0.19072509645728225,0.04014821808854808
TCW Dividend Focused N,1.1719628979621124,0.9881387281717552,0.9764181461128938,0.19021275245348868,0.04016423779366653
SG Cowen Income+Growth B,,,0,0,0
SG Cowen Income+Growth I,,,0,0,0
Fidelity Large Cap Stock,1.193049379138131,0.9883035758686048,0.9767439580746712,0.19360226686961796,0.042772899052149066
Dreyfus Opportunistic Small Cap,1.5760803411919888,0.9139931638105048,0.8353835034923363,0.27653616145884274,0.14531921499316108
Delaware Large Cap Value C,,,0,0,0
Delaware Large Cap Value A,,,0,0,0
Delaware Large Cap Value B,,,0,0,0
Delaware Large Cap Value Instl,,,0,0,0
Delaware Large Cap Value R,,,0,0,0
Delaware Large Cap Value A Load Waived,,,0,0,0
Delaware Small Cap Value A Load Waived,1.146384936695436,0.9313254719416666,0.8673671346873681,0.1974101666527299,0.07561579766142597
Delaware Small Cap Value R,1.1469329339586285,0.9319928185940219,0.8686106139108296,0.19736312751801868,0.07530604983402633
Delaware Small Cap Value C,1.146309549449487,0.9313861281351068,0.8674801196825055,0.19738428825163873,0.07557399614800243
Delaware Small Cap Value A,1.146384936695436,0.9313254719416666,0.8673671346873681,0.1974101666527299,0.07561579766142597
Delaware Small Cap Value B,1.146476497455645,0.9313985970319243,0.8675033465530368,0.19741048452319127,0.07558535574080659
Delaware Small Cap Value Instl,1.1478193787079118,0.931613435873723,0.8679035939004432,0.19759601776443705,0.07561347987213467
Dreyfus Fund Incorporated,1.0894549268366611,0.9892953295853155,0.9787052491393182,0.17662069541072445,0.029490968260704915
AllianceBern Intl Growth A,1.3290896903369953,0.9322018505366524,0.8690002901439591,0.22864820376013684,0.09813775550409401
AllianceBern Intl Growth B,1.330848917006652,0.9327784668882457,0.8700756682903862,0.22880919682910075,0.09805222144944521
AllianceBern Intl Growth C,1.328505053224522,0.9321998899017327,0.8689966347328028,0.22854805868720848,0.09805780013451539
AllianceBern Intl Growth Adv,1.3306139201325653,0.9325697636683481,0.8696863641084387,0.22881993869558265,0.09813898514011743
AllianceBern Intl Growth K,1.330020354286227,0.9325319616767546,0.869615859548696,0.22872724681246812,0.09807820515484275
AllianceBern Intl Growth I,1.3330507400730018,0.9326115688557464,0.8697643383635766,0.2292287446887501,0.09845372882389494
AllianceBern Intl Growth R,1.329278100791054,0.9323452844235496,0.8692677293868296,0.22864541141692488,0.0980819323955189
AllianceBern Intl Growth A Load Waived,1.3290896903369953,0.9322018505366524,0.8690002901439591,0.22864820376013684,0.09813775550409401
Dreyfus Research Growth Z,1.0804066940346893,0.9706891073530236,0.9422373431338099,0.17850985481232254,0.044788858130447286
Dreyfus Research Growth A Load Waived,1.080456826261261,0.9709675305254926,0.9427779453347733,0.17846639150489424,0.04458872291520314
Dreyfus Research Growth C,1.0832493002566146,0.971666550812361,0.9441358859675905,0.1787985730229816,0.044309255146886696
Dreyfus Research Growth I,1.079820392232268,0.9711803296515629,0.9431912327021181,0.17832226294699471,0.04437851509455899
Dreyfus Research Growth A,1.080456826261261,0.9709675305254926,0.9427779453347733,0.17846639150489424,0.04458872291520314
LKCM Small Cap Equity Instl,1.1536506164324813,0.9042279187558064,0.8176281290574573,0.20461537534038812,0.09077133950494455
LKCM Small Cap Equity Advisor,1.1537643217394358,0.90466640584309,0.8184213058610544,0.20453646007211224,0.09056087066568881
Neuberger Berman Focus Adv,1.0562038927416812,0.980148640243687,0.9606913569715486,0.17282323558188664,0.0354231146747189
Neuberger Berman Focus Inv,1.0564003747940949,0.9804685786079566,0.9613186336375067,0.17279904093711035,0.03516125828517599
Neuberger Berman Focus Tr,1.0571537441568333,0.9808701785049208,0.9621063070802749,0.17285148812790346,0.0348667497450945
Neuberger Berman Focus C,1.0557608073768323,0.9803833690729523,0.9611515503548327,0.1727095468776705,0.03518883992801047
Neuberger Berman Focus A,1.0584979928249114,0.9805676452587624,0.9615129069283141,0.17312453384837143,0.035228476913731786
Neuberger Berman Focus A Load Waived,1.0584979928249114,0.9805676452587624,0.9615129069283141,0.17312453384837143,0.035228476913731786
Neuberger Berman Focus Inst,1.0572849099957657,0.9804481504562323,0.9612785757330468,0.1729472316300327,0.03524314937882524
AllianceBern Growth A Load Waived,1.0712262596145001,0.9839426516769303,0.968143141789029,0.17460229246318293,0.03318516464308799
AllianceBern Growth K,1.0720349502342015,0.9840473274447926,0.968349142651239,0.1747154203252589,0.033154297230902775
AllianceBern Growth R,1.071871747280606,0.9838139437609195,0.9678898759384137,0.17473035565119813,0.03335841906697047
AllianceBern Growth I,1.0716369528239864,0.9840072998069862,0.9682703660734362,0.17465776897680954,0.03315872436430138
AllianceBern Growth C,1.0704210820589817,0.983971657961913,0.9682002236723161,0.1744659118532246,0.03309184157179617
AllianceBern Growth A,1.0712262596145001,0.9839426516769303,0.968143141789029,0.17460229246318293,0.03318516464308799
AllianceBern Growth B,1.0718734390907194,0.9841489674343439,0.9685491901020852,0.1746711412316754,0.03304569993437515
AllianceBern Growth Adv,1.0714454129044786,0.9839614916905913,0.9681802171299736,0.17463465080080318,0.03318567235696611
Wells Fargo Advantage Classic Value R,,,0,0,0
Wells Fargo Advantage Classic Value Adm,,,0,0,0
Wells Fargo Advantage Classic Value A,,,0,0,0
Wells Fargo Advantage Classic Value B,,,0,0,0
Wells Fargo Advantage Classic Value C,,,0,0,0
Wells Fargo Advantage Classic Value I,,,0,0,0
Wells Fargo Advantage Classic Value A LW,,,0,0,0
Wells Fargo Advantage Core Equity A LW,,,0,0,0
Wells Fargo Advantage Core Equity I,,,0,0,0
Wells Fargo Advantage Core Equity B,,,0,0,0
Wells Fargo Advantage Core Equity C,,,0,0,0
Wells Fargo Advantage Core Equity Adm,,,0,0,0
Wells Fargo Advantage Core Equity A,,,0,0,0
Federated Capital Appreciation A LW,0.8942073612313524,0.976470176248912,0.9534940051035812,0.14686725862234984,0.03592322030103197
Federated Capital Appreciation Instl,0.8967514213775146,0.976832413230878,0.9542015635384609,0.1472303102538808,0.03558706353898843
Federated Capital Appreciation R,0.8944767090337703,0.976615359324716,0.9537775600689442,0.14688946476130046,0.03582184546792508
Federated Capital Appreciation A,0.8942073612313524,0.976470176248912,0.9534940051035812,0.14686725862234984,0.03592322030103197
Federated Capital Appreciation B,0.8933504037477148,0.976556417749974,0.9536624370486618,0.1467136103907431,0.03590872813938402
FirstMerit Equity,,,0,0,0
Federated Capital Appreciation C,0.8943843321707817,0.9767231055294321,0.9539880248750581,0.14685821263445034,0.03575951602937121
Federated Mid-Cap Index Svc,1.1596592446721643,0.9605260551906182,0.9226103027000504,0.19362929784845992,0.05962939021069503
Federated Mid-Cap Index Instl,1.1590670557025742,0.9604058212300539,0.9223793414525743,0.1935546680506665,0.05964247152122386
Federated Max-Cap Index Instl,1.0004048284790208,0.9999426488203853,0.9998853009299283,0.16045206260765565,0.0017192813172674138
Federated Max-Cap Index Svc,1.001428459150519,0.9999240927687356,0.9998481912993791,0.16061893378291245,0.0019918123190176525
Federated Max-Cap Index R,1.0007646347823689,0.9999412996682417,0.9998826027822125,0.16050992534393807,0.001743090298865782
Federated Max-Cap Index C,1.0011625765356538,0.9999088975047415,0.9998178033091477,0.1605788059181656,0.002175063168256218
FAM Value Adv,0.930098273767478,0.9469066546404109,0.8966322126022943,0.1575349267950069,0.05186297572734099
FAM Value Inv,0.8898105759891388,0.9471149412722244,0.8970267119810891,0.15067982518588968,0.05146846531644401
Rydex NASDAQ-100 Inv,1.0806032226884879,0.9416557592255339,0.8867155688826167,0.18403675128657784,0.06326628716895187
Rydex NASDAQ-100 Adv,1.0807317177921876,0.9420827779372679,0.8875199604859997,0.18397526178827697,0.06303470708324482
Rydex NASDAQ-100 A,1.0780816238208235,0.9417164389562623,0.8868298514004639,0.18359573293476825,0.0630088292358611
Rydex NASDAQ-100 C,1.078591429974749,0.9420797980707396,0.8875143459330055,0.18361166999496337,0.06284712475315833
Rydex NASDAQ-100 A Load Waived,1.0780816238208235,0.9417164389562623,0.8868298514004639,0.18359573293476825,0.0630088292358611
Fidelity Europe,1.4062095222404494,0.9427946178195025,0.8888616913894216,0.23920135161643993,0.10295279537824811
Fidelity Europe F,,,0,0,0
SEI Instl Intl Tr Emerging Markets Eq A,1.253640728127939,0.8600914786601481,0.7397573516637999,0.2337511848743437,0.1259726622457742
Fidelity Pacific Basin,1.0518240241217263,0.8694786833835133,0.7559931808583278,0.1940228086149841,0.09617646088456759
Fidelity Telecom and Utilities,0.5308857661650535,0.7164256994145121,0.5132657827815729,0.11885401995269738,0.11193661643466889
Fidelity Select Chemicals,1.4896162615875126,0.9151625631248131,0.8375225169451775,0.26102056182484984,0.13126764117886786
Fidelity Select Defense & Aerospace,1.0514516508022365,0.9208274211858909,0.847923139607858,0.18310979535165076,0.07187521026204276
Fidelity Select Computers,1.2865896014010048,0.9009947641562518,0.8117915650369798,0.2290114271130739,0.10944755501677199
Fidelity Select Electronics,1.4957739471171263,0.8522474578258096,0.726325729370555,0.2814564532253369,0.1673137524401327
Fidelity Select Medical Delivery,0.8866996890018976,0.8183878017354617,0.6697585940294013,0.1737555041902884,0.10147605838743537
Fidelity Select Retailing,1.0286187755582288,0.8473998968578501,0.7180865851946949,0.19466348662840602,0.103444689591513
Fidelity Select Utilities Portfolio,0.4417980065675474,0.6333516092365425,0.4011342609225181,0.1118904483543928,0.12451189621767032
Fidelity Value Strategies,1.3145518909659037,0.9491180518033229,0.9008250762589352,0.22212584371571228,0.08622789684102183
Fidelity Advisor Value Strategies I,1.3143480423169498,0.9489808661520333,0.9005646843226632,0.22212354084626718,0.08628263703047867
Fidelity Advisor Value Strategies T,1.3142062815415239,0.9492987380090121,0.901168093985503,0.22202523603396082,0.08607164544653817
Fidelity Advisor Value Strategies B,1.3127307965015484,0.9490663255174167,0.9007268902311312,0.22183040824512165,0.08600987340669951
Fidelity Advisor Value Strategies C,1.3151898633668626,0.9491850576097023,0.9009522735895339,0.22221791334103663,0.08627490147522404
Fidelity Advisor Value Strategies A,1.313804603185871,0.9493534315217927,0.9012719379422033,0.22194459325042343,0.08598367187951554
Fidelity Advisor Value Strategies A LW,1.313804603185871,0.9493534315217927,0.9012719379422033,0.22194459325042343,0.08598367187951554
Fidelity Value Strategies K,1.3151840660135174,0.9492074816627487,0.9009948432445376,0.22221173826432686,0.08626058996796195
Invesco Dynamics Y,1.2522796939785323,0.9474604997968872,0.8976813986753673,0.2119691558152059,0.07894313308120993
Invesco Dynamics R,1.2486402384629756,0.9471448120619601,0.8970832950158858,0.21142367078283628,0.07866539437762779
INVESCO Endea A Load Waived,,,0,0,0
Invesco Dynamics A Load Waived,1.2509580218373033,0.9472040862980748,0.8971955810997708,0.21180289644931385,0.07892712954998911
Invesco Dynamics C,1.2483848205313328,0.9474438304945073,0.8976498119421046,0.21131375738903962,0.07845323366827557
INVESCO Endea C,,,0,0,0
INVESCO Endea Inv,,,0,0,0
Invesco Dynamics Instl,1.250618941459255,0.9474086319606664,0.8975831159135814,0.21169971732673193,0.07876083244521746
Invesco Dynamics A,1.2509580218373033,0.9472040862980748,0.8971955810997708,0.21180289644931385,0.07892712954998911
Invesco Dynamics B,1.2492412552141663,0.947223606787488,0.8972325612554977,0.2115078555367974,0.07869513966176539
INVESCO Endea A,,,0,0,0
INVESCO Endea B,,,0,0,0
AIM Dynamics K,,,0,0,0
INVESCO Endea K,,,0,0,0
Invesco Dynamics Inv,1.2509580218373033,0.9472040862980748,0.8971955810997708,0.21180289644931385,0.07892712954998911
Invesco Technology Investor,1.2474521061379142,0.9342274724441644,0.8727809702694119,0.21414482935420512,0.08605926121948204
AIM Technology K,,,0,0,0
Invesco Technology A,1.246244014322047,0.9341919306338233,0.8727145632613501,0.2139455888682912,0.08592469377206774
Invesco Technology B,1.2458524059181086,0.9340838939780001,0.8725127209891038,0.21390308189456783,0.085936121416408
Invesco Technology Institutional,1.2469900184935765,0.9342083695002301,0.8727452776442786,0.21406999240011373,0.08601090523491221
Invesco Technology C,1.2447203707620438,0.9342347382663195,0.8727945461835386,0.21367433713913508,0.08570533851800377
Invesco Technology A Load Waived,1.246244014322047,0.9341919306338233,0.8727145632613501,0.2139455888682912,0.08592469377206774
Invesco Technology Y,1.2468110263052854,0.9342087507863488,0.8727459900457905,0.21403910053436676,0.0859877466781595
Osterweis,0.7810235021305545,0.9448877069840792,0.8928127788096311,0.13257219429104136,0.05581871972232629
First Investors Opportunity A LW,1.2042697839026573,0.9659919316497715,0.9331404120124567,0.19993035251212832,0.06119185349254697
First Investors Opportunity A,1.2042697839026573,0.9659919316497715,0.9331404120124567,0.19993035251212832,0.06119185349254697
First Investors Opportunity B,1.204120299674402,0.9661043473452828,0.9333576099594548,0.19988227302564993,0.061097575808057504
CRM Small Cap Value Inv,1.2914539649901058,0.9215602849762404,0.8492733588454895,0.22474621862764463,0.09896720177190979
CRM Small Cap Value Instl,1.2924199875467166,0.9214044415590673,0.8489861449247766,0.22495239020706814,0.09918420061224997
Nuveen Equity Index A Load Waived,1.00003005419155,0.9999845633370045,0.9999691269122996,0.1603849520559831,0.0008909897137453411
Nuveen Equity Index C,0.9973252092409347,0.9999867362763799,0.9999734727286862,0.15995089171255716,0.0009286305725047349
Nuveen Equity Index R3,0.9986229704365651,0.9999848315384322,0.9999696633069466,0.16015918733280332,0.000909178724061291
Nuveen Equity Index A,1.00003005419155,0.9999845633370045,0.9999691269122996,0.1603849520559831,0.0008909897137453411
Nuveen Equity Index I,0.9986454099533889,0.9999854892659491,0.9999709787424597,0.16016273873232897,0.0008895694470601262
Nuveen Equity Index B,0.999187544203559,0.9999868160055732,0.999973632184964,0.16024957051615962,0.0008329595666171627
JHancock Regional Bank B,1.1530554427284916,0.8770770337118873,0.769264123064843,0.21082441146751207,0.10418900200640455
JHancock Regional Bank A,1.1556589513565798,0.8768714970198822,0.7689036222858893,0.21134977310624792,0.10461020240278077
JHancock Regional Bank C,1.151035477727438,0.8766705968894851,0.768551335450566,0.21055275948145,0.10413803961662708
JHancock Regional Bank A Load Waived,1.1556589513565798,0.8768714970198822,0.7689036222858893,0.21134977310624792,0.10461020240278077
Invesco Global Small & Mid Cap Gr B,1.0796508703126921,0.9332529045261011,0.870960983806404,0.18553962527023835,0.06784770336348203
Invesco Global Small & Mid Cap Gr A,1.0794203845114696,0.9330281546315198,0.8705415373350992,0.18554466776476505,0.06794884032204283
Invesco Global Small & Mid Cap Gr C,1.0785260154729128,0.9327699708202083,0.8700598184639322,0.18544232495290872,0.06800775355478998
Invesco Global Small & Mid Cap Gr A LW,1.0794203845114696,0.9330281546315198,0.8705415373350992,0.18554466776476505,0.06794884032204283
Invesco Global Small & Mid Cap Gr Y,1.0795497397625058,0.9336370243324557,0.8716780932043623,0.18544590006759976,0.0676295967108625
Invesco Global Small & Mid Cap Gr Instl,1.0803178222508232,0.9330919817914981,0.8706606464835854,0.18568635956043933,0.06799577862802045
Dreyfus/The Boston Co Sm/Md Cp Gr I,1.0455375124349686,0.9363021085438888,0.8766616384637322,0.1790866592469911,0.06330492987204678
Dreyfus/The Boston Co Sm/Md Cp Gr A LW,1.0473989628364748,0.9373038790778063,0.8785385617343029,0.1792137968703236,0.06290721249803366
Dreyfus/The Boston Co Sm/Md Cp Gr A,1.0473989628364748,0.9373038790778063,0.8785385617343029,0.1792137968703236,0.06290721249803366
Dreyfus/The Boston Co Sm/Md Cp Gr C,1.0460217169920798,0.9372989180544878,0.8785292617861136,0.17897918782728955,0.06280206902983752
Goldman Sachs Capital Growth A,1.0230701531980033,0.9766004230886666,0.9537483863769626,0.16799607122368151,0.03631395771297075
Goldman Sachs Capital Growth B,1.0221782655779954,0.9766976084367985,0.9539382183261619,0.16783299608384833,0.03619097233620035
Goldman Sachs Capital Growth Instl,1.0217551797702122,0.976821092432711,0.9541794466214348,0.16774237402086625,0.03607106166822717
Goldman Sachs Capital Growth C,1.021062748543882,0.9770119369340852,0.9545523249116927,0.16759598809744364,0.03588368751066887
Goldman Sachs Capital Growth Svc,1.0211734770218874,0.9766764842206116,0.9538969548295345,0.16767174978521834,0.036157066143164086
Goldman Sachs Capital Growth A LW,1.0230701531980033,0.9766004230886666,0.9537483863769626,0.16799607122368151,0.03631395771297075
Goldman Sachs Capital Growth R,1.023548477277424,0.9769193061946926,0.9543713308159195,0.16801989203805148,0.03608411091070284
Goldman Sachs Capital Growth IR,1.021697330446909,0.976839506283238,0.9542154210356802,0.16772973575213615,0.03605343947252269
RS Large Cap Alpha Y,1.1220488298294256,0.9706141181897943,0.942091766429352,0.18539995740585727,0.048710019140873737
RS Large Cap Alpha A Load Waived,1.122161396624179,0.9705310305665846,0.9419304812926369,0.18543439921184604,0.04878172241403829
RS Large Cap Alpha C,1.1219803320868722,0.9706282478144656,0.9421191954553795,0.18538596278534736,0.048692844034389005
RS Large Cap Alpha K,1.1215190250076263,0.9705752647617826,0.9420163445674044,0.1853197875105429,0.048684884779087716
RS Large Cap Alpha A,1.122161396624179,0.9705310305665846,0.9419304812926369,0.18543439921184604,0.04878172241403829
RS Large Cap Alpha B,,,0,0,0
JPMorgan Large Cap Value R6,1.1394753265764246,0.9874579291814025,0.9750731619032238,0.18506470563359875,0.036790750705376254
JPMorgan Large Cap Value Select,1.1414379983807539,0.9869570652455768,0.9740842486381618,0.18547757164656914,0.03749072285762617
JPMorgan Large Cap Value A,1.1445474576293275,0.9873661946065364,0.9748920022517926,0.18590559002294837,0.03747840997396082
JPMorgan Large Cap Value B,1.1403174036517805,0.9872622916091746,0.9746868324333988,0.18523822848212051,0.03707382862507497
JPMorgan Large Cap Value C,1.1416194719558568,0.9873191946714073,0.974799192166596,0.1854389612367212,0.03717429860991391
JPMorgan Large Cap Value R2,1.144084588955701,0.9874889552411797,0.9751344367233166,0.1858073849377788,0.037308344418031686
JPMorgan Large Cap Value A Load Waived,1.1445474576293275,0.9873661946065364,0.9748920022517926,0.18590559002294837,0.03747840997396082
JPMorgan Large Cap Value Ultra,,,0,0,0
JPMorgan Large Cap Value R5,1.1405954031841903,0.9871887932920099,0.9745417136013347,0.18529736719395282,0.03717539730015
Homestead Value,1.0907510727037846,0.9865067857786687,0.9731956383873601,0.17732171312619546,0.03246915921679555
JPMorgan International Equity Index Sel,1.2675003306070276,0.921965443788616,0.8500202795403397,0.220482725700982,0.09553968820380904
JPMorgan International Equity Index A,1.2662543325262738,0.9217928306547292,0.8497020226464582,0.22030729288229917,0.09547028964145263
JPMorgan International Equity Index B,1.265209620359969,0.9216938146575709,0.8495194879780247,0.2201491402621016,0.09538700693699724
JPMorgan International Equity Index C,1.265551459598301,0.9219793478232985,0.8500459178126748,0.22014037150977728,0.09527469122626529
JPMorgan International Equity Index A LW,1.2662543325262738,0.9217928306547292,0.8497020226464582,0.22030729288229917,0.09547028964145263
JPMorgan International Equity Index R2,1.265807751891355,0.9219635098059875,0.8500167134137752,0.22018889116973286,0.09531723721643676
Columbia Equity Value Z,1.1509289127889923,0.9896046971580547,0.9793174566372849,0.18652101453638076,0.03612401455347029
Columbia Equity Value B,1.1511494449952735,0.9895143666147741,0.9791386817370377,0.18657443805006085,0.03623927370382658
Columbia Equity Value A,1.150670408382508,0.9897354632536722,0.9795762872219612,0.18645512665538713,0.03596431641946805
Columbia Equity Value R4,1.1506606904169274,0.9898674737817295,0.9798376156510229,0.1864287305634428,0.035834012311416676
Columbia Equity Value C,1.151518644364161,0.9897467760786581,0.9795986807580974,0.18659036964232764,0.03605930699398529
Columbia Equity Value R,1.1530334480793265,0.9897945270550057,0.9796932057880424,0.18682670405406765,0.036202726736731805
Columbia Equity Value R3,1.1528007090562655,0.9897055815532623,0.9795171381576812,0.18680549380737146,0.03626003810537225
Columbia Equity Value R5,1.1560887964148205,0.9894397539565306,0.9789910267095598,0.18738888711383883,0.036930181340143794
Columbia Equity Value W,1.1541150029260374,0.989462550469918,0.979036138782435,0.18706509727442758,0.03666017561231286
Columbia Equity Value A Load Waived,1.150670408382508,0.9897354632536722,0.9795762872219612,0.18645512665538713,0.03596431641946805
Columbia Equity Value I,1.1502413307893737,0.98961105968699,0.9793300494548073,0.18640935056154007,0.036032131433565165
Weitz Partners Value,0.951493794835265,0.9338136531818909,0.8720079388689088,0.1634187774902493,0.05896644829143255
Columbia Mid Cap Growth Opportunity A,1.3200564206411902,0.9343633032144426,0.8730347823938044,0.22658036044415217,0.09565172518429803
Columbia Mid Cap Growth Opportunity B,1.3197625088229648,0.9347040770414833,0.8736717116379712,0.22644747868259238,0.09541551945568844
Columbia Mid Cap Growth Opportunity R4,1.3182742339493638,0.9337222626248456,0.871837263721261,0.2264298988232925,0.09577431684325348
Columbia Mid Cap Growth Opportunity Z,1.3222260265960437,0.9344477683328904,0.8731926317423192,0.22693196199105833,0.09590207569428306
Columbia Mid Cap Growth Opportunity R,1.3224128929841321,0.9343573893657341,0.8730237310623501,0.22698615693554255,0.09597974983005331
Columbia Mid Cap Growth Opportunity R3,1.3205050681391488,0.9340114447817125,0.872377378983222,0.22674272674178483,0.09591542691053256
RiverSource Mid Cap Growth R5,,,0,0,0
Columbia Mid Cap Growth Opportunity C,1.3142305646731103,0.9338864659443663,0.872143931274058,0.22569599452821212,0.09512527423515142
Columbia Mid Cap Growth Opportunity A LW,1.3200564206411902,0.9343633032144426,0.8730347823938044,0.22658036044415217,0.09565172518429803
Columbia Mid Cap Growth Opportunity I,1.3182240064011905,0.9339289732283506,0.8722233270353611,0.22637112457801212,0.09564891534206253
Putnam Global Equity A,1.223347915467835,0.9711400012301296,0.9431129019892562,0.20202550158699106,0.06002910678315661
Putnam Global Equity B,1.2236271626155955,0.9702877389041114,0.9414582962676531,0.20224898020329862,0.060658875005952045
Putnam Global Equity M,1.22363806757156,0.9710027563649198,0.9428463528682718,0.20210188296803527,0.06016202195312256
Putnam Global Growth Y,,,0,0,0
Putnam Global Growth M,,,0,0,0
Putnam Global Growth A,,,0,0,0
Putnam Global Growth B,,,0,0,0
Putnam Global Equity Y,1.225337020908743,0.9713554699123433,0.9435314489286294,0.20230893563274296,0.06013182492598281
Putnam Global Equity R,1.2263025764693019,0.9710704982813064,0.9429779126323047,0.2025276419110408,0.06045448986557614
Putnam Global Growth & Income C,,,0,0,0
Putnam Global Equity C,1.2214997634451428,0.9705376762820863,0.9419433810830317,0.20184551842113035,0.06021504522464464
Putnam Global Growth & Income A,,,0,0,0
Putnam Global Growth & Income M,,,0,0,0
Putnam Global Growth & Income B,,,0,0,0
Putnam Global Growth C,,,0,0,0
Putnam Global Equity A Load Waived,1.223347915467835,0.9711400012301296,0.9431129019892562,0.20202550158699106,0.06002910678315661
Putnam Global Growth A Load Waived,,,0,0,0
Putnam Global Growth & Income A LW,,,0,0,0
Dreyfus Disciplined Stock,1.106488375241131,0.9863580339720355,0.9729021711811793,0.17991737864734916,0.03418033983782685
Dreyfus Disciplined Stock Inv,,,0,0,0
Legg Mason Cap Mgmt Special Inv C,1.3435279170369565,0.9389238936041964,0.8815780779808642,0.2294904608668125,0.09627205679373427
Legg Mason Cap Mgmt Special Inv I,1.3431064595937892,0.9389881267410631,0.8816987021606909,0.2294028546234809,0.09617567448286593
Legg Mason Cap Mgmt Special Inv R,1.3441014614776081,0.9391286196553412,0.8819625642557465,0.22953844835992573,0.09623306793746257
Legg Mason Cap Mgmt Special Inv FI,1.3425324619815062,0.9387767607186792,0.8813018064654563,0.22935643629907926,0.09621846851851655
Legg Mason Cap Mgmt Special Inv A,1.342943703362247,0.9388770039855712,0.8814900286129221,0.22940216370982747,0.09621762371427399
Legg Mason Cap Mgmt Special Inv A LW,1.342943703362247,0.9388770039855712,0.8814900286129221,0.22940216370982747,0.09621762371427399
Legg Mason ClearBridge Large Cap Value I,0.9636765418389859,0.984239315690797,0.9687270305514885,0.1570234034648081,0.028367682852664108
Legg Mason ClearBridge Large Cap Value B,0.9365446449662813,0.9831704248905413,0.9666240843794475,0.15277264402997554,0.029701549930344743
Legg Mason ClearBridge Large Cap Value C,0.9613645095143274,0.9843718640330155,0.9689879666998336,0.1566260766418512,0.028264494659633953
Legg Mason ClearBridge Large Cap Value A,0.960419679756184,0.9842020062878798,0.9686535891810877,0.15649907666608134,0.028420700066098706
Legg Mason Partners Investors Value I,,,0,0,0
Legg Mason ClearBridge Large Cap Va A LW,0.960419679756184,0.9842020062878798,0.9686535891810877,0.15649907666608134,0.028420700066098706
ING Corporate Leaders Trust Series B,0.9002029140268553,0.9436700822586159,0.8905132241499829,0.1529874839076374,0.05308189147533854
American Century Intl Discovery Inv,1.396360673844615,0.9202348650995211,0.8468322069447338,0.24335050528295288,0.11448361485913877
American Century Intl Discovery A LW,1.3992186730656495,0.9210136938567914,0.8482662242717315,0.2436422178379671,0.11446233535743038
American Century Intl Discovery C,1.3936043055151963,0.919847467896047,0.8461193641947693,0.24297251425139055,0.1142997383618986
American Century Intl Discovery R,1.3928905356246557,0.9198643056265141,0.8461503407657489,0.24284363816262314,0.11418642043907429
American Century Intl Discovery A,1.3992186730656495,0.9210136938567914,0.8482662242717315,0.2436422178379671,0.11446233535743038
American Century Intl Discovery Instl,1.3978084870922651,0.9200526127313299,0.8464968101937465,0.2436510105407187,0.11479711292915735
Dreyfus Worldwide Growth A,0.928645424896512,0.9333230541227552,0.8710919233570275,0.15956702540668785,0.05841299358753274
Dreyfus Worldwide Growth B,,,0,0,0
Dreyfus Worldwide Growth C,0.9273177111030865,0.9331682814818643,0.870803041563816,0.1593653495172171,0.05844688976194093
Dreyfus Worldwide Growth T,,,0,0,0
Dreyfus Worldwide Growth I,0.9286865369165608,0.9333981748441356,0.8712321528023635,0.15956136855414327,0.058379108356926064
Dreyfus Worldwide Growth A Load Waived,0.928645424896512,0.9333230541227552,0.8710919233570275,0.15956702540668785,0.05841299358753274
Loomis Sayles Small Cap Value Retail,1.2015161282972702,0.9457610323389788,0.894463930290891,0.20374469696934797,0.07364397371555548
Loomis Sayles Small Cap Value Admin,1.2015801486519175,0.9460950017703713,0.8950957523748789,0.20368360168704136,0.07345250782162321
Loomis Sayles Small Cap Value Instl,1.2026416771714468,0.9460514426863741,0.8950133322089698,0.20387281789195558,0.0736058369949629
Fidelity Fifty,0.9977433121717215,0.9643942168828437,0.9300562055570734,0.16592241564817375,0.04387429404874035
Neuberger Berman Mid Cap Growth Tr,0.9705418267746729,0.9273895359377795,0.86005135136689,0.16784211701592713,0.06295335799520073
Neuberger Berman Mid Cap Growth Inv,0.9690526686047319,0.9282810395388724,0.8617056883673696,0.16742362169338904,0.06244564901967988
Neuberger Berman Mid Cap Growth Adv,0.970528150002594,0.9278107713039927,0.8608328273477099,0.16776346764157027,0.06274928309066093
Neuberger Berman Mid Cap Growth A,0.9723786655003033,0.9273302919981617,0.859941470457396,0.1681703112664344,0.06307909441137259
Neuberger Berman Mid Cap Growth C,0.9707643598023298,0.9284962037172829,0.8621052003174061,0.16768058441465997,0.06242980906843339
Neuberger Berman Mid Cap Growth R3,0.9719211380701086,0.9278620461868745,0.8609279767540936,0.16799495689219193,0.0627976114997014
Neuberger Berman Mid Cap Growth A LW,0.9723786655003033,0.9273302919981617,0.859941470457396,0.1681703112664344,0.06307909441137259
Neuberger Berman Mid Cap Growth Inst,0.9721865518826678,0.927951247584809,0.8610935178942034,0.16802473589594139,0.06276842657474946
Morgan Stanley Inst US Real Estate P,1.1093392136258988,0.8609013903603522,0.7411512039243875,0.2066546343674487,0.10657322766515945
Morgan Stanley Inst US Real Estate I,1.1097493065014263,0.8614398584010152,0.7420786296419611,0.2066019233004037,0.10637171333346056
Morgan Stanley Inst US Real Estate H,1.110042621787031,0.8617037226554392,0.7425333056382419,0.20659322616958878,0.1062839397789592
Morgan Stanley Inst US Real Estate L,1.109269194526116,0.8615700877641985,0.7423030161300087,0.20648137487617388,0.10625361377589762
MFS Global Equity R5,,,0,0,0
MFS Global Equity B,1.1398739292888338,0.9703620045208586,0.941602419817739,0.1883886954415158,0.0507429913181759
MFS Global Equity A,1.1416427296779568,0.9702266531664508,0.9413397585145725,0.1887073001475285,0.05102958716644967
MFS Global Equity C,1.140837891264225,0.9706235205741393,0.9421100186917366,0.1884972715811843,0.05065734405758717
MFS Global Equity I,1.1412891352041847,0.9705177226066976,0.9419046498936907,0.1885923789030387,0.05078205502472774
MFS Global Equity R,,,0,0,0
MFS Global Equity R2,1.1413599153617018,0.9705677861701648,0.9420018275512548,0.18859427004491006,0.05075351593079936
MFS Global Equity A Load Waived,1.1416427296779568,0.9702266531664508,0.9413397585145725,0.1887073001475285,0.05102958716644967
MFS Global Equity R1,1.140658535632513,0.9704919825987429,0.9418546882884387,0.18849306901817042,0.05073310416109462
MFS Global Equity R2,,,0,0,0
MFS Global Equity R3,1.1412793004734387,0.9703243303398462,0.9415293060494708,0.18862825781298895,0.050920367614252074
MFS Global Equity R4,1.1410703364783048,0.9701472590941586,0.9411857043279084,0.18862813209844811,0.05102534335960251
Eaton Vance Worldwide Health Sci A LW,0.6199497941586347,0.7680418286149664,0.5898882505022214,0.12944389091303246,0.10287676514409805
Eaton Vance Worldwide Health Sci R,0.619535554003511,0.7694106087738692,0.591992684893776,0.12912691066590262,0.10258207050077793
Eaton Vance Worldwide Health Sci D,,,0,0,0
Eaton Vance Worldwide Health Sci B,0.6204025848290757,0.7695181612522879,0.5921582004971021,0.12928978511545736,0.10256956505935025
Eaton Vance Worldwide Health Sci C,0.6203873710348209,0.7696454940883359,0.5923541865704788,0.12926525820391369,0.10254242728034459
Eaton Vance Worldwide Health Sci A,0.6199497941586347,0.7680418286149664,0.5898882505022214,0.12944389091303246,0.10287676514409805
Eaton Vance Worldwide Health Sci I,0.6223844922815334,0.7707271303241455,0.5940203094176923,0.12949929123876058,0.1023368193182879
Ivy Pacific Opportunities A,1.1403135159225917,0.7806518318459096,0.6094172825643742,0.2342516711557298,0.14809833099557262
Ivy Pacific Opportunities B,1.1380492122653574,0.7797120002755061,0.6079508033736308,0.23406821762887758,0.14820156640081744
Ivy Pacific Opportunities Adv,,,0,0,0
Ivy Pacific Opportunities C,1.1397503752831601,0.7809330699256839,0.6098564597035532,0.23405169877177362,0.14787980264432776
Ivy Pacific Opportunities Y,1.140117256177656,0.7802366998513236,0.6087693077948845,0.2343359167069668,0.1482656311928634
Ivy Pacific Opportunities A Load Waived,1.1403135159225917,0.7806518318459096,0.6094172825643742,0.2342516711557298,0.14809833099557262
Ivy Pacific Opportunities I,1.1404378922095175,0.7808380156923307,0.6097080067503364,0.23422138005132764,0.14802879462149313
Morgan Stanley Institutional Growth I,1.1164512345951072,0.9259752836528844,0.8574302259360397,0.19336823477659376,0.07534825486017512
Morgan Stanley Institutional Growth H,1.1162794711546127,0.9259701861986587,0.8574207857287788,0.1933395542022798,0.07533328368497647
Morgan Stanley Institutional Growth L,1.1158011965481822,0.9259713780439499,0.8574229929566115,0.19325648547476262,0.07528339465109345
Morgan Stanley Institutional Growth P,1.11642828099918,0.9261567935769659,0.8577664062887664,0.19332640816668556,0.07524862083147849
Delaware Select Growth C,0.9618579110358034,0.9336132611385813,0.8716337213738169,0.16523064133507095,0.059502092000238586
Delaware Select Growth A,0.9629030759957531,0.9338463056626122,0.8720689225997088,0.1653688478119751,0.05943438246209167
Delaware Select Growth B,0.9599998153423056,0.9334497445227794,0.8713284255496422,0.16494040580184854,0.05949987901303346
Delaware Select Growth R,0.961114378605055,0.9332557792631604,0.8709663495280888,0.16516614725020556,0.05964424521616482
Delaware Select Growth Instl,0.9618518784497538,0.9337628343654448,0.8719130308421892,0.16520317623583128,0.059428317333444426
Delaware Select Growth A Load Waived,0.9629030759957531,0.9338463056626122,0.8720689225997088,0.1653688478119751,0.05943438246209167
Mercury Small Cap Value A Load Waived,,,0,0,0
BlackRock Value Opportunities Inv A LW,1.2975690409178016,0.942361466871498,0.8880451342442014,0.22082232811538305,0.08794294688031662
BlackRock Value Opportunities R,1.298445409092567,0.9425475520689803,0.888395887911227,0.22092769920143213,0.08795165575573188
Mercury Small Cap Value A,,,0,0,0
Mercury Small Cap Value I,,,0,0,0
Mercury Small Cap Value C,,,0,0,0
Mercury Small Cap Value B,,,0,0,0
BlackRock Value Opportunities Inv A,1.2975690409178016,0.942361466871498,0.8880451342442014,0.22082232811538305,0.08794294688031662
BlackRock Value Opportunities Inv B,1.2969105890909054,0.9418932895026905,0.887162968810199,0.22081999349990805,0.08812935259168116
BlackRock Value Opportunities Instl,1.298304646813159,0.9421667459930414,0.8876781772551162,0.22099313802321402,0.08815665020705338
BlackRock Value Opportunities Inv C,1.2983778168294209,0.942166885268413,0.8876784396963829,0.2210054297252891,0.08816644015474367
BlackRock Latin America Inv B,1.4489291865262537,0.8567214594881633,0.7339716591475285,0.27121957473199143,0.15730729600617022
BlackRock Latin America Inv A,1.4507906097696555,0.8567223186745698,0.7339731313151312,0.27156766035921137,0.15760328694781262
BlackRock Latin America Instl,1.4508102031042571,0.8565664613446288,0.7337061027004593,0.27162077818094355,0.15769151628138822
BlackRock Latin America Inv C,1.4491714578465944,0.8566234505365848,0.7338037360092049,0.2712959175880663,0.15739935594986132
BlackRock Latin America Inv A LW,1.4507906097696555,0.8567223186745698,0.7339731313151312,0.27156766035921137,0.15760328694781262
MainStay ICAP Equity A Load Waived,1.0208380873877951,0.9864864447175021,0.9731555056113774,0.16596575180362852,0.027390846281338317
MainStay ICAP Equity A,1.0208380873877951,0.9864864447175021,0.9731555056113774,0.16596575180362852,0.027390846281338317
MainStay ICAP Equity C,1.0214864008129705,0.9866397506604623,0.9734579975833391,0.1660453444503559,0.027264202277437855
MainStay ICAP Equity R1,1.022217731877576,0.9866739122822578,0.9735254091783765,0.16615845642110139,0.027263440961298162
MainStay ICAP Equity R2,1.0220050087684927,0.9867065895873325,0.9735898939350647,0.16611834196409755,0.02721988689452726
MainStay ICAP Equity R3,1.0227133831575355,0.9866819280510112,0.9735412271424607,0.16623763878284228,0.027278703333252826
MainStay ICAP Equity Inv,1.021646245358835,0.9865757709869686,0.9733317518985315,0.16608207433786124,0.0273371278657799
MainStay ICAP Equity I,1.0232017433757596,0.9865546807660364,0.973290138141376,0.16633846281942558,0.027432375752207198
BlackRock Mid-Cap Value Equity Inv B,1.2036747785546558,0.9667021767879641,0.9345130986065882,0.1996896153812909,0.06063766185819943
State Street Research Mid Cap Val R,,,0,0,0
State Street Research Mid Cap Val B,,,0,0,0
BlackRock Mid-Cap Value Equity Instl,1.2006286686763228,0.9664269686486359,0.9339810857313915,0.19924131226132868,0.060453762948516516
BlackRock Mid-Cap Value Equity Inv C,1.2002058211943483,0.9665872667317393,0.9342909442079346,0.19913813487965723,0.06029347781991727
BlackRock Mid-Cap Value Equity Inv A,1.2016731550117186,0.9661413422294837,0.9334290931649882,0.19947349792302232,0.060774404671995165
BlackRock Mid-Cap Value Equity Svc,1.2006620184816648,0.9659997027486771,0.9331554257105326,0.19933487764268928,0.06074750815600979
BlackRock Mid-Cap Value Equity Inv A LW,1.2016731550117186,0.9661413422294837,0.9334290931649882,0.19947349792302232,0.060774404671995165
BlackRock Mid-Cap Value Equity R,1.200614001514105,0.9658807857292551,0.9329256922409631,0.19935150282623904,0.06082213490543672
BlackRock Energy & Resources Inv A LW,1.7108182142012471,0.8010168469982453,0.6416279891750104,0.34249403599166967,0.23456728674806662
BlackRock Energy & Resources Inv A,1.7108182142012471,0.8010168469982453,0.6416279891750104,0.34249403599166967,0.23456728674806662
BlackRock Energy & Resources Inv C,1.7100996732641078,0.800836551783348,0.641339182672243,0.3424272265638437,0.23454857425221876
State Street Research Global Res B,,,0,0,0
BlackRock Energy & Resources Instl,1.7107278681812768,0.8009305809634263,0.6414897955224116,0.3425128576225223,0.23460463371034784
State Street Research Global Res R,,,0,0,0
BlackRock Energy & Resources Inv B,1.7092583074795882,0.8008931878649763,0.6414298983685243,0.34223463977948604,0.23435955318964066
Delaware US Growth R,0.9507380792731499,0.9500878385662836,0.9026669009915526,0.1604770530644188,0.050678566025422846
Delaware US Growth B,0.951263660454431,0.9504100909560443,0.9032793409910765,0.16051113396481967,0.05052018126957639
Delaware US Growth A,0.9507203459547621,0.9498208193440453,0.9021595888593936,0.1605190651067527,0.05082072068254856
Delaware US Growth Instl,0.9508251584327247,0.9500572371584317,0.9026087538771125,0.16049687295716178,0.050697284069173516
Delaware US Growth C,0.9484462238448816,0.9496304571384795,0.9017980051250375,0.16016722199855166,0.05086135726151371
Delaware US Growth A Load Waived,0.9507203459547621,0.9498208193440453,0.9021595888593936,0.1605190651067527,0.05082072068254856
Allianz RCM Technology A Load Waived,1.0809209524297003,0.8924368755080471,0.7964435767665655,0.1942696648716606,0.08857794245076506
Allianz RCM Technology Admin,1.0807088014885289,0.8925737503515841,0.7966878998166921,0.19420177301558048,0.08849064520525425
Allianz RCM Technology P,1.080899397595079,0.892511336190969,0.796576485229389,0.19424955440461633,0.08854017769097824
Allianz RCM Technology Instl,1.0806950480563515,0.8923535397043676,0.7962948398229144,0.19424720527938447,0.08859428079700125
Allianz RCM Technology A,1.0809209524297003,0.8924368755080471,0.7964435767665655,0.1942696648716606,0.08857794245076506
Allianz RCM Technology B,1.0802154476532575,0.8924471817682146,0.7964619722460285,0.19414056468737037,0.08849994356580551
Allianz RCM Technology C,1.0808575500225002,0.8926239427841259,0.7967775032314784,0.19421754853336798,0.08848209984713776
Allianz RCM Technology D,1.0803843825482222,0.89239551316939,0.796369751924859,0.19418223035314508,0.08854207525137683
MFS Emerging Markets Equity A,1.197656465167096,0.8713458199453799,0.7592435379362863,0.22043194261487062,0.11268882933331902
MFS Emerging Markets Equity B,1.1975252567594823,0.8716249679245895,0.7597300847095418,0.22033719915918915,0.11253344613873394
MFS Emerging Markets Equity I,1.19813910836966,0.8710215751443616,0.7586785843669648,0.22060284145199924,0.11291284419591532
MFS Emerging Markets Equity C,1.197310446174913,0.8715365708924677,0.7595759944030014,0.22032003665693467,0.11254889877085002
MFS Emerging Markets Equity R1,1.196390540757623,0.8710249028283296,0.7586843813471009,0.22028009475468138,0.11268079418491996
MFS Emerging Markets Equity R2,1.1964099588602657,0.8711692043981991,0.7589357826917913,0.22024723433678928,0.112612028596473
MFS Emerging Markets Equity R3,1.1976158444744034,0.8713311392548383,0.7592179542351345,0.22042821148821262,0.11269073993516397
MFS Emerging Markets Equity R4,1.1981087048796217,0.8715581217147962,0.7596135595270235,0.22046148743918906,0.11264336871096443
MFS Emerging Markets Equity R5,,,0,0,0
MFS Emerging Markets Equity A LW,1.197656465167096,0.8713458199453799,0.7592435379362863,0.22043194261487062,0.11268882933331902
RS International Growth A Load Waived,1.272185300830685,0.9299629641250782,0.8648311146443015,0.21939065482332887,0.09169760676711666
RS International Growth B,,,0,0,0
RS International Growth K,1.2723971572240385,0.9304151264247661,0.8656723074800134,0.21932071398056383,0.09147028753031694
RS International Growth C,1.273125161329223,0.9305407822366265,0.8659061474055528,0.21941647295091524,0.0914954499626168
RS International Growth A,1.272185300830685,0.9299629641250782,0.8648311146443015,0.21939065482332887,0.09169760676711666
RS International Growth Y,1.2718027647633023,0.9295587923033839,0.8640795483485255,0.2194204738118585,0.0918749971527629
Columbia Large Cap Value A Load Waived,1.1262983289078963,0.9858529230727717,0.9719059859311284,0.18322242139994896,0.036781730063632195
Columbia Large Cap Value R,1.1246184703139992,0.9860401134006523,0.9722751052351714,0.18291456808684967,0.03642178168952775
Columbia Large Cap Value C,1.126581439832261,0.9859358970715971,0.9720695931343751,0.18325307049887984,0.036736350818668495
Columbia Large Cap Value A,1.1262983289078963,0.9858529230727717,0.9719059859311284,0.18322242139994896,0.036781730063632195
Columbia Large Cap Value B,1.1258527974114845,0.9859496113524217,0.9720966361259914,0.18313196539764667,0.03664267049160816
Columbia Large Cap Value Z,1.1231659135200354,0.9857832205405684,0.971768557899335,0.18272589551236101,0.036500512168997606
Columbia Large Cap Value Y,1.1257282431794151,0.9856422685539271,0.9714906815601319,0.18316879339779213,0.036913124171452184
Columbia Large Cap Value I,1.12606377260206,0.9858648491901087,0.9719295008686359,0.18318187684775947,0.03674465365971724
Columbia Large Cap Value W,1.1224419103949084,0.9861983254113881,0.9725871370442261,0.18253123937770602,0.036033957845042305
Nationwide D,1.0415115032146853,0.9941530490720951,0.9883402849793436,0.1680153133411515,0.019321620245840568
Nationwide B,1.0447912364325633,0.9946230651386037,0.989275041705711,0.16846460486549433,0.018863886422322573
Nationwide A,1.0406591511922494,0.9942726044547011,0.9885780119691345,0.16785760367137265,0.019084319588272815
Nationwide Instl Svc,,,0,0,0
Nationwide C,1.0432050149288532,0.9945971483694949,0.9892234875447311,0.16821335387440697,0.018783192627564428
Nationwide A Load Waived,1.0406591511922494,0.9942726044547011,0.9885780119691345,0.16785760367137265,0.019084319588272815
Nationwide R2,1.0439317260194727,0.994388636678664,0.9888087607556519,0.16836580664597098,0.019150486363198396
Nationwide Instl,,,0,0,0
Natixis CGM Advisor Targeted Equity A LW,1.4248349882453308,0.9567844516378817,0.915436486896002,0.2388128960224151,0.09727304949282276
Natixis CGM Advisor Targeted Equity Y,1.4232445287428064,0.9566079348346134,0.9150987409885438,0.23859048191666762,0.09714734094395552
Natixis CGM Advisor Targeted Equity C,1.4226876380089977,0.9564339427068201,0.9147658867617129,0.23854046579613633,0.0971720408181357
Natixis CGM Advisor Targeted Equity A,1.4248349882453308,0.9567844516378817,0.915436486896002,0.2388128960224151,0.09727304949282276
Natixis CGM Advisor Targeted Equity B,1.4218679145433273,0.9566873298462868,0.9152506470884179,0.23834001567719118,0.09689646031247402
JHancock US Global Leaders Gr A,1.0392710929178972,0.9692884089774116,0.939520019777962,0.1719436964551683,0.04274665299767813
JHancock US Global Leaders Gr R6,1.0402307953642982,0.9692270783100938,0.9394011293295208,0.17211301148103714,0.042851939776796445
JHancock US Global Leaders Growth R2,1.0389214541440515,0.9693010342469615,0.9395444949922294,0.17188362228805498,0.042715352920047266
JHancock US Global Leaders Gr R1,,,0,0,0
JHancock US Global Leaders Gr B,1.0383406664194832,0.9691971115141427,0.9393430409673575,0.17180589749339553,0.042752534245846595
JHancock US Global Leaders Gr C,1.0383349173185559,0.969229033483142,0.9394049193466656,0.17179930844520716,0.04272943056906863
JHancock US Global Leaders Gr I,1.0403106947261933,0.9693710320141647,0.9396801977082068,0.17210092913980005,0.04275433573456503
JHancock US Global Leaders Gr A LW,1.0392710929178972,0.9692884089774116,0.939520019777962,0.1719436964551683,0.04274665299767813
JPMorgan Small Cap Value R6,1.2947897472899863,0.9417697062959133,0.8869301796966909,0.2204867035927224,0.08791641547595837
JPMorgan Small Cap Value A Load Waived,1.294256719437251,0.9419121045894309,0.887198412772091,0.22036258037939113,0.08776114836268406
JPMorgan Small Cap Value R5,1.2947963965797733,0.9419381822105065,0.8872475391060333,0.2204483610862628,0.08781839217257181
JPMorgan Small Cap Value R2,1.2971466414834008,0.9419572294948938,0.887283422197696,0.22084393373612163,0.08812361066396722
JPMorgan Small Cap Value C,1.2934601494120799,0.9417324675369331,0.8868600404132008,0.2202691552458258,0.08775957400306979
JPMorgan Small Cap Value A,1.294256719437251,0.9419121045894309,0.887198412772091,0.22036258037939113,0.08776114836268406
JPMorgan Small Cap Value Select,1.2961645023601103,0.9422830244442306,0.8878972981557667,0.22060055063587344,0.08779983968534663
JPMorgan Small Cap Value B,1.2956758925980263,0.9419892633339125,0.8873437722363673,0.22058619492883608,0.08790671280692904
Nicholas II I,0.976251555680546,0.9493800395690001,0.9013224595320363,0.16491740264616592,0.05193473310415312
Nicholas II N,0.9758020757811722,0.949323623301638,0.9012153417585502,0.16485130904490786,0.05194737004426142
TCW Select Equities I,0.9909523762127462,0.9662709295451745,0.9336795092840956,0.16446819040221528,0.04237297667583724
TCW Select Equities N,0.9892158605973471,0.965932244550361,0.9330251010620983,0.16423764262134535,0.04253203991013855
TCW Select Equities K,,,0,0,0
MainStay Epoch US All Cap Inv,1.085719609453298,0.985741299410827,0.9716859093641458,0.17664076330034895,0.03274216153801729
MainStay Epoch US All Cap A Load Waived,1.0858601413907596,0.9857934077679028,0.9717886427986546,0.17665433917561962,0.03270473265268674
MainStay Epoch US All Cap A,1.0858601413907596,0.9857934077679028,0.9717886427986546,0.17665433917561962,0.03270473265268674
MainStay Epoch US All Cap B,1.086118598666918,0.9857746650830908,0.9717516903196797,0.1766995882011791,0.03274672759569376
MainStay Epoch US All Cap C,1.0868351587915757,0.9859171377394133,0.972032602488277,0.1767906230863129,0.03267516574143849
MainStay Epoch U.S. All Cap S,,,0,0,0
MainStay Epoch US All Cap I,1.0859583965165915,0.9859315647114446,0.9720610502943575,0.17664558694397875,0.03257988953463105
Wells Fargo Advantage Omega Growth A,1.2034836597795213,0.9533954076561075,0.9089628033397554,0.20243972443728292,0.06924015700418706
Wells Fargo Advantage Omega Growth B,1.2025259655104017,0.9537019145875345,0.909547341887929,0.20221373634117767,0.06893461783121467
Wells Fargo Advantage Omega Growth C,1.2023494885405688,0.9535286605431457,0.9092169064772055,0.20222079852074257,0.06902108924217018
Wells Fargo Advantage Omega Growth I,1.2027696198999656,0.9533989422664301,0.9089695431147475,0.2023186869658536,0.06915210342792322
Wells Fargo Advantage Omega Growth R,1.2041370836898568,0.9535981135206477,0.9093493621101381,0.20250666357411173,0.06919294870849954
Wells Fargo Advantage Omega Growth Adm,1.2052106619426368,0.9537627750557448,0.9096634310820353,0.202652151402466,0.06922003675737869
Wells Fargo Advantage Omega Growth A LW,1.2034836597795213,0.9533954076561075,0.9089628033397554,0.20243972443728292,0.06924015700418706
BlackRock International Value Inv A LW,,,0,0,0
BlackRock International Value Inv A,,,0,0,0
BlackRock International Value Inv C,,,0,0,0
BlackRock International Value Inv B,,,0,0,0
BlackRock International Value R,,,0,0,0
BlackRock International Value Instl,,,0,0,0
Hotchkis and Wiley Large Cap Value I,1.1609701598940116,0.9729392952137584,0.9466108721710449,0.19137588915668036,0.0511927996619614
Hotchkis and Wiley Large Cap Value R,1.159555602376211,0.9723995397252168,0.9455608648578135,0.19124874963559413,0.05142799785990581
Hotchkis and Wiley Large Cap Value A,1.1600862323430001,0.9725320876784175,0.9458186615641412,0.19131036564293388,0.05139112457824563
Hotchkis and Wiley Large Cap Value B,,,0,0,0
Hotchkis and Wiley Large Cap Value C,1.1597167090657448,0.9720602804179579,0.9449011887662389,0.19134214359504134,0.05169376914642061
Hotchkis and Wiley Large Cap Value A LW,1.1600862323430001,0.9725320876784175,0.9458186615641412,0.19131036564293388,0.05139112457824563
Fidelity Select Natural Gas,1.2988445758684757,0.8458775518990236,0.7155088328066854,0.24623630390154821,0.13979229584832292
JPMorgan Small Cap Growth R6,1.3344455035939151,0.91601844314215,0.8390897881765682,0.23362933005743686,0.10796176074780056
JPMorgan Small Cap Growth B,1.3352582754432802,0.915533004345136,0.8382006820452307,0.23389565480754976,0.10834381965170307
JPMorgan Small Cap Growth A,1.3350102370226025,0.9156060432071587,0.8383344263574692,0.23383376413118032,0.10826864808121728
JPMorgan Small Cap Growth Select,1.333247990954715,0.9158317925595508,0.8387478722628401,0.23346768241257818,0.10789641588800497
JPMorgan Small Cap Growth C,1.3331694118635027,0.9152230713614659,0.8376332703523148,0.23360895432215467,0.10822084461232302
JPMorgan Small Cap Growth A Load Waived,1.3350102370226025,0.9156060432071587,0.8383344263574692,0.23383376413118032,0.10826864808121728
JPMorgan Small Cap Growth Inst,1.3349967828657774,0.9158415769398129,0.8387657940516032,0.23377111602252806,0.10813685835902709
JPMorgan Small Cap Growth R2,1.3329760585564365,0.9146347287826306,0.8365566870952763,0.23372530298324365,0.10851754414217965
Managers Cadence Capital Apprec P,1.0603945289263683,0.9713963229978825,0.9436108163338064,0.17506508345385366,0.0426779853145445
Managers Cadence Capital Apprec A LW,1.0601331703458658,0.9714561465752771,0.9437270447188864,0.17501125687082503,0.04261428821573369
Managers Cadence Capital Apprec C,1.0607984505307844,0.9711745602076537,0.9431800263945296,0.17517178202642986,0.04287178094243234
Managers Cadence Capital Apprec A,1.0601331703458658,0.9714561465752771,0.9437270447188864,0.17501125687082503,0.04261428821573369
Managers Cadence Capital Apprec D,1.062400395273599,0.9714999473551814,0.9438121477111203,0.17537761930354254,0.042751902618182645
Managers Cadence Capital Apprec R,1.0619700389363158,0.971436818185158,0.9436894917257037,0.17531786284668416,0.0427661409043171
Managers Cadence Capital Apprec Instl,1.0624539285959331,0.9713447577626396,0.943510638432961,0.17541431843671468,0.04287070907424188
Managers Cadence Capital Apprec B,1.059982287193081,0.9716257069582845,0.9440565144221861,0.17495573486583535,0.042477505438642524
Managers Cadence Capital Apprec Adm,1.061408104472713,0.9712159050484372,0.9432603342190551,0.17526486228989754,0.04288699664273765
Managers Cadence Mid Cap Instl,1.182856989158095,0.9497768774379388,0.9020761169157613,0.19973032641013017,0.06902678196849393
Managers Cadence Mid Cap Admin,1.1825488683501904,0.9497255350835505,0.9019785919897365,0.19968909365330587,0.06902229519546495
Managers Cadence Mid Cap R,1.182816826755891,0.9496717643198447,0.9018764599463666,0.1997455999086693,0.06908604382727933
Managers Cadence Mid Cap C,1.182101408367823,0.9496705865438025,0.9018742229464499,0.19962504442355566,0.06900387836734975
Managers Cadence Mid Cap A,1.1819389473541944,0.9495240204642484,0.9015958654385905,0.19962847315505916,0.06907413284154447
Managers Cadence Mid Cap D,1.1827616812736308,0.9491404042246189,0.900867506931673,0.1998480590629503,0.06940218689044042
Managers Cadence Mid Cap B,1.1827584405317924,0.9498078269452676,0.9021349081264912,0.19970715917460652,0.06899653042475949
Managers Cadence Mid Cap A Load Waived,1.1819389473541944,0.9495240204642484,0.9015958654385905,0.19962847315505916,0.06907413284154447
Managers Cadence Mid Cap P,1.181899461673542,0.9497241976674381,0.9019760516350591,0.19957977650324907,0.06894790814472908
BlackRock Index Equity Instl,1.0015598149876308,0.9999902070322904,0.999980414160483,0.160629284405134,0.0007534596002061819
BlackRock Index Equity Svc,1.0020971194236983,0.9999922853692224,0.9999845707979602,0.16071515174067497,0.0007151501284279251
BlackRock Index Equity Inv B,1.0000782097965653,0.999990928695715,0.9999818574737186,0.16039170815836726,0.0006831507026794516
BlackRock Index Equity Inv A,1.0016056680915775,0.9999934172952204,0.9999868346337728,0.16063624228252535,0.0006370784384688503
BlackRock Index Equity Inv C,1.0013564473759788,0.9999908275681224,0.9999816552203782,0.16059669166128426,0.0007212847225940822
BlackRock Index Equity Inv A LW,1.0016056680915775,0.9999934172952204,0.9999868346337728,0.16063624228252535,0.0006370784384688503
Columbia Real Estate Equity A LW,1.0672938387453164,0.8520643783270445,0.7260137048138529,0.2008828942008524,0.10568371072764104
Columbia Real Estate Equity C,1.0659483218033028,0.8515681100328405,0.7251682460249039,0.20074667853957892,0.10575207019283044
Columbia Real Estate Equity A,1.0672938387453164,0.8520643783270445,0.7260137048138529,0.2008828942008524,0.10568371072764104
Columbia Real Estate Equity B,1.067572314100292,0.8516483564203168,0.725304922993427,0.2010334218514862,0.10590194682817371
Columbia Real Estate Equity D,,,0,0,0
Columbia Real Estate Equity Z,1.0721161763317595,0.8504049614198235,0.7231885984074515,0.20218392349776873,0.1069834045737611
Columbia Real Estate Equity I,1.0687840813273475,0.8506718372061455,0.7236425746156789,0.20149226940351095,0.10647862304660655
Columbia Real Estate Equity R,1.0695570549444307,0.8507006658318084,0.7236916228466821,0.2016312639046603,0.10655478043218716
Columbia Real Estate Equity R4,1.0693467168858792,0.8510387259914179,0.7242669131370957,0.20151179564655305,0.10637896758544313
Columbia Real Estate Equity R5,1.0691245906367655,0.8513680549527162,0.7248275649939712,0.20139175816203714,0.10620573847881513
Columbia Real Estate Equity W,1.0685776560413238,0.8514045671414568,0.7248897369493315,0.20128033447538257,0.10612651192983867
Fidelity Advisor Overseas T,1.3284288235126025,0.9354016914040392,0.8749763242815374,0.22775873689462153,0.09621037222703173
Fidelity Advisor Overseas B,1.327612939010097,0.9351412376542874,0.8744891343615923,0.22768240176983098,0.09624742456288474
Fidelity Advisor Overseas I,1.3277584487923773,0.9351059705720731,0.874423176199539,0.22771583165183729,0.09628787087339218
Fidelity Advisor Overseas C,1.3262492219074655,0.9355416700588725,0.8752382164165442,0.22735123745076344,0.09582810627600115
Fidelity Advisor Overseas A,1.3281019060145918,0.935382895006748,0.8749411602712049,0.2277073864916193,0.09617593219801777
Fidelity Advisor Overseas A Load Waived,1.3281019060145918,0.935382895006748,0.8749411602712049,0.2277073864916193,0.09617593219801777
Fidelity Advisor Energy A Load Waived,1.464605212086248,0.853616007522922,0.7286602882993732,0.2751440451141225,0.16151504654498205
Fidelity Advisor Energy C,1.4627448469848243,0.8538200568664683,0.7290086895074591,0.27472893916050045,0.16110410656054674
Fidelity Advisor Energy A,1.464605212086248,0.853616007522922,0.7286602882993732,0.2751440451141225,0.16151504654498205
Fidelity Advisor Energy T,1.4638835645008839,0.853720206935841,0.7288381917305752,0.2749749139354752,0.1613418510057662
Fidelity Advisor Energy I,1.465933614733673,0.8541157791504524,0.7295137641937844,0.27523240974916535,0.16145418314423504
Fidelity Advisor Energy B,1.4635817640456217,0.8540203053151165,0.7293506818905249,0.2748216511736328,0.16112867080695803
Wells Fargo Advantage Precious Meta A LW,0.666808919953727,0.36962928261362044,0.13662580656545967,0.2892850788863759,0.2740347559416984
Wells Fargo Advantage Precious Metals B,0.6662807587484981,0.3696375095591145,0.13663188847306446,0.289049539528543,0.2738356998661635
Wells Fargo Advantage Precious Metals C,0.6662300619919603,0.369599793604245,0.1366040074323005,0.28905704039864116,0.2738483754713457
Wells Fargo Advantage Prciou Metals Adm,0.6660692582998385,0.3695099103072932,0.13653757381530385,0.28905724193909754,0.2738640298771595
Wells Fargo Advantage Precious Metals A,0.666808919953727,0.36962928261362044,0.13662580656545967,0.2892850788863759,0.2740347559416984
Wells Fargo Advantage Precious Metals I,0.6665708124971922,0.3694462129066232,0.13649050423104597,0.2893250415638037,0.2740993076543399
T. Rowe Price European Stock,1.4025386385279341,0.9280137180867657,0.8612094609572228,0.24237540819638548,0.11098092622791239
U.S. Global Investors Global Res,1.391800973954675,0.8581946708241042,0.7364980930308924,0.2600851364413291,0.1475318068670827
U.S. Global Inv Global Resources Instl,1.387833311545855,0.857824641811517,0.7358631160990573,0.2594557470619597,0.14711449132764945
Prudential Jennison Blend B,1.159876139595177,0.9758758905848985,0.952333753824869,0.1906106366461571,0.048871436654318305
Prudential Jennison Blend A,1.158654649297886,0.9761694715245517,0.9529068371365226,0.19035266426949138,0.048507444133066534
Prudential Jennison Blend C,1.1585676418170392,0.9763135798203505,0.9531882061416279,0.19031020312155394,0.048387143960743485
Prudential Jennison Blend Z,1.1598518737076937,0.9762383713508228,0.9530413576977071,0.19053584012934127,0.04859197435538291
Prudential Jennison Blend A Load Waived,1.158654649297886,0.9761694715245517,0.9529068371365226,0.19035266426949138,0.048507444133066534
Prudential Jennison Value A Load Waived,1.1151171260956658,0.9740088586181448,0.9486932566666211,0.18360773589545393,0.04549447269093141
Prudential Jennison Value R,1.1129618590364474,0.9738152803176104,0.9483162001800661,0.18328935174847136,0.04542883205567961
Prudential Jennison Value L,1.1133831298001708,0.9739244787287273,0.9485288902670233,0.18333816123630567,0.04538731641256702
Prudential Jennison Value M,,,0,0,0
Prudential Jennison Value X,1.1152013509698737,0.9737139652269765,0.9481188860780415,0.18367720623364708,0.04572663845913952
Prudential Jennison Value Z,1.1149460332011827,0.9737120788234497,0.948115212446684,0.18363536086602142,0.04570278138533073
Prudential Jennison Value B,1.1161541454025306,0.9735263779674147,0.9477536085983536,0.18386936718409383,0.04596307760255275
Prudential Jennison Value A,1.1151171260956658,0.9740088586181448,0.9486932566666211,0.18360773589545393,0.04549447269093141
Prudential Jennison Value Q,1.1155660650290036,0.9740397633705136,0.948753460626886,0.18367517651606263,0.04551551390617949
Prudential Jennison Value C,1.1159630505689775,0.9739054913724732,0.9484919061254585,0.1837663514042948,0.04565700355603936
Nuveen Large Cap Growth Opp A LW,1.0277197314372333,0.946037688262439,0.8949873076129395,0.1742295749048591,0.05662208991333599
First American Large Cap Growth A LW,,,0,0,0
First American Health Sciences A LW,,,0,0,0
First American Health Sciences S,,,0,0,0
Nuveen Large Cap Growth Opp C,1.0272027736434062,0.9457790813290207,0.8944980706795662,0.174189570021255,0.05673363187941396
First American Large Cap Growth C,,,0,0,0
First American Large Cap Growth A,,,0,0,0
First American Large Cap Growth S,,,0,0,0
First American Health Sciences Y,,,0,0,0
Nuveen Large Cap Growth Opp R3,1.0277989061759412,0.9461672534836955,0.8952324715648797,0.17421919670591304,0.05655399564976735
Nuveen Large Cap Growth Opp B,1.02720998153859,0.9462999168492393,0.8954835326288771,0.17409504701071193,0.05643920592419017
First American Health Sciences A,,,0,0,0
First American Health Sciences B,,,0,0,0
First American Health Sciences C,,,0,0,0
First American Large Cap Growth Y,,,0,0,0
First American Large Cap Growth B,,,0,0,0
Nuveen Large Cap Growth Opp I,1.0282718892363616,0.9463553761102163,0.8955884978927088,0.17426472433871484,0.05647911754927782
Nuveen Large Cap Growth Opp A,1.0277197314372333,0.946037688262439,0.8949873076129395,0.1742295749048591,0.05662208991333599
Putnam Global Health Care B,0.8450509426519798,0.8810356921150241,0.7762238907805995,0.1538118160758814,0.07687871952466367
Putnam Global Health Care A,0.8454093460817069,0.8807374269269094,0.7756984151898331,0.15392907365827535,0.07699358922297486
Putnam Global Health Care M,0.845147107031664,0.8810121156806441,0.7761823479760845,0.15383339152728898,0.07688980778482497
Putnam Global Health Care Y,0.8456558476530999,0.8808503229861898,0.7758972915048749,0.1539542721315351,0.07696153817678517
Putnam Global Health Care C,0.8452224944279009,0.8810048289381589,0.7761695086123547,0.15384839956597596,0.07689459418402322
Putnam Global Health Care R,0.8457919087635833,0.8808133633917438,0.775832181129476,0.1539854754265461,0.0769785514488085
Putnam Global Health Care A Load Waived,0.8454093460817069,0.8807374269269094,0.7756984151898331,0.15392907365827535,0.07699358922297486
AllianceBern Small Cap Growth C,1.2909002286727382,0.9079772733891591,0.8244227289912118,0.22800230198309315,0.1063032132700723
AllianceBern Small Cap Growth A,1.2907834428685203,0.9078440641916292,0.824180844887975,0.22801514015874072,0.10635894471136968
AllianceBern Small Cap Growth B,1.2889850122930915,0.9072880939624667,0.8231716854460457,0.22783701051903182,0.10641199117260637
AllianceBern Small Cap Growth Adv,1.291314019210666,0.907866874184526,0.824222261241582,0.22810313357510625,0.1064192935042818
AllianceBern Small Cap Growth A LW,1.2907834428685203,0.9078440641916292,0.824180844887975,0.22801514015874072,0.10635894471136968
AllianceBern Small Cap Growth R,1.2892977872442104,0.9074821036225688,0.8235237683952426,0.2278435767548496,0.10635045315539383
AllianceBern Small Cap Growth K,1.2895383786841232,0.907162638985287,0.8229440535707504,0.22796637378323437,0.10655510282230996
AllianceBern Small Cap Growth I,1.291749592546159,0.907318824081539,0.8232274485327067,0.22831786670386633,0.10677389356432818
Oppenheimer International Value A LW,1.1555062858150162,0.8967507397437969,0.804161889231047,0.20667315198876268,0.09477256847612553
Oppenheimer International Value Y,1.1566011682137294,0.8967076573090216,0.8040846226766337,0.20687889763810335,0.09492410619400862
Oppenheimer International Value N,1.1573129741575046,0.8968342942229846,0.8043117512944388,0.20697693812542195,0.09494501030470617
Oppenheimer International Value A,1.1555062858150162,0.8967507397437969,0.804161889231047,0.20667315198876268,0.09477256847612553
Oppenheimer International Value B,1.1553332752475731,0.8961202607428315,0.8030315217138002,0.20678754272062402,0.09506853138141028
Oppenheimer International Value C,1.1555720047369988,0.8968999861384803,0.8044295851352061,0.2066505557819602,0.09470537920024041
RS Small Cap Growth A,1.224183671886838,0.9038597633835557,0.8169624718637771,0.21720353953261415,0.09962342801176073
RS Small Cap Growth K,1.2238397470122788,0.9039430622360046,0.8171130597646054,0.21712268129917414,0.09953556605969358
RS Small Cap Growth A Load Waived,1.224183671886838,0.9038597633835557,0.8169624718637771,0.21720353953261415,0.09962342801176073
RS Small Cap Growth C,1.2213912928000943,0.903447600440662,0.8162175667419901,0.21680788774509274,0.09948038451652332
RS Small Cap Growth Y,1.2239329186479655,0.9036304747018309,0.8165480348098562,0.21721431672668093,0.09971123337581381
Pioneer Growth Opportunities A LW,1.1927150089951548,0.9330558646597669,0.8705932465759851,0.20500179326590431,0.07994672605084857
Pioneer Growth Opportunities Y,1.1932837459333903,0.9328840131086958,0.8702725819137853,0.20513730190242174,0.08011119760386574
Pioneer Growth Opportunities Inv,,,0,0,0
Pioneer Growth Opportunities R,1.1906721350166112,0.9326132929632185,0.8697675542116979,0.2047479205466608,0.07995299150457456
Pioneer Growth Opportunities A,1.1927150089951548,0.9330558646597669,0.8705932465759851,0.20500179326590431,0.07994672605084857
Pioneer Growth Opportunities C,1.1895662137617473,0.9332800767696763,0.8710117016952128,0.2044113866064739,0.0794467477965455
Pioneer Growth Opportunities B,1.1903026692640173,0.9322446030329837,0.8690799998841253,0.20476508450476374,0.08011622303522314
Hartford Growth A Load Waived,1.319520718886375,0.9667145301484592,0.9345369828001563,0.2188981931191756,0.07589905371610875
Hartford Growth R3,1.3187208053551787,0.9663655340761366,0.9338623454502567,0.21884449044941195,0.0760151445718223
Hartford Growth R4,1.316748271756146,0.9663515583051937,0.9338353342388763,0.21852035708810785,0.07574951587082006
Hartford Growth R5,1.3172533804100648,0.9665464755871548,0.9342120894699505,0.21856037962502828,0.07569266947595513
Hartford Growth I,1.3197879195589441,0.9665834145676996,0.9342834973173535,0.21897228071404573,0.07602190556765481
Hartford Growth L,,,0,0,0
Hartford Growth M,,,0,0,0
Hartford Growth N,,,0,0,0
Hartford Growth H,,,0,0,0
Hartford Growth A,1.319520718886375,0.9667145301484592,0.9345369828001563,0.2188981931191756,0.07589905371610875
Hartford Growth B,1.3170271837966228,0.9664503088350411,0.9340261994473464,0.2185445328898174,0.07572392796318302
Hartford Growth C,1.3190427291854676,0.9663036801413964,0.9337428022548062,0.21891188898639363,0.07610032662529492
Hartford Growth Y,1.3211312528904218,0.9663475827817997,0.9338276507482272,0.21924859297926222,0.07636313539849422
DWS Global Thematic B,1.176264398819716,0.9461045724004359,0.8951138619170116,0.19939547678604064,0.07047797333661197
DWS Global Thematic A,1.1781314198874038,0.946508997082591,0.8958792815582922,0.1996264817627301,0.07045095619004078
DWS Global Thematic C,1.1760882944329274,0.9463770693299942,0.8956295573536286,0.1993080899293532,0.0702952726372163
DWS Global Thematic R,1.1773015225859398,0.9458473617332305,0.8946272316977125,0.19962533698398677,0.070750136551317
DWS Global Thematic AARP,,,0,0,0
DWS Global Thematic S,1.1768487106037544,0.9465693048585739,0.895993448900444,0.19939644695872638,0.07026762581286668
DWS Global Thematic A Load Waived,1.1781314198874038,0.946508997082591,0.8958792815582922,0.1996264817627301,0.07045095619004078
DWS Global Thematic Instl,1.1771337147543581,0.9461146168280592,0.8951328681757054,0.19954059493956755,0.07057167857979976
BlackRock Global SmallCap Inv A LW,1.177479895922657,0.9618538969440884,0.9251629190665291,0.1963311047495594,0.06077297548102321
BlackRock Global SmallCap Inv B,1.175074921284181,0.9612605958013465,0.9240219330403596,0.19605124278041772,0.060886543067786555
BlackRock Global SmallCap Instl,1.1773552984397433,0.9613487962997335,0.9241915081469465,0.1964134826872321,0.061090898873867025
BlackRock Global SmallCap Inv C,1.1772630322053197,0.961458253280254,0.9244019728007171,0.1963756964475621,0.061008360845207506
BlackRock Global SmallCap Inv A,1.177479895922657,0.9618538969440884,0.9251629190665291,0.1963311047495594,0.06077297548102321
BlackRock Global SmallCap R,1.1755050001465237,0.9612926255336716,0.9240835119054196,0.19611643032357226,0.06091488129250754
DWS International C,1.2523333164557304,0.934394126259861,0.8730923831889289,0.21494292414610644,0.08659196934951054
DWS International Inst,1.2542083569069284,0.9342912597006686,0.8729001579530622,0.2152883660503505,0.08689277172551234
DWS International A,1.2539664195542428,0.9343234601377176,0.8729603281637172,0.21523933199588444,0.08684312696102749
DWS International B,1.2495165796650634,0.9339579285531949,0.8722774123073748,0.21455983203925172,0.08647800458226301
Scudder International Barrett Intl,,,0,0,0
DWS International AARP,,,0,0,0
DWS International S,1.2545489731485229,0.9343811541286186,0.8730681411907291,0.21532605470325536,0.08688549191670551
DWS International A Load Waived,1.2539664195542428,0.9343234601377176,0.8729603281637172,0.21523933199588444,0.08684312696102749
DWS Latin America Equity A Load Waived,1.4062056027446386,0.8687080670346331,0.7546537057310486,0.25958574217871333,0.14412210359429456
DWS Latin America Equity M,,,0,0,0
DWS Latin America Equity S,1.4071891731071577,0.86886685381481,0.7549296096580465,0.25971988239242455,0.1441881562296402
DWS Latin America Equity AARP,,,0,0,0
DWS Latin America Equity C,1.4058783075914003,0.868924324324264,0.7550294814023788,0.25946071775136087,0.14395533971151178
DWS Latin America Equity A,1.4062056027446386,0.8687080670346331,0.7546537057310486,0.25958574217871333,0.14412210359429456
DWS Latin America Equity B,1.405308203695952,0.8688308992016688,0.7548671314075803,0.259383442860518,0.14391783750825493
Lord Abbett Classic Stock A,1.1612551675298415,0.9890987102597096,0.978316258637421,0.188283205529138,0.03790809534579903
Lord Abbett Classic Stock I,1.1612376031302545,0.9890857188064007,0.9782905591467742,0.18828283215544764,0.03791814571742161
Lord Abbett Classic Stock C,1.1610905645952336,0.9891088520935527,0.9783363212898254,0.18825456972595378,0.03787763352300594
Lord Abbett Classic Stock P,1.161289056199923,0.9890041958286163,0.9781292993666081,0.18830668108514487,0.03800163010318549
Lord Abbett Classic Stock B,1.162247715793506,0.9890558945244248,0.9782315624935101,0.18845222452394966,0.03807449315539585
Lord Abbett Classic Stock A Load Waived,1.1612551675298415,0.9890987102597096,0.978316258637421,0.188283205529138,0.03790809534579903
Lord Abbett Classic Stock F,1.1616716194290768,0.9890770786655123,0.978273467541504,0.18835487188777286,0.03798136277607241
Lord Abbett Classic Stock R2,1.1622434948589695,0.9890789960035612,0.9782772603354126,0.18844716271081452,0.03805217158239335
Lord Abbett Classic Stock R3,1.161369928860542,0.9890353987433541,0.9781910199674254,0.18831391237337017,0.037982440487977616
Thomas White International,1.1886133215557417,0.9339737456550024,0.8723069575728349,0.20409923871584484,0.07894281813087062
Touchstone Mid Cap Growth A Load Waived,1.2384655520013843,0.9572590222470184,0.9163448356733177,0.2074905515610376,0.0711488516800892
Touchstone Mid Cap Growth Y,1.2367139096080249,0.9574677779553602,0.9167445458227749,0.20715206500037225,0.07079457454116837
Touchstone Mid Cap Growth C,1.237284209114445,0.9572734105952503,0.9163723826326627,0.20728953474360926,0.07098980962625953
Touchstone Mid Cap Growth Inst,1.2370643176017586,0.9575651884780206,0.9169310901849471,0.20718938531431136,0.0707773448595335
Touchstone Mid Cap Growth A,1.2384655520013843,0.9572590222470184,0.9163448356733177,0.2074905515610376,0.0711488516800892
Touchstone Mid Cap Growth B,1.2370338184303347,0.9575075595602542,0.9168207266150339,0.2071967858291636,0.07080995795060789
PACE International Equity A Load Waived,1.1487504913908815,0.9322231247534005,0.8690399543249941,0.1976282342833538,0.07537737369395153
PACE International Equity P,1.1492685708633306,0.9330728039137197,0.8706248574034109,0.19753761670402759,0.07496129085936605
PACE International Equity A,1.1487504913908815,0.9322231247534005,0.8690399543249941,0.1976282342833538,0.07537737369395153
PACE International Equity B,,,0,0,0
PACE International Equity C,1.1512955917976957,0.9329351488381019,0.8703679919375715,0.19791480940275769,0.07526106563176257
PACE International Equity Y,1.148894207639942,0.9324566492120188,0.8694754026597059,0.19760374915809642,0.07526333890694281
Columbia Small Cap Core G,,,0,0,0
Columbia Small Cap Core C,1.249693553276537,0.926058450698004,0.8575842541091874,0.21642125432187748,0.09094540877406568
Columbia Small Cap Core B,1.251110387247593,0.9253717740102552,0.8563129201348868,0.2168271547877295,0.09151016528761007
Columbia Small Cap Core A,1.248381080516548,0.9260605195533299,0.8575880858753833,0.21619359181476547,0.09077473517487437
Columbia Small Cap Core Z,1.251261244689345,0.9253744020954711,0.8563177840535505,0.216852843193485,0.0915282495745762
Columbia Small Cap Core T,1.2498687310669343,0.9259323340424558,0.8573506872253099,0.21648107285706303,0.09103815661848712
Columbia Small Cap Core I,1.2509087636367622,0.9252832542183977,0.8561491005369881,0.21681300270570295,0.09153317078130123
Columbia Small Cap Core W,1.248267887355358,0.9255425525807425,0.8566290166376764,0.21629497239046674,0.09104779642017807
Columbia Small Cap Core A Load Waived,1.248381080516548,0.9260605195533299,0.8575880858753833,0.21619359181476547,0.09077473517487437
Federated Kaufmann Small Cap A LW,1.3669124852300112,0.9227745532183343,0.8515128760672965,0.23755682603821746,0.10880422656299267
Federated Kaufmann Small Cap R,1.3665401232273209,0.9227007044977029,0.8513765900805572,0.23751102372253236,0.10879246532681738
Federated Kaufmann Small Cap B,1.3675621442438473,0.9232721337062552,0.8524314328785012,0.23754150667350007,0.1086174120200554
Federated Kaufmann Small Cap A,1.3669124852300112,0.9227745532183343,0.8515128760672965,0.23755682603821746,0.10880422656299267
Federated Kaufmann Small Cap C,1.3677863638173404,0.923372893970629,0.8526175013196946,0.23755458956797437,0.108592803180484
JHancock Sovereign Investors A LW,0.9981138609046701,0.9935501747700118,0.9871419497855212,0.1611121569852174,0.018268122402321223
JHancock Sovereign Investors R1,,,0,0,0
JHancock Sovereign Investors I,1.0020754135332,0.9939023161698028,0.9878418140876987,0.16169421776864148,0.017828849092411992
JHancock Sovereign Investors C,1.002179650758882,0.9938770226693605,0.9877915361901127,0.1617151796300959,0.017868293602393406
JHancock Sovereign Investors A,0.9981138609046701,0.9935501747700118,0.9871419497855212,0.1611121569852174,0.018268122402321223
JHancock Sovereign Investors B,0.9999253608141493,0.9934921290873756,0.9870266105585667,0.16141394978133852,0.018381735833178592
JHancock Sovereign Investors Y,,,0,0,0
Prudential Stock Index Z,0.9985247383045147,0.9999736036289887,0.9999472079547458,0.16014541864441267,0.0011871579996742122
Prudential Stock Index I,0.9999957635401366,0.9999770277411325,0.9999540560099897,0.16038074721346846,0.0010868738115303333
Prudential Stock Index C,0.9973752729698941,0.9999705004291213,0.9999410017284673,0.15996159583617442,0.001298516976033667
Prudential Stock Index B,0.9861361696826,0.9993662975779302,0.99873299673462,0.15825589353822017,0.006054785198848135
Prudential Stock Index A,0.9989816859051154,0.9999713096618564,0.9999426201468483,0.16021897521287426,0.0012243430475934744
Prudential Stock Index A Load Waived,0.9989816859051154,0.9999713096618564,0.9999426201468483,0.16021897521287426,0.0012243430475934744
Consulting Group Emerging Mkts Equity,1.2687143944021806,0.8627634763492464,0.7443608161222369,0.23582685410940113,0.12676540182293056
Calvert Large Cap Growth I,,,0,0,0
Calvert Large Cap Growth B,,,0,0,0
Calvert Large Cap Growth A,,,0,0,0
Calvert Large Cap Growth C,,,0,0,0
Calvert Large Cap Growth A Load Waived,,,0,0,0
Calvert Large Cap Growth Y,,,0,0,0
MFS Mid-Cap Growth 529A Load Waived,1.1099012238590742,0.9552134166711612,0.9124326713885934,0.18635430360012514,0.057880796370618874
MFS Mid-Cap Growth A Load Waived,1.107320482573464,0.9556498988947115,0.9132667292574724,0.1858364689664368,0.05735939350121678
MFS Mid-Cap Growth R1,1.1094132416327918,0.9553610661513632,0.9127147667178694,0.18624361825829144,0.05774117774701582
MFS Mid-Cap Growth R2,,,0,0,0
MFS Mid-Cap Growth R3,1.1086794157916167,0.9562818599439568,0.9144749956578734,0.18594160711019622,0.05709009249484288
MFS Mid-Cap Growth R4,1.1054214731583367,0.955004455422281,0.9120335098764074,0.18564319142409846,0.057584446698071584
MFS Mid-Cap Growth A,1.107320482573464,0.9556498988947115,0.9132667292574724,0.1858364689664368,0.05735939350121678
MFS Mid-Cap Growth B,1.1060380924311082,0.9558460180181406,0.9136416101611357,0.18558311281284579,0.05711395377756898
MFS Mid-Cap Growth C,1.1014528832886694,0.9545928560504391,0.9112475208225342,0.18505674307522618,0.05746860765787825
MFS Mid-Cap Growth 529B,1.1059721532007303,0.956285412295756,0.914481789769664,0.1854866620581796,0.05683014511273713
MFS Mid-Cap Growth 529A,1.1099012238590742,0.9552134166711612,0.9124326713885934,0.18635430360012514,0.057880796370618874
MFS Mid-Cap Growth 529C,1.108287997784981,0.9554943306197126,0.9129694158464126,0.186028956568972,0.057549619054314875
MFS Mid-Cap Growth R,,,0,0,0
MFS Mid-Cap Growth R2,1.110718260041974,0.9576067125048793,0.9170106158344025,0.18602593937627063,0.05644245924791691
MFS Mid-Cap Growth I,1.106009913518795,0.9556735104915789,0.9133118586552978,0.18561209234023515,0.05721998975185658
Wells Fargo Advantage Large Cap Gr Inv,1.053307617150999,0.9682320653808821,0.9374733324317287,0.17446305312847893,0.044447553070941836
Wells Fargo Advantage Large Cap Gr R,,,0,0,0
Wells Fargo Advantage Large Cap Gr A,1.0532662029083806,0.9681620547345198,0.9373377642277673,0.17446876998517913,0.04449407029121863
Wells Fargo Advantage Large Cap Gr Adm,1.053131801519143,0.9681002362901587,0.9372180675050611,0.17445753283844886,0.04452811840607065
Wells Fargo Advantage Large Cap Gr C,1.0536419434278428,0.9680133636330893,0.9370498721722476,0.17455774167548932,0.04462590422869723
Wells Fargo Advantage Large Cap Gr I,1.0544613867692658,0.9680557640989111,0.9371319624051266,0.17468561417913503,0.04465490126496328
Wells Fargo Advantage Large Cap Gr A LW,1.0532662029083806,0.9681620547345198,0.9373377642277673,0.17446876998517913,0.04449407029121863
DWS Technology S,1.1429608555814479,0.9267250298216458,0.8588192808979304,0.19779900610942175,0.0777616352093713
DWS Technology AARP,,,0,0,0
DWS Technology A Load Waived,1.1404538855272497,0.9264451619978263,0.8583006381891788,0.19742487796456512,0.07763979667729502
Scudder Technology I,,,0,0,0
DWS Technology Inst,1.1415278258557895,0.9272829038415236,0.8598535837567682,0.19743233326630427,0.0773021873731003
DWS Technology A,1.1404538855272497,0.9264451619978263,0.8583006381891788,0.19742487796456512,0.07763979667729502
DWS Technology C,1.1408428664337982,0.9273700754873093,0.8600152569093378,0.19729535007022098,0.07718023211354366
DWS Technology B,1.139789136695543,0.9266109872207431,0.8586079216382002,0.19727415095055817,0.07747765529318144
Templeton Global Smaller Comp A,1.2467690773685838,0.9141673860101526,0.8357020096446354,0.2187442195814646,0.097071189903518
Templeton Global Smaller Comp C,1.2481482326867803,0.9136285191780711,0.8347170710555151,0.21911536409492974,0.09754133374872223
Templeton Global Smaller Comp Ad,1.2485481627966788,0.9135058549382401,0.834492947006445,0.21921487827562103,0.09765960412462793
Templeton Global Smaller Comp B,1.2523602265923035,0.9140314075838705,0.8354534140497515,0.21975733470701506,0.0978751950864243
Templeton Global Smaller Comp A LW,1.2467690773685838,0.9141673860101526,0.8357020096446354,0.2187442195814646,0.097071189903518
Templeton Global Opportunities A LW,1.1819715301290243,0.9427330675249392,0.8887456366049817,0.20107562579505228,0.07312859535644367
Templeton Global Opportunities B,1.1820435931043989,0.9429146618121593,0.8890880594603388,0.20104909413148295,0.07303045006217937
Templeton Global Opportunities A,1.1819715301290243,0.9427330675249392,0.8887456366049817,0.20107562579505228,0.07312859535644367
Templeton Global Opportunities C,1.1807190732823367,0.9430354732290447,0.8893159037683283,0.20079818765105853,0.07280609093092809
Templeton Global Opportunities Adv,1.1822965840023774,0.9427418214559594,0.8887621419221,0.20112898003914445,0.07316117997761223
Allianz NFJ Mid-Cap Value P,1.0228435570559093,0.9548868778033487,0.9118089494010273,0.17179044389542464,0.05113791574246387
Allianz NFJ Mid-Cap Value A,1.0245245987897804,0.9540945284223291,0.9102963691654266,0.17221673187195474,0.05171916998800257
Allianz NFJ Mid-Cap Value C,1.025791076038234,0.9535389862752985,0.9092365983469238,0.1725298473478874,0.05213185514141637
Allianz NFJ Mid-Cap Value B,1.0253433417156375,0.9547436760463731,0.9115354869505419,0.17223699298817532,0.051379073655586575
Allianz NFJ Mid-Cap Value Admin,1.0236124902903678,0.9535729151518408,0.9093013045111797,0.17215747659605035,0.05197495224268724
Allianz NFJ Mid-Cap Value Instl,1.0252665037758437,0.9539972686156224,0.9101107885260682,0.1723587759420456,0.05182402235277161
Allianz NFJ Mid-Cap Value D,1.0232205632180027,0.9540266291725614,0.9101668091703601,0.17200968233910197,0.0516789663155653
Allianz NFJ Mid-Cap Value R,1.0268838456593525,0.9537848591961062,0.9097055576317362,0.17266903754951277,0.05205377863137772
Allianz NFJ Mid-Cap Value A Load Waived,1.0245245987897804,0.9540945284223291,0.9102963691654266,0.17221673187195474,0.05171916998800257
PIMCO Select Growth A Load Waived,,,0,0,0
Allianz AGIC Growth A Load Waived,1.0340667411036721,0.9686675706467662,0.938316862422708,0.17120054881225008,0.04286170214276098
Allianz AGIC Growth P,1.0353545377345454,0.9688122080197663,0.938597094408135,0.1713879947679425,0.04283875272149872
Allianz AGIC Growth R,1.0346833758174259,0.9686423687809844,0.9382680385976365,0.1713069625496329,0.04291733937617976
Allianz AGIC Growth Admin,1.0348719333160614,0.96876946441038,0.9385142751739746,0.1713157345227366,0.04283918391452808
PIMCO Select Growth B,,,0,0,0
PIMCO Select Growth A,,,0,0,0
PIMCO Select Growth D,,,0,0,0
PIMCO Select Growth C,,,0,0,0
Allianz AGIC Growth D,1.034606145569467,0.9685449084123157,0.938079239611421,0.1713114714349809,0.042981314773219446
Allianz AGIC Growth Instl,1.0344327617052784,0.9685320699280644,0.938054370479141,0.17128502708301738,0.04297969704469442
PIMCO Select Growth Admin,,,0,0,0
PIMCO Select Growth Instl,,,0,0,0
Allianz AGIC Growth B,1.0343439805750878,0.9688605437603904,0.9386907532556793,0.17121228008771172,0.04274231833765376
Allianz AGIC Growth C,1.033899757632503,0.9687012368780552,0.9383820863290739,0.1711668293207578,0.04282772714286855
Allianz AGIC Growth A,1.0340667411036721,0.9686675706467662,0.938316862422708,0.17120054881225008,0.04286170214276098
Ivy Small Cap Growth R,1.167100908602882,0.8966526053361712,0.8039858946561437,0.20875573648076692,0.09620893924302312
Ivy Small Cap Growth E,1.1629142566995596,0.896235722216988,0.803238469777806,0.20810378031122537,0.09591523148784283
Ivy Small Cap Growth A Load Waived,1.1653152949901109,0.8962411485675011,0.8032481963855937,0.20853204589110014,0.09620122150877988
Ivy Small Cap Growth I,1.1677080583985835,0.8957045388997826,0.8022866210056722,0.20908528183510922,0.09676067737082289
Ivy Small Cap Growth A,1.1653152949901109,0.8962411485675011,0.8032481963855937,0.20853204589110014,0.09620122150877988
Ivy Small Cap Growth B,1.1674380542419591,0.8968134415822179,0.804274349002542,0.20877859622162603,0.09616840366902171
Ivy Small Cap Growth C,1.1633737242158821,0.8958932166892069,0.8026246557097341,0.20826550199006827,0.09614285537045975
Ivy Small Cap Growth Y,1.1668345655998982,0.8958880142458977,0.8026153340694578,0.20888611309983088,0.09656254705181162
Rainier Large Cap Equity,1.1015551942385087,0.9846013608398075,0.9694398397676008,0.17942658987792007,0.03533601653066767
Rainier Large Cap Equity Instl,1.1011459709691864,0.9843893208298538,0.9690223349638607,0.1793986364188217,0.03549120867212451
Vanguard Growth Equity Inv,1.0060657473150718,0.9795130596860934,0.9594458340956123,0.16471962335588544,0.03318005372207684
American Century All Cap Growth Inv,1.132841849207854,0.9555368688906869,0.9130507078094177,0.1901360398337697,0.059965282844649845
American Century All Cap Growth Instl,1.1330240999697703,0.9555493570629354,0.9130745737833892,0.19016404346640123,0.059976221610679455
American Century All Cap Growth A,1.1324340683485394,0.9555158231159993,0.9130104882250456,0.19007182805143427,0.05993649130683006
American Century All Cap Growth C,1.1317833434616988,0.9553500868006529,0.9126937883500151,0.1899955714486126,0.059973909505412676
American Century All Cap Growth R,1.132180090290812,0.9554003046646077,0.9127897421532252,0.1900521639160956,0.05998312806761502
American Century All Cap Growth A LW,1.1324340683485394,0.9555158231159993,0.9130104882250456,0.19007182805143427,0.05993649130683006
USAA World Growth,1.139448574479916,0.9697056038605906,0.9403289581586327,0.18844599997814981,0.051168950850318265
USAA World Growth Adv,1.1385103322014936,0.9697016066887442,0.9403212060147319,0.1882916754522573,0.051072120700209445
Weitz Value,0.8744279533957378,0.9644193013748997,0.9301045888644497,0.14541335172771022,0.043390621714094156
Wasatch Core Growth,0.9487080572692111,0.9057229900878497,0.8203341347736752,0.1679942437189251,0.0716647282628265
Wasatch Core Growth Institutional,0.9485587196905436,0.9057109157232537,0.8203122628602548,0.16797004368873464,0.0716615947835958
Fidelity Advisor Technology A LW,1.2740870321204703,0.9303681224825494,0.8655848433317042,0.2196335788188231,0.09172020900892587
Fidelity Advisor Technology B,1.2730373638438177,0.9302437817916402,0.8653534935620129,0.21948202364354905,0.09165165555979103
Fidelity Advisor Technology A,1.2740870321204703,0.9303681224825494,0.8655848433317042,0.2196335788188231,0.09172020900892587
Fidelity Advisor Technology I,1.2760228859959883,0.9304106423048804,0.8656639633141799,0.21995708139141967,0.09195252217973557
Fidelity Advisor Technology C,1.2740680098773618,0.9299503580162308,0.864807668374516,0.21972907142300144,0.09195360271131099
Fidelity Advisor Technology T,1.2758837596915373,0.9305009089676068,0.8658319415895426,0.21991188541914042,0.0918830536472236
JPMorgan Tax Aware Equity Instl,1.089021623943507,0.9948217440493806,0.9896703024334513,0.17555920889047413,0.022847622783256905
JPMorgan Tax Aware Equity A Load Waived,1.0891361085893796,0.9948320258429779,0.9896907596428435,0.17557598409225292,0.02284662330823696
JPMorgan Tax Aware Equity A,1.0891361085893796,0.9948320258429779,0.9896907596428435,0.17557598409225292,0.02284662330823696
JPMorgan Tax Aware Equity C,1.0884766451001393,0.9949837541586958,0.9899926710397318,0.17544300266089485,0.02256514396481356
JPMorgan Tax Aware Equity Select,1.0887668566386617,0.9949771762073643,0.9899795811735804,0.17549085817530508,0.022607067676551743
ING Real Estate R,1.1117285163895276,0.8280840517955385,0.685723196838116,0.21530715405425188,0.12200299821994967
ING Real Estate Instl,1.1219162095587876,0.829322866152004,0.6877764163225747,0.21695417181295792,0.12277290404009193
ING Real Estate A,1.1227432139870985,0.8299676582896489,0.6888463138068033,0.21694527617485804,0.12258411622051903
ING Real Estate B,1.1252778198790752,0.8305043819977675,0.6897375285174938,0.21729446531878588,0.12267083279144195
ING Real Estate C,1.1212175946571254,0.8298901029583153,0.6887175829881632,0.2166708842042208,0.12241857814956146
ING Real Estate Q,,,0,0,0
ING Real Estate O,1.122187883250645,0.8295339836219441,0.6881266299836918,0.21695154530876287,0.12271123897445423
ING Real Estate A Load Waived,1.1227432139870985,0.8299676582896489,0.6888463138068033,0.21694527617485804,0.12258411622051903
ING Real Estate W,1.1232118232541173,0.8303400131395843,0.689464537420645,0.21693863616586845,0.12247378904399056
Transamerica Growth Opportunities A LW,1.2223518010556862,0.91310749865235,0.8337653040951513,0.21469877294216125,0.09450048952168448
Transamerica Growth Opportunities I2,1.2227347757211082,0.9126169634225313,0.8328697219265618,0.21488147446526062,0.09481086524831073
IDEX Janus Capital Appreciation A LW,,,0,0,0
Transamerica Growth Opportunities C,1.2210006912792253,0.9117204462515961,0.8312341721132096,0.21478757740611137,0.09506843482465369
Transamerica Premier Growth Opp Inv,,,0,0,0
IDEX Janus Capital Appreciation C,,,0,0,0
IDEX Janus Capital Appreciation A,,,0,0,0
IDEX Janus Capital Appreciation B,,,0,0,0
IDEX Janus Capital Appreciation M,,,0,0,0
Transamerica Growth Opportunities A,1.2223518010556862,0.91310749865235,0.8337653040951513,0.21469877294216125,0.09450048952168448
Transamerica Growth Opportunities B,1.2235591223661502,0.9129326734215527,0.8334460662006236,0.2149519586198314,0.09474705571701197
Transamerica Growth Opport C2,,,0,0,0
Transamerica Growth Opport M,,,0,0,0
Transamerica Morgan Stanley Gr Oppots P,,,0,0,0
Transamerica Growth Opportunities I,1.2241023246825011,0.9124752308448573,0.8326110469053757,0.21515469243583232,0.09506022312514865
Loomis Sayles Small Cap Growth Instl,1.101362488902065,0.9106477133732268,0.8292792578718866,0.19396717713770886,0.08175889476665374
Loomis Sayles Small Cap Growth Retail,1.0972694211877883,0.911294459012644,0.8304575910271476,0.1931095944639192,0.08101244694906486
Loomis Sayles Small Cap Growth Adm,,,0,0,0
Touchstone Focused A,1.0807045244407971,0.9690402690522936,0.9390390430449416,0.1788481721896933,0.04600905465010328
Old Mutual Focused C,,,0,0,0
Old Mutual Focused R,,,0,0,0
Touchstone Focused Instl,1.080704407769312,0.9687349796295307,0.9384474607578273,0.17890454241501977,0.046227591906317665
Old Mutual Focused Adv,,,0,0,0
Touchstone Focused A Load Waived,1.0807045244407971,0.9690402690522936,0.9390390430449416,0.1788481721896933,0.04600905465010328
Touchstone Focused C,1.0787622096870468,0.9690728931631484,0.9391022722635948,0.1785208405450915,0.0458227405064092
Touchstone Focused Y,1.0798449379027508,0.969100395080303,0.9391555757447992,0.1786949204930033,0.045893611164816106
JPMorgan Intl Opp A Load Waived,1.2316262435269447,0.9335140034731791,0.8714483946805227,0.21158932783561835,0.08445448164430971
JPMorgan Intl Opp C,1.2307515593045157,0.9333175553713223,0.8710816591643012,0.2114834597241973,0.08445595033436688
JPMorgan Intl Opp Sel,1.22871343426738,0.9330737918437759,0.870626701025722,0.21118865473132373,0.08433826498911393
JPMorgan Intl Opp Instl,1.2318087754951281,0.9335187668778858,0.8714572881132086,0.21161964239091663,0.08447474729365659
JPMorgan Intl Opp A,1.2316262435269447,0.9335140034731791,0.8714483946805227,0.21158932783561835,0.08445448164430971
JPMorgan Intl Opp B,1.2296260787201878,0.9330038121321431,0.8704961134531114,0.21136123495597064,0.08449241233610552
JPMorgan Intl Opp R6,1.230778545555177,0.9334771773455137,0.8713796406249478,0.21145200033016523,0.08436877944482216
Columbia International Value A LW,1.0682492448651288,0.9156934034507679,0.8384944091232508,0.1870997156687959,0.07596725747480573
Columbia International Value A,1.0682492448651288,0.9156934034507679,0.8384944091232508,0.1870997156687959,0.07596725747480573
Columbia International Value B,1.065623102840023,0.9158286885360214,0.838742186745609,0.1866125898130124,0.07565677402733187
Columbia International Value C,1.063743792400824,0.9148977414845789,0.8370378773735834,0.1864728797911303,0.07595091154472203
Columbia International Value Z,1.063612988459227,0.9152135815965677,0.8376158999388175,0.1863856628336571,0.07578087189759129
Columbia International Value I,1.0556554520100276,0.9114971155246829,0.830826991609817,0.18574925927849,0.07690119946441853
Columbia International Value R,1.067887825891983,0.9156699752128317,0.8384515035062678,0.18704134809929263,0.07594554122021095
T. Rowe Price Total Equity Market Idx,1.0460399032762702,0.9977614538639369,0.995527918816677,0.16813829698879487,0.013448960022710912
Thrivent Large Cap Value I,1.1340579330369638,0.9882636269064053,0.9766649962662028,0.1840354139310995,0.035384937939702134
Thrivent Large Cap Value B,,,0,0,0
Thrivent Large Cap Value A,1.130357982365324,0.9883510201043078,0.9768377389412258,0.18341889254496788,0.03486897869209277
Thrivent Large Cap Value A Load Waived,1.130357982365324,0.9883510201043078,0.9768377389412258,0.18341889254496788,0.03486897869209277
Transamerica Capital Growth I2,1.2092434473440377,0.9224777831040227,0.8509652603205123,0.21023484848837026,0.08780709397826415
Transamerica Capital Growth A LW,1.2087187799870103,0.9220359756235035,0.8501503403439858,0.21024471755186874,0.08798322518918619
Transamerica Capital Growth I,1.210283913969129,0.9214694271714049,0.849105905211597,0.21064578846528367,0.08848477807407919
Transamerica Premier Focus A,,,0,0,0
Transamerica Capital Growth C,1.2091768809643788,0.9221184084509897,0.8503023592041862,0.21030541168699235,0.08799479645411293
Transamerica Morgan Stanley Cptl Gr P,,,0,0,0
Transamerica Premier Focus M,,,0,0,0
Transamerica Capital Growth B,1.2096963747359297,0.922707001371416,0.8513882103798304,0.21026160799002727,0.08773786800897102
Transamerica Capital Growth A,1.2087187799870103,0.9220359756235035,0.8501503403439858,0.21024471755186874,0.08798322518918619
Janus Global Technology D,1.133949587881113,0.936399254888791,0.8768435645562831,0.1942140524654027,0.07144723704971716
Janus Global Technology A,1.1327449062750967,0.9355700694755471,0.87529135489848,0.19417982315490154,0.07178653085778297
Janus Global Technology C,1.1321581536675782,0.9358643910093547,0.8758421583593103,0.1940180529739473,0.07155951083526813
Janus Global Technology I,1.1327755560515342,0.9352977087517163,0.8747818039962102,0.19424138632928112,0.07194250998146201
Janus Global Technology S,1.1305819725938784,0.9357314129022543,0.875593277092049,0.19377565035888256,0.07146875451133808
Janus Global Technology A Load Waived,1.1327449062750967,0.9355700694755471,0.87529135489848,0.19417982315490154,0.07178653085778297
Janus Global Technology T,1.1311694460761867,0.9356491831022856,0.8754393938399744,0.19389331322226294,0.0715764953266324
Berger Information Technology Instl,,,0,0,0
Berger Information Technology Inv,,,0,0,0
Legg Mason ClearBridge Large Cap Gr A,1.0132210367857657,0.9638292726379694,0.9289668667938371,0.16858456309148068,0.04497530366841658
Legg Mason ClearBridge Large Cap Gr C,1.008895381623512,0.9639659642190587,0.9292303801727796,0.167841843761903,0.0446669142013244
Legg Mason ClearBridge Large Cap Gr I,1.015356056432764,0.963569662838229,0.9284664951421783,0.16898551089535963,0.04525746823667259
Legg Mason ClearBridge Large Cap Gr B,0.9796069426520969,0.9602439310411071,0.9220684071012785,0.1636050805544,0.04578194068431038
Smith Barney Large Cap Growth Z,,,0,0,0
Smith Barney Peachtree Growth L,,,0,0,0
Smith Barney Peachtree Growth A,,,0,0,0
Smith Barney Peachtree Growth Y,,,0,0,0
Smith Barney Peachtree Growth B,,,0,0,0
Legg Mason ClearBridge Large Cap Gr R,1.0152437254961362,0.9637588053350937,0.9288310348609269,0.16893349750564876,0.04512755498852326
Smith Barney Peachtree Growth A LW,,,0,0,0
Legg Mason ClearBridge Large Cap Gr A LW,1.0132210367857657,0.9638292726379694,0.9289668667938371,0.16858456309148068,0.04497530366841658
Manning & Napier International S,1.0830340917333512,0.8984134943481616,0.8071468068268743,0.19334249485975377,0.0859237519752944
Manning & Napier International I,1.0835540274392126,0.8985149109033221,0.8073290451156051,0.19341343458437762,0.08592785401586889
Columbia LifeGoal Growth R4,1.0678304327526704,0.9847752387531625,0.9697822708613483,0.17390849151828808,0.03212144100131636
Columbia LifeGoal Growth C,1.0703472629172668,0.9850293333843511,0.9702827876276191,0.1742734659445179,0.03208382369198207
Nations LifeGoal Growth Prim B,,,0,0,0
Columbia LifeGoal Growth A,1.0660390636434682,0.984784464872011,0.9698004422532531,0.17361541977205633,0.03196864764331572
Columbia LifeGoal Growth B,1.0685316827704645,0.9845349039756958,0.9693089771464325,0.17406541487842653,0.032407190167997625
Columbia LifeGoal Growth Z,1.0680275814023383,0.9851238982674597,0.9704690949376764,0.1738793415902229,0.03180267754328691
Columbia LifeGoal Growth A Load Waived,1.0660390636434682,0.984784464872011,0.9698004422532531,0.17361541977205633,0.03196864764331572
Columbia LifeGoal Growth R,1.0695083535082914,0.98469265920886,0.969619633099816,0.17419657313869594,0.032336844127221036
Putnam International Capital Opp A LW,1.3784094989348616,0.9226078020140503,0.8512051563371971,0.23961008611129794,0.11054828754090824
Putnam International Capital Opp A,1.3784094989348616,0.9226078020140503,0.8512051563371971,0.23961008611129794,0.11054828754090824
Putnam International Capital Opp C,1.3772656289072382,0.9224973801444426,0.8510014163733602,0.23943989301561952,0.1104456879466809
Putnam International Capital Opp M,1.3783679190773757,0.9225904546067507,0.8511731469314909,0.23960733912057033,0.11055205906924831
Putnam International Capital Opp B,1.377178753049789,0.9226590267857887,0.8512996797092989,0.23938290214993493,0.11034224693844624
Putnam International Capital Opp Y,1.3795055923166823,0.9226699435713899,0.8513198247700318,0.23978440556772937,0.11067125453736482
Putnam International Capital Opp R,1.378828858482337,0.9226249281552483,0.8512367580534772,0.23967845869286983,0.11059906537225478
JPMorgan Mid Cap Equity Select,1.1015972597125432,0.9686029607816254,0.9381916956349311,0.18239787983260267,0.048175399599431
JPMorgan Mid Cap Equity C,1.1014566026540686,0.9688014682336022,0.9385762848515836,0.1823372552912401,0.04802068913220336
JPMorgan Mid Cap Equity A Load Waived,1.1022149936262762,0.9688268658877941,0.9386254960659657,0.18245803253149787,0.04807312284919119
JPMorgan Mid Cap Equity A,1.1022149936262762,0.9688268658877941,0.9386254960659657,0.18245803253149787,0.04807312284919119
Westport Select Cap I,1.1496479488076816,0.872642036830073,0.7615041244429386,0.21128018556048786,0.10591727092709757
Westport Select Cap R,1.1482827027870195,0.8724280222545645,0.7611306540150109,0.21108109552928547,0.10585174806877058
ICON Energy S,1.3327165661974913,0.8774094782070332,0.7698473924475383,0.2435866279185267,0.1284456792295801
ICON Energy A Load Waived,1.3330842700388,0.8771528774950945,0.7693971704979243,0.2437253282322275,0.12863456360796396
ICON Energy A,1.3330842700388,0.8771528774950945,0.7693971704979243,0.2437253282322275,0.12863456360796396
ICON Energy C,1.331976660757624,0.8771895431648753,0.7694614946378026,0.24351268222390374,0.12845313859821927
DWS S&P 500 Index S,1.00007898772035,0.9999685099350866,0.9999370208617973,0.1603952942638358,0.001272695151880072
DWS S&P 500 Index AARP,,,0,0,0
DWS S&P 500 Index A Load Waived,1.0003369599303036,0.9999799239052393,0.999959848213528,0.1604347764924262,0.0010178335652139738
DWS S&P 500 Index A,1.0003369599303036,0.9999799239052393,0.999959848213528,0.1604347764924262,0.0010178335652139738
DWS S&P 500 Index B,1.001497234361878,0.9999774697514197,0.9999549400104515,0.1606211405296288,0.0011043919995915904
DWS S&P 500 Index C,0.9993677419631934,0.9999864517993163,0.9999729037821865,0.16027842494598016,0.0008402841593628866
Nuveen Tradewinds International Val A LW,0.8769274991563093,0.8697290000115502,0.7564285334610911,0.16171903155178735,0.08219433888686878
Nuveen Tradewinds International Value R3,0.8757705393902191,0.8691608125584859,0.7554405180873275,0.16161121957562316,0.08234423235931326
Nuveen Tradewinds International Value A,0.8769274991563093,0.8697290000115502,0.7564285334610911,0.16171903155178735,0.08219433888686878
Nuveen Tradewinds International Value C,0.877008505689177,0.869973954444531,0.7568546814118549,0.16168838037899114,0.08210878982366827
Nuveen Tradewinds International Value I,0.8754907066166459,0.8695526289254027,0.7561217744710792,0.161486891087582,0.08218746646905128
Nuveen Tradewinds International Value B,0.8759590463757172,0.8696419553988078,0.756277130589862,0.16155665919897103,0.0821780346574065
DFA Tax-Managed US Marketwide Value II,1.267095517024511,0.9783334219759737,0.9571362845552187,0.2077140541155032,0.06068623520629621
Janus Aspen Janus Instl,1.0001714328295144,0.9625460604126147,0.926494918415845,0.1666454594443285,0.04517188727988955
Janus Aspen Janus Svc,0.9974675236373848,0.9622446295352329,0.9259147270693976,0.16624717706228254,0.04524319355251971
Berger IPT Growth,,,0,0,0
TCW Relative Value Large Cap I,1.2346794398400995,0.9841221681958043,0.9684964419344111,0.20120857699312608,0.051874080936356065
TCW Relative Value Large Cap N,1.2330223510701634,0.9837801015779584,0.9678232882607383,0.20100868186068527,0.05191961221234959
SG Cowen Large Cap Value I,,,0,0,0
SG Cowen Large Cap Value B,,,0,0,0
MainStay ICAP International I,1.153074044833703,0.9131321427383837,0.8338103101019921,0.20251990739262204,0.08611532926089899
MainStay ICAP International A,1.1525523908108493,0.9129474034936726,0.8334729615458387,0.20246925795355109,0.0861519952857849
MainStay ICAP International C,1.1521906499966952,0.9131677692320818,0.8338753747642965,0.20235674420009328,0.08599585303193572
MainStay ICAP International R1,1.1520904239906513,0.9127486860992056,0.833110163975826,0.2024320902051893,0.08620272015859834
MainStay ICAP International R2,1.1529133373066356,0.9132702584718588,0.8340625650092559,0.2024610227237993,0.0860249416566459
MainStay ICAP International R3,1.1526559954112772,0.9132052272983529,0.8339437871650363,0.20243016479278805,0.08602945521170335
MainStay ICAP International A LW,1.1525523908108493,0.9129474034936726,0.8334729615458387,0.20246925795355109,0.0861519952857849
MainStay ICAP International Inv,1.1534259638577398,0.9132992925694102,0.834115597807785,0.2025445272578619,0.08606839316166229
Lord Abbett Alpha Strategy F,1.22869588989369,0.9462410100774151,0.8953720491523268,0.20824677882135048,0.07668397596380815
Lord Abbett Alpha Strategy R2,1.227174039422977,0.9459556873990077,0.8948321625225292,0.20805165265290454,0.07666457259736077
Lord Abbett Alpha Strategy R3,1.2277644223977868,0.9460704980006673,0.8950493871872307,0.2081264243115433,0.07666961803352094
Lord Abbett Alpha Strategy A LW,1.225785085749308,0.9459407775744513,0.8948039546781574,0.20781945584360956,0.07650063342771932
Lord Abbett Alpha Strategy I,1.2278760619664593,0.9462840831304481,0.8954535659860328,0.2080985316902072,0.07655596972969266
Lord Abbett Alpha Strategy A,1.225785085749308,0.9459407775744513,0.8948039546781574,0.20781945584360956,0.07650063342771932
Lord Abbett Alpha Strategy C,1.2261186937299928,0.9464381258227664,0.8957451260109106,0.20776690855702395,0.07624505321583382
Lord Abbett Alpha Strategy B,1.225877778599277,0.945942795960709,0.8948077732299634,0.20783477051278773,0.07651095310141456
Waddell & Reed Small Cap B,1.1800636254530954,0.895155570588693,0.8013034955559685,0.21142662999766043,0.09854772898734568
Waddell & Reed Small Cap A,1.178985426921753,0.8953720533748055,0.8016911139646156,0.21118238951704463,0.09830524727131985
Waddell & Reed Small Cap Y,1.1828581923112966,0.8956037076944476,0.8021060012360415,0.21182118105536543,0.09866566805905352
Waddell & Reed Small Cap C,1.1778956140887515,0.8949066053476401,0.8008578322948368,0.21109694518521896,0.0984067250983919
Waddell & Reed Small Cap A Load Waived,1.178985426921753,0.8953720533748055,0.8016911139646156,0.21118238951704463,0.09830524727131985
William Blair Small Cap Growth A,,,0,0,0
William Blair Small Cap Growth I,1.3052055886525722,0.9115093482100995,0.8308492918744005,0.22964057470749727,0.10635805458460272
William Blair Small Cap Growth N,1.3038639466356714,0.9115213810882971,0.8308712281811165,0.22940152307294612,0.10616644804877857
Wells Fargo Advantage Capital Growth Inv,1.1787486910656202,0.9692867557788016,0.9395168149281943,0.19503119078526,0.05586823807267205
Wells Fargo Advantage Capital Growth Adm,1.1800697957778068,0.9700849545893276,0.9410648191205779,0.19508916292468623,0.05546096720973786
Wells Fargo Advantage Capital Growth I,1.1775523202786267,0.9699835030987701,0.9408679962837617,0.19469344120385376,0.055237123311285774
Wells Fargo Advantage Capital Growth A,1.179378685649476,0.9697034244152006,0.9403247313225669,0.19505153092039454,0.05564903904247113
Wells Fargo Advantage Capital Growth C,1.1787228065476967,0.9696775248976741,0.9402745022916794,0.19494838707335038,0.055590310644664374
Wells Fargo Advantage Capital Growt A LW,1.179378685649476,0.9697034244152006,0.9403247313225669,0.19505153092039454,0.05564903904247113
BBH International Equity I,0.9512703252654777,0.9195580015903545,0.8455869182888465,0.16591564335811565,0.06564801344041676
BBH International Equity N,0.953321462603205,0.9188071137969542,0.8442065123638892,0.16640903444517063,0.06609203034559785
Vantagepoint Aggressive Opportunities,1.184739641004023,0.9679779143926773,0.9369812427519975,0.1962963408073714,0.05748590320113519
Wells Fargo Advantage Enterprise Inv,1.2544581187271169,0.9353535604935032,0.8748862831278734,0.21508545870575432,0.08631767831403726
Wells Fargo Advantage Enterprise A,1.2552194847349525,0.9356491524049347,0.8754393363960727,0.2151479692503289,0.08624669895084956
Wells Fargo Advantage Enterprise I,1.2549012667949588,0.9355308526412184,0.875217976243605,0.2151206931058436,0.08627337268391845
Wells Fargo Advantage Enterprise Adm,1.2545508415935938,0.9354913032513773,0.8751439784589603,0.21506974146457877,0.08625074376430562
Wells Fargo Advantage Enterprise B,1.254076738933378,0.935355825597772,0.8748905204796895,0.2150195123289463,0.08626710677007061
Wells Fargo Advantage Enterprise C,1.2535416318978614,0.9354104341689085,0.8749926803520658,0.21491518929673412,0.08616672745751139
Wells Fargo Advantage Enterprise A LW,1.2552194847349525,0.9356491524049347,0.8754393363960727,0.2151479692503289,0.08624669895084956
Vanguard US Value Inv,1.0307959820314754,0.9895539077226361,0.9792169362891393,0.16706247111134945,0.02458044829917624
Touchstone Large Cap Growth A,0.8566960392344128,0.8871981600500188,0.7871205751961388,0.15486355642528035,0.07504257383545115
Touchstone Large Cap Growth B,0.8576131709917273,0.8896372143931451,0.7914543732331949,0.1546036117683311,0.07418916324768733
Touchstone Large Cap Growth C,0.8555967409662197,0.8879438142138804,0.7884442172006942,0.1545350175181424,0.07474147302940985
Touchstone Large Cap Growth Y,0.8562980270301075,0.8875371294942084,0.7877221562308192,0.15473244851486861,0.07490856273874867
Touchstone Large Cap Growth A LW,0.8566960392344128,0.8871981600500188,0.7871205751961388,0.15486355642528035,0.07504257383545115
Invesco Small Cap Equity R,1.2116174158751276,0.9120283023858283,0.8317956243527759,0.21305208050329022,0.09372212508236809
Invesco Small Cap Equity C,1.2116457207954459,0.9120658796150503,0.8318641687579755,0.21304820297448962,0.09370572162049606
Invesco Small Cap Equity A,1.216164427906318,0.9120968137148642,0.8319205975888075,0.21383539436394702,0.09425695673419497
Invesco Small Cap Equity B,1.2144232665280226,0.9121446347134324,0.8320078346365011,0.21351819066849145,0.09401242198682501
Invesco Small Cap Equity A Load Waived,1.216164427906318,0.9120968137148642,0.8319205975888075,0.21383539436394702,0.09425695673419497
Invesco Small Cap Equity Institutional,1.2155469358869637,0.9128025529022746,0.8332085005849099,0.21356175746863862,0.09380371226005119
Invesco Small Cap Equity Y,1.2168186329894972,0.9125567824286931,0.832759881156609,0.2138425695981119,0.09409466778058706
Invesco European Growth Y,1.0435768449066367,0.8900873470926618,0.7922554854544527,0.18802976925447482,0.08597106560572518
AIM Euroland Growth A Load Waived,,,0,0,0
Invesco European Growth A Load Waived,1.04394588644169,0.890197708261523,0.7924519597940677,0.18807294802140903,0.08595510233111846
Invesco European Growth Investor,1.0454509360050948,0.8904000715389355,0.7928122873965415,0.188301226075129,0.08600463708871249
Invesco European Growth R,1.0439222452317378,0.8902258538106167,0.7925020707928414,0.1880627265950559,0.08593985194930343
Invesco European Growth A,1.04394588644169,0.890197708261523,0.7924519597940677,0.18807294802140903,0.08595510233111846
Invesco European Growth B,1.0436183399694745,0.8902829208776198,0.7926036792063863,0.18799591983884775,0.08588465368086542
AIM Euroland Growth C,,,0,0,0
Invesco European Growth C,1.043649467721515,0.8906314267372138,0.7932243382919651,0.18792800696865933,0.08572651427017142
AIM Euroland Growth B,,,0,0,0
AIM Euroland Growth A,,,0,0,0
GMO Foreign IV,1.180386637211038,0.9206811852616497,0.847653844894796,0.2056148753032951,0.08529336607549041
GMO Foreign III,1.1787667300838693,0.9205760397453954,0.8474602449533157,0.2053564985551396,0.08515849172819158
GMO Foreign II,1.1841808057837981,0.9209814501196885,0.8482068314645642,0.2062082800960536,0.08558182710337293
GMO Foreign M,,,0,0,0
Wells Fargo Advantage Strat LgCp Gr A,1.1338453088048512,0.977054168281428,0.954634847756113,0.18610625508066928,0.045070396173237375
Wells Fargo Advantage Strat LgCp Gr C,1.1356675760538502,0.9766196458020179,0.953785932566459,0.18648816262276807,0.045606329202290706
Evergreen Strategic Growth B,,,0,0,0
Wells Fargo Advantage Strat LgCp Gr R,1.1344742997973027,0.9768980865585873,0.9543298715218291,0.18623916415672848,0.04526036101540256
Evergreen Strategic Growth InSvc,,,0,0,0
Wells Fargo Advantage Strat LgCp Gr Inst,1.1350117987992625,0.9767538991926317,0.9540481795880098,0.186354880755413,0.04543096813112542
Wells Fargo Advantage Strat LgCp Gr Adm,1.1347659837678747,0.9767443199359672,0.9540294665271751,0.18631644622044888,0.04541208638665009
Wells Fargo Advantage Strat LgCp Gr A LW,1.1338453088048512,0.977054168281428,0.954634847756113,0.18610625508066928,0.045070396173237375
Driehaus Emerging Markets Growth,1.116995693545483,0.8395820829946277,0.7048980740855978,0.21336689083404778,0.11739458308559055
Manning & Napier Pro-Blend Max Term S,1.032941830372463,0.9790153691327182,0.9584710929980728,0.16921509330368845,0.034878386912933435
Manning & Napier Pro-Blend Max Term R,1.0306579380128142,0.9790255730495736,0.958491072685046,0.1688393591905358,0.03474079711676447
Manning & Napier Pro-Blend Maxm Term C,1.0294428410287424,0.9798441236960177,0.9600945067416169,0.16849943206660678,0.03398209843300551
Manning & Napier Pro-Blend Max Term I,1.029627826884518,0.9793696795113479,0.9591649691461602,0.16861130948622802,0.03439453023933145
FBR Focus Investor,1.030949649018273,0.9132154476519024,0.8339624538300646,0.18104455171529124,0.07392726483052815
FBR Small Cap Value B,,,0,0,0
FBR Small Cap Value C,,,0,0,0
FBR Focus I,1.0405972526163347,0.9135340426573533,0.8345444470938869,0.1826746162576185,0.07457887899617169
FBR Focus R,,,0,0,0
GE Instl US Equity Inv,1.071127055048515,0.9923897076391484,0.9848373318281144,0.17309766828229303,0.0241708270304908
GE Instl US Equity Svc,1.070055996878214,0.9928417049976002,0.9857346511825417,0.17284589775551074,0.023499403751892856
Vanguard FTSE Social Index Inv,1.0527500488751893,0.9865881174039007,0.9733561134025731,0.17113324479943995,0.02918102774345329
Vanguard FTSE Social Index Instl,1.0605500553491642,0.9872711288963615,0.974704281952296,0.1722817261891265,0.029064777059610435
Old Westbury Large Cap Core,0.9719007518896142,0.9611629104692381,0.9238341404616964,0.16218480414894224,0.0449730276548659
Invesco Asia Pacific Growth A,0.9370088765173445,0.7975862732680283,0.636143863305582,0.18840828924709607,0.11407656372964854
Invesco Asia Pacific Growth B,0.9362743367857655,0.7974556546461508,0.6359355211271208,0.18829144383352175,0.114049233140294
Invesco Asia Pacific Growth C,0.9379381864292552,0.7980923232481771,0.6369513564276729,0.1884755584041811,0.11397816714288332
Invesco Asia Pacific Growth Y,0.9377715673673092,0.7978042993525284,0.6364917000653787,0.18851006737947673,0.11407283002127694
Invesco Asia Pacific Growth A LW,0.9370088765173445,0.7975862732680283,0.636143863305582,0.18840828924709607,0.11407656372964854
Nationwide Mid Cap Market Index A,1.160980886827556,0.9603177865954081,0.9222102512515038,0.19389231337645105,0.059912171350733213
Nationwide Mid Cap Market Index Instl,1.16190146740591,0.9603838108655885,0.9223370641727106,0.19403253328502335,0.05997143719787183
Nationwide Mid Cap Market Index B,1.1617584372565928,0.9608009385445047,0.9231384435080011,0.19392456950424722,0.059682516477420906
Nationwide Mid Cap Market Index R2,1.1627920191877685,0.9604805155077597,0.9225228206700519,0.1941616075283729,0.06000750290990445
Nationwide Mid Cap Market Index A LW,1.160980886827556,0.9603177865954081,0.9222102512515038,0.19389231337645105,0.059912171350733213
Nationwide Mid Cap Market Index C,1.1621548093472227,0.9601927986172017,0.9219702105163341,0.19411340767511487,0.06012436473448694
JPMorgan Realty Income A,1.1124619183247402,0.8389025036054133,0.7037574105554305,0.21267001353375783,0.11712859112190407
JPMorgan Realty Income B,1.1146408329636772,0.8408902381068084,0.7070963925433249,0.21258281173882576,0.11649039651489936
JPMorgan Realty Income C,1.1136468017650127,0.8411123911772231,0.707470054591866,0.21233713327851939,0.11626164553966566
JPMorgan Realty Income A Load Waived,1.1124619183247402,0.8389025036054133,0.7037574105554305,0.21267001353375783,0.11712859112190407
JPMorgan Realty Income R5,1.1154775023376773,0.8413797535298377,0.7079198896499306,0.21261858449043547,0.11637097797983172
JPMorgan Realty Income Instl,1.1145834239241847,0.8423068360029791,0.7094808059773494,0.2122145489515031,0.11582962095540611
Marsico Growth,1.1381272949845003,0.9710579454061801,0.9429535333364717,0.18795998678805245,0.050053405168788034
Maxim T. Rowe Price MidCap Growth,1.0986140685837384,0.959848234116041,0.9213086325356824,0.1835692052017678,0.05385642329295197
Maxim T. Rowe Price MidCap Growth L,1.0961705179353431,0.9599568275692465,0.9215171107968119,0.1831402114383307,0.0535622386735353
T. Rowe Price Global Stock,1.2489409558608056,0.9510512546394411,0.9044984889512552,0.21060355545617637,0.07634004633758588
T. Rowe Price Global Stock Adv,1.2503058909719376,0.9510577289733695,0.9045108038399831,0.21083220805516922,0.07651129641198773
USAA Small Cap Stock Instl,1.1930566636234692,0.935283269000679,0.8747547932725965,0.20457298140418945,0.07872739003258014
USAA Small Cap Stock,1.1917983512388817,0.9347250180241984,0.8737108593203381,0.20447921337134695,0.07889477508429277
Legg Mason Batterymarch Emerging Mkts C,1.3016185810135805,0.8638809549417881,0.7462903043111357,0.24163006078166188,0.13094828381671322
Legg Mason Batterymarch Emerging Mkts I,1.3012544387681795,0.8643179675350192,0.7470455490038665,0.24144046752141296,0.13066961738783114
Legg Mason Batterymarch Emerging Mkts A,1.3011392100729755,0.8639958286221704,0.7464887918765107,0.24150905512145066,0.13081899813600978
Legg Mason Batterymarch Emerging Mkts R,1.3006790717308683,0.864012592148233,0.7465177593907087,0.24141866349130744,0.13074316888562093
Legg Mason Batterymarch Emerging Mk A LW,1.3011392100729755,0.8639958286221704,0.7464887918765107,0.24150905512145066,0.13081899813600978
Legg Mason Batterymarch Emerging Mkts IS,1.3024336836929498,0.8637582688116489,0.7460783469404966,0.24181571991371073,0.13113072639803888
Legg Mason Batterymarch Emerging Mkts FI,1.3019715995789787,0.8640128007670674,0.7465181198893522,0.2416587189306881,0.13093182681588555
HighMark Geneva Mid Cap Growth A,0.9852308437331374,0.917393404455512,0.8416106585384746,0.1722379316273755,0.0685742457773901
HighMark Geneva Mid Cap Growth C,0.9830381816017283,0.9169877495952687,0.8408665329077952,0.17193065089859588,0.06862549650979792
HighMark Geneva Mid Cap Growth B,0.9836064900154808,0.9171074405838131,0.8410860575741923,0.17200756674526102,0.06860531072620295
HighMark Geneva Mid Cap Growth Fiduciary,0.9838998403845753,0.9167635557150755,0.8404554170873483,0.17212330082193628,0.06878554975101481
HighMark Geneva Mid Cap Growth A LW,0.9852308437331374,0.917393404455512,0.8416106585384746,0.1722379316273755,0.0685742457773901
Columbia Small Cap Growth I A,1.2701564383548496,0.9101958984824275,0.8284565736142336,0.22379638584293338,0.1022998856979504
Columbia Small Cap Growth I B,1.2699566771929767,0.9099118912368775,0.8279396498142714,0.22383098567990214,0.10242578372208687
Columbia Small Cap Growth I C,1.2690734793708063,0.9100838589572076,0.8282526303344426,0.22363306137391015,0.10221506818735217
Columbia Small Cap Growth I A LW,1.2701564383548496,0.9101958984824275,0.8284565736142336,0.22379638584293338,0.1022998856979504
Columbia Small Cap Growth I Y,1.2686927118797842,0.9097392357213041,0.8276254770107826,0.2236506664386683,0.10234923444680773
Columbia Small Cap Growth I I,1.2704552567119518,0.9100774760998898,0.8282410125043453,0.22387804266663877,0.10240360670722445
Columbia Small Cap Growth I R,1.2704240382656966,0.9099578064951992,0.8280232096015543,0.22390209168350345,0.10246375149519393
Columbia Small Cap Growth I Z,1.2700204980521697,0.9099404365689318,0.8279915981032581,0.223835267505206,0.10241899629976016
Maxim T. Rowe Price Equity/Income L,1.0333365564313146,0.9853927929203854,0.9709989563394374,0.168186023703679,0.02912955207374544
Maxim T. Rowe Price Equity Income,1.0337702287800716,0.9853746036970765,0.9709631096111706,0.16825967786452214,0.02917211212242496
Hartford Small Company A Load Waived,1.222213752843966,0.9233625287284547,0.8525983594598062,0.2122813522831532,0.08893549270909253
Hartford Small Company R3,1.2233701251397155,0.9238514400396292,0.8535014832632964,0.2123698199128436,0.08881207170545272
Hartford Small Company R4,1.2220191945300372,0.9234610568299779,0.8527803234815398,0.2122250036154977,0.08885705953597288
Hartford Small Company R5,1.2238353576260743,0.9232756752862982,0.8524379725753698,0.2125829982831255,0.08918659102959156
Hartford Small Company I,1.221843923208758,0.9235145044079365,0.8528790398518364,0.2121822049804177,0.08880577665196754
Hartford Small Company A,1.222213752843966,0.9233625287284547,0.8525983594598062,0.2122813522831532,0.08893549270909253
Hartford Small Company Y,1.2229719689133276,0.9234411139408482,0.8527434909163145,0.21239496226006327,0.08898744385776328
Hartford Small Company C,1.221813775207152,0.9237424192794654,0.8533000571762799,0.21212462324057635,0.08867689215871721
Hartford Small Company B,1.2215209044538926,0.9237998760001507,0.8534062108978937,0.2120608737330316,0.08860867679545299
Heritage Mid Cap Stock B,,,0,0,0
Eagle Mid Cap Stock C,1.0609773778500433,0.9666529273427557,0.9344178819403188,0.1760326016539826,0.04611808418400064
Eagle Mid Cap Stock A,1.0636345355680226,0.9669411480150683,0.9349751837246981,0.17642088360600458,0.04611966620461848
Eagle Mid Cap Stock R6,1.0619989532570733,0.9667982975893005,0.9346989482215694,0.1761756891739442,0.046094355996575624
Eagle Mid Cap Stock A Load Waived,1.0636345355680226,0.9669411480150683,0.9349751837246981,0.17642088360600458,0.04611966620461848
Eagle Mid Cap Stock I,1.0635326131938878,0.9671460125320022,0.9353714095565516,0.17636656139041101,0.04596876124742188
Eagle Mid Cap Stock R3,1.0609917812778629,0.96671222754287,0.9345325308808977,0.1760244275603036,0.04607795691604454
Eagle Mid Cap Stock R5,1.0639360146637447,0.9670638675124318,0.9352125238481022,0.176448539984014,0.046057135855924074
JPMorgan International Equity R5,1.2404837375234705,0.932621788894227,0.869783401120268,0.21331167350244748,0.08608152381342211
JPMorgan International Eq A Load Waived,1.235622559091021,0.9323390322777634,0.8692560711086362,0.21254004477819904,0.08562458560728087
JPMorgan International Eq R2,1.2414515991332653,0.9318156104085968,0.8682803318011458,0.21366392069175835,0.08666101838165266
JPMorgan International Equity R6,1.2386002060808587,0.9325877154633198,0.8697198470330939,0.21299509482658585,0.08586133328885426
JPMorgan International Eq S,1.2394967616711676,0.9325313252523328,0.8696146725768722,0.21316227056001902,0.08600720250954179
JPMorgan International Eq B,1.235388956289044,0.9322448228716885,0.8690804097710659,0.21252113232913075,0.08564830746727432
JPMorgan International Eq A,1.235622559091021,0.9323390322777634,0.8692560711086362,0.21254004477819904,0.08562458560728087
JPMorgan International Eq C,1.235013349889666,0.9322030113356987,0.8690024543433449,0.2124661393228999,0.08562443485818029
Neuberger Berman LgCp Discp Gr Inv,0.9987657187383912,0.9704796418219419,0.9418307351908447,0.1650537011610902,0.03980025944063203
Neuberger Berman Century Tr,,,0,0,0
Neuberger Berman Technology Inv,,,0,0,0
Neuberger Berman LgCp Discp Gr R3,0.9996803255905458,0.9707323222027485,0.9423212413691409,0.16516182358978262,0.03965760821484561
Neuberger Berman LgCp Discp Gr A LW,0.9941586669248605,0.9707648109211381,0.9423843181227531,0.1642445771325617,0.03942676664084946
Neuberger Berman LgCp Discp Gr Instl,0.9946184690661307,0.9717704450474758,0.9443377978677691,0.16415044764080355,0.03872909924377522
Neuberger Berman LgCp Discp Gr A,0.9941586669248605,0.9707648109211381,0.9423843181227531,0.1642445771325617,0.03942676664084946
Neuberger Berman LgCp Discp Gr C,0.9961046758427166,0.970865442074533,0.9425797066145783,0.1645486096683892,0.039426633162117586
Columbia Large Cap Core A Load Waived,1.0198456444780164,0.9939745784250767,0.987985462555309,0.16455112475614,0.01831166591115906
Columbia Large Cap Core I,1.0248506843172365,0.9940055831345639,0.9880470993026843,0.16535307719337086,0.018508466994818496
Columbia Large Cap Core W,1.0222097902395846,0.9939940211670713,0.9880241141158841,0.1649290952601563,0.018393451629727976
Columbia Large Cap Core C,1.0218051429599666,0.9943024143105051,0.9886372911036994,0.16481266937935843,0.01790955592584185
Columbia Large Cap Core A,1.0198456444780164,0.9939745784250767,0.987985462555309,0.16455112475614,0.01831166591115906
Columbia Large Cap Core Z,1.0232898638707382,0.9939996210075634,0.9880352465631798,0.1651023296855721,0.0184381140031703
Columbia Large Cap Core B,1.021862127255778,0.9941026534456,0.9882400855875827,0.1648550547656964,0.0182144263360327
FMI Focus,1.3079907853998103,0.9450788502121552,0.8931740331183293,0.22195848672451382,0.08774854813490596
GE Instl Small-Cap Equity Inv,1.1111713322798662,0.9332968470588002,0.8710430047298976,0.1909390215892899,0.0708348174268128
GE Instl Small-Cap Equity Svc,1.109791932543467,0.9333154273081296,0.8710776868513563,0.19069833201316203,0.07068681633368146
T. Rowe Price Spectrum International,1.2137915675530093,0.9359343805288195,0.875973164655865,0.20798778262892337,0.08086024768349048
Third Avenue Small Cap Value Instl,1.010093083270952,0.9562500167429131,0.9144140945208217,0.1694176132770377,0.04957687343441688
Third Avenue Small Cap Value Investor,1.0097889591429632,0.9560074059348674,0.9139501602023143,0.16940945306205543,0.04970700246378534
Fidelity Advisor Stk Sel All Cap B,1.1780693632832928,0.9558690899143992,0.9136857170537819,0.1976494084211852,0.06470016087159215
Fidelity Advisor Stk Sel All Cap A,1.1773791225931445,0.9556892058400903,0.9133418581592625,0.19757074715257172,0.06473437806772268
Fidelity Advisor Stk Sel All Cap T,1.1774888325799078,0.9558610008182546,0.9136702528852755,0.19755371441734496,0.06463855491658135
Fidelity Advisor Stk Sel All Cap C,1.1762111254262415,0.9556841839746235,0.913332259499242,0.19737592166741227,0.06460359679029526
Fidelity Advisor Stk Sel All Cap I,1.179346965071204,0.956294767993249,0.914499683291262,0.1977757865322646,0.0645780998263712
Fidelity Advisor Stk Sel All Cap A LW,1.1773791225931445,0.9556892058400903,0.9133418581592625,0.19757074715257172,0.06473437806772268
Maxim Aggressive Profile II,1.1319752244616006,0.9866942842726337,0.973565610616285,0.18399250980213813,0.03663790656531904
Maxim Aggressive Profile II L,1.1302696163431198,0.9865004502938185,0.9731831384299067,0.18375149956272593,0.036625151724119336
Fidelity Select Industrials,1.3476760769967713,0.9659754038711137,0.9331084808839611,0.22374541550395619,0.0803454299585057
Vantagepoint Broad Market Index I,1.0297488576165283,0.9981412741442024,0.9962860031502119,0.16545681812243337,0.011152866607558796
Vantagepoint Broad Market Index II,1.0325563668043682,0.9981821944549957,0.9963676933269907,0.16590082848673063,0.011277540111664
MassMutual Select Focused Value A LW,1.304896532776146,0.9605350555724254,0.9226275929835223,0.2178719232126635,0.07785533787783536
MassMutual Select Focused Value N,1.3057739252065015,0.9604566422378658,0.9224769616188356,0.21803612682262913,0.07802516707303149
MassMutual Select Focused Value S,1.3065554841693965,0.9599811334774457,0.9215637766326416,0.2182746381956919,0.07843333917786977
MassMutual Select Focused Value A,1.304896532776146,0.9605350555724254,0.9226275929835223,0.2178719232126635,0.07785533787783536
MassMutual Select Focused Value Y,1.3058753927619056,0.9603941968909179,0.922357013421751,0.21806719469114863,0.07807865197992282
MassMutual Select Focused Value L,1.3046742763531718,0.960142398258498,0.9218734249335803,0.217923902799892,0.07807384193723212
MassMutual Select Focused Value Z,1.3050854645156602,0.9607703488362829,0.9230796632029926,0.21784968345674016,0.07773181309638502
Pioneer Independence A,1.1615105123284177,0.971702237208433,0.9442052377958735,0.19170041746512984,0.05215707631332401
Pioneer Independence A,,,0,0,0
Pioneer Independence C,1.16018321954768,0.9719142177894273,0.9446172467412343,0.1914396899590469,0.05185281519036358
Pioneer Independence Y,1.1607569123033545,0.9713547355434898,0.9435300222627632,0.19164405680151245,0.05232315828054852
Pioneer Independence A Load Waived,,,0,0,0
Pioneer Independence B,1.1569231548752967,0.9712612964894283,0.9433485060583251,0.19103017152567262,0.05195906996807244
Pioneer Independence A Load Waived,1.1615105123284177,0.971702237208433,0.9442052377958735,0.19170041746512984,0.05215707631332401
Legg Mason ClearBridge Small Cap Gr 1,1.1309954028368976,0.9166499543081109,0.8402471387330618,0.19787358309336295,0.08181696674631038
Legg Mason ClearBridge Small Cap Gr I,1.1325429242757599,0.9157963799655905,0.8386830095580803,0.19832898976063817,0.0824307048645669
Legg Mason ClearBridge Small Cap Gr IS,1.1312281370524795,0.9157795473008986,0.8386521792546389,0.1981024144102696,0.08229597536187933
Legg Mason ClearBridge Small Cap Gr FI,1.1291546284843772,0.9158361033786973,0.8387557682518758,0.19772720731955837,0.08204105757691896
Legg Mason ClearBridge Small Cap Gr R,1.129770497684366,0.9161393247887553,0.8393112624243965,0.19776938732001015,0.0819500847693097
Legg Mason ClearBridge Small Cap Gr A LW,1.1315847725764072,0.9164506854388689,0.8398818588413727,0.1980196659060961,0.08198508488445874
Legg Mason Partners Small Cap Growth I,,,0,0,0
Legg Mason ClearBridge Small Cap Gr A,1.1315847725764072,0.9164506854388689,0.8398818588413727,0.1980196659060961,0.08198508488445874
Legg Mason ClearBridge Small Cap Gr C,1.1258120797692934,0.9150925580995112,0.8373943898891073,0.19730221859870542,0.08206540851644525
Legg Mason Partners Small Cap Growth I O,,,0,0,0
Legg Mason ClearBridge Small Cap Gr B,1.1252629648655148,0.9149475709785934,0.8371290576396281,0.19723761230592235,0.08208128626195527
GAMCO Westwood Mighty Mites AAA,0.9669428083772703,0.9160054342323141,0.8390659555431302,0.16931091225623152,0.06810867878938288
GAMCO Westwood Mighty Mites A,0.9655305279344117,0.9152194773850553,0.8376266917849737,0.16920889125774405,0.06838764040857438
GAMCO Westwood Mighty Mites B,0.9656140307207911,0.9159917747674268,0.8390409314415802,0.16908105199550277,0.0680388490363802
GAMCO Westwood Mighty Mites C,0.9651290020128975,0.91650176372333,0.8399754829079746,0.16890195343015738,0.06777737758863131
GAMCO Westwood Mighty Mites A LW,0.9655305279344117,0.9152194773850553,0.8376266917849737,0.16920889125774405,0.06838764040857438
GAMCO Westwood Mighty Mites I,0.9644847991826672,0.9159886752170285,0.8390352531258469,0.16888379105873333,0.0679761529038691
Goldman Sachs Structured Intl Equit A LW,1.2618567678887342,0.9312590318938205,0.8672433844838158,0.21731103514465488,0.08960909454089387
Goldman Sachs Structured Intl Equity R,1.2593815568994455,0.9311633896859954,0.867065258291513,0.21690730579066628,0.08934045441978304
Goldman Sachs Structured Intl Equity IR,1.2606650289239336,0.930980897784015,0.8667254320387308,0.21717082475124944,0.08961085039495044
Goldman Sachs Structured Intl Equity S,1.2574337012925922,0.9311113240099793,0.8669682976996165,0.216583938291225,0.08911651587300909
Goldman Sachs Structured Intl Equity A,1.2618567678887342,0.9312590318938205,0.8672433844838158,0.21731103514465488,0.08960909454089387
Goldman Sachs Structured Intl Equity I,1.2581836941974491,0.9305440066925575,0.8659121483914385,0.2168451148508062,0.08953434551310568
Goldman Sachs Structured Intl Equity B,1.259269841939453,0.9312593726933953,0.8672440192292961,0.2168654584808885,0.08927163936442843
Goldman Sachs Structured Intl Equity C,1.2613716878063141,0.9319327367426309,0.8684986258126098,0.2170706008456226,0.08916430565649922
Lord Abbett Growth Opportunities B,1.3686606663323684,0.9378010014748398,0.8794707183672125,0.2340480020806281,0.10047306849782894
Lord Abbett Growth Opportunities A,1.369234099057835,0.9376840510882656,0.8792513796653012,0.23417523755061392,0.10062266683093918
Lord Abbett Growth Opportunities C,1.3692879574015606,0.9375407129483782,0.8789825884357532,0.23422032796872666,0.1007136054301924
Lord Abbett Growth Opportunities I,1.370469162200054,0.9374683242468175,0.8788468589661362,0.2344403874402456,0.10092391504362178
Lord Abbett Growth Opportunities P,1.369201486907388,0.9375269033956294,0.8789566945905978,0.2342089368625225,0.1007093130640383
Lord Abbett Growth Opportunities F,1.3713646651170246,0.9377022852868915,0.8792855758322589,0.23453504881912635,0.10091564759400085
Lord Abbett Growth Opportunities R2,1.3681471602897954,0.9376502511189546,0.8791879934234386,0.23399785245310425,0.10048758555380383
Lord Abbett Growth Opportunities R3,1.37018111694522,0.9377736907247314,0.8794194950154842,0.2343148224952328,0.1007054622064544
Lord Abbett Growth Opportunities A LW,1.369234099057835,0.9376840510882656,0.8792513796653012,0.23417523755061392,0.10062266683093918
ING Mid Cap Opportunities A Load Waived,1.119874072382418,0.9563452458182434,0.9145962291991565,0.18780318333546323,0.058141001559928594
ING Mid Cap Opportunities O,1.1180533800751522,0.9565806898928652,0.9150466162759098,0.1874518508153529,0.057811415939967296
ING Mid Cap Opportunities C,1.1214866967520922,0.956841287430253,0.915545249331184,0.18797590369433423,0.05798630472711555
ING Mid Cap Opportunities A,1.119874072382418,0.9563452458182434,0.9145962291991565,0.18780318333546323,0.058141001559928594
ING Mid Cap Opportunities I,1.1200405875150792,0.956178691224299,0.9142776895514133,0.18786377405106502,0.05826307050911816
ING Mid Cap Opportunities Q,,,0,0,0
ING Mid Cap Opportunities B,1.1201909514785713,0.9565455465596243,0.9149793826430503,0.1878169767955184,0.058045365300018324
ING Mid Cap Opportunities W,1.1197505260845002,0.9560997008125903,0.9141266378939248,0.18783074516291726,0.05828428028993181
ING Mid Cap Opportunities R,1.1196366530322437,0.956019818037809,0.9139738924810453,0.18782732660973686,0.058323520109138195
Janus Aspen Worldwide Instl,1.1325923239015512,0.9293110417280231,0.8636190122776236,0.19545418573068848,0.0752347230623954
Janus Aspen Worldwide Svc,1.1319701054777063,0.9289173721225239,0.8628874842310155,0.1954295745717255,0.07538335361523535
Janus Aspen Worldwide Svc II,,,0,0,0
MFS Core Equity A Load Waived,1.032794483224103,0.9931870235703417,0.9864204637885146,0.16677518559647694,0.02012938018932715
MFS Core Equity R1,1.033792021381888,0.9936611321305492,0.9873624455069647,0.16685636249515157,0.019520598402595877
MFS Core Equity R2,,,0,0,0
MFS Core Equity R3,1.0349991788601365,0.993273682667762,0.9865926086803779,0.16711648672336962,0.020143896906625637
MFS Core Equity R4,1.0339544598149932,0.9936040673594346,0.9872490426732119,0.1668922489773555,0.01961236652444186
MFS Core Equity R,,,0,0,0
MFS Core Equity R2,1.0332978520605254,0.993613634116687,0.9872680539025697,0.16678470131292245,0.019558205308577683
MFS Core Equity A,1.032794483224103,0.9931870235703417,0.9864204637885146,0.16677518559647694,0.02012938018932715
MFS Core Equity B,1.032894003422819,0.9932848321777372,0.9866147578343556,0.1667747862252359,0.019998916236757855
MFS Core Equity I,1.0332516994073193,0.9935955479239575,0.9872321128543095,0.16678040508846353,0.019581240808495402
MFS Core Equity C,1.0329492328907457,0.9932716307891563,0.9865885325305499,0.16678597692300465,0.02002071559624942
Legg Mason Batterymarch US Sm Cap E A LW,1.293256672053054,0.93795678564067,0.8797629317293777,0.22112183425471124,0.0899338475929963
Legg Mason Batterymarch US Sm Cap Eq A,1.293256672053054,0.93795678564067,0.8797629317293777,0.22112183425471124,0.0899338475929963
Legg Mason Batterymarch US Sm Cap Eq C,1.2922102653709198,0.9386441363377233,0.8810528146811905,0.22078125510005794,0.08939460636559998
Legg Mason Batterymarch US Sm Cap Eq FI,1.3024631886848999,0.9396903900696585,0.8830180291892669,0.22228440941866132,0.09016830667474444
Legg Mason Batterymarch US Sm Cap Eq I,1.3011848386485303,0.9399830251716006,0.8835680876107539,0.22199706054678486,0.08982458939249476
Legg Mason Batterymarch US Sm Cap Eq IS,1.3021861726815263,0.9401215732295636,0.8838285724516297,0.2221351260631189,0.08987925411601153
BlackRock International R,1.2192455613882955,0.9183142098332989,0.8433009879817561,0.21293910698332247,0.09131182857701405
BlackRock International Inv A,1.2210231849290976,0.9183390478369754,0.8433466067821226,0.21324363109808997,0.09152178587238748
BlackRock International Inv C,1.2197756769060613,0.9179005526569204,0.8425414245678798,0.21312767775266384,0.09160188394996291
BlackRock International Inv B,1.2213048206051476,0.9184615788187956,0.8435716717663148,0.21326426405976204,0.09149094481718575
BlackRock International Instl,1.220211564592371,0.918668979891447,0.8439526946147918,0.21302537462695423,0.09124126840290553
BlackRock International Inv A LW,1.2210231849290976,0.9183390478369754,0.8433466067821226,0.21324363109808997,0.09152178587238748
Janus Global Life Sciences T,0.7581076816926863,0.8715514972459392,0.7596020123516384,0.13948912815359552,0.0786184754049702
Janus Global Life Sciences A LW,0.7578903258467468,0.8714974781525249,0.7595078544262105,0.13945778763524586,0.07863395274277547
Janus Global Life Sciences A,0.7578903258467468,0.8714974781525249,0.7595078544262105,0.13945778763524586,0.07863395274277547
Janus Global Life Sciences C,0.757214391244464,0.8715340836914677,0.759571659035926,0.13932755903561078,0.07862415395204611
Janus Global Life Sciences I,0.759695325682589,0.8726070100878726,0.7614429940544966,0.13961223298836675,0.078317044020629
Janus Global Life Sciences S,0.7576079967239151,0.8707213192956026,0.7581556158758747,0.13953006896566125,0.0788542139611333
Janus Global Life Sciences D,0.758612043838393,0.8713004041232237,0.7591643942252929,0.13962204823734545,0.07868958554153269
New Covenant Growth,1.037635903682354,0.9930110702618811,0.9860709856626465,0.1675838456352671,0.020674932383089747
Oppenheimer International Small Co I,1.2140372994959234,0.862157213434833,0.7433150606777162,0.22584000487433048,0.11943109350294558
Oppenheimer International Small Co N,1.2125659058618485,0.8622899322118146,0.7435439271938558,0.2255316497207601,0.11916498140406812
Oppenheimer International Small Co A,1.2139943154904367,0.8621446113772282,0.7432933309267917,0.2258353695437004,0.11943147289423693
Oppenheimer International Small Co B,1.2137436287093548,0.8624364580603663,0.7437966441917099,0.2257123026875989,0.11925281476778288
Oppenheimer International Small Co C,1.2134469450218073,0.8625976509749329,0.7440747074674722,0.2256150169033663,0.11913260317246131
Oppenheimer International Small Co A LW,1.2139943154904367,0.8621446113772282,0.7432933309267917,0.2258353695437004,0.11943147289423693
Oppenheimer International Small Co Y,1.2155097980429188,0.8623208792396202,0.7435972987725917,0.2260709766772702,0.11955088541433367
Brown Advisory Growth Equity Instl,1.136428896171136,0.9466157388935813,0.8960813571210409,0.19253463134663626,0.06579729153941347
Brown Advisory Growth Equity A,1.1346694101092945,0.9479314704373356,0.8985740726454893,0.1919697000594444,0.06482768602837762
Fidelity Advisor Dividend Growth A,1.3133622833303191,0.9781707000825982,0.9568179185000802,0.215331048315398,0.0672769286008892
Fidelity Advisor Dividend Growth B,1.3160963364992848,0.9781960786321525,0.9568675682513202,0.21577372036565573,0.06764879338077902
Fidelity Advisor Dividend Growth C,1.313981958531149,0.9779633621626334,0.9564123377324419,0.2154782607693745,0.0675110611994297
Fidelity Advisor Dividend Growth T,1.3119390673753113,0.9783020647202645,0.9570749298359326,0.21506899525089995,0.0669817053379709
Fidelity Advisor Dividend Growth I,1.314454351023324,0.9784260848907522,0.9573176035946456,0.21545391135935252,0.0672525782076749
Fidelity Advisor Dividend Growth A LW,1.3133622833303191,0.9781707000825982,0.9568179185000802,0.215331048315398,0.0672769286008892
Westcore Select,1.3431570695178574,0.9446802911039638,0.8924208524002698,0.2280279190368324,0.0928389023565378
Transamerica Jennison Growth A LW,,,0,0,0
Transamerica Growth I2,1.0550098485377586,0.9539698093566074,0.9100583971638818,0.17735296373649248,0.0539077968319205
Transamerica Jennison Growth M,,,0,0,0
Transamerica Jennison Growth A,,,0,0,0
Transamerica Jennison Growth B,,,0,0,0
Transamerica Jennison Growth C2,,,0,0,0
Transamerica Jennison Growth C,,,0,0,0
Legg Mason Cap Mgmt Opportunity R,1.6135180973321357,0.880753927797771,0.775727481331201,0.29379348047178383,0.17038099831704798
Legg Mason Cap Mgmt Opportunity I,1.6138682267057676,0.880212457120481,0.7747739696700746,0.29403774916152886,0.1707494478293374
Legg Mason Cap Mgmt Opportunity FI,1.6150610750563208,0.8794630502666025,0.7734552567842369,0.29450629305769194,0.1713751216465614
Legg Mason Cap Mgmt Opportunity A,1.613496753993998,0.8804005188697259,0.7751050736260826,0.29390739547663147,0.1705807337579437
Legg Mason Cap Mgmt Opportunity A LW,1.613496753993998,0.8804005188697259,0.7751050736260826,0.29390739547663147,0.1705807337579437
Legg Mason Cap Mgmt Opportunity C,1.6148264428690953,0.8801755979012422,0.7747090831408093,0.29422470482373436,0.17092693014769844
Eaton Vance Tx-Mgd Growth 1.0,0.9915645989649722,0.995943594970672,0.9919036443631059,0.1596678075620264,0.014427943890698456
Janus Aspen Enterprise Instl,1.0330889160796823,0.9551840853057705,0.9123766368214214,0.17346004535306908,0.05160887015185241
Janus Aspen Enterprise Svc,1.0319764987089401,0.9550994030919518,0.9122148697866027,0.17328873582035823,0.05158744213095627
Wells Fargo Advantage Small Cap Opp Adm,1.0242883803325549,0.9262051006925043,0.8578558885488118,0.17736529209518068,0.0669686721096272
Wells Fargo Small Cap Opportunity B,,,0,0,0
Wells Fargo Small Cap Opportunity A,,,0,0,0
Wells Fargo Small Cap Opportunity A LW,,,0,0,0
Invesco Capital Development Investor,1.2494354222251398,0.9568062448487897,0.915478190181642,0.20942427339193082,0.07283743201381843
Invesco Capital Development A LW,1.2495858206484345,0.9571505554496503,0.9161371857975741,0.20937411070214892,0.07263999672573153
Invesco Capital Development Y,1.2479199053747447,0.9570777755253902,0.9159978684046293,0.20911099633127356,0.07247147728552378
Invesco Capital Development B,1.2480898986569897,0.9568056532670608,0.915477058123807,0.209198875128794,0.07266468982963883
Invesco Capital Development A,1.2495858206484345,0.9571505554496503,0.9161371857975741,0.20937411070214892,0.07263999672573153
Invesco Capital Development C,1.2472767308700803,0.9571920225991568,0.9162165681274647,0.20897821347689308,0.07231679796693685
Invesco Capital Development I,1.249223134737808,0.9569082618287621,0.9156734215561425,0.20936643563452342,0.07274590178382886
Invesco Capital Development R,1.246375732333599,0.9568649538176255,0.9155905398444065,0.20889877831719064,0.07240723297831246
Wells Fargo Advantage Spec Md Cp Val Inv,1.1461339592449502,0.960872344058434,0.9232756615763494,0.19129305864596016,0.05792829531628776
Wells Fargo Advantage Spec Md Cp Val A,1.1472226624236952,0.9608030436189564,0.9231424886274503,0.19148848165585808,0.05809062345726391
Wells Fargo Advantage Spec Md Cp Val C,1.1466695370623865,0.9608073547803315,0.9231507729999778,0.19139533330352848,0.05802841041282074
Wells Fargo Advantage Spec Md Cp Va A LW,1.1472226624236952,0.9608030436189564,0.9231424886274503,0.19148848165585808,0.05809062345726391
Wells Fargo Advantage Spec Md Cp Val Adm,1.1471777885823808,0.960550352675959,0.9226569800259091,0.19153140178924982,0.05825158697098956
Wells Fargo Advantage Spec Md Cp Val I,1.1464308193121528,0.96093289333322,0.9233920254897534,0.19133051625880326,0.057920309504489925
Dreyfus Emerging Markets A Load Waived,1.2229352599118097,0.8293180715350056,0.6877684637745406,0.23648652967791794,0.13687299534806258
Dreyfus Emerging Markets A,1.2229352599118097,0.8293180715350056,0.6877684637745406,0.23648652967791794,0.13687299534806258
Dreyfus Emerging Markets B,,,0,0,0
Dreyfus Emerging Markets C,1.2256478076600699,0.8288503842407626,0.6869929594560599,0.2371446675629749,0.13750061187225487
Dreyfus Emerging Markets I,1.2247495579656569,0.8283023448853705,0.6860847745426032,0.23712748881235296,0.1376391783730957
Dreyfus Emerging Markets T,,,0,0,0
BMO Small-Cap Growth Y,1.3548900785048668,0.9027125120068017,0.8148898793336301,0.240694870259403,0.1181507615858714
Marshall Small-Cap Growth A,,,0,0,0
Marshall Small-Cap Growth A Load Waived,,,0,0,0
BMO Small-Cap Growth I,1.354495626256837,0.9030598821284325,0.8155171507098182,0.2405323025625781,0.11790522715718957
Kinetics Paradigm Adv A Load Waived,1.2044613060665228,0.937971007855811,0.8797896115780458,0.20594039970952946,0.0785569923684885
Kinetics Paradigm Adv C,1.2063488177220578,0.938162341548396,0.8801485790995691,0.20622097772990414,0.07867514042329957
Kinetics Paradigm Instl,1.2053722606842294,0.9381023574617839,0.8800360330753567,0.20606717487563866,0.078591491120858
Kinetics Paradigm No Load,1.2072434314673905,0.9384374294659095,0.8806648090225838,0.20631342882370268,0.07862502250781903
Kinetics Paradigm Adv A,1.2044613060665228,0.937971007855811,0.8797896115780458,0.20594039970952946,0.0785569923684885
Turner Midcap Growth Retirement,1.276147360263425,0.9337952631023332,0.8719735933923556,0.2191787002959051,0.09004611381735257
Turner Midcap Growth Investor,1.2822557213510708,0.9339913230000161,0.8723397914393203,0.22018043158073766,0.09074492800701575
Turner Midcap Growth Inst,1.280932665747364,0.9336074611410493,0.8716228914982359,0.22004384228777918,0.09078821198645728
Janus Aspen Forty Instl,1.1610953901317316,0.9532070001007109,0.9086035850409967,0.19533827147700764,0.06445035074179857
Janus Aspen Forty Svc,1.1606799388746833,0.9531463322951094,0.908487930767619,0.19528080489559912,0.06444198144500583
MassMutual Select Small Cap Growth Eq A,1.2408503857316884,0.9235588854426751,0.8529610148801161,0.21547122726796125,0.09119047070585515
MassMutual Select Small Cap Growth Eq Y,1.2388051385480192,0.9239171509785327,0.8536229018722888,0.21503283613615762,0.09073110603643786
MassMutual Select Small Cap Growth Eq L,1.2390544852191485,0.9239647963363901,0.8537109448689467,0.215064999061617,0.09073671927590392
MassMutual Select Small Cap Growth Eq N,1.238739840871156,0.9234363638591119,0.8527347180973383,0.21513336288502935,0.09098767789952503
MassMutual Select Small Cap Growth Eq Z,1.2402549735470028,0.9237327920296716,0.8532822710709326,0.21532688022090885,0.09101830924998185
MassMutual Select Small Cap Growth Eq S,1.238647519488341,0.9233276579055564,0.8525339638533602,0.21514267676105456,0.09103571743889738
MassMutual Select Small Cap Growth A LW,1.2408503857316884,0.9235588854426751,0.8529610148801161,0.21547122726796125,0.09119047070585515
American Century Large Co Val A LW,0.9788139964966316,0.9896615527616028,0.9794299890145068,0.15861762303871954,0.022997355555874975
American Century Large Val A,,,0,0,0
American Century Large Co Val B,0.9835349533374034,0.9901691376447666,0.9804349211441806,0.15930107933323764,0.02243396880617597
American Century Large Co Val Instl,0.9830914196800119,0.9900267637175857,0.9801529928771163,0.15925220875897242,0.022594379629473384
American Century Large Co Val R,0.9810705394532403,0.9890516264493356,0.9782231197820762,0.15908139659968232,0.02366666209120814
American Century Large Co Val C,0.9777250438853764,0.9894531755250627,0.9790175865566306,0.1584746193569467,0.023227471076323152
American Century Large Co Val A,0.9788139964966316,0.9896615527616028,0.9794299890145068,0.15861762303871954,0.022997355555874975
American Century Large Co Val Inv,0.9793415852522421,0.9892180149745282,0.9785522811501459,0.15877459436676586,0.02348299837056386
Heartland Select Value,1.1393191415892432,0.9707264144188558,0.9423097716504881,0.18823494287651193,0.050420696080512695
Heartland Select Value Inst,1.139436365271665,0.9706655113697072,0.9421915349626153,0.1882660727819879,0.05047724855364237
Goldman Sachs Struct Large Cap Gr C,1.0519747950589884,0.9897895117849436,0.9796832776394769,0.17044410314971295,0.02568089107646272
Goldman Sachs Struct Large Cap Gr B,1.0504372508331372,0.9896890195163297,0.979484355351194,0.1702122151478408,0.02568301307842542
Goldman Sachs Struct Large Cap Gr S,1.0473188718591715,0.9899854694510554,0.9800712297242264,0.1696563997759258,0.025120027777667003
Goldman Sachs Struct Large Cap Gr A,1.0480937189644388,0.9897145065307729,0.9795348044374512,0.16982840066853253,0.02548620809616542
Goldman Sachs Struct Large Cap Gr I,1.0494971730849023,0.9897192377386523,0.9795441695499789,0.17005493567422403,0.025580719142458318
Goldman Sachs Struct Large Cap Gr A LW,1.0480937189644388,0.9897145065307729,0.9795348044374512,0.16982840066853253,0.02548620809616542
Goldman Sachs Struct Large Cap Gr IR,1.0522902603174382,0.9896294322428325,0.979366413161271,0.170522936183226,0.025886481551005952
Goldman Sachs Struct Large Cap Gr R,1.0503839125594292,0.9895456884387513,0.9792006695077223,0.17022844099510176,0.025841997966018694
BNY Mellon International Inv,1.202307947270135,0.9301306279062317,0.8651429849692408,0.20730984297389646,0.08273846834793297
BNY Mellon International M,1.2024055590852698,0.9307241263260784,0.8662473993254419,0.20719436279080816,0.0824186336334321
T. Rowe Price Global Technology,1.333865555330027,0.9378700485311601,0.8796002279318406,0.22808813044204768,0.09553720125408292
USAA Capital Growth,1.1460335949879719,0.9739431825025667,0.948565322743228,0.1887142825579904,0.048778429524882254
Allianz NFJ Large Cap Value Instl,0.9545396488185075,0.9838245150498894,0.9679106764131501,0.15560222587102268,0.028806015010974288
Allianz NFJ Large Cap Value D,0.9532988551025127,0.9839814451186523,0.9682194843377914,0.15537539324396069,0.028688142262539663
Allianz NFJ Large Cap Value B,0.9531351078814142,0.9835400280725008,0.9673509868208557,0.15541841697438288,0.0290654208934849
Allianz NFJ Large Cap Value A,0.9537709211260254,0.984222880660513,0.9686946788156784,0.15541410266030742,0.02847440121481047
Allianz NFJ Large Cap Value C,0.9538616822420473,0.9843731282624745,0.9689904556452501,0.15540524896167407,0.028343404591800122
Allianz NFJ Large Cap Value P,0.9553446465986246,0.9837371189615729,0.9677387192228157,0.15574733561055196,0.02887108813263176
Allianz NFJ Large Cap Value A LW,0.9537709211260254,0.984222880660513,0.9686946788156784,0.15541410266030742,0.02847440121481047
Allianz NFJ Large Cap Value R,0.9567838409232516,0.9839250749083035,0.9681085530333107,0.1559521747004974,0.02869417879753745
Allianz NFJ Large Cap Value Adm,0.9530408160203766,0.9837699517300853,0.9678033179270144,0.15536686911314193,0.02887191135581762
BNY Mellon Large Cap Stock Inv,1.1210167931695914,0.9866708527217956,0.9735193716107551,0.18222004381580578,0.035431579620924386
BNY Mellon Large Cap Stock M,1.1177605153542112,0.9867512901016028,0.9736781085171774,0.1816761895425372,0.0349989781950219
Columbia Strategic Investor Z,1.1915044815899476,0.9852549013160993,0.9707272205673967,0.19395176920944032,0.045206385471236246
Columbia Strategic Investor I,1.1922274106974533,0.9853179062674959,0.9708513764113619,0.1940569272301092,0.045246782374752235
Columbia Strategic Investor R,1.1893964967940778,0.9852782569877033,0.9707732436927266,0.19360410283234109,0.04491442699749316
Columbia Strategic Investor W,1.1897658983241304,0.9853759891469953,0.9709658399874195,0.19364508056222537,0.04487929113296391
Columbia Strategic Investor Y,1.1932952954829668,0.985228255566179,0.9706747155659763,0.19424835763111958,0.045460816499407065
Liberty Contrarian Equity A,,,0,0,0
Columbia Strategic Investor A,1.1919628586193882,0.9855828749035318,0.9713736033031108,0.19396178891225824,0.04498825367282632
Columbia Strategic Investor B,1.1910815516019149,0.9852631429543144,0.9707434608642137,0.19388128883982858,0.04514473655316282
Columbia Strategic Investor D,,,0,0,0
Liberty Contrarian Equity C,,,0,0,0
Columbia Strategic Investor C,1.1927785034351597,0.985358422828207,0.9709312214384914,0.19413863259477013,0.04528402176818789
Liberty Contrarian Equity B,,,0,0,0
Liberty Contrarian A,,,0,0,0
Liberty Contrarian B,,,0,0,0
Liberty Contrarian C,,,0,0,0
Liberty Contrarian Equity I,,,0,0,0
Columbia Strategic Investor A LW,1.1919628586193882,0.9855828749035318,0.9713736033031108,0.19396178891225824,0.04498825367282632
Liberty Contrarian A Load Waived,,,0,0,0
Liberty Contrarian Equity A Load Waived,,,0,0,0
Aberdeen Intl Equity R,1.1169328595441956,0.9196844291698657,0.8458194492575017,0.19476934263479945,0.07872967467462438
Aberdeen International Equity Instl,1.1144672148721935,0.9191782833132848,0.8448887165147574,0.19444652731798306,0.07873688930556358
Aberdeen Intl Equity A Load Waived,1.115293655882095,0.9182575335713835,0.8431968979606006,0.19478552117483183,0.07930337959207577
Aberdeen Intl Equity C,1.1150112113832946,0.9193055493735961,0.8451226931090894,0.19451433529385706,0.07872710965036425
Aberdeen Intl Equity A,1.115293655882095,0.9182575335713835,0.8431968979606006,0.19478552117483183,0.07930337959207577
Aberdeen Intl Equity B,,,0,0,0
Aberdeen Intl Equity I/S,1.115033614141791,0.9190534679639019,0.8446592769764749,0.19457167509880818,0.07886112881862224
Principal Large Cap Blend II R4,1.0289754435594798,0.9990205414653811,0.9980420422697833,0.1651850280843463,0.008659706873181598
Principal Large Cap Blend II R5,1.0287571622795126,0.9990201801088325,0.9980413202646843,0.16514999802027477,0.00864080938225559
Principal Large Cap Blend II R2,1.0277559217438608,0.9988169881221844,0.997635375761472,0.1650229946626726,0.009174815489723827
Principal Large Cap Blend II Inst,1.0259141749680074,0.9990433253300586,0.9980875658865412,0.16469000023193792,0.008313624462393901
Principal Large Cap Blend II R3,1.0252507544543872,0.9990045993592845,0.9980101895410045,0.16459006230033593,0.008383072900462942
Principal Large Cap Blend II J,1.0262736089914202,0.9990909951875838,0.9981828166649166,0.1647397762000049,0.008188161527613242
Principal Large Cap Blend II C,,,0,0,0
Principal Large Cap Blend II R1,1.024832715787214,0.998875274923102,0.9977518148527025,0.16454411025173996,0.008757873475281976
Principal Large Cap Blend II A,,,0,0,0
Principal Large Cap Blend II B,,,0,0,0
Principal Large Cap Blend II A LW,,,0,0,0
Principal Large Cap Value III A LW,,,0,0,0
Principal Large Cap Value III A,,,0,0,0
Principal Large Cap Value III B,,,0,0,0
Principal Large Cap Value III R1,1.0830011657521605,0.9941720065860918,0.9883779786794161,0.17470638307097427,0.02305901482700421
Principal Large Cap Value III C,,,0,0,0
Principal Large Cap Value III J,1.089027879610477,0.9943479754962503,0.9887278963734917,0.17564730504162893,0.023482191392625706
Principal Large Cap Value III R2,1.0843108041590654,0.9942560416642253,0.9885450763858138,0.17490272599085144,0.023087662822214937
Principal Large Cap Value III R3,1.0848937561333014,0.9943891272633965,0.9888097364196592,0.17497355396091366,0.022973017178468103
Principal Large Cap Value III R4,1.0889976454632333,0.9945287738716253,0.9890874820585984,0.1756106220204176,0.02323885270679256
Principal Large Cap Value III Inst,1.083378826826124,0.9942003065572125,0.9884342495584552,0.174762381040699,0.0230617193750018
Principal Large Cap Value III R5,1.0806477216019588,0.994301067286231,0.9886346124065382,0.1743043659342159,0.022636053906271277
Principal MidCap S&P 400 Index R2,1.1589516253856154,0.9603822838573527,0.9223341311470648,0.19353989637057784,0.05964509097722244
Principal MidCap S&P 400 Index R3,1.1572107291003098,0.9601739540772739,0.9219340220883868,0.19329117361393752,0.05958906297411983
Principal MidCap S&P 400 Index R4,1.156134352439391,0.9604564609097145,0.922476613303214,0.19305481294845006,0.05928607269014649
Principal MidCap S&P 400 Index R5,1.1574509951499126,0.9602974097898982,0.9221711152491876,0.19330651221095008,0.059534908540247365
Principal MidCap S&P 400 Index Inst,1.1580714945052595,0.9599535723571944,0.9215108610813393,0.19347921913544144,0.05982764686350203
Principal MidCap S&P 400 Index J,1.1559966291158432,0.9602238599442804,0.922029861206293,0.19307834167837057,0.05942298896049927
Principal MidCap S&P 400 Index R1,1.1585857488518316,0.9605176770289746,0.9225942078851377,0.19345164018706856,0.05951609883900002
Principal International Growth R1,,,0,0,0
Principal International Growth A,,,0,0,0
Principal International Growth C,,,0,0,0
Principal International Growth A LW,,,0,0,0
Principal International Growth J,,,0,0,0
Principal International Growth R4,,,0,0,0
Principal International Growth R2,,,0,0,0
Principal International Growth R3,,,0,0,0
Principal International Growth R5,,,0,0,0
Principal International Growth Inst,,,0,0,0
ASTON/TAMRO Small Cap N,1.2037484327569994,0.9145530084095389,0.8364072051909381,0.2110853612005631,0.09140042997472428
ABN AMRO Small Cap N,,,0,0,0
ASTON/TAMRO Small Cap I,1.2024807514410816,0.9143167069695641,0.8359750406436678,0.21091765790653805,0.09136978064985474
Invesco Van Kampen Small Cap Gr A,1.1625972891794458,0.9256787442049679,0.8568811374728863,0.2014171284857569,0.08052335302198747
Invesco Van Kampen Small Cap Gr C,1.161384859466116,0.9263014684696723,0.8580344104890714,0.20107182400698487,0.08004632793246433
Invesco Van Kampen Small Cap Gr B,1.1621784848101482,0.9264030406143443,0.8582225936595025,0.20118672051242042,0.08008112711915988
Invesco Van Kampen Small Cap Gr A LW,1.1625972891794458,0.9256787442049679,0.8568811374728863,0.2014171284857569,0.08052335302198747
Invesco Van Kampen Small Cap Gr Y,1.1622325332779375,0.9253334452373367,0.8562419848747993,0.20142900846838438,0.08066955333345442
Wells Fargo Advantage Endeavor Select A,1.1663177526207333,0.967000200742459,0.935089388235956,0.1934300970005323,0.056026585486337675
Strong Advisor Endeavor 20 L,,,0,0,0
Wells Fargo Advantage Endeavor Select B,1.1623896900240256,0.9666434951971368,0.9343996468069369,0.19284998123649597,0.05582901266199962
Wells Fargo Advantage Endeavor Select C,1.1650098202776233,0.9667068215187886,0.934522078770959,0.19327173102751105,0.05608073323272442
Wells Fargo Advantage Endeavor Sele A LW,1.1663177526207333,0.967000200742459,0.935089388235956,0.1934300970005323,0.056026585486337675
Wells Fargo Advantage Endeavor Select Ad,1.1671783728062308,0.9675923834093073,0.936235020431704,0.19345419542740022,0.055714513941605315
Wells Fargo Advantage Endeavor Select I,1.1632813140910607,0.9666097741487296,0.9343344554798582,0.193004722144589,0.055952527880358406
Vantagepoint Mdl Port All-Equity Growth,1.0946386722957482,0.9924031342744078,0.9848639809176685,0.17690075151349266,0.02652817938559279
Harbor Mid Cap Growth Instl,1.2437355915693213,0.9306722092803897,0.8661507611268416,0.2143266384731536,0.08759783503415344
Harbor Mid Cap Growth Inv,1.236182146751229,0.9286495976684156,0.8623900752497103,0.21348924672143824,0.0877699478881663
Harbor Mid Cap Growth Adm,1.2384778773296425,0.9298025161669272,0.8645327190703489,0.21362042710097584,0.0874159907750369
Thornburg Core Growth R3,1.157308086127777,0.9553646863861,0.9127216839936112,0.19425683716963477,0.06268281639996721
Thornburg Core Growth C,1.1538756867095754,0.9554511623167059,0.9128869235723442,0.1936633057636236,0.062252561842350056
Thornburg Core Growth A,1.1572575461937313,0.9558223539134394,0.9135963722406282,0.19415530204685677,0.0623884628053953
Thornburg Core Growth I,1.1582306784463827,0.9554658033257393,0.9129149013249003,0.1943911043007598,0.06272060608971003
Thornburg Core Growth A Load Waived,1.1572575461937313,0.9558223539134394,0.9135963722406282,0.19415530204685677,0.0623884628053953
Thornburg Core Growth R5,1.1588448462305012,0.9560415924177594,0.9140155264326854,0.19437709186935412,0.062424584412129225
Thornburg Core Growth R4,1.1565319111868246,0.9551629398128827,0.9123362415919887,0.19416759877314135,0.06272459862548269
Transamerica Small/Mid Cap Value I,1.3485259943812675,0.9544903730795482,0.9110518723015351,0.2265777499973274,0.08768079174338993
Transamerica Small/Mid Cap Value B,1.3468978003752587,0.9554806887805126,0.9129433466324828,0.2260700193249659,0.08684308974344751
Transamerica Small/Mid Cap Value A,1.34983632049721,0.9556354631772667,0.9132391384820291,0.22652632193037836,0.08716174473720845
Transamerica Small/Mid Cp Val M,,,0,0,0
Transamerica Small/Mid Cp Val C2,,,0,0,0
Transamerica Small/Mid Cap Value C,1.3461038502071971,0.9554143921907894,0.9128166608052957,0.22595241730891336,0.08677220870830488
Transamerica Small/Mid Cap Value A LW,1.34983632049721,0.9556354631772667,0.9132391384820291,0.22652632193037836,0.08716174473720845
Transamerica Small/Mid Cap Value I2,1.3470886532472226,0.9551689916235804,0.9123478025592074,0.22617585462817436,0.08706174429216258
Nationwide Inv Dest Agrsv R2,1.0542944464498607,0.9907350996108923,0.9815560376010048,0.17067100142776925,0.024754682265985654
Nationwide Inv Destinations Agrsv I,1.0585339588595168,0.9908879602593602,0.9818589497869553,0.17133088727838774,0.02490713532498364
Nationwide Inv Destinations Agrsv A LW,1.0571677465260516,0.9909151724413174,0.9819128789744059,0.17110510616173966,0.024765314778973008
Nationwide Inv Destinations Agrsv C,1.0545201289087207,0.990598956176259,0.9812862919774941,0.17073110459478727,0.024933161609503495
Nationwide Inv Dest Agrsv Svc,1.0541855039428727,0.9903261822267354,0.9807459472037812,0.17072376886860638,0.025227437416747368
Nationwide Inv Destinations Agrsv A,1.0571677465260516,0.9909151724413174,0.9819128789744059,0.17110510616173966,0.024765314778973008
Nationwide Inv Destinations Agrsv B,1.0526955463133048,0.9906676634593656,0.981422419424039,0.17042397541224397,0.02471275938888365
MassMutual Select Blue Chip Growth A LW,1.1042919728644385,0.9684745347152144,0.937942924391851,0.1828594238215565,0.048518716717111686
MassMutual Select Blue Chip Growth L,1.1043435125552137,0.9686461434873954,0.9382753512930039,0.18283543482301443,0.048401359867825636
MassMutual Select Blue Chip Growth Y,1.106234517228899,0.9680481275776295,0.9371171773065544,0.18326161131774332,0.049004526532928326
MassMutual Select Blue Chip Growth S,1.1062007545283494,0.9682777456138566,0.9375617926510524,0.18321256685814669,0.048838604546605484
MassMutual Select Blue Chip Growth A,1.1042919728644385,0.9684745347152144,0.937942924391851,0.1828594238215565,0.048518716717111686
MassMutual Select Blue Chip Growth N,1.1063435676792053,0.9682155956134103,0.9374414395890309,0.18324800964605525,0.04889621709732232
Fidelity Select Pharmaceuticals,0.6752545093106619,0.82605274605211,0.6823631392602316,0.1310890630220375,0.09038005819471462
William Blair Growth I,1.0255381554015166,0.9516581134524414,0.9056531648998599,0.17282243298649103,0.05323286654869921
William Blair Growth N,1.028329500199252,0.9517518792198655,0.9058316395985454,0.17327574254175143,0.05335770486262013
Invesco Van Kampen Value Opp R,1.0329814629545386,0.9771645993212986,0.9548506541667541,0.16954301740879021,0.03640314593731727
Invesco Van Kampen Value Opp Instl,1.0325439220043624,0.9775581459040352,0.9556199286233351,0.16940262127267824,0.036058892048186415
Invesco Van Kampen Value Opp A,1.0310388159413746,0.9774596282721452,0.9554273249019203,0.16917337952876935,0.03605329759532076
Invesco Van Kampen Value Opp B,1.0314798030277443,0.9777599661571443,0.9560145514196201,0.16919307993364488,0.035833693928781864
Invesco Van Kampen Value Opp C,1.024965822412105,0.9770620867283978,0.9546503213220511,0.16824573482596195,0.03604343139459341
Invesco Van Kampen Value Opp A LW,1.0310388159413746,0.9774596282721452,0.9554273249019203,0.16917337952876935,0.03605329759532076
Invesco Van Kampen Value Opp Y,1.0286421023784924,0.9774784580627119,0.9554641359766569,0.16877703376676298,0.035904659744653386
Hartford Value A Load Waived,1.0587105712839566,0.9907895495846394,0.9816639315661326,0.17136758223874535,0.025038095848965828
Hartford Value R3,1.059095689878441,0.9909471490191382,0.9819762521491581,0.17140275666213578,0.02488213566554278
Hartford Value R4,1.0572560956456005,0.9906601594291262,0.9814075514801418,0.17115469115195514,0.02507468002446748
Hartford Value R5,1.0553236098913858,0.9904757081982003,0.9810421285307265,0.170873520666897,0.025140113810758785
Hartford Value I,1.0633065814210045,0.9908868099140276,0.9818566700615983,0.17209416061160293,0.02530208319926962
Hartford Value C,1.0576968058888536,0.9909447970954182,0.9819715908904795,0.17117684455713458,0.024772196950475403
Hartford Value B,1.0578165143588336,0.9907267497837312,0.9815394927370359,0.17123393117708857,0.0250406554190276
Hartford Value Y,1.056770398389843,0.9908382200898739,0.9817603783908693,0.17104534581098074,0.02482541479208066
Hartford Value A,1.0587105712839566,0.9907895495846394,0.9816639315661326,0.17136758223874535,0.025038095848965828
Lord Abbett Small Cap Blend B,1.21576441495318,0.9190161661076871,0.8445907135672719,0.21214681877492542,0.09049643231068231
Lord Abbett Small Cap Blend I,1.214213153454394,0.9186601495431242,0.8439364703585953,0.21195825328407142,0.0904953829014939
Lord Abbett Small Cap Blend P,1.2162061929347012,0.9188834167757947,0.8443467336255588,0.21225456236583265,0.09062342251009628
Lord Abbett Small Cap Blend A,1.2142640033184986,0.9190018207192223,0.8445643464852456,0.21188850658595476,0.09031703854010945
Lord Abbett Small Cap Blend C,1.2137684967199822,0.9187588189148981,0.8441177673338984,0.21185799911287811,0.09038666239520074
Lord Abbett Small Cap Blend F,1.2164900622366217,0.9183559705060297,0.8433776885640717,0.21242601072142786,0.09094400550645226
Lord Abbett Small Cap Blend R2,1.2152314460254379,0.9184461051783329,0.8435432481172493,0.2121854851181242,0.09073804205802391
Lord Abbett Small Cap Blend R3,1.2161354417503443,0.9185929105243478,0.8438129352655924,0.21230940737174603,0.09077164893203793
Lord Abbett Small Cap Blend A LW,1.2142640033184986,0.9190018207192223,0.8445643464852456,0.21188850658595476,0.09031703854010945
T. Rowe Price Instl Large Cap Value,1.0656945747839535,0.9867187098866338,0.9736138124403431,0.17321481606043376,0.030038496920412293
Hartford Disciplined Equity HLS IB,0.9612209457420117,0.991674809201961,0.9834189272057459,0.15545226144601892,0.02095692579431848
Hartford Disciplined Equity HLS IA,0.9614018526638478,0.9916751526057644,0.9834196082956662,0.15548146115695746,0.02095153647654283
Hartford Index HLS IA,0.99901785356441,0.999997939279705,0.9999958785636565,0.1602204010980006,0.000361328110355854
Hartford Index HLS IB,0.9986339098267286,0.9999963335943088,0.99999266720206,0.16015904746702944,0.00048579720950403055
USAA Value,1.1277052331245796,0.9854557351098823,0.9711230058609585,0.18352722115651995,0.03730368022735508
USAA Value Adv,1.128234386094408,0.9853071930894717,0.9708302647538534,0.18364124027783835,0.03749828254300518
USAA Value Instl,1.1284921432472412,0.9855796018821551,0.9713671516461873,0.18363237425253726,0.03727775517972641
VALIC Company I International Equities,1.2003306129097722,0.9350207607547353,0.8742638230423639,0.20588559035770373,0.07974610471136803
JHVIT Global Trust Ser I,1.214798860664068,0.963156819688257,0.9276710593119976,0.20227378860132245,0.06437807686423044
JHVIT Global Trust Ser II,1.2145056668562948,0.9629225428158437,0.9272198234629302,0.20227421517361993,0.06449626012676277
JHVIT Global Trust Ser NAV,1.2142492374268643,0.963048787522021,0.9274629671476349,0.2022050181988728,0.06438140997803561
VALIC Company I Small Cap Index,1.2754572734924245,0.9384677733349525,0.8807217615882638,0.2179612329446291,0.08726634973362378
ING Global Resources Port Adv,1.3861986622886087,0.8756791016083924,0.7668138889936812,0.25385897863937934,0.13732597525922868
ING Global Resources Port S2,1.3868793089347533,0.8758757649708102,0.7671583556632019,0.2539265992222452,0.13732353050383783
ING Global Resources Port I,1.3865060571496073,0.8757115925780656,0.7668707933756118,0.2539058532676009,0.13735505593277034
ING Global Resources S,1.3890718165983367,0.8757744909396812,0.7669809589806578,0.2543573097516925,0.1377096370152832
ING Clarion Real Estate Port S2,1.1292119952910358,0.8310192477943465,0.6905929902046816,0.21791949735581237,0.12295355075251056
ING Clarion Real Estate Port I,1.1275681836236404,0.830407184320988,0.6895760917719113,0.2177626829089887,0.12301948208618439
ING Clarion Real Estate Port S,1.1274777644357319,0.8303831029199118,0.6895360976149009,0.21775154504565758,0.1230186538135273
ING Clarion Real Estate Port Adv,1.1263309095227547,0.8303159049948128,0.689424502087355,0.21754767127179117,0.12289768083678465
ING Small Company Port S,1.1904879350025392,0.9488621313879804,0.9003393443821409,0.20121122397508237,0.07047279111326922
ING Small Company Port I,1.1901042617760136,0.9481212794692468,0.8989339605824017,0.20130345764435675,0.07087519702439465
ING Small Company Port Adv,1.188112903047257,0.948040619741327,0.8987810166795195,0.2009839233928892,0.07069023899776235
ING Small Company Port S2,1.190277542232391,0.9486633130623818,0.8999620815504947,0.2012178165597212,0.07056832829589584
Wanger USA,1.3508672691643813,0.9413000728315813,0.8860458271127402,0.230149851119231,0.09591289222317104
JHVIT Mid Value Tr Ser I,1.0752958086699405,0.9697722914744599,0.9404582973116249,0.17783750667889733,0.04503221313859985
JHVIT Mid Value Tr Ser II,1.0730416381084094,0.9696021668119051,0.9401283618863415,0.17749591090850486,0.044971851047944156
JHVIT Mid Value Tr Ser NAV,1.072443073540103,0.9698772702131165,0.9406619192760466,0.17734680101529887,0.04472454142716278
ING Marsico Growth Port I,1.131722189087937,0.9715631133901936,0.9439348833004463,0.1868052674862085,0.04901004321270041
ING Marsico Growth Port S2,1.1318350003166948,0.9717134207767627,0.9442269721176778,0.186794863383429,0.048911602741235904
ING Marsico Growth Port S,1.1335162966051338,0.9715413692958748,0.9438926322533032,0.18710545588475858,0.04921373706887326
ING Marsico Growth Port Adv,1.132147458896379,0.9714068536145605,0.9436312752493401,0.18690538613845903,0.049168816214122855
JHVIT Small Cap Value Trust Ser I,1.0998562969502443,0.9339256037808914,0.8722170333975027,0.18886753397452563,0.06937499019601476
JHVIT Small Cap Value Trust Ser II,1.096988115467826,0.9337970180234579,0.8719768708695022,0.18840123068963824,0.06916942642701737
JHVIT Small Cap Value Trust Ser NAV,1.0983667991859871,0.9337287257096842,0.8718493332154307,0.1886517291532481,0.06933947705812049
JHVIT International Value Trust Ser NAV,1.2484155695093868,0.9164797272735425,0.8399350905033869,0.21846485336395005,0.09603589001585318
JHVIT International Value Trust Ser I,1.2479140900862653,0.9165690577825737,0.8400988376844348,0.21835593661630195,0.09592219654107723
JHVIT International Value Trust Ser II,1.2504631953883574,0.9168125030650325,0.8405451657763703,0.21874359771595056,0.09612224606157466
JHVIT Mid Cap Index Trust Ser I,1.1610131228817289,0.9605044371835316,0.9225687738492528,0.1938596079130518,0.05979375693330885
JHVIT Mid Cap Index Trust Ser II,1.160287582271827,0.9607154720022323,0.922974218144472,0.1936959964802958,0.059575031023078456
JHVIT Mid Cap Index Trust Ser NAV,1.1617851956478582,0.9607968218815226,0.9231305329376344,0.1939294917788775,0.059688194796877536
JHVIT International Core Trust Ser I,1.1426555502946325,0.9283731053340543,0.8618766227075949,0.19739748699197235,0.07683113884265501
JHVIT International Core Trust Ser II,1.1409607002584308,0.9274965953464519,0.8602499343792599,0.19729105484550122,0.07712425272194028
JHVIT International Core Trust Ser NAV,1.1421517998432897,0.9280092380622426,0.861201145928864,0.197387861485287,0.07697477064484554
Wanger International,1.0497895357920444,0.8957222999806739,0.8023184386826682,0.18797441931944708,0.08393478018195294
VALIC Company I Science & Technology,1.1973095689126252,0.9426153606974196,0.8885237182227264,0.20371550195970478,0.07500115584530238
VALIC Company II Socially Responsible,1.0060681527818218,0.9976899040445598,0.995385144632443,0.16172410825596337,0.01102718536646073
VALIC Company II Mid Cap Value,1.2424753290119144,0.970938448809327,0.9427214713762622,0.20522803986973823,0.06263540554006404
ING JPMorgan Emerging Mkts Eq Port I,1.268068797651594,0.8636604821543883,0.7459094284351505,0.23545787265578869,0.1262172127116998
ING JPMorgan Emerging Mkts Eq Port Adv,1.2675848497541482,0.8639086637671587,0.7463381793319577,0.23530042834833192,0.12602204599768208
ING JPMorgan Emerging Mkts Eq Port S2,1.266416618131718,0.8635564762139047,0.7457297876109763,0.23517944930836576,0.12603461088531723
ING JPMorgan Emerging Mkts Eq Port S,1.26797011600923,0.8634942650805904,0.7456223458270688,0.2354848366523517,0.12628764749945787
JHVIT Mid Cap Stock Trust Ser II,1.2526610180477973,0.9303097529395992,0.8654762364145381,0.2159481768893822,0.08895011215439597
JHVIT Mid Cap Stock Trust Ser I,1.2516991808611648,0.9307952864492242,0.8663798652760932,0.21566982854806288,0.08855212720056072
JHVIT Mid Cap Stock Trust Ser NAV,1.2510847490454728,0.93079641075282,0.8663819582703325,0.21556381757581713,0.088472179314035
Columbia VP Emerging Mkts Opportunity 2,1.2990005626752557,0.8732556116737475,0.7625753633196909,0.23855658792508305,0.12572215711052873
Columbia VP Emerging Mkts Opportunity 1,1.2971082583147957,0.873139875300408,0.7623732418396121,0.2382406641605926,0.1255100508366174
JHVIT 500 Index Trust B Ser NAV,1.0006018202999964,0.999977287473506,0.999954575462871,0.1604777965374041,0.0010856637741382864
ING Index Plus MidCap Port I,1.1581319031856572,0.9635523207816291,0.9284330748836634,0.19276189898621982,0.05745548459342034
ING Index Plus MidCap Port S,1.1567619429238893,0.9633247580818827,0.9279945895335178,0.19257938445363101,0.05745663725529018
Hartford Value HLS IB,1.0689624215131135,0.990952714111362,0.9819872816046746,0.17299914665020558,0.02571340262083828
Hartford Value HLS IA,1.0691687834991266,0.9909524530232945,0.9819867641528846,0.17303258496836008,0.025731999885521453
MFS Mid Cap Value A,1.117691401028803,0.9752783157513054,0.951167793174703,0.18380369345172792,0.044778007238820985
MFS Mid Cap Value B,1.1183204434826595,0.9752171111981075,0.951048413973582,0.1839186732167382,0.044888606243950996
MFS Mid Cap Value C,1.1188114342489048,0.975454880536992,0.9515122239634374,0.18395456987586056,0.044754207956041084
MFS Mid Cap Value I,1.1185892367319203,0.9749538904212882,0.9505350884476055,0.1840125326462666,0.0451185914662227
MFS Mid Cap Value 529B,1.1179774965759508,0.9754318024874302,0.9514672013038772,0.1838217821943508,0.04468798807050205
MFS Mid Cap Value 529A,1.1221633758817076,0.9751003874115033,0.9508207655300639,0.18457240104333092,0.04536840900015802
MFS Mid Cap Value 529C,1.1168462031219522,0.9749764223336658,0.9505790241065546,0.18372169298556493,0.044926202685275723
MFS Mid Cap Value R2,1.1197805491365165,0.9754346739193004,0.9514728030840519,0.18411748477813056,0.04486791909788106
MFS Mid Cap Value R,,,0,0,0
MFS Mid Cap Value A Load Waived,1.117691401028803,0.9752783157513054,0.951167793174703,0.18380369345172792,0.044778007238820985
MFS Mid Cap Value R1,1.1220728443697947,0.9754846316658833,0.9515702666163238,0.18448499564408713,0.04506260347155467
MFS Mid Cap Value R2,,,0,0,0
MFS Mid Cap Value R3,1.118919330552334,0.9748539008074842,0.9503401279195685,0.18408566489989744,0.04522873442518488
MFS Mid Cap Value R4,1.1184576257750949,0.9750087196205162,0.9506420033360383,0.18398033524981694,0.04506313140360078
MFS Mid Cap Value 529A Load Waived,1.1221633758817076,0.9751003874115033,0.9508207655300639,0.18457240104333092,0.04536840900015802
Fidelity Advisor Mid Cap Value A,1.1565620350988928,0.961388792276001,0.9242684099139078,0.19294323805301392,0.05872085890257397
Fidelity Advisor Mid Cap Value B,1.1552923145391043,0.9611426867244843,0.9237952642439602,0.19278081383290907,0.05874343152380204
Fidelity Advisor Mid Cap Value C,1.1551445199485222,0.961633475415911,0.9247389410404836,0.1926578132252881,0.05840367355804158
Fidelity Advisor Mid Cap Value T,1.1571136264627195,0.9614930349964245,0.9244688563466354,0.19301431257296958,0.058712866496187545
Fidelity Advisor Mid Cap Value I,1.1587544499355602,0.9616246969524527,0.9247220577888965,0.19326139467595374,0.05880717146449468
Fidelity Advisor Mid Cap Value A LW,1.1565620350988928,0.961388792276001,0.9242684099139078,0.19294323805301392,0.05872085890257397
Fidelity Mid Cap Value,1.156776514622285,0.9613699304319112,0.9242321431386579,0.19298271613878396,0.058756897679019454
Vanguard Capital Value Inv,1.461324250227234,0.9726821622998442,0.9461105888563003,0.2409393878159915,0.09273095609013617
Buffalo Mid Cap,1.1748781185304529,0.9482992265867316,0.8992714231449935,0.1986926603833336,0.06900367689571056
Diamond Hill Small Cap A Load Waived,1.0037863593629468,0.9395967396992113,0.8828420332533874,0.17133988485951293,0.05863616129937956
Diamond Hill Small Cap I,1.0041146029828665,0.9394297708728785,0.8825282944022689,0.17142652301098374,0.058744815046997176
Diamond Hill Small Cap A,1.0037863593629468,0.9395967396992113,0.8828420332533874,0.17133988485951293,0.05863616129937956
Diamond Hill Small Cap C,1.0034052135798728,0.9393985219526387,0.8824695830468022,0.17131099858720186,0.05871876925135851
Diamond Hill Small Cap Y,1.0034584047316597,0.9397294105999217,0.8830913651464762,0.1712597009014644,0.05854581838788603
Artisan International Small Cap Investor,1.0891187514720806,0.8600206048580555,0.7396354407804157,0.20310308300649602,0.10459365433745374
AllianceBern Intl Val A,1.393818874420351,0.9295668442290174,0.8640945178898943,0.2404682010646229,0.10882807823693647
AllianceBern Intl Val B,1.3946461565214299,0.9299048274225673,0.8647229880637949,0.2405234719620945,0.10875471424857822
AllianceBern Intl Val C,1.3934081224590964,0.9299683415509279,0.8648411162869833,0.24029354740925626,0.10853909475192096
AllianceBern Intl Val Adv,1.3916943719629944,0.9293727895801318,0.8637337820119559,0.2401518300437811,0.10863140459534185
Alliance International Adv,,,0,0,0
Alliance International A,,,0,0,0
Alliance International B,,,0,0,0
Alliance International C,,,0,0,0
AllianceBern Intl Val K,1.3937505330177546,0.9295432557604059,0.8640506643296553,0.240462533290002,0.10883165860511054
AllianceBern Intl Val I,1.3951148389440513,0.9291123744593408,0.8632498043734743,0.24080947184321683,0.10927544356497437
AllianceBern Intl Val R,1.3930170864358336,0.9293763665569412,0.8637404307145821,0.24037912250024815,0.10882079016835455
AllianceBern Intl Val A Load Waived,1.393818874420351,0.9295668442290174,0.8640945178898943,0.2404682010646229,0.10882807823693647
Alliance International A Load Waived,,,0,0,0
Neuberger Berman Real Estate I,1.0907868745122533,0.8426277003969876,0.7100214414763157,0.20760553333361326,0.11271870293813203
Neuberger Berman Real Estate A LW,1.0875339787876834,0.8421452611344674,0.7092086408512404,0.20710527681851612,0.11254008815840394
Neuberger Berman Real Estate C,1.0882146068160639,0.8424796763239335,0.7097720050188798,0.20715258352025032,0.11247169878664842
Neuberger Berman Real Estate A,1.0875339787876834,0.8421452611344674,0.7092086408512404,0.20710527681851612,0.11254008815840394
Neuberger Berman Real Estate R3,1.0876156094272018,0.8428365452345237,0.7103734419828672,0.20695108137515011,0.11223722519559694
Neuberger Berman Real Estate Tr,1.0862908678898118,0.8424679139577079,0.709752186048252,0.20678937402478464,0.11224289294012464
Hartford SmallCap Growth HLS IB,1.247038060499741,0.9215948248330337,0.84933702115903,0.21700690467500575,0.09306749786364682
Hartford SmallCap Growth HLS IA,1.2473577941869713,0.9216020088771513,0.8493502627664007,0.21706084712740842,0.09310492198122605
JPMorgan Asia Equity A Load Waived,1.2578715552797994,0.7988085694628795,0.638095130647332,0.25252787730645654,0.1574236382358849
JPMorgan Asia Equity A,1.2578715552797994,0.7988085694628795,0.638095130647332,0.25252787730645654,0.1574236382358849
JP Morgan Fleming Asia Equity B,,,0,0,0
JPMorgan Asia Equity Sel,1.2583262080436808,0.7987629599678592,0.6380222662166157,0.2526335400948225,0.15751890030177057
JPMorgan Asia Equity Instl,1.2583680026633783,0.79896194357108,0.6383401872748775,0.25257904050531194,0.15742462656273407
Harbor Small Cap Value Instl,1.154298077935617,0.9320380822265112,0.8686949867204729,0.19861555856463053,0.07609289284435677
Harbor Small Cap Value Inv,1.155919797707106,0.9327862673178604,0.8700902204967869,0.19873506594640206,0.07585650283478229
Harbor Small Cap Value Adm,1.152603528726721,0.9322980253533591,0.8691796080777726,0.19826885034915379,0.07576042825316431
ING Index Plus LargeCap Port I,0.9961242190845069,0.9972286492714757,0.9944649789278118,0.16019993976511174,0.011932316626946935
ING Index Plus LargeCap Port S,0.9975311796958256,0.9972540899840627,0.9945157199899411,0.16042232481872606,0.011884422282683445
ING Baron Growth Portfolio S,1.0084858980889482,0.9196416852981381,0.8457408293379998,0.17587722234541317,0.06907446073369905
ING Baron Growth Portfolio I,1.0099340446234242,0.9206144749738456,0.8475310115313693,0.17594368803597088,0.06870356558521683
ING Baron Growth Portfolio ADV,1.007372663172223,0.9189618231743247,0.8444908324518788,0.17581308303496235,0.06932508198497858
ING Baron Growth Portfolio S2,1.010481828386451,0.9202189279909765,0.846802875432862,0.1761146930068868,0.06893635482294001
ING T Rowe Pce Divers Mid Cap Gr Port S2,1.1844513511645627,0.9603473490815074,0.9222670308878788,0.1978016988644276,0.06256910851401033
ING T. Rowe Pce Divers Mid Cap Gr Port S,1.1818258705770488,0.960556875281981,0.9226695106514831,0.19732027732888016,0.062126652416528844
ING T. Rowe Pce Diver MidCap Gr Port Adv,1.182911105873394,0.9596040913320854,0.9208400121012772,0.1976972300751535,0.06287205477303812
ING T. Rowe Pce Divers Mid Cap Gr Port I,1.183883690268635,0.9608235211002468,0.9231818386994765,0.1976090030408119,0.06219232898645865
Fidelity International Small Cap,1.0821765840409046,0.8785942256908718,0.7719278134173425,0.19755274684760568,0.09523567207842518
Fidelity Advisor Intl Small Cap A,1.0825831465097318,0.8782826047272426,0.7713803337664699,0.1976969255752017,0.09542508140919914
Fidelity Advisor Intl Small Cap B,1.081605584619922,0.8784958779162777,0.7717550075158915,0.19747060923239979,0.09521957799944294
Fidelity Advisor Intl Small Cap C,1.081437431636038,0.8787324096269029,0.7721706477287031,0.19738688994000925,0.09509114263805715
Fidelity Advisor Intl Small Cap I,1.0845482887704612,0.8792142946497987,0.7730177759165432,0.19784594740641423,0.09520397139705984
Fidelity Advisor Intl Small Cap T,1.083894952175996,0.8790710413785909,0.7727658957904403,0.1977590325212311,0.09519982953425864
Fidelity Advisor Intl Small Cap A LW,1.0825831465097318,0.8782826047272426,0.7713803337664699,0.1976969255752017,0.09542508140919914
Fidelity Advisor Real Estate A LW,1.1959351084964018,0.8412738549060178,0.7077416989484315,0.2279843968830724,0.1271701317026481
Fidelity Advisor Real Estate T,1.1962532068697012,0.8412390116401784,0.7076830747053442,0.22805443205206516,0.12723142490249356
Fidelity Advisor Real Estate A,1.1959351084964018,0.8412738549060178,0.7077416989484315,0.2279843968830724,0.1271701317026481
Fidelity Advisor Real Estate B,1.1962839417823679,0.8414098035008847,0.7079704574273974,0.22801408396075304,0.1271527485664609
Fidelity Advisor Real Estate C,1.197779985929406,0.8417697428610329,0.7085762999963294,0.22820160115714141,0.12718653829471516
Fidelity Advisor Real Estate I,1.1957053240929514,0.8416260294039615,0.7083343733702779,0.2278454503082674,0.1269670681874601
TimesSquare Small Cap Growth Instl,1.094491105014551,0.92420510670334,0.854155079256532,0.18992549047954543,0.0740839110925648
CIGNA TimesSquare Small Cap Gr Ret,,,0,0,0
TimesSquare Small Cap Growth Prem,1.092493373828656,0.9242794753976309,0.8542925486413198,0.18956370873729095,0.07385025785513098
T. Rowe Price Instl Emerging Mkts Eq,1.2465438513081444,0.85348844496682,0.7284425256918804,0.2342242257032269,0.1282818052495227
TIAA-CREF Large-Cap Gr Idx Instl,1.0115977746784837,0.9884025742222244,0.9769396487291201,0.16413775961048926,0.024990176726424018
TIAA-CREF Large-Cap Gr Idx Retire,1.0109899600227061,0.9882170259784643,0.9765728904337208,0.16406998870266454,0.025169664710580623
TIAA-CREF Large-Cap Value Idx Retire,1.0268810054170363,0.9901849895963474,0.9804663136219185,0.16632395217488155,0.023637182444058644
TIAA-CREF Large-Cap Value Idx Inst,1.027067788680712,0.9905510942425586,0.9811914703051302,0.16629273969500866,0.023210523844908102
TIAA-CREF Small-Cap Blend Idx Inst,1.269529774613497,0.9378277149182155,0.8795208228687216,0.21709593008507622,0.08685664032983478
TIAA-CREF Small-Cap Blend Idx Retire,1.2710893876251226,0.937847734593486,0.8795583732821338,0.21735792364189113,0.08704994480446376
Alger SMid Cap Growth A Load Waived,1.212796981802122,0.9387480372489425,0.8812478774387419,0.20719326487373751,0.07912194046532528
Alger SMid Cap Growth I,1.2126878537283137,0.9384457753296471,0.8806804732340625,0.20724134011020898,0.079283123946616
Alger SMid Cap Growth Z,1.2132542449907135,0.939091803386986,0.8818934151886215,0.20719513294468203,0.07897909871887203
Alger SMid Cap Growth A,1.212796981802122,0.9387480372489425,0.8812478774387419,0.20719326487373751,0.07912194046532528
Alger SMid Cap Growth B,1.211040064667194,0.9378153376101759,0.8794976074568882,0.20709875472969408,0.07944517324804214
Alger SMid Cap Growth C,1.210570713558289,0.9385890996710857,0.8809494980213792,0.20684809485637523,0.07894199135510109
Pioneer Fundamental Growth R,0.8921246023186095,0.9793380209580126,0.9591029592939567,0.1460888661669696,0.03423081055252778
Pioneer Fundamental Growth Z,0.8924628105420923,0.9793427061818182,0.9591121361515271,0.14614354069476024,0.034210125219909744
Pioneer Fundamental Growth Y,0.8927363659511633,0.9795294439011418,0.9594779314692801,0.1461605677635084,0.03407656285952057
Pioneer Fundamental Growth A,0.8924628105420923,0.9793427061818182,0.9591121361515271,0.14614354069476024,0.034210125219909744
Pioneer Fundamental Growth B,0.8899452341231862,0.9792708920916802,0.958971480098035,0.14574201652144889,0.034389135795634226
Pioneer Fundamental Growth C,0.8949310180606825,0.9795707759145458,0.9595589050258252,0.14651343367323272,0.033936413319886796
Pioneer Fundamental Growth A LW,0.8924628105420923,0.9793427061818182,0.9591121361515271,0.14614354069476024,0.034210125219909744
JPMorgan Intrepid Value R5,1.0732025908232548,0.990382912507607,0.9808583133870503,0.17379105068771986,0.026752020592645587
JPMorgan Intrepid Value A Load Waived,1.0753349888117547,0.9904576569999969,0.9810063703099234,0.17412298310254465,0.02686146745053573
JPMorgan Intrepid Value A,1.0753349888117547,0.9904576569999969,0.9810063703099234,0.17412298310254465,0.02686146745053573
JPMorgan Intrepid Value C,1.0736525903512497,0.9905816813155982,0.9812520673580373,0.17382890264541304,0.02656556990601969
JPMorgan Intrepid Value R2,1.0740092269083907,0.9903879342352009,0.9808682602786686,0.17392069699293133,0.026819509177460808
JPMorgan Intrepid Value R6,1.074262801459971,0.9904764169868687,0.9810435326071453,0.1739461441312421,0.026741755932137297
JPMorgan Intrepid Value Select,1.0755602248544711,0.9906701202014487,0.981427287059953,0.17412224213423985,0.026639261737695142
JPMorgan Intrepid Gr Sel,1.0775609655612675,0.9834021261058894,0.9670797416295835,0.1757291827575632,0.03421857799386036
JPMorgan Intrepid Growth R2,1.0768810949384389,0.983211213737871,0.9667042908198975,0.17565234621331718,0.034335166544985696
JPMorgan Intrepid Growth A,1.0791948734956338,0.9833317281306877,0.9669412875484846,0.176008067653414,0.03442403242309347
JPMorgan Intrepid Growth C,1.0788542788257542,0.9832637999885273,0.9668077003678787,0.17596469437313844,0.034456641448841176
JPMorgan Intrepid Growth A Load Waived,1.0791948734956338,0.9833317281306877,0.9669412875484846,0.176008067653414,0.03442403242309347
JPMorgan Intrepid Growth R5,1.0782299512372253,0.9833000613131265,0.9668790105783984,0.17585632478849775,0.03436960405896326
Franklin Intl Small Cap Growth A LW,0.8894783801023107,0.8437599611865543,0.7119308721015356,0.16908758038451943,0.09243846726107462
Franklin Intl Small Cap Growth A,0.8894783801023107,0.8437599611865543,0.7119308721015356,0.16908758038451943,0.09243846726107462
Franklin Intl Small Cap Growth C,0.8908716553221323,0.8446327131966853,0.713404420201994,0.16917741967996514,0.09221499801815888
Franklin Intl Small Cap Growth R,0.8892874023945081,0.8431587255659242,0.7109166364979536,0.16917168007257988,0.09264538831577201
Franklin Intl Small Cap Growth Adv,0.8913986757756436,0.8441840732210806,0.7126467494801347,0.16936734275652998,0.09241646562760288
Sterling Capital Special Opps Eq A LW,0.9705083939167296,0.953554505148104,0.9092661942882456,0.1632227891075286,0.049385002759147915
Sterling Capital Special Opps Eq Inst,0.9684089142633386,0.9532426358678735,0.9086715228363313,0.16292290906915863,0.049488243052228834
Sterling Capital Special Opps Eq C,0.9669715828186628,0.9525117435908761,0.9072786216785309,0.16280607849516085,0.04984880382464749
Sterling Capital Special Opps Eq B,0.969373783825435,0.9531569505553482,0.9085081723919705,0.16310005035817268,0.049569697099358906
Sterling Capital Special Opps Eq A,0.9705083939167296,0.953554505148104,0.9092661942882456,0.1632227891075286,0.049385002759147915
Sterling Capital Special Opps Eq R,0.9736079525815856,0.9536170886038102,0.9093855516772072,0.16373317861778716,0.04946076430572207
Baron Partners Retail,1.2513597401778065,0.9505888846234516,0.9036192275696577,0.21112083825005634,0.07693272676207379
Baron Partners Instl,1.252855205245756,0.9506661255483144,0.9037660822650434,0.21135593074047054,0.07707816827834678
Eaton Vance Tax-Managed Global Div Inc A,0.8815388111031152,0.9724237643606326,0.945607977493303,0.14539079076607392,0.03885953697331675
Eaton Vance Tax-Managed Global Div Inc B,0.8787146757417231,0.9716144486643193,0.9440346368532692,0.14504593458903842,0.039434869172590564
Eaton Vance Tax-Managed Global Div Inc C,0.8810595426527249,0.9722055444453809,0.9451836206503395,0.1453444092340996,0.039002765225221066
Eaton Vance Tax-Managed Global Div A LW,0.8815388111031152,0.9724237643606326,0.945607977493303,0.14539079076607392,0.03885953697331675
Eaton Vance Tax-Managed Global Div Inc I,0.8844448597951685,0.972909463548937,0.9465528242630805,0.1457972806676066,0.03845696297868566
ING American Funds International Port,1.198467888964919,0.9295493034628063,0.8640619075681883,0.20677339245113693,0.08259869009289028
Wells Fargo Advantage Equity Value A LW,1.255569060186451,0.984018160006598,0.9682917392227708,0.20463255853001425,0.054832280625412615
Wells Fargo Advantage Equity Value Instl,1.2569496994178526,0.9839540985816847,0.9681656681156957,0.20487089229577013,0.05507408864008208
Wells Fargo Advantage Equity Value A,1.255569060186451,0.984018160006598,0.9682917392227708,0.20463255853001425,0.054832280625412615
Wells Fargo Advantage Equity Value B,1.2537839209203698,0.983961693891979,0.9681806150467724,0.20435345757618772,0.0546280188631299
Wells Fargo Advantage Equity Value C,1.2587939867226077,0.9841827989947538,0.968615781837148,0.20512380237982453,0.05515413632012864
Wells Fargo Advantage Equity Value Adm,1.2600123952152507,0.9840349066624621,0.9683246975302005,0.20535303769796656,0.05543875481814314
Wells Fargo Advantage Equity Value R,1.2549361544740636,0.9841113483297579,0.968475145911414,0.2045099961547194,0.05467188456618178
Waddell & Reed Dividend Opps A,1.151789672598685,0.9692169085280219,0.9393814157766159,0.190581615379659,0.052852554706087754
Waddell & Reed Dividend Opps B,1.1500851324319692,0.9692233895439853,0.9393939788391319,0.19029831043076,0.05266088683251862
Waddell & Reed Dividend Opps C,1.1488823765723875,0.9697914599173104,0.9404954757285482,0.18998802550114047,0.0521251113515604
Waddell & Reed Dividend Opps Y,1.1509396242200791,0.9691323434782296,0.9392174991756054,0.19045764283202757,0.0528190893999175
Waddell & Reed Dividend Opps A LW,1.151789672598685,0.9692169085280219,0.9393814157766159,0.190581615379659,0.052852554706087754
Optimum Large Cap Growth A,1.1151687634130343,0.9817058496436661,0.9637463752245924,0.18217423990404744,0.039291133024655096
Optimum Large Cap Growth B,1.116643066674163,0.9810541549031133,0.9624672548526619,0.182536289155153,0.039999634271023266
Optimum Large Cap Growth C,1.1170481448279286,0.9811481526934043,0.9626516975336799,0.1825849633433837,0.03996154755989336
Optimum Large Cap Growth Instl,1.1157851131025154,0.9817108154868057,0.9637561252437691,0.18227406326289125,0.03935030999748165
Optimum Large Cap Growth A Load Waived,1.1151687634130343,0.9817058496436661,0.9637463752245924,0.18217423990404744,0.039291133024655096
Optimum Large Cap Value A Load Waived,1.0376938200472634,0.9905179835553354,0.9811258757465277,0.16801464275118966,0.0238562588346818
Optimum Large Cap Value A,1.0376938200472634,0.9905179835553354,0.9811258757465277,0.16801464275118966,0.0238562588346818
Optimum Large Cap Value B,1.0392982511029183,0.9905643328748336,0.9812176975637642,0.1682661624117658,0.02390180928156256
Optimum Large Cap Value C,1.032552994381257,0.9901736109375184,0.9804437797970441,0.1672407482612875,0.023958498477412774
Optimum Large Cap Value Instl,1.0372920068084852,0.9899089510189658,0.9799197313074692,0.16805291409684717,0.02454871919224533
Lord Abbett Intl Core Equity A LW,1.185204736902682,0.9158722600479786,0.8388219967253923,0.20753974100711248,0.08843934526922903
Lord Abbett Intl Core Equity F,1.1867630715584798,0.9166201853795835,0.840192564245302,0.2076431823364804,0.08822846608954667
Lord Abbett Intl Core Equity R2,1.1870241708249425,0.916472434726002,0.839921723612606,0.20772259122710932,0.08833858760449828
Lord Abbett Intl Core Equity R3,1.1873010953465901,0.916523163283698,0.8400147088355561,0.20775911560952365,0.08834487222421812
Lord Abbett Intl Core Equity A,1.185204736902682,0.9158722600479786,0.8388219967253923,0.20753974100711248,0.08843934526922903
Lord Abbett Intl Core Equity B,1.1851446629679154,0.9163295808725964,0.8396599007821482,0.2074258317198096,0.08818889414410842
Lord Abbett Intl Core Equity C,1.1841155418991773,0.9161084268644822,0.8392546497721165,0.20729577114230885,0.0881831674320067
Lord Abbett Intl Core Equity P,1.1840069015176788,0.9160665618226723,0.839177945689612,0.20728619756106886,0.08819241076528664
Lord Abbett Intl Core Equity I,1.1847933580687189,0.9164051178775229,0.8397983400721165,0.20734722828936256,0.088106562643249
Oppenheimer Real Estate N,1.1208468002822691,0.847515622873728,0.718282731015043,0.21209527557641408,0.1142100349108577
Oppenheimer Real Estate A,1.120309663502157,0.8469412249118825,0.7173094384552399,0.21213742745897235,0.11440900541559612
Oppenheimer Real Estate B,1.1204875904109945,0.8474036738492914,0.7180929864532761,0.21205539654714284,0.11421672019949744
Oppenheimer Real Estate Y,1.120624526217003,0.8474106510958014,0.71810481159061,0.2120796484980173,0.11423075419930859
Oppenheimer Real Estate C,1.120027031758499,0.8468128521020205,0.7170920064851585,0.21211609003263934,0.11443291444184936
Oppenheimer Real Estate A Load Waived,1.120309663502157,0.8469412249118825,0.7173094384552399,0.21213742745897235,0.11440900541559612
VP Goldman Sachs Mid Cap Value 2,1.1551284682742777,0.9756032970090873,0.9518017931350014,0.189893913970378,0.04853818734889546
VP Goldman Sachs Mid Cap Value 1,1.1527738139081438,0.9752532749695965,0.9511189503389232,0.18957488796472316,0.04853876413340951
Domini Social Equity Inv,1.0156957627933951,0.9817650655692387,0.9638626439721715,0.1659204804283339,0.03163512146959
Domini Social Equity R,1.0159375516853701,0.98141457022143,0.9631745586429141,0.16601946114772004,0.031954960314644044
Domini Social Equity A Load Waived,1.0129491770406196,0.9814089727315325,0.963163571757962,0.16553198136640773,0.031831626261133374
Domini Social Equity A,1.0129491770406196,0.9814089727315325,0.963163571757962,0.16553198136640773,0.031831626261133374
Domini Social Equity Instl,1.0163727962452083,0.9815708358327915,0.9634813057574848,0.16606390510167868,0.03183663687361585
AllianceBern Tx-Mgd Wlth Appr Strat A,1.1763168495028105,0.9865741240155745,0.9733285021770982,0.19122041405339818,0.04212077869875311
AllianceBern Tx-Mgd Wlth Appr Strat Adv,1.1779736152860427,0.9865199137335027,0.9732215401927575,0.19150010303075463,0.0423795713662092
AllianceBern Tx-Mgd Wlth Appr Strat B,1.174312618330691,0.9866412259593501,0.9734609087625694,0.19088165949493469,0.04180691559780738
AllianceBern Tx-Mgd Wlth Appr Strat C,1.1745712757185907,0.9867514499247302,0.9736784239285572,0.19090236960592236,0.04174235453821682
AllianceBern Tx-Mgd Wlth Appr Strat A LW,1.1763168495028105,0.9865741240155745,0.9733285021770982,0.19122041405339818,0.04212077869875311
T. Rowe Price Instl Small-Cap Stock,1.2576419601107536,0.9427058368310441,0.8886942947953191,0.2139513940250548,0.08246134857050474
Vanguard Materials Index Adm,1.4769357874437878,0.9260103133258698,0.8574951003858756,0.2557724713691046,0.1231614487772638
Vanguard Consumer Discretionary Idx Adm,1.1559454092172536,0.9514692354998746,0.9052937061027158,0.19483701494452862,0.0649557421492592
Vanguard Health Care Index Adm,0.6907548558369679,0.841217972294895,0.7076476769119349,0.13167212713213577,0.08675792228518495
Vanguard Financials Index Adm,1.2657269210690485,0.9291291113098717,0.863280905483472,0.2184750586265886,0.09131698620108913
Sit Dividend Growth I,0.9480781337082578,0.9911283640078015,0.9823354339407812,0.15341203587034183,0.022020062586777973
Sit Dividend Growth S,0.9466366194471647,0.9911365718619588,0.9823517040822758,0.15317745564456184,0.02207111356103914
Principal SmallCap Value II R1,1.3291393043936173,0.9461987835734421,0.8952921380358615,0.22528095978242432,0.08998573774381455
Principal SmallCap Value II Inst,1.331666612802553,0.9456963671693677,0.8943416188773395,0.22582932655468038,0.0906350761660386
Principal SmallCap Value II R3,1.326667157193098,0.945712972850847,0.894373027018387,0.22497762792528758,0.08993302851080273
Principal SmallCap Value II R2,1.3281936196884068,0.9456158879265758,0.8941894074991663,0.22525938002467583,0.0902018274993895
Principal SmallCap Value II R5,1.3309810888111901,0.9465736784545659,0.8960017287430078,0.22550381482157975,0.09001741366911446
Principal SmallCap Value II R4,1.32654570745935,0.9459988129344652,0.8949137540734173,0.2248891320966887,0.08974611790149822
Principal SmallCap Value II J,1.324385814765346,0.9455908437758542,0.8941420438327319,0.2246196257713888,0.08969070945410865
Hansberger International Growth Inst,1.3528881280867433,0.9325428033639309,0.869636080105859,0.2326562046180593,0.10127237471344012
Hansberger International Growth Adv,1.355746344928326,0.9323220437695571,0.8692243932986439,0.23320280339815627,0.10180248132739061
ING Invesco VanKampen Gr & Inc Port I,1.071523326739626,0.9828003062973611,0.9658964420581868,0.17485740238038616,0.03426087626710259
ING Invesco VanKampen Gr and Inc Port S2,1.0703112483928097,0.9826386372773244,0.9655786914702369,0.17468841405290625,0.034308389150359074
ING Invesco VanKampen Gr and Inc Port S,1.0714984205555376,0.9826864674275175,0.9656726932651735,0.17487366743570845,0.034362023138486825
ING Invesco VanKampen Gr & Inc Port Adv,1.0706910520653146,0.9826279166219605,0.9655576225248145,0.17475230806261158,0.03434900024454721
GuideStone Funds Agrsv Allocation GS4,1.1394803775779134,0.9882032174402902,0.9765455989593412,0.18492778959075323,0.03608297730197387
GuideStone Funds Agrsv Allocation GS6,,,0,0,0
GuideStone Funds Global Equity GS8,,,0,0,0
Schroder North American Equity Adv,1.0012447301181948,0.9977983750797343,0.9956015973117583,0.16093051406106654,0.0106727772411335
Schroder North American Equity Inv,0.9973796098293438,0.9982353071920402,0.9964737285247868,0.16023957413751153,0.00952281016560713
CRM Small/Mid Cap Value Inst,1.1993908076003654,0.9603292837138503,0.9222323331583568,0.20029504295471334,0.06435069291692128
CRM Small/Mid Cap Value Inv,1.196136127838785,0.9602656639696453,0.9221101453990638,0.1997649814930621,0.0640023104706541
CRM Small/Mid Cap Value Adv,,,0,0,0
Transamerica UBS Large Cap Value I2,,,0,0,0
Transamerica UBS Large Cap Value A,,,0,0,0
Champlain Small Company Adv,0.9458452437858049,0.9290496124012562,0.8631331823029244,0.16328452667072252,0.06101410106251941
Franklin Templeton Corefolio Allc A LW,1.061738604276823,0.9875589771152341,0.9752727332808875,0.172424736462131,0.02885913276330224
Franklin Templeton Corefolio Allc C,1.0604476198636614,0.9876707089392538,0.9754934292965683,0.17219567744330863,0.028640895178832254
Franklin Templeton Corefolio Allc R,1.0614692575927638,0.9877937175951456,0.9757364285204382,0.17234003768530454,0.02859209404011469
Franklin Templeton Corefolio Allc Adv,1.0611661588136534,0.9880889396105023,0.9763197525806068,0.17223953152415303,0.02825619585296547
Franklin Templeton Corefolio Allc A,1.061738604276823,0.9875589771152341,0.9752727332808875,0.172424736462131,0.02885913276330224
Franklin Templeton Corefolio Allc B,1.0607626661987193,0.9877662224906618,0.9756821102934715,0.17223009246177626,0.028565349292240666
SEI Instl Mgd US Managed Volatility I,0.6808249350070877,0.9598009539026959,0.9212178711125251,0.11376982856770149,0.060319072857983824
SEI Instl Mgd US Managed Volatility A,0.6784311093575236,0.9596874369448678,0.9209999766298097,0.11338351131097207,0.06061114621878828
JHVIT American International Tr Ser I,1.2027995403138128,0.9297022624888907,0.864346296876962,0.20748631622530792,0.08303699038158605
JHVIT American International Tr Ser II,1.2005301412014755,0.9299212890581154,0.8647536038435072,0.20704620885652603,0.08264022848793552
JHVIT American International Tr Ser III,1.2012308526703745,0.9298179027192709,0.8645613322172636,0.20719006146241925,0.08278256864524536
AllianceBernstein Rel Est Invmt Inst II,,,0,0,0
AllianceBern Global Real Estate Instl,1.160155730165461,0.9141466884543331,0.8356641680120237,0.2035395657045098,0.0863988260677567
Northern Mid Cap Index,1.1611226769032548,0.9610200220858257,0.9235594828498409,0.19377377831328885,0.05946801962988574
ING Value Choice A Load Waived,0.8504815194742583,0.8419271600882751,0.7088413428943079,0.1620143359950626,0.09062865560851943
ING Value Choice A,0.8504815194742583,0.8419271600882751,0.7088413428943079,0.1620143359950626,0.09062865560851943
ING Value Choice B,0.8485594339173547,0.8410663001913017,0.7073925213174848,0.16181374536200888,0.09081535737212018
ING Value Choice C,0.8483349482926698,0.840915179832751,0.707138339673148,0.16180000176470657,0.0908544414518766
ING Value Choice I,0.8515905510329308,0.8421708100414632,0.7092516732858942,0.1621786147590389,0.09060780895105434
ING Value Choice O,0.8499066834983844,0.8412634963630026,0.7077242703129036,0.16203260920256377,0.0908240793147133
ING Value Choice W,0.8503390137709107,0.8410307838549589,0.7073327793916865,0.16215986469961932,0.09092868240392889
BlackRock All-Cap Engy & Res Invest A LW,1.4251492016677,0.8216553723528667,0.675117550916328,0.2781503688805402,0.17255886196792175
BlackRock All-Cap Engy & Res Investor A,1.4251492016677,0.8216553723528667,0.675117550916328,0.2781503688805402,0.17255886196792175
BlackRock All-Cap Engy & Res Investor B,1.4256908658476513,0.8220810009396129,0.6758171721058759,0.27811203166591336,0.17241630303474204
BlackRock All-Cap Engy & Res Investor C,1.424768643682414,0.821541252420345,0.6749300294283891,0.2781146959838115,0.17255812110865856
BlackRock All-Cap Engy & Res Inst,1.4274005704746202,0.8221435528861382,0.6759200215522422,0.27842432639057546,0.17266513035541953
BlackRock All-Cap Engy & Res Service,1.426990994505729,0.8219186707007693,0.6755503012465198,0.27842050079891795,0.1727200900938626
JHancock Global Opportunities A,1.3305616521115466,0.8473356802431411,0.7179777550131067,0.25183847635876505,0.14383648118264214
JHancock Global Opportunities B,1.3298648601765302,0.8470214187286864,0.7174452837851567,0.25179990931626395,0.14389365243298127
JHancock Global Opportunities C,1.3303012372664575,0.8472635361608537,0.7178554997077942,0.2518105526279037,0.14383429119758312
JHancock Global Opportunities I,1.330615518778181,0.847021602204891,0.7174455946017406,0.25194193956924116,0.14400807334606527
JHancock Global Opportunities A LW,1.3305616521115466,0.8473356802431411,0.7179777550131067,0.25183847635876505,0.14383648118264214
JHancock Global Opportunity NAV,1.3327845587613982,0.8476394083375289,0.718492566566796,0.25216869003840586,0.14401756381942016
JHancock Global Opportunities R2,1.33041246705363,0.8472481937537928,0.7178295018190645,0.2518362534915393,0.14385923485159768
JHancock Global Opportunities R6,1.3303103868791317,0.8473207924526185,0.7179525253225333,0.2517950892145792,0.14380590680580113
ING Pioneer Mid Cap Value Port S,1.1250936284034097,0.9807860389025223,0.9619412541061,0.18397415642734688,0.04110932480208515
ING Pioneer Mid Cap Value Port Adv,1.1245548014772193,0.9809075848266904,0.9621796899705308,0.18386322659055637,0.040950078322175225
ING InvTr Pioneer Mid Cap Value Port I,1.1254096839761354,0.9805860587610822,0.9615490186365926,0.18406321320842753,0.041310345960150624
ING Pioneer Mid Cap Value Port S2,1.1224491587965486,0.9812264424054595,0.9628053312756747,0.18345951151906514,0.04045835776935518
ING MFS Utilities Port S,0.7928819766490621,0.9128101492853459,0.8332223686383354,0.13931775453658923,0.0658648356966201
ING MFS Utilities Port S2,0.7943764706878091,0.9129993799289623,0.8335678677506696,0.13955040949175626,0.06577578715997463
ING MFS Utilities Port Adv,0.7951300114290296,0.9124103062667728,0.832492566981826,0.13977369502583264,0.06595330276963209
ING MFS Utilities Port I,0.793575265480236,0.9120057908714192,0.8317545625830028,0.1395624726916062,0.06611170961003734
Oppenheimer Equity Inv A Load Waived,1.1036085402323776,0.9788303599521404,0.9581088735640368,0.18082445882159703,0.0405603851411448
Oppenheimer Equity Inv A,1.1036085402323776,0.9788303599521404,0.9581088735640368,0.18082445882159703,0.0405603851411448
Oppenheimer Equity Inv B,1.1026022737538441,0.979474998935246,0.9593712735392004,0.18054067856953193,0.039929758566404246
Oppenheimer Equity Inv C,1.104339651945789,0.9790060264391822,0.9584527998042368,0.18091192045230742,0.0404861069210238
Oppenheimer Equity Inv N,1.1039688849118625,0.9791519389271535,0.958738519504804,0.1808241655278217,0.040329685323524114
Oppenheimer Equity Inv Y,1.1046794434874567,0.9791496110381942,0.9587339607962471,0.18094080469852802,0.04040033964516705
Victory Inst Diversified Stock,1.1087740851954657,0.983710232365583,0.9676858212607492,0.18076180004276082,0.03687414677863715
William Blair Emerging Mkts Growth I,1.1632958928621893,0.849646908190923,0.7218998685983948,0.21957293372958833,0.11869740173495032
William Blair Emerging Mkts Growth Instl,1.1622646515444006,0.8500285894135693,0.7225486028204224,0.21927972083444708,0.11837859473470295
William Blair Emerging Mkts Growth N,1.1614929001648817,0.8500858342483024,0.7226459255896323,0.21911951906190286,0.11824930195323975
Parnassus Small-Cap,1.2829587903217432,0.920203160104033,0.8467738558654487,0.22360779190286773,0.09857149396315876
Thrivent Aggressive Allocation A LW,1.0526949846826816,0.9821784510606484,0.9646745097278945,0.17189680252006656,0.033387598385057664
Thrivent Aggressive Allocation Inst,1.0538797238394344,0.9823969513623486,0.9651037700460366,0.17205192403952907,0.0332740372823131
Thrivent Aggressive Allocation A,1.0526949846826816,0.9821784510606484,0.9646745097278945,0.17189680252006656,0.033387598385057664
IronBridge Frontegra SMID Instl,1.1064069944904542,0.9436134286118387,0.8904063026565897,0.1880501946919459,0.06453630771316841
IronBridge Frontegra SMID Y,,,0,0,0
Cambiar Small Cap Inv,1.3010475115584361,0.9268660990590085,0.8590807655848639,0.2251143389637209,0.09730939532020924
Cambiar Small Cap Instl,1.3034783683220306,0.9271879407682422,0.8596774775060533,0.2254565757841798,0.09745925822659826
Hartford Capital Appreciation II A,1.2410953610654298,0.9818128371106742,0.9639564471153114,0.20272960574280754,0.05454606102684924
Hartford Capital Appreciation II B,1.2419178905936532,0.9814760244982539,0.963295186664897,0.20293337428772573,0.054915300182659645
Hartford Capital Appreciation II C,1.2376660520339555,0.981245448065969,0.9628426293501843,0.20228638183645903,0.05451744289020847
Hartford Capital Appreciation II Y,1.2402496420450138,0.9812528914012927,0.9628572368833972,0.20270707135688582,0.054860061899341846
Hartford Capital Appreciation II A LW,1.2410953610654298,0.9818128371106742,0.9639564471153114,0.20272960574280754,0.05454606102684924
Hartford Capital Appreciation II I,1.2406776109812983,0.9813305390098761,0.963009626793414,0.20276097757740455,0.05485860964638788
Hartford Capital Appreciation II R3,1.2388526343698762,0.9812783970958115,0.9629072926069252,0.20247348145202973,0.054652105880011605
Hartford Capital Appreciation II R4,1.2402903971253612,0.9815094488403832,0.9633607981629527,0.2026607153031067,0.05466954123822514
Hartford Capital Appreciation II R5,1.2413915444098136,0.9812991520329237,0.9629480257805352,0.2028840608191829,0.054979066746004515
Invesco Global Real Estate A LW,1.094874603624337,0.9151431959096987,0.8374870690198173,0.19187730935932468,0.0788170142351438
Invesco Global Real Estate A,1.094874603624337,0.9151431959096987,0.8374870690198173,0.19187730935932468,0.0788170142351438
Invesco Global Real Estate B,1.0924289505330074,0.9152539757289158,0.8376898400875866,0.1914255519046832,0.07851615865468893
Invesco Global Real Estate C,1.0932525980015253,0.9148406265609129,0.8369333720063638,0.19165621273076558,0.07880890859772982
Invesco Global Real Estate R,1.0935919914252057,0.9145800980679649,0.8364567557820084,0.1917704877947436,0.07897548205766804
Invesco Global Real Estate Instl,1.0920255683425417,0.9145412446739054,0.836385688209696,0.19150416120988523,0.07883879534806452
Invesco Global Real Estate Y,1.0901138496479723,0.914508707871353,0.8363261767725316,0.19117576969762642,0.07866524798265236
Columbia Large Growth Quantitative Z,1.0655716811639233,0.9873501540637026,0.9748603267296174,0.1730769073988654,0.029383235424229822
Columbia Large Growth Quantitative A,1.0691331312301213,0.9871354302190488,0.9744363575937466,0.17369293939959238,0.029897595674701075
Columbia Large Growth Quantitative B,1.065866550114855,0.9870962556439911,0.9743590179063876,0.17316929639225886,0.029668221754366828
Columbia Large Growth Quantitative C,1.06613211530907,0.9868810378556825,0.973934182879109,0.17324989861200493,0.029909374993555823
Columbia Large Growth Quantitative I,1.0660308762548858,0.9873972495516534,0.9749533284221701,0.17314323348987407,0.029372065195851192
Columbia Large Growth Quantitative R,1.0655053810269501,0.9868118020012937,0.9737975325690403,0.1731606093509686,0.029928847889556166
RiverSource Disciplined Large Cap Gr R3,,,0,0,0
Columbia Large Growth Quantitative R4,1.0677014425463476,0.9871717887752178,0.9745081405536634,0.17345402441265245,0.029741390139028556
RiverSource Disciplined Large Cap Gr R5,,,0,0,0
Columbia Large Growth Quantitative A LW,1.0691331312301213,0.9871354302190488,0.9744363575937466,0.17369293939959238,0.029897595674701075
Columbia Large Growth Quantitative W,1.0669735106042921,0.9867336458666922,0.9736432878853747,0.173412649803472,0.030127464984944344
Transamerica Large Cap Value I2,1.0839415520842635,0.9825666602882165,0.9654372419099394,0.1769162958000023,0.035533347408956834
ASTON/River Road Dividend All Cap Val N,0.7273187724622394,0.9705424094896916,0.9419525686180562,0.1201947289185056,0.052439079644660505
ASTON/River Road Dividend All Cap Val I,0.7279056406262187,0.9704131506086281,0.941701682874164,0.12030777867401315,0.052410334754333834
MainStay Growth Equity Inv,1.0291478805763483,0.9733147140033982,0.947341532495517,0.169572484933732,0.039185591780841605
MainStay Growth Equity A Load Waived,1.028080343613648,0.9730976737671027,0.9469190826909465,0.16943449615399683,0.03928865815082249
MainStay Growth Equity A,1.028080343613648,0.9730976737671027,0.9469190826909465,0.16943449615399683,0.03928865815082249
MainStay Growth Equity B,1.0302399844148606,0.9743857253338084,0.9494275417342919,0.16956621867945276,0.03843308449175007
MainStay Growth Equity C,1.0289056488403345,0.9738707345184887,0.9484242075515806,0.16943596586420573,0.038750976132929306
MainStay Growth Equity I,1.0307846787274921,0.9738684239581731,0.9484197071827761,0.16974556970428392,0.03885961544291255
Intrepid Small Cap,0.7398299215844757,0.9334961311614001,0.8714150268933019,0.12711577882092898,0.06178076638012991
Intrepid Small Cap Instl,0.741574937008534,0.9336675608048001,0.871735114099185,0.12739206422973998,0.06162341818338374
JHFunds2 All Cap Value 1,1.1285165647355777,0.9736347688441743,0.9479646631022487,0.1858845158231273,0.047138208367200576
JHFunds2 All Cap Value NAV,1.1278545351397553,0.9730234237094673,0.9467745830872935,0.18589221457131985,0.047527944364632674
JHancock2 Natural Resources 1,1.4406815356727238,0.8846670862538287,0.7826358535008392,0.2611572587788044,0.1407622299215738
JHancock2 Natural Resources NAV,1.4408428268739284,0.8852210073448911,0.7836162318447036,0.2610231399147147,0.14048364532809773
JHancock2 Natural Resources A,1.4397706658101261,0.884572592145382,0.7824686707748003,0.26102010265319797,0.1406740944956066
JHancock2 Natural Resources I,1.440442664295316,0.8847773875740703,0.7828310255623966,0.2610814267209034,0.14066515409380598
JHancock2 Natural Resources A LW,1.4397706658101261,0.884572592145382,0.7824686707748003,0.26102010265319797,0.1406740944956066
JHancock2 Natural Resources R6,1.4411737240099143,0.8845760980821689,0.7824748732982748,0.26127336034484705,0.1408876528732187
JHFunds2 Mid Cap Stock 1,1.2437321693687766,0.9298488858279012,0.8646189504753892,0.21451534336511333,0.08806050909892528
JHFunds2 Mid Cap Stock NAV,1.245956624549697,0.929878221680545,0.8646735071557728,0.21489206527723567,0.08832917050150209
JHFunds2 Mid Cap Index NAV,,,0,0,0
JHFunds2 Intl Equity Index NAV,,,0,0,0
Weitz Partners III Opportunity Instl,0.9172822452193328,0.9185440019669715,0.8437230835494997,0.16016379730928051,0.06467510018522694
Weitz Partners III Opportunity Investor,0.9162087963759046,0.918025562283449,0.8427709330058426,0.16006702339815,0.0648613237831665
Matthews India Investor,0.9592268525159476,0.596948463466848,0.3563474680354308,0.2576912774590195,0.20681587946506544
Matthews India Instl,0.9594055958683455,0.5975981862637878,0.3571235922257688,0.2574590593159946,0.20650431057838411
Rainier Mid Cap Equity,1.2890271672275004,0.9575751182999112,0.9169501071870889,0.21588338935084903,0.07756975665971334
Rainier Mid Cap Equity I,1.2894172503132493,0.9578672696058604,0.917509706182186,0.2158828860196353,0.07743886529193944
VALIC Company I Foreign Value,1.2640760543642016,0.9123432560032744,0.8323702167746564,0.2222086206282324,0.10033222463950026
VALIC Company I Emerg Economies,1.23710967733206,0.927063685833144,0.8594470775905343,0.21400175567335264,0.08877220100243682
VALIC Company I Growth,1.0601688695616376,0.9829487448390435,0.966188234980651,0.17297423935139233,0.03323183914413433
William Blair International Sm Cap Gr N,1.0225304254324603,0.8824284934402628,0.7786800460352518,0.18585547288103194,0.08748511213341875
William Blair International Sm Cap Gr I,1.0208907552221054,0.8821777474506319,0.778237578097071,0.18561041855671687,0.08744652691638581
William Blair Intl Small Cap Gr Instl,1.020559535142489,0.8816944499252547,0.7773851030289975,0.18565182363008426,0.08763173721310702
BlackRock Global Dynamic Equity Inv A LW,0.9987893780248307,0.9626316133702875,0.9266596230598826,0.1664021173330115,0.0450553059316584
BlackRock Global Dynamic Equity Inv A,0.9987893780248307,0.9626316133702875,0.9266596230598826,0.1664021173330115,0.0450553059316584
BlackRock Global Dynamic Equity Inv B,1.0004674622311467,0.9626187950209626,0.92663494452761,0.16668375738935748,0.04513884102137273
BlackRock Global Dynamic Equity Inv C,0.9976449020629244,0.9632610618651244,0.9278718733055268,0.16610298667012668,0.044602214677095506
BlackRock Global Dynamic Equity Instl,1.0006016818480334,0.9626301887019233,0.9266568802003005,0.16670435366177683,0.04513765380722987
BlackRock Global Dynamic Equity R,1.0008143923736728,0.9631736956115712,0.9277035679180518,0.1666457782805636,0.04479873537332011
JHFunds2 All Cap Core NAV,1.095624695522648,0.9917262322386607,0.9835209197102901,0.17717734241622485,0.0274265214446146
Artisan Value Fund Investor Shares,0.9136957653827844,0.9645211914448666,0.9303011287462248,0.15192162442530657,0.04242197543579326
Artisan Value Institutional,0.9124590194382578,0.9648413635049911,0.9309188567301703,0.1516655421052207,0.04225556437403132
Northern Multi-Manager Mid Cap,1.1696103137149452,0.966640114102825,0.9343931101927225,0.1940531786188113,0.05664954459952626
Nuveen Tradewinds Global All-Cap R3,0.8849632254822594,0.8243475499924261,0.6795488831785154,0.17217347117242374,0.09917384795495807
Nuveen Tradewinds Global All-Cap A,0.8861136369259618,0.8246546306643937,0.6800552598762275,0.17233294661947812,0.0991527255996103
Nuveen Tradewinds Global All-Cap B,0.8856686074207458,0.8249701841259334,0.6805758046967764,0.17218060528795337,0.09900330280109707
Nuveen Tradewinds Global All-Cap C,0.8841329561414945,0.8241943543588623,0.6792963337570221,0.1720439070492909,0.0991643497989916
Nuveen Tradewinds Global All-Cap I,0.8847909540489198,0.8235445062034331,0.6782255536978564,0.17230771810066814,0.09945133228910748
Nuveen Tradewinds Global All-Cap A LW,0.8861136369259618,0.8246546306643937,0.6800552598762275,0.17233294661947812,0.0991527255996103
Northern Global Real Estate Index,1.130606645694499,0.9117082069938379,0.8312118546999188,0.19888831011092747,0.08433427603407537
GMO International Opp Equity Allc III,1.0692174301839965,0.9211283129675021,0.8484773689503564,0.18616588331902967,0.0732956442916806
American Century NT Growth Institutional,1.035620087108392,0.9819166523352543,0.9641603121332727,0.1691469358115845,0.03252127830091729
American Century NT Large Company Val I,0.9907868611147198,0.9897737564273856,0.9796520889123776,0.16053940749270876,0.02294366941714922
American Century NT Equity Growth Instl,1.0013580654598082,0.9947994445654886,0.9896259349078046,0.16143094258303145,0.016440801904530084
Goldman Sachs Small/Mid Cap Growth R,1.1167565484245963,0.9321204054926108,0.8688484503357091,0.1921397602619299,0.07204614924765665
Goldman Sachs Small/Mid Cap Growth IR,1.116684432424796,0.9315415648787015,0.86776968709666,0.19224689761734048,0.07235649320068294
Goldman Sachs Small/Mid Cap Growth A,1.1200830900162644,0.9330898013298673,0.870656577345811,0.19251189317871073,0.0718518102934379
Goldman Sachs Small/Mid Cap Growth B,1.116742222197485,0.9321430784326746,0.8688907186699434,0.19213258633907693,0.07203223016786107
Goldman Sachs Small/Mid Cap Growth C,1.1183072481217355,0.9333329132671694,0.8711103269877815,0.1921566643825424,0.0715358560349996
Goldman Sachs Small/Mid Cap Growth I,1.1203260476292423,0.9328989207148958,0.8703003962710173,0.19259303835549096,0.07198216752085135
Goldman Sachs Small/Mid Cap Growth S,1.11902425324407,0.9328043638584451,0.8701239812333585,0.19238877034659052,0.07190098627788674
Goldman Sachs Small/Mid Cap Growth A LW,1.1200830900162644,0.9330898013298673,0.870656577345811,0.19251189317871073,0.0718518102934379
JHVIT US Equity Series I,0.7982575672325817,0.9553676232796889,0.9127272956110815,0.13399297936157983,0.0511169842941789
JHVIT US Equity Series II,0.7979694955843514,0.9553319392711576,0.9126591141915906,0.1339496322334769,0.05114827649128142
JHVIT US Equity Series NAV,0.7983018092923599,0.9553700974107121,0.9127320230265535,0.13400005782599037,0.05111328439654597
Cohen & Steers Instl Global Realty,1.1641791071828242,0.9166635909723528,0.8402721390143291,0.2036843575730222,0.08553899412142923
Marsico Flexible Capital,0.9566461526524567,0.9297238862442251,0.8643865046530648,0.1650428903687382,0.0611546485082688
Dreyfus Global Stock A,0.903287384206829,0.9533516381891185,0.9088793460378759,0.15195081398184176,0.04841132134777685
Dreyfus Global Stock C,0.9054688554546729,0.9538628302465977,0.9098542989260497,0.15223619527728582,0.048148190459226026
Dreyfus Global Stock I,0.9045024332229237,0.9524726718553264,0.9072041906312243,0.15229549353998031,0.048847186902627154
Dreyfus Global Stock T,,,0,0,0
Dreyfus Global Stock A Load Waived,0.903287384206829,0.9533516381891185,0.9088793460378759,0.15195081398184176,0.04841132134777685
Oakmark Global Select I,1.1985311618486187,0.9337759139545169,0.8719374574815933,0.2058491352675405,0.08023550407880657
Wells Fargo Advantage Emerging Gr A,1.1313444168732032,0.8709047015690291,0.7584749992150396,0.20833203302513284,0.10451140700990169
Wells Fargo Advantage Emerging Gr C,1.1314037200850025,0.87122404155403,0.7590313305817381,0.20826672041867852,0.10436632358898836
Wells Fargo Advantage Emerging Gr Instl,1.1297494793426164,0.8709183075770307,0.7584986984728395,0.2080351731711546,0.1043122730523526
Wells Fargo Advantage Emerging Gr A LW,1.1313444168732032,0.8709047015690291,0.7584749992150396,0.20833203302513284,0.10451140700990169
Wells Fargo Advantage Emerging Gr Inv,1.1303897307702604,0.8693857779192303,0.7558316308482254,0.2085197540303526,0.10511904486407053
Wells Fargo Advantage Emerging Gr Adm,1.1311804484209123,0.8708686839778456,0.7584122647333047,0.20831029828330874,0.10450874618639977
Calamos International Growth A LW,1.0350259252964458,0.8889256612634088,0.7901888312525885,0.186741521456152,0.08570204315091354
Calamos International Growth A,1.0350259252964458,0.8889256612634088,0.7901888312525885,0.186741521456152,0.08570204315091354
Calamos International Growth B,1.0330973043875202,0.8878284569723388,0.788239369009884,0.18662376590353802,0.08602394367550731
Calamos International Growth C,1.032246412097073,0.8877090122590227,0.7880272904458896,0.18649541181790558,0.08599944400640651
Calamos International Growth I,1.0332723093501643,0.887680452589451,0.7879765859094127,0.18668657685597584,0.08610765917547415
Calamos International Growth R,1.033205371203376,0.8883522008126391,0.7891696326886595,0.18653343129036884,0.08579510543151826
SEI Instl Mgd Global Mgd Volatility I,0.338551741981161,0.8258288157231928,0.6819932328787711,0.06577258396983973,0.11235154132481885
SEI Instl Mgd Global Mgd Volatility A,0.3368657259765768,0.8238704727168941,0.6787625558147584,0.06559997700510847,0.11263657250496859
JHVIT Emerging Markets Value Tr Ser NAV,1.3959081415318124,0.8527609046587368,0.7272011605143871,0.26251355207757376,0.15107540191172153
JHVIT Emerging Markets Value Tr Ser I,1.3937732220955068,0.8523214125789597,0.7264517903405932,0.2622472537400593,0.1509762798998833
JHVIT Mutual Shares Trust Ser NAV,0.8567401422663478,0.9681867097358157,0.9373855049090645,0.14192737523412724,0.04228761755268544
JHVIT Mutual Shares Trust Ser I,0.8539856210186484,0.9685576326976107,0.9381038878567999,0.1414172512449363,0.04225302874651371
E.I.I. Global Property Institutional,1.005829240241999,0.8825115336464318,0.7788266070189771,0.18279666949055615,0.08595131713004528
Schwab Fdmtl US Small Mid Co Idx TM Inv,,,0,0,0
Schwab Fdmtl US Small Mid Co Idx TM Sel,,,0,0,0
Schwab Fdmtl US Sm Mid Co Idx,1.3628051541301023,0.9262298526362845,0.8579017399146335,0.23596844474376144,0.10627049417580009
DWS RREEF Global Real Estate Secs M,,,0,0,0
DWS RREEF Global Real Estate Secs A LW,1.0963154297081266,0.9207113111420367,0.8477093184648884,0.19097080344135978,0.07609212384933647
DWS RREEF Global Real Estate Secs A,1.0963154297081266,0.9207113111420367,0.8477093184648884,0.19097080344135978,0.07609212384933647
DWS RREEF Global Real Estate Secs C,1.0957675801320677,0.9205603433433135,0.8474313457363591,0.1909063644249931,0.07611638534518797
DWS RREEF Global Real Estate Secs I,1.0906607017885634,0.9197791614146413,0.8459937057726208,0.19017868114573577,0.07601888292702204
DWS RREEF Global Real Estate Secs S,1.0928697277874622,0.921387819741733,0.8489555143684242,0.19023062523170053,0.07540049619335026
Lazard Intl Strategic Equity Instl,1.1762836142977946,0.905079128405705,0.8191682286756307,0.20843053215205987,0.09301634478358398
Lazard Intl Strategic Equity Open,1.1762722202406548,0.9047071661914795,0.8184950565582174,0.20851409223603545,0.0932067659564624
Northern Multi-Manager Lg Cap,1.0255878039518125,0.9890899669861288,0.9782989627926214,0.16629271296461262,0.024833812653486702
PIMCO StocksPLUS Long Duration Instl,0.819579972855817,0.8715771084531457,0.7596466559795466,0.15080811575181666,0.07938018987364481
Principal Global Real Estate Sec A,1.1281147240845926,0.9226869126751598,0.8513511388220177,0.19608908476994957,0.07832692767582854
Principal Global Real Estate Sec C,1.1240649927093203,0.9228391843856184,0.8516321602375134,0.19535290717120982,0.07781590102396198
Principal Global Real Estate Sec Inst,1.1424260787160496,0.9166165916589151,0.8401859761044063,0.19989199550019193,0.08309217285549768
Principal Global Real Estate Sec A LW,1.1281147240845926,0.9226869126751598,0.8513511388220177,0.19608908476994957,0.07832692767582854
Principal Global Real Estate Sec P,1.126291717152679,0.9240145257030489,0.8538028437102302,0.19549078980095783,0.07742562699337253
T. Rowe Price Instl US Structured Rsrch,1.015650014509459,0.9987294199322329,0.9974604542381743,0.16309200524775838,0.008591953523168388
Vanguard Mega Cap 300 Index Instl,0.985918502941932,0.9992609036182966,0.9985223535000545,0.15823466450565846,0.006487034605140139
Vanguard Mega Cap 300 Gr Index Instl,1.0160984099173982,0.9841416393716,0.9685347663450206,0.16557634395923287,0.02947959528618622
RBB Free Market Intl Equity Instl,1.2823829538900413,0.9222981052622251,0.8506337949702905,0.22299669820951137,0.09733713681658734
RBB Free Market US Equity Instl,1.2733371919518606,0.9674277680986012,0.935916486488241,0.21108918802680335,0.06910346135623432
ING Russell Small Cap Index Port Adv,1.268005223668017,0.9382606961089169,0.8803331338627893,0.2167350895563098,0.08640608614184314
ING Russell Small Cap Index Port I,1.2623899145107846,0.9382002724312429,0.8802197511900585,0.21578948329543415,0.0857074830819401
ING Russell Small Cap Index Port S,1.266811705182243,0.9394105051559155,0.8824920971972923,0.216266345808044,0.08558249517459358
ING Russell Small Cap Index Port S2,1.2654063474184676,0.9376912336727088,0.8792648497066466,0.21642239942997424,0.08639547420039129
ING Russell Large Cap Index Port S2,0.9716213832876265,0.9976785473430295,0.9953624838284977,0.1561851066277289,0.011566876521363758
ING Russell Large Cap Index Port Adv,0.9758158046714149,0.9982271203357524,0.996457383773809,0.15677467633109718,0.010103295560615004
ING Russell Large Cap Index Port I,0.9751058921096344,0.9981264261971624,0.9962563626731195,0.15667621934328496,0.010382487279989455
ING Russell Large Cap Index Port S,0.9734220506609734,0.9985029267182564,0.9970080946649236,0.15634694092764945,0.009553514171978313
TIAA-CREF Enh Intl Eq Idx Inst,1.173651392732671,0.9310570227079987,0.8668671795338829,0.20216644774658898,0.07883121489716222
TIAA-CREF Enh Lg Cp Val Idx Inst,1.0419714754937948,0.9925738235577376,0.9852027952120269,0.16835971076096953,0.021553365009931356
TIAA-CREF Enh Lg Cp Gr Idx Inst,1.0228096651695735,0.9814992553051161,0.9633407881644973,0.16712347978910255,0.03220123208107772
Thrivent Partner Worldwide Allocation A,1.0691656697282284,0.9157729060723,0.8386400154961057,0.18724355374911092,0.07601234520876134
Thrivent Partner Worldwide Allocation I,1.075114850713493,0.9166906048132664,0.840321664952912,0.18809649438230264,0.07610608884464155
Thrivent Partner Worldwide Allocati A LW,1.0691656697282284,0.9157729060723,0.8386400154961057,0.18724355374911092,0.07601234520876134
Artisan Emerging Markets Adv,1.2806494793239314,0.8577924294623117,0.7358078520428549,0.2394321942392734,0.13101599500833147
Artisan Emerging Markets Inst,1.2824173792865605,0.8587669065393984,0.7374805997672476,0.239490610417336,0.130775653201486
JHVIT Alpha Opportunities Trust Ser I,1.1690619772948967,0.9822926893162436,0.9648989274841382,0.19087159349735372,0.0448680599656105
JHVIT Alpha Opportunities Trust Ser NAV,1.1657607458709989,0.982499851266664,0.9653059577390168,0.1902926665145282,0.04429724559780213
Northern Multi-Manager Glbl Real Estate,1.094062392772373,0.9083869550306773,0.8251668600699058,0.19316327366466582,0.0821459453242094
Columbia Recovery and Infra A,1.6089794724816902,0.9455402483050498,0.8940463611647752,0.2728915052396756,0.13199623033168642
Columbia Recovery and Infra B,1.608188258652997,0.9459763425775484,0.8948712407163952,0.2726316719687732,0.13161280586813479
Columbia Recovery and Infra C,1.6070797819891292,0.9456980287510988,0.8943447615837141,0.27252394421926984,0.13160628009913725
Columbia Recovery and Infra I,1.6099382867297256,0.9458362616840851,0.894606233916525,0.27296861634958064,0.13196897256754275
Columbia Recovery and Infra R,1.6080254713263948,0.9456179901185751,0.8941933832358935,0.2727072037291019,0.1318012774174424
RiverSource Recovery and Infra R3,,,0,0,0
Columbia Recovery and Infra R4,1.6089566884087156,0.945505650818181,0.8939809357291121,0.2728975649016703,0.13201331847412068
Columbia Recovery and Infra R5,1.6107659230614557,0.9454850388772887,0.8939419587407882,0.27321036357313955,0.13230747784723712
Columbia Recovery and Infra A LW,1.6089794724816902,0.9455402483050498,0.8940463611647752,0.2728915052396756,0.13199623033168642
Columbia Recovery and Infra Z,1.6077198694412043,0.9456624297065264,0.8942774309584509,0.27264262692730706,0.13172717935363948
Fidelity Advisor Global Cmdty Stk B,1.4352586686203415,0.9000308209054041,0.8100554785796555,0.2557314936588346,0.13149088395021152
Fidelity Advisor Global Cmdty Stk C,1.4345562679948367,0.8997703703962613,0.8095867194430252,0.25568034985925964,0.1315287490413473
Fidelity Advisor Global Cmdty Stk T,1.4348216838932242,0.9003024947477684,0.8105445820490554,0.25557664204567676,0.1312748519492671
Fidelity Advisor Global Cmdty Stk I,1.437570560013287,0.9005547842663311,0.8109989194649782,0.255994434645829,0.13155025592911918
Fidelity Global Cmdty Stk,1.4369904539952412,0.9005581452047772,0.8110049728946684,0.2558903121004414,0.13146081389796913
Fidelity Advisor Global Cmdty Stk A,1.4347826997723732,0.9004415499034022,0.810794984792441,0.25553032297762834,0.13119213422663903
Fidelity Advisor Global Cmdty Stk A LW,1.4347826997723732,0.9004415499034022,0.810794984792441,0.25553032297762834,0.13119213422663903
Nuveen Winslow Large-Cap Growth A LW,1.1448864063301039,0.9701242747992067,0.9411411085546868,0.18926134382254658,0.051452443999715936
Nuveen Winslow Large-Cap Growth A,1.1448864063301039,0.9701242747992067,0.9411411085546868,0.18926134382254658,0.051452443999715936
Nuveen Winslow Large-Cap Growth C,1.1443988025785659,0.9699048156977927,0.9407153515137694,0.1892234951517654,0.05155700782151917
Nuveen Winslow Large-Cap Growth R3,1.1452855172543217,0.9699417068251626,0.9407869146389096,0.18936296839249495,0.05162646621986125
Nuveen Winslow Large-Cap Growth I,1.1452307913032065,0.9698560866285468,0.9406208287704394,0.1893706228604363,0.051681807893606234
JHancock2 Technical Opportunities NAV,,,0,0,0
JHancock2 Technical Opportunities A,,,0,0,0
JHancock2 Technical Opportunities I,,,0,0,0
JHancock2 Technical Opportunities A LW,,,0,0,0
BNY Mellon Small/Mid Cap M,,,0,0,0
BNY Mellon Small/Mid Cap Inv,,,0,0,0
ING Euro STOXX 50 Index Port ADV,,,0,0,0
ING Euro STOXX 50 Index Port I,,,0,0,0
Fidelity Series Global ex US Index,,,0,0,0
Akre Focus Retail,,,0,0,0
Akre Focus Inst,,,0,0,0
AQR International Equity N,1.3650191180734486,0.9240176340180044,0.8538085879762307,0.23691773171715172,0.10783444504545713
AQR International Equity I,1.3657767521219715,0.9239335259645339,0.8536531604012562,0.2370705697441494,0.10798999098203717
AQR International Equity Y,1.3643241930140144,0.9232735046736033,0.852433964432278,0.2369876665253873,0.1081539397468992
Principal International Equity Index R3,,,0,0,0
Principal International Equity Index R5,,,0,0,0
Principal International Equity Index R4,,,0,0,0
Principal International Eq Index Instl,,,0,0,0
Principal International Equity Index R1,,,0,0,0
Principal International Equity Index R2,,,0,0,0
SteelPath MLP Select 40 A,,,0,0,0
SteelPath MLP Select 40 I,,,0,0,0
SteelPath MLP Select 40 Y,,,0,0,0
SteelPath MLP Select 40 A Load Waived,,,0,0,0
SteelPath MLP Select 40 C,,,0,0,0
SteelPath MLP Alpha C,,,0,0,0
SteelPath MLP Alpha A,,,0,0,0
SteelPath MLP Alpha I,,,0,0,0
SteelPath MLP Alpha A Load Waived,,,0,0,0
Strategic Advisers US Opportunity II,1.045411015326512,0.9881662045106223,0.9764724477369291,0.16967061461660576,0.02701931487389645
Strategic Advisers International II,1.2158542967330226,0.94536335602911,0.8937118749226218,0.2062660198652906,0.0756187679456036
Vanguard Russell 1000 Growth Index Instl,,,0,0,0
Russell Global Infrastructure Y,,,0,0,0
Russell Global Infrastructure S,,,0,0,0
Russell Global Infrastructure E,,,0,0,0
Russell Global Infrastructure C,,,0,0,0
Russell Global Infrastructure A,,,0,0,0
Russell Global Infrastructure A LW,,,0,0,0
ASTON/River Road Independent Value N,,,0,0,0
ASTON/River Road Independent Value I,,,0,0,0
Center Coast MLP Focus A Load Waived,,,0,0,0
Center Coast MLP Focus A,,,0,0,0
Center Coast MLP Focus C,,,0,0,0
Center Coast MLP Focus Instl,,,0,0,0
PIMCO EqS Emerging Markets Instl,,,0,0,0
PIMCO EqS Emerging Markets P,,,0,0,0
PIMCO EqS Emerging Markets Admin,,,0,0,0
PIMCO EqS Emerging Markets D,,,0,0,0
PIMCO EqS Emerging Markets A,,,0,0,0
PIMCO EqS Emerging Markets C,,,0,0,0
PIMCO EqS Emerging Markets R,,,0,0,0
PIMCO EqS Emerging Markets A LW,,,0,0,0
GMO Emerging Domestic Opportunities VI,,,0,0,0
GMO Emerging Domestic Opportunities V,,,0,0,0
GMO Emerging Domestic Opportunities IV,,,0,0,0
GMO Emerging Domestic Opportunities II,,,0,0,0
JHancock2 Fundamental Large Cap Val NAV,,,0,0,0
JHancock2 Fundamental Large Cap Value A,,,0,0,0
JHancock2 Fundamental Large Cap Value I,,,0,0,0
JHancock2 Fundamental Large Cap Val A LW,,,0,0,0
Fidelity Series Real Estate Income,,,0,0,0
Fidelity Series Real Estate Income F,,,0,0,0
Fidelity Series Real Estate Equity,,,0,0,0
Fidelity Series Real Estate Equity F,,,0,0,0
JHancock3 Strategic Growth A,,,0,0,0
JHancock3 Strategic Growth I,,,0,0,0
JHancock3 Strategic Growth NAV,,,0,0,0
JHancock3 Strategic Growth A LW,,,0,0,0
Active Port® Diversified Equity Income A,,,0,0,0
Active Port® Select Large Cap Growth A,,,0,0,0
DWS Capital Growth AARP,,,0,0,0
DWS Capital Growth S,1.064869305488411,0.9723636366315942,0.945491041843419,0.17562576507315042,0.042296473218852916
Scudder Capital Growth I,,,0,0,0
DWS Capital Growth A,1.0649331416378314,0.9723012890811709,0.9453697967489066,0.17564755245743105,0.04234809749557655
DWS Capital Growth C,1.0642933951224625,0.9722593411274504,0.945288226409584,0.17554965558606217,0.042330488579700926
DWS Capital Growth B,1.0622432404088435,0.9722668567043876,0.9453028406458303,0.1752101291465623,0.04216916261571673
DWS Capital Growth Inst,1.0649593526821581,0.9722706224106599,0.9453101632028119,0.17565737790600985,0.04237307660204823
DWS Capital Growth R,1.0602786238599955,0.9730839883590325,0.9468924484007217,0.17473892290860152,0.041406714173120224
DWS Capital Growth A Load Waived,1.0649331416378314,0.9723012890811709,0.9453697967489066,0.17564755245743105,0.04234809749557655
Thrivent Large Cap Stock A,1.122326096855801,0.9933868053219344,0.9868173449877188,0.18118993139198414,0.02858944765825654
Thrivent Large Cap Stock I,1.1231784953081307,0.993390246045351,0.9868241809380429,0.18132695238341445,0.028690880996774006
Thrivent Large Cap Stock B,,,0,0,0
Thrivent Large Cap Stock A Load Waived,1.122326096855801,0.9933868053219344,0.9868173449877188,0.18118993139198414,0.02858944765825654
American Beacon Intl Equity Adv,1.2580612660656572,0.9348772525104134,0.8739954772614194,0.215818044337698,0.08705695456968879
American Beacon Intl Equity AMR,1.2617798908064766,0.9348361188530653,0.8739185691122623,0.21646527454838696,0.08756408725179682
American Beacon Intl Equity Inv,1.261729435663411,0.9348620273619239,0.8739670102032465,0.2164506834066055,0.08754268698420052
American AAdvantage Intl Equity Milg,,,0,0,0
American Beacon Intl Equity Instl,1.259278678399013,0.9347501468197106,0.8737578369794705,0.2160560747819792,0.08728776321628146
American Beacon Intl Equity R,1.2604423310745878,0.934908310508159,0.8740535490572203,0.21621905597553784,0.08734860354237686
American Beacon Intl Equity Y,1.2615805366159065,0.9349540689856005,0.8741391111127311,0.21640385144974442,0.08747060833021679
American Beacon Intl Equity A,1.2587733789876747,0.9348936226388845,0.874026085650857,0.21593635429371422,0.0871400430256208
American Beacon Intl Equity C,1.2577567868058235,0.9345961020932304,0.8734698740478599,0.21583067976962905,0.08717820315478546
American Beacon Intl Equity A LW,1.2587733789876747,0.9348936226388845,0.874026085650857,0.21593635429371422,0.0871400430256208
Amana Trust Income,0.8207492869407281,0.9760131717770048,0.9526017114822091,0.1348672919114656,0.04108360380076101
TCW Galileo Small Cap Growth K,,,0,0,0
TCW Small Cap Growth N,1.286409177935146,0.8834004096485465,0.7803962837672198,0.2335394278118852,0.11866698670583593
TCW Small Cap Growth I,1.286869975515601,0.8835092734636469,0.7805886362962612,0.23359424133273407,0.11867510320002694
SEI Instl Mgd Large Cap Growth A,1.0080590206729578,0.9795885039297492,0.959593637031324,0.16503486397111775,0.033193500717355016
SEI Instl Mgd Large Cap Growth I,1.0084409411689623,0.9793794787848005,0.9591841634647875,0.1651326244857912,0.03338317207482008
USAA S&P 500 Index Reward,1.0006407766625247,0.999983803670123,0.9999676076025671,0.160483033366127,0.0009189564727761286
USAA S&P 500 Index Member,1.0014128910796058,0.999988607218156,0.9999772145661073,0.1606059912082129,0.0007992643662411421
DWS Equity 500 Index Inst,1.000249570293393,0.9999970848678966,0.9999941697442912,0.16041814385962674,0.00038932862603155893
DWS Equity 500 Index S,1.000152513212706,0.9999972232744879,0.999994446556686,0.16040258933447482,0.00037871498052782505
MFS International Value R1,0.8548913081498111,0.8977889038606747,0.8060249158953517,0.15272385529957158,0.0711575447340631
MFS International Value R2,0.8553999215296686,0.8975613720589354,0.8056164166123186,0.15285351752755658,0.07125184180060323
MFS International Value R3,0.8559117066705513,0.89812767063268,0.8066333127560837,0.15284846566577415,0.0710562122116762
MFS International Value R4,0.8571651725608794,0.8982130930555423,0.8067867605364043,0.15305773452354476,0.0710529297983948
MFS International Value R5,0.8546336572603258,0.8975009845654028,0.8055080172958674,0.15272689357843205,0.07125689943638541
MFS International Value A Load Waived,0.8561755842742492,0.8981343535239027,0.8066453169797986,0.15289457960496616,0.07105961406701249
MFS International Value I,0.8565191908290305,0.8979366836538618,0.8062902878512955,0.15298950160419408,0.07113967688959916
MFS International Value C,0.8560966369866123,0.8985973891725392,0.8074772678277039,0.1528016433658533,0.07088830292282157
MFS International Value A,0.8561755842742492,0.8981343535239027,0.8066453169797986,0.15289457960496616,0.07105961406701249
MFS International Value B,0.8564374542587442,0.8978646794516992,0.8061609826069026,0.1529870313478253,0.07116420118413204
AllianceBern Large Cap Growth C,1.1563178337303766,0.9620707973620408,0.9255802191368329,0.1927512146491991,0.05824320533666363
AllianceBern Large Cap Growth B,1.1570763776029882,0.9618531756609809,0.9251615315291138,0.1929212079536037,0.058470856163261045
AllianceBern Large Cap Growth A,1.1583574779787713,0.9619040173630952,0.9252593386192616,0.1931245414971524,0.058578650735014046
AllianceBern Large Cap Growth A LW,1.1583574779787713,0.9619040173630952,0.9252593386192616,0.1931245414971524,0.058578650735014046
AllianceBern Large Cap Growth I,1.1571355432126116,0.9619578758803431,0.9253629549682216,0.19291011578613027,0.058408083308378454
AllianceBern Large Cap Growth K,1.1594381525933084,0.961879086347313,0.9252113767523416,0.19330958217770985,0.05871479134466804
AllianceBern Large Cap Growth R,1.1575992337174266,0.9620929639967476,0.925622871372047,0.19296028207273172,0.05836974693823033
AllianceBern Large Cap Growth Adv,1.156930152438494,0.9617597154742764,0.9249817503091612,0.19291564414814696,0.05851654876016738
Ariel Investor,1.5557985864950206,0.9507725529570656,0.9039684474564962,0.26242739458451125,0.12063802978624545
Ariel Institutional,1.555755452209166,0.9508171682512675,0.9040532874413592,0.2624077815725455,0.1206046212858288
Invesco Van Kampen American Value A,1.1036747181648832,0.956271387105856,0.9144549657973581,0.18510169717327332,0.05662226352082133
Invesco Van Kampen American Value I,1.1032023872468082,0.9564975479173147,0.9148875591718357,0.18497847800036682,0.05643475460372589
Invesco Van Kampen American Value C,1.1034687587237482,0.9569045862369063,0.915666387161225,0.18494475441571706,0.056201403178099865
Invesco Van Kampen American Value B,1.1013162622779409,0.956334545665262,0.9145757632327832,0.1846937438022507,0.056361677315102277
Invesco Van Kampen American Value A LW,1.1036747181648832,0.956271387105856,0.9144549657973581,0.18510169717327332,0.05662226352082133
Invesco Van Kampen American Value Y,1.1033574700891944,0.9565334975527772,0.9149563319405487,0.18499789650567228,0.05642651941834491
Invesco Van Kampen American Value R,1.1031392636059962,0.9563681649440537,0.914640066918457,0.1849931981923688,0.056510771241926376
Lord Abbett Fundamental Equity C,1.1244129104597909,0.9742171655137062,0.9490990855815601,0.18509839211358833,0.046274084067545684
Lord Abbett Fundamental Equity B,1.127998348570281,0.975634339868458,0.9518623651305619,0.1854187527142007,0.04555911348580519
Lord Abbett Fundamental Equity A LW,1.125308237624394,0.9750658892023057,0.9507534882858831,0.18508450081712152,0.04571787897530952
Lord Abbett Fundamental Equity I,1.1284766068544048,0.9748782103631837,0.9503875250409237,0.18564123351322337,0.04619056665210209
Lord Abbett Fundamental Equity A,1.125308237624394,0.9750658892023057,0.9507534882858831,0.18508450081712152,0.04571787897530952
Lord Abbett Fundamental Equity P,1.1294605268014521,0.9749236581892878,0.9504761392971833,0.1857944819604375,0.046258597347861946
Lord Abbett Fundamental Equity F,1.1263510299354305,0.9755280919152236,0.951655058115757,0.18516831926975677,0.04546973095185725
Lord Abbett Fundamental Equity R2,1.124939124496892,0.9748913061037148,0.950413058716607,0.18505701742871705,0.04581376858413595
Lord Abbett Fundamental Equity R3,1.1242683162534783,0.9751657503090403,0.9509482405757936,0.1848947871293097,0.04553389782968811
Baron Asset Retail,1.0753239022729333,0.952510119326855,0.9072755274200597,0.18105903331820233,0.05642949346111144
Baron Asset Instl,1.0748189165273143,0.9523677415519829,0.9070043151488245,0.18100107358335432,0.05647366116064321
Mutual Beacon A,0.8598517623927786,0.9624906412959775,0.926388234582342,0.14328438099571136,0.0448940390575843
Mutual Beacon B,0.8619333776889992,0.9627013712908266,0.9267939302852379,0.14359971526272175,0.04470885011209643
Mutual Beacon Z,0.8614768274170731,0.9632506090817002,0.9278517358962666,0.1434418576317832,0.04446412415600973
Mutual Beacon R,0.8609271071766299,0.9630015155981226,0.9273719190442812,0.1433875210223407,0.044606225027211066
Mutual Beacon C,0.8614533710141671,0.9619772727042318,0.925400273199472,0.14362791549604204,0.04507348661512874
Mutual Beacon A Load Waived,0.8598517623927786,0.9624906412959775,0.926388234582342,0.14328438099571136,0.0448940390575843
American Century Equity Growth Inv,1.0156404787420894,0.9950222764236378,0.9900693305792784,0.16369620085932238,0.01650164811491495
American Century Equity Growth Instl,1.0152175947664908,0.9949570463433286,0.9899395240682406,0.16363881897743549,0.016590870185975926
American Century Equity Growth A,1.014058765108858,0.9950785784473272,0.9901813772847535,0.16343210303578112,0.016347689536800578
American Century Equity Growth C,1.0149390027595002,0.9951280506274921,0.9902798371456725,0.16356593623645885,0.016300281455551333
American Century Equity Growth R,1.0148301343615838,0.9950109493354061,0.9900467892973462,0.16356759581437416,0.01648800011405409
American Century Equity Growth B,,,0,0,0
American Century Equity Growth A LW,1.014058765108858,0.9950785784473272,0.9901813772847535,0.16343210303578112,0.016347689536800578
American Century Income & Growth Inv,0.9983424218748536,0.995290661590497,0.9906035010492492,0.1608655481563905,0.015593093290932185
American Century Income & Growth A,0.9995307434251854,0.9952843159518416,0.9905908695797252,0.16105800487155197,0.01562015458054113
American Century Income & Growth C,0.9998132410569606,0.9954566337985288,0.9909339097734983,0.16107560026032228,0.015334299231088828
American Century Income & Growth Inst,1.0000192043792437,0.9953420274240112,0.9907057515565412,0.16112732272436778,0.015531009794748425
American Century Income & Growth R,0.9987188911932926,0.9953330073790596,0.990687795578243,0.1609192103841913,0.015527290064690865
American Century Income & Growth B,,,0,0,0
American Century Income & Growth A LW,0.9995307434251854,0.9952843159518416,0.9905908695797252,0.16105800487155197,0.01562015458054113
Bernstein Tax-Managed Intl,1.267455541820798,0.9307806046864416,0.8663525340604579,0.21838435675963083,0.09061285653674571
AllianceBern Tax-Managed Intl A,1.2653942176536415,0.9303030046164108,0.8654636803983216,0.21814143874669129,0.0906120605951432
AllianceBern Tax-Managed Intl B,1.2648031910132178,0.9303474109474316,0.865546305056589,0.21802919968858428,0.09050953249614098
AllianceBern Tax-Managed Intl C,1.264015627933029,0.9303407127605358,0.8655338418197818,0.21789503401697907,0.09041015821230118
AllianceBern Tax-Managed Intl A LW,1.2653942176536415,0.9303030046164108,0.8654636803983216,0.21814143874669129,0.0906120605951432
Royce Low Priced Stock Instl,1.364298421237155,0.9067366953292826,0.8221714346566682,0.2413024877126417,0.11731528798998102
Royce Low Priced Stock Svc,1.3653969281265952,0.907488651337606,0.8235356523065471,0.2412967413176327,0.11706231168593563
Royce Low Priced Stock K,1.3620909681561035,0.9071199065806604,0.8228665249149061,0.2408105041366656,0.11678687214459346
Royce Low Priced Stock R,1.3634108504485665,0.9074434901475308,0.8234536878111317,0.24095775480630366,0.11680020674022634
Royce Low Priced Stock Invmt,1.363565483950129,0.9071736662417419,0.8229640607224833,0.2410568175584477,0.11697026138353854
Nuveen Dividend Value A,1.014735552975971,0.9935195786767246,0.9870811532139764,0.16380178738569076,0.01876358042052793
Nuveen Dividend Value I,1.0163029806413788,0.9938300523421761,0.9876981729384525,0.16400366658621704,0.01837355100961058
Nuveen Dividend Value C,1.0145890156912418,0.9934388554483671,0.9869207595145615,0.16379156733354655,0.01887376445048977
Nuveen Dividend Value B,1.0139086731972728,0.9937783427094995,0.9875953944384395,0.1636257716803674,0.018356357551945243
Nuveen Dividend Value A Load Waived,1.014735552975971,0.9935195786767246,0.9870811532139764,0.16380178738569076,0.01876358042052793
Nuveen Dividend Value R3,1.0144106095658925,0.9937478480251981,0.9875347854547123,0.16371178227366326,0.018419942224406575
Janus Adviser International Equity I,,,0,0,0
Janus Adviser International Equity Inv,,,0,0,0
Virtus Foreign Opportunities C,0.8035479659445263,0.819597943496869,0.6717407889842968,0.15722798203148616,0.09541860004316569
Virtus Foreign Opportunities A LW,0.8038482228017498,0.8189563935206363,0.6706895744883273,0.15740978016915383,0.09563736854971591
Virtus Foreign Opportunities A,0.8038482228017498,0.8189563935206363,0.6706895744883273,0.15740978016915383,0.09563736854971591
Virtus Foreign Opportunities I,0.8033117611787017,0.8193117653965555,0.6712717689172204,0.15723658400871687,0.0954965204356757
Brandywine,1.2252112019256358,0.9154033987389533,0.8379633824228272,0.21465502815658344,0.09363339778900576
Alger Small Cap Growth Institutional I,1.2201173634987588,0.9203792469610286,0.8470979582365501,0.2126003103590287,0.09030181444725818
Alger Small Cap Growth Institutional R,1.218683601686259,0.9201753477799317,0.8467226706619183,0.21239771283193704,0.09023300055534957
Fidelity Stock Selector Sm Cp,1.3028984963157164,0.9322448459042004,0.8690804527149464,0.22414015200089238,0.09451788699031068
Fidelity Advisor Stock Selector Sm Cp A,1.3030975464111856,0.9320754154391437,0.8687645800660523,0.22421504028421826,0.0946414614124919
Fidelity Advisor Stock Selector Sm Cp B,1.3027512761883044,0.9318618797484832,0.8683665629283766,0.22420686098064993,0.09471604613214123
Fidelity Advisor Stock Selector Sm Cp C,1.3022055342309775,0.9323183351414147,0.8692174780408594,0.22400325301631202,0.09438193653245863
Fidelity Advisor Stock Selector Sm Cp I,1.3038695526258448,0.9317631672799777,0.8681825998996157,0.2244230940291898,0.094924165958643
Fidelity Advisor Stock Selector Sm Cp T,1.303938351506015,0.9322066965259238,0.8690093250477758,0.22432806234198455,0.0946808897150961
Fidelity Advisor Stock Selector Sm A LW,1.3030975464111856,0.9320754154391437,0.8687645800660523,0.22421504028421826,0.0946414614124919
Heartland Value Plus Inst,1.2026334450554785,0.9155584522454263,0.8382472794780405,0.21065708505445976,0.09072652219459103
Heartland Value Plus,1.201552038288157,0.9155109873935827,0.8381603680383727,0.21047858169953992,0.09061874478069354
William Blair International Growth I,1.0891513406332125,0.909998421043325,0.8280971263013445,0.19195102638668168,0.08084321715608905
William Blair International Growth N,1.0918228733025217,0.9104781210242592,0.8289704088638655,0.19232030430296498,0.0808712801867876
RS Value A,1.209434923619219,0.9535310615398463,0.9092214853213063,0.20341814484091908,0.069875507025634
RS Value Y,1.2098303036329392,0.9536792069706289,0.9095040298081277,0.20345319025406428,0.06983155371568822
RS Value C,1.208848227730515,0.9531627655991238,0.9085192577245702,0.20339806840868943,0.07003266805170216
RS Value A Load Waived,1.209434923619219,0.9535310615398463,0.9092214853213063,0.20341814484091908,0.069875507025634
RS Value K,1.2079211209466314,0.9533768480314854,0.90892741436245,0.20319651267351418,0.06978751875581572
Calvert Equity A Load Waived,1.0006052493242383,0.9678593253594902,0.9367516736853274,0.16581246032295957,0.041690085121136644
Calvert Equity I,0.9996826442588319,0.9678990240234597,0.9368285207055658,0.16565288592397917,0.04162454474548469
Calvert Equity B,0.9985032311472969,0.9681037797833452,0.9372249284307997,0.16542244509263518,0.04143668463691724
Calvert Equity C,0.9980178441573792,0.96766265346578,0.9363710109124341,0.1654174332878056,0.04171680036323381
Calvert Equity A,1.0006052493242383,0.9678593253594902,0.9367516736853274,0.16581246032295957,0.041690085121136644
Calvert Equity Y,0.9992755753637146,0.9678151988689867,0.9366662591618163,0.16559968907148864,0.041664736597370744
Ariel Appreciation Investor,1.442923024090246,0.9672954092560143,0.9356604087677601,0.23922981735423884,0.09340708037681031
Ariel Appreciation Institutional,1.4431679677192413,0.9673405789031139,0.9357477955926115,0.2392592150947125,0.0934150318917826
Ariel Appreciation C,,,0,0,0
MFS International Growth C,1.1373885364810241,0.929266279131379,0.8635358175306781,0.19629187695145056,0.0757724931747229
MFS International Growth A Load Waived,1.1385200659861758,0.9297665262850728,0.8644657934002111,0.19638139597611948,0.07562038606369129
MFS International Growth A,1.1385200659861758,0.9297665262850728,0.8644657934002111,0.19638139597611948,0.07562038606369129
MFS International Growth B,1.136044453861141,0.9294994101172424,0.8639691534083015,0.19601076103384849,0.07550055128528847
MFS International Growth I,1.138723504629731,0.9297293625394338,0.8643966875679819,0.1964243872285601,0.075662696354693
MFS International Growth R1,1.136741796865355,0.929205599794751,0.863423046689923,0.1961930650195448,0.07573613126176335
MFS International Growth R2,1.136496886326969,0.92889977065634,0.862854783925401,0.1962153607664851,0.0758769197730333
MFS International Growth R3,1.1383764202936848,0.9296467745647575,0.864243125458657,0.19638182672179724,0.07567054881357362
MFS International Growth R4,1.138667679229401,0.9298238672911309,0.8645724241842345,0.19639475425334532,0.07560485296816538
MFS International Growth R5,1.1375304042854386,0.9294893877843278,0.8639505220036844,0.19626918803251314,0.07566565757895717
RS Global Natural Resources A,1.1681090242115573,0.8275613965009817,0.6848578649786551,0.2263617961790976,0.12988325643575097
RS Global Natural Resources K,1.169304055115897,0.8285998487029688,0.6865777092705828,0.22630939284734364,0.12955499357326178
RS Global Natural Resources A LW,1.1681090242115573,0.8275613965009817,0.6848578649786551,0.2263617961790976,0.12988325643575097
RS Global Natural Resources C,1.1695344480944698,0.8285570812086699,0.6865068368210303,0.22636565268385506,0.1296075453930232
RS Global Natural Resources Y,1.1697503520908683,0.8282236218335166,0.6859543677630281,0.22649855761478288,0.12979677240754156
Fidelity Advisor China Region B,1.0859459957614095,0.7748830266188174,0.6004437049419388,0.2247479181811675,0.14270923205743874
Fidelity Advisor China Region C,1.0860024801988588,0.775361115281859,0.6011848590911283,0.22462105826807188,0.14249917346270669
Fidelity Advisor China Region T,1.0868525762284642,0.775391948694709,0.6012326741005782,0.2247879262119334,0.14260883402850577
Fidelity Advisor China Region I,1.0869630764130795,0.7752681299867182,0.601040673373103,0.2248466804703454,0.14268149615244102
Fidelity Advisor China Region A,1.0875868249615928,0.7751295507206322,0.6008258204003691,0.22501589647985298,0.14283574685144435
Fidelity Advisor China Region A LW,1.0875868249615928,0.7751295507206322,0.6008258204003691,0.22501589647985298,0.14283574685144435
Fidelity China Region,1.0882595414891063,0.775654671401696,0.601640169267273,0.22500264128568356,0.14269372111985063
Vanguard Strategic Equity Inv,1.2290888254258798,0.9583562765438424,0.9184467527909778,0.2056771959602096,0.06926853374419557
Clipper,0.8835998265115116,0.9570501157816534,0.9159449241176761,0.14808049323225048,0.04680254170380065
Invesco Small Cap Growth A,1.1311387479616526,0.9257704275438771,0.857050884514773,0.19595535624189991,0.07699976038201614
Invesco Small Cap Growth B,1.1295440634907556,0.9254583882571794,0.8564732283955762,0.19574511573340977,0.07699759761827824
Invesco Small Cap Growth C,1.1308972031542994,0.9261141166747944,0.8576873571043347,0.19584078733883004,0.07678881211934084
Invesco Small Cap Growth R,1.1297765998017737,0.9252156288603754,0.8560239598874999,0.19583681597346486,0.0771527944101641
Invesco Small Cap Growth I,1.1310962895705001,0.9256088453378668,0.8567517345676989,0.1959822344470026,0.07708220294087285
AIM Small Cap Growth Adv,,,0,0,0
Invesco Small Cap Growth A Load Waived,1.1311387479616526,0.9257704275438771,0.857050884514773,0.19595535624189991,0.07699976038201614
Invesco Small Cap Growth Inv,1.1305601874405806,0.9261507026958066,0.8577551241039363,0.19577474964533825,0.07673315906885364
Invesco Small Cap Growth Y,1.131455305946434,0.9259354634716804,0.8573564825145157,0.19597524516654943,0.0769446739736713
Columbia Large Cap Index B,1.0004270005219185,0.9999935698704709,0.9999871397822885,0.16044722182974477,0.000579326404583476
Nations LargeCap Index Prim B,,,0,0,0
Columbia Large Cap Index Z,1.0005315227460028,0.9999936718469936,0.9999873437340326,0.16046408046923652,0.0005770742301018291
Columbia Large Cap Index I,1.0005183792006,0.999992980298828,0.9999859606469321,0.16046201851576408,0.0006068354100224729
Columbia Large Cap Index A,0.9994396687614601,0.9999952436136152,0.9999904872498536,0.16028863090965056,0.000502374087897131
Cohen & Steers Realty Shares,1.1363532151096716,0.8474957840371964,0.7182491039608223,0.21503618279647913,0.11619632567936006
Liberty Contrarian Small Cap A LW,,,0,0,0
Columbia Small Cap Value Fund I Cla A LW,1.198220082150566,0.9234267223596487,0.8527169115678838,0.20810115204476862,0.08594182112313399
Columbia Small Cap Value I,,,0,0,0
Liberty Contrarian Small Cap I,,,0,0,0
Liberty Contrarian Small Cap Z,,,0,0,0
Liberty Contrarian Small Cap C,,,0,0,0
Liberty Contrarian Small Cap B,,,0,0,0
Columbia Small Cap Value Fund I Class Z,1.1981823931729814,0.9236139102520226,0.8530626552110312,0.20805238250099808,0.08583511791583186
Columbia Small Cap Value Fund I Class C,1.1974648167523916,0.9236689263061247,0.8531642854235093,0.20791546133571626,0.085718183182613
Columbia Small Cap Value Fund I Class I,1.1985910799262294,0.9235038681571259,0.8528593945011742,0.2081478900955376,0.08594471379726622
Columbia Small Cap Value Fund I Class R,1.1982161180571875,0.923565224902477,0.8529727246491631,0.2080692104815227,0.08586577486838007
Columbia Small Cap Value Fund I Class Y,1.1993471634316664,0.9236080646325008,0.853051857054194,0.20825581449653396,0.08597958004389293
Columbia Small Cap Value Fund I Class A,1.198220082150566,0.9234267223596487,0.8527169115678838,0.20810115204476862,0.08594182112313399
Columbia Small Cap Value Fund I Class B,1.1984910856896007,0.9236285025068646,0.8530896106430732,0.20810269964408096,0.08586456930271398
Liberty Contrarian Small Cap A,,,0,0,0
Columbia Mid Cap Growth I,1.2028126172169329,0.9485875801725614,0.8998183972576357,0.20335970996369013,0.072103448291631
Columbia Mid Cap Growth R5,1.2028979968721734,0.9485779141222677,0.8998000591605522,0.20337612730168675,0.07211954255196548
Columbia Mid Cap Growth W,1.202586900725264,0.9483323956305446,0.8993343326023677,0.20337633368032607,0.07223048113849101
Columbia Mid Cap Growth Y,1.2026910784645404,0.9488188278911887,0.9002571681608091,0.2032897906812663,0.07194900699985206
Columbia Mid Cap Growth Z,1.2022109163140067,0.9484969025340669,0.8996463741167193,0.20327753379486238,0.07208602948376136
Stein Roe Midcap Growth S,,,0,0,0
Galaxy Growth II Ret A,,,0,0,0
Liberty Midcap Growth Z,,,0,0,0
Stein Roe Capital Opportunities,,,0,0,0
Columbia Mid Cap Growth C,1.2031870585640265,0.9488380349357739,0.900293616540781,0.20336924568162684,0.07199694895520359
Columbia Mid Cap Growth B,1.20151871871182,0.9484727975380607,0.8996006476696751,0.20316570073825432,0.07201760721368801
Columbia Mid Cap Growth T,1.2030026644123903,0.9484453157000848,0.8995485168734336,0.20342235785473461,0.07221222290509313
Columbia Mid Cap Growth G,,,0,0,0
Columbia Mid Cap Growth A,1.2038909616694262,0.9483486480877847,0.8993651583299289,0.20359324477322682,0.07237735887444295
Columbia Mid Cap Growth D,,,0,0,0
Liberty Capital Opportunities A,,,0,0,0
Galaxy Growth II Ret B,,,0,0,0
Liberty Midcap Growth A,,,0,0,0
Liberty Midcap Growth B,,,0,0,0
Galaxy Growth II Tr,,,0,0,0
Liberty Midcap Growth C,,,0,0,0
Columbia Mid Cap Growth A Load Waived,1.2038909616694262,0.9483486480877847,0.8993651583299289,0.20359324477322682,0.07237735887444295
Columbia Mid Cap Growth R,1.2031579358466908,0.9485380973414677,0.8997245221081717,0.20342869590188997,0.07217482587214319
Liberty Midcap Growth A Load Waived,,,0,0,0
Galaxy Growth II Ret A Load Waived,,,0,0,0
Liberty Capital Opportunities A LW,,,0,0,0
JHancock Large Cap Equity A Load Waived,1.1361096747612223,0.984878938449051,0.9699865234005294,0.18500540448613925,0.03877054199269264
JHancock Large Cap Equity I,1.1364581834146523,0.9845523285302052,0.9693432876142493,0.18512353384217067,0.03910171484886808
JHancock Large Cap Equity B,1.1365023856360688,0.984549358378012,0.9693374390825553,0.1851312218524824,0.039109368621410054
JHancock Large Cap Equity C,1.135778915275819,0.9846773814662764,0.9695895455712829,0.18498943825648606,0.03891329452102823
JHancock Large Cap Equity A,1.1361096747612223,0.984878938449051,0.9699865234005294,0.18500540448613925,0.03877054199269264
JHancock Large Cap Equity R2,1.1359889130427552,0.9848902183259535,0.9700087421541442,0.18498362859301565,0.03874672003456981
JHancock Large Cap Equity R6,1.1368544469713469,0.9847141155626908,0.9696618893884125,0.18515734345209134,0.03900253412496607
JHancock Large Cap Equity R5,1.1372499784588033,0.9846170078357359,0.9694706521193975,0.18524021552512035,0.03913404274143884
JHancock Large Cap Equity R3,1.1364910822038672,0.9846750688756436,0.9695849912652535,0.1851057999072775,0.03899609780531772
JHancock Large Cap Equity R4,1.1360205009522137,0.9848029246594941,0.9698368004178932,0.18500517019966456,0.038828478464671114
JHancock Large Cap Equity R1,1.1365966113157542,0.9846509981995002,0.9695375882552721,0.18512754031039763,0.03902953916663512
Principal Equity Income R-1,0.8466946238467397,0.9772202823536258,0.9549594802433002,0.1389594768364288,0.03838745316071013
Principal Equity Income R-2,0.8458318639827797,0.9773694275409422,0.9552509978917092,0.13879657875383467,0.038376660040111435
Principal Equity Income R-3,0.8461461794689044,0.9773189451811245,0.9551523206099458,0.13885525742574634,0.03837851191219601
Principal Equity Income R-4,0.8458084547756753,0.9771294634931098,0.9547819884263327,0.1388267334898986,0.038501484619132983
Principal Equity Income R-5,0.8455407325266098,0.977374378212183,0.9552606751856514,0.13874801632952008,0.038396486263420605
Principal Equity Income P,0.8440253806095194,0.9771736924096985,0.9548684251376041,0.1385276868140823,0.038615776494539
Principal Equity Income A,0.8450202434116864,0.9771120277199516,0.9547479147149955,0.1386999408211097,0.03857062680432451
Principal Equity Income B,0.8438702345035276,0.9772488946924955,0.9550154021777043,0.1384916942290926,0.03858955798695018
WM Bond & Stock S,,,0,0,0
WM Bond & Stock I,,,0,0,0
Principal Equity Income C,0.8451591850968514,0.9772340654340158,0.9549864186446942,0.13870539594310535,0.0384976453113941
Principal Equity Income A Load Waived,0.8450202434116864,0.9771120277199516,0.9547479147149955,0.1386999408211097,0.03857062680432451
Principal Equity Income Inst,0.8463769961402104,0.9765465057980484,0.9536430779863777,0.13900305891599446,0.038756600051268686
WM Equity Income R1,,,0,0,0
WM Equity Income R2,,,0,0,0
Principal Capital Appreciation Inst,1.015097573940709,0.9909244697751486,0.9819313047991595,0.16429162553576807,0.022211711161345665
Principal Capital Appreciation B,1.013693998076043,0.9911213170972257,0.9823214652045396,0.1640317123277984,0.021915460755096854
Principal Capital Appreciation R-1,1.013586783376322,0.9908698236053524,0.9818230073317021,0.16405634456943283,0.02222077921587724
Principal Capital Appreciation R-2,1.0139840581134258,0.9908439132389592,0.981771660402694,0.1641248853608469,0.022267379698332587
Principal Capital Appreciation R-3,1.0143690362055915,0.9909247402197122,0.9819318407795042,0.1641737735537802,0.022183190805953355
Principal Capital Appreciation R-4,1.0139531641345503,0.9908953649554668,0.9818736242902277,0.16411126873024606,0.022203336505950542
Principal Capital Appreciation R-5,1.0149459663684999,0.9909721075453954,0.9820257179329627,0.16425916047943837,0.022147330509371402
Principal Capital Appreciation P,1.013957968428513,0.9909446021096304,0.9819712044502137,0.16410376106762598,0.022143193079452304
Principal Capital Appreciation A,1.013998889676073,0.9909404461100426,0.9819629677367704,0.16411120896910641,0.022149839711622547
WM Northwest S,,,0,0,0
Principal Capital Appreciation C,1.0139014920894074,0.9910745349183667,0.9822287337636569,0.16407308853804056,0.02198111664380523
Principal Capital Appreciation A LW,1.013998889676073,0.9909404461100426,0.9819629677367704,0.16411120896910641,0.022149839711622547
WM West Coast Equity R1,,,0,0,0
WM West Coast Equity R2,,,0,0,0
Oppenheimer Value A Load Waived,1.0489308215356479,0.9839841913722509,0.9682248888705024,0.1709714416372133,0.03146298893095853
Oppenheimer Value N,1.0504600348142992,0.9842476303374726,0.9687433978249301,0.17117462098907624,0.03131856902961503
Oppenheimer Value C,1.049087623522276,0.9840883769313008,0.968429933611282,0.17097873451044804,0.031375221833801994
Oppenheimer Value A,1.0489308215356479,0.9839841913722509,0.9682248888705024,0.1709714416372133,0.03146298893095853
Oppenheimer Value I,1.0481693524545144,0.9840099183846365,0.9682755194793389,0.17084289273784567,0.03138703164733426
Oppenheimer Value B,1.0486305732190977,0.984061136313663,0.9683763200029376,0.1709091507964158,0.03136987350546472
Oppenheimer Value Y,1.0492432305405928,0.9841421146495045,0.9685357018267985,0.17099478508984725,0.03133496134605501
Invesco International Growth Y,1.0100987403335413,0.9291243328148574,0.8632720258286539,0.17435359734833006,0.06447809999067826
Invesco International Growth A LW,1.0094352585525974,0.9294695993879828,0.8639137361864572,0.17417447124932323,0.06425802572608046
Invesco International Growth I,1.0098010588420743,0.9291959098523953,0.8634050388864207,0.174288829113787,0.0644216263363809
Invesco International Growth R,1.0082211495506568,0.9289673994770561,0.8629804292911644,0.17405906202051896,0.06443088466305802
Invesco International Growth A,1.0094352585525974,0.9294695993879828,0.8639137361864572,0.17417447124932323,0.06425802572608046
Invesco International Growth C,1.0079681169027126,0.9292247008874367,0.8634585447393461,0.17396722619477056,0.06428366903497046
Invesco International Growth B,1.0096430736890687,0.9293737587357221,0.8637355834265642,0.17422826594615193,0.06432070056412113
Invesco Constellation I,1.0761471894832144,0.9589377045616047,0.9195615212298794,0.17997601546808792,0.0524754355097207
Invesco Constellation B,1.0756827447690986,0.9585309900752099,0.9187816589345621,0.17997451994766345,0.05269792188273154
Invesco Constellation A,1.0758757763989133,0.9587274846427654,0.919158389809444,0.17996990858707357,0.05258793697346967
Invesco Constellation R,1.0750224916941595,0.9587748933747201,0.9192492961657059,0.17981828806105343,0.05248650859187394
Invesco Constellation C,1.075190951465925,0.9588392509542197,0.9193727091704491,0.17983443690749049,0.05245914581744177
Invesco Constellation A Load Waived,1.0758757763989133,0.9587274846427654,0.919158389809444,0.17996990858707357,0.05258793697346967
Invesco Constellation Y,1.074687769961972,0.9589576019890074,0.9195996824125074,0.17972819373935583,0.05234130211933703
Neuberger Berman Socially Resp Inst,0.9962261181276116,0.95702420413951,0.9158953273088625,0.16695185503019952,0.04841005146592615
Neuberger Berman Socially Resp Inv,0.9972798766654699,0.9575506377994981,0.9169032239502256,0.16703643323177786,0.048141738114929715
Neuberger Berman Socially Resp A LW,0.9950775370053933,0.9569622601510182,0.915776767353345,0.16677021512667548,0.04839409621730635
Neuberger Berman Socially Resp C,0.9967410876765733,0.9572761060874698,0.9163775432859889,0.1669941694876116,0.048282370947491195
Neuberger Berman Socially Resp R3,0.9945604890472275,0.9570596512402306,0.9159631760320718,0.16666672230183036,0.04831192525545102
Neuberger Berman Socially Resp A,0.9950775370053933,0.9569622601510182,0.915776767353345,0.16677021512667548,0.04839409621730635
Neuberger Berman Socially Resp Tr,0.9954158512768609,0.9564315903322622,0.9147613869855004,0.16691926944476282,0.0487275744259967
Invesco Van Kampen Mid Cap Gr I,1.215647053222053,0.9468345716661966,0.89649570610231,0.20591573429274035,0.07471507502056762
Invesco Van Kampen Mid Cap Gr A,1.2183284294356198,0.9470487889732714,0.8969014086957398,0.20632351207655739,0.07491580677581938
Invesco Van Kampen Mid Cap Gr B,1.2181196414830926,0.9473892148805357,0.8975463244719577,0.2062138855606832,0.07468580118019756
Invesco Van Kampen Mid Cap Gr C,1.217527942094679,0.9469256155489765,0.896668121382808,0.206214820605619,0.07489125910710745
Invesco Van Kampen Mid Cap Gr A LW,1.2183284294356198,0.9470487889732714,0.8969014086957398,0.20632351207655739,0.07491580677581938
Invesco Van Kampen Mid Cap Gr Y,1.217967843214405,0.9470833517716207,0.8969668752029675,0.20625494577120743,0.07485073939560363
Invesco Van Kampen Mid Cap Gr R,1.2165724310886465,0.9469826280072392,0.8967760977474971,0.20604064625260346,0.07473978412031146
Morgan Stanley Focus Growth A LW,1.1195620576785192,0.9013219985282823,0.8123813450310169,0.19921572383243508,0.0883750548977169
Morgan Stanley Capital Growth Secs A LW,,,0,0,0
Morgan Stanley Capital Growth Secs C,,,0,0,0
Morgan Stanley Focus Growth B,1.1175372536589296,0.9012940302921635,0.8123309290402914,0.19886163420126185,0.08816668105906589
Morgan Stanley Capital Growth Secs B,,,0,0,0
Morgan Stanley Focus Growth I,1.1198369076529073,0.901600495009564,0.8128834526014908,0.1992030478290786,0.088266538601732
Morgan Stanley Capital Growth Secs D,,,0,0,0
Morgan Stanley Focus Growth C,1.1191855270844884,0.901244562721511,0.8122417618350876,0.19916570281587254,0.08837220250980454
Morgan Stanley Capital Growth Secs A,,,0,0,0
Morgan Stanley Focus Growth A,1.1195620576785192,0.9013219985282823,0.8123813450310169,0.19921572383243508,0.0883750548977169
Invesco Equally-Wtd S&P 500 A LW,1.1384825807927184,0.9843576360916568,0.9689599557319546,0.18548935896316432,0.03950442688584468
Invesco Equally-Wtd S&P 500 B,1.1368608387601502,0.9846070373381581,0.9694510179758252,0.185178333041727,0.03909870214148388
Invesco Equally-Wtd S&P 500 A,1.1384825807927184,0.9843576360916568,0.9689599557319546,0.18548935896316432,0.03950442688584468
Invesco Equally-Wtd S&P 500 Y,1.1386414431254661,0.9844732620348897,0.9691876036616166,0.18549351996488153,0.03942016122412369
Invesco Equally-Wtd S&P 500 C,1.136542821810956,0.9844698747115945,0.9691809342146626,0.18515226663804188,0.03918461405763747
Invesco Equally-Wtd S&P 500 R,1.137624468967176,0.9844944155104388,0.9692292541712405,0.1853238994170985,0.03928559565078347
Morgan Stanley Equally-Wtd S&P 500 W,,,0,0,0
Delaware Smid Cap Growth B,1.0277960668070154,0.8925607461978942,0.7966646856533417,0.18468194486637962,0.08337838704509642
Delaware Smid Cap Growth A,1.0267722491933695,0.8925217933168674,0.7965951515455569,0.18450616773469325,0.0833047736636617
Delaware Smid Cap Growth C,1.0272515276473733,0.8925383344422287,0.7966246784489078,0.18458875537924066,0.08333997586606151
Delaware Smid Cap Growth Instl,1.0270968641589737,0.8926488552167147,0.7968219787197113,0.18453811250724717,0.08327556370108649
Delaware Smid Cap Growth A Load Waived,1.0267722491933695,0.8925217933168674,0.7965951515455569,0.18450616773469325,0.0833047736636617
Delaware Smid Cap Growth R,1.0281220718566333,0.892346838218105,0.7962828796778488,0.18478470122012008,0.08350556462632154
DFA Large Cap International I,1.1898144284809353,0.9399422384143229,0.8834914115553277,0.20301319161117348,0.07567157252578062
DFA US Small Cap I,1.2907839897993334,0.9297218973639766,0.8643828064380726,0.22265800833975471,0.09431275040239409
DFA US Micro Cap I,1.253758589363845,0.913636321635601,0.8347313282118314,0.22007740936262704,0.09827178081339769
DFA US Large Company,1.00116390801432,0.9999492765424525,0.9998985556577742,0.1605723674242967,0.0016276885903168422
DFA Real Estate Securities I,1.1027103495893746,0.8466083863413397,0.7167457598234871,0.20888847589037143,0.11236708323435673
AllianceBern Growth & Income A,0.9653099934996818,0.9817337177848344,0.963801092635633,0.15768630543256867,0.030508330990298677
AllianceBern Growth & Income B,0.9584381695361206,0.9820280068055933,0.9643790061505664,0.15651709807447386,0.030278373920047133
AllianceBern Growth & Income C,0.9750422812596476,0.9820178723359168,0.9643591015871609,0.15922987413678016,0.030321503315544427
AllianceBern Growth & Income Adv,0.9647279126624687,0.9825563733490512,0.9654170268088401,0.1574594821680667,0.029818843852321687
AllianceBern Growth & Income A LW,0.9653099934996818,0.9817337177848344,0.963801092635633,0.15768630543256867,0.030508330990298677
AllianceBern Growth & Income R,0.9600864756310958,0.9832450940218221,0.9667709149179818,0.156592905780247,0.02924943994804328
AllianceBern Growth & Income K,0.9592429179084633,0.9824730315198855,0.9652532576638742,0.15657757032630426,0.029905244079428458
AllianceBern Growth & Income I,0.9618743893826018,0.981734915269918,0.9638034438600329,0.15712521976109523,0.030507971764183052
DWS Large Cap Value S,0.8731422417726686,0.98446185969379,0.9691651531917553,0.14224822633724138,0.03220852165071344
DWS Large Cap Value AARP,,,0,0,0
DWS Large Cap Value Inst,0.8735763109455618,0.9846182753878067,0.9694731482276586,0.1422964397799477,0.03207414406821438
DWS Large Cap Value A Load Waived,0.8735335605032769,0.9847559836799571,0.9697443473934798,0.14226962931120812,0.03198919894289767
DWS Large Cap Value RR,,,0,0,0
DWS Large Cap Value A,0.8735335605032769,0.9847559836799571,0.9697443473934798,0.14226962931120812,0.03198919894289767
DWS Large Cap Value R,0.8733689558097537,0.984976563654816,0.9701788309492498,0.14221084845861662,0.03186051726185637
DWS Large Cap Value B,0.873219360834317,0.9847496371689767,0.9697318479044312,0.14221917864036246,0.032018353806379185
DWS Large Cap Value C,0.8729868953758432,0.9846703016361732,0.9695756029242724,0.14219296622290095,0.03208772707176226
DWS Equity Dividend B,1.0359138124446012,0.9849907684620776,0.9702068139555141,0.16866508505390512,0.029671777329358752
DWS Equity Dividend C,1.0360935674334069,0.9851906090510814,0.9706005361624406,0.16866015417844138,0.029487310481685736
DWS Equity Dividend A,1.0366416262751674,0.9850936276061013,0.9704094551501483,0.16876592459430814,0.029614460608406442
DWS Strategic Value I,,,0,0,0
DWS Equity Dividend R,1.036871265657927,0.9850675861565283,0.9703581492962493,0.16880762853711154,0.029653493501426483
DWS Equity Dividend Instl,1.0374375018582835,0.9852418906349947,0.9707015830620187,0.16887015828043125,0.029516853502284644
DWS Equity Dividend S,1.0386259845992583,0.9851089705043968,0.9704396837682325,0.1690861570082939,0.02971859048503382
DWS Equity Dividend A Load Waived,1.0366416262751674,0.9850936276061013,0.9704094551501483,0.16876592459430814,0.029614460608406442
DWS Dreman Small Cap Value S,1.2005622067316202,0.9497559593902963,0.9020363823973823,0.20272578297041338,0.07112538540534095
DWS Dreman Small Cap Value A LW,1.2015735467905653,0.9499051319086564,0.9023197596264019,0.2028645687011528,0.07115571914891143
DWS Dreman Small Cap Value Instl,1.201353700817446,0.9500033675161393,0.9025063982920049,0.2028065375979804,0.07106957214955471
DWS Dreman Small Cap Value R,,,0,0,0
DWS Dreman Small Cap Value A,1.2015735467905653,0.9499051319086564,0.9023197596264019,0.2028645687011528,0.07115571914891143
DWS Dreman Small Cap Value C,1.2002069604759906,0.9499927771010775,0.9024862765442175,0.2026151990202954,0.07093878188766839
DWS Dreman Small Cap Value B,1.199167929575362,0.9500238215195252,0.9025452614545628,0.20243320629370185,0.07079575373215274
DWS Dreman Small Cap Value I,,,0,0,0
Dreyfus Appreciation,0.8508706668465952,0.9693442281636403,0.9396282326741637,0.1407747405947378,0.042044706441786456
JPMorgan Small Cap Equity A,1.0769677219966671,0.9344574866702354,0.8732107943940532,0.18483382272185697,0.06694959644430386
JPMorgan Small Cap Equity B,1.077533845161985,0.934794684389133,0.8738411019621789,0.1848642992971058,0.06681610324031532
JPMorgan Small Cap Equity A Load Waived,1.0769677219966671,0.9344574866702354,0.8732107943940532,0.18483382272185697,0.06694959644430386
JPMorgan Small Cap Equity C,1.0775592351877716,0.9347905048664317,0.8738332879884382,0.18486948946224946,0.06682066672012626
JPMorgan Small Cap Equity Sel,1.0776940757153246,0.9344735588863282,0.8732408322576801,0.1849553246080474,0.06700599254818858
JPMorgan Small Cap Equity R2,1.0776563828639918,0.9347352515670297,0.8737299905220784,0.18489700952741903,0.06685960066639358
JPMorgan Small Cap Equity R5,1.0768265593426867,0.9342485773549853,0.8728204042898142,0.18485096185024377,0.06705092088032369
Eaton Vance Dividend Builder A LW,0.9505908229881619,0.9842679063262062,0.9687833114237735,0.15488601954562095,0.02848482034670229
Eaton Vance Dividend Builder I,0.952124466664946,0.9841009165319677,0.968454613919059,0.15516196191354437,0.028603009319298985
Eaton Vance Dividend Builder B,0.9511289705286912,0.9845138751705975,0.9692675704034268,0.15493480172336052,0.028264430905183723
Eaton Vance Dividend Builder C,0.9473386303634049,0.9841537227689132,0.968558550039911,0.15437412227455707,0.02864145821640205
Eaton Vance Dividend Builder A,0.9505908229881619,0.9842679063262062,0.9687833114237735,0.15488601954562095,0.02848482034670229
Old Westbury Large Cap Strategies,1.1824758287534893,0.9250612397103348,0.8557382972144215,0.20500684694826588,0.0831660292228452
Elfun Trusts,1.0640143384499499,0.9802853528326485,0.9609593729782301,0.17406716056940755,0.03588744692877866
Victory Diversified Stock A,1.1217117612756407,0.9830546580275126,0.9663964606695896,0.18299209611320894,0.038803982035675776
Victory Diversified Stock R,1.1217877433459695,0.9830828929026341,0.9664519743178119,0.1829992353412874,0.038787292022762404
Victory Diversified Stock A Load Waived,1.1217117612756407,0.9830546580275126,0.9663964606695896,0.18299209611320894,0.038803982035675776
Victory Diversified Stock B,,,0,0,0
Victory Diversified Stock C,1.1209281762756738,0.9825550568998164,0.9654144398394012,0.18295719086565082,0.039157283769881784
Victory Diversified Stock I,1.1228185126325951,0.9828468542385019,0.965987938886519,0.18321120509157574,0.039103871389609794
Fidelity Advisor Equity Growth I,1.1541955017847056,0.9739966569036176,0.9486694876594234,0.1900465166971224,0.04964420014337069
Fidelity Advisor Equity Growth T,1.1541652043223156,0.9740770428663313,0.9488260854392168,0.19002581535657853,0.04958074892665114
Fidelity Advisor Equity Growth C,1.1532896486588216,0.9740931503961452,0.9488574656486871,0.18987856077392407,0.049470557458234456
Fidelity Advisor Equity Growth B,1.153463546007897,0.9740670401032587,0.9488065986155234,0.18991223596047174,0.04950955670885504
Fidelity Advisor Equity Growth A,1.1551398858641426,0.9741544515743553,0.9489768955221329,0.1901711621723093,0.049632417591681424
Fidelity Advisor Equity Growth A LW,1.1551398858641426,0.9741544515743553,0.9489768955221329,0.1901711621723093,0.049632417591681424
Fidelity Advisor Equity Income A LW,1.0662793703028757,0.9850378777103886,0.9702996205241865,0.17360735179184167,0.03174453325466562
Fidelity Advisor Equity Income A,1.0662793703028757,0.9850378777103886,0.9702996205241865,0.17360735179184167,0.03174453325466562
Fidelity Advisor Equity Income C,1.065052252601319,0.9852386874806506,0.9706952713085951,0.17337231793914396,0.031452542064094265
Fidelity Advisor Equity Income T,1.0651828931654315,0.9853809113782357,0.9709755405086026,0.17336859929131343,0.031324771816717646
Fidelity Advisor Equity Income I,1.0653181215421859,0.9850859560881646,0.9703943408821335,0.1734424759380656,0.03162143499714651
Fidelity Advisor Equity Income B,1.0647790140594873,0.9852998733555459,0.9708158404344548,0.1733170670870776,0.0313714700500038
Franklin Balance Sheet Investment A,1.1779745226395815,0.9605020994638922,0.9225642830745447,0.19669187574080257,0.061716443567775975
Franklin Balance Sheet Investment A LW,1.1779745226395815,0.9605020994638922,0.9225642830745447,0.19669187574080257,0.061716443567775975
Franklin Balance Sheet Investment Adv,1.1790773489692772,0.9604782535999322,0.9225184756383757,0.19688086711334826,0.061859330982172
Franklin Balance Sheet Investment C,1.1781525174674163,0.9605584585319065,0.9226725522571922,0.19671002837712648,0.061700202852576165
Franklin Balance Sheet Investment B,1.1781233657881214,0.960445071260702,0.922454734908975,0.19672839239262607,0.06177080694723882
Franklin Balance Sheet Investment R,1.1788573026454496,0.9603889189772925,0.9223468756943726,0.1968624024795351,0.06189214164966955
Artio International Equity A,1.1822416281507115,0.9118256255513754,0.8314259714121569,0.20794516364183444,0.09022173377904597
Artio International Equity I,1.183803344554939,0.9114317708851611,0.8307078729788608,0.20830966682391522,0.09061667924751411
CGM Realty,1.378875315380665,0.8933916162000404,0.7981485798965202,0.2475193660686406,0.12670166664231716
Fidelity Canada,1.0480279093459743,0.8537248557105502,0.7288461292579997,0.19688351470808577,0.102787834806352
Fidelity Canada C,,,0,0,0
Fidelity Advisor Canada A,1.0474125959330494,0.8536011643305913,0.7286349477465411,0.1967964516232805,0.10277505900123358
Fidelity Advisor Canada B,1.0465236435007732,0.8536074561372784,0.7286456891731556,0.19662806562115523,0.10267508140542275
Fidelity Advisor Canada C,1.0467377012941759,0.8533609480295469,0.7282249076218871,0.19672501325956276,0.10280717342218043
Fidelity Advisor Canada T,1.0475058511052058,0.853622937012739,0.7286721185942545,0.19680893124560803,0.10277565818860815
Fidelity Advisor Canada I,1.0480519731836422,0.8535905601118055,0.7286168443119858,0.19691898079555167,0.10284976488153831
Fidelity Advisor Canada A Load Waived,1.0474125959330494,0.8536011643305913,0.7286349477465411,0.1967964516232805,0.10277505900123358
Fidelity Advisor Diversified Stock O,1.1468042179736526,0.9841937302063941,0.9686372985775765,0.186875295651093,0.04060696525213026
Fidelity Advisor Diversified Stock A,1.1470536676292662,0.9842157075362052,0.968680558960993,0.18691176425122374,0.04061683110176535
Fidelity Advisor Diversified Stock A LW,1.1470536676292662,0.9842157075362052,0.968680558960993,0.18691176425122374,0.04061683110176535
Fidelity Advisor Diversified Stock B,1.145941686132445,0.984198380290504,0.9686464517664516,0.18673386194759234,0.040502567774132435
Fidelity Advisor Diversified Stock C,1.1463731792902232,0.9843229896313688,0.9688917479168356,0.18678053688970808,0.04044370130744241
Fidelity Advisor Diversified Stock I,1.1470600199148218,0.9840962982476612,0.9684455242247497,0.18693546089299912,0.040721769929931664
Fidelity Advisor Diversified Stock T,1.1450692498119033,0.9840887962862447,0.9684307589761102,0.18661252322384755,0.04049713977750479
Fidelity Advisor Capital Development B,1.1076653379589672,0.9737348739351368,0.9481596047174768,0.18244270174875155,0.044974963720244766
Fidelity Advisor Capital Development C,1.1092577498414893,0.972913531379037,0.9465607395404284,0.1828591052270132,0.04574876769579909
Fidelity Advisor Capital Development T,1.1078566846151012,0.9735891779929485,0.9478758875049852,0.18250152330198754,0.04510393858880577
Fidelity Advisor Capital Development I,1.1076225804918227,0.9727246325127392,0.9461932106970437,0.18262510461439277,0.04573307133806428
Fidelity Advisor Capital Developmen A LW,1.1081563360659825,0.9731616594565721,0.9470436154362694,0.1826311331469439,0.04545592120399612
Fidelity Advisor Capital Development A,1.1081563360659825,0.9731616594565721,0.9470436154362694,0.1826311331469439,0.04545592120399612
Fidelity Advisor Capital Development O,1.1081114722754222,0.9731322210348279,0.9469863196161772,0.18262929531685812,0.045473786808149674
Fidelity Growth Strategies,1.2628576497079673,0.9479910353231831,0.8986870030531207,0.21363742890864063,0.07999358327638119
Fidelity Growth Strategies K,1.2651646121079305,0.947656358868334,0.8980525745035886,0.21410315250644957,0.08049563147110353
Fidelity Equity Dividend Income K,1.1121221590434982,0.9809801357658087,0.9623220267671043,0.1818190887672529,0.03960130999883235
Fidelity Equity Dividend Income,1.1115418370172647,0.980830828851135,0.9620291148248045,0.1817519451491754,0.03966961285117723
Alger Capital Appreciation Instl I,1.1174324282862114,0.9767559497674506,0.9540521854061145,0.1834710510774887,0.04359699467740429
Alger Capital Appreciation Instl R,1.1156138221349787,0.9761228746472016,0.9528158664095165,0.18329128051334392,0.04391233165505909
Fidelity Independence,1.3828237138790302,0.948060139889173,0.8988180288466782,0.23391005243877827,0.09644944299038004
Fidelity Independence K,1.3812316318220448,0.9482101798866801,0.8991025452407303,0.23360386866558444,0.09613123175133291
Fidelity Emerging Markets K,1.2679198438522197,0.8663340293408491,0.7505346503939512,0.23471219108588443,0.12483564438749015
Fidelity Emerging Markets,1.2681586476505455,0.8663231532202748,0.7505158058055196,0.23475927872844168,0.12487509109076803
Van Eck Global Hard Assets A LW,1.4641301535779745,0.86788103882234,0.753217497547344,0.2705374930937277,0.1536111083586923
Van Eck Global Hard Assets A,1.4641301535779745,0.86788103882234,0.753217497547344,0.2705374930937277,0.1536111083586923
Van Eck Global Hard Assets C,1.46260736429401,0.8678637774007968,0.7531875361243798,0.27026152243193097,0.15338008563079497
Van Eck Global Hard Assets Y,1.463659009374645,0.8677808286608517,0.7530435665913144,0.2704816347488725,0.1535916795864185
Van Eck Global Hard Assets B,,,0,0,0
Van Eck Global Hard Assets I,1.4643940333288425,0.8679665484030202,0.7533659291466525,0.2705595935788961,0.15360585861526804
Royce Total Return R,1.008122326656134,0.9587501563413513,0.9192018622845656,0.16864360432650238,0.04794301153231129
Royce Total Return K,1.0049417764510618,0.9574559391982344,0.916721875505973,0.16833914223419902,0.04857378140210348
Royce Total Return Invmt,1.0049693423357569,0.9583191215513003,0.9183755387308559,0.16819204354078449,0.04804731253071586
Royce Total Return W,1.0020332702004977,0.9578582987512693,0.9174925204866757,0.1677814773922826,0.04818302096148057
Royce Total Return Instl,1.0065622254705318,0.9582616993139459,0.9182654843720512,0.16846884129205247,0.04816365737524112
Royce Total Return Svc,1.0064302844986095,0.9578042234835129,0.9173889305228552,0.16852696800497796,0.04843742362463435
Royce Total Return Consult,1.004299182136843,0.9576682054599653,0.9171283917489103,0.16819409400727114,0.048411830592161975
Fidelity Stock Selector All Cap,1.1282906384245954,0.9865155030233959,0.9732128377055038,0.18342503037284325,0.036387538837149284
Fidelity Stock Selector All Cap K,1.1274756649098092,0.9864550558615287,0.9730935772347716,0.18330379855174356,0.03635256077968596
Fidelity New Millennium,1.0640894841466353,0.9683204028469558,0.9376444025696906,0.1762434078280106,0.045184194527491464
Fidelity Real Estate Investment,1.1792735840390598,0.8296720384264884,0.6883556913467644,0.227949764290357,0.1304382658550294
Fidelity Overseas,1.3358883712039649,0.9403426859434584,0.8842443670073576,0.22782825790113354,0.09437810212873383
Fidelity Overseas F,,,0,0,0
Fidelity Overseas K,1.3346078628145612,0.9404427080988947,0.884432487216383,0.2275857166498935,0.09414152226826931
Fidelity Select Gold,0.5963631579118183,0.3315068438430107,0.1098967875147543,0.2884742367120342,0.27973189921216174
Fidelity Advisor Gold A Load Waived,0.5965425989821348,0.33169367049374193,0.11002069104561105,0.2883985120301988,0.27963731296447114
Fidelity Advisor Gold A,0.5965425989821348,0.33169367049374193,0.11002069104561105,0.2883985120301988,0.27963731296447114
Fidelity Advisor Gold B,0.5958449028204879,0.331545596057888,0.10992248226538026,0.2881898860258213,0.27948634535895034
Fidelity Advisor Gold C,0.5960826840021877,0.33166304705816735,0.11000037678390812,0.28820277879920325,0.279477781466336
Fidelity Advisor Gold T,0.5960465851190776,0.33137140488389993,0.10980700797472956,0.2884389334961541,0.27972461056543585
Fidelity Advisor Gold I,0.5965684904276373,0.33166167446892864,0.10999946631153358,0.2884388468277935,0.27967653109607216
Fidelity Select Energy Service,1.6717357162412791,0.8094899513525227,0.6552739813407097,0.331171109234225,0.22226573513967568
Fidelity Select Biotechnology,0.9486248247669556,0.7590286167411711,0.5761244410320155,0.2003909997608694,0.13073022717529373
Fidelity Select Energy,1.4626918054996518,0.8538882238404667,0.729125098813427,0.2746970270815606,0.161058192280036
Fidelity Select Consumer Staples,0.6425649919807989,0.8371980808001241,0.7009006264954113,0.1230933339284127,0.08840176247078205
Fidelity Advisor Consumer Staples A,0.6426426485709317,0.8369923493826102,0.7005561929250215,0.12313852666339957,0.08844200243715437
Fidelity Advisor Consumer Staples B,0.6418352202114496,0.8369131396240399,0.7004236032753677,0.12299544717043293,0.08847771465325954
Fidelity Advisor Consumer Staples C,0.6421641328807035,0.8370982701267261,0.7007335138491573,0.12303129517908577,0.08843189796617615
Fidelity Advisor Consumer Staples T,0.6423069243634312,0.8369515694103564,0.7004879295384586,0.12308019871174317,0.08845843414144401
Fidelity Advisor Consumer Staples I,0.6430849267116561,0.837001614981737,0.7005717034820358,0.12322197843983455,0.08842951353413903
Fidelity Advisor Consumer Staples A LW,0.6426426485709317,0.8369923493826102,0.7005561929250215,0.12313852666339957,0.08844200243715437
Fidelity Select Health Care,0.7908031155826046,0.8858567908288938,0.7847422538576665,0.14316749016075642,0.07440175136889683
Fidelity Select Materials,1.5406585949941942,0.92653623818476,0.8584694006695663,0.26665534557780635,0.13257738661347584
Fidelity Advisor Materials A LW,1.5405567683439851,0.9265981471456934,0.8585841262938323,0.2666199406571119,0.13252586583829876
Fidelity Advisor Materials A,1.5405567683439851,0.9265981471456934,0.8585841262938323,0.2666199406571119,0.13252586583829876
Fidelity Advisor Materials B,1.539715652174269,0.9264352613678362,0.8582822935056909,0.26652124182126363,0.1324905194986857
Fidelity Advisor Materials C,1.5394512135294978,0.9263662319440673,0.8581543956862495,0.2664952821194421,0.1324897148693336
Fidelity Advisor Materials T,1.5404339256433495,0.9264829827522387,0.858370717329485,0.2666318024611359,0.13257358274273698
Fidelity Advisor Materials I,1.5408124438306865,0.926568633319968,0.8585294322524333,0.2666726753175414,0.13258234794152327
Fidelity Select Software & Comp,1.1283683429378992,0.9316158235975519,0.8679080427773449,0.19423946864981528,0.07352434825033521
Fidelity Select Technology,1.2729708128018598,0.9292948966700273,0.8635890049769567,0.2196945092650506,0.09217800775731547
Fidelity Trend,1.0971127339677096,0.9697682219370737,0.9404504042789932,0.18143763465252316,0.046925834967579155
Fidelity Worldwide,1.143452274660012,0.9779662075786475,0.9564179031657623,0.1875202558150193,0.045397298103518384
Fidelity Advisor Worldwide A LW,1.142486346768644,0.9778889613988274,0.9562668208256774,0.1873767517985597,0.0453516295677097
Fidelity Advisor Worldwide A,1.142486346768644,0.9778889613988274,0.9562668208256774,0.1873767517985597,0.0453516295677097
Fidelity Advisor Worldwide B,1.1410803538266538,0.977694771807546,0.9558870668198096,0.1871834040566842,0.04535032919459245
Fidelity Advisor Worldwide C,1.1420321830679323,0.9779213312091839,0.9563301300339423,0.18729607851429525,0.04527589478406699
Fidelity Advisor Worldwide T,1.1427217432374592,0.977581581065193,0.9556657476379226,0.18747429054561407,0.045620289883953
Fidelity Advisor Worldwide I,1.1416250066164846,0.9778089827253788,0.9561104066984398,0.18725096078444234,0.045319948365308074
USAA Emerging Markets Instl,1.27876228637963,0.858952204179172,0.7377988890642578,0.2387508463690823,0.13015092874089243
USAA Emerging Markets Adv,1.2728588876281648,0.8580450893931882,0.7362413754317643,0.23789995484428328,0.12975879030793472
USAA Emerging Markets,1.2732887387635312,0.858265690540308,0.7366199955586317,0.2379190432845537,0.1297087489923126
FMI Common Stock,0.9958539624382727,0.939675219989333,0.8829895190620013,0.169970246464598,0.058131993023354464
Northern Small Cap Value,1.2243831391137128,0.9448164426730316,0.892678110345322,0.2078269176326566,0.07699556093722298
Invesco Energy Inv,1.4650171666928988,0.8473879206793272,0.7180662881132338,0.2772429849713633,0.16500245105530809
Invesco Energy A Load Waived,1.4647456849911018,0.8473078090377412,0.7179305232563373,0.2772178109800402,0.16500247595601333
Invesco Energy A,1.4647456849911018,0.8473078090377412,0.7179305232563373,0.2772178109800402,0.16500247595601333
Invesco Energy B,1.4648669668803334,0.8477167490912538,0.7186236866898439,0.2771070254248897,0.164797392542635
Invesco Energy C,1.4657185329513174,0.847674821768891,0.7185526034609211,0.2772818272526759,0.16495842440133035
AIM Energy K,,,0,0,0
Invesco Energy Y,1.4653286231548528,0.8477368107465184,0.7186577002946783,0.27718780468817306,0.16486116481293472
Invesco Energy Institutional,1.4673270177169475,0.8477684401397486,0.7187113280969826,0.277555463137024,0.16516768647163285
Janus Research T,1.0797866216614733,0.9766804683844886,0.953904737323744,0.17730849671946164,0.0401527605813835
Janus Research N,1.079557894880328,0.9766538625932689,0.9538527673183518,0.1772757726631546,0.04015476279953303
Janus Research A,1.0788722959568444,0.9767188781238678,0.953979766883547,0.17715140865654252,0.040044910652500675
Janus Research C,1.0787866697107609,0.9766729186712515,0.9538899900658211,0.17714571973200535,0.040074562996589486
Janus Research S,1.0785648439355697,0.9766929003781131,0.9539290216490106,0.1771056136360898,0.04003992350070709
Janus Research I,1.0787726506771882,0.9766082560010138,0.9537636856893417,0.17715507163150324,0.04012518014105238
Janus Research D,1.079557894880328,0.9766538625932689,0.9538527673183518,0.1772757726631546,0.04015476279953303
Janus Research A Load Waived,1.0788722959568444,0.9767188781238678,0.953979766883547,0.17715140865654252,0.040044910652500675
First Eagle Fund of America Y,0.888531646627112,0.9218707394761627,0.8498456603023271,0.15457638413299624,0.06249674644800472
First Eagle Fund of America A,0.8897537529826504,0.9227145964517133,0.8514022265050482,0.15464749776722544,0.06216881956281162
First Eagle Fund of America C,0.888462384195111,0.9226720470764578,0.8513237064562612,0.15443010208679864,0.06216284978835067
First Eagle Fund of America A LW,0.8897537529826504,0.9227145964517133,0.8514022265050482,0.15464749776722544,0.06216881956281162
Franklin Equity Income A Load Waived,0.9311780311294109,0.9892926797285451,0.9787000061644856,0.15095750304892433,0.02463663427184345
Franklin Equity Income R,0.9270477883718335,0.9890808996167356,0.9782810259866511,0.15032045118228873,0.025047828982722523
Franklin Equity Income B,0.9277299426055281,0.989568059605415,0.9792449445912262,0.15035691943793197,0.024562226601928337
Franklin Equity Income A,0.9311780311294109,0.9892926797285451,0.9787000061644856,0.15095750304892433,0.02463663427184345
Franklin Equity Income C,0.9289010421357169,0.9891242740777416,0.9783668295698191,0.1506142739977918,0.02490992660435173
Franklin Equity Income Adv,0.9298927950691376,0.9890804904114955,0.9782802165126444,0.15078159189191936,0.02489907129785978
FPA Capital,1.174825914326985,0.9132130661222364,0.833958104136376,0.20631698146593447,0.08860683581221786
Franklin Flex Cap Growth A Load Waived,1.1041793103169553,0.966601795482886,0.9343190310307389,0.18319935363344075,0.04982635795277053
Franklin Flex Cap Growth Adv,1.104746992327933,0.966500069861154,0.9341223850416156,0.18331279765326727,0.04995049401255492
Franklin Flex Cap Growth C,1.1043461062426918,0.966499805570393,0.9341218741676074,0.18324633814334476,0.04991301747089536
Franklin Flex Cap Growth R,1.104909211409111,0.9664420175581105,0.9340101733017913,0.1833506953881145,0.05000613091913831
Franklin Flex Cap Growth B,1.1040819623548355,0.966470613635562,0.9340654470210997,0.18320805958574343,0.049908545760339526
Franklin Flex Cap Growth A,1.1041793103169553,0.966601795482886,0.9343190310307389,0.18319935363344075,0.04982635795277053
Franklin DynaTech A,1.088621043624269,0.9581647754625686,0.9180797369372345,0.1822147063470972,0.05404373104895436
Franklin DynaTech C,1.0889392800172708,0.9581449669274386,0.9180417776483822,0.1822716581225183,0.05408456860329457
Franklin DynaTech B,1.0899400517626834,0.957958918712004,0.9176852899398719,0.1824745833496973,0.05429247266496701
Franklin DynaTech A Load Waived,1.088621043624269,0.9581647754625686,0.9180797369372345,0.1822147063470972,0.05404373104895436
Franklin DynaTech R,1.0895811087491822,0.958107477012683,0.9179699375076088,0.18238625864710287,0.05416546762611941
Franklin DynaTech Adv,1.089262397973086,0.958153494427442,0.9180581188835181,0.18232418315539467,0.054107716645699744
Franklin Small-Mid Cap Growth A LW,1.2026297812169908,0.9403043243559729,0.8841722224025426,0.2051171748061734,0.07698726406490324
Franklin Small-Mid Cap Growth B,1.2015413328397158,0.9403993835962027,0.884351000668118,0.20491086700245872,0.07680122160178493
Franklin Small-Mid Cap Growth R,1.2041582958416583,0.9408790706875829,0.8852534256579296,0.20525233231098297,0.0768369625337305
Franklin Small-Mid Cap Growth Adv,1.2041696642347717,0.9407108513248902,0.8849369058003999,0.20529097809313146,0.07693628750855384
Franklin Small-Mid Cap Growth A,1.2026297812169908,0.9403043243559729,0.8841722224025426,0.2051171748061734,0.07698726406490324
Franklin Small-Mid Cap Growth C,1.2033971068966405,0.9405927620610002,0.8847147440415413,0.20518502238372147,0.07691192557705397
Franklin Gold and Precious Metals A,1.0108307680009072,0.5360794399835495,0.28738116597307606,0.3023753496886,0.25523754049472536
Franklin Gold and Precious Metals C,1.0098171965356064,0.5360258842941947,0.2873237486333734,0.30210235112948186,0.2550163150333068
Franklin Gold and Precious Metals B,1.0104757230198507,0.5362705326044411,0.28758608413985093,0.30216146055902465,0.2550199266748383
Franklin Gold and Precious Metals Adv,1.0112238963880802,0.5361150504386477,0.28741934730683383,0.30247282448328605,0.2553134393106793
Franklin Gold and Precious Metals A LW,1.0108307680009072,0.5360794399835495,0.28738116597307606,0.3023753496886,0.25523754049472536
Vanguard Global Equity Inv,1.1450850432006525,0.9676421484828264,0.9363313275204602,0.18979066378850346,0.05323129996393277
Franklin Utilities A Load Waived,0.3578035717974824,0.5900482043820282,0.3481568834944558,0.09725041628378722,0.129484300030054
Franklin Utilities R,0.3551718500817861,0.5896947844058434,0.34773993875545417,0.09659314471567647,0.12951492365053718
Franklin Utilities C,0.3542717874825494,0.5864282940787898,0.3438981440961596,0.09688501996084106,0.12991093914259985
Franklin Utilities B,0.35748777555599937,0.5900375552184627,0.34814431656818046,0.09716642369912956,0.1294839065189743
Franklin Utilities Adv,0.3543805327865396,0.5887203799382889,0.3465916857546832,0.09653755188478827,0.12963045292828343
Franklin Utilities A,0.3578035717974824,0.5900482043820282,0.3481568834944558,0.09725041628378722,0.129484300030054
Gabelli Asset AAA,1.0361011717721398,0.9814576971919783,0.9632592113773809,0.16931297599643994,0.032958344078425794
Gabelli Asset A Load Waived,1.0354541084165274,0.9812891005758057,0.9629282989088737,0.16923632579289147,0.033069351127009254
Gabelli Asset A,1.0354541084165274,0.9812891005758057,0.9629282989088737,0.16923632579289147,0.033069351127009254
Gabelli Asset B,1.0353555102754286,0.9814680920946041,0.9632796157998221,0.16918928373491177,0.03290534480492565
Gabelli Asset C,1.03548442259528,0.981369346597689,0.963085794441575,0.16922739675353818,0.03300026741433209
Gabelli Asset I,1.0365722777869404,0.9813658799669502,0.9630789903633066,0.16940576693656365,0.033067461760103466
GE S&S US Equity,1.0766333502703336,0.99212411907143,0.984310267643261,0.17403370700003407,0.025020641002186293
Gabelli Small Cap Growth AAA,1.0802541646777684,0.9486314974817093,0.8999017180143902,0.18263636271830347,0.05918534702441137
Gabelli Small Cap Growth A,1.0812747453197076,0.9487404713916912,0.9001084820565282,0.1827878628884397,0.0592096241210924
Gabelli Small Cap Growth B,1.079517514076398,0.9485423139583229,0.8997325213694096,0.18252903155647637,0.05917423771997166
Gabelli Small Cap Growth C,1.081117063492094,0.9489828811219985,0.9005685086626091,0.18271452206314998,0.059051623222387065
Gabelli Small Cap Growth A Load Waived,1.0812747453197076,0.9487404713916912,0.9001084820565282,0.1827878628884397,0.0592096241210924
Gabelli Small Cap Growth I,1.0808711779008704,0.9485766689395306,0.8997976968564159,0.18275122837462146,0.0592716925557137
Gabelli Equity Income I,0.9432294181930406,0.9907778556574862,0.9816407592612465,0.15268844917333715,0.022598049107571
Gabelli Equity Income A Load Waived,0.9415373660286356,0.9905483844740894,0.9811861019842286,0.15245005454812652,0.022910921089887407
Gabelli Equity Income A,0.9415373660286356,0.9905483844740894,0.9811861019842286,0.15245005454812652,0.022910921089887407
Gabelli Equity Income B,0.9441305884016453,0.9906872646875483,0.9814612564140964,0.15284819757835427,0.022652809933526485
Gabelli Equity Income C,0.9404224776904211,0.9908123291741792,0.9817090716435619,0.1522288242697739,0.022691720738234028
Gabelli Equity Income AAA,0.9414458512788607,0.9907552494379314,0.9815959642888177,0.1524032741455576,0.02270249391848519
Columbia Large Cap Growth T,1.0609028138582837,0.9758488234352648,0.9522809261999906,0.1743583931086116,0.039312113322998624
Columbia Large Cap Growth Z,1.0627642626367602,0.9759503666272895,0.9524791181199409,0.17464605385921275,0.039371418394753846
Columbia Large Cap Growth Y,1.0632979069310633,0.9757879075451767,0.9521620405113944,0.17476256724793104,0.03954056864631805
Columbia Large Cap Growth I,1.060540853183264,0.9758502577343856,0.9522837255202669,0.17429822037211726,0.039284010635575385
Columbia Large Cap Growth R,1.0612472985887482,0.9762712945921328,0.953105640644599,0.17433931093587637,0.03900198199419271
Columbia Large Cap Growth R4,1.059867180819494,0.9757978735678162,0.9521814900594718,0.17419707399057757,0.03927548905824332
Columbia Large Cap Growth R5,1.060014516157652,0.9760003756815192,0.9525767333304666,0.1741848316215655,0.03912585751645579
Columbia Large Cap Growth W,1.0603889757441234,0.9759378900262353,0.9524547651888604,0.17425797854454095,0.039203247573379854
Columbia Large Cap Growth B,1.0634306184446605,0.9758656140008002,0.9523136965891588,0.17477067071067975,0.03948912008967967
Columbia Large Cap Growth A,1.0650319749617607,0.9760021795986786,0.9525802545813714,0.17500922680572883,0.039503144661701725
Columbia Large Cap Growth A Load Waived,1.0650319749617607,0.9760021795986786,0.9525802545813714,0.17500922680572883,0.039503144661701725
Columbia Large Cap Growth G,,,0,0,0
Columbia Large Cap Growth C,1.0604612590609648,0.9760535684889681,0.9526805685600486,0.17424935004708295,0.039116758453725975
Columbia Large Cap Growth E,1.0613837021520856,0.9758520360479873,0.9522871962590024,0.1744368411450113,0.03934550576429161
Columbia Large Cap Growth F,1.0619626792633534,0.9758306406236286,0.9522454391799212,0.17453574132915392,0.03940588534873464
Dreyfus Opportunistic Midcap Value A LW,1.4017605520459548,0.9621028200158344,0.925641836282421,0.23365995015879115,0.0905997654233287
Dreyfus Opportunistic Midcap Value C,1.401209396615257,0.9622716559436877,0.9259667398326069,0.2335271395095229,0.09041356600232016
Dreyfus Opportunistic Midcap Value I,1.401196464097872,0.9618345606915876,0.9251257221407791,0.2336310907818178,0.09068533697360338
Dreyfus Midcap Value T,,,0,0,0
Dreyfus Opportunistic Midcap Value A,1.4017605520459548,0.9621028200158344,0.925641836282421,0.23365995015879115,0.0905997654233287
Vantagepoint Growth,1.04325628234889,0.9878154064477074,0.9757792772154494,0.16937504121929423,0.027252535784057477
Victory Small Company Opportunity R,1.1489158364874208,0.9294943289540164,0.8639597075576773,0.19823223860757722,0.07690333167136333
Victory Small Company Opportunity A,1.1497636573501526,0.9297027630403675,0.8643472276048937,0.19833407457952112,0.07688228133268173
Victory Small Company Opportunity A LW,1.1497636573501526,0.9297027630403675,0.8643472276048937,0.19833407457952112,0.07688228133268173
Victory Small Company Opportunity C,,,0,0,0
Victory Small Company Opportunity I,1.1503369903036558,0.9299254613123337,0.8647613635969565,0.19838544886302717,0.07682304092859432
Victory Established Value R,1.0568343862776373,0.9619393768000277,0.9253273646384258,0.17620723646062056,0.04899394568083654
Victory Established Value A,1.0579305833004353,0.9620975147828783,0.9256316279513906,0.17636080005157495,0.048971715268386354
Victory Established Value A Load Waived,1.0579305833004353,0.9620975147828783,0.9256316279513906,0.17636080005157495,0.048971715268386354
Victory Established Value C,,,0,0,0
Victory Established Value I,1.0573695065848285,0.962011371398435,0.9254658786998975,0.17628298993377556,0.04898648618138232
First Investors Growth & Income A,1.0824620129718614,0.9882567239328272,0.9766513523984441,0.17565661532021148,0.02991729305441762
First Investors Growth & Income B,1.0820157669370214,0.9882050118992194,0.9765491455427363,0.1755932005482694,0.029929740230974593
First Investors Growth & Income A LW,1.0824620129718614,0.9882567239328272,0.9766513523984441,0.17565661532021148,0.02991729305441762
Invesco Global Health Care A,0.7587117595270645,0.8636926053514795,0.7459649165388265,0.14087285704834354,0.08085176483222627
Invesco Global Health Care B,0.7585819545516176,0.8640915028907096,0.746654125367925,0.14078364930469087,0.08073776573294678
Invesco Global Health Care C,0.7586484446336289,0.8634008867992079,0.7454610913256584,0.1409086515496263,0.08093429035428679
AIM Global Health Care Adv,,,0,0,0
Invesco Global Health Care A LW,0.7587117595270645,0.8636926053514795,0.7459649165388265,0.14087285704834354,0.08085176483222627
Invesco Global Health Care Invstor,0.7601739033503073,0.8639798709636333,0.7464612174303364,0.14109740727522513,0.08077824063416134
Invesco Global Health Care Y,0.7591857682247367,0.8640732558640353,0.7466225914994744,0.14089879958075788,0.08074610586522248
Oppenheimer Equity A Load Waived,1.0583915626827114,0.9928757399160028,0.98580223491375,0.17095999066349638,0.022415614738191935
Oppenheimer Equity N,1.0586886333537384,0.9926294047263459,0.9853131351273798,0.17105050856799411,0.022761753751212956
Oppenheimer Equity B,1.0581268685535081,0.9924168618995259,0.9848912277825028,0.17099654712817589,0.022988472193338657
Oppenheimer Equity A,1.0583915626827114,0.9928757399160028,0.98580223491375,0.17095999066349638,0.022415614738191935
Oppenheimer Equity Y,1.0579463607942052,0.9926786506401282,0.9854109034367056,0.17092211384287762,0.022635630474217704
Oppenheimer Equity C,1.056783736866122,0.9926605803734764,0.985375027827407,0.17073777590830053,0.022562519322367133
Neuberger Berman Guardian Inv,0.9742781501351773,0.9597920005537857,0.921200684327038,0.16280454199991912,0.04587603045426104
Neuberger Berman Guardian A Load Waived,0.9755912523339036,0.9611827964209566,0.92387236813561,0.16278828228941591,0.04507471450231429
Neuberger Berman Guardian A,0.9755912523339036,0.9611827964209566,0.92387236813561,0.16278828228941591,0.04507471450231429
Neuberger Berman Guardian C,0.9726348531084993,0.9605423890342338,0.9226416811315934,0.16240304289641747,0.0453715735254187
Neuberger Berman Guardian R3,0.9735517328412698,0.9604364896681806,0.9224382506861373,0.16257411445360337,0.045464079370923366
Neuberger Berman Guardian Tr,0.9749448111347335,0.9608814779832485,0.9232932147312721,0.16273139336347195,0.04523796307193666
Neuberger Berman Guardian Adv,0.9721946696335433,0.9602351086576493,0.9220514638987675,0.1623816659330125,0.04554358421951021
Neuberger Berman Guardian Inst,0.9734203400214666,0.959960448323268,0.9215240623450096,0.16263280624153442,0.04574722806321919
Columbia Multi-Advisor Intl Equity I,1.2378870071357906,0.9351872855716469,0.8745752590948651,0.21228012947667566,0.08429197285661423
Columbia Multi-Advisor Intl Equity R4,1.239787177665112,0.9352660057370417,0.8747225014873201,0.2125883410129779,0.0844880254251904
Columbia Multi-Advisor Intl Equity W,1.240102723026347,0.9350107473210248,0.8742450976058214,0.21270038130552876,0.08467399190678104
Columbia Multi-Advisor Intl Equity Z,1.241588684089281,0.9356793382284734,0.8754958239876739,0.21280302640844964,0.08448053473232867
Columbia Multi-Advisor Intl Equity A,1.2414933846206726,0.9350817409952688,0.8743778623427428,0.2129227259113986,0.08481028726000671
Columbia Multi-Advisor Intl Equity C,1.241339860939457,0.935223440017166,0.8746428827575415,0.21286411724908963,0.08470975049651885
Columbia Multi-Advisor Intl Equity Y,1.23993363229963,0.9356598121274512,0.8754592840303772,0.2125236724807949,0.08428130644230437
Nations International Equity Prim B,,,0,0,0
Columbia Multi-Advisor Intl Equity B,1.2391793132758409,0.9359977694395455,0.8760918243958045,0.21231804968142082,0.08399194582045694
Columbia Multi-Advisor Intl Equity A LW,1.2414933846206726,0.9350817409952688,0.8743778623427428,0.2129227259113986,0.08481028726000671
Columbia Multi-Advisor Intl Equity R,1.2404777102421036,0.9349368599168402,0.8741069320311613,0.21278128019009365,0.08476385709375359
Heartland Value,1.1565635625604513,0.8945909948897227,0.8002930481377839,0.20734448464691593,0.09598112432547797
Heartland Value Inst,1.1553007689247454,0.8941402206435497,0.7994867341724958,0.20722257289240317,0.09605605838819428
JPMorgan Equity Index Select,0.9993601567853683,0.9999954582865451,0.9999909165937174,0.16027580591078228,0.0004937302718421594
JPMorgan Equity Index B,0.9986610507633128,0.9999908319635766,0.9999816640112061,0.16016446544625726,0.0007185199588969913
JPMorgan Equity Index A,1.0001728944477022,0.9999949015217199,0.9999898030694342,0.16040620861350724,0.0005128660936345865
JPMorgan Equity Index C,0.999261772247917,0.9999930300641401,0.9999860601768602,0.16026041778377972,0.0006098276505155662
JPMorgan Equity Index A Load Waived,1.0001728944477022,0.9999949015217199,0.9999898030694342,0.16040620861350724,0.0005128660936345865
JPMorgan Mid Cap Growth A Load Waived,1.258124559294965,0.9503571607842658,0.9031787330539308,0.21230667516526425,0.07794727514196954
JPMorgan Diversified Mid Cap Gr Ultra,,,0,0,0
JPMorgan Mid Cap Growth C,1.2564406470763052,0.9499542836313369,0.9024131409895265,0.21211244750001895,0.07797406472691874
JPMorgan Mid Cap Growth A,1.258124559294965,0.9503571607842658,0.9031787330539308,0.21230667516526425,0.07794727514196954
JPMorgan Mid Cap Growth B,1.2553033285685875,0.9496001512656802,0.9017404472838028,0.21199951529674035,0.07804191346806261
JPMorgan Mid Cap Growth Sel,1.2553733243764125,0.950096347599094,0.9026830697211384,0.21190071938867702,0.07774978635935921
JPMorgan Mid Cap Growth R6,1.2550450239422646,0.9500098244879169,0.9025186666235627,0.2118645571474728,0.07775994393386916
JPMorgan Mid Cap Growth R5,1.255240000313264,0.9499558550857041,0.9024161266116113,0.21190949768952919,0.07781790564228223
JPMorgan Mid Cap Growth R2,1.2548051846438937,0.9499377633336543,0.9023817542073458,0.2118401101335915,0.07777273818340875
JPMorgan Equity Income R2,0.8423945427498102,0.9794691502818855,0.9593598163539189,0.13793540141225497,0.03757033897833565
JPMorgan Equity Income R5,0.8441690008287444,0.9802361669462134,0.9608629429894048,0.13811746402162664,0.037021804635599224
JPMorgan Equity Income R6,0.8443369889099279,0.9800013474417486,0.9604026409876429,0.13817844955302716,0.03713096226713407
JPMorgan Equity Income Select,0.8447923604408353,0.9800920430954766,0.9605804129390656,0.13824015717624855,0.037045219317383554
JPMorgan Equity Income B,0.844168051632293,0.9803549957124166,0.9610959176182924,0.13810074658295315,0.03695940635504489
JPMorgan Equity Income A,0.8456487755325011,0.9803324886132833,0.9610517882307131,0.13834608428031045,0.03684659338369856
JPMorgan Equity Income A Load Waived,0.8456487755325011,0.9803324886132833,0.9610517882307131,0.13834608428031045,0.03684659338369856
JPMorgan Equity Income C,0.8426625784156275,0.9795468957420653,0.9595121209579165,0.13796845497606813,0.03750774912525474
Columbia Diversified Equity Income C,1.087432900418203,0.9892448662010388,0.9786054053051112,0.17630065490237623,0.029346690836815303
Columbia Diversified Equity Income I,1.0844860393398381,0.9894266394496538,0.9789650748526353,0.17579070460075769,0.028866115836971015
Columbia Diversified Equity Income A LW,1.0838464637058813,0.9891842586356282,0.9784854975325173,0.1757302843956052,0.029066125391026182
Columbia Diversified Equity Income A,1.0838464637058813,0.9891842586356282,0.9784854975325173,0.1757302843956052,0.029066125391026182
Columbia Diversified Equity Income B,1.086242757190675,0.9896071671357944,0.9793223452465323,0.17604347397371697,0.02884034482382853
Columbia Diversified Equity Income Z,1.0831396985672868,0.9893460464100348,0.9788055995471666,0.175586894481359,0.028824609197552344
Columbia Diversified Equity Income R4,1.0851470951028608,0.9889730234764966,0.978067641164243,0.17597877275138746,0.029416057720264024
Columbia Diversified Equity Income R,1.0837101254350363,0.9891708591506023,0.9784589885927407,0.175710593674394,0.02906752989055953
Columbia Diversified Equity Income R3,1.0870008610046407,0.9888341992570601,0.9777930736203512,0.1763040658886303,0.029741429294252945
Columbia Diversified Equity Income R5,1.0845737608031683,0.9889913746907398,0.9781039392126794,0.17588256244378603,0.02934174343847248
Columbia Diversified Equity Income W,1.0827098868916958,0.9894258985288077,0.9789636086795384,0.17550346624603336,0.028697335726534417
Columbia Dividend Opportunity C,0.9169847456556383,0.9712143063604469,0.9432572288792042,0.15143012186928803,0.03844096563770405
Columbia Dividend Opportunity I,0.9186828144778431,0.9707673763968742,0.9423892990764703,0.1517801008582799,0.03868515670326528
Columbia Dividend Opportunity A LW,0.9156617499683305,0.9708829182761181,0.9426136410003513,0.1512635005393634,0.03866851529496021
Columbia Dividend Opportunity A,0.9156617499683305,0.9708829182761181,0.9426136410003513,0.1512635005393634,0.03866851529496021
Columbia Dividend Opportunity B,0.9180279438754946,0.9704995338008428,0.9418693451076533,0.15171382768382213,0.038859918714651644
Columbia Dividend Opportunity Z,0.9168389659582866,0.9708183182922611,0.9424882071318139,0.1514677571616751,0.038686076055861565
Columbia Dividend Opportunity R4,0.9162926385152335,0.9710138721007956,0.9428679398121802,0.1513471161655226,0.03857668815468618
Columbia Dividend Opportunity W,0.9203424292587616,0.9708303466513811,0.9425115619792409,0.1520447821961474,0.03861958059209886
Columbia Dividend Opportunity R,0.913966241965361,0.9704990679081416,0.9418684408105716,0.15104326154346612,0.03893394798525415
RiverSource Dividend Opportunity R3,,,0,0,0
Columbia Dividend Opportunity R5,0.9199164954656354,0.9709892442090411,0.9428201123696448,0.1519490754858874,0.0385283968432141
Van Eck Intl Investors Gold I,0.7153681584566167,0.38246718505878624,0.14628114764679184,0.2999457500141669,0.28084145344570327
Van Eck Intl Investors Gold Y,0.7731686615391807,0.39208295803744553,0.1537290459833933,0.316223061452168,0.29314090200663506
Van Eck Intl Investors Gold A,0.7737265969062589,0.39205928697373765,0.15371048450235558,0.31647031386799696,0.2933587124268321
Van Eck Intl Investors Gold A LW,0.7737265969062589,0.39205928697373765,0.15371048450235558,0.31647031386799696,0.2933587124268321
Van Eck Intl Investors Gold C,0.7724237948311703,0.3913733446749089,0.15317309492202508,0.3164911833374134,0.2934953568799672
DFA International Value I,1.3389074848636953,0.9294389376087391,0.8638567387432616,0.23103640723623314,0.10107898580415502
DFA International Value R2,1.3381549110572326,0.9295618848318575,0.8640852977321555,0.23087625167902184,0.10090391633642608
Virtus Real Estate Securities I,1.1125139245659035,0.8477477933616462,0.7186763211495404,0.21045999721617384,0.1130575410611816
Virtus Real Estate Securities A,1.1129360547773972,0.8478980942328123,0.718931178203635,0.2105026081706649,0.11304070460639598
Virtus Real Estate Securities B,1.1124061477270197,0.8480402333692908,0.7191722374130413,0.21036706783697845,0.11290900808045219
Virtus Real Estate Securities A LW,1.1129360547773972,0.8478980942328123,0.718931178203635,0.2105026081706649,0.11304070460639598
Virtus Real Estate Securities C,1.1123251502248286,0.8479591161479472,0.7190346626584078,0.21037193493034098,0.11293639863156818
Janus Growth & Income T,1.1038241948838108,0.9705323201504401,0.9419329844565965,0.18238867414346577,0.04699282418618724
Berger Large Cap Growth,,,0,0,0
Janus Growth & Income A,1.1030883138402428,0.9704818833257249,0.941835085863446,0.18227653753456505,0.04696050529205213
Janus Growth & Income C,1.102918796212806,0.97053707307391,0.9419422102108722,0.18223818499131292,0.046904380630996806
Janus Growth & Income I,1.1035512397163518,0.970672088771262,0.9422043039195649,0.1823173542454206,0.046865157365149124
Janus Growth & Income R,1.1034050787785994,0.9707225837225119,0.9423023345489089,0.18228378101307835,0.04681453021379052
Janus Growth & Income S,1.1038144941792025,0.9705613380199895,0.9419893108591524,0.18238164216273417,0.046970748093594444
Janus Growth & Income A Load Waived,1.1030883138402428,0.9704818833257249,0.941835085863446,0.18227653753456505,0.04696050529205213
Janus Growth & Income D,1.103824639985969,0.9704579759734835,0.9417886831305502,0.1824027203881492,0.04704705338514887
Janus Enterprise D,1.024703905606861,0.9542628220750737,0.9106175335946838,0.17221872229450852,0.05162916581104872
Janus Enterprise A Load Waived,1.0229671905519482,0.9545384334637884,0.9111436209595033,0.17187715781894267,0.051355698607755025
Janus Enterprise A,1.0229671905519482,0.9545384334637884,0.9111436209595033,0.17187715781894267,0.051355698607755025
Janus Enterprise C,1.0238283278351765,0.954412460830799,0.9109031453891014,0.17204451326480322,0.0514846767980079
Janus Enterprise I,1.0237761278420368,0.9543848669826751,0.9108504743255385,0.17204087462958992,0.0514980579162055
Janus Enterprise R,1.0240126274487218,0.9540688148668667,0.9102473035014674,0.17213762958194206,0.05170273564481496
Janus Enterprise S,1.024696254468849,0.9542848555537884,0.9106595855393147,0.17221353787885849,0.05161542881858559
Janus Enterprise T,1.0247775103774859,0.9543002225296949,0.9106889147202253,0.17222436739878344,0.05161124903642061
Berger Mid Cap Growth,,,0,0,0
Janus Venture N,1.0575689807658861,0.9008648040187863,0.8115573951198063,0.18827410340574016,0.08223349749748085
Janus Venture A,1.0572314144698385,0.90085809013873,0.8115452985684002,0.18821537531172755,0.0822047303179979
Janus Venture C,1.0566388469748307,0.9003608135540733,0.8106495945837527,0.18821407572289586,0.0823862058112591
Janus Venture I,1.0575273942467924,0.900786032789048,0.8114154768678319,0.18828310553444244,0.08226722796332865
Janus Venture S,1.0579244591015073,0.9009485841669986,0.8117083513125194,0.18831991420438934,0.08222711895683112
Janus Venture A Load Waived,1.0572314144698385,0.90085809013873,0.8115452985684002,0.18821537531172755,0.0822047303179979
Berger Small Company Growth Inv,,,0,0,0
Janus Venture D,1.0575689807658861,0.9008648040187863,0.8115573951198063,0.18827410340574016,0.08223349749748085
Janus Venture T,1.057070312355484,0.9008243656439265,0.8114845377377826,0.18819384327457683,0.08220560347300801
Berger Small Company Growth Instl,,,0,0,0
Janus Worldwide T,1.1331011945384912,0.9299832800973523,0.8648689012606305,0.19540049458621325,0.07492116804822761
Janus Worldwide D,1.1329492331769595,0.9301036244575274,0.865092752229029,0.19534899584094367,0.07483906025233972
Janus Worldwide A Load Waived,1.1384567588594374,0.9294539219269213,0.8638845929853355,0.19643615116128263,0.07578485890457654
Janus Worldwide A,1.1384567588594374,0.9294539219269213,0.8638845929853355,0.19643615116128263,0.07578485890457654
Janus Worldwide C,1.1387526260290808,0.9294695475944206,0.863913639905377,0.19648390725245568,0.0758082140739373
Janus Worldwide I,1.1377679525786328,0.9292639296043028,0.8635314508636306,0.19635730982053726,0.07581462344399881
Janus Worldwide R,1.1377341478030716,0.9295775352633789,0.8641143940663385,0.19628540287229568,0.07563931011031047
Janus Worldwide S,1.1378762290971185,0.9292020651403087,0.8634164778610143,0.19638919013099887,0.0758601278324686
Jensen Quality Growth J,0.8982162208123196,0.9655363742876684,0.9322604900725764,0.14919391465873785,0.042114026081833275
Jensen Quality Growth I,0.899189363266613,0.9658208208528974,0.9328098579929646,0.14931158314171136,0.04193634955485913
Jensen Quality Growth R,0.8991363454014445,0.9657716223645683,0.9327148265646902,0.14931028951345168,0.04196458130121048
Schwab Small Cap Index Inv,,,0,0,0
Schwab Small Cap Index,1.2702281319547,0.9417779529039882,0.8869457125760266,0.2163054065751971,0.08464733943879946
Wells Fargo Advantage Prem Lg Co Gr B,1.0768156090467829,0.9657168762536327,0.9326090850810741,0.17881633931135654,0.04802047628243204
Wells Fargo Advantage Prem Lg Co Gr A,1.07840988017641,0.9656742318529136,0.9325267220647148,0.17908905582364454,0.04818240537508232
Wells Fargo Advantage Prem Lg Co Gr Adm,1.0779586710343665,0.9657465887885328,0.9326664737566875,0.17900010009506853,0.04809490250611062
Wells Fargo Advantage Prem Lg Co Gr Inv,1.078808949479613,0.9650957143439827,0.9314097378451222,0.17926214462443515,0.0486131656407329
Wells Fargo Advantage Prem Lg Co Gr A LW,1.07840988017641,0.9656742318529136,0.9325267220647148,0.17908905582364454,0.04818240537508232
Wells Fargo Advantage Prem Lg Co Gr C,1.0787392852489053,0.9661318025325255,0.9334106598647467,0.17905898481134247,0.04789377608872427
Wells Fargo Advantage Prem Lg Co Gr I,1.0788545290617786,0.965604895311652,0.9323928138498263,0.17917555964105628,0.048267331563950015
Keeley Small Cap Value A Load Waived,1.3233878782020674,0.9405632399121813,0.8846592082740995,0.22564784779047006,0.09251795948083347
Keeley Small Cap Value A,1.3233878782020674,0.9405632399121813,0.8846592082740995,0.22564784779047006,0.09251795948083347
Keeley Small Cap Value I,1.323154653646402,0.9407302499097193,0.884973403095203,0.2255680244566615,0.09238810701910356
Legg Mason Cap Mgmt Value FI,1.1020897383300163,0.976810768421869,0.9541592773049221,0.1809445522720046,0.04205071608925743
Legg Mason Cap Mgmt Value C,1.1014009483385792,0.9768295978585245,0.9541960632524468,0.1808281149610683,0.041970515248369526
Legg Mason Cap Mgmt Value I,1.1019996950312856,0.9766805483227493,0.9539048934720262,0.1809539630639191,0.04214583711642456
Legg Mason Cap Mgmt Value A,1.101181857958156,0.9767466346316038,0.9540339882641637,0.1808075356441413,0.04201592689301454
Legg Mason Cap Mgmt Value A Load Waived,1.101181857958156,0.9767466346316038,0.9540339882641637,0.1808075356441413,0.04201592689301454
Legg Mason Cap Mgmt Value R,1.1027392559978808,0.9768755048759795,0.9542857520266999,0.18103941855082328,0.042060782947198366
Brown Capital Mgmt Small Co Inv,1.0927193635545984,0.8603289465854059,0.7401658963327543,0.20369800444223704,0.1048714490004687
Brown Capital Mgmt Small Co Instl,1.0928511013844842,0.8603799460372156,0.7402536515430019,0.2037104492448651,0.10486338703015688
Lord Abbett Developing Growth F,1.1608299392056622,0.8898171302346977,0.791774525259113,0.20922462936596564,0.09887561200473044
Lord Abbett Developing Growth R2,1.1600585876955765,0.8893871441149004,0.7910094921168586,0.20918671353848434,0.09899586909772212
Lord Abbett Developing Growth R3,1.1601731973588467,0.8899132391758577,0.7919455732604674,0.20908366899616113,0.09874826401270193
Lord Abbett Developing Growth A LW,1.1587251750819278,0.889227550272983,0.7907256361644903,0.20898383411704202,0.09891368167953116
Lord Abbett Developing Growth C,1.1595905504456487,0.8899977575706072,0.7920960084807092,0.2089588598879219,0.09863574012345433
Lord Abbett Developing Growth B,1.158593588529017,0.8890674308868073,0.7904408966636677,0.2089976486647081,0.09897722307385338
Lord Abbett Developing Growth P,1.1595119855641105,0.8891751177242138,0.7906323899798694,0.20913789267573926,0.09903495167358509
Lord Abbett Developing Growth I,1.1587341884221471,0.8891063247807814,0.7905100567651884,0.2090138677360385,0.09897493532102337
Lord Abbett Developing Growth A,1.1587251750819278,0.889227550272983,0.7907256361644903,0.20898383411704202,0.09891368167953116
Lord Abbett Mid Cap Stock A,1.192240456459507,0.9586471667082213,0.9190043902377001,0.1994569721576594,0.0645842727452162
Lord Abbett Mid Cap Stock B,1.190673211277883,0.9585121858063158,0.9187456103392013,0.19922292557864682,0.0644857182996219
Lord Abbett Mid Cap Stock I,1.1919783046386556,0.9580693640908907,0.9178969064095238,0.1995334194084036,0.06492366232138803
Lord Abbett Mid Cap Stock C,1.190820134391862,0.9584461339333974,0.918618991651876,0.19926131054137974,0.06454544432084082
Lord Abbett Mid Cap Stock P,1.1917179213088858,0.9582524874200425,0.9182478296466988,0.199451559009433,0.06477563754626904
Lord Abbett Mid Cap Stock A Load Waived,1.192240456459507,0.9586471667082213,0.9190043902377001,0.1994569721576594,0.0645842727452162
Lord Abbett Mid Cap Stock F,1.1926825721290077,0.958080010907458,0.9179173073004346,0.19964900899981924,0.06500018286018161
Lord Abbett Mid Cap Stock R2,1.1904832219253978,0.9586318574118468,0.9189750380448872,0.19916641092456827,0.06438645588046338
Lord Abbett Mid Cap Stock R3,1.1912339260189437,0.9583290075762594,0.9183944867620981,0.1993548008880102,0.06466941280708627
Loomis Sayles Value Y,1.0887506294708207,0.9877556074564565,0.9756611400616734,0.1767734574568597,0.03102886105611846
Loomis Sayles Value Admin,1.0873682831669493,0.9875833678882692,0.9753209085295363,0.17657972181325565,0.031072021670815353
Loomis Sayles Value B,1.0890757183755906,0.9880594418263262,0.9762614605821512,0.17677174415922248,0.03074916084659718
Loomis Sayles Value C,1.0877310057907632,0.9877400026456555,0.9756303128264395,0.17661066464541147,0.030947140999988076
Loomis Sayles Value A Load Waived,1.087478702220168,0.9878843271739308,0.9759154438758899,0.17654394988642397,0.030775494491167885
Loomis Sayles Value A,1.087478702220168,0.9878843271739308,0.9759154438758899,0.17654394988642397,0.030775494491167885
Wells Fargo Advantage Emerg Mkts Eq I,1.0579342491632753,0.848304933627201,0.7196212604162501,0.20000597518696261,0.10629203450193606
Wells Fargo Advantage Emerg Mkts Eq Adm,1.0585600638337904,0.848438494337988,0.7198478786745122,0.20009283682866144,0.10630397813348509
Wells Fargo Advantage Emerg Mkts Eq C,1.0559686178123722,0.8477745059567641,0.7187216129502354,0.19975940629633057,0.10630373724420802
Wells Fargo Advantage Emerg Mkts Eq B,1.057752475024437,0.848632388223585,0.7201769303420655,0.19989455861470545,0.10612615417127817
Wells Fargo Advantage Emerg Mkts Eq A,1.0584925827480869,0.8483770151622096,0.7197435598555402,0.2000946218116302,0.10632357810768658
Wells Fargo Advantage Emerg Mkts Eq A LW,1.0584925827480869,0.8483770151622096,0.7197435598555402,0.2000946218116302,0.10632357810768658
Invesco Real Estate A Load Waived,1.0617451950785473,0.8514683742290295,0.7249983923122266,0.1999804604638478,0.10531820309011435
Invesco Real Estate Institutional,1.0619796191200952,0.8512223652988834,0.7245795151850257,0.20008232759633626,0.1054544735621527
Invesco Real Estate R,1.0617776831361943,0.8516185869008341,0.7252542175549737,0.1999513540536088,0.1052549161807679
Invesco Real Estate Investor,1.060841285486211,0.851029878446915,0.724251854009371,0.19991322073606382,0.10541110670405882
Invesco Real Estate C,1.0608298352718697,0.8514266079899456,0.7249272687932646,0.19981780654986106,0.10523310567439859
Invesco Real Estate A,1.0617451950785473,0.8514683742290295,0.7249983923122266,0.1999804604638478,0.10531820309011435
Invesco Real Estate B,1.0604642079779032,0.8508468797406772,0.7239404127644462,0.1998850873645841,0.10544984547218508
Invesco Real Estate Y,1.0612300412400126,0.8511737087014664,0.7244966823846087,0.19995266986827204,0.10539111306705495
MFS Research R2,1.0517005557814894,0.994583934940586,0.9891972036418997,0.1695872559792257,0.019475288607441556
MFS Research EA,,,0,0,0
MFS Research EB,,,0,0,0
MFS Research EC,,,0,0,0
MFS Research R,,,0,0,0
MFS Research R1,1.0522997060984265,0.9945185339025138,0.9890671142756056,0.16969489487559472,0.01962214092862594
MFS Research R2,,,0,0,0
MFS Research R3,1.0518118062803885,0.9947194187899969,0.9894667221179092,0.1695820631129635,0.019282538064662104
MFS Research R4,1.0542153094718876,0.994592970967122,0.9892151778972063,0.16999105970952258,0.019674782430916606
MFS Research A Load Waived,1.0532269680552355,0.9946181925714976,0.9892653489941928,0.16982733872251796,0.019553025646000227
MFS Research A,1.0532269680552355,0.9946181925714976,0.9892653489941928,0.16982733872251796,0.019553025646000227
MFS Research C,1.051439228955874,0.9947671144135876,0.9895616119187358,0.16951383069240158,0.01917962833970063
MFS Research B,1.0517936089787079,0.9946749123863534,0.9893781813307999,0.16958663446583702,0.019347604904527957
MFS Research I,1.0532636262205703,0.9947209932587605,0.989469854429695,0.1698158020114725,0.019403187294195223
MFS Research R5,1.0527823510175667,0.9946459764762697,0.9893206185204321,0.16975097890947924,0.0194740463390319
MFS Utilities R5,,,0,0,0
MFS Utilities B,0.7816630058003431,0.9111640424510775,0.8302199122557891,0.13759565381920907,0.06661961781629806
MFS Utilities A,0.7850263965666682,0.9109762599355954,0.8298777461662454,0.13821565363828334,0.06660538542788019
MFS Utilities C,0.7843776309804706,0.9105753448390489,0.8291474586287528,0.13816221060397188,0.06674490151397118
MFS Utilities I,0.7851260907372322,0.9105462826133974,0.8290945327810769,0.1382984934581498,0.06673860453176078
MFS Utilities A Load Waived,0.7850263965666682,0.9109762599355954,0.8298777461662454,0.13821565363828334,0.06660538542788019
MFS Utilities R1,0.7837843235939852,0.9104245156764508,0.8288727987447,0.13808069577795337,0.06680458310164056
MFS Utilities R2,,,0,0,0
MFS Utilities R3,0.7836266979034368,0.9098368988426866,0.8278031824956771,0.13814210296172008,0.0669918343433664
MFS Utilities R4,0.7850210439715657,0.9106469897416322,0.8292779399254964,0.1382647861450609,0.06670908160849937
MFS Utilities R,,,0,0,0
MFS Utilities R2,0.781475998880865,0.910093038846435,0.8282693393567386,0.13772440534848224,0.06695727084963678
RS Partners K,1.1245217643784613,0.9230862884637452,0.8520882959497726,0.19537746851274984,0.07773286236150062
RS Partners A Load Waived,1.1248369319389144,0.9233294276549927,0.8525372319736966,0.19538068332637554,0.07763683803801977
RS Partners Y,1.125832048926997,0.9232524690911187,0.8523951216828471,0.1955699043821121,0.07778319244889913
RS Partners A,1.1248369319389144,0.9233294276549927,0.8525372319736966,0.19538068332637554,0.07763683803801977
MFS Massachusetts Investors Gr Stk A,1.0240771500414005,0.97236816721433,0.9454998526117552,0.16889872042286735,0.03961227655209815
MFS Massachusetts Investors Gr Stk B,1.024643808523491,0.9725804573271355,0.94591274597466,0.16895520495373997,0.03948545138989802
MFS Massachusetts Investors Gr Stk C,1.0246961434233588,0.9725993010491857,0.9459494004013645,0.1689606231148198,0.03947428339294065
MFS Massachusetts Investors Gr Stk R5,,,0,0,0
MFS Massachusetts Investors Gr Stk I,1.0228228087719846,0.9723709954685686,0.945505352828535,0.1686914526831178,0.03954300675672718
MFS Massachusetts Investors Gr Stk J,,,0,0,0
MFS Massachusetts Investors Gr Stk R2,1.0261868965025882,0.9726916642754508,0.9461290737509465,0.16919037868862485,0.03948702846894697
MFS Massachusetts Investors Gr Stk R,,,0,0,0
MFS Massachusetts Investors Gr Stk 529C,1.0237897167282317,0.9720850393019013,0.9449493236345787,0.16890049479540706,0.03980592412293737
MFS Massachusetts Investors Gr Stk 529A,1.0255853199766358,0.9722787863703704,0.9453260384258403,0.16916284545443497,0.039760512356481335
MFS Massachusetts Investors Gr Stk 529B,1.0224038556151303,0.9722837253191502,0.9453356425204847,0.1686373304763772,0.03958529255465974
MFS Massachusetts Investors Gr Stk R1,1.0244285881170814,0.972786314798859,0.9463132142599449,0.1688840782429852,0.0393205998408056
MFS Massachusetts Investors Gr Stk R2,,,0,0,0
MFS Massachusetts Investors Gr Stk R3,1.0255070424593018,0.9722556035342409,0.9452809586037312,0.16915410060881508,0.03977336822999961
MFS Massachusetts Investors Gr Stk R4,1.0235696213003322,0.9724735536318957,0.9457048125134474,0.16879674140102854,0.039506911908594275
MFS Massachusetts Investors Gr Stk A LW,1.0240771500414005,0.97236816721433,0.9454998526117552,0.16889872042286735,0.03961227655209815
MFS Massachusetts Investors Gr Stk 52 LW,1.0255853199766358,0.9722787863703704,0.9453260384258403,0.16916284545443497,0.039760512356481335
MFS Massachusetts Investors Tr 529A LW,1.0470721436646906,0.9923907027423019,0.9848393068893598,0.16920957914931636,0.022156255009414164
MFS Massachusetts Investors Tr A LW,1.0463715330456413,0.9924845304493469,0.9850255431812607,0.16908046244901523,0.021982530684991012
MFS Massachusetts Investors Tr R1,1.0451384255268117,0.9923244633506519,0.9847078405641594,0.1689086884870611,0.02210251315781383
MFS Massachusetts Investors Tr R2,,,0,0,0
MFS Massachusetts Investors Tr R3,1.048464234913955,0.9924240516006336,0.9849054981954172,0.16942894924934054,0.022215871426628217
MFS Massachusetts Investors Tr R4,1.0480254380143177,0.9924157883382044,0.9848890969429397,0.16935943384531413,0.022193948698274017
MFS Massachusetts Investors Tr 529A,1.0470721436646906,0.9923907027423019,0.9848393068893598,0.16920957914931636,0.022156255009414164
MFS Massachusetts Investors Tr 529B,1.0460392775350553,0.992158214177471,0.9843779219598283,0.16908244074001297,0.0223821412641482
MFS Massachusetts Investors Tr 529C,1.04587275109413,0.9924774625499213,0.9850115136695305,0.16900108766514801,0.021955579708673255
MFS Massachusetts Investors Tr R,,,0,0,0
MFS Massachusetts Investors Tr R2,1.046953837276686,0.992295980899595,0.9846513137094894,0.16920680706400057,0.022270585410970524
MFS Massachusetts Investors Tr C,1.044920816689525,0.9924685107526311,0.9849937448355454,0.16884901541016345,0.02189887624090506
MFS Massachusetts Investors Tr J,,,0,0,0
MFS Massachusetts Investors R5,,,0,0,0
MFS Massachusetts Investors Tr B,1.0470067923093773,0.9925857705592411,0.9852265119166826,0.16916602660559715,0.021896118633993208
MFS Massachusetts Investors Tr I,1.0472552164779598,0.9922470193020645,0.9845541473138316,0.16926388252115235,0.02235594280776153
MFS Massachusetts Investors Tr A,1.0463715330456413,0.9924845304493469,0.9850255431812607,0.16908046244901523,0.021982530684991012
MFS Growth B,1.0388165477010118,0.9741528273145048,0.9489737309648434,0.17101993435656698,0.039122972836629105
MFS Growth A,1.03904206102084,0.9741831535843525,0.949032816727554,0.17105173715639957,0.03911374649048958
MFS Growth I,1.039202050024849,0.9743471998718576,0.9493524658981296,0.17104926167407,0.03899763032771044
MFS Growth R5,1.0386592207641432,0.9742958294467556,0.9492523632773416,0.17096835544864686,0.03900336407314117
MFS Growth C,1.0385457382283985,0.9744007681961905,0.9494568570613262,0.17093188388828595,0.03891556444945047
MFS Growth R2,1.0385005648606291,0.9741272063008989,0.948923814055594,0.17097244091275282,0.039122991705191415
MFS Growth R,,,0,0,0
MFS Growth EA,,,0,0,0
MFS Growth EB,,,0,0,0
MFS Growth EC,,,0,0,0
MFS Growth R1,1.03810228015342,0.9741031177917369,0.9488768840915823,0.17091106887924376,0.03911679420228118
MFS Growth R2,,,0,0,0
MFS Growth R3,1.0395820954228423,0.9740371178090478,0.9487483068697569,0.17116626793696155,0.039259480578181
MFS Growth R4,1.0396319486794634,0.9743128306287554,0.9492854919278179,0.17112604440485632,0.0390509604467364
MFS Growth A Load Waived,1.03904206102084,0.9741831535843525,0.949032816727554,0.17105173715639957,0.03911374649048958
MFS Growth EA Load Waived,,,0,0,0
BlackRock Basic Value Instl,1.1007843575946388,0.9859622676470552,0.9721215932237233,0.1790515498804988,0.033979327734456714
BlackRock Basic Value Inv B,1.0996494361358828,0.9857133931110608,0.9716308933585206,0.17891217087119643,0.03410361274229573
BlackRock Basic Value Inv C,1.0998540764420945,0.9856856048173953,0.9715761115442344,0.178950437686662,0.034150385312708795
BlackRock Basic Value Inv A,1.1007632509045386,0.9855297034378863,0.971268796358368,0.1791266488823345,0.0343887865925757
BlackRock Basic Value Inv A Load Waived,1.1007632509045386,0.9855297034378863,0.971268796358368,0.1791266488823345,0.0343887865925757
BlackRock Basic Value R,1.0999968087165233,0.9857997580142754,0.971801162901004,0.17895286163027932,0.03405588327180433
Morgan Stanley Inst Small Company Gr I,1.140905764357184,0.9103889039548695,0.8288079564441485,0.2009917292484606,0.0861573242073752
Morgan Stanley Inst Small Company Gr P,1.1351320936005553,0.9104719291639803,0.8289591337955801,0.19995649513137573,0.08546947718449914
Morgan Stanley Inst Small Company Gr H,1.1407873399903097,0.9103664695446739,0.8287671088712336,0.20097584567492752,0.08615556643511449
Morgan Stanley Inst Small Company Gr L,1.139922197275662,0.9101321989474597,0.8283406195609383,0.20087504145194984,0.08617895047245418
Schwab International Index Inv,,,0,0,0
Schwab International Index,1.2233525803969734,0.9374408036524151,0.8787952603524859,0.20928979659260682,0.08117635961453427
ASTON/Fairpointe Mid Cap N,1.2976363434806135,0.919146613990871,0.8448304980108834,0.2264078596597279,0.10113982639281643
ASTON/Fairpointe Mid Cap I,1.2971584351534702,0.9191141142476934,0.844770755009322,0.22633246620365235,0.10109263820194256
Thornburg Value R5,1.2167907381723928,0.9475990635257219,0.897943985194825,0.20594040410472153,0.07439644135532483
Thornburg Value A Load Waived,1.2157794958593253,0.9472670884875236,0.8973149369316299,0.20584133828126291,0.07447190880115738
Thornburg Value I,1.216111252780129,0.947102775576422,0.8970036675045624,0.20593321946931634,0.0746111760958536
Thornburg Value R3,1.214976047196627,0.947269704568444,0.897319893193187,0.20570478181522084,0.07437195209744764
Thornburg Value A,1.2157794958593253,0.9472670884875236,0.8973149369316299,0.20584133828126291,0.07447190880115738
Thornburg Value B,1.2157558045133559,0.947376879853931,0.8975229524817696,0.20581359015804268,0.07440307374116566
Thornburg Value C,1.2151849303196678,0.9469023221420235,0.8966240076779566,0.20581996182271228,0.07461788655619982
Thornburg Value R4,1.2154939186722868,0.947178098330805,0.8971463499575602,0.20581236032634606,0.07449033959038293
Meridian Growth,1.0606148028795592,0.9428250679103852,0.8889191086802226,0.1804131620514484,0.06089835758159344
Morgan Stanley Inst Emerging Mkts I,1.1443929834153386,0.8548790874736145,0.7308182541997199,0.2146871894742878,0.11374654858824591
Morgan Stanley Inst Emerging Mkts P,1.1452065131813276,0.8555325887571839,0.7319360104255687,0.2146756957284286,0.11354080144857683
Morgan Stanley Inst Emerging Mkts L,1.1441365029334278,0.854881774279809,0.7308228479957944,0.21463839885059222,0.11371247362796554
Morgan Stanley Inst Emerging Mkts H,1.1445687606759725,0.8548814836663676,0.73082235111561,0.2147195489621591,0.1137679001049953
Morgan Stanley Inst International Eq I,1.0389971769330781,0.9250582899634426,0.8557328398300886,0.18012868683694205,0.06868984591960965
Morgan Stanley Inst International Eq P,1.0394469087071079,0.9248367594055704,0.8553230315477969,0.180249877805732,0.06883899487551194
Morgan Stanley Inst International Eq H,,,0,0,0
Morgan Stanley Inst International Eq L,,,0,0,0
MainStay MAP R1,1.0498666620092374,0.9927807573358396,0.9856136321363231,0.1696021890287122,0.021853544940415547
MainStay MAP R2,1.049097578822058,0.9926912755848928,0.9854359686223616,0.16949322929210534,0.021913258510686866
MainStay MAP A Load Waived,1.0489893112867077,0.9927884745176434,0.9856289551350695,0.1694592359198535,0.02177636791806987
MainStay MAP I,1.0483051876899492,0.992730761914111,0.9855143656505715,0.16935855541442638,0.021801241963021065
MainStay MAP C,1.0488509327208435,0.9926982779382728,0.9854498710216124,0.1694521964767139,0.021885342649838893
MainStay MAP B,1.0482758338521565,0.992848437732586,0.9857480203080368,0.16933366581473702,0.021642612707570796
MainStay MAP A,1.0489893112867077,0.9927884745176434,0.9856289551350695,0.1694592359198535,0.02177636791806987
MainStay MAP R3,1.0484958076830744,0.9927423357451235,0.9855373451806835,0.16938732975182785,0.021800249667690026
MainStay MAP Inv,1.049569501804893,0.9926459034121385,0.9853458895609007,0.1695771912666357,0.02200890519705279
JPMorgan Emerging Mkts Eq C,1.2051770466470486,0.8679856648285925,0.7533991143479338,0.22266598989547082,0.11534964517160319
JPMorgan Emerging Mkts Eq A Load Waived,1.2064634799596896,0.8680873747053439,0.7535756901228161,0.2228775456383995,0.11547131708463114
JPMorgan Emerging Mkts Eq A,1.2064634799596896,0.8680873747053439,0.7535756901228161,0.2228775456383995,0.11547131708463114
JPMorgan Emerging Mkts Eq B,1.2061452179899415,0.8681457553892722,0.75367705260041,0.22280372301316947,0.1153998168748646
JPMorgan Emerging Mkts Eq Sel,1.2056521655159178,0.867544758668229,0.7526339082927157,0.22286692242058875,0.11563145325145462
JPMorgan Emerging Mkts Eq Instl,1.2061973582599756,0.8677696108283979,0.7530240974772692,0.22290993174911825,0.11559309726949345
Royce Micro-Cap Instl,,,0,0,0
Royce Micro-Cap Svc,1.1965660802077218,0.9012000938667843,0.8121616091855011,0.2129436034824734,0.09750543877758965
Royce Micro-Cap Consult,1.1962275307160855,0.9013352099320052,0.812405160663172,0.21285147298541165,0.09739350083665013
Royce Micro-Cap Invmt,1.1969498608436244,0.901683799818731,0.8130336748555455,0.2128977033759746,0.09730368952895972
Vanguard Tax-Managed Growth & Inc Inv,,,0,0,0
Vanguard Tax-Managed Growth & Inc Instl,1.00028099092875,0.9999912650138832,0.9999825301040665,0.16042412545253104,0.0006719023270854596
Vanguard Tax-Managed Growth & Inc Adm,0.9995957340385945,0.9999952224114274,0.99999044484568,0.16031368397248358,0.0004996748164461326
Mutual Quest B,0.6893089341140499,0.9491578013574004,0.9009005318776143,0.11648157060491178,0.06185163147156881
Mutual Quest A,0.688305192478535,0.9486517845602259,0.8999402083493012,0.11637399044707539,0.062066120257362856
Mutual Quest C,0.6899636417857098,0.9482083623723954,0.8990990984729398,0.11670881025606501,0.06200766278214944
Mutual Quest A Load Waived,0.688305192478535,0.9486517845602259,0.8999402083493012,0.11637399044707539,0.062066120257362856
Mutual Quest Z,0.6891373782708877,0.9485552501059469,0.8997570625035555,0.1165265664363821,0.06200743167308945
Mutual Quest R,0.6896123550630818,0.9480849250644083,0.8988650251343847,0.11666456160570987,0.062070096309600226
Eagle Small Cap Growth A Load Waived,1.276621434558633,0.9181043699311814,0.8429156340867315,0.2229999705358494,0.09887466100889117
Eagle Small Cap Growth I,1.2772382711675132,0.9176912975746039,0.8421573176441602,0.22320848667449966,0.09918334398656146
Eagle Small Cap Growth R3,1.274591902585333,0.9177453667992843,0.842256558281553,0.2227325665068319,0.09879981351405184
Eagle Small Cap Growth R5,1.275871041834016,0.9181657965451981,0.8430284299454782,0.22285413451700514,0.09874066312873334
Heritage Small Cap Stock B,,,0,0,0
Eagle Small Cap Growth A,1.276621434558633,0.9181043699311814,0.8429156340867315,0.2229999705358494,0.09887466100889117
Eagle Small Cap Growth C,1.2748087762598106,0.9183986359380121,0.8434560544928013,0.22261203958289147,0.09847121016773093
Eagle Small Cap Growth R6,1.2766121073386634,0.9183137050563028,0.8433000608942344,0.22294737397832676,0.0987587507376676
Dreyfus Strategic Value A Load Waived,1.1773493621353641,0.9841354550868564,0.968522593959014,0.1918627072029153,0.04435031426848121
Dreyfus Strategic Value T,,,0,0,0
Dreyfus Strategic Value B,,,0,0,0
Dreyfus Strategic Value I,1.1769631166522545,0.9842821789563364,0.9688114078110334,0.19177120023939442,0.044178156634516845
Dreyfus Strategic Value C,1.1766691387720278,0.9844134073666703,0.9690697566032579,0.19169765490580487,0.04403031094804275
Dreyfus Strategic Value A,1.1773493621353641,0.9841354550868564,0.968522593959014,0.1918627072029153,0.04435031426848121
Columbia Value & Restructuring Z,1.3489382930691356,0.9592771259598273,0.9202126043897464,0.225512479140673,0.08477558708816836
Columbia Value & Restructuring I,1.348922497920671,0.9590392552970114,0.9197562932006461,0.22556581755534869,0.08492198900602499
Columbia Value & Restructuring W,1.3490370353133962,0.9591914251120272,0.9200481900084415,0.2255491498341457,0.08484310595089818
Excelsior Value & Restructuring Inst,,,0,0,0
Columbia Value & Restructuring R,1.3478998993176006,0.9593782841248437,0.9204066920503294,0.22531516585710187,0.08456564951295814
Columbia Value & Restructuring A LW,1.3478111329352267,0.9593476150078271,0.920347846421206,0.2253075723859622,0.08457229934131873
Columbia Value & Restructuring A,1.3478111329352267,0.9593476150078271,0.920347846421206,0.2253075723859622,0.08457229934131873
Columbia Value & Restructuring C,1.3470484543701313,0.9593607460116222,0.9203730409879765,0.22517699351815207,0.08445642278747012
Franklin Natural Resources C,1.5444722209067403,0.8684556324433493,0.7542151855225779,0.2851930944744315,0.1661573164403353
Franklin Natural Resources A LW,1.5444457727074374,0.8685191008097937,0.7543254284714525,0.2851673731924622,0.16611726292552212
Franklin Natural Resources Adv,1.545069951080883,0.8683189945212645,0.7539778762464198,0.2853483281376434,0.16633124907711433
Franklin Natural Resources A,1.5444457727074374,0.8685191008097937,0.7543254284714525,0.2851673731924622,0.16611726292552212
SSgA Emerging Markets Instl,1.2911157481135336,0.8611765943009213,0.7416251265717335,0.2404331951900555,0.13080763527219946
SSgA Emerging Markets Select,1.292446352540729,0.8612170992511692,0.7416948920425982,0.24066958651610937,0.1309807123377742
DFA Emerging Markets I,1.242765050885049,0.8762442588191344,0.7678040011134942,0.22745289667315022,0.11629247962805143
Nicholas,0.9843546408691963,0.9692200966856905,0.9393875958194193,0.1628825395126436,0.04017121761056102
MainStay S&P 500 Index S,,,0,0,0
MainStay S&P 500 Index I,0.99901595490787,0.9999910261129804,0.9999820523064915,0.16022118478664485,0.0006967382774997621
MainStay S&P 500 Index A Load Waived,0.9990479431931671,0.999987846252344,0.9999756926524016,0.16022680203322384,0.0008044177712867253
MainStay S&P 500 Index A,0.9990479431931671,0.999987846252344,0.9999756926524016,0.16022680203322384,0.0008044177712867253
MainStay S&P 500 Index Inv,0.9985295172244257,0.9999889685133008,0.9999779371482953,0.16014346334142457,0.000788156329429035
Oppenheimer Global Opportunities C,1.1843829717904009,0.8957409620718844,0.8023518711334652,0.2120406053285284,0.09878475898727881
Oppenheimer Global Opportunities I,1.1839821047765215,0.8961271679667413,0.8030439011680922,0.21187757552041134,0.098538870321217
Oppenheimer Global Opportunities A,1.1843218910671796,0.8960132003487215,0.8028396551991581,0.2119653384499993,0.09863886382799873
Oppenheimer Global Opportunities B,1.184198576652092,0.8959635050152416,0.8027506023191968,0.21195504362834316,0.09864884635091713
Oppenheimer Global Opportunities A LW,1.1843218910671796,0.8960132003487215,0.8028396551991581,0.2119653384499993,0.09863886382799873
Oppenheimer Global Opportunities N,1.1855314888555686,0.8957563947362224,0.8023795187108351,0.21224261705579506,0.09891935584475728
Oppenheimer Global Opportunities Y,1.1849829047869944,0.8957398641993572,0.802349904315883,0.21214829091082738,0.09885969358963333
Oppenheimer Gold & Special Minerals Y,0.9403631051310232,0.47349812507856925,0.2242004744529204,0.31847751143011055,0.2806473003361864
Oppenheimer Gold & Special Minerals A,0.9412157847606817,0.4737520063063752,0.22444096347931575,0.31859551641885386,0.2807030324053924
Oppenheimer Gold & Special Minerals C,0.9402847360768888,0.4734895317748535,0.22419233670037003,0.3184567788622606,0.2806309242710639
Oppenheimer Gold & Special Minerals B,0.9408447110478224,0.4738517722144974,0.22453550203081996,0.31840285115450956,0.2805184065087146
Oppenheimer Gold & Special Minerals A LW,0.9412157847606817,0.4737520063063752,0.22444096347931575,0.31859551641885386,0.2807030324053924
Oppenheimer Gold & Special Minerals N,0.9410224888427243,0.4735133802277341,0.22421492125469467,0.3186905279763836,0.2808286326571617
BlackRock Small Cap Growth Equity Inv C,1.3162466744252979,0.9161761796824381,0.8393787922175072,0.23038778547182762,0.10533356188229033
BlackRock Small Cap Growth Equity I A LW,1.3194882837216027,0.9165155617030053,0.8400007748437752,0.23086971633324693,0.10559683623626998
BlackRock Small Cap Growth Equity Inv B,1.319229625204542,0.916013644131861,0.8390809962357317,0.23095088766587396,0.1058371093229321
BlackRock Small Cap Growth Equity Svc,1.3186808270649217,0.9165851991140618,0.8401284272349643,0.23071098213794247,0.10544630854931134
BlackRock Small Cap Growth Equity Inv A,1.3194882837216027,0.9165155617030053,0.8400007748437752,0.23086971633324693,0.10559683623626998
BlackRock Small Cap Growth Equity Instl,1.3176418735798985,0.9161587469592789,0.8393468496299961,0.23063652118828012,0.10553672984208051
Oppenheimer Discovery A Load Waived,1.1001127179110122,0.9007481646271346,0.8113472560791515,0.1958780272094263,0.08656081404616503
Oppenheimer Discovery N,1.1004193084562968,0.9007489325237487,0.8113486394426728,0.1959324356296583,0.086592858144179
Oppenheimer Discovery I,1.0998738927864071,0.9006584879414923,0.8111857119010553,0.19585498761987197,0.0865796726847188
Oppenheimer Discovery B,1.0994048140291839,0.9008036771309397,0.8114472647326223,0.19574001307961508,0.08645874299413178
Oppenheimer Discovery C,1.1000801329286038,0.9005298937403592,0.8109540895200227,0.19591975478310794,0.0866647021983015
Oppenheimer Discovery Y,1.0999208431585275,0.900634792333309,0.8111430291612627,0.19586851810718595,0.08659628600560958
Oppenheimer Discovery A,1.1001127179110122,0.9007481646271346,0.8113472560791515,0.1958780272094263,0.08656081404616503
Oppenheimer Capital Appreciation A LW,1.0479114191557926,0.975435575307296,0.9514745615750755,0.17228522255644038,0.0387159681729485
Oppenheimer Capital Appreciation N,1.047581546498162,0.9750873585911893,0.9507953568843426,0.17229236547486418,0.03896657237597985
Oppenheimer Capital Appreciation C,1.047468617363411,0.9755067439012534,0.9516134073968255,0.17219984917323408,0.038630271178372165
Oppenheimer Capital Appreciation B,1.0461659397788459,0.9752794651573248,0.9511700351575574,0.1720258627167048,0.03872182799154577
Oppenheimer Capital Appreciation I,1.0478948247293922,0.9753389597705056,0.9512860864462118,0.17229945965721977,0.03879070232309234
Oppenheimer Capital Appreciation A,1.0479114191557926,0.975435575307296,0.9514745615750755,0.17228522255644038,0.0387159681729485
Oppenheimer Capital Appreciation Y,1.0474946778029917,0.9754858121112655,0.9515725696303751,0.1722078619545444,0.038648481394320554
Parnassus Equity Income - Inv,0.8484149529042359,0.9643407078014451,0.929953000722992,0.14109781965988197,0.0445507077802266
Parnassus Equity Income - Inst,0.8464677327140983,0.9643175324091248,0.9299083033116233,0.140777392478895,0.044660965230897416
Neuberger Berman Large Cap Value A LW,1.3175970999168058,0.9783864138995144,0.9572399749031519,0.2159803883245917,0.06772919415898246
Neuberger Berman Large Cap Value C,1.3165809246494629,0.9784844818341093,0.9574318811901654,0.21579227738810744,0.06751495179927323
Neuberger Berman Large Cap Value A,1.3175970999168058,0.9783864138995144,0.9572399749031519,0.2159803883245917,0.06772919415898246
Neuberger Berman Large Cap Value R3,1.3184893218120457,0.978403666907916,0.9572737354188563,0.21612283052701545,0.06784460064229697
Neuberger Berman Large Cap Value Adv,1.3167115547399628,0.9782145336473954,0.9569036738389913,0.21587321350516483,0.06772361688765736
Neuberger Berman Large Cap Value Inv,1.3178310594882592,0.9784371628240641,0.9573392815952042,0.21600756270973653,0.06772691854641731
Neuberger Berman Large Cap Value Tr,1.3173844459154873,0.9783051287878265,0.9570809250125657,0.21596342470187907,0.06775599520518917
Neuberger Berman Large Cap Value Inst,1.3170404634702608,0.9782939193880873,0.9570589927117054,0.21590957619623388,0.0677147477285027
Dreyfus MidCap Index,1.1601058964303992,0.9603465204446959,0.9222654393302347,0.1937401162784618,0.05979628016349862
Dreyfus S&P 500 Index,0.9998069261780907,0.9999908765745323,0.9999817532323018,0.1603481326395611,0.0006855086789072352
JPMorgan International Value R6,1.3135381502170167,0.9276763707157916,0.8605834487844227,0.22708146290943992,0.09855990780829214
JPMorgan International Value I,1.3114283525103219,0.9276066125130842,0.860454027577999,0.22673396135387688,0.09830979354160523
JPMorgan International Val S,1.3128276832192292,0.9278163468495766,0.8608431734812938,0.22692443540536175,0.09838346596159143
JPMorgan International Val A,1.3161463077713145,0.9282397815293455,0.8616290920136471,0.22739407014130691,0.09860042243268921
JPMorgan International Val B,1.314091054478751,0.9278645383269443,0.8609326014846733,0.22713094549251078,0.09852972204948351
JPMorgan International Val A LW,1.3161463077713145,0.9282397815293455,0.8616290920136471,0.22739407014130691,0.09860042243268921
JPMorgan International Val C,1.313313634988215,0.9277374350563707,0.8606967484049739,0.2270276935510352,0.09849465600702648
JPMorgan International Val R2,1.3129399626497786,0.9278138840842444,0.8608386034994918,0.22694449744642456,0.09840026152469118
Nuveen Real Estate Secs A Load Waived,1.0932440070435865,0.8602972215479052,0.7401113094030456,0.20380154172072865,0.10494733162261598
Nuveen Real Estate Secs R3,1.0945461932469216,0.8598882497538783,0.7394078020647882,0.20414124890068786,0.10528792858271617
Nuveen Real Estate Secs I,1.0932779080526118,0.8598657134875052,0.7393690452313763,0.20391007137039224,0.10514969660610216
Nuveen Real Estate Secs B,1.093715783452978,0.8596004899239457,0.7389130022774872,0.20405466257841703,0.10532291207000588
Nuveen Real Estate Secs A,1.0932440070435865,0.8602972215479052,0.7401113094030456,0.20380154172072865,0.10494733162261598
Nuveen Real Estate Secs C,1.0928874142728329,0.8599848127812134,0.7395738782143385,0.2038090205181947,0.10504927091930538
Pioneer Mid-Cap Value Y,1.123865636337442,0.9809758387761198,0.9623135962625119,0.18373914184223136,0.040819661435691455
Pioneer Mid-Cap Value C,1.1226426521634714,0.9809141142880151,0.9621924996094411,0.18355067012061194,0.04074266981677983
Pioneer Mid-Cap Value A,1.123511231802811,0.9810535638689675,0.9624660951800023,0.18366660021607992,0.04071664423863913
Pioneer Mid-Cap Value B,1.1240108356264504,0.9810643374783616,0.9624872342718566,0.18374607030997733,0.04076038742809003
Pioneer Mid-Cap Value Inv,,,0,0,0
Pioneer Mid-Cap Value A Load Waived,1.123511231802811,0.9810535638689675,0.9624660951800023,0.18366660021607992,0.04071664423863913
Pioneer Mid-Cap Value R,1.1225038106251903,0.9811145561908508,0.96258577236957,0.18349073669031515,0.04055883966772225
Pioneer Equity Income R,0.8775736255563331,0.9811292718126162,0.9626146480075546,0.14345783894220496,0.033975902608507136
Pioneer Equity Income A Load Waived,0.8755213641348436,0.9812083647807471,0.9627698551157079,0.1431108852398906,0.034066065823560296
Pioneer Equity Income B,0.8753703672811264,0.9810142624789023,0.9623889831870245,0.14311447401839117,0.03419502224320989
Pioneer Equity Income A,0.8755213641348436,0.9812083647807471,0.9627698551157079,0.1431108852398906,0.034066065823560296
Pioneer Equity Income C,0.8758737796891051,0.9810389222557465,0.9624373669807166,0.14319316808436283,0.03414579604310651
Pioneer Equity Income Y,0.8772244660947458,0.9812294550607252,0.9628112434787678,0.1433861768014447,0.03393751016517606
Pioneer Equity Income Z,0.8764121005938632,0.9810905008284999,0.9625385708159169,0.14327376586455234,0.03407779337091615
Pioneer Value A,1.0437911161019928,0.9901627345812416,0.9804222409534024,0.16906291985810323,0.024671089789265493
Pioneer Value A Load Waived,1.0437911161019928,0.9901627345812416,0.9804222409534024,0.16906291985810323,0.024671089789265493
Pioneer Value Inv,,,0,0,0
Pioneer Value Y,1.0429038595292688,0.9896824819683786,0.9794714151150901,0.1690010544974901,0.02516789300982883
Pioneer Value R,,,0,0,0
Pioneer Value B,1.0446415105392286,0.9892436949346312,0.9786030879679215,0.16935790481366436,0.02578189701116805
Pioneer Value C,1.0441629111511748,0.9899071864283084,0.9799162377424099,0.16916656122915633,0.02499331662475086
Fidelity Advisor Growth Opportunities C,1.1678372755979802,0.9592668465424979,0.9201928828755883,0.19524005889400187,0.06136302730901371
Fidelity Advisor Growth Opportuniti A LW,1.1686583804532353,0.9590912979118172,0.9198561177301741,0.19541303084416645,0.06156925827849016
Fidelity Advisor Growth Opportunities T,1.167757939592085,0.9588595177667013,0.919411574811791,0.19530971390227223,0.061617380341108766
Fidelity Advisor Growth Opportunities I,1.168442334085187,0.9590088355505877,0.9196979466640941,0.1953937857522069,0.06159815593199584
Fidelity Advisor Growth Opportunities B,1.1671439867235336,0.9589653942046398,0.9196146272820601,0.1951854773761516,0.061479861633201634
Fidelity Advisor Growth Opportunities A,1.1686583804532353,0.9590912979118172,0.9198561177301741,0.19541303084416645,0.06156925827849016
T. Rowe Price Growth & Income,0.9783783199146168,0.993992895307414,0.9880218759216156,0.15785855288223755,0.017617758524549408
T. Rowe Price Dividend Growth,0.9342851006528581,0.9938501268097591,0.9877380745597741,0.15076305480231805,0.019739175744975967
T. Rowe Price Dividend Growth Adv,0.9345436600830503,0.9939421516129342,0.987921000752949,0.1507908934759539,0.019613970943522206
Harbor International Growth Inv,1.2120522706334214,0.9381927933542519,0.880205717501854,0.20718608393046,0.0793513523283732
Harbor International Growth Adm,1.210514056594795,0.9382613377254081,0.8803343378702722,0.20690800021057507,0.07912415720826652
Harbor International Growth Instl,1.2080751734261643,0.9379822120893703,0.8798106301960683,0.20655267933340027,0.0789882344419103
T. Rowe Price International Discovery,1.0517532861749062,0.8862243498070672,0.7853935981909589,0.19034038242383414,0.0885449495603496
T. Rowe Price New America Growth,1.0569147341764418,0.9826214260822557,0.9655448669959257,0.17250260631699618,0.03328915158244714
T. Rowe Price New America Growth Adv,1.0576694125872115,0.9825813514153763,0.9654661121492673,0.17263279170615767,0.0333809064322477
T. Rowe Price New Asia,1.0049694647673888,0.7921994143447251,0.6275799120881255,0.2034396759551627,0.12413675656646546
T. Rowe Price New Era,1.4143324488620896,0.8962309115790085,0.8032298468697405,0.25307523189855713,0.13043299513737716
T. Rowe Price Science & Tech,1.2637316851227882,0.9229012771490489,0.8517467673633454,0.21959690032384052,0.09452602601047679
T. Rowe Price Science & Tech Adv,1.2639032430874506,0.9229926656600901,0.8519154608623188,0.2196049847744391,0.09449809029797475
Pioneer Oak Ridge Small Cap Growth A,1.0718757728840098,0.8969152853429402,0.8044570290818078,0.19166380757148402,0.085516689787695
Pioneer Oak Ridge Small Cap Growth C,1.0722761279328175,0.8972057825518895,0.8049782162445485,0.19167334421376755,0.08541756683079055
Pioneer Oak Ridge Small Cap Growth R,1.0714603784903958,0.8968613260219298,0.8043602381138142,0.19160107205672833,0.08550101957248675
Pioneer Oak Ridge Small Cap Growth Y,1.0727118875941042,0.8972820204572708,0.8051150242358822,0.19173488193008567,0.08542459859335043
Pioneer Oak Ridge Small Cap Growth A LW,1.0718757728840098,0.8969152853429402,0.8044570290818078,0.19166380757148402,0.085516689787695
Pioneer Oak Ridge Small Cap Growth B,1.072951751405072,0.8969854621069909,0.8045829192312921,0.19184118028181815,0.08559075055346754
T. Rowe Price Spectrum Growth,1.1343026176116886,0.9911339832228615,0.9823465726992154,0.18354420212843603,0.03253037481684581
Harding Loevner International Eq Inv,1.095925171670257,0.9226456753867934,0.8512750423099521,0.19049829119336453,0.07504363991484778
Harding Loevner International Eq Instl,1.0949186676604286,0.9223563034707866,0.8507411505522937,0.19038282378141727,0.07509611916960568
Prudential Jennison Natural Resources A,1.4918513952069252,0.8463229406373816,0.7162625198491049,0.28268024821208376,0.16996361265763046
Prudential Jennison Natural Resources B,1.4904636386766745,0.8461871716836087,0.7160327295219049,0.28246263865883503,0.16981171521211674
Prudential Jennison Natural Resources Z,1.491602532114991,0.8464456282082434,0.7164702015128478,0.282592162209489,0.1698547180921042
Prudential Jennison Natural Resources Q,1.4893347495489995,0.8463270511275919,0.7162694774703255,0.28220147617354574,0.16954927217832577
Prudential Jennison Natural Resources C,1.4902455396719294,0.8462173322314714,0.7160837733689485,0.28241126261653365,0.16975926027359
Prudential Jennison Natural Resourc A LW,1.4918513952069252,0.8463229406373816,0.7162625198491049,0.28268024821208376,0.16996361265763046
Prudential Jennison Natural Resources R,1.4911514119747233,0.846098752334102,0.7158830987013242,0.28262250348513196,0.16997345128526478
Prudential Jennison Small Company B,1.1254144095487084,0.9298075365179503,0.8645420549655796,0.19411640394050728,0.07420636329494483
Prudential Jennison Small Company A,1.129650738729786,0.9302227652194855,0.8653143929325862,0.19476014793603216,0.07442430464614364
Prudential Jennison Small Company C,1.12614890933371,0.929327585637524,0.8636497614268697,0.1943435328180191,0.07454504203622449
Prudential Jennison Small Company Z,1.1263810127456941,0.9304371365666974,0.865713265102435,0.19415189582905634,0.07396326473243259
Prudential Jennison Small Company Q,1.1439516016760722,0.9277483673665033,0.8607170331512124,0.19775068788242475,0.0773135056656462
Prudential Jennison Small Company R,1.1256207434951593,0.9301547787363476,0.8651879124060636,0.19407962120327146,0.07403822817809665
Prudential Jennison Small Company A LW,1.129650738729786,0.9302227652194855,0.8653143929325862,0.19476014793603216,0.07442430464614364
Prudential Jennison Small Company L,1.1279152865068405,0.9305075506179602,0.8658443017570358,0.19440151029554414,0.07408556982558749
Prudential Jennison Small Company M,,,0,0,0
Prudential Jennison Small Company X,1.1259229639344304,0.9296606171700504,0.8642688631169991,0.19423530395119631,0.07433975899488714
Mairs & Power Growth Inv,0.9681263656333582,0.9565422380560417,0.9149730531852611,0.1623160751195023,0.047597144977531904
Nuveen Mid Cap Growth Opp I,1.1489666292561245,0.9350415791633382,0.8743027547642693,0.19707272391030145,0.0738256874598066
First American Mid Cap Growth A,,,0,0,0
First American Mid Cap Growth Y,,,0,0,0
First American Mid Cap Growth C,,,0,0,0
First American Mid Cap Growth B,,,0,0,0
Nuveen Mid Cap Growth Opp A,1.1485074683848635,0.9350566871224023,0.8743310081323223,0.19699084033395098,0.07376698129789828
Nuveen Mid Cap Growth Opp A Load Waived,1.1485074683848635,0.9350566871224023,0.8743310081323223,0.19699084033395098,0.07376698129789828
First American Mid Cap Growth A LW,,,0,0,0
Nuveen Mid Cap Growth Opp B,1.1478183901392975,0.9351085445652879,0.8744279901190111,0.19686178097880977,0.07366256384340691
Nuveen Mid Cap Growth Opp C,1.1474091665205253,0.9349534067090242,0.87413787271681,0.19682422769331137,0.07370513357453984
First American Mid Cap Growth S,,,0,0,0
Nuveen Mid Cap Growth Opp R3,1.1486293660773728,0.935222752128355,0.8746415960985346,0.19697671739658984,0.07368688251807294
Prudential Jennison Utility Z,0.7134170167771867,0.8623057810895842,0.7435712601005179,0.1326897131047227,0.08139035901781463
Prudential Jennison Utility A LW,0.7152649461536863,0.8624680025530355,0.7438510554278227,0.1330083303432465,0.08132650974135357
Prudential Jennison Utility C,0.715909512953144,0.8616133649367638,0.7423775906376529,0.13325998674183448,0.08153467098005023
Prudential Jennison Utility B,0.7140879648978309,0.86410174180928,0.7466718201978317,0.1325386398990408,0.08093078067216924
Prudential Jennison Utility A,0.7152649461536863,0.8624680025530355,0.7438510554278227,0.1330083303432465,0.08132650974135357
Prudential Jennison Utility R,0.7162022961204286,0.8641556566491018,0.7467649989186405,0.1329227556065348,0.08088879299504617
Putnam Fund for Growth & Income Y,1.1428899964020314,0.9912724520278864,0.9826210741493783,0.18490621344750116,0.033450123605409034
Putnam Fund for Growth & Income A,1.1459776694530264,0.9914728564758327,0.9830184251283473,0.18536818556374204,0.03363282395410628
Putnam Fund for Growth & Income B,1.1421429689203784,0.9912650060221725,0.9826063121641375,0.1847868065412615,0.03336424490758533
Putnam Fund for Growth & Income M,1.1416028714294613,0.9913162118689247,0.9827078319141548,0.18468996583014902,0.03324377371503966
Putnam Fund for Growth & Income C,1.1407651768124658,0.9915108264855992,0.983093719038156,0.18451820644401898,0.03293687359434566
Putnam Fund for Growth & Income R,1.1427941311447458,0.9916165953996638,0.9833034722720206,0.18482652852501527,0.033081604047860626
Putnam Fund for Growth & Income A LW,1.1459776694530264,0.9914728564758327,0.9830184251283473,0.18536818556374204,0.03363282395410628
Putnam Investors A,1.0814208570214372,0.9960795946696293,0.9921745589172128,0.17411765431888757,0.02018898635516523
Putnam Investors B,1.0791980813720954,0.9962841706582866,0.9925821487042699,0.17372405914487873,0.019622661672520126
Putnam Investors C,1.0785538098004857,0.9959433178207631,0.9919030923118295,0.17367995487239082,0.020069805609906354
Putnam Investors Y,1.0799866576050392,0.995941507277933,0.9918994859190411,0.17391085990029406,0.020233553344538514
Putnam Investors M,1.077643190495024,0.9960355507847833,0.9920868184271466,0.1735170790368015,0.019828096560441457
Putnam Investors A Load Waived,1.0814208570214372,0.9960795946696293,0.9921745589172128,0.17411765431888757,0.02018898635516523
Putnam Investors R,1.0804234685247318,0.9960381648970426,0.9920920259314682,0.17396419914603747,0.020137629521773177
Putnam Multi-Cap Growth A,1.170968002451924,0.9675095463823246,0.9360747223409314,0.19409544045143776,0.056205143008016795
Putnam Multi-Cap Growth B,1.1691502790734238,0.9674772110151025,0.9360121538335612,0.19380063625788202,0.0560193160455791
Putnam Multi-Cap Growth C,1.1693377295735115,0.9674111126138096,0.935884260808689,0.19384496028882142,0.05608652380119913
Putnam Multi-Cap Growth M,1.1695612929978931,0.9673844293919545,0.9358326342299974,0.1938873524270951,0.0561305639473464
Putnam Multi-Cap Growth Y,1.1701616493205007,0.9674587739742765,0.9359764793398102,0.19397197884898934,0.05614783047103846
Putnam Multi-Cap Growth A Load Waived,1.170968002451924,0.9675095463823246,0.9360747223409314,0.19409544045143776,0.056205143008016795
Putnam Multi-Cap Growth R,1.170221949572578,0.9673985750200138,0.9358600029507532,0.19399404287643665,0.05619641061333689
Putnam Equity Income R,1.0896746899235354,0.9826053293721883,0.9655132333106267,0.17785312063103134,0.03601654805927673
Putnam Equity Income A Load Waived,1.0880005232330168,0.9824502715010873,0.9652085359725604,0.17760802825309738,0.03600203675348965
Putnam Equity Income C,1.0885605797331372,0.9830129038307693,0.9663143690978014,0.17759757511968427,0.03554851653907321
Putnam Equity Income Y,1.08886451974291,0.9826743650639632,0.9656489077538634,0.17770843442944642,0.035880579604061984
Putnam Equity Income A,1.0880005232330168,0.9824502715010873,0.9652085359725604,0.17760802825309738,0.03600203675348965
Putnam Equity Income M,1.0877793923762822,0.9827549220756767,0.9658072368639694,0.17751698044612196,0.03570942164972311
Putnam Equity Income B,1.0886438647531465,0.9829909923025564,0.9662712909479645,0.17761515788510604,0.03557590195720372
Putnam Voyager A Load Waived,1.4265137981298492,0.9575723531111661,0.9169448114428558,0.23891052734824847,0.09703684351730484
Putnam Voyager R,1.4251351512144883,0.9577902128700425,0.9173620918696413,0.23862546180517627,0.09670006104030968
Putnam Voyager B,1.4266284728011047,0.9576134415395511,0.9170235034172233,0.23891947798715127,0.09702849680718988
Putnam Voyager A,1.4265137981298492,0.9575723531111661,0.9169448114428558,0.23891052734824847,0.09703684351730484
Putnam Voyager C,1.4254874303080018,0.9572136939309313,0.9162580558488984,0.23882813150991575,0.0971058916064706
Putnam Voyager Y,1.4267659484697937,0.9574105915001817,0.9166350407167279,0.2389931342743455,0.09717327657320882
Putnam Voyager M,1.427048635380713,0.9577472011248706,0.9172797012625231,0.23895644997933643,0.09700821298493972
Dreyfus Basic S&P 500 Stock Index,0.9999787475219005,0.9999916400493079,0.9999832801685045,0.16037558699948576,0.0006556510532433014
Oppenheimer Rising Dividends A,0.9783050786930938,0.9897572870533523,0.9796194872752121,0.15851496205450405,0.0228919553902114
Oppenheimer Rising Dividends C,0.9791968680720872,0.9901238783642039,0.9803452945069729,0.15860071541479429,0.02248043348560826
Oppenheimer Rising Dividends Y,0.9798369294284085,0.9898438188067089,0.9797907856298488,0.15874942370343897,0.02279456385554616
Oppenheimer Rising Dividends B,0.9784494859042513,0.9901463221848403,0.9803897393361658,0.15847622264879718,0.022456431615323798
Oppenheimer Rising Dividends N,0.9790653889586235,0.9902090097822894,0.9805138830540223,0.15856582888116394,0.02238427562964681
Oppenheimer Rising Dividends A LW,0.9783050786930938,0.9897572870533523,0.9796194872752121,0.15851496205450405,0.0228919553902114
Oppenheimer Rising Dividends I,0.9777548222141482,0.9898691473948239,0.9798409289641556,0.15840791561665152,0.0227687737551214
Oppenheimer Small & Mid Cap Value A LW,1.157480614882609,0.9681761062293571,0.9373649726734393,0.19174174224352922,0.05421558730275956
Oppenheimer Small & Mid Cap Value Y,1.157311185089116,0.9681850520817543,0.9373822950745495,0.19171203148627122,0.05419045998399841
Oppenheimer Small & Mid Cap Value N,1.1572524220343055,0.9682033198389866,0.937417668547235,0.19169871667121122,0.05417112694167746
Oppenheimer Small & Mid Cap Value I,1.1572772882059408,0.9682794933192777,0.937565177182637,0.19168759647835326,0.05412052871045989
Oppenheimer Small & Mid Cap Value C,1.1560806915908375,0.9680456447187953,0.9371123702590279,0.19153571368267733,0.054151281074351576
Oppenheimer Small & Mid Cap Value A,1.157480614882609,0.9681761062293571,0.9373649726734393,0.19174174224352922,0.05421558730275956
Oppenheimer Small & Mid Cap Value B,1.1576300475250412,0.9681230276297949,0.9372621966270807,0.19177701863968002,0.05426937955679892
T. Rowe Price Latin America,1.4684622865458523,0.857154344233792,0.734713569838862,0.27473605127744993,0.16019073302761364
ICM Small Company,1.303627498435917,0.9405718416528012,0.8846753893101422,0.22227055064817933,0.0898114769360544
Hartford Growth Opportunities L,,,0,0,0
Hartford Growth Opportunities N,,,0,0,0
Hartford Growth Opportunities H,,,0,0,0
Hartford Growth Opportunities M,,,0,0,0
Hartford Growth Opportunities A,1.192661389333888,0.9554914193066343,0.9129638523686063,0.20018378671397297,0.0666398473997481
Hartford Growth Opportunities B,1.1917110472094672,0.9556860309952903,0.9133357898395309,0.1999836762597807,0.06640509355954916
Hartford Growth Opportunities C,1.1923370245265634,0.9557453589634451,0.9134491911801645,0.20007626578264,0.06644162736428477
Hartford Growth Opportunities Y,1.1938706730705024,0.9556342064655222,0.9132367365669883,0.20035688670293172,0.06669307913181526
Hartford Growth Opportunities Z,,,0,0,0
Hartford Growth Opportunities A LW,1.192661389333888,0.9554914193066343,0.9129638523686063,0.20018378671397297,0.0666398473997481
Hartford Growth Opportunities R3,1.1929047236806967,0.9555969913962985,0.9131656099656573,0.20020260970932963,0.06660217762517692
Hartford Growth Opportunities R4,1.1923531306933075,0.9557613876534587,0.9134798301292651,0.20007561781406166,0.0664334292819934
Hartford Growth Opportunities R5,1.1940815908073596,0.9559219862695512,0.9137868438335239,0.20033196749896523,0.06653672023163422
Hartford Growth Opportunities I,1.1932227318753883,0.955700584553941,0.9133636073167446,0.20023436925888913,0.06657456161621451
Amana Trust Growth,0.8952737367166068,0.9786709056772854,0.957796741619198,0.14671055772220312,0.03449649370708635
RidgeWorth Large Cap Value Equity I,1.0248963241478486,0.989350175728837,0.9788137702146806,0.16614066964218313,0.024504953883692674
RidgeWorth Large Cap Value Equity C,1.0248695355965214,0.9897348980425401,0.9795751684032772,0.16607183819870472,0.024062065975921917
RidgeWorth Large Cap Value Equity A,1.0273960157414923,0.9897067488511508,0.9795194487215149,0.1664858438242034,0.02422258507078918
RidgeWorth Large Cap Value Equity A LW,1.0273960157414923,0.9897067488511508,0.9795194487215149,0.1664858438242034,0.02422258507078918
DWS Core Equity A Load Waived,1.098090970756747,0.9879009040188796,0.9759481961613196,0.1782665769890825,0.031802737637409526
DWS Core Equity R,1.0946578806766905,0.9878526519660928,0.9758528619964426,0.17771807545165114,0.03150737730474593
DWS Core Equity A,1.098090970756747,0.9879009040188796,0.9759481961613196,0.1782665769890825,0.031802737637409526
DWS Core Equity B,1.0969680586796735,0.9879742491502727,0.976093116984045,0.17807077914310337,0.0316150935123746
DWS Core Equity C,1.0959831422356245,0.9882586659436642,0.9766551908127508,0.17786001568904097,0.031225937004281126
DWS Core Equity Institutional,1.0965579341645413,0.9878468602157824,0.9758414192381796,0.1780275677918448,0.03170293818833411
DWS Growth & Income R,,,0,0,0
DWS Core Equity S,1.095114049088728,0.9878526576964219,0.9758528733178842,0.1777921184012414,0.03155274443054119
DWS Growth & Income AARP,,,0,0,0
Schwab 1000 Index,1.0162966038146226,0.9993429232486432,0.9986862782471434,0.16309861239233736,0.00646224506153499
Schwab 1000 Index Sel,,,0,0,0
Vanguard Tax-Managed Capital App Inst,1.0363533311687636,0.9985517180884836,0.9971055336974627,0.16644778873130645,0.010683538975808489
Vanguard Tax-Managed Capital App Inv,,,0,0,0
Vanguard Tax-Managed Capital App Adm,1.0362914180015204,0.9985671525081874,0.9971363580683097,0.16643528444598746,0.01063751786767231
American Century Value A Load Waived,,,0,0,0
American Century Value R,0.8973694490293525,0.982079445266344,0.96448003681465,0.14654739586556648,0.032145021715165735
American Century Value A,,,0,0,0
American Century Value B,0.898659987815015,0.9838476654097288,0.9679562287321737,0.1464948229952337,0.03084501852235741
American Century Value C,0.9001355212675652,0.9833373476070681,0.966952339198904,0.14681128933420393,0.031118881959142544
American Century Value Inv,0.8996586131291452,0.9838025077610978,0.967867374277025,0.14666415268905253,0.030817837853225755
American Century Value A,0.8993250490940033,0.9826314636203882,0.9655645932967463,0.1467842722150247,0.03165738484369199
American Century Value Instl,0.8949559337904532,0.9833273249147126,0.9669326279239248,0.14596809445856798,0.03143145850664358
American Century Value A Load Waived,0.8993250490940033,0.9826314636203882,0.9655645932967463,0.1467842722150247,0.03165738484369199
Fidelity Emerging Asia,1.120506870983071,0.8161623264335249,0.6661209430893836,0.22017023251592435,0.1286598505127817
Fidelity Southeast Asia F,,,0,0,0
Longleaf Partners Small-Cap,1.0725250590968367,0.8913200069570947,0.7944513548019952,0.19299103402065648,0.08824534573338888
SSgA S&P 500 Index Instl,1.000068741463857,0.9999491354474332,0.9998982734820693,0.16039681747666734,0.0016174678823631062
Columbia Seligman Comms & Info A,1.1132887197429662,0.9188775532234644,0.8443359578179408,0.19429935593564795,0.07877116263305585
Seligman Communications&Information D,,,0,0,0
Columbia Seligman Comms & Info C,1.1124575193761848,0.918658076411677,0.8439326613564024,0.19420070297689718,0.07879918153600812
Columbia Seligman Comms & Info I,1.1140053586119503,0.9188051850083353,0.8442029679982013,0.19443955099167864,0.07888347788465622
Columbia Seligman Comms & Info R3,1.1124003583107294,0.9189587310756286,0.8444851494201295,0.1941272433663208,0.07863658287064736
Columbia Seligman Comms & Info R4,1.1128116778977208,0.918726380690833,0.8440581625772774,0.19424799472828838,0.0788003797661498
Columbia Seligman Comms & Info Z,1.1133689606725903,0.9188231492513126,0.8442359796000997,0.19432468654929536,0.07880787192846676
Columbia Seligman Comms & Info B,1.1123917421199592,0.9187335666715717,0.8440713665290673,0.19417327652166738,0.07875303191733847
Columbia Seligman Comms & Info R5,1.1137360016568394,0.9190596076373226,0.8446705623904694,0.1943388376661036,0.07872271508268512
Columbia Seligman Comms & Info R,1.1139414829278107,0.9187178098882033,0.8440424142057769,0.1944469929393456,0.07892238039008719
Columbia Seligman Comms & Info A LW,1.1132887197429662,0.9188775532234644,0.8443359578179408,0.19429935593564795,0.07877116263305585
Sentinel Small Company A Load Waived,1.0104213431412343,0.937115717458421,0.8781858679076112,0.1729289922839303,0.06036443479820042
Sentinel Small Company C,1.0075232221614054,0.9368669172053256,0.8777196205538103,0.17247879458630236,0.06031134135272845
Sentinel Small Company B,,,0,0,0
Sentinel Small Company A,1.0104213431412343,0.937115717458421,0.8781858679076112,0.1729289922839303,0.06036443479820042
Sentinel Small Company I,1.0098318824629422,0.9372152010840655,0.8783723331430454,0.17280989396678156,0.06027414981161849
Sentinel Common Stock I,0.9923502444058718,0.9941539598822109,0.9883420959494806,0.16008320001030266,0.01732484455133725
Sentinel Common Stock A,0.9929558157904166,0.9941025600032409,0.9882398998049972,0.16018908925628367,0.017405127230254117
Sentinel Common Stock C,0.9913714136923817,0.9941363401481835,0.9883070628032248,0.15992802501822648,0.017345815902266845
Sentinel Common Stock B,,,0,0,0
Sentinel Common Stock A Load Waived,0.9929558157904166,0.9941025600032409,0.9882398998049972,0.16018908925628367,0.017405127230254117
Legg Mason ClearBridge Appreciation FI,0.8706054528188996,0.9951145015034161,0.9902528711023924,0.14030901306231455,0.02494571822609853
Legg Mason ClearBridge Appreciation R,0.8748331543219172,0.995511375538691,0.9910428988269365,0.1409341545769256,0.02409659373307869
Legg Mason ClearBridge Appreciation IS,0.8731391866418565,0.9952643345809333,0.9905510956888279,0.14069618488960597,0.024510285946823376
Legg Mason ClearBridge Appreciation B,0.8679036432620411,0.9956566947666652,0.9913322538336803,0.13979873642715154,0.02485900740224854
Legg Mason ClearBridge Appreciation A,0.8737944759692357,0.9954994065621028,0.9910190684654989,0.14076879409367854,0.02423660472778824
Legg Mason ClearBridge Appreciation I,0.8744570501372698,0.9955480822177588,0.9911159840074574,0.14086851861555866,0.02411336605664406
Smith Barney Appreciation Z,,,0,0,0
Legg Mason ClearBridge Appreciation C,0.8692652261513825,0.9956092101175403,0.9912376992708727,0.14002408333737454,0.024721860751240273
Legg Mason ClearBridge Appreciation A LW,0.8737944759692357,0.9954994065621028,0.9910190684654989,0.14076879409367854,0.02423660472778824
Legg Mason ClearBridge Equity Inc B A LW,0.6845559043152838,0.9643966259198943,0.9300608520856763,0.11383965807567822,0.05885883383519944
Legg Mason Partners CapInc SmB O,,,0,0,0
Legg Mason ClearBridge Eq Inc Bldr 1,0.6729385708835515,0.9629947501166521,0.9273588887522333,0.11207109808099329,0.0605165697827148
Legg Mason ClearBridge Equity Inc Bldr I,0.6871026120487409,0.9642420592697479,0.9297627488647642,0.11428109869446351,0.05860169216560462
Legg Mason ClearBridge Equity Inc Bldr A,0.6845559043152838,0.9643966259198943,0.9300608520856763,0.11383965807567822,0.05885883383519944
Legg Mason ClearBridge Equity Inc Bldr B,0.6739952508643324,0.9637201976771739,0.9287566194109311,0.11216379677912841,0.06023641076536128
Legg Mason ClearBridge Equity Inc Bldr C,0.6816531166307322,0.964106903230211,0.9295021208561475,0.11339104881221655,0.05925974510098901
Legg Mason ClearBridge Eq Inc Bldr R,0.6732698177736895,0.9636824901231312,0.928683941769919,0.11204744909045836,0.06032954539315114
Legg Mason ClearBridge Fdmtl AlCp Val IS,,,0,0,0
Legg Mason ClearBridge Fdmtl AlCp Val A,1.1896302621263528,0.9845993696195752,0.9694359186552649,0.1937761790734946,0.04551614917094706
Legg Mason ClearBridge Fdmtl AlCp Val B,1.1804732658894286,0.9842564823206345,0.9687608229901895,0.19235282151254884,0.0446402025462752
Legg Mason ClearBridge Fdmtl AlCp Val C,1.1871485956253895,0.984501848943001,0.9692438905721875,0.1933915692648553,0.04528027536755827
Legg Mason ClearBridge Fdmtl AlCp Val I,1.1883962406956572,0.9843015561502348,0.9688495534397739,0.19363356992028793,0.045607193134678925
Legg Mason ClearBridge Fdmtl AlCp V A LW,1.1896302621263528,0.9845993696195752,0.9694359186552649,0.1937761790734946,0.04551614917094706
Prudential Jennison Growth A LW,1.07156452816264,0.9555677448680461,0.9131097150322033,0.17983328728639644,0.05423076564958747
Prudential Jennison Growth R,1.0702140173977501,0.9555021078946699,0.9129842781911575,0.17961896861799953,0.05416093792202131
Prudential Jennison Growth A,1.07156452816264,0.9555677448680461,0.9131097150322033,0.17983328728639644,0.05423076564958747
Prudential Jennison Growth B,1.071706102201347,0.955597081934308,0.9131657830013648,0.17985150236039252,0.054224110381566284
Prudential Jennison Growth C,1.0682385737957447,0.9552666019178306,0.9125342807396392,0.17933179345015282,0.05414674966213313
Prudential Jennison Growth Z,1.0714916748053873,0.9555256245608698,0.9130292191924402,0.17982893429783764,0.05425104677579964
Columbia Contrarian Core Z,1.076689299278263,0.9929229785141238,0.9858960412613592,0.17390509772469304,0.024033259928712285
Columbia Contrarian Core A,1.0756908235040614,0.9929305468480741,0.9859110708640156,0.17374258088415387,0.023925620021192265
Columbia Contrarian Core T,1.0745092482512912,0.9927052602735446,0.985463733774766,0.17359116495703591,0.02409577610354146
Galaxy Large Cap Value Tr,,,0,0,0
Galaxy Large Cap Value Ret A,,,0,0,0
Columbia Contrarian Core B,1.0772758071592687,0.992964704500526,0.9859789043838169,0.1739924360829415,0.024038312612985523
Columbia Common Stock G,,,0,0,0
Columbia Contrarian Core R,1.0762573863980451,0.9928511939418057,0.9857534933116691,0.17384793621525982,0.024081639682325066
Columbia Contrarian Core R4,1.0774256371615807,0.9928920526021522,0.985834628120515,0.17402960037748888,0.024145072525114677
Columbia Contrarian Core W,1.076243183225521,0.9928112678355022,0.9856742135411374,0.17385266266028387,0.02413064970641319
Columbia Contrarian Core I,1.077081807493474,0.9929405163786796,0.9859308690663591,0.17396536969761267,0.02404977368240212
Columbia Contrarian Core A Load Waived,1.0756908235040614,0.9929305468480741,0.9859110708640156,0.17374258088415387,0.023925620021192265
Galaxy Large Cap Value Ret A LW,,,0,0,0
Galaxy Large Cap Value Ret B,,,0,0,0
Columbia Contrarian Core C,1.0762255915381451,0.9928822134617342,0.9858150898086727,0.17383734161933811,0.02403929452411296
PACE Large Co Growth Equity B,,,0,0,0
PACE Large Co Growth Equity Y,1.1185642073575595,0.9870531325891598,0.9742738865540734,0.1817388824631613,0.03479737991566387
PACE Large Co Growth Equity C,1.1185484471370966,0.9870228451011789,0.9742140967516257,0.18174195708798283,0.03482476105893894
PACE Large Co Growth Equity A,1.1211579931352431,0.9870092793342262,0.9741873174918686,0.18216832249020265,0.03512457716119935
PACE Large Co Growth Equity A LW,1.1211579931352431,0.9870092793342262,0.9741873174918686,0.18216832249020265,0.03512457716119935
PACE Large Co Growth Equity P,1.1189671795361584,0.9870692869071573,0.9743057771554039,0.18180144102017187,0.03482598535013625
Sound Shore,1.098854959482764,0.9748656781115231,0.9503630903598399,0.18076823213840473,0.04327496562683018
State Farm Growth,0.9128558584554629,0.9844813524468399,0.9692035333155589,0.1487107216476193,0.029597702814238805
Fidelity Latin America,1.3167694584999576,0.8564897318506901,0.7335746607656671,0.2465416552857757,0.1370055210627753
Fidelity Advisor Latin America A,1.3170118850401633,0.8565134309007831,0.7336152573134307,0.2465802438322443,0.13702941725463463
Fidelity Advisor Latin America B,1.3163591476978371,0.8564231209529142,0.7334605621027299,0.24648402200173775,0.13697880396132303
Fidelity Advisor Latin America C,1.3163378740303435,0.8565418883200155,0.7336640064468181,0.24644588297480408,0.1369141350803582
Fidelity Advisor Latin America I,1.3172542004456667,0.856497064551556,0.7335872215854324,0.24663029433186115,0.137074053203134
Fidelity Advisor Latin America T,1.3170299192032595,0.8564623473345097,0.7335277524017382,0.24659832358174913,0.1370585661667498
Fidelity Advisor Latin America A LW,1.3170118850401633,0.8565134309007831,0.7336152573134307,0.2465802438322443,0.13702941725463463
USAA Growth & Income Adv,1.1249340363541558,0.9943537099279817,0.9887393004475407,0.18143362216017497,0.027782340584072984
USAA Growth & Income,1.127378375897419,0.9944694580266594,0.9889695029478378,0.18180658482447506,0.027957721793367453
Wells Fargo Advantage Discovery Inv,1.2013668680482623,0.9129340382436957,0.8334485581839417,0.21104199198744353,0.0919669577614974
Wells Fargo Advantage Discovery Adm,1.202491786846945,0.9130797659027893,0.8337146589010925,0.21120592689846812,0.09202857236912995
Wells Fargo Advantage Discovery A LW,1.2039447006704886,0.913084084478001,0.8337225453270294,0.21146001987226917,0.09220600417355333
Wells Fargo Advantage Discovery A,1.2039447006704886,0.913084084478001,0.8337225453270294,0.21146001987226917,0.09220600417355333
Wells Fargo Advantage Discovery C,1.2001884596679593,0.9130279150907307,0.8336199737349266,0.2108132930926165,0.09177187841469894
Wells Fargo Advantage Discovery Instl,1.2019291933708258,0.9130627350725238,0.8336835581781176,0.21111100593691373,0.09196811166805847
Wells Fargo Advantage Common Stock A LW,1.149839965853139,0.9534852310711993,0.9091340858708983,0.1934016230786384,0.06304575810433018
Strong Advisor Common Stock L,,,0,0,0
Wells Fargo Advantage Common Stock A,1.149839965853139,0.9534852310711993,0.9091340858708983,0.1934016230786384,0.06304575810433018
Wells Fargo Advantage Common Stock B,1.146807329019632,0.9537566597410779,0.9096517660004583,0.19283668438608037,0.06255056509807008
Wells Fargo Advantage Common Stock C,1.150832572153604,0.9533949640152376,0.9089619574096162,0.1935868178195691,0.06320919316771134
Wells Fargo Advantage Common Stock Inv,1.1505150124698198,0.9534547718218185,0.909076001909796,0.193521334917408,0.06313764908829339
Wells Fargo Advantage Common Stock Adm,1.1501611799058729,0.9536992788414167,0.9095423144626382,0.19341211219814,0.06294721956742505
Wells Fargo Advantage Common Stock I,1.1504831300700837,0.953478941585308,0.9091220920466391,0.19351082373918566,0.06311916911625562
Wells Fargo Advantage Opportunity C,1.1375482639930186,0.9670362428050657,0.9351590948985381,0.18865959342779606,0.052851369324203264
Wells Fargo Advantage Opportunity A LW,1.138456654037427,0.9668590538579344,0.93481643002706,0.18884482226226956,0.0530703397459519
Wells Fargo Advantage Opportunity Adm,1.1388989832534349,0.9671405508909141,0.9353608451775809,0.18886319384244316,0.052921236524977114
Wells Fargo Advantage Opportunity Inv,1.1382309113551905,0.9670045386820708,0.9350977778317247,0.18877890949955692,0.0529453748040743
Wells Fargo Advantage Opportunity A,1.138456654037427,0.9668590538579344,0.93481643002706,0.18884482226226956,0.0530703397459519
Wells Fargo Advantage Opportunity I,1.138425644403343,0.9673203352512117,0.9357086309905166,0.18874934109788494,0.05274586441664002
Wells Fargo Advantage Opportunity B,1.1373466416685694,0.9670443287459308,0.935174733759668,0.18862448269581525,0.05282451914210907
Invesco Summit Institutional,1.016046890113767,0.9662527852630941,0.933644445028687,0.16863586898486335,0.043508984853958606
Invesco Summit Y,1.013471206134003,0.9664195903504882,0.9339668246132056,0.16817927426154566,0.04326386295005391
Invesco Summit A Load Waived,1.0165883338515034,0.966698427134424,0.9345058490241693,0.16864786646532529,0.043234988093146
AIM Summit II,,,0,0,0
Invesco Summit A,1.0165883338515034,0.966698427134424,0.9345058490241693,0.16864786646532529,0.043234988093146
Invesco Summit B,1.0126345720419214,0.9662368480793884,0.933613646586391,0.1680721498165855,0.04334509800643358
Invesco Summit C,1.012009544741659,0.9661498041435246,0.9334454440465708,0.1679837648337606,0.04337245969423344
Invesco Summit P,1.0124322525346963,0.9668154086842993,0.9347320344693887,0.1679381565839892,0.0429434982541168
Invesco Summit S,1.0131634851308557,0.9664019391158765,0.9339327079269263,0.1681311531448059,0.04326025583527371
Templeton Foreign A,1.279946754334996,0.9101680919519332,0.8284059556074227,0.22553717292576383,0.10363279909044194
Templeton Latin America A,,,0,0,0
Templeton Foreign C,1.2772509361133586,0.9099393004647136,0.8279895305302124,0.22511883068237204,0.10339191377110364
Templeton Latin America C,,,0,0,0
Templeton Foreign B,1.2765494499153258,0.9088443243545533,0.8259980059114845,0.22526629684208654,0.10388615871896324
Templeton Foreign Adv,1.2831848159442913,0.9085998757867002,0.8255537342796072,0.2264974693881133,0.10491614440597605
Templeton Pacific Growth C,,,0,0,0
Templeton Latin America Adv,,,0,0,0
Victory International R,,,0,0,0
Victory International A,,,0,0,0
Templeton Pacific Growth A,,,0,0,0
Victory International A Load Waived,,,0,0,0
Templeton Foreign A Load Waived,1.279946754334996,0.9101680919519332,0.8284059556074227,0.22553717292576383,0.10363279909044194
Templeton Pacific Growth A Load Waived,,,0,0,0
Templeton Latin America A Load Waived,,,0,0,0
Victory International Growth B,,,0,0,0
Templeton Foreign R,1.2767239743406722,0.9088036732633644,0.8259241165369839,0.22530730367901378,0.10393155997571074
Templeton Pacific Growth Adv,,,0,0,0
Templeton Developing Markets R,1.2801818300902292,0.8690791724961955,0.7552986080666719,0.23622883564039338,0.12517842854424696
Templeton Developing Markets A LW,1.2809448934577623,0.8695214059534931,0.7560674754113395,0.2362492273382132,0.12506049226957403
Templeton Developing Markets C,1.28155035197996,0.8697333782944601,0.7564361493194944,0.2363033046071931,0.12503812342288784
Templeton Developing Markets B,1.2809380457455388,0.869326791462097,0.7557290703537842,0.23630089793811596,0.12515936756572016
Templeton Developing Markets Adv,1.2814187827376282,0.8693852166536721,0.7558306549359523,0.23637360565897855,0.12519803014821984
Templeton Developing Markets A,1.2809448934577623,0.8695214059534931,0.7560674754113395,0.2362492273382132,0.12506049226957403
PACE Large Co Value Equity P,1.1246764616975082,0.9907133293780864,0.9815129010074127,0.18206096377804148,0.03181511213835188
PACE Large Co Value Equity A LW,1.124266357005777,0.9905612212431466,0.9812115330307141,0.1820224348724171,0.031926464346640905
PACE Large Co Value Equity C,1.1262627341977574,0.990823182017313,0.9817305780229134,0.18229738009657165,0.031887260405460034
PACE Large Co Value Equity Y,1.1247268183099843,0.9906578417777075,0.9814029594756655,0.18207920087654242,0.03187932351972715
PACE Large Co Value Equity A,1.124266357005777,0.9905612212431466,0.9812115330307141,0.1820224348724171,0.031926464346640905
PACE Large Co Value Equity B,,,0,0,0
"Tweedy, Browne Global Value",0.6832151605485024,0.8994585756193535,0.8090257292551963,0.12183762074017634,0.07357372364757807
Third Avenue Value Instl,1.1782305207112636,0.8581346052696867,0.736395000761361,0.22019334034118976,0.11659057139584741
Third Avenue Value Investor,1.177248145292252,0.8580304450959232,0.7362162447115081,0.22003655069454844,0.11651109356003583
ASTON/Montag & Caldwell Growth N,0.8387792014107008,0.9818474920972178,0.964024497737596,0.13700331173880398,0.036651213315276536
ASTON/Montag & Caldwell Growth I,0.8396016135910767,0.9817529577894113,0.9638388701282575,0.13715079230711194,0.03662589384472217
ASTON/Montag & Caldwell Growth R,0.8382766979328171,0.9819392905281918,0.9642047702830088,0.13690840176344668,0.03664930062432946
Rainier Small/Mid Cap Equity,1.2904600117253195,0.9488137210577235,0.9002474772674037,0.21811650484349868,0.08314652142030614
Rainier Small/Mid Cap Equity Instl,1.2910267862482054,0.948743329472754,0.9001139052190468,0.2182284391101631,0.08326493632162454
Matthews Asian Growth & Inc Investor,0.6521247494965894,0.8033412413277728,0.6453571500180469,0.1302049486160656,0.09549829158333671
Matthews Asian Growth & Income Instl,0.6527636631164061,0.8036117638419759,0.6457918669852115,0.13028841887166626,0.0954403337484505
SEI Instl Intl Tr International Equity I,1.1399815583113646,0.9290080777192435,0.863056008467604,0.1968024783039704,0.07619361352178627
SEI Instl Intl Tr International Equity A,1.1400905207872405,0.9285241287185748,0.8621570576125887,0.1969237636548539,0.07646985654091731
SEI Instl Mgd S&P 500 Index E,1.0010096717491521,0.9999888800312359,0.9999777601861254,0.16054158678167532,0.0007740662124995089
SEI Instl Mgd S&P 500 Index A,1.0017802629067358,0.9999859975846285,0.9999719953653247,0.16066559201095562,0.0008967102556408219
SEI Instl Mgd S&P 500 Index I,1.0015814272066266,0.9999832955747812,0.9999665914286002,0.16063416639536704,0.0009622909823758634
Fidelity Export & Multinational,1.0436023419756149,0.986269694245481,0.9727279097870746,0.16970077813239196,0.0288782534325382
Fidelity Export & Multinational K,1.0418457338798202,0.9862155288617891,0.9726210693681384,0.16942445686011862,0.028820222673050087
Consulting Group Large Cap Growth,1.0718722412614037,0.9771670675449843,0.9548554778944639,0.17591841077905784,0.039107465048357146
Consulting Group Large Cap Value Equity,0.9782856720793418,0.9854208919519266,0.9710543342953306,0.159218266997609,0.027305612849457813
American Century Heritage Inv,1.2074080091215595,0.9275909343143132,0.8604249414221004,0.20875514265935494,0.08477144126506567
American Century Heritage Inst,1.208915584874573,0.9279142884544537,0.861024926717935,0.20894289531258445,0.08477674311460434
American Century Heritage A,1.2083852901016783,0.9279676437823146,0.8611239479069006,0.20883934539741147,0.08468218889139838
American Century Heritage C,1.208310097046901,0.9279319023356152,0.8610576153721936,0.20883421434992944,0.08469281072089041
American Century Heritage A Load Waived,1.2083852901016783,0.9279676437823146,0.8611239479069006,0.20883934539741147,0.08468218889139838
American Century Heritage B,1.2072853418183072,0.9274144478810487,0.8600975581385104,0.20877356392140312,0.0848541800193311
American Century Heritage R,1.207301887930614,0.9278036811817016,0.8608196708143168,0.20868884818312833,0.08464056417903323
American Century Intl Growth A LW,1.213114494420389,0.9284841568452146,0.8620828295125691,0.20954015682643928,0.08497608422724204
American Century Intl Growth C,1.2112372875188793,0.9273964080657036,0.860064097693169,0.20946128166236883,0.08534889889474125
American Century Intl Growth R,1.2110952321909683,0.9279257949114287,0.8610462808620067,0.20931729707948374,0.08503785653586793
American Century Intl Growth B,,,0,0,0
American Century Intl Growth A,,,0,0,0
American Century Intl Growth A LW,,,0,0,0
American Century Intl Growth Instl,1.213285832824495,0.9278310633606816,0.8608704821370131,0.20971702347647386,0.08536012240845865
American Century Intl Growth Inv,1.2117705189975199,0.9283672602978885,0.8618657699930075,0.20933428360306183,0.08487565886647529
American Century Intl Growth A,1.213114494420389,0.9284841568452146,0.8620828295125691,0.20954015682643928,0.08497608422724204
American Century Select B,,,0,0,0
American Century Select C,1.0687669586575086,0.9691902629165046,0.9393297657321632,0.17684631043246454,0.044927155140139806
American Century Select A,,,0,0,0
American Century Select R,1.069814263353662,0.9692587220228325,0.9394624702173344,0.1770070889188329,0.04496081797696322
American Century Select A Load Waived,,,0,0,0
American Century Select Inv,1.069758158933841,0.9694649928816725,0.9398623724230614,0.17696019598736965,0.044807913498807014
American Century Select Instl,1.0700625148843184,0.9695396427264298,0.9400071188180931,0.1769968845879917,0.044778246368830855
American Century Select A,1.0700385004103585,0.9693427407271298,0.9396253490003836,0.17702886043732502,0.04491819932395098
American Century Select A Load Waived,1.0700385004103585,0.9693427407271298,0.9396253490003836,0.17702886043732502,0.04491819932395098
American Century Vista Inv,1.1977604149130245,0.9256854336545982,0.8568935220803016,0.20750904686675917,0.08464980602384489
American Century Vista Instl,1.197113052105101,0.9258017041173859,0.8571087953466558,0.20737091128458318,0.08450775529037671
American Century Vista C,1.1956828510048505,0.9257615840109045,0.857034510430379,0.20713210176975116,0.0843573690888879
American Century Vista A Load Waived,1.197459906608606,0.9259867019369253,0.8574513721640241,0.2073896950670044,0.08444794013122889
American Century Vista R,1.199383794054643,0.9262609442449017,0.8579593368334568,0.20766117444209634,0.08452961734480433
American Century Vista Fd C,,,0,0,0
American Century Vista A,1.197459906608606,0.9259867019369253,0.8574513721640241,0.2073896950670044,0.08444794013122889
Delafield Fund,1.3861636499188859,0.9546967194992331,0.9114458262225973,0.23284987906469984,0.09291825271489784
Waddell & Reed Accumulative A,1.0848635684416879,0.9770975791796095,0.9547196792386533,0.17806026204716283,0.040253105964179074
Waddell & Reed Accumulative Y,1.0903630134135904,0.9771830252506519,0.9548866648380162,0.1789467548617734,0.040670342631637144
Waddell & Reed Accumulative B,1.0888954676788098,0.9776401675946595,0.955780297294514,0.1786223466785409,0.04016937841076742
Waddell & Reed Accumulative C,1.086610342999639,0.9774029626561297,0.9553165514089799,0.178291005629211,0.04015933825306625
Waddell & Reed Accumulative A LW,1.0848635684416879,0.9770975791796095,0.9547196792386533,0.17806026204716283,0.040253105964179074
Waddell & Reed Core Investment A LW,1.1097080710842755,0.9835732380979244,0.9674163147024363,0.18094697098993684,0.037092358644299404
Waddell & Reed Core Investment B,1.1054656498662148,0.982736614684347,0.9657712538412507,0.1804088416142093,0.037410651393572775
Waddell & Reed Core Investment C,1.104615629345412,0.9837096800940972,0.9676847347108309,0.18009171594057655,0.036455750509929025
Waddell & Reed Core Investment Y,1.1099271453966284,0.9841900650318978,0.9686300841074911,0.18086899549624044,0.03655782455379684
Waddell & Reed Core Investment A,1.1097080710842755,0.9835732380979244,0.9674163147024363,0.18094697098993684,0.037092358644299404
First Eagle Gold A,0.5490806878785611,0.3443579317129718,0.11858238513363574,0.2556941149328644,0.2506874855060118
First Eagle Gold A Load Waived,0.5490806878785611,0.3443579317129718,0.11858238513363574,0.2556941149328644,0.2506874855060118
First Eagle Gold C,0.5479652354630449,0.34395473115075975,0.11830485708099142,0.25547380679594345,0.2505772869350063
First Eagle Gold I,0.5481030714431774,0.3437415896200914,0.1181582804345473,0.2556964673418052,0.25079017688209687
Waddell & Reed New Concepts B,1.1402534936578594,0.938161515065302,0.8801470283496228,0.19493350861893763,0.07111843137015889
Waddell & Reed New Concepts A LW,1.1365501422814457,0.93670392765878,0.8774142480913848,0.19460302598171683,0.07155054742086218
Waddell & Reed New Concepts A,1.1365501422814457,0.93670392765878,0.8774142480913848,0.19460302598171683,0.07155054742086218
Waddell & Reed New Concepts C,1.1343079810612584,0.9376559022019031,0.879198590934065,0.19402186967348858,0.07077470772253452
Waddell & Reed New Concepts Y,1.137945888853327,0.9381327916811513,0.8800931348274703,0.19454524824068098,0.0708888994284188
Waddell & Reed Science & Tech A,1.0759222184234725,0.922114692472011,0.8502955060727515,0.18713526625439456,0.07340506559083157
Waddell & Reed Science & Tech C,1.0762049714810715,0.9225936138445621,0.851178976306769,0.18708720900424386,0.07318342821478226
Waddell & Reed Science & Tech B,1.0782637446057743,0.9221984542060537,0.850449988940035,0.18752520815612622,0.07358011213332748
Waddell & Reed Science & Tech Y,1.0747118101119597,0.9209727249188143,0.848190760044386,0.18715653635538357,0.0738816299659027
Waddell & Reed Science & Tech A LW,1.0759222184234725,0.922114692472011,0.8502955060727515,0.18713526625439456,0.07340506559083157
Waddell & Reed Vanguard A Load Waived,1.0831588315277063,0.9779176346244484,0.9563229001094762,0.17762632242698717,0.03943949463776852
Waddell & Reed Vanguard Y,1.088368736379355,0.9778883054319049,0.9562655379004823,0.17848589957497374,0.039920484308355014
Waddell & Reed Vanguard B,1.0847591847681801,0.9775118356554786,0.9555293888465435,0.1779626306429741,0.03990900119460222
Waddell & Reed Vanguard C,1.0861124655429293,0.9772365569546352,0.95499128824855,0.17823469038878645,0.0402501390872486
Waddell & Reed Vanguard A,1.0831588315277063,0.9779176346244484,0.9563229001094762,0.17762632242698717,0.03943949463776852
USAA Precious Metals and Minerals,0.691765065228287,0.3785955493880142,0.1433345900164123,0.2930048949264313,0.27563951217723415
USAA Precious Metals and Minerals Adv,0.6916188147978893,0.3785557504004383,0.14330445616123894,0.29297379434300114,0.27562005017572594
USAA Precious Metals and Minerals Instl,0.6919352562146668,0.3785373929697204,0.14329055787631254,0.29312206452295153,0.2757481119012638
USAA Growth Instl,1.087847105059776,0.9699954528126852,0.9408911784772862,0.17985165997791783,0.0459331760074163
USAA Growth,1.0875140772501335,0.970046231175129,0.9409896906170716,0.17978697991935103,0.045867217605260135
USAA Income Stock Instl,0.9681708711871008,0.9938734902050863,0.9877845145324398,0.15623077110858305,0.01800225470852921
USAA Income Stock,0.9700662332726732,0.9938673964806187,0.9877724017871634,0.15653745853374676,0.017959393456944285
USAA International,1.2167288874001654,0.9314583056510324,0.867614575166292,0.20948835221070997,0.08375856928246575
USAA International Adv,1.2159158306394102,0.9315856354812915,0.8678517962350817,0.2093199350815499,0.08358659440796881
USAA International Instl,1.2172085255789968,0.931409879068001,0.8675243628254683,0.20958191057578257,0.08384506319587111
USAA Aggressive Growth Instl,1.1534316305658254,0.9767354679039333,0.9540121742615155,0.18938152934472932,0.047477666699801385
USAA Aggressive Growth,1.1536745279394254,0.9768069530889503,0.9541518236029186,0.1894074532682859,0.04744988311089522
Alger Capital Appreciation A LW,1.1212345182096302,0.9762230699062813,0.9530114822172442,0.18419590595620353,0.04440230577638316
Alger Capital Appreciation Z,1.1200344173461894,0.9754784778470611,0.9515582607428194,0.18413814807413614,0.04485974520131023
Alger Capital Appreciation B,1.1205209941584926,0.9754903750044619,0.9515814717263457,0.18421682983403787,0.044899950767523115
Alger Capital Appreciation A,1.1212345182096302,0.9762230699062813,0.9530114822172442,0.18419590595620353,0.04440230577638316
Alger Capital Appreciation C,1.1225223227438863,0.9764850900776899,0.9535231311440342,0.18435797584687294,0.04432897136263844
Vanguard Pacific Stock Index Adm,0.8951722592605375,0.8827381061531576,0.7792265640548633,0.16264601251405783,0.07822912136097887
Vanguard Pacific Stock Index Inv,0.8980374745625124,0.8843138395029994,0.7820109667365365,0.16287563011371733,0.07776402513081421
Vanguard Pacific Stock Index Instl,0.8959378593328314,0.8835658186852526,0.7806885559489407,0.1626324137676092,0.07794917357601866
Vanguard Pacific Stock Index Signal,0.8954116742880941,0.882777983134151,0.7792969675063994,0.16268210597047644,0.07822556626555516
Vanguard Growth & Income Inv,1.0062200372407548,0.9961140856176053,0.992243271565798,0.16200221101080597,0.014300083463422758
Vanguard Growth & Income Adm,1.0051808299930085,0.9961880187209519,0.9923905686431754,0.1618229461449648,0.014137953214518172
Vanguard Precious Metals and Mining Inv,1.4668743832907836,0.7512075604202251,0.5643127988325061,0.3131381405479165,0.21981033132845018
Vanguard US Growth Adm,1.1226863504568179,0.9768966787910064,0.9543271210328987,0.18430488160928085,0.0440218276270815
Vanguard US Growth Inv,1.1207126706989707,0.9763649125023035,0.9532884423656308,0.18408111637555843,0.04423788943039234
Wells Fargo Advantage Index Inv,0.9991178726388816,0.9999933271821047,0.9999866544087359,0.16023752617699227,0.000602104682165582
Wells Fargo Advantage Index A,0.9988491439924823,0.9999951055180795,0.999990211060115,0.16019401854984291,0.0005340004711073345
Wells Fargo Advantage Index Adm,0.9988226946978913,0.9999944745052229,0.999988949040977,0.16018988527408248,0.0005648876662032635
Wells Fargo Advantage Index B,0.9979139927622807,0.9999959084272858,0.9999918168713127,0.16004394513819903,0.0005669183788568808
Wells Fargo Advantage Index C,0.9978849452455698,0.9999937796132925,0.9999875592652782,0.16003960697384048,0.0006584278599527083
Wells Fargo Advantage Index A LW,0.9988492666502133,0.9999951051456263,0.9999902103152123,0.16019403828450993,0.0005340116241823801
Evergreen Equity Index Instl Svc,,,0,0,0
Wasatch Small Cap Growth,1.018514229104837,0.9113405565370422,0.8305416099892458,0.17924021306454724,0.07382881030975065
GMO International Equity Allc III,1.1221780345542594,0.9239301761834448,0.8536469704623713,0.19479268294344312,0.0770366926832359
BBH Tax-Efficient Equity I,,,0,0,0
BBH Core Select N,0.7958004396904861,0.9742601292493036,0.9491827994448697,0.13100537662306805,0.0440885424401613
BBH Core Select Retail,0.7959536147167044,0.9742027758268732,0.9490710484287849,0.13103865386354915,0.04409703019917933
RidgeWorth Small Cap Value Equity I,1.09472313171883,0.939900619025838,0.8834131736451535,0.1868011701388034,0.06555197839718312
RidgeWorth Small Cap Value Equity C,1.093476781575198,0.9384610843008474,0.8807092067471222,0.18687460007692017,0.0662466451862432
RidgeWorth Small Cap Value Equity A LW,1.0945901868257908,0.9396871432548183,0.8830119271984015,0.18682088985883447,0.06566027991276366
RidgeWorth Small Cap Value Equity A,1.0945901868257908,0.9396871432548183,0.8830119271984015,0.18682088985883447,0.06566027991276366
Russell US Quantitative Equity I,0.9952867445936134,0.9939256591506699,0.9878882159180935,0.16059232430169318,0.017686901376003542
Russell US Quantitative Equity E,0.9948074512486392,0.9938967220326931,0.9878306940673325,0.16051965570257706,0.01772421172478617
Russell US Quantitative Equity Y,0.9946911694052957,0.9938695754922912,0.987776733089227,0.1605052694670887,0.01776267403832033
Russell US Quantitative Equity A,0.9944973231029044,0.9939192251215782,0.9878754260662784,0.16046589270052736,0.01768818652147731
Russell US Quantitative Equity C,0.9944074076173003,0.9939103625016483,0.9878578086881581,0.16045285654299563,0.01770028622722565
Russell US Quantitative Equity S,0.9956148075620083,0.9939024622247571,0.9878421044164347,0.16064891349655264,0.01772455503577694
Russell US Quantitative Equity A LW,0.9944973231029044,0.9939192251215782,0.9878754260662784,0.16046589270052736,0.01768818652147731
Ivy Global Natural Resources I,1.562095537541155,0.8280678236311837,0.685696320533285,0.30250981599670823,0.19204289095100827
Ivy Global Natural Resources E,1.5642850900895242,0.8282127912968903,0.6859364276677863,0.3028807935891378,0.1923341814923922
Ivy Global Natural Resources B,1.5623733606160988,0.8279392110650868,0.6854833372190784,0.3026104858025006,0.19216444022743498
Ivy Global Natural Resources C,1.5630523445796451,0.8275824842033564,0.6848927681601986,0.3028724435143909,0.19248602029874548
Ivy Global Natural Resources Adv,,,0,0,0
Ivy Global Natural Resources A,1.5632869189306315,0.8281238922007598,0.6857891808337356,0.30271995898444853,0.1922145096131735
Ivy Global Natural Resources A LW,1.5632869189306315,0.8281238922007598,0.6857891808337356,0.30271995898444853,0.1922145096131735
Ivy Global Natural Resources R,1.56352235724676,0.8283051929367264,0.6860894926459475,0.3026993677388529,0.19215044682331875
Ivy Global Natural Resources Y,1.5629162929405669,0.8281397824268258,0.6858154992379504,0.30264245238420046,0.1921419341169317
Harding Loevner Emerging Markets Advisor,1.1814004431846084,0.872349648194039,0.7609939087042638,0.2171843191789339,0.11007419866768141
Oppenheimer Equity Income A,1.0603499821226636,0.9645231229020532,0.9303048546127292,0.1763108698482517,0.047532030844149115
Oppenheimer Equity Income C,1.0582783903943374,0.9649063606588545,0.9310442848399153,0.1758966813909672,0.047116239016291236
Oppenheimer Equity Income I,1.060418843693958,0.9646052268414638,0.9304632436498719,0.17630729589467198,0.0474815639098828
Oppenheimer Equity Income Y,1.058729238487566,0.964680443346014,0.9306083577742621,0.1760125555599183,0.04730341914352995
Oppenheimer Equity Income N,1.0592329457079335,0.9647793614871051,0.9307992163514662,0.17607849430668263,0.04727399286099423
Oppenheimer Equity Income B,1.0591251085934672,0.9647962521754002,0.9308318082116984,0.1760574511109985,0.04725442512650207
Oppenheimer Equity Income A Load Waived,1.0603499821226636,0.9645231229020532,0.9303048546127292,0.1763108698482517,0.047532030844149115
Invesco Van Kampen SmallCapValue A LW,1.387600461406694,0.9282668198662006,0.8616792888645093,0.23972033969287745,0.10867040508901481
Invesco Van Kampen SmallCapValue A,1.387600461406694,0.9282668198662006,0.8616792888645093,0.23972033969287745,0.10867040508901481
Invesco Van Kampen SmallCapValue C,1.387124525196804,0.9285535017080421,0.8622116055342669,0.23956403590648673,0.10843837705123016
Invesco Van Kampen SmallCapValue B,1.3875741575640548,0.928019853852462,0.8612208491443448,0.23977955805869372,0.10880722463848708
Invesco Van Kampen SmallCapValue Y,1.3880619173239028,0.927905259180009,0.8610081700139196,0.2398935144996103,0.10894290337948416
DFA Tax-Managed US Targeted Value,1.3629933130850251,0.941647612479118,0.8867002260876232,0.23213315936477247,0.09742111807068321
Nationwide International Index Instl,1.1964581142227795,0.9304974575972236,0.865825518594897,0.20621789125617293,0.08182850535752487
Nationwide International Index A,1.197252421165919,0.9304179528378504,0.8656775669629766,0.2063724244474175,0.08196825588260488
Nationwide International Index B,1.1965064921951478,0.930414925461407,0.8656719335213555,0.20624419759485849,0.08188038044494571
Nationwide International Index A LW,1.197252421165919,0.9304179528378504,0.8656775669629766,0.2063724244474175,0.08196825588260488
Nationwide International Index C,1.1935359541199746,0.9302708468290646,0.8654038484600649,0.20576429263283594,0.08160507964541469
Nationwide International Index R2,1.1924028754778013,0.9293556632081393,0.8637019487370405,0.2057713185548823,0.08197908946110065
Fidelity Advisor Mega Cap Stock A,1.0779905731638904,0.9919112111003886,0.9838878507066398,0.17429104337334367,0.02540980931194918
Fidelity Advisor Mega Cap Stock T,1.080512617951561,0.9919645562096427,0.9839936807761935,0.17468935614905073,0.025591933793397068
Fidelity Advisor Mega Cap Stock B,1.0745231460670694,0.9920306209614812,0.9841247529252221,0.1737100204793615,0.02493303660307325
Fidelity Advisor Mega Cap Stock C,1.0782876039358127,0.9919009006544748,0.9838673967191582,0.17434108406754514,0.025450996091520097
Fidelity Advisor Mega Cap Stock I,1.0781525893628015,0.9919377390076541,0.9839404780676169,0.17431266169328496,0.02539352713846957
Fidelity Advisor Mega Cap Stock A LW,1.0779905731638904,0.9919112111003886,0.9838878507066398,0.17429104337334367,0.02540980931194918
Fidelity Mega Cap Stock,1.0779973675711156,0.9920196843459479,0.984103054129834,0.17427328178566528,0.025279461276061732
BlackRock Large Cap Value Instl,1.1421556573144698,0.9753895785759853,0.9513848299946381,0.18779078856771286,0.047259309261287345
BlackRock Large Cap Value Inv B,1.14387647534739,0.9753525698699168,0.951312635551851,0.18808085861983836,0.04747577355991059
BlackRock Large Cap Value Inv A,1.142669519361212,0.9755624746741155,0.9517221419922843,0.18784209470179594,0.047183067053835764
BlackRock Large Cap Value Inv C,1.1412587705861728,0.9755224792007918,0.9516441074260594,0.18761771446391504,0.04705981689747635
BlackRock Large Cap Value Inv A LW,1.142669519361212,0.9755624746741155,0.9517221419922843,0.18784209470179594,0.047183067053835764
BlackRock Large Cap Value R,1.141478965159614,0.9753793021085683,0.9513647829817977,0.18768146533614008,0.047193424653827316
BlackRock Large Cap Value S,1.1443490285002658,0.9755881868516475,0.9517723103244851,0.18811296606273273,0.04734744460155616
Delaware Value A,0.8342058053766782,0.9657349761527548,0.932644044164762,0.1385356008609604,0.04470902490012077
Delaware Value Inst,0.836719924616831,0.9657157245230394,0.9326068605910591,0.13895577040586551,0.04456675390243164
Delaware Value A Load Waived,0.8342058053766782,0.9657349761527548,0.932644044164762,0.1385356008609604,0.04470902490012077
Delaware Value R,0.8370829154832796,0.9657299031027599,0.9326342457468659,0.13901416904543595,0.044538891455172286
Delaware Value C,0.832860169145276,0.9659953788421834,0.9331470719444536,0.13827507904821218,0.04467596566148504
Delaware Value B,0.8371812547121956,0.9659604756107373,0.9330796404421219,0.1389972640388991,0.044429406364887264
JPMorgan Investor Growth A,0.9827001098499946,0.9900176445055168,0.9801349364322518,0.15919472932441275,0.022603458844892788
JPMorgan Investor Growth Select,0.983796520196068,0.9902819713076665,0.980658382696998,0.1593296281814286,0.02230568960640184
JPMorgan Investor Growth B,0.9840280273929427,0.9901413968456665,0.9803799857474875,0.1593897666538987,0.02246758501437762
JPMorgan Investor Growth C,0.9843975573338064,0.9899477326987745,0.9799965134754441,0.15948083845745736,0.022689443531366028
JPMorgan Investor Growth A Load Waived,0.9827001098499946,0.9900176445055168,0.9801349364322518,0.15919472932441275,0.022603458844892788
JHancock3 Disciplined Value R2,1.0702413106271194,0.9926879176497394,0.9854293018477759,0.17290518280525777,0.02371276835430751
JHancock3 Disciplined Value A,1.0723960379745459,0.9926861852878759,0.985425862461395,0.17325370659569464,0.023917718703180622
JHancock3 Disciplined Value I,1.0705243168626914,0.9926630034342964,0.9853798383871978,0.17295522328878044,0.023770799039125216
JHancock3 Disciplined Value R4,1.0719514000328563,0.9926446940970293,0.9853434887189849,0.17318902583310003,0.023928035564253713
JHancock3 Disciplined Value R5,1.0712165794475936,0.9927576969852469,0.9855678449234513,0.17305048831016503,0.023715559224995846
JHancock3 Disciplined Value R1,1.0691787615221187,0.9925674383558846,0.9851901196843628,0.17275489419640902,0.02376685436666948
JHancock3 Disciplined Value R3,1.0670914616718241,0.9926062823432337,0.9852672317472553,0.17241082678175043,0.023526605230812122
JHancock3 Disciplined Value NAV,1.0702500563533928,0.9927661728339341,0.9855846739233365,0.17289308367218553,0.023614038818173193
JHancock3 Disciplined Value R6,1.0686062417003754,0.9928151222935497,0.985681867054756,0.17261890165719948,0.023398606654754142
JHancock3 Disciplined Value B,1.0708364397702124,0.9929504830202226,0.9859506617300933,0.17295562845690524,0.023433268773505187
JHancock3 Disciplined Value C,1.072203552198125,0.9928367847615417,0.985724881175636,0.17319608735081832,0.02370834955814995
JHancock3 Disciplined Value ADV,,,0,0,0
JHancock3 Disciplined Value I2,1.0705218636098557,0.9927289170955386,0.9855107028376806,0.17294326103282928,0.023686902367364288
JHancock3 Disciplined Value A LW,1.0723960379745459,0.9926861852878759,0.985425862461395,0.17325370659569464,0.023917718703180622
Laudus International MarketMasters Inv,1.1863053778903299,0.933400073283686,0.8712356968059904,0.20383459071928375,0.0789942724391362
Laudus International MarketMasters Sel,1.1860476987473856,0.9334134052377603,0.8712605850775513,0.20378737200035282,0.07895644020965822
Fidelity Advisor Growth & Income A,1.0406166444698681,0.9925677979129528,0.9851908334537682,0.16813607530628932,0.02146914645209104
Fidelity Advisor Growth & Income T,1.042687277685293,0.9926492294811868,0.985352492789594,0.16845671933042256,0.021502823030580803
Fidelity Advisor Growth & Income C,1.042003437667136,0.9927292902639604,0.9855114437479865,0.16833259870031336,0.021348725746621892
Fidelity Advisor Growth & Income I,1.0419641928611183,0.9925477239574244,0.9851509843330635,0.1683571711433961,0.021587404940226915
Fidelity Advisor Growth & Income A LW,1.0406166444698681,0.9925677979129528,0.9851908334537682,0.16813607530628932,0.02146914645209104
Fidelity Advisor Growth & Income B,1.0395995957325073,0.992710200028187,0.9854735412400031,0.16794774194162135,0.0212112641046618
CRM Mid Cap Value Instl,1.1043410663305036,0.9746627305847706,0.9499674383909611,0.1817186369147917,0.04394719854579931
CRM Mid Cap Value Inv,1.1045404183720366,0.9746573538547024,0.9499569574230506,0.18175238577056552,0.04397030203370928
CRM Mid Cap Value Retail,,,0,0,0
Rydex|SGI Mid Cap Value S,,,0,0,0
Guggenheim Mid Cap Value A Load Waived,1.106795480817654,0.9295799181319965,0.8641188241942893,0.19096016534812674,0.07242818465231941
Guggenheim Mid Cap Value A,1.106795480817654,0.9295799181319965,0.8641188241942893,0.19096016534812674,0.07242818465231941
Guggenheim Mid Cap Value B,1.1068352034953268,0.9293642688705045,0.8637179442532075,0.19101124592215635,0.0725488357769966
Guggenheim Mid Cap Value C,1.106413158868726,0.9291444127305845,0.8633093397084626,0.1909835967950297,0.0726255959316109
Prudential Jennison Equity Income X,0.8713910584761784,0.961675244091621,0.9248192750986788,0.14533455898622585,0.04485871975467507
Prudential Jennison Equity Income L,0.867834799841378,0.9617559297591639,0.9249744684269138,0.14472962287623742,0.04494116043177112
Prudential Jennison Equity Income M,,,0,0,0
Prudential Jennison Equity Income C,0.867040644913051,0.9613429146576952,0.9241801995625526,0.14465938909486722,0.0451686473664063
Prudential Jennison Equity Income Q,0.8650820169384337,0.9619975335507641,0.9254392545577536,0.1442332467656337,0.04492455359126857
Prudential Jennison Equity Income R,0.8655389149445596,0.961519270315288,0.924519307187644,0.14438195729503805,0.045137559378234215
Prudential Jennison Equity Income A,0.8672466296756298,0.9616780635044014,0.9248246978255756,0.14464335227099365,0.04499968277268079
Prudential Jennison Equity Income B,0.8685788645537356,0.9620204771913199,0.9254833985354147,0.14481365976034163,0.04478647237934049
Prudential Jennison Equity Income A LW,0.8672466296756298,0.9616780635044014,0.9248246978255756,0.14464335227099365,0.04499968277268079
Prudential Jennison Equity Income Z,0.8665885115884905,0.9604406332176993,0.9224462099356152,0.14471969648006422,0.045617126813949
BlackRock S&P 500 Index Instl,1.002945892761212,0.9999738081596741,0.9999476170053607,0.1608541863681902,0.0012561620248844924
BlackRock S&P 500 Index A,1.0017679411583833,0.9999755585695198,0.9999511177364231,0.16066505432189995,0.0011583030577612444
Cambiar Opportunity Inv,1.2387168398244575,0.9630261506189215,0.9274193667758976,0.20629136245755003,0.06747298242293515
Cambiar Opportunity Inst,1.2404061689827115,0.9628301116737805,0.9270418239457447,0.20661459003624713,0.06781748804699622
Oakmark International Small Cap I,1.1596801669214032,0.8860280185172565,0.7850456495976159,0.2099232157125182,0.10061404158220044
Oakmark International Small Cap II,1.1595383984251537,0.8855335094984411,0.7841695964446257,0.21001474942740483,0.10084096789741709
Dreyfus Small Cap Stock Index,1.2014213354741823,0.9308502687288197,0.866482222792516,0.2069866432982812,0.08222900793689998
Fidelity Select Natural Resources,1.4659510312474977,0.8550934984301745,0.7311848910575549,0.2749233386086714,0.16092002938729416
Vantagepoint International,1.1159683250944497,0.9358863952867474,0.8758833448828222,0.19123350557324012,0.06987922689817597
Prudential Jennison Health Sciences A,0.9397187067887013,0.7929068616589133,0.6287012912657871,0.19004021970873505,0.1161988250983337
Prudential Jennison Health Sciences C,0.9395651790558462,0.7930045237118772,0.6288561746275012,0.18998580711599936,0.11614375125410874
Prudential Jennison Health Sciences Z,0.9393762464917484,0.7921416340835203,0.6274883684485099,0.19015449643584706,0.11646121775643596
Prudential Jennison Health Sciences B,0.938594884196642,0.792487774115567,0.6280368721226459,0.18991334179169392,0.11624002993658504
Prudential Jennison Health Sciences R,0.9398146420499449,0.792957400160337,0.6287814384690408,0.19004751487769325,0.11618951616036827
Prudential Jennison Health Sciences L,0.9405043856000506,0.7926612444998127,0.6283118485319918,0.1902580368207674,0.11638126787797161
Prudential Jennison Health Sciences M,,,0,0,0
Prudential Jennison Health Sciences X,0.9401712517090186,0.7926484557680696,0.6282915744315054,0.1901937644103009,0.11634972994634342
Prudential Jennison Health Sciences A LW,0.9397187067887013,0.7929068616589133,0.6287012912657871,0.19004021970873505,0.1161988250983337
CGM Focus,1.48216094959604,0.9035349480056022,0.8163754022674862,0.26305691766141737,0.13667961425344724
Ivy International Core Equity A,1.1882019235977435,0.9355600617959638,0.8752726292276677,0.20368997715912052,0.07799556128288267
Ivy International Core Equity C,1.1869667550969711,0.9353671775453691,0.8749117568291901,0.20352029556083845,0.07795970019081042
Ivy International Core Equity B,1.1898003625837408,0.9353379471036024,0.8748570752919814,0.20401220670996179,0.07831041187249563
Ivy International Core Equity Adv,,,0,0,0
Ivy International Value I,,,0,0,0
Ivy International Core Equity Y,1.1901149185198396,0.9356235301987146,0.8753913902615049,0.2040039054255045,0.07818529042513352
Ivy International Core Equity A LW,1.1882019235977435,0.9355600617959638,0.8752726292276677,0.20368997715912052,0.07799556128288267
Ivy International Core Equity E,1.1890983251622227,0.9355630807394403,0.8752782780426724,0.20384307497756815,0.07809956981393076
Ivy International Core Equity I,1.1885833497745695,0.9349316211058551,0.8740971361436223,0.20389217435668575,0.07839726515055229
Baron Small Cap Retail,1.089924041291328,0.9272802023223726,0.8598485736190201,0.1885085253086469,0.0720153136651914
Baron Small Cap Instl,1.0894286860934046,0.9266681005357936,0.8587137685506157,0.1885472037928772,0.07229312456156664
Artisan Small Cap Value Institutional,1.1781476462657996,0.9385532022568462,0.8808821134665805,0.20131811238733022,0.07511188320750967
Artisan Small Cap Value Investor,1.1781476462657996,0.9385532022568462,0.8808821134665805,0.20131811238733022,0.07511188320750967
ING Global Real Estate C,1.089588676224173,0.914197746933895,0.83575752049901,0.19115092577868087,0.07877098477640948
ING Global Real Estate R,1.0790489370223306,0.9136825309190431,0.834815767306628,0.18941058902005378,0.07800057650428707
ING Global Real Estate A,1.0877429352850914,0.9141724727306643,0.8357113098984971,0.19083252781684082,0.07860127161406064
ING Global Real Estate B,1.0898866830934812,0.9135849737006388,0.834637504171597,0.19133140095899395,0.07911107152216283
ING Global Real Estate Q,,,0,0,0
ING Global Real Estate A Load Waived,1.0877429352850914,0.9141724727306643,0.8357113098984971,0.19083252781684082,0.07860127161406064
ING Global Real Estate I,1.0916478384870598,0.9150086864389777,0.8372408962587835,0.19134236769395624,0.07856337729402023
ING Global Real Estate O,1.0888270220875584,0.9141075768265331,0.8355926620116761,0.19103613222847735,0.07874126277639044
ING Global Real Estate W,1.0917123870614764,0.9144655843455693,0.8362473049524837,0.19146721113682974,0.07884604763841759
Invesco Developing Markets Y,0.9547745470506571,0.828027105212605,0.6856288869667665,0.18492444798655217,0.1039188042076088
Invesco Developing Markets A LW,0.9547707322551736,0.8289240349665785,0.6871150557452735,0.18472375693883142,0.10356207814657513
Invesco Developing Markets Instl,0.9558534228654308,0.8283081847694079,0.6860944489559916,0.18507064631554443,0.1039119361543028
Invesco Developing Markets C,0.9552183603951007,0.828721730784992,0.6867797070752728,0.18485537817045336,0.10368581848521821
AIM Developing Markets Adv,,,0,0,0
Invesco Developing Markets A,0.9547707322551736,0.8289240349665785,0.6871150557452735,0.18472375693883142,0.10356207814657513
Invesco Developing Markets B,0.9542107215139191,0.8285709018784408,0.6865297394396529,0.18469403454579503,0.10364818213933774
Janus Contrarian T,1.1072673893405132,0.9348923853946435,0.8740237722688865,0.18994234213982458,0.06956479289326639
Janus Contrarian A,1.1029867508441533,0.9342055025242926,0.8727399209466661,0.18934738052152766,0.06952484627586984
Janus Contrarian C,1.1043079155629518,0.935014769107602,0.8742526184493421,0.1894098388032761,0.06920633473945588
Janus Contrarian I,1.1056321515830474,0.9353896959598387,0.8749538833078394,0.18956139101079678,0.06912795046384156
Janus Contrarian R,1.1056236191486446,0.9346929957313452,0.8736509962692365,0.18970086348290763,0.06951349934554268
Janus Contrarian S,1.1073202650632639,0.93475960206986,0.873775513661803,0.1899784580131154,0.06964362219975694
Janus Contrarian A Load Waived,1.1029867508441533,0.9342055025242926,0.8727399209466661,0.18934738052152766,0.06952484627586984
Janus Contrarian D,1.1070379583117262,0.9350523581700139,0.8743229125193039,0.1898705670404151,0.06945343204063252
Janus Special Situations,,,0,0,0
Vantagepoint Growth & Income,1.0508547277149327,0.9939859384290683,0.9880080457947156,0.1695488073316502,0.020275675745305307
T. Rowe Price Real Estate,1.1371192504855396,0.8340453002563275,0.6956315628796674,0.21864726888632277,0.12259472416329302
T. Rowe Price Real Estate Advisor,1.1391618889296697,0.8348076244085441,0.6969037697706368,0.21883988204072508,0.12251010232914748
Cohen & Steers Realty Income A LW,1.1210705007034747,0.8397263884078937,0.7051404073885648,0.21410740787049382,0.11785090732187248
Cohen & Steers Realty Income B,1.1203880747061137,0.8396203643282015,0.7049623561946219,0.2140040727419008,0.11781220014822581
Cohen & Steers Realty Income A,1.1210705007034747,0.8397263884078937,0.7051404073885648,0.21410740787049382,0.11785090732187248
Cohen & Steers Realty Income C,1.1214373079866358,0.8393675243076101,0.7045378408622863,0.21426878311588443,0.11806432640295672
Cohen & Steers Realty Income I,1.122291983004036,0.8407912603573239,0.7069299434932571,0.21406891099036823,0.11751461265346252
Russell US Small Cap Equity E,1.2450859026595307,0.9489176316508859,0.9004446716579264,0.2104292741045972,0.07714351788757665
Russell US Small Cap Equity Y,1.244523689019948,0.9486464561050026,0.8999300986805807,0.21039445000686072,0.07723570085115523
Russell US Small Cap Equity I,1.2452897642137084,0.9488223292431394,0.9002638124703765,0.21048481785253412,0.07722714056410786
Russell US Small Cap Equity A,1.2442078399542673,0.9486006160648541,0.8998431287986208,0.21035116849546145,0.07722313057974273
Russell US Small Cap Equity C,1.2444829136081945,0.9489933190196889,0.900588319544005,0.21031060248884853,0.07702085174255395
Russell US Small Cap Equity S,1.245903154769474,0.9486389277659021,0.8999158152728406,0.21062923307524323,0.07741623315681279
Russell US Small Cap Equity A LW,1.2442078399542673,0.9486006160648541,0.8998431287986208,0.21035116849546145,0.07722313057974273
Litman Gregory Masters Intl Instl,1.2255086995869948,0.9328542245468981,0.8702170042549946,0.21069485653817716,0.08406157685727371
Litman Gregory Masters Intl Inv,1.2269299400936118,0.9334169039133636,0.8712671165112096,0.21081216977514003,0.08392044305287455
DFA Emerging Markets Small Cap I,1.2165791778298034,0.8136846002121849,0.6620826286224631,0.23977856438110956,0.1436242270256138
MassMutual Select Indexed Equity Z,1.000471122795838,0.9999376420419508,0.9998752879724164,0.16046313443199253,0.0017931972843419708
MassMutual Select Indexed Equity A,1.000060903820026,0.9999508838899498,0.999901770192292,0.16039541797703719,0.0015894035318469641
MassMutual Select Indexed Equity L,0.9988095672110906,0.9999717020182322,0.99994340483724,0.16019146392048902,0.0012198990641696143
MassMutual Select Indexed Equity S,0.9997761113083927,0.9999663883027877,0.9999327777353217,0.16034736609924596,0.001314898997388518
MassMutual Select Indexed Equity Y,1.0013176484723652,0.9999662642551728,0.999932529648446,0.16059464568301648,0.0013356786147516034
MassMutual Select Indexed Equity I,0.9999929047413316,0.9999456901037859,0.9998913831571365,0.16038522482165748,0.0016711896685267273
MassMutual Select Indexed Equity N,0.9998454476699068,0.9999444096588437,0.9998888224079734,0.16036178752223595,0.0016907089629304415
MassMutual Select Indexed Equity A LW,1.000060903820026,0.9999508838899498,0.999901770192292,0.16039541797703719,0.0015894035318469641
Laudus Growth Investors US Large Cap Gr,1.0693271893373735,0.953649938950934,0.90944820606112,0.17982170511049758,0.05523385599148061
UBS US Large Cap Growth A,,,0,0,0
Brinson U.S. Large Cap Growth UBS,,,0,0,0
UBS US Large Cap Growth C,,,0,0,0
UBS US Large Cap Growth B,,,0,0,0
UBS US Large Cap Growth A Load Waived,,,0,0,0
Vantagepoint Equity Income,1.0459835860979205,0.9892013937420481,0.9785193973812105,0.1695900083444035,0.025920436704307277
DFA Tax-Managed US Marketwide Value,1.2667603122201343,0.9782145561276175,0.9569037178199519,0.2076843966858579,0.06072657183235986
Vanguard Tax-Managed Small Cap Adm,1.1975576613970755,0.9314024273395882,0.867510481654077,0.20619899063130442,0.08145437274376316
Vanguard Tax-Managed Small Cap Instl,1.1978087809153686,0.9309420113756226,0.8666530285440899,0.2063442710479487,0.08174227815221564
Columbia Mid Cap Index A,1.1606915002339286,0.9612096936593916,0.9239240751847814,0.19366362749722224,0.059295427369086155
Columbia Mid Cap Index I,1.1603755870643908,0.9605670903436473,0.9226891350512606,0.19374051909712345,0.05968196405286226
Columbia Mid Cap Index Z,1.1602428502452842,0.9612331343866328,0.9239691386427505,0.19358419555475131,0.05923018038095026
RS Emerging Markets Y,1.3606409327286668,0.869010260088038,0.7551788321382794,0.2510969455815796,0.1370224881205737
RS Emerging Markets A,1.361195749142982,0.8688220004779811,0.754851668514561,0.2512534532757156,0.13720563638794317
RS Emerging Markets B,,,0,0,0
RS Emerging Markets A Load Waived,1.361195749142982,0.8688220004779811,0.754851668514561,0.2512534532757156,0.13720563638794317
RS Emerging Markets C,1.3601048277637466,0.869509581718142,0.7560469126996583,0.2508537059656767,0.13667756443202544
RS Emerging Markets K,1.3607006725638258,0.8691332076002785,0.7553925325535487,0.25107221664125,0.136966391465922
JPMorgan Growth Advantage A,1.1764531299254146,0.9689208538534444,0.9388076210320878,0.19471900958575716,0.055856593539861825
JPMorgan Growth Advantage B,1.1751487799531468,0.9686669940072262,0.9383157452789956,0.19455420274975666,0.05588249452391023
JPMorgan Growth Advantage A Load Waived,1.1764531299254146,0.9689208538534444,0.9388076210320878,0.19471900958575716,0.055856593539861825
JPMorgan Growth Advantage R5,1.1770748297345148,0.9687148156593548,0.9384083940779377,0.1948634009586134,0.05607320737129189
JPMorgan Growth Advantage C,1.175495007296636,0.9684993200713395,0.937990932978647,0.1946450153026417,0.05603981820362749
JPMorgan Growth Advantage Sel,1.1756628873806272,0.9686451587459225,0.9382734435619134,0.194643763928324,0.055957487903282435
T. Rowe Price Media & Telecommunications,1.1250248868691426,0.9499377843783664,0.9023817941896798,0.18994415435842993,0.06262726358534655
JHancock3 Disciplined Value Mid Cap R2,1.1514962448593247,0.9802318280439534,0.9608544367103904,0.18839999436526608,0.0444855353954069
JHancock3 Disciplined Value Mid Cap A,1.1512012573596428,0.9802291040293495,0.9608490963861811,0.18835227162103205,0.04445393898257151
JHancock3 Disciplined Value Mid Cap I,1.1524442594286042,0.9807512632301633,0.9618730403275609,0.18845513658297414,0.04417040580950424
JHancock3 Disciplined Value Mid Cap A LW,1.1512012573596428,0.9802291040293495,0.9608490963861811,0.18835227162103205,0.04445393898257151
JHancock3 Disciplined Value Mid Cap Adv,1.1526058491355202,0.9802088258112591,0.9608093421982873,0.18858584005837084,0.04463165780204514
JHancock3 Disciplined Value Mid Cap C,1.1506234143171477,0.9801265202265147,0.9606479956513365,0.18827749370424698,0.04447124030871337
JHancock3 Disciplined Value Mid Cap R6,1.1505888315117205,0.980358546384877,0.961102879469869,0.18822716750395266,0.044278325288857806
Vanguard Mid Cap Growth Inv,1.0816498390516478,0.9416317820920488,0.8866704130458477,0.18422467383151164,0.06337310413274479
Russell LifePoints Eq Growth Strategy R3,1.1099885410686847,0.9821646342968349,0.9646473688634353,0.18125224019614525,0.038366086927497385
Russell LifePoints Eq Growth Strategy E,1.11557626193839,0.9820190743936625,0.9643614624729857,0.18219134148344046,0.039062946042844625
Russell LifePoints Eq Growth Strategy S,1.1158332724953322,0.9823989519329874,0.9651077007590323,0.18216275958602254,0.038759784359873636
Russell LifePoints Eq Growth Strate A LW,1.1143336653929279,0.9815853592759709,0.9635098175449369,0.182068890693219,0.03930900645779599
Russell LifePoints Eq Growth Strategy C,1.1100525041195026,0.9812945123911658,0.9629389200490158,0.1814232646394917,0.039124428657954013
Russell LifePoints Eq Growth Strategy A,1.1143336653929279,0.9815853592759709,0.9635098175449369,0.182068890693219,0.03930900645779599
Russell LifePoints Eq Growth Strategy R1,1.1102245001403934,0.981830663112727,0.9639914510283772,0.1813523720813439,0.038679963127972776
Russell LifePoints Eq Growth Strategy R2,1.1150608214139477,0.982593891935451,0.9654907564688567,0.18200061826618374,0.038509633134258016
Ivy Large Cap Growth R,1.0788025160772632,0.9768534807830309,0.9542427229179234,0.17710519527901863,0.03993096412413613
Ivy Large Cap Growth A Load Waived,1.0785524611850648,0.9771166131461737,0.9547568756862492,0.17701661229443222,0.03969794179233141
Ivy Large Cap Growth Y,1.0771592812209023,0.9768639121032547,0.9542631027696754,0.17683364378508323,0.03978513983458432
Ivy Large Cap Growth C,1.0790398542015602,0.9763334610202663,0.9532270271078118,0.1772384496967501,0.040367107858697446
Ivy Large Cap Growth A,1.0785524611850648,0.9771166131461737,0.9547568756862492,0.17701661229443222,0.03969794179233141
Ivy Large Cap Growth B,1.0776585956913232,0.976574402890585,0.9536975643811024,0.1769679074357382,0.040059026698828167
Ivy Large Cap Growth I,1.0762058248951225,0.9769448483613229,0.9544212367397281,0.17666247054078468,0.0396408545137487
Ivy Large Cap Growth E,1.0792657346379273,0.9772370184807154,0.9549921902890781,0.17711183591604487,0.03966064674712561
Russell US Core Equity A Load Waived,1.0991735430698222,0.9961408551672307,0.9922966033333018,0.1769643825740533,0.02222664722289549
Russell US Core Equity A,1.0991735430698222,0.9961408551672307,0.9922966033333018,0.1769643825740533,0.02222664722289549
Russell US Core Equity C,1.0991267547553334,0.9961303342634201,0.992275642839753,0.17695867670701595,0.02223569148072317
Russell US Core Equity S,1.0992322218505244,0.9961606420995356,0.9923360248681591,0.17697029271839118,0.02220597207789361
Russell US Core Equity I,1.099742343900485,0.9961685963860918,0.9923518724258363,0.17705100942107216,0.022258418301198832
Russell US Core Equity Y,1.099717177180917,0.9961390419435316,0.992292990884177,0.177052207545938,0.02229700546174413
Russell US Core Equity E,1.0980818203476266,0.9961644756679504,0.9923436625828026,0.17678453560797996,0.022057351095315144
BlackRock International Opp Svc,1.231755064133971,0.9337872533101897,0.8719586344445883,0.2115470305672649,0.0843155025452762
BlackRock International Opp Inv A LW,1.231299504883339,0.9336710133057362,0.8717415610873602,0.2114951158346389,0.08432423014756227
BlackRock International Opp Inv A,1.231299504883339,0.9336710133057362,0.8717415610873602,0.2114951158346389,0.08432423014756227
BlackRock International Opp Instl,1.231118696750728,0.9335729089346286,0.8715583762966645,0.21148616669886316,0.08435720135598665
BlackRock International Opp Inv B,1.2305836308216864,0.9337242268949669,0.8718409318906037,0.2113600899678143,0.08420402121274595
BlackRock International Opp Inv C,1.2319370889059553,0.9339791830081879,0.8723171142926421,0.21153472614003252,0.08422931212970594
Janus Aspen Overseas Instl,1.3429826421040858,0.8544149287510834,0.7300248704727188,0.2520726121981134,0.14203370615029443
Berger IPT International,,,0,0,0
Janus Aspen Overseas Svc,1.3420934931703115,0.8542996508541549,0.729827893449531,0.2519397621887627,0.14195891473770347
Janus Aspen Overseas Svc II,,,0,0,0
LSV Value Equity,1.1214683698908392,0.983314767664322,0.9669079323067397,0.18290992767202713,0.03854918107401678
MFS New Discovery A,1.2575780653197142,0.9045194464840085,0.8181554290677372,0.22298518151352675,0.1036498647462458
MFS New Discovery C,1.2584886783827605,0.9046191231902243,0.8183357580414501,0.22312197100194045,0.10371837893469943
MFS New Discovery B,1.2584711014803407,0.9046552258028828,0.818401077572465,0.22310994644986773,0.10369688804886922
MFS New Discovery I,1.2601061508988607,0.9047199302365811,0.8185181521672843,0.223383822609856,0.10388071542957839
MFS New Discovery 529A,1.2601912302603377,0.9048547156737377,0.8187620564770006,0.2233655379299525,0.10382053498228382
MFS New Discovery 529B,1.2568358099453432,0.9042567097346492,0.8176801971001337,0.22291830066147805,0.10369022614427896
MFS New Discovery 529C,1.2568860655139422,0.9042231091409791,0.817619431104579,0.22293559565747467,0.10371471799168919
MFS New Discovery R,,,0,0,0
MFS New Discovery R2,1.2576407888471255,0.904698096567686,0.818478645933194,0.22295230863895255,0.10356350140484087
MFS New Discovery A Load Waived,1.2575780653197142,0.9045194464840085,0.8181554290677372,0.22298518151352675,0.1036498647462458
MFS New Discovery R1,1.2563844015714154,0.9045993414320953,0.8182999685193806,0.2227538717033255,0.10344859093066561
MFS New Discovery R2,,,0,0,0
MFS New Discovery R3,1.256513561863104,0.90409004177751,0.8173788036412597,0.22290228134110035,0.10373558648751942
MFS New Discovery R4,1.258080606774897,0.9045264870749204,0.8181681658200963,0.22307249937976903,0.10371310045297992
MFS New Discovery 529A Load Waived,1.2601912302603377,0.9048547156737377,0.8187620564770006,0.2233655379299525,0.10382053498228382
MFS New Discovery R5,,,0,0,0
Columbia Marsico 21st Century A LW,1.2307399912863293,0.9677748530328388,0.9365881661627327,0.20395200095305033,0.06328980773357397
Columbia Marsico 21st Century R,1.2291358828129209,0.9673741167639479,0.9358126817848283,0.20377055770166042,0.063357177742413
Columbia Marsico 21st Century C,1.2272801682087293,0.9676819797516514,0.9364084139360753,0.20339842305890998,0.06291255954348672
Columbia Marsico 21st Century Z,1.2291823810390874,0.9673121123963473,0.9356927227886835,0.20379140598322165,0.0634050727043755
Columbia Marsico 21st Century B,1.228818411836737,0.9672669657181928,0.9356053829696797,0.20374050338549768,0.063389350321402
Columbia Marsico 21st Century A,1.2307399912863293,0.9677748530328388,0.9365881661627327,0.20395200095305033,0.06328980773357397
Alger Spectra Z,1.1312940802650198,0.969736409980404,0.9403887048416821,0.18709406128307507,0.05028980316944597
Spectra A,,,0,0,0
Alger Spectra A,1.1328268388354084,0.9695799179364464,0.9400852172656462,0.1873778250112084,0.050561404204561476
Spectra A Load Waived,,,0,0,0
Alger Spectra A Load Waived,1.1328268388354084,0.9695799179364464,0.9400852172656462,0.1873778250112084,0.050561404204561476
Alger Spectra C,1.1313764299750741,0.9692844057790005,0.9395122592863503,0.18719505475321238,0.05062184373948425
Alger Spectra I,1.1317174456310368,0.9696447486845092,0.9402109386514451,0.18718199620594056,0.05039949789803089
MainStay ICAP Select Equity I,1.0185136542392108,0.9848850288281767,0.9699985200098786,0.1658570846533361,0.02887464228693537
MainStay ICAP Select Equity B,1.0180343130740794,0.9851225675286505,0.9704664730542405,0.1657391531034509,0.028622930251715514
MainStay ICAP Select Equity A LW,1.0186755934748473,0.9850157123866942,0.9702559536486668,0.1658614423399242,0.028755248824007273
MainStay ICAP Select Equity A,1.0186755934748473,0.9850157123866942,0.9702559536486668,0.1658614423399242,0.028755248824007273
MainStay ICAP Select Equity C,1.0189594872366239,0.9850305682516605,0.970285220390189,0.1659051588839803,0.028753523225126774
MainStay ICAP Select Equity R1,1.0188605398742474,0.9851404985374933,0.9705018018587009,0.1658705925334357,0.028642128681220937
MainStay ICAP Select Equity R2,1.0178637949160718,0.9848507145760739,0.9699309300010035,0.16575707251898023,0.028879031473291024
MainStay ICAP Select Equity R3,1.018987678782522,0.985030151482753,0.9702843993301351,0.16590981614606662,0.028755192968558708
MainStay ICAP Select Equity Inv,1.0187002463965509,0.9850563431189227,0.9703359991188246,0.1658586707948332,0.028716878964041837
Fidelity Small Cap Stock,1.4849546601578494,0.9394605393821851,0.8825861050562662,0.25349276273560667,0.11657154174512994
Fidelity Growth Discovery,1.146022831573873,0.9731958847393277,0.9471102300735628,0.18885672776694937,0.0493346917408478
Fidelity Growth Discovery K,1.1451292597830312,0.9729359024852865,0.9466042703448587,0.18875989091621256,0.04942985206529889
Columbia Marsico Focused Eq A,1.1444433740909612,0.9688020331746074,0.9385773794832533,0.1894415610590986,0.05234655902424496
Columbia Marsico Focused Eq B,1.1436679616388794,0.968334639068467,0.9376719732198582,0.18940463605280627,0.052593059054792175
Columbia Marsico Focused Eq C,1.1452882652257337,0.9688766043050014,0.9387218743695904,0.18956679799706236,0.0523849237445924
Columbia Marsico Focused Eq I,1.145122255355797,0.9689019230456243,0.9387709364815089,0.18953375553597884,0.0523490738282259
Nations Marsico Focused Equities R,,,0,0,0
Columbia Marsico Focused Eq Z,1.1452602803305012,0.9685342111399082,0.9380585181484044,0.18962917645396235,0.052623830728284526
Columbia Marsico Focused Eq A LW,1.1444433740909612,0.9688020331746074,0.9385773794832533,0.1894415610590986,0.05234655902424496
Columbia Marsico Growth A Load Waived,1.1537339818657864,0.9700538097792498,0.9410043938672371,0.19073382095300892,0.05247158725600432
Columbia Marsico Growth R,1.153030599098442,0.9699808886379001,0.9408629243227705,0.19063191849952893,0.052445841284051345
Columbia Marsico Growth B,1.1521493566731624,0.9699214829657747,0.9407476831185276,0.19049790123482777,0.05239095848898974
Nations Marsico Growth R,,,0,0,0
Columbia Marsico Growth I,1.1527547643817797,0.970668836247399,0.9421979896618796,0.1904506270361321,0.05192220762741857
Columbia Marsico Growth W,1.1533155661461363,0.9702719446033182,0.9414276464843048,0.19062180324317046,0.052269198720492044
Columbia Marsico Growth Z,1.1552889231798509,0.9700164862540984,0.9409319836047476,0.19099811199894398,0.05267082232338888
Columbia Marsico Growth C,1.1523396769270022,0.9701982201173394,0.9412845863188534,0.19047513021954707,0.052214101966455664
Columbia Marsico Growth A,1.1537339818657864,0.9700538097792498,0.9410043938672371,0.19073382095300892,0.05247158725600432
Wells Fargo Advantage Small Cap Val Inv,1.0306359038366637,0.8602824800013608,0.7400859453972916,0.1921250995978736,0.09805760162526049
Wells Fargo Advantage Small Cap Val Adm,1.0308069863818843,0.8606123792236466,0.7406536672729858,0.1920832131507203,0.09793085933716218
Wells Fargo Advantage Small Cap Value C,1.0304575278753099,0.8601318542278317,0.739826806657408,0.19212536927467788,0.09810511863753177
Strong Advisor Small Cap Value L,,,0,0,0
Wells Fargo Advantage Small Cap Value A,1.031270202802713,0.8603486803618116,0.7401998518003106,0.19222847962289907,0.09809396779412025
Wells Fargo Advantage Small Cap Value B,1.0296965202587132,0.8597761363504939,0.739215004637783,0.19206294458297304,0.09818226864762244
Wells Fargo Advantage Small Cap Val A LW,1.031270202802713,0.8603486803618116,0.7401998518003106,0.19222847962289907,0.09809396779412025
Wells Fargo Advantage Small Cp Val Instl,1.0309482087622364,0.8601391271220948,0.7398393180063592,0.19221530423776426,0.09815248272806669
Prudential Global Real Estate R,1.1046513619059624,0.916918798628084,0.8407400832775689,0.19321646611320806,0.07889623402865793
Prudential Global Real Estate A LW,1.1053828125553313,0.9168093744882483,0.8405394291495331,0.1933674984967194,0.07902758208490188
Prudential Global Real Estate C,1.1037820913716012,0.9167419095851551,0.8404157287898366,0.19310173030421823,0.07889858788113775
Prudential Global Real Estate A,1.1053828125553313,0.9168093744882483,0.8405394291495331,0.1933674984967194,0.07902758208490188
Prudential Global Real Estate B,1.1031223634086589,0.9168784768324246,0.8406661412785471,0.19295760713456797,0.07876090605617013
Prudential Global Real Estate Z,1.1058022997999837,0.9172871930482992,0.8414157945304277,0.19334001512360596,0.07882387847672206
Fidelity Advisor Diversified Intl I,1.206990612502972,0.9483180003950311,0.8993070298732303,0.20412208155003778,0.07276962021250351
Fidelity Advisor Diversified Intl C,1.2041550173218152,0.9483794125451185,0.8994235101394241,0.20362959236862166,0.07239055440956696
Fidelity Advisor Diversified Intl B,1.2059052935018664,0.9482173726887789,0.8991161858688106,0.2039602156365066,0.07269925645431714
Fidelity Advisor Diversified Intl T,1.2055648726559478,0.9485432754644052,0.8997343454287425,0.2038326073314835,0.0724614274926513
Fidelity Advisor Diversified Intl A,1.2074728227640301,0.948338363360695,0.8993456514216416,0.20419921442267153,0.07281564219947655
Fidelity Advisor Diversified Intl A LW,1.2074728227640301,0.948338363360695,0.8993456514216416,0.20419921442267153,0.07281564219947655
Lord Abbett Small Cap Value A,1.3429077509559664,0.9367738781895989,0.8775452988583815,0.2298926046542012,0.09743362574168266
Lord Abbett Small Cap Value C,1.3414931615089207,0.9368020582008786,0.8775980962494023,0.22964361624908322,0.09721946290574252
Lord Abbett Small Cap Value I,1.3418836942310028,0.9368075862038459,0.8776084535690761,0.22970915210311535,0.0972708639335918
Lord Abbett Small Cap Value B,1.341143691945851,0.9365830594859683,0.8771878273160968,0.2296374803728935,0.09729735063878542
Lord Abbett Small Cap Value A LW,1.3429077509559664,0.9367738781895989,0.8775452988583815,0.2298926046542012,0.09743362574168266
Lord Abbett Small Cap Value P,1.3420204043419872,0.9371224562885435,0.878198498080273,0.22965531175837264,0.09710762035419503
Lord Abbett Small Cap Value F,1.3426665353811995,0.9369227296862633,0.8778242014027589,0.2298148219610536,0.09731368977968495
Lord Abbett Small Cap Value R2,1.3427728253153217,0.9368751649277195,0.8777350746583417,0.22984470227460785,0.09735610475122465
Lord Abbett Small Cap Value R3,1.3415717321884113,0.936911716061659,0.8778035636936028,0.2296301794802657,0.09716695752392324
MFS Research International 529A LW,1.1545480878365244,0.9366929952705731,0.877393767388958,0.1976797619173941,0.07350656802110887
MFS Research International R5,1.1533423167096293,0.93666911547833,0.8773490318909571,0.19747847403144597,0.07338705718765141
MFS Research International 529A,1.1545480878365244,0.9366929952705731,0.877393767388958,0.1976797619173941,0.07350656802110887
MFS Research International 529B,1.1536732291808485,0.9362647176600225,0.8765916215350018,0.1976203639144817,0.07365267809759081
MFS Research International 529C,1.1532480214984524,0.9368257515739503,0.8776424888120969,0.19742935791596156,0.07328780974597539
MFS Research International R,,,0,0,0
MFS Research International R2,1.1505830026751263,0.936347354548218,0.8767463683694464,0.19707396982390626,0.07326606326746311
MFS Research International C,1.152038799556503,0.9360234810056375,0.8761399569939108,0.19739147112483404,0.07360908369682698
MFS Research International A LW,1.153059509932173,0.9363768016831256,0.8768015147303196,0.19749177844194182,0.07352154622235903
MFS Research International R1,1.1527414023644416,0.9361492749965653,0.8763754650765948,0.19748515130822436,0.07361528205092044
MFS Research International R2,,,0,0,0
MFS Research International R3,1.1546365403642178,0.9365773279673677,0.8771770912624942,0.19771938758568683,0.07358194509365473
MFS Research International R4,1.1540363978970933,0.9367239365565414,0.8774517333179834,0.19758579214454783,0.07343251061701031
MFS Research International I,1.153446063713778,0.9365862369889545,0.8771937793171302,0.19751380350999628,0.07344548420505803
MFS Research International A,1.153059509932173,0.9363768016831256,0.8768015147303196,0.19749177844194182,0.07352154622235903
MFS Research International B,1.1521661453984162,0.9367436137713038,0.8774885979413216,0.1972615415382655,0.07321535102240317
SEI Instl Mgd Tax-Managed Large Cap A,1.0397616926335547,0.9972841917055617,0.9945757590258155,0.16720597001584062,0.013865146097037368
SEI Instl Mgd Tax-Managed Large Cap Y,1.0385994626156632,0.9972698415286335,0.9945471368225458,0.16702153841397738,0.013797264600326715
Transamerica WMC Diversified Gr I2,,,0,0,0
Transamerica WMC Diversified Gr A LW,,,0,0,0
Transamerica WMC Diversified Gr C,,,0,0,0
Transamerica WMC Diversified Gr A,,,0,0,0
Transamerica WMC Diversified Gr M,,,0,0,0
Transamerica WMC Diversified Gr B,,,0,0,0
Transamerica WMC Diversified Gr C2,,,0,0,0
Transamerica WMC Diversified Gr P,,,0,0,0
Transamerica WMC Diversified Gr I,,,0,0,0
Transamerica Premier Equity Inv,,,0,0,0
Transamerica WMC Diversified Gr T,,,0,0,0
Hartford Midcap I,1.1426400529366447,0.9556382653109671,0.9132444941265544,0.19175850905629838,0.06092636139924905
Hartford Midcap R3,1.1438935440956097,0.9557423463534491,0.9134434326131964,0.19194790620018878,0.06099371581671267
Hartford Midcap R5,1.1456238246231467,0.956101897003272,0.9141308374532554,0.19216590401424025,0.06095067891335154
Hartford Midcap R4,1.1422360475828615,0.9559376467293842,0.913816784434513,0.1916307365275531,0.06069435114555711
Hartford Midcap C,1.1428758859698112,0.9559026556254819,0.9137498870318487,0.19174511456893126,0.06078429368883521
Hartford Midcap Y,1.14340419542232,0.9557415031650914,0.9134418208722684,0.19186595334901915,0.06094224108974238
Hartford Midcap A,1.1416228279043734,0.9558096170524342,0.9135720240499208,0.19155361533469326,0.060710436634342176
Hartford Midcap B,1.1435877464311568,0.9557786884792829,0.9135129013511782,0.19188920603845086,0.06093824443338322
Hartford Midcap A Load Waived,1.1416228279043734,0.9558096170524342,0.9135720240499208,0.19155361533469326,0.060710436634342176
Eaton Vance Parametric Tx-Mgd Em Mkts I,1.1174062041994415,0.8671471593907185,0.7519441960393922,0.20666445257546828,0.10461585051567336
Nationwide S&P 500 Index Local,,,0,0,0
Nationwide S&P 500 Index A,1.0021971705629678,0.9999537783895525,0.9999075589155422,0.16073746442224052,0.0015847764997596612
Nationwide S&P 500 Index Svc,1.0008272922066395,0.9999519595193607,0.9999039213466092,0.16051807902282594,0.001578660261167826
Nationwide S&P 500 Index Instl,1.002904823972472,0.9999623124783624,0.9999246263770742,0.16084944533852855,0.0014718265480105253
Nationwide S&P 500 Index Instl Svc,0.9986343062515419,0.9999391860009788,0.9998783757002999,0.16016849568927596,0.0017795610507463158
Nationwide S&P 500 Index A Load Waived,1.0021971705629678,0.9999537783895525,0.9999075589155422,0.16073746442224052,0.0015847764997596612
Nationwide S&P 500 Index R2,0.9976435137762975,0.999980233694334,0.9999604677793748,0.16000302303480812,0.0010744424196054516
Nationwide S&P 500 Index C,0.9990710316755543,0.9999550669838791,0.9999101359867343,0.16023607279763877,0.0015259642203881302
Nationwide S&P 500 Index B,1.0005675833313679,0.9999590980733638,0.9999181978196953,0.16047516924021163,0.0014539706084669402
Transamerica WMC Diversified Equity P,,,0,0,0
Transamerica Premier Core Equity M,,,0,0,0
Transamerica Premier Diversified Eq A,,,0,0,0
Transamerica Diversified Equity A,,,0,0,0
Transamerica Diversified Equity B,,,0,0,0
Transamerica Diversified Equity C,,,0,0,0
Transamerica Diversified Equity I2,,,0,0,0
Transamerica Diversified Equity A LW,,,0,0,0
Transamerica Diversified Equity I,,,0,0,0
Transamerica Diversified Equity T,,,0,0,0
Columbia Acorn Select I,1.333224732053315,0.9433582257044312,0.8899247420042126,0.2266490013843524,0.09223655487862509
Columbia Acorn Select Z,1.3340345144032744,0.9431439674904715,0.8895205434136675,0.22683822964486114,0.09247543713335629
Columbia Acorn Select A Load Waived,1.3349117402874313,0.9430354784540423,0.8893159136230446,0.22701351451357124,0.0926613286181103
Columbia Acorn Select C,1.3332719573404799,0.9429184492795764,0.889095201991801,0.22676276717952745,0.09250247790850792
Columbia Acorn Select A,1.3349117402874313,0.9430354784540423,0.8893159136230446,0.22701351451357124,0.0926613286181103
Columbia Acorn Select B,1.3346974257982247,0.9431692115990811,0.8895681617084322,0.226944700958091,0.09255267353549494
Munder Mid-Cap Core Growth K,1.0540455350876394,0.9482877820896735,0.8992497176605521,0.17826691894845342,0.05723155744835602
Munder Mid-Cap Core Growth A LW,1.0543511283273412,0.9485869300034815,0.8998171637734298,0.1782623647846636,0.05707990297238392
Munder Mid-Cap Core Growth R,1.0546275375934515,0.9485093495320713,0.8996699861497531,0.17832365611875073,0.05714680605447107
Munder Mid-Cap Core Growth R6,,,0,0,0
Munder Mid-Cap Core Growth B,1.0537038450729248,0.9485010743298226,0.8996542880048275,0.17816902307276944,0.05708024702536063
Munder Mid-Cap Core Growth A,1.0543511283273412,0.9485869300034815,0.8998171637734298,0.1782623647846636,0.05707990297238392
Munder Mid-Cap Core Growth C,1.0542541330037147,0.9487108220291416,0.9000522238352096,0.17822260167588144,0.05699969374116889
Munder Mid-Cap Core Growth Y,1.0549352892736672,0.9486357873621993,0.8999098570642998,0.17835185959253422,0.05709648384891681
Prudential Jennison 20/20 Focus C,1.1384116204604762,0.946570383895802,0.8959954916686458,0.19287050939165226,0.06603261400770509
Prudential Jennison 20/20 Focus A,1.1408086323585118,0.9464156461788409,0.895702575332113,0.19330810769978288,0.06637794549754997
Prudential Jennison 20/20 Focus Z,1.1381673385469793,0.9455883389036828,0.8941373066706261,0.19302929100039562,0.06658949111305132
Prudential Jennison 20/20 Focus Q,1.141058160108627,0.9465880965290004,0.8960290244903962,0.1933147604808132,0.06630179736098231
Prudential Jennison 20/20 Focus B,1.1389249963781964,0.9457741659921258,0.8944887730581011,0.19311978137937755,0.06655940256914226
Prudential Jennison 20/20 Focus A LW,1.1408086323585118,0.9464156461788409,0.895702575332113,0.19330810769978288,0.06637794549754997
Prudential Jennison 20/20 Focus R,1.1396369611946202,0.9462716710136831,0.8954300753630281,0.1931389592925516,0.06633950166909534
SunAmerica Focused Dividend Strateg A LW,0.8124746137829764,0.9315124385269006,0.8677154231303327,0.1398813918336858,0.05908926271642396
SunAmerica Focused Dividend Strategy C,0.8116786657992973,0.9312292381395986,0.8671878939660573,0.1397871568971287,0.05921182700756344
SunAmerica Focused Dividend Strategy A,0.8124746137829764,0.9315124385269006,0.8677154231303327,0.1398813918336858,0.05908926271642396
SunAmerica Focused Dividend Strategy B,0.8119322802671841,0.9317424470886335,0.868143987706715,0.13975374582872,0.059022727312876604
Russell International Developed Mkts I,1.2275619787411531,0.9443657770299737,0.8918267208254261,0.20847073278606187,0.07765809835823888
Russell International Developed Mkts E,1.2265721652765056,0.9441063334013978,0.8913367687686313,0.20835998519971607,0.07768841003092081
Russell International Developed Mkts Y,1.2255834636834955,0.9437720768702096,0.8907057330799087,0.20826594211897143,0.07776304802971405
Russell International Developed Mkts A,1.225974921573766,0.9437169255123943,0.890601635498566,0.20834449826437507,0.0778443004362695
Russell International Developed Mkts C,1.2286085117964762,0.9446188799091777,0.8923048282808694,0.20859245207096055,0.0776386089461772
Russell International Developed Mkts S,1.2291869118987484,0.9443786282691153,0.8918509935314559,0.2087436708813116,0.07785323545228943
Russell International Developed Mkt A LW,1.225974921573766,0.9437169255123943,0.890601635498566,0.20834449826437507,0.0778443004362695
Fidelity Advisor Stock Selector Mid Cp T,1.1304612126237252,0.95348509675337,0.9091338297307834,0.19013930404612073,0.061004638909887124
Fidelity Advisor Stock Selector Mid A LW,1.1315235513777373,0.9533459052452689,0.9088684150479212,0.19034577488195353,0.06120025036333166
Fidelity Stock Selector Mid Cp,,,0,0,0
Fidelity Advisor Stock Selector Mid Cp A,1.1315235513777373,0.9533459052452689,0.9088684150479212,0.19034577488195353,0.06120025036333166
Fidelity Advisor Stock Selector Mid Cp C,1.1308824050975868,0.9534010562552095,0.9089735740685492,0.1902267759031254,0.06110008314106961
Fidelity Advisor Stock Selector Mid Cp B,1.1285626980505838,0.9532711398923861,0.9087258661517292,0.18986269011801635,0.06094318676225696
Fidelity Advisor Stock Selector Mid Cp I,1.13030656261823,0.9538594238334686,0.9098478004359165,0.1900387363426397,0.06075589102121154
Janus Global Select T,1.3014458074660942,0.9149919923457613,0.8372103460568658,0.22810866512406858,0.10394162083019304
Janus Global Select D,1.2999141121037996,0.9159970532067258,0.8390506014834053,0.2275903607678746,0.10318160891299331
Janus Global Select A Load Waived,1.300766116581462,0.915789487046458,0.8386703845848147,0.22779114977918236,0.10341197179000071
Janus Global Select A,1.300766116581462,0.915789487046458,0.8386703845848147,0.22779114977918236,0.10341197179000071
Janus Global Select C,1.2994080090811806,0.9157801917804511,0.8386533596574398,0.22755579959233527,0.10323112304375162
Janus Global Select I,1.299656344749258,0.9147126873556763,0.8366993004094432,0.22786474469108306,0.10384901751328178
Janus Global Select R,1.2992160803816055,0.9149037988858184,0.837048961215702,0.22773988830968148,0.10368428404987168
Janus Global Select S,1.3009382595526504,0.9166638906205483,0.8402726883676004,0.22760405302060274,0.10295618878966177
Fidelity Select Medical Equip & Systems,0.7882859650211372,0.7928051337532505,0.6285399801055094,0.15946135803751565,0.10292878237624813
American Century Real Estate Inv,1.1150733157678225,0.8431474936987663,0.7108976961305111,0.21209333851966822,0.11550362231493867
American Century Real Estate Instl,1.1130198488423997,0.8430418063633345,0.7107194872763539,0.21172932589569007,0.11529284440100306
American Century Real Estate A,1.112791914500557,0.8433937971226491,0.7113130970249602,0.21159765040107062,0.11510179683449033
American Century Real Estate A LW,1.112791914500557,0.8433937971226491,0.7113130970249602,0.21159765040107062,0.11510179683449033
American Century Real Estate B,,,0,0,0
American Century Real Estate C,1.1144439931181094,0.8442393476370355,0.7127400760986071,0.21169944951632297,0.11491993943789197
American Century Real Estate R,1.1116774861376018,0.8435388282498237,0.7115577547650855,0.21134951519106313,0.11489458396742144
GMO Currency Hedged Intl Equity IV,,,0,0,0
GMO Currency Hedged Intl Equity III,0.7236991181619238,0.8933527120823461,0.7980790681848832,0.12993790799634666,0.07327856521245811
Columbia Small Cap Index Z,1.1983000704398934,0.9309008553834622,0.8665764025536616,0.20643808318084464,0.08182436727021684
Columbia Small Cap Index A,1.1990737353863925,0.9313463701300826,0.8674060611544807,0.20647251937794298,0.0816680613392035
Nations Small Cap Index Inv C,,,0,0,0
Columbia Small Cap Index B,1.198854819793266,0.9315452443799801,0.867776542326957,0.20639076689412772,0.08153024901391888
Columbia Small Cap Index R4,1.1995883151302091,0.9314290309251605,0.8675600396501835,0.20654275675526987,0.0816837029229839
Columbia Small Cap Index I,1.1994052691148596,0.9313661464501491,0.8674428987534006,0.20652512302322631,0.08169689864399761
Virtus Emerging Markets Opportunities I,0.8379280337677469,0.7615216686932024,0.5799152518892794,0.17646613400109298,0.11726923243260112
Virtus Emerging Markets Opportunities A,0.8383808601872392,0.7603260173413946,0.5780956526462266,0.17683892499338377,0.11773074295657583
Virtus Emerging Markets Opportunities N,,,0,0,0
Harris Insight Emerging Markets B,,,0,0,0
Virtus Emerging Markets Opportuniti A LW,0.8383808601872392,0.7603260173413946,0.5780956526462266,0.17683892499338377,0.11773074295657583
Virtus Emerging Markets Opportunities C,0.8321809785699354,0.7591455724772808,0.5763020002118583,0.17580446323406554,0.11753534027728446
Russell Global Real Estate Secs A,1.13382279947843,0.8736876919502939,0.7633301830654318,0.20813007180447798,0.10348100004173161
Russell Global Real Estate Secs A LW,1.13382279947843,0.8736876919502939,0.7633301830654318,0.20813007180447798,0.10348100004173161
Russell Global Real Estate Secs Y,1.1353946918081461,0.8738990624181384,0.7636995712953013,0.2083680767186119,0.10356944626703607
Russell Global Real Estate Secs C,1.1336368016280638,0.873738375888914,0.7634187495009972,0.2080838613469105,0.10343430112069067
Russell Global Real Estate Secs S,1.1341773055790116,0.8739176638772289,0.7637320832366332,0.2081403942983641,0.10341358285412948
Russell Global Real Estate Secs E,1.1350561291366479,0.8738386638470892,0.7635940104340662,0.20832041775654545,0.10355750544275619
Eaton Vance Tx-Mgd Value A,1.0081042530114595,0.9929289636916192,0.9859079269377129,0.16282347144412623,0.019369163441863436
Eaton Vance Tx-Mgd Value C,1.006113382796329,0.992992821050839,0.9860347426585033,0.1624916492724109,0.01922415086727902
Eaton Vance Tx-Mgd Value A Load Waived,1.0081042530114595,0.9929289636916192,0.9859079269377129,0.16282347144412623,0.019369163441863436
Eaton Vance Tx-Mgd Value B,,,0,0,0
Eaton Vance Tax-Mgd Value D,,,0,0,0
Eaton Vance Tx-Mgd Value I,1.00803984155195,0.9927375418273958,0.9855278269535005,0.16284448830081735,0.01962932176267845
GMO Global Equity Allocation III,0.9459014371037873,0.9529156120703342,0.9080481637273795,0.15919788243988045,0.04903786563943068
T. Rowe Price Health Sciences,0.8672466051102928,0.8505886465309963,0.7235010456074322,0.16350577494552732,0.08856212720333353
Hotchkis and Wiley Mid-Cap Value I,1.4859662076780416,0.9351912816694368,0.8745827333105238,0.25481669873079893,0.11921866258422875
Hotchkis and Wiley Mid-Cap Value A LW,1.4830801952587747,0.9352839864775027,0.8747561353612493,0.25429672240029905,0.11872983968477906
Hotchkis and Wiley Mid-Cap Value C,1.480770595450022,0.9350327885298801,0.8742863156259635,0.2539689657281701,0.11852836656093359
Hotchkis and Wiley Mid-Cap Value A,1.4830801952587747,0.9352839864775027,0.8747561353612493,0.25429672240029905,0.11872983968477906
Hotchkis and Wiley Mid-Cap Value B,,,0,0,0
Hotchkis and Wiley Mid-Cap Value R,1.4828648687643755,0.9347170879594325,0.8736960345233616,0.254413935139625,0.11902728379453614
Schwab Total Stock Market Index Inv,,,0,0,0
Schwab Total Stock Market Index,1.0305781973623453,0.9980765599891188,0.9961568195997131,0.1656003817564463,0.011375015835714777
Ivy Mid Cap Growth C,1.1011101012803932,0.9386911133267609,0.8811410062386339,0.188135979523531,0.06684160585747188
Ivy Mid Cap Growth A,1.102481337963115,0.9382170027265028,0.8802511442051025,0.18846526918839573,0.06724069151894699
Ivy Mid Cap Growth Y,1.104805728807855,0.9381265829013314,0.8800814855461288,0.18888085701528484,0.06751678507568463
Ivy Mid Cap Growth B,1.103151550011955,0.9384198908129321,0.8806318914733553,0.1885389818378596,0.06719119213647759
Ivy Mid Cap Growth A Load Waived,1.102481337963115,0.9382170027265028,0.8802511442051025,0.18846526918839573,0.06724069151894699
Ivy Mid Cap Growth R,1.1040798072810647,0.9388524850684176,0.8814439887191433,0.18861084017371776,0.06703695366129256
Ivy Mid Cap Growth I,1.1032151359835596,0.9382818324116851,0.8803727970338293,0.1885777819881953,0.0672751081098641
Ivy Mid Cap Growth E,1.102954057815345,0.9383411761396114,0.8804841628390693,0.18852144671841878,0.0672164445897381
Fidelity Advisor Small Cap A LW,1.1325233794069398,0.9443231572428001,0.8917462253050102,0.19233925406904454,0.06674398651083463
Fidelity Advisor Small Cap C,1.131232443315072,0.9441459543753282,0.8914115831632992,0.19215604515220808,0.0667138308083371
Fidelity Advisor Small Cap I,1.1327713325295659,0.9444268743300644,0.8919421209568554,0.19236022433360328,0.06670891030906198
Fidelity Advisor Small Cap A,1.1325233794069398,0.9443231572428001,0.8917462253050102,0.19233925406904454,0.06674398651083463
Fidelity Advisor Small Cap T,1.1306010402568043,0.9441006730191798,0.8913260807952681,0.19205811468525774,0.06667494644954015
Fidelity Advisor Small Cap B,1.1308847188751152,0.9446097283901885,0.8922875389693857,0.19200279497304026,0.06640569665760108
MassMutual Select Mid Cap Gr Eq II L,1.0878025501903315,0.9584832274612852,0.9186900973246018,0.18202250012260307,0.05376717232528644
MassMutual Select Mid Cap Gr Eq II A,1.0897263653384204,0.9588142494959537,0.9193247650364892,0.18228120048980417,0.05372410257585021
MassMutual Select Mid Cap Gr Eq II S,1.088479174250166,0.9585262884789706,0.9187726457052707,0.1821274986357255,0.05379913762458775
MassMutual Select Mid Cap Gr Eq II Y,1.0889916018049528,0.9584872318455679,0.9186977736109795,0.1822206329687351,0.053869529419429324
MassMutual Select Mid Cap Gr Eq II Z,1.0883158504889674,0.959041563516858,0.9197607205528597,0.1820017636535487,0.05345269074909585
MassMutual Select Mid Cap Gr Eq II A LW,1.0897263653384204,0.9588142494959537,0.9193247650364892,0.18228120048980417,0.05372410257585021
MassMutual Select Mid Cap Gr Eq II N,1.0898190495947089,0.9584950192519399,0.9187127019307766,0.18235754826479056,0.05393785515452813
Gabelli Utilities A Load Waived,0.5971536138186865,0.8924033888995049,0.7963838085193209,0.10734034595902042,0.08072517039398497
Gabelli Utilities A,0.5971536138186865,0.8924033888995049,0.7963838085193209,0.10734034595902042,0.08072517039398497
Gabelli Utilities B,0.5934097261056993,0.8923796433147472,0.7963414278025555,0.10667157388286544,0.08102945157007625
Gabelli Utilities C,0.5987243603983786,0.8941871432787877,0.7995706472050792,0.10740861265181892,0.08031376285438553
Gabelli Utilities AAA,0.5980068332360151,0.8975058664146001,0.8055167802486218,0.10688352467409425,0.07984172201316624
Gabelli Utilities I,0.5971845900582519,0.8935504704681033,0.7984324432737686,0.10720872325988084,0.08053951250087836
Legg Mason ClearBridge Mid Cap Core R,1.2297486803316255,0.9474069501762872,0.8975799292423339,0.20816190535923915,0.07611701075027655
Legg Mason ClearBridge Mid Cap Core IS,1.2289625503259916,0.9473949888214941,0.8975572648440788,0.20803150913716595,0.0760259808515609
Legg Mason ClearBridge Mid Cap Core A,1.2280817289856096,0.9469552839841285,0.8967243098654615,0.2079788546556429,0.07617990776910492
Legg Mason ClearBridge Mid Cap Core C,1.2241684477421202,0.946467984010438,0.8958016447567827,0.20742326687185014,0.0759849726282218
Legg Mason ClearBridge Mid Cap Core I,1.2295509129640678,0.9476025023491965,0.897950502458459,0.20808548858307227,0.0759747706975991
Legg Mason ClearBridge Mid Cap Core B,1.2175857255484748,0.94468058965602,0.8924214164728457,0.2066986905235569,0.07623679232114523
Legg Mason ClearBridge Mid Cap Core A LW,1.2280817289856096,0.9469552839841285,0.8967243098654615,0.2079788546556429,0.07617990776910492
Legg Mason ClearBridge Mid Cap Core 1,1.2299473177025109,0.9477007246000053,0.8981366634073751,0.2081308478105835,0.0759652530377484
BlackRock US Opportunities Inv A LW,1.1996669980862305,0.9634397005422558,0.9282160565809515,0.19970639001701976,0.06234283837390971
BlackRock US Opportunities Svc,1.2005828389251425,0.9637475807351732,0.9288093993728992,0.1997949593202226,0.06224885441270155
BlackRock US Opportunities Inv B,1.1988045385368369,0.9632970873655832,0.9279412785270159,0.1995923871691558,0.062333523010524756
BlackRock US Opportunities Instl,1.1996048708664757,0.9635212530665984,0.9283732051110278,0.19967915399653371,0.06228120160147614
BlackRock US Opportunities Inv A,1.1996669980862305,0.9634397005422558,0.9282160565809515,0.19970639001701976,0.06234283837390971
BlackRock US Opportunities Inv C,1.1994359947760853,0.9635862546469096,0.928498470144459,0.19963754213678542,0.06221765528183337
Russell Emerging Markets C,1.272966148009141,0.8703030816574004,0.7574274539423679,0.23456911955113338,0.1235254117233855
Russell Emerging Markets E,1.2741026792549541,0.8702424248233941,0.7573218779625007,0.23479485326336794,0.12371754602039468
Russell Emerging Markets S,1.2746650284436902,0.8707496291509128,0.7582049166664521,0.23476171771290055,0.1235375743715382
Russell Emerging Markets Y,1.2753491508468802,0.870279327984826,0.7573861087177203,0.2350145535250613,0.12387549499453146
Russell Emerging Markets A Load Waived,1.2751737625270023,0.8703377916636534,0.7574878715979649,0.23496648903595696,0.12382066040850562
Russell Emerging Markets A,1.2751737625270023,0.8703377916636534,0.7574878715979649,0.23496648903595696,0.12382066040850562
DFA Tax-Managed International Value,1.3308014463882898,0.9324541308256478,0.8694707060938143,0.22889523404087583,0.09823114805371295
Oppenheimer Main Street Sm & Mid Cap A,1.22227604196633,0.9484735549242234,0.8996020843905937,0.20666398028463198,0.07454532191766805
Oppenheimer Main Street Sm & Mid Cap C,1.221107309015331,0.9483238158244982,0.8993180596599369,0.20649892270486547,0.07449125376306362
Oppenheimer Main Street Sm & Mid Cap Y,1.2216984895036263,0.9484978148532219,0.8996481047813369,0.2065611284885093,0.07445925108296803
Oppenheimer Main Street Sm & Mid Cap B,1.2193415105779073,0.9483138549564205,0.899299167502307,0.20620261281145294,0.07427946906699244
Oppenheimer Main Street Sm & Mid Ca A LW,1.22227604196633,0.9484735549242234,0.8996020843905937,0.20666398028463198,0.07454532191766805
Oppenheimer Main Street Sm & Mid Cap N,1.2224583092947878,0.9486333234159134,0.8999051822951211,0.20665988077707825,0.07447135345078607
Wasatch Large Cap Value Institutional,1.024247958663917,0.9899958789866801,0.9800918404106091,0.16592797347104554,0.023727614817946982
Wasatch Large Cap Value Investor,1.0241951144858228,0.9899589873037676,0.9800187965435011,0.16592560017815983,0.023768221077156176
Goldman Sachs Growth Opportunities A LW,1.1227542144405565,0.9547505016464083,0.9115485203940682,0.18859258788811903,0.059433411333135
Goldman Sachs Growth Opportunities C,1.1233394516174164,0.9548065108004719,0.9116554730669716,0.18867975479199667,0.05945701948737904
Goldman Sachs Growth Opportunities A,1.1227542144405565,0.9547505016464083,0.9115485203940682,0.18859258788811903,0.059433411333135
Goldman Sachs Growth Opportunities I,1.122652017710523,0.954410441862306,0.9108992915358022,0.18864263089745623,0.05963597767979533
Goldman Sachs Growth Opportunities B,1.1226397395421281,0.9546610061873466,0.9113776367346371,0.18859111696154346,0.05947799686057262
Goldman Sachs Growth Opportunities Svc,1.1228473925739613,0.9550804815029407,0.912178726147889,0.1885430944408501,0.0592357355181353
Goldman Sachs Growth Opportunities R,1.1221522433857924,0.9547679210985904,0.9115817831589241,0.18848819027832714,0.05936221482934121
Goldman Sachs Growth Opportunities IR,1.1220142440953178,0.9545958279540699,0.9112531947473163,0.18849886644441657,0.059456180384394985
DFA Tax-Managed US Small Cap,1.2596531099273869,0.9246481862870197,0.8549742684038751,0.2184776339317915,0.09302376340933177
Royce Special Equity Instl,0.9389915987570618,0.9249403208405849,0.8555145971166841,0.1628055324328925,0.06264371114403987
Royce Special Equity Consult,0.9388658108312099,0.9252262980011283,0.8560437025128728,0.16273355218448052,0.0625078433772267
Royce Special Equity Svc,0.9401128835288696,0.9246660391495855,0.8550072839565828,0.16304834514347635,0.06281447413533801
Royce Special Equity Invmt,0.9394374594987284,0.9249157790379203,0.8554691983133231,0.1628872381364868,0.06267284215361318
American Century Small Cap Value Inv,1.1795587667342247,0.9350287107963549,0.8742786900134933,0.20232026630060612,0.07728562764368041
American Century Small Cap Value Instl,1.1773071874026249,0.9360110599365804,0.8761167043236007,0.20172230413681838,0.07646749057190563
American Century Small Cap Value A,1.178750438202885,0.9350418285915528,0.8743032212158348,0.2021787494035577,0.07718437170090847
American Century Small Cap Value A LW,1.178750438202885,0.9350418285915528,0.8743032212158348,0.2021787494035577,0.07718437170090847
American Century Small Cap Value C,1.1753299479494057,0.9349366605162052,0.8741065591771939,0.20161498761966012,0.0768483205184268
American Century Small Cap Value R,1.1796151658245484,0.9353235087859945,0.8748300660877442,0.2022661322653489,0.07712515800961385
American Century Sm Cap Value C,,,0,0,0
Matthews China Instl,1.032226459244406,0.7553473261214062,0.5705495830787579,0.21915464840480112,0.14368861815599626
Matthews China Investor,1.032543903811992,0.7554962817737991,0.5707746317740358,0.2191788710238464,0.14366867822650703
MFS International New Discovery A,1.0682631450361066,0.91714678381467,0.841158223061593,0.18680699598180214,0.07523566851427144
MFS International New Discovery I,1.0685450810815984,0.9170968369598423,0.8410666083617477,0.18686645010605812,0.07528694408655588
MFS International New Discovery R5,,,0,0,0
MFS International New Discovery C,1.0663719988716955,0.9166155908851259,0.8401841414536885,0.18658434958596273,0.07532965501122889
MFS International New Discovery B,1.067567343629382,0.9173585393432911,0.8415466897060565,0.1866422026740607,0.07506450586445347
MFS International New Discovery R2,1.0681936614521244,0.9176819759761011,0.8421402090314015,0.18668590352293774,0.07495847504262929
MFS International New Discovery R,,,0,0,0
MFS International New Discovery 529A,1.0694345381120391,0.9174609876312595,0.8417346638253261,0.18694768606652015,0.0751849092455863
MFS International New Discovery 529C,1.0682223581601333,0.9172766362526426,0.8413964274149628,0.18677340422216102,0.07516625093364834
MFS International New Discovery 529B,1.0669115599391508,0.9169606044719797,0.8408167501536183,0.18660843681095063,0.07520523510675113
MFS International New Discovery R1,1.0680798957180981,0.9172269971722183,0.8413053643415647,0.1867586014703381,0.07517821647408432
MFS International New Discovery R2,,,0,0,0
MFS International New Discovery R3,1.0696474894170331,0.9178382792138865,0.8424271067903084,0.1869079862672629,0.07501338827843364
MFS International New Discovery R4,1.0682337391346908,0.9170892028644139,0.8410526060104861,0.18681350800053179,0.07526205977040046
MFS International New Discovery A LW,1.0682631450361066,0.91714678381467,0.841158223061593,0.18680699598180214,0.07523566851427144
MFS International New Discovery 529A LW,1.0694345381120391,0.9174609876312595,0.8417346638253261,0.18694768606652015,0.0751849092455863
Goldman Sachs Large Cap Value R,1.0999846468289585,0.9860509148517714,0.9722964066800154,0.17890506301577275,0.03381442552888873
Goldman Sachs Large Cap Value IR,1.1033422667393484,0.9855548972553816,0.9713184555040658,0.17954118506350544,0.03462366632212575
Goldman Sachs Large Cap Value A LW,1.1000935945660184,0.9855271247720162,0.9712637136613972,0.17901772138071906,0.0343245854149374
Goldman Sachs Large Cap Value Inst,1.102178173597471,0.9860289920989227,0.9722531732596174,0.1792657452164149,0.03405559971478993
Goldman Sachs Large Cap Value B,1.0990384227350671,0.9859593830565822,0.972115905037316,0.17876791317093205,0.03380798548831607
Goldman Sachs Large Cap Value A,1.1000935945660184,0.9855271247720162,0.9712637136613972,0.17901772138071906,0.0343245854149374
Goldman Sachs Large Cap Value Svc,1.1013848006885074,0.9861212206391928,0.9724350617949316,0.17911975456903018,0.0338872943704302
Goldman Sachs Large Cap Value C,1.102299203289735,0.9858129297303406,0.9718271324235175,0.17932445460942148,0.03427392826896548
JPMorgan Market Expansion Index C,1.1933273815819516,0.9548393178755241,0.9117181229609962,0.2004330344735273,0.06712800164106665
JPMorgan Market Expansion Index B,1.1987246840392816,0.9550190860928154,0.9120614548015564,0.20130134613591846,0.06765693554076224
JPMorgan Market Expansion Index Select,1.2004525050692332,0.9554664042987542,0.9129160497435903,0.20149700190523642,0.0675828486230747
JPMorgan Market Expansion Index A,1.1988566624330244,0.9546033485458941,0.9112675530550339,0.2014112662350422,0.0679329961541595
JPMorgan Market Expansion Index A LW,1.1988566624330244,0.9546033485458941,0.9112675530550339,0.2014112662350422,0.0679329961541595
JPMorgan Market Expansion Index R2,1.2014931061305196,0.9552566138431011,0.9125151982909876,0.20171588791048783,0.06783940486357606
MFS Instl International Equity,1.2159662237076387,0.9321802987142683,0.8689601093110226,0.20919552236126143,0.08325796547775158
BlackRock Large Cap Growth Instl,1.1541623810181927,0.9688810681186911,0.9387305241588157,0.19103591469243458,0.05335179620583145
BlackRock Large Cap Growth Inv A,1.154287122561861,0.9691028986475859,0.9391604281671532,0.19101302878057078,0.0532088546231707
BlackRock Large Cap Growth Inv C,1.1535756939688042,0.9689932230106733,0.9389478662406124,0.19091664835062794,0.053207740169768716
BlackRock Large Cap Growth Inv A LW,1.154287122561861,0.9691028986475859,0.9391604281671532,0.19101302878057078,0.0532088546231707
BlackRock Large Cap Growth Inv B,1.1541570398188334,0.9696175012231902,0.9401580986783032,0.1908900931955466,0.05282946518533725
BlackRock Large Cap Growth R,1.1563553733186531,0.9694340379647374,0.9398023539646158,0.1912898549492969,0.05320391843600476
BlackRock Large Cap Growth S,1.1533368794892362,0.9696592588821447,0.9402390783358698,0.1907463693280056,0.05270899530792678
Marsico Focus,1.1374673223009126,0.9681827401849598,0.9373778183920574,0.18840867647085532,0.05204008222246991
JPMorgan US Real Estate A,1.0905434015592594,0.8362846024226733,0.6993719362492489,0.2091351595578706,0.115561931331328
Security Capital U.S. Real Estate R,,,0,0,0
JPMorgan US Real Estate C,1.0889134855107985,0.83531822269843,0.6977565331720639,0.20906408717415384,0.1157959318417394
JPMorgan US Real Estate A Load Waived,1.0905434015592594,0.8362846024226733,0.6993719362492489,0.2091351595578706,0.115561931331328
JPMorgan US Real Estate Sel,1.0902921422672167,0.8353752512822831,0.6978518104549374,0.2093145261340072,0.11594192204724496
JPMorgan US Real Estate R5,1.090462620115129,0.8355944349234263,0.6982180596750002,0.2092922813053681,0.1158640569648064
JPMorgan US Real Estate R2,1.0894784358724041,0.8349719921483193,0.6971782276721331,0.20925933764684365,0.11602273251246682
JHancock Classic Value R4,1.2738495435511816,0.9722330036674188,0.9452370134201712,0.2101272057763621,0.06591843523361854
JHancock Classic Value R5,1.275670928706745,0.9721507176448257,0.9450770178173497,0.21044554359559467,0.06622223366007106
JHancock Classic Value R3,1.2756002834561557,0.9723188939345175,0.9454040315020437,0.2103974281300904,0.06609691316022255
JHancock Classic Value R2,1.275781359681581,0.9720057664092401,0.9447952099328141,0.2104952084907804,0.06633685426570964
JHancock Classic Value R6,1.275529833777267,0.9721382286015596,0.9450527355085783,0.21042488183690747,0.06621166129377744
JHancock Classic Value A,1.2758926126219583,0.9719984927531528,0.9447810699144008,0.2105151343918407,0.06635695681830131
JHancock Classic Value A Load Waived,1.2758926126219583,0.9719984927531528,0.9447810699144008,0.2105151343918407,0.06635695681830131
JHancock Classic Value R1,1.2779045363221377,0.9726272058304559,0.9460036815215599,0.21071086879449058,0.0661980260612023
JHancock Classic Value B,1.2744409096360343,0.9721092261084365,0.9449963474851434,0.2102516758018548,0.0660838286011941
JHancock Classic Value C,1.2744141048440132,0.9719225438668001,0.944633431276512,0.2102876944787619,0.06620852186252807
JHancock Classic Value I,1.275967972458701,0.9716462902987136,0.9440965134512521,0.21060400487543107,0.06660878158473015
T. Rowe Price Intl Gr & Inc Adv,1.2540063784620943,0.9374439841890728,0.8788012234922826,0.2145355226533816,0.08505761838022113
T. Rowe Price Intl Gr & Inc R,1.254713744600275,0.9371477395763461,0.8782458857930551,0.21472438832483703,0.08531979248069499
T. Rowe Price Intl Gr & Inc,1.2553231083632022,0.9376693845023246,0.8792238746329685,0.21470908513524897,0.08509756047227485
American Beacon Small Cp Val Inv,1.3267505739631242,0.9464197263568366,0.8957102984373495,0.22482159840030344,0.08952359882178021
American Beacon Small Cp Val Adv,1.3241790086797163,0.9460307207987637,0.8949741246950285,0.22447823321720695,0.0894003977560002
American Beacon Small Cp Val AMR,1.3265387474952655,0.946239524401721,0.895369237539995,0.22482855199066218,0.08960175647923055
American Beacon Small Cp Val Inst,1.3264775915610167,0.946404622497237,0.8956817094841376,0.22477890340470225,0.08949488217639306
American AAdvantage Small Cp Val Milg,,,0,0,0
American Beacon Small Cp Val Y,1.325893863921716,0.9463608163019469,0.8955987946316872,0.22469036279335397,0.08944036466943717
American Beacon Small Cp Val R,1.325371840323042,0.9463410356075989,0.8955613556748628,0.22460679436906156,0.0893800754760856
American Beacon Small Cp Val C,1.3254810376531692,0.9464699039050745,0.8958052789980809,0.22459499876914868,0.0893183008241227
American Beacon Small Cp Val A LW,1.3263855613448754,0.9462887751603407,0.8954624459944579,0.22479106781890135,0.08955123536812666
American Beacon Small Cp Val A,1.3263855613448754,0.9462887751603407,0.8954624459944579,0.22479106781890135,0.08955123536812666
Longleaf Partners International,1.1889343065647795,0.9091612416470666,0.8265741633132359,0.20973947001888363,0.09242910526532935
Fidelity Advisor Large Cap B,1.190726920446597,0.9880635240485222,0.9762695275551845,0.1932723097503926,0.04267730716727903
Fidelity Advisor Large Cap I,1.191796424911432,0.9879321622919338,0.9760099572908159,0.1934716572177301,0.04293497165951916
Fidelity Advisor Large Cap T,1.1918992786451645,0.9881692306878443,0.9764784284782063,0.19344177627123801,0.04273906309810733
Fidelity Advisor Large Cap A LW,1.1936024981810798,0.988089372585556,0.9763206082165177,0.19373384912795696,0.04303590408777968
Fidelity Advisor Large Cap A,1.1936024981810798,0.988089372585556,0.9763206082165177,0.19373384912795696,0.04303590408777968
Fidelity Advisor Large Cap C,1.1906984660872972,0.9879770282081797,0.9760986082670662,0.19328462798694396,0.04275007773994157
Franklin Small Cap Value Adv,1.3613878362004654,0.9481368907306758,0.8989635635644333,0.23027025146979097,0.09334612088472154
Franklin Small Cap Value A,1.3611248014951989,0.9479875559815072,0.8986804062957912,0.2302620326899469,0.0933982754220206
Franklin Small Cap Value C,1.360612048957293,0.9480627471689708,0.8988229725695759,0.23015702119010256,0.09328063538274729
Franklin Small Cap Value B,1.361160290598949,0.948057813292868,0.8988136173456546,0.23025092529997948,0.09336123942610332
Franklin Small Cap Value A Load Waived,1.3611248014951989,0.9479875559815072,0.8986804062957912,0.2302620326899469,0.0933982754220206
Franklin Small Cap Value R,1.3608464895833843,0.9480514622182292,0.8988015750141226,0.23019941942535435,0.09332059400643518
Oakmark Global I,1.1839991722564285,0.9549308836443738,0.9118929925378247,0.19885150628952175,0.0659763789857119
Oakmark Global II,1.1848776828805812,0.9549782325308817,0.9119834246078067,0.1989892236910673,0.0660489142348017
Vanguard International Explorer Inv,1.1683774625960772,0.8938451141491547,0.7989590880883154,0.20964477396915726,0.09777791652092828
Schroder International Smaller Co Adv,,,0,0,0
Bernstein Emerging Markets,1.3965597806976366,0.8697580612535999,0.7564790851156209,0.2575009902343293,0.14207665050442483
Vanguard Selected Value Inv,1.0537675549856418,0.980221387835193,0.9608339691695518,0.172413517339821,0.035186497793377125
GE Instl International Equity Inv,1.2124984654653612,0.9410434300589943,0.8855627372571973,0.20663678894301818,0.07775293756603302
GE Instl International Equity Svc,1.214794616342628,0.9411601506088303,0.885782429094036,0.20700231775883984,0.0779656073964998
Eaton Vance Tx-Mgd Growth 1.1 B,0.9938204239180628,0.9959412918964613,0.9918990569043925,0.16003133477855755,0.014435242353338547
Eaton Vance Tx-Mgd Growth 1.1 A,0.9914873624485278,0.9960435722538455,0.9921027978282017,0.15963942670422496,0.014249632819637006
Eaton Vance Tx-Mgd Growth 1.1 A LW,0.9914873624485278,0.9960435722538455,0.9921027978282017,0.15963942670422496,0.014249632819637006
Eaton Vance Tx-Mgd Growth 1.1 C,0.9919440757836935,0.995960099781827,0.9919365203574267,0.15972624346359945,0.014398518101593118
Eaton Vance Tx-Mgd Growth 1.1 I,0.9960332069317475,0.996226265652284,0.9924667723754951,0.1603419310926564,0.013928880230930953
Schwab Core Equity Inv,1.0313092789317644,0.9906948039311717,0.9814761945362227,0.1669505056946499,0.02326612027633232
Mutual European A Load Waived,0.8450004979860616,0.9012235689175434,0.8122039211724741,0.1503899802934288,0.06973097413840804
Mutual European Z,0.8451263132201056,0.901453433060842,0.8126182919771778,0.15037391975499953,0.06965013594830269
Mutual European A,0.8450004979860616,0.9012235689175434,0.8122039211724741,0.1503899802934288,0.06973097413840804
Mutual European C,0.8442173251788695,0.9014238032290776,0.8125648730279749,0.15021729105069445,0.06964754238451668
Mutual European B,0.8424067361709637,0.9006316738523109,0.8111374119460154,0.15002704733199562,0.06990545601313657
Mutual European R,0.8423504851110231,0.9002666933486486,0.8104801191529095,0.15007772955989077,0.0700349998684576
Columbia Acorn USA A Load Waived,1.3429587231637585,0.9454149398422539,0.8938094084769326,0.22780831057252354,0.09237526973645621
Columbia Acorn USA Z,1.3445320992900618,0.9452822131635501,0.8935584625233794,0.22810721472487802,0.09267427492523733
Columbia Acorn USA B,1.3418799356711975,0.9455640628865842,0.8940913970225843,0.22758925177238867,0.09213583625860863
Columbia Acorn USA C,1.341763303341866,0.945202818674989,0.8934083684311444,0.22765666600282164,0.09233411439275147
Columbia Acorn USA A,1.3429587231637585,0.9454149398422539,0.8938094084769326,0.22780831057252354,0.09237526973645621
Columbia Acorn USA I,1.344511918146205,0.9453596746612635,0.8937049144756499,0.2280850403025294,0.09262544981902679
Janus Forty T,1.1385084847839266,0.9512130868374127,0.9048063365707593,0.19193963451804294,0.0632412806734938
Janus Forty N,1.1390803026715555,0.951177254557104,0.9047381695867898,0.19204326813686243,0.06332330873649472
Janus Forty S,1.1390803026715555,0.951177254557104,0.9047381695867898,0.19204326813686243,0.06332330873649472
Janus Forty C,1.1372596716307466,0.9510701406951169,0.9045344125218294,0.1917581164805515,0.06319783275847285
Janus Forty A Load Waived,1.1377955258397028,0.9511393109796071,0.9046659888907618,0.1918343233897566,0.06321164235465533
Janus Forty I,1.1390552494138864,0.9513396697003548,0.9050471671455802,0.19200637882002528,0.06322119553358592
Janus Forty A,1.1377955258397028,0.9511393109796071,0.9046659888907618,0.1918343233897566,0.06321164235465533
Janus Forty R,1.137586734243061,0.9510188248670169,0.9044368052514419,0.19182357392079663,0.06326346410900702
Northern Stock Index,0.9997684668321889,0.99998334870599,0.9999666976892457,0.16034324731435606,0.0009258695810143122
Ivy Science & Technology C,1.0426240374430722,0.9247167363393083,0.8551010424660218,0.18083305028017704,0.06915751966552602
Ivy Science & Technology R,1.0445750758614458,0.9248171264189886,0.8552867173178755,0.18115171919242326,0.06926583519611133
Ivy Science & Technology A Load Waived,1.0441330048772581,0.9248798590971985,0.8554027537636537,0.18106281899143867,0.06919743648463053
Ivy Science & Technology B,1.0437096578228284,0.9251050652844931,0.8558193818150263,0.18094517337186422,0.06904743559702788
Ivy Science & Technology A,1.0441330048772581,0.9248798590971985,0.8554027537636537,0.18106281899143867,0.06919743648463053
Ivy Science & Technology Y,1.0437262066883242,0.9245664145382807,0.8548230548921719,0.18105358172949768,0.06932445101010314
Ivy Science & Technology I,1.0443736551590181,0.924501345052212,0.8547027370033491,0.18117860206632808,0.06941085937406954
Ivy Science & Technology E,1.0449489802033294,0.9246200002460693,0.8549221448550413,0.18125519500691017,0.06939749803917114
Third Avenue Real Estate Value Investor,1.1030799438140546,0.9120532750494603,0.8318411765284466,0.19397354438190473,0.08122437084403858
Third Avenue Real Estate Value Instl,1.1026229252312245,0.9117039041128057,0.831204008774532,0.1939674377826809,0.08135445526766832
Royce Opportunity K,1.5837477548009316,0.9250924368169193,0.8557960166558658,0.27455405323533993,0.140099107184417
Royce Opportunity Consult,1.5776524501357785,0.9253115938452651,0.8562015457044647,0.2734327338653413,0.13902105046931562
Royce Opportunity R,1.5789273257123526,0.9247653959232025,0.8551910374969974,0.27381533440412387,0.13953708449148425
Royce Opportunity Svc,1.5809873193081039,0.9248920323059817,0.8554252714230891,0.27413496880700267,0.1397848128693978
Royce Opportunity Instl,1.5812580529965425,0.9254425591028885,0.8564439301989034,0.2740188204666193,0.1395070564863458
Royce Opportunity Invmt,1.5809800491769939,0.9247790974477951,0.8552163790763585,0.2741672400328451,0.13984929953706188
Prudential Jennison Mid Cap Growth A,0.9661090413108894,0.9443006681383804,0.8917037518465918,0.1640804762390418,0.05425856523127193
Prudential Jennison Mid Cap Growth B,0.9661574675738812,0.9442962284482311,0.891695367061554,0.1640893402388377,0.05426281262258623
Prudential Jennison Mid Cap Growth A LW,0.9661090413108894,0.9443006681383804,0.8917037518465918,0.1640804762390418,0.05425856523127193
Prudential Jennison Mid Cap Growth R,0.9646514038033727,0.9447140689730773,0.8924846721156683,0.163761243675584,0.05398446152634241
Prudential Jennison Mid Cap Growth C,0.9643482463875774,0.9445156789985197,0.8921098678740349,0.16374424705710047,0.05407697993239866
Prudential Jennison Mid Cap Growth Z,0.965611772849762,0.9443225462952398,0.8917450714415253,0.16399213962004283,0.05422748114618023
Prudential Jennison Mid Cap Growth Q,0.965550806250532,0.9439889785885263,0.8911151916966091,0.16403933103369442,0.05439999836800419
Prudential Jennison Mid Cap Growth L,0.9651681104911859,0.9446856048140357,0.8924308919428605,0.16385397395986348,0.05401939861368232
Prudential Jennison Mid Cap Growth M,,,0,0,0
Prudential Jennison Mid Cap Growth X,0.9652364623195219,0.944211678834195,0.891535694446889,0.16394766144966044,0.05427092888819066
Buffalo Small Cap,1.2243074038979296,0.9032119987870741,0.8157919147529415,0.21737910632130483,0.09997842912589983
T. Rowe Price Instl Mid-Cap Equity Gr,1.1281062435323876,0.9589999870992743,0.9196809752564081,0.1886629372409435,0.05726688498353668
Principal SAM Strategic Growth A,1.025793277288263,0.990899289224108,0.9818814013848425,0.16602613750246473,0.022722950158404455
Principal SAM Strategic Growth C,1.0245262491748406,0.9909698940281725,0.9820213308702074,0.16580928583372267,0.022573088770486992
Principal SAM Strategic Growth A LW,1.025793277288263,0.990899289224108,0.9818814013848425,0.16602613750246473,0.022722950158404455
Principal SAM Strategic Growth B,1.0235857158807058,0.9908489562588153,0.9817816541191836,0.16567733389610054,0.022675333177964867
WM Str Asset Mgmt Strategic Growth R1,,,0,0,0
WM Str Asset Mgmt Strategic Growth R2,,,0,0,0
Principal SAM Strategic Growth J,1.0252838676668325,0.9906005139629507,0.9812893782636621,0.16599355837530563,0.023060236427935553
Principal SAM Strategic Growth Inst,1.0251966705011173,0.9905882157983334,0.9812650132785257,0.16598176937298922,0.023070705454640135
Principal SAM Strategic Growth R3,1.0235379018998272,0.9908566137330296,0.9817968289784862,0.1656683553794387,0.022663672766490683
Principal SAM Strategic Growth R2,1.0245801381466269,0.9907571238507976,0.9815996784611046,0.16585363897616992,0.0228357261993007
Principal SAM Strategic Growth R5,1.024910449889899,0.9908164021798691,0.9817171428286601,0.16589713510029294,0.022779922731287486
Principal SAM Strategic Growth R4,1.0256590124995937,0.9909505132077882,0.9819829196267787,0.16599571303535005,0.022653397794320268
Principal SAM Strategic Growth R1,1.0222463656172216,0.9905877524816933,0.9812640953667323,0.16550436441251676,0.022928564557873468
Oakmark Select I,1.1405279247259912,0.9660059062286521,0.9331674108686395,0.18935075390778852,0.05387951379707098
Oakmark Select II,1.1404900916331102,0.9660173310407402,0.9331894838710749,0.1893423391987396,0.053867634787833685
BlackRock Capital Appreciation Inv A,1.1256568451340592,0.966058127502007,0.933268305712684,0.18687760020275967,0.05230103167555975
State Street Research Legacy R,,,0,0,0
BlackRock Capital Appreciation Inv A LW,1.1256565428051408,0.9660580631623752,0.9332681814010396,0.18687756247320833,0.052301045489147754
State Street Research Legacy B,,,0,0,0
BlackRock Capital Appreciation Inv B,1.1239900237372047,0.9661757624964962,0.9334956040356858,0.1865782585584525,0.052051236461876586
BlackRock Capital Appreciation Inv C,1.1246504618886943,0.9659367916712619,0.9330338855041709,0.18673393797877055,0.05228300461544887
BlackRock Capital Appreciation BlackRock,1.1257094182508534,0.9660793809518383,0.9333093703002873,0.18688216579435032,0.05229167470595149
BlackRock Capital Appreciation Instl,1.1260724951174532,0.9660480651096616,0.9332488641021208,0.18694831946970616,0.05235013276477821
BlackRock Capital Appreciation R,1.1259492041618813,0.9658297371168764,0.9328270810992546,0.18697021239002193,0.05248827553332992
Delaware Emerging Markets R,1.3184445449362996,0.890902512705707,0.7937072871453423,0.23733477241094153,0.11926163894907939
Delaware Emerging Markets Instl,1.322720513649635,0.8913097501544615,0.7944330707204085,0.23799553300940993,0.11965583287413349
Delaware Emerging Markets C,1.3233963368707136,0.8918185115353856,0.7953402575171906,0.23798128535448432,0.11948217830296422
Delaware Emerging Markets A Load Waived,1.3215687285813775,0.8909832468100113,0.7938511460961094,0.2378754489247872,0.1196645777083913
Delaware Emerging Markets A,1.3215687285813775,0.8909832468100113,0.7938511460961094,0.2378754489247872,0.1196645777083913
Delaware Emerging Markets B,1.3223430971606305,0.8914138217933448,0.794618601684217,0.2378997709038828,0.11954666192941049
Tocqueville Gold,0.8552909938920482,0.4876953598695726,0.23784676403831193,0.28123806971953746,0.2465893006252328
Oppenheimer Main Street Select N,0.9456645703406243,0.9792550116939339,0.9589403779276867,0.15487154365654138,0.032563708667941546
Oppenheimer Main Street Select A LW,0.9465547209275961,0.9797012520710887,0.959814543309659,0.1549467228130163,0.0322165189567668
Oppenheimer Main Street Select B,0.9458439594945393,0.9793685796212771,0.9591628147493977,0.15488320841874895,0.03247623312952177
Oppenheimer Main Street Select C,0.9474975292661868,0.9795210651685362,0.9594615171089038,0.1551295892533241,0.032343569348351434
Oppenheimer Main Street Select A,0.9465547209275961,0.9797012520710887,0.959814543309659,0.1549467228130163,0.0322165189567668
Oppenheimer Main Street Select Y,0.9483744190521873,0.9793758082946561,0.959176973872811,0.15529622494505504,0.03244556422412776
Touchstone Sands Capital Select Gro A LW,1.105705157750825,0.9337744394346451,0.8719347037414857,0.18989941801538443,0.0700290005600394
Touchstone Sands Capital Select Growth A,1.105705157750825,0.9337744394346451,0.8719347037414857,0.18989941801538443,0.0700290005600394
Touchstone Sands Capital Select Growth C,1.1031501979107081,0.9335766973380486,0.8715654498126183,0.18950095461814054,0.06988728552070521
Touchstone Sands Capital Select Growth Y,1.0996961556577174,0.9326849368178893,0.8699011913669904,0.18908878637190113,0.07004029077680456
Touchstone Sands Capital Select Growth Z,1.104287156729136,0.9338242700757721,0.8720277673825484,0.1896460013909002,0.06986224820625977
BNY Mellon Mid Cap Stock M,1.2916589652519122,0.9552426468124706,0.9124885142892945,0.21685682720783817,0.07937825051779551
Dreyfus Premier Small Company Stock B,,,0,0,0
Dreyfus Premier Small Company Stock C,,,0,0,0
Dreyfus Premier Small Company Stock A,,,0,0,0
Dreyfus Premier Small Company Stock R,,,0,0,0
Dreyfus Premier Small Company Stock T,,,0,0,0
BNY Mellon Mid Cap Stock Inv,1.2921169860738215,0.9554934192748792,0.9129676742776001,0.21687680371142704,0.0792843592429968
BNY Mellon Mid Cap Stock Prem,,,0,0,0
Dreyfus Premier Small Company Stock A LW,,,0,0,0
BNY Mellon Emerging Markets M,1.2501166436567661,0.846546552954654,0.7166410663194068,0.23682223079173462,0.13227127332656782
BNY Mellon Emerging Markets Inv,1.2521931078922273,0.8476683788702141,0.7185416805364568,0.2369017804020022,0.13200958649215452
Fidelity Small Cap Discovery,1.2094742039029167,0.9062255700536583,0.821244783819078,0.21404318375567982,0.0965119619889739
Fidelity Leveraged Company Stock,1.4372782767913763,0.9518208902385261,0.9059630070944604,0.2421641327731702,0.10212311440663971
Fidelity Leveraged Company Stock K,1.4383862164555008,0.9515758669669577,0.9054966305939172,0.24241314348512577,0.102434460668546
Fidelity Advisor Leveraged Co Stk B,1.4270453191392731,0.9521612080792164,0.906610966170873,0.24035402613048626,0.10041017861687651
Fidelity Advisor Leveraged Co Stk I,1.4281406221155455,0.9520648121895735,0.9064274066095679,0.24056282239748397,0.10062943157092903
Fidelity Advisor Leveraged Co Stk C,1.4270118338825928,0.9521148541635933,0.9065226955189606,0.24036008963117933,0.10043325544545349
Fidelity Advisor Leveraged Co Stk A,1.4266128575761963,0.9520283402853282,0.9063579607064368,0.24031476037722313,0.10042686536125489
Fidelity Advisor Leveraged Co Stk T,1.4267221293095025,0.9519509995683341,0.9062107055791503,0.240352667975331,0.10048961998243829
Fidelity Advisor Leveraged Co Stk A LW,1.4266128575761963,0.9520283402853282,0.9063579607064368,0.24031476037722313,0.10042686536125489
Principal MidCap Growth III R1,1.2191949054397233,0.95142794515689,0.9052151348254621,0.20551476351234904,0.07236728013552547
Principal MidCap Growth III A,,,0,0,0
Principal MidCap Growth III B,,,0,0,0
Principal MidCap Growth III A LW,,,0,0,0
Principal MidCap Growth III R5,1.2170419984823118,0.9524594280173899,0.9071789620192134,0.20492997390610057,0.0714680661795096
Principal MidCap Growth III R4,1.2169613169015592,0.9527143928227928,0.9076647142917028,0.20486170116054928,0.0713008052619457
Principal MidCap Growth III R3,1.2192786945017526,0.9525099880186403,0.9072752772752701,0.20529566976581712,0.07171219179365129
Principal MidCap Growth III R2,1.2156560494951942,0.9525357579503002,0.9073243701739528,0.2046803089061322,0.07125085311019491
Principal MidCap Growth III J,1.2178918060881636,0.951651154831619,0.905639920492354,0.20524701349537317,0.0720698921157504
Principal MidCap Growth III Inst,1.220153922439073,0.9520114606792321,0.9063258212646051,0.20555047189818557,0.07212720830450019
Principal MidCap Growth III C,,,0,0,0
Principal Large Cap Growth II C,,,0,0,0
Principal Large Cap Growth II J,0.9898642303249449,0.9870968420598163,0.9743601756044619,0.16082248526922527,0.025798439059284556
Principal Large Cap Growth II Inst,0.9887454774320826,0.9868189617505776,0.9738116632704878,0.1606862839080101,0.026061607434947932
Principal Large Cap Growth II R3,0.9852204573631136,0.9862490291746685,0.972687147547976,0.1602057342635923,0.02657787406600603
Principal Large Cap Growth II R4,0.9927901575767681,0.9869737448053478,0.9741171729350918,0.16131764813920924,0.025974359823712975
Principal Large Cap Growth II R5,0.9905227233249918,0.9866854138569021,0.9735481059179663,0.16099661482448716,0.026224129071219883
Principal Large Cap Growth II R2,0.9886762139824044,0.9866794861848843,0.9735364084580673,0.16069769235356415,0.026200183822450374
Principal Large Cap Growth II A,,,0,0,0
Principal Large Cap Growth II R1,0.9860436270260523,0.9869081545048597,0.9739877054281879,0.16023268650481545,0.02593510721643357
Principal Large Cap Growth II A LW,,,0,0,0
Principal Large Cap Growth I A LW,,,0,0,0
Principal Large Cap Growth I R1,1.1432534850952885,0.9713487179554101,0.9435183318736188,0.1887549682403247,0.05039133082911328
Principal Large Cap Growth I A,,,0,0,0
Principal Large Cap Growth I B,,,0,0,0
Principal Large Cap Growth I Inst,1.1449196143366769,0.9716902174175535,0.9441818786249724,0.18896340655460755,0.05032291026963384
Principal Large Cap Growth I R3,1.1450150165995432,0.9709801653366567,0.9428024814772011,0.18911731455043732,0.05084950282110833
Principal Large Cap Growth I R4,1.1411997463872638,0.971641994313408,0.9440881651133369,0.18835915835260394,0.049956232365300585
Principal Large Cap Growth I R5,1.1452455250961056,0.9703649058535112,0.9416080505120938,0.18927508147154626,0.05131848451735958
Principal Large Cap Growth I R2,1.1421918867863645,0.9703805322353524,0.9416383773413658,0.1887675636550416,0.050977796347518284
Principal Large Cap Growth I J,1.1430792360002457,0.9712177465112584,0.9432639111384069,0.18875108899217938,0.05046775089905197
Principal Large Cap Growth I C,,,0,0,0
Principal SmallCap Growth I Inst,1.2631101123352364,0.9186661196753145,0.8439474394392994,0.22050186781769834,0.09677184420866138
Principal SmallCap Growth I R2,1.2633913877326473,0.9187342415947438,0.8440726066786691,0.22053469090529934,0.0967717160358906
Principal SmallCap Growth I R3,1.2604870039448388,0.9182162679631185,0.8431211147521174,0.22015191175729978,0.0966718462733144
Principal SmallCap Growth I R5,1.2598749223722279,0.9178541322886107,0.8424562081592784,0.2201318303186964,0.09678883879734224
Principal SmallCap Growth I R4,1.2633275459422297,0.9197710605057549,0.845978803743881,0.22027518356650855,0.0961956033401641
Principal SmallCap Growth I J,1.2632976106218092,0.9191724061744575,0.8448779122725419,0.2204130039019338,0.09651960686117862
Principal SmallCap Growth I R1,1.2660637267411559,0.9191131003743227,0.8447688912796998,0.22090989613074613,0.09691751361745965
Principal Real Estate Securities R1,1.1005324210477028,0.8481081725825292,0.7192874724012772,0.20810475988531948,0.1114122968918136
Principal Real Estate Securities A,1.1024541920432265,0.8487705914572804,0.7204115169227415,0.20830537569662932,0.11134372208431698
Principal Real Estate Securities B,1.1023243022783995,0.8484217441011875,0.7198194558637009,0.20836658074642528,0.11148790206372938
Principal Real Estate Securities A LW,1.1024541920432265,0.8487705914572804,0.7204115169227415,0.20830537569662932,0.11134372208431698
Principal Real Estate Securities J,1.1033393684519646,0.8486881795690854,0.7202716261402881,0.2084926925687569,0.11149003833260833
Principal Real Estate Securities R4,1.10306362039228,0.8495610892738699,0.7217540444082043,0.2082266767284398,0.11105531574160774
Principal Real Estate Securities R3,1.102264308007289,0.8482944200347594,0.7196034230621089,0.20838638813049645,0.11153896806798913
Principal Real Estate Securities R2,1.1001104082203945,0.8486049233811725,0.7201303159867658,0.2079034052066378,0.11113313209457384
Principal Real Estate Securities R5,1.1033416209555018,0.8489097175796276,0.7206477086011231,0.20843889595430942,0.11138856611225538
Principal Real Estate Securities Inst,1.1036728347739,0.8488642458851356,0.72057050794214,0.20851257246911692,0.11145006507971653
Principal Real Estate Securities P,1.1016897707202187,0.8486127275785547,0.7201435614083141,0.20819942841751715,0.11132258279933784
Principal Real Estate Securities C,1.1010517683124197,0.849383471350884,0.7214522814040779,0.20789036125423885,0.11089109951111968
Principal Large Cap S&P 500 Index C,0.9997485712836854,0.9999384005168214,0.999876804828139,0.1603469014039783,0.001779845800142729
Principal Large Cap S&P 500 Index Inst,0.9981013071273992,0.9999532352417391,0.9999064726704207,0.16008051535528403,0.001577478306997471
Principal Large Cap S&P 500 Index J,0.9989280698144865,0.9999297401938964,0.9998594853242331,0.16021686921362524,0.0019065759896186856
Principal Large Cap S&P 500 Index R3,0.9986335433932194,0.9999325482551858,0.9998651010601095,0.16016939054442955,0.0018727896942414902
Principal Large Cap S&P 500 Index R2,0.9999013930784602,0.9999316961140584,0.9998633968935376,0.16037264967779438,0.001874084338474201
Principal Large Cap S&P 500 Index R4,0.9966498103055392,0.9999141602556505,0.9998283278797628,0.15985399357336288,0.002161851257184566
Principal Large Cap S&P 500 Index R5,0.9954888316175894,0.9999439530274186,0.9998879091961003,0.1596631533394116,0.0018383506252435456
Principal Large Cap S&P 500 Index A LW,0.9975943690198517,0.9999457043095716,0.9998914115671653,0.16000051802580043,0.0017110096383352671
Principal Large Cap S&P 500 Index A,0.9975943690198517,0.9999457043095716,0.9998914115671653,0.16000051802580043,0.0017110096383352671
Principal Large Cap S&P 500 Index R1,0.9969393232433524,0.9999226431574648,0.9998452922990108,0.1598992088506614,0.002048117949240232
Principal Large Cap Growth R1,1.10903051768913,0.9723389378205801,0.9454430100020539,0.1829163589098039,0.04615667627274882
Principal Large Cap Growth A,1.1092103672088258,0.9712690102442288,0.9433634902608038,0.18314754048824497,0.046965886500941655
Principal Large Cap Growth B,1.1151748870941558,0.9714663363063623,0.9437468425765061,0.18409424295269425,0.04740164511585968
Principal Large Cap Growth A LW,1.1092103672088258,0.9712690102442288,0.9433634902608038,0.18314754048824497,0.046965886500941655
Principal Large Cap Growth R5,1.1116805429925911,0.9710004101171832,0.942841796447738,0.1836060809028915,0.04740177330827554
Principal Large Cap Growth R3,1.1132450797021174,0.9709889262505151,0.9428194949011284,0.18386719875892413,0.04756259959090606
Principal Large Cap Growth R4,1.1100062829776198,0.9718129118422252,0.9444203356232644,0.18317638696694893,0.04664149563216979
Principal Large Cap Growth R2,1.1146044167055904,0.972013857752049,0.9448109396620206,0.18389705434761872,0.04694121735324379
Principal Inv Technology AdvPfd,,,0,0,0
Principal Inv Technology AdvSel,,,0,0,0
Principal Inv Technology Sel,,,0,0,0
Principal Inv Technology Instl,,,0,0,0
Principal Inv Technology Pfd,,,0,0,0
Principal Inv Technology J,,,0,0,0
Principal Large Cap Growth J,1.1043225594359454,0.9715052893390567,0.9438225272137644,0.18229622666162004,0.04632595665401438
Principal Large Cap Growth Inst,1.1105189850711978,0.971254807368895,0.9433359008371893,0.18336616152441668,0.047102591980980844
Principal Large Cap Growth P,1.1142746534946242,0.9716231336425019,0.9440515138292751,0.18391631721375973,0.04719759589852008
Principal Large Cap Growth C,1.1112328358899737,0.9710390540911601,0.9429168445702552,0.18352474568312346,0.04733002099658465
Principal Large Cap Value C,1.064227485203159,0.9897591426666603,0.9796231604922425,0.17244198773431907,0.026678904397314514
Principal Large Cap Value Inst,1.0670293014498067,0.9902051032864821,0.9805061465745927,0.17281834198481746,0.026410280756076068
Principal Large Cap Value J,1.0657254357408972,0.9901163470203468,0.9803303806369157,0.17262245680644273,0.026400204315809302
Principal Large Cap Value R4,1.0667937531027314,0.9903667698111834,0.9808263387462377,0.1727517751483495,0.026204841037398667
Principal Large Cap Value R5,1.0685037075736685,0.9905884936338474,0.9812655637197749,0.17298991563975022,0.026097530661483046
Principal Large Cap Value R2,1.0641254443498172,0.9902532440846102,0.9806014874200948,0.17233952170366382,0.026108630992985916
Principal Large Cap Value R3,1.06680911146648,0.990131852634808,0.980361085602037,0.1727950640201935,0.026474908522484165
Principal Large Cap Value A Load Waived,1.0685913524686468,0.9903452298353203,0.9807836742575734,0.1730465547509106,0.026385264973956667
Principal Large Cap Value A,1.0685913524686468,0.9903452298353203,0.9807836742575734,0.1730465547509106,0.026385264973956667
Principal Large Cap Value B,1.0650156647303168,0.9900881556228074,0.9802745559045724,0.17251203632361836,0.026372312060189185
Principal Large Cap Value R1,1.0693039875183055,0.9901639520738154,0.980424651986437,0.1731935978139531,0.026654312553279352
Principal MidCap Blend R1,0.9307349413142,0.973395015236277,0.9474978556868321,0.15335163961263854,0.0368441213400029
Principal MidCap Blend A,0.9307113498017364,0.97278845471327,0.9463173776234316,0.15344305383390247,0.03724019657721505
Principal MidCap Blend B,0.9277880210214011,0.9728782268155255,0.9464920442117211,0.15294714974877027,0.037218645465103214
Principal MidCap Blend A Load Waived,0.9307113498017364,0.97278845471327,0.9463173776234316,0.15344305383390247,0.03724019657721505
Principal MidCap Blend R2,0.9319695128509566,0.9727544690871155,0.9462512571289559,0.1536560651892559,0.03724858758386877
Principal MidCap Blend R3,0.9294254282894776,0.9735507341810852,0.94780103202453,0.1531114631908725,0.03675906930065274
Principal MidCap Blend R4,0.9300407382809861,0.9729073737501155,0.9465487578973469,0.15331407679056616,0.0371708016049605
Principal MidCap Blend R5,0.930522948449297,0.9728005698925186,0.9463409487832091,0.15341020659652527,0.037234486924313276
Principal MidCap Blend J,0.9283653239215762,0.9734035231021391,0.9475144187876566,0.15295989008156788,0.03686988675292642
Principal MidCap Blend Inst,0.9286904836816913,0.9731330675120505,0.9469879670854131,0.1530560003334587,0.037041378051640726
Principal MidCap Blend P,0.9314691385265148,0.9731148824242442,0.9469525743955507,0.15351600604487906,0.037018819515124105
Principal MidCap Blend C,0.9281509780877408,0.9732652759308739,0.9472452973327999,0.1529463017421172,0.03696287063859263
Principal Intl Emerging Markets R1,1.296236792290153,0.8584150057262605,0.7368763220560158,0.24216024381979065,0.13297386751168244
Principal Intl Emerging Markets A,1.2956492608330523,0.8584004416744223,0.7368513182668432,0.24205456663579372,0.13289512965478528
Principal Intl Emerging Markets B,1.2950398357311916,0.8586510665504548,0.7372816540882334,0.24187003400138604,0.13267707752202784
Principal Intl Emerging Markets A LW,1.2956492608330523,0.8584004416744223,0.7368513182668432,0.24205456663579372,0.13289512965478528
Principal Intl Emerging Markets R5,1.2974871130696883,0.8580827041598315,0.7363059271782488,0.24248763468494672,0.13332821116357468
Principal Intl Emerging Markets R2,1.2963818736569663,0.8583404500803402,0.7367483282441211,0.24220838494075597,0.13303345605683664
Principal Intl Emerging Markets R3,1.2967646615077917,0.8584213339454799,0.7368871865727372,0.24225704420726799,0.13304810712592932
Principal Intl Emerging Markets R4,1.2967954380148023,0.8583456078012822,0.7367571824317526,0.24228420454296054,0.1330915278056206
Principal Intl Emerging Markets J,1.29578900579005,0.8587624156962883,0.7374728866125246,0.2419786043184344,0.13272974937260407
Principal Intl Emerging Markets Inst,1.2963181649782236,0.8584795891169432,0.7369872049303957,0.24215724666178598,0.1329526395976237
Principal Intl Emerging Markets P,1.2972159381942452,0.8590235853958809,0.7379215202663941,0.24217111778740472,0.13280489209043325
Principal Intl Emerging Markets C,1.2960994062421274,0.85855697629264,0.7371200815407609,0.24209443694899582,0.13288079064721203
Principal Diversified Intl C,1.1795786470541099,0.9364490449995896,0.8769368138806432,0.2020139259695159,0.07648134422409293
Principal Diversified Intl P,1.1834827091166946,0.9368940229523449,0.877770410243829,0.20258568096234883,0.07668198473979586
Principal Inv Pacific Basin Instl,,,0,0,0
Principal Inv European Instl,,,0,0,0
Principal Diversified Intl Inst,1.1838901849965835,0.9356364812771261,0.8754156250966418,0.20292794658419078,0.07744585493534299
Principal Diversified Intl J,1.1808341913720455,0.9365519247612831,0.8771295077740642,0.20220643098631727,0.07656854605235382
Principal Inv European J,,,0,0,0
Principal Inv Pacific Basin J,,,0,0,0
Principal Inv European Pfd,,,0,0,0
Principal Inv Pacific Basin Sel,,,0,0,0
Principal Inv Pacific Basin AdvPfd,,,0,0,0
Principal Inv European AdvPfd,,,0,0,0
Principal Diversified Intl R2,1.1832361414598973,0.9371334028675139,0.8782190147700462,0.2024921710572638,0.07651643660850106
Principal Diversified Intl R3,1.1788869145671752,0.9362677751084169,0.876597346706465,0.20193452505416531,0.07650433797645476
Principal Diversified Intl R5,1.1873147840624902,0.9361456010078482,0.8763685862863453,0.20340478675327092,0.07755795119633109
Principal Inv European Sel,,,0,0,0
Principal Diversified Intl R4,1.1831370989781478,0.9374523594117964,0.8788169261667437,0.2024062533827109,0.07632244005657401
Principal Inv European AdvSel,,,0,0,0
Principal Inv Pacific Basin Pfd,,,0,0,0
Principal Inv Pacific Basin AdvSel,,,0,0,0
Principal Diversified Intl A LW,1.183979164475667,0.936925641723898,0.8778296581197381,0.2026639941391265,0.07672192517732494
Principal Diversified Intl A,1.183979164475667,0.936925641723898,0.8778296581197381,0.2026639941391265,0.07672192517732494
Principal Diversified Intl B,1.1813508851899734,0.9366199236820735,0.8772568814382133,0.2022802043861287,0.07658988137464934
Principal Diversified Intl R1,1.1812754080018493,0.9371572238464423,0.8782636622075707,0.20215145243119623,0.07627439636457432
Royce Value Svc,1.2333705567483182,0.9130036108645039,0.8335755934516225,0.21664890533694897,0.09596266283301319
Royce Value Invmt,1.2342333156200709,0.9116014067914071,0.8310171248640725,0.21713358954581963,0.09682348936517812
Royce Value Consult,1.2339096986138083,0.9115408094384714,0.8309066472717437,0.21709132853435012,0.0968141529678398
Royce Value Instl,1.2351696076537977,0.9123324285664558,0.8323504602139671,0.21712429348970916,0.0965534253440767
Royce Value K,1.234037590395261,0.9108674699891685,0.8296795478844686,0.21727417763748225,0.09718982979189256
Royce Value R,1.2336925870013782,0.9117142419769685,0.8312228590236382,0.21701173188888329,0.09669359396004473
Invesco Mid Cap Core Equity Y,0.9384349135400919,0.9567692705672223,0.9154074371017346,0.1573092901102547,0.04679554778650268
AIM Mid Cap Equity Adv,,,0,0,0
Invesco Mid Cap Core Equity I,0.93698815409594,0.9564096678691908,0.9147194527936557,0.15712596041150703,0.04697400312061879
Invesco Mid Cap Core Equity R,0.9371585545941229,0.956741230807459,0.9153537827269715,0.15710003021206465,0.04679384526182191
Invesco Mid Cap Core Equity A LW,0.9374919708638535,0.9570904425431481,0.916022115207439,0.15709853096808357,0.04660540903009824
Invesco Mid Cap Core Equity A,0.9374919708638535,0.9570904425431481,0.916022115207439,0.15709853096808357,0.04660540903009824
Invesco Mid Cap Core Equity C,0.9357815976544829,0.9564561742232455,0.9148084132097672,0.15691602806299992,0.046932866170659636
Invesco Mid Cap Core Equity B,0.937299428330813,0.9572014655155585,0.916234645585133,0.1570481226475345,0.0465415230826829
SEI Instl Mgd Large Cap Value A,1.061593559076054,0.992755065484405,0.9855626200449453,0.17149722988964133,0.02284726063536263
SEI Instl Mgd Large Cap Value I,1.060105958103873,0.9926015615503038,0.9852578599921015,0.17128359240290492,0.022917731430230844
Templeton World B,1.1652568045182825,0.955387317853193,0.9127649271147179,0.19560172589088679,0.06355024354065207
Templeton World A Load Waived,1.1656036573298818,0.9557919459461687,0.9135382439355638,0.19557714530213804,0.06333383724518529
Templeton World A,1.1656036573298818,0.9557919459461687,0.9135382439355638,0.19557714530213804,0.06333383724518529
Templeton World C,1.163324504800021,0.9557053804491104,0.9133727742193788,0.19521255875260518,0.06313385812481438
Templeton World Adv,1.163918975051548,0.9553142981753661,0.9126254082982923,0.19539212510552353,0.06344673195319721
Invesco Global Core Equity Y,1.1356692757071392,0.9627832492674201,0.9269515850699311,0.1891749567552411,0.05555557417875408
Invesco Global Core Equity R,1.1391869884568768,0.9639465753534905,0.9291930001357226,0.18953186937432648,0.055142231540518824
Invesco Global Core Equity A LW,1.1392396701430778,0.9636943881327944,0.928706873718641,0.18959013935076643,0.0553179521473549
Invesco Global Core Equity Institutional,1.1377873399468652,0.9626162411758871,0.9266300277755936,0.18956043302703052,0.05588855174728329
Invesco Global Core Equity A,1.1392396701430778,0.9636943881327944,0.928706873718641,0.18959013935076643,0.0553179521473549
Invesco Global Core Equity C,1.1370353810236833,0.9633915835248879,0.9281233432065911,0.1892828505707029,0.0552903074057952
Invesco Global Core Equity B,1.1365239719755413,0.9633402120344122,0.9280243641225063,0.18920733222877467,0.055271352497343676
BlackRock Health Sciences Opps Inv A LW,0.6612839403850767,0.8526829427136841,0.7270682007948678,0.12437340591224208,0.08467754425427365
BlackRock Health Sciences Opps Svc,0.6613269496996064,0.8525908798226057,0.726911208356685,0.1243946493292296,0.0846960838977239
State Street Research Health Sci B,,,0,0,0
BlackRock Health Sciences Opps Inv C,0.660632036823694,0.852860179559025,0.7273704858774525,0.12422481869356018,0.08465766765831612
BlackRock Health Sciences Opps Inst,0.6626245551596983,0.8537062318230505,0.7288143302535119,0.12447609538978463,0.08442105001396388
BlackRock Health Sciences Opps Inv A,0.6612839403850767,0.8526829427136841,0.7270682007948678,0.12437340591224208,0.08467754425427365
BlackRock Health Sciences Opps Inv B,0.6606023284804776,0.8520140926143,0.725928014013369,0.12434265184440248,0.08483933267057714
BlackRock Health Sciences Opps R,0.6607842766235683,0.8522830605971853,0.7263864153809052,0.12433792551562935,0.08477683843497191
DWS RREEF Real Estate Securities Inst,1.1029235342006007,0.8494480267475537,0.7215619501453128,0.2082291133287587,0.11109011758861445
DWS RREEF Real Estate Securities R,1.1013762909691143,0.8485425088154858,0.7200243892668787,0.2081588961662893,0.11131643373352382
DWS RREEF Real Estate Securities B,1.1034777514105831,0.8498479385892955,0.722241518724475,0.20823545937184598,0.11097415519359193
DWS RREEF Real Estate Securities C,1.1030460145581047,0.8492159470337557,0.7211677246964386,0.20830885288904186,0.11121170228048415
DWS RREEF Real Estate Securities A,1.1055462001463487,0.8495644739481832,0.7217597953948534,0.2086954230217869,0.111357974386411
DWS RREEF Real Estate Securities S,1.105804423777094,0.8495795140290483,0.7217853506578339,0.2087405233169063,0.11138275949362907
DWS RREEF Real Estate Securities A LW,1.1055462001463487,0.8495644739481832,0.7217597953948534,0.2086954230217869,0.111357974386411
JHancock3 Rainier Growth R2,1.09597227210138,0.9637751915402667,0.9288626198284777,0.1823695485526596,0.05100943136944662
JHancock3 Rainier Growth A,1.0959321226888774,0.9637459402842486,0.9288062374143706,0.182368394659108,0.05102557034918211
JHancock3 Rainier Growth R6,1.0952614315988842,0.9638317116056593,0.9289715682966947,0.18224033405680115,0.05090683493440504
JHancock3 Rainier Growth I,1.094752458489465,0.9638228386358264,0.9289544642760222,0.18215754499136072,0.05086687358447865
JHancock3 Rainier Growth T,1.0970065418498747,0.9642183479893027,0.9297170225992201,0.18245750377435369,0.05080302954748157
JHancock3 Rainier Growth B,1.0956560901254606,0.9641871457148145,0.9296568519616809,0.18223894239074853,0.050701595825772584
JHancock3 Rainier Growth C,1.0955535656529845,0.9639936119209931,0.9292836838244822,0.18225853313906829,0.05082361906462669
JHancock3 Rainier Growth R,,,0,0,0
JHancock3 Rainier Growth R1,1.0970925111578982,0.9643035358448577,0.9298813092428949,0.1824557901372515,0.050752958773470726
JHancock3 Rainier Growth R2,,,0,0,0
JHancock3 Rainier Growth R3,1.093115303556443,0.9642658518309958,0.9298086330073558,0.18180169180360153,0.05041931170334297
JHancock3 Rainier Growth R4,1.0943726875327828,0.9640089542332196,0.9293132638418258,0.1820593021985832,0.05070660249944257
JHancock3 Rainier Growth R5,1.0951799642181672,0.964062149971304,0.9294158290072931,0.18218341550698294,0.05074336028775165
JHancock3 Rainier Growth ADV,1.095499220057079,0.9643639293785513,0.9299977882864395,0.1821796045408719,0.05056722779160054
JHancock3 Rainier Growth NAV,1.0961560585602181,0.9641058302035294,0.9295000518324366,0.1823375304427186,0.05080211667791487
JHancock3 Rainier Growth A Load Waived,1.0959321226888774,0.9637459402842486,0.9288062374143706,0.182368394659108,0.05102557034918211
Forward Select Income A,0.4167825342013475,0.6404999986455717,0.41024024826497735,0.10440327541210527,0.12314946377005075
Forward Select Income B,0.41608203336387634,0.6404599398809109,0.4101889345922599,0.10423463046284935,0.12315276716885841
Forward Select Income C,0.41692502358285577,0.6410267428566166,0.4109152850573629,0.10435327302299305,0.1230772608440158
Forward Select Income A Load Waived,0.4167825342013475,0.6404999986455717,0.41024024826497735,0.10440327541210527,0.12314946377005075
Forward Select Income M,0.41818941073952,0.6430358254689782,0.41349507283657017,0.10434263227362325,0.12280388643503919
Forward Select Income Inv,0.41724158701607356,0.6410944764246507,0.41100212770219696,0.10442153155042855,0.12306890307623959
Forward Select Income Institutional,0.4185482998360032,0.6421963363334333,0.41241613440008423,0.10456858882845087,0.1229207418125525
AllianceBern Small-Mid Cap Value A LW,1.3377955030907682,0.9522041247799491,0.906692695247949,0.22531416301202253,0.08757306111721147
AllianceBern Small-Mid Cap Value K,1.3386982709975883,0.952370553900477,0.9070096719367012,0.22542679408236385,0.08759781064530692
AllianceBern Small-Mid Cap Value I,1.3392794122284393,0.952059634974659,0.9064175485480809,0.22559825670849917,0.08786821512994442
AllianceBern Small-Mid Cap Value R,1.339062367546533,0.9524300607752895,0.9071230206684215,0.22547402107588865,0.08761244122722851
AllianceBern Small-Mid Cap Value C,1.3379620907165395,0.9523853858206843,0.9070379231248137,0.22529934424686424,0.0874859653260562
AllianceBern Small-Mid Cap Value A,1.3377955030907682,0.9522041247799491,0.906692695247949,0.22531416301202253,0.08757306111721147
AllianceBern Small-Mid Cap Value B,1.3392737263682473,0.9524226742516639,0.9071089504286912,0.2255112873108817,0.0876464761790874
AllianceBern Small-Mid Cap Value Ad,1.3392271339601067,0.9521521776783026,0.9065937694575339,0.22556746512301473,0.08780461759575658
Henderson Intl Opportunities B,1.1249433663357153,0.9197054706887495,0.8458581528148144,0.19616511944098788,0.07956496225568256
Henderson Intl Opportunities A,1.1235954376260604,0.9191713858833084,0.8448760366266419,0.19604398789757632,0.0797017978151894
Henderson Intl Opportunities C,1.1254438887233447,0.9199907880144454,0.8463830500314402,0.19619153358723398,0.07946827202758283
Henderson Intl Opportunities R,1.1247563732259889,0.9189667222292766,0.8444998365648204,0.19629027396268564,0.07993285241759693
Henderson Intl Opportunities A LW,1.1235954376260604,0.9191713858833084,0.8448760366266419,0.19604398789757632,0.0797017978151894
Henderson Intl Opportunities I,1.1254901634819359,0.9190282280850376,0.8446128840171238,0.19640505768622124,0.07997898118073393
Hartford Small Company HLS IA,1.2176128009532663,0.9242058159811383,0.8541563902933614,0.2112887740541567,0.08789792700943629
Hartford Small Company HLS IB,1.2172567936322345,0.9241829629537438,0.854114149013961,0.2112322189533045,0.08786617967384537
Hartford MidCap HLS IA,1.154836607252356,0.9573052376407052,0.916433318014327,0.1934678150309577,0.06118086843742669
Hartford MidCap HLS IB,1.1545672615215645,0.9572836803150427,0.916392044597513,0.19342704461912225,0.0611652031353464
Hartford Dividend & Growth HLS IB,0.9626209262217961,0.991707060768921,0.9834828943789324,0.1556732135723903,0.02088165038570376
Hartford Dividend & Growth HLS IA,0.9628490020576982,0.991714784709583,0.9834982142115745,0.1557088833728965,0.02086668116039129
Hartford Stock HLS IA,1.0919621246233042,0.9917409764300269,0.9835501643303831,0.17658170192896272,0.02702168036506277
Hartford Stock HLS IB,1.0917541690978627,0.9917381578500282,0.9835445737357673,0.1765485799582934,0.027003162213614196
VALIC Company I Mid Cap Index,1.1626426734092754,0.9604031787189786,0.9223742656935184,0.1941524035239953,0.06004138893300664
VALIC Company I Stock Index,1.0001044612600039,0.999963413019871,0.9999268273783493,0.16040073365863652,0.0013719063987230118
ING Growth and Income Port S2,1.028226434710866,0.9913907415452218,0.9828556024215847,0.1663360932397991,0.022240560934832558
ING Growth and Income Port Adv,1.0243226752992447,0.9922241672351805,0.9845087980455474,0.16556448438565444,0.020968674150739833
ING Growth and Income Port I,1.022083491131904,0.9921250360652125,0.9843120871873992,0.1652192853142557,0.020990758368686243
ING Growth and Income Port S,1.0226200066250974,0.9922054585290867,0.9844716719349151,0.16529254745390035,0.020910528968390657
JHVIT Blue Chip Growth Trust Ser NAV,1.1073241038589388,0.9683058747917256,0.9376162671561689,0.18339318174411634,0.04892525248112285
JHVIT Blue Chip Growth Trust Ser I,1.1064391453637918,0.9685818951620725,0.938150887635752,0.18319446978242834,0.048644992159812196
JHVIT Blue Chip Growth Trust Ser II,1.1068182115719625,0.9685088363866691,0.9380093661590595,0.1832709268618028,0.04873295683079368
JHVIT Equity-Income Trust Ser I,1.0382813401695623,0.9858569492764007,0.9719139244365715,0.1689109018894836,0.02895910711379393
JHVIT Equity-Income Trust Ser II,1.0379990288845173,0.9859894880828172,0.9721752706098158,0.1688423517745674,0.028809348420571833
JHVIT Equity-Income Trust Ser NAV,1.038768112652112,0.9860350180114035,0.9722650567447488,0.1689595370698708,0.02881035497736716
ING T. Rowe Price Equity Income Port Adv,1.0373670422875976,0.9858746826574348,0.9719488899048979,0.16875915859540666,0.028886285652986
ING T. Rowe Price Equity Income Port S2,1.0370490804155186,0.9860397303986657,0.9722743499246733,0.16867934584080246,0.02870185784138455
ING T. Rowe Price Equity Income Port I,1.0381106073507569,0.9857847036793214,0.9717714820081274,0.1688956726779531,0.029020853225740967
ING T. Rowe Price Equity Income Port S,1.0340492120960194,0.9859618948461443,0.9721208580885992,0.16820482516503132,0.028604583670487228
JHVIT Capital Appreciation Trust Ser I,1.07325364129097,0.9564748250913142,0.9148440910334601,0.1799462081073013,0.05380186473032766
JHVIT Capital Appreciation Trust Ser II,1.0688367000853904,0.9552787334150372,0.9125574585150378,0.17943000825837646,0.05418773829280849
JHVIT Capital Appreciation Trust Ser NAV,1.0698103351120154,0.9559934026777661,0.9139233859634133,0.179459223106503,0.05382117232681541
ING FMR Diversified Mid Cap Port I,0.9816891120386746,0.9228985207104464,0.8517416795295303,0.17060923876616133,0.06573848658969583
ING FMR Diversified Mid Cap Port Adv,0.9813306320711331,0.9237407465105058,0.8532969667637864,0.17039170395209105,0.06531275500843324
ING FMR Diversified Mid Cap S2,0.9813494817452587,0.9237000855154258,0.8532218479812049,0.17040241031530265,0.06533342294776774
ING FMR Diversified Mid Cap S,0.9813199880974445,0.9239674096514644,0.853715774098037,0.17034806802365868,0.06520306417223627
JHVIT 500 Index Trust Ser NAV,0.9979913245811242,0.9999429426042779,0.9998858884641022,0.16006455941781084,0.001739591235702606
JHVIT 500 Index Trust Ser I,0.999095225885243,0.999951896479621,0.9999037952731906,0.16024021325316976,0.0015780675303010566
JHVIT 500 Index Trust Ser II,0.9970075716697445,0.9999374798526085,0.9998749636139859,0.1599079838972863,0.0018509956356100965
Columbia VP Diversified Equity Income 2,1.078486029817416,0.988843325629278,0.9778111226415703,0.17492272354279323,0.02893082422000386
Columbia VP Diversified Equity Income 1,1.0773271589144218,0.9887399765179716,0.9776067411647591,0.17475305822411205,0.02893566359821964
ING MidCap Opportunities Port Adv,1.1162616681511779,0.9552978706585439,0.9125940216847481,0.1874028251350489,0.05844571453623073
ING MidCap Opportunities Port I,1.1139833082841843,0.9563926518497262,0.9146869045121516,0.18680661175404112,0.05753178307986109
ING MidCap Opportunities Port S,1.1169010275057758,0.9564083826343723,0.9147169943732959,0.18729261903268216,0.05780728149130399
ING MidCap Opportunities Port S2,1.1179419424426122,0.9557403072611668,0.9134395349236694,0.1875980687987927,0.05833242250209202
JP Morgan Instl Smart Index,,,0,0,0
JPMorgan Disciplined Equity Instl,1.0120025722630723,0.9987746422913721,0.9975507860842583,0.16250179806216444,0.00826763856122458
JPMorgan Disciplined Equity Sel,1.011633445964642,0.9987941241717251,0.9975897024799633,0.16243924814326177,0.00818861412693899
JPMorgan Disciplined Equity R6,1.0128028906041342,0.9988186921206825,0.9976387797296709,0.1626230365682617,0.008163006658030339
JPMorgan Disciplined Equity A,1.0114209373412655,0.9987088336315498,0.9974193343736907,0.16241919643538505,0.00845009349513224
JP Morgan Disciplined Equity B,,,0,0,0
JPMorgan Disciplined Equity A LW,1.0114209373412655,0.9987088336315498,0.9974193343736907,0.16241919643538505,0.00845009349513224
First Eagle US Value A Load Waived,0.6905193615638001,0.9786160157193929,0.9576893062224989,0.11316793314272966,0.05481000132268789
First Eagle US Value A,0.6905193615638001,0.9786160157193929,0.9576893062224989,0.11316793314272966,0.05481000132268789
First Eagle US Value C,0.6909402574087493,0.9781577653179052,0.9567926138517181,0.11328993089270682,0.054864511431397985
First Eagle US Value I,0.6913266377238435,0.9782349337718651,0.9569435856516452,0.11334419451657435,0.05479572927910055
Hartford International Opp HLS IA,1.2091483040794333,0.9300841992586846,0.8650566177106686,0.20849658076394714,0.08359702986210009
Hartford International Opp HLS IB,1.208953980326046,0.9300878393945978,0.8650633889897112,0.20846226617873675,0.08357122621733196
JHVIT Fundamental Value Trust Ser I,0.9933133580279935,0.9878660382915719,0.9758793096098854,0.16126322923666048,0.025063249801047634
JHVIT Fundamental Value Trust Ser II,0.9938889256503799,0.9880441398925559,0.9762312223760206,0.16132754997708823,0.024886188914838837
JHVIT Fundamental Value Trust Ser NAV,0.992658673060408,0.9879548090133233,0.9760547046525523,0.1611424268203537,0.024958190504662938
Columbia Mid Cap Value I,1.187179230246819,0.9695967739191382,0.9401179039944004,0.19636576299695035,0.0566474226668274
Columbia Mid Cap Value R4,1.189059023542644,0.9696176435418368,0.9401583746676245,0.19667252496786103,0.05685741034499667
Columbia Mid Cap Value W,1.187871535209309,0.9695792339301663,0.9400838908686082,0.19648396782454622,0.05674235827270907
Columbia Mid Cap Value Y,1.1885723208405539,0.9698429326711422,0.9405953140521617,0.1965463671255118,0.0566409684623788
Columbia Mid Cap Value A,1.187371313487296,0.9695496015827927,0.940026429929352,0.1964073984480807,0.056703431976768394
Columbia Mid Cap Value B,1.1881110819173382,0.9698466337494069,0.9406024929950564,0.19646934518272313,0.05658319346972461
Columbia Mid Cap Value C,1.1885800517655056,0.9696925156423405,0.9403035748927706,0.19657817697159036,0.05674755620689548
Columbia Mid Cap Value Z,1.1905640892890017,0.969349245433727,0.9396379596229361,0.19697593414877848,0.05722573677458338
Columbia Mid Cap Value A Load Waived,1.187371313487296,0.9695496015827927,0.940026429929352,0.1964073984480807,0.056703431976768394
Columbia Mid Cap Value R,1.1875179562058567,0.9694984025960286,0.9399271526362512,0.19644182776188887,0.056756830318754635
DFA Tax-Managed US Equity,1.0270361671899748,0.997536834978117,0.9950797371381589,0.16512031136603625,0.012364831452235426
Causeway International Value Instl,1.3155411634128402,0.9267521739123845,0.8588695918513305,0.22765120673222447,0.09935573405181433
Causeway International Value Inv,1.3139953960487556,0.9259059180527452,0.8573017690850969,0.22759143049817246,0.099618737745843
Invesco Diversified Dividend A,0.9061483209275222,0.9746913353967799,0.950023199297558,0.14911016242044828,0.03656546064887958
Invesco Diversified Dividend B,0.9058876670087858,0.9744503135278496,0.9495534135345245,0.14910380141178733,0.03672385437598914
Invesco Diversified Dividend C,0.9085436039295379,0.9749752427745417,0.9505767240232765,0.1494604846016839,0.0363110396871989
Invesco Diversified Dividend A LW,0.9061483209275222,0.9746913353967799,0.950023199297558,0.14911016242044828,0.03656546064887958
Invesco Diversified Dividend R,0.9051969511935702,0.9747264952234761,0.9500917404906412,0.14894835404036913,0.03657481322165374
Invesco Diversified Dividend Instl,0.9062841816834293,0.9747955463989623,0.9502263572792513,0.14911647127661812,0.03649600464374801
Invesco Diversified Dividend Investor,0.9065504026727055,0.9746523660753252,0.9499472346962299,0.14918215266569226,0.03657678244108906
Invesco Diversified Dividend Y,0.9099057837400886,0.974277411443623,0.9492164744492867,0.1497916663833097,0.036708782002083315
MassMutual Select Fundamental Value A LW,1.069455345350361,0.9910824939319531,0.9822445097783798,0.17305570574611984,0.02560445919812555
MassMutual Select Fundamental Value S,1.069009526629365,0.9910538660584579,0.9821877654294159,0.17298865048693193,0.025598560211451998
MassMutual Select Fundamental Value Y,1.0680876350092323,0.9908792783730829,0.9818417443091615,0.17287013935696904,0.025722410915018208
MassMutual Select Fundamental Value L,1.0704031960321498,0.9910211063302989,0.9821228331921297,0.17322005183782907,0.02576150072990794
MassMutual Select Fundamental Value A,1.069455345350361,0.9910824939319531,0.9822445097783798,0.17305570574611984,0.02560445919812555
MassMutual Select Fundamental Value N,1.0676842970206126,0.9906766874393347,0.9814402990357732,0.1728400254935666,0.025923637158060245
MassMutual Select Fundamental Value Z,1.0687922044119107,0.9912191948255888,0.9825154921906887,0.1729242188929053,0.02538356758708279
RidgeWorth Mid-Cap Value Equity A LW,1.3269429787454334,0.9584504240839208,0.9186272154266476,0.22203241095724138,0.08220934700342893
RidgeWorth Mid-Cap Value Equity A,1.3269429787454334,0.9584504240839208,0.9186272154266476,0.22203241095724138,0.08220934700342893
RidgeWorth Mid-Cap Value Equity C,1.326386668986448,0.958755390529922,0.9192118988701833,0.22186859501537387,0.08194114088974738
RidgeWorth Mid-Cap Value Equity I,1.3279394956039798,0.9585816319817885,0.918878745172869,0.22216857358495953,0.08226585385379295
Transamerica Asset Allc Growth A,1.0584698493213345,0.9855351944056779,0.9712796194122375,0.17224719091220256,0.03065379521024933
Transamerica Asset Allc Growth B,1.060121628866096,0.9859006493781187,0.9720000904441961,0.17245195986100811,0.03041875907747279
Transamerica Asset Allocation - Gr C2,,,0,0,0
Transamerica Asset Allocation - Gr M,,,0,0,0
Transamerica Asset Allc Growth C,1.0608227791932707,0.9861309152680482,0.9724541820473985,0.17252554636031317,0.030243723744014815
Transamerica Asset Allc Growth A LW,1.0584698493213345,0.9855351944056779,0.9712796194122375,0.17224719091220256,0.03065379521024933
Transamerica Asset Allc Growth I,1.0606207039373579,0.98552373215684,0.9712570266443469,0.17259882335192678,0.03082853630336054
Transamerica Asset Allc Growth R,1.0613404089614453,0.9859379361442031,0.9720736139282907,0.17264377832773192,0.03047570081159117
Cohen & Steers Instl Realty Shares,1.1337483346834198,0.8469834350451737,0.7173809392409219,0.21467362153524902,0.11610142050315277
Target Small Capitalization Value T,1.1240185159163814,0.9563731950106804,0.914649688134937,0.18849028651337268,0.05853729961058447
Target Small Capitalization Value R,1.1248098668828515,0.9563875120069062,0.91467707312276,0.18861998998977886,0.05860787471189954
Diamond Hill Large Cap A,0.9452260464744326,0.9796862238550214,0.959785097211311,0.15472908263301993,0.032243286346855735
Diamond Hill Large Cap C,0.945951915196695,0.980183097216574,0.9607589040690757,0.15476948135592003,0.031855633626699006
Diamond Hill Large Cap I,0.9460183239552158,0.97961566181542,0.9596468448740635,0.15487000011671692,0.03228749229099036
Diamond Hill Large Cap A Load Waived,0.9452260464744326,0.9796862238550214,0.959785097211311,0.15472908263301993,0.032243286346855735
Diamond Hill Large Cap Y,0.9454745713144399,0.9798816907754495,0.9601681279169536,0.1547387962917294,0.0320918157634518
Pioneer Cullen Value Z,0.9568859661021087,0.9795878587971167,0.9595923731027198,0.15666498041646762,0.03223511594276238
Pioneer Cullen Value R,0.9533973139752006,0.9794433326906744,0.9593092419522151,0.1561170798862907,0.03235927473675897
Pioneer Cullen Value A,0.9541211214034095,0.9796856841436884,0.9597840397160868,0.1561967480921186,0.03216889224536056
Pioneer Cullen Value A Load Waived,0.9541211214034095,0.9796856841436884,0.9597840397160868,0.1561967480921186,0.03216889224536056
Pioneer Cullen Value B,0.9539895993610139,0.9794437175668713,0.9593099958812132,0.1562138033571998,0.032356223548119845
Pioneer Cullen Value C,0.955649124757703,0.9797453968626936,0.959901042673637,0.1564371847612304,0.03211626671543194
Pioneer Cullen Value Y,0.9540513668854782,0.9793965178488028,0.9592175391743603,0.156231468151314,0.03239226834258741
Columbia Small Cap Value II A,1.349905984540024,0.9478249607126829,0.8983721561499988,0.2284050738893479,0.09191230416656904
Columbia Small Cap Value II B,1.3498708301163629,0.9472583081475138,0.8972983023544902,0.22853573527606008,0.09224625986701962
Columbia Small Cap Value II C,1.34961850799508,0.9471581116721653,0.8971084885063821,0.2285171314531576,0.09227065100907067
Columbia Small Cap Value II Z,1.3476408885327664,0.947433250989767,0.8976297650810391,0.22811615471398755,0.09182845070608979
Columbia Small Cap Value II A LW,1.349905984540024,0.9478249607126829,0.8983721561499988,0.2284050738893479,0.09191230416656904
Columbia Small Cap Value II R,1.3499510473813094,0.9469523901227497,0.8967188291591883,0.22862317341719177,0.09244023235397432
Columbia Small Cap Value II I,1.34842565966693,0.9475300490147303,0.8978131937858571,0.22822544907355574,0.09188075163642222
Hartford Growth Opportunities HLS IA,1.1950875581932316,0.9558624206626558,0.913672967235072,0.2005129067624269,0.06669362215544195
Hartford Growth Opportunities HLS IB,1.1948963121184435,0.9558707776095974,0.9136889434879766,0.2004790749664603,0.06666564931750439
MFS Aggressive Growth Allocation R,,,0,0,0
MFS Aggressive Growth Allocation A,1.0516860492038953,0.9819971909124969,0.9643184829600348,0.17176521029871197,0.03347997184076161
MFS Aggressive Growth Allocation C,1.0479124866588267,0.9816653173885589,0.96366679536358,0.17120694786705024,0.033518763343847534
MFS Aggressive Growth Allocation B,1.050301154008074,0.9815878403465024,0.9635146883161105,0.17161059096934436,0.03374972451952615
MFS Aggressive Growth Allocation I,1.0515461907371255,0.9816292734735063,0.9635960305401238,0.17180665457727018,0.033798832719015605
MFS Aggressive Growth Allocation 529B,1.0532152849662566,0.9818148341693486,0.9639603685949855,0.1720466851382867,0.03375029645016752
MFS Aggressive Growth Allocation 529C,1.0532305769482264,0.9819941439369575,0.9643124987264781,0.17201770446423875,0.033590940500671
MFS Aggressive Growth Allocation 529A,1.051741965374184,0.9817477961504791,0.9638287352463228,0.1718179369991617,0.0337068987667962
MFS Aggressive Growth Allocation R2,1.0511221279785699,0.9819959089415649,0.9643159651779701,0.1716733062804945,0.03344199032695558
MFS Aggressive Growth Allocation A LW,1.0516860492038953,0.9819971909124969,0.9643184829600348,0.17176521029871197,0.03347997184076161
MFS Aggressive Growth Allocation R1,1.0509982520415415,0.9818253992937483,0.9639811146983284,0.17168279449549306,0.033586065969365496
MFS Aggressive Growth Allocation R2,,,0,0,0
MFS Aggressive Growth Allocation R3,1.0505001441753428,0.9817236080912423,0.9637812426836869,0.1716193119330139,0.03364256687941207
MFS Aggressive Growth Allocation R4,1.0539993865875539,0.9820043235343188,0.9643324914400949,0.17214153260900722,0.03363626430123836
MFS Aggressive Growth Allocation 529A LW,1.051741965374184,0.9817477961504791,0.9638287352463228,0.1718179369991617,0.0337068987667962
Eaton Vance Atlanta Capital SMID-Cap I,1.075087321765017,0.9384660524087138,0.8807185315235949,0.183727634829013,0.06457310826606205
EV Atlanta Capital Small-Cap R,,,0,0,0
Eaton Vance Atlanta Capital SMID-Ca A LW,1.074256087054116,0.938915552895438,0.8815624154689462,0.18349769640108057,0.0642497001721253
Eaton Vance Atlanta Capital SMID-Cap A,1.074256087054116,0.938915552895438,0.8815624154689462,0.18349769640108057,0.0642497001721253
Eaton Vance Atlanta Capital SMID-Cap C,1.0699104340879775,0.9378797009660668,0.8796183334841988,0.182957522817008,0.06444778353079558
Eaton Vance Atlanta Capital SMID-Cap R,1.0713528955407714,0.9380817410995321,0.8799973529843296,0.18316465022752046,0.0644606391737728
ING T. Rowe Price Growth Equity Port S,1.117700272753546,0.9694082361937735,0.9397523284003229,0.1849018756228276,0.0491461239106276
ING T. Rowe Price Growth Equity Port Adv,1.117703326769135,0.9692489408747725,0.9394435093868684,0.18493275100542717,0.04926059855775395
ING T. Rowe Price Growth Equity Port I,1.1184832098365651,0.9692503461057389,0.9394462334260948,0.18506148991917254,0.049336937755829265
ING T Rowe Price Growth Equity Port S2,1.117573256960668,0.9692762913974506,0.9394965290651957,0.18490600901500406,0.049228131144039594
ING Oppenheimer Global Port Adv,1.1866188293912425,0.9700829009074625,0.9410608346330378,0.1961777186816504,0.05623861157803461
ING Oppenheimer Global Port I,1.1875581749170836,0.9699307987667002,0.9407657543962089,0.19636364259819852,0.056457903907497234
ING Oppenheimer Global Port S,1.1876303320105568,0.9698850841754515,0.9406770765060227,0.19638491849635645,0.05649869272739224
ING Oppenheimer Global Port S2,1.1880270300606441,0.9698992515667807,0.9407045581898014,0.1964475102217585,0.056536137328399245
Third Avenue International Value Instl,1.000932569708842,0.8972432194488152,0.8050453948468749,0.1789268687062723,0.07898028780260058
Third Avenue International Value Inv,1.0009474089232369,0.8972964301032476,0.8051408834760323,0.17891882874067863,0.07895743590016079
TIAA-CREF Growth & Income Premier,1.0105454711246762,0.9941912243061319,0.9884161904873257,0.16301565033255727,0.01762286846675567
TIAA-CREF Growth & Income Instl,1.0108760602825455,0.9939038056801975,0.9878447749455799,0.16311618947683684,0.01806445513581588
TIAA-CREF Growth & Income Retire,1.014659737460776,0.9940948507320929,0.9882245722520621,0.16369494158740955,0.017914661201150307
TIAA-CREF Growth & Income Retail,1.0126498178178949,0.9942940986725293,0.9886207546550173,0.16333811754000785,0.017538070529353317
TIAA-CREF International Eq Premier,1.3196625351835796,0.9105128642240718,0.8290336759175232,0.23243901063817496,0.10890800233624534
TIAA-CREF International Eq Instl,1.3171680079822454,0.9097733291220695,0.8276875103818534,0.23218829766956858,0.10896211802349301
TIAA-CREF International Eq Retire,1.3161343380918415,0.9097368387875955,0.8276211158472474,0.2320155856406096,0.10883776654977767
TIAA-CREF International Eq Retail,1.3222059641022181,0.9102755429596934,0.8286015641105645,0.232947550225255,0.10939299893960307
TIAA-CREF Equity Index Retail,1.039225742190068,0.9978136912369745,0.9956321624199562,0.16703415370186595,0.01270333946699506
TIAA-CREF Equity Index R,1.0397441020821392,0.997726467562305,0.9954581040743552,0.16713200288538968,0.012939481618714393
TIAA-CREF Equity Index Instl,1.041172509476812,0.9975714443351725,0.9951487865529622,0.16738752174852195,0.013396014912787276
TIAA-CREF Equity Index Premier,1.038250804544854,0.9977198591847598,0.995444917411657,0.1668931274277932,0.012823434768920608
TIAA-CREF Social Choice Eq Premier,1.0260499190350931,0.9927483601822658,0.9855493066445775,0.16575690939670115,0.020355055731057975
TIAA-CREF Social Choice Eq Instl,1.0262508737416773,0.9924793213679624,0.9850152033430112,0.16583404626564044,0.020728045246435706
TIAA-CREF Social Choice Eq Retire,1.0274147497151362,0.9924933865736731,0.9850431223924785,0.16601990506499656,0.02077045287811969
TIAA-CREF Social Choice Eq Retail,1.0275438933277348,0.9924816869467856,0.9850198989247373,0.16604253668141328,0.02079296854246418
Manning & Napier Equity,1.081768178240287,0.97970632677019,0.9598244867135384,0.17708326661503138,0.03783207423975814
Manning & Napier Overseas,1.3005311440442133,0.9173728566625932,0.8415729581412867,0.22735910774722104,0.10251119126974612
DFA US Targeted Value I,1.3892232494632606,0.9398790501032046,0.8833726288229022,0.23704546172318686,0.10220626704332064
DFA US Targeted Value R1,1.3890627169252523,0.9399942815830508,0.8835892494088359,0.23698888869904344,0.10211575324226027
DFA US Targeted Value R2,1.3868326239237942,0.9403933522008768,0.8843396568636023,0.23650826286387042,0.10156122142977697
Royce Value Plus Svc,1.2365739565467562,0.9155450432269111,0.8382227261773666,0.21660544462873804,0.09500881770751246
Royce Value Plus R,1.2374516341316708,0.9159194830448271,0.8389084994211033,0.2166705679680532,0.09491971264558675
Royce Value Plus K,1.2397903685533735,0.9154905823649664,0.8381230063989452,0.21718161606107855,0.09545261686672907
Royce Value Plus Consult,1.238713088666899,0.9151385023038812,0.8374784783989907,0.21707638492120207,0.09550348316534946
Royce Value Plus Instl,1.2405381870361258,0.9154624773504019,0.838071547436535,0.21731936709119792,0.0955643593609264
Royce Value Plus Invmt,1.238912978511955,0.9153438472202166,0.8378543586439071,0.21706289919228217,0.09541855756204272
William Blair Instl International Gr,1.0898397708098762,0.911678556058002,0.8311577895760035,0.1917182083127717,0.08006874220647914
TIAA-CREF Large-Cap Value Instl,1.1409654153033835,0.9781576454476694,0.9567923793477285,0.18707391333431211,0.044970844192467004
TIAA-CREF Large-Cap Value Retail,1.1399783353996453,0.9777965637269722,0.9560861200362748,0.18698109297420246,0.04514896459591346
TIAA-CREF Large-Cap Value Retire,1.1405238985771107,0.9782560526302384,0.9569849045076958,0.18698272975918823,0.04484394906973249
TIAA-CREF Large-Cap Value Premier,1.1397461846116999,0.9780697338114557,0.9566204041980119,0.1868908454238868,0.044906837605043125
TIAA-CREF Mid-Cap Growth Premier,1.1774411393748945,0.9489307854784723,0.9004696356287905,0.19899885270931203,0.06891548484595496
TIAA-CREF Mid-Cap Growth Retail,1.1767831180294912,0.9490256368660575,0.9006496594290261,0.19886788435299785,0.06878259595239743
TIAA-CREF Mid-Cap Growth Instl,1.1774991283078573,0.9486262903126155,0.8998918386722745,0.19907252322777147,0.06910629378238314
TIAA-CREF Mid-Cap Growth Retire,1.1765368923660156,0.9483247426757171,0.8993198175709651,0.19897315213772265,0.06917801555152302
TIAA-CREF Mid-Cap Value Retire,1.1263413002609952,0.9804622012989334,0.9613061281759501,0.18424305459987822,0.04151267880740945
TIAA-CREF Mid-Cap Value Retail,1.1255997483090148,0.980144307667458,0.9606828638529205,0.1841815418742394,0.04169838248363963
TIAA-CREF Mid-Cap Value Instl,1.1276963799171864,0.9803874560066285,0.9611595638951489,0.18447867846953764,0.041719306834796584
TIAA-CREF Mid-Cap Value Premier,1.1276235899143519,0.9804631152488158,0.9613079203634127,0.18445262351278535,0.04164856557470811
TIAA-CREF S&P 500 Index Instl,0.9997798440782865,0.9999803908735557,0.9999607821316292,0.16034545548812207,0.0010045689343717334
TIAA-CREF S&P 500 Index Retire,0.9976724731496872,0.999974457438892,0.9999489155302064,0.16000854052387595,0.0012027715223005332
TIAA-CREF Small-Cap Equity Retail,1.2891871185929915,0.940260634919619,0.884090061579445,0.21988586776432903,0.0880482671912579
TIAA-CREF Small-Cap Equity Instl,1.2900930483006958,0.940008775255948,0.8836164975581873,0.22009923456982927,0.08831651393338083
TIAA-CREF Small-Cap Equity Retire,1.2874881112191727,0.9398594655673341,0.8833358150165149,0.21968984432503408,0.08805516070477154
TIAA-CREF Small-Cap Equity Premier,1.2899800222651867,0.939755886057557,0.8831411253798241,0.22013914722705902,0.088448833199242
TIAA-CREF International Eq Idx Premier,1.1858553478640248,0.9331926563649335,0.8708485338934409,0.2038009917829786,0.07905809393303671
TIAA-CREF International Eq Idx Instl,1.185458572811924,0.9328529707239686,0.8702146649885334,0.20380698984345152,0.07920245097218295
TIAA-CREF International Eq Idx Retire,1.1858232404550957,0.9328278517360397,0.8701678009744748,0.2038750910240278,0.07925946412751991
TIAA-CREF Real Estate Sec Retail,1.125380173673968,0.8629695921524788,0.7447165169798156,0.209140303582842,0.10754631758554567
TIAA-CREF Real Estate Sec Instl,1.1231656785907742,0.8620809517750849,0.7431835674134362,0.20894399815528494,0.10769404732803813
TIAA-CREF Real Estate Sec Retire,1.1253943730620248,0.862785005416327,0.7443979655712514,0.20918769345136987,0.10763500841707058
TIAA-CREF Real Estate Sec Premier,1.1269480172500763,0.863154928153415,0.745036429995527,0.20938663786706888,0.10765072015764905
Allianz NFJ International Value Instl,1.1515117908381827,0.9375544717894847,0.8790083875724597,0.19696997239252265,0.0726828307089842
Allianz NFJ International Value Adm,1.1510027145200472,0.9372830291228164,0.8784994766816422,0.1969399617376652,0.07278141187300637
Allianz NFJ International Value A LW,1.1515734099287402,0.9371265288080737,0.8782061309958693,0.19707044506494117,0.07293291625418133
Allianz NFJ International Value A,1.1515734099287402,0.9371265288080737,0.8782061309958693,0.19707044506494117,0.07293291625418133
Allianz NFJ International Value C,1.1496762576678896,0.9368965950032493,0.8777752297286825,0.19679405143045284,0.07285564565594077
Allianz NFJ International Value D,1.1505113697125104,0.9372215471716171,0.8783842284827599,0.1968687473510668,0.07276253571391306
Allianz NFJ International Value R,1.1505588154410897,0.9373538807632406,0.8786322977819073,0.1968490616985925,0.07269252119445889
Allianz NFJ International Value P,1.151008928131875,0.937139434300998,0.8782303193219946,0.19697120632914827,0.07286368124630438
Columbia Mid Cap Value Opportunity C,1.2055468727239553,0.9669614092902529,0.9350143670565919,0.19995178123751142,0.06069030381863709
Columbia Mid Cap Value Opportunity R4,1.2086037140114652,0.9672128098560964,0.9355006195497253,0.2004067053255587,0.0608947615497605
Columbia Mid Cap Value Opportunity A,1.2049235995504777,0.9662716698932857,0.9336809400383589,0.19999105005675463,0.06108244438285653
Columbia Mid Cap Value Opportunity B,1.201431939477757,0.9667578090213339,0.93462066130373,0.19931137109842476,0.060326415363960946
Columbia Mid Cap Value Opportunity A LW,1.2049235995504777,0.9662716698932857,0.9336809400383589,0.19999105005675463,0.06108244438285653
Columbia Mid Cap Value Opportunity I,1.205587169890401,0.9676550007211913,0.9363562004207288,0.19981528815567068,0.06022158761152729
Columbia Mid Cap Value Opportunity Z,1.2053405456592095,0.9669078635349492,0.9349108165657198,0.19992853856036877,0.060701476451970604
Columbia Mid Cap Value Opportunity R,1.202343850416988,0.967724318219842,0.9364903560740578,0.19926334336098453,0.05977699369326122
Columbia Mid Cap Value Opportunity R5,1.2020137893779401,0.9661650229633959,0.9334748515978594,0.1995303228257972,0.06079978823403205
Columbia Mid Cap Value Opportunity W,1.2033382260443197,0.9662732391862257,0.9336839727674408,0.19972774341342883,0.06088778075164335
Columbia Mid Cap Value Opportunity R3,1.2034784914873264,0.9668640728741218,0.9348261354147351,0.1996289198142448,0.06050352471903638
Columbia Large Core Quantitative A,1.0209689250059504,0.9937390077160057,0.9875172154563914,0.1647690594128478,0.018710287690969826
Columbia Large Core Quantitative B,1.0215872369627588,0.9943411318508095,0.988714286490349,0.16476865000478239,0.017839952911498286
Columbia Large Core Quantitative C,1.0187301076753095,0.9942928800144359,0.9886183312474016,0.16431652831193794,0.017782318629973558
Columbia Large Core Quantitative R4,1.0244964687973792,0.9947849890709025,0.9895971744807955,0.16516448754656907,0.017294715388428968
Columbia Large Core Quantitative I,1.0143872382108698,0.993821082390526,0.9876803438038767,0.16369354442688733,0.018311566609578975
Columbia Large Core Quantitative A LW,1.0209689250059504,0.9937390077160057,0.9875172154563914,0.1647690594128478,0.018710287690969826
Columbia Large Core Quantitative Z,1.0233939091861037,0.9940800938075429,0.9881952329044134,0.16510313454875727,0.01832328891228449
Columbia Large Core Quantitative R,1.0187638130135535,0.9946317601407496,0.9892923382806856,0.1642662069254381,0.017259030078963632
RiverSource Disciplined Equity R3,,,0,0,0
Columbia Large Core Quantitative R5,1.012311169031762,0.9942662125585223,0.9885653014354686,0.16328558457401557,0.017568682902710717
Columbia Large Core Quantitative W,1.0137653176608463,0.9936864901106337,0.9874128406283905,0.16361539282000948,0.018485305691880928
JPMorgan Intrepid America Sel,1.0805442919105783,0.9921505355420901,0.9843626851764562,0.17466524190910587,0.025370665047534536
JPMorgan Intrepid America A Load Waived,1.081175531919475,0.9921049781962583,0.984272287761798,0.17477519076379777,0.02548836417968945
JPMorgan Intrepid America A,1.081175531919475,0.9921049781962583,0.984272287761798,0.17477519076379777,0.02548836417968945
JPMorgan Intrepid America C,1.0806492644704273,0.9921608046663102,0.9843830623161,0.17468035817904654,0.025368621343434716
JPMorgan Intrepid America R5,1.0817321589208195,0.9921104699605092,0.9842831846052625,0.1748642269182947,0.025537116966307238
JPMorgan Intrepid America R2,1.0804477334393443,0.9922938797261057,0.9846471437418871,0.17462437816343204,0.025186845893360784
JHVIT Fundamental All Cap Core Ser NAV,1.120907671221649,0.9815194556166736,0.9633804417540515,0.18315126267925147,0.04004709361823069
JHVIT Fundamental All Cap Core Tr Ser I,1.118717009871543,0.9817349185621711,0.9638034503242726,0.18275343137109445,0.039633558330354576
JHVIT Fundamental All Cap Core Tr Ser II,1.11781667588156,0.9812741508694374,0.9628989591645353,0.18269214747430637,0.03993381706331114
Wells Fargo Advantage Small Cap Growth A,,,0,0,0
Wells Fargo Advantage Small Cap Gro A LW,,,0,0,0
Wells Fargo Advantage Sm Cap Gr Inv,,,0,0,0
Wells Fargo Advantage Small Cap Growth I,,,0,0,0
Wells Fargo Advantage Small Cap Growth B,,,0,0,0
Wells Fargo Advantage Small Cap Growth C,,,0,0,0
Wells Fargo Advantage Small Cap Gr Adm,,,0,0,0
Fidelity Real Estate Income,0.3534211110688713,0.8154764837586999,0.665001895563453,0.06955455087637125,0.11120466575229271
Fidelity Advisor Real Estate Income A LW,0.35456026422595127,0.8167180433808536,0.6670283623838499,0.06967243716674408,0.111014936602227
Fidelity Advisor Real Estate Income A,0.35456026422595127,0.8167180433808536,0.6670283623838499,0.06967243716674408,0.111014936602227
Fidelity Advisor Real Estate Income C,0.3553035283698585,0.8179392650105285,0.6690246412459635,0.069713973598854,0.11086890547059233
Fidelity Advisor Real Estate Income T,0.35353780846699767,0.8131149620313727,0.6611559414792807,0.06977860510362484,0.111318357446631
Fidelity Advisor Real Estate Income Inst,0.35641994063646526,0.8182217198977354,0.6694867829124082,0.06990877114256225,0.11073243638534928
Schwab Dividend Equity Investor,,,0,0,0
Schwab Dividend Equity,0.9214496505053098,0.9902741034004685,0.980642799865602,0.14922787455515135,0.02428065485707265
ING American Funds Growth,1.0833771504955978,0.9744838375968677,0.9496187497375185,0.17829998058352564,0.042186927331670156
Hartford Equity Income A Load Waived,0.8698029058232702,0.9769435292132623,0.9544186592716644,0.1427926345549514,0.036943217399782874
Hartford Equity Income A,0.8698029058232702,0.9769435292132623,0.9544186592716644,0.1427926345549514,0.036943217399782874
Hartford Equity Income B,0.8687035316533525,0.9775062853650766,0.9555185379282304,0.142530403819684,0.03669394184629184
Hartford Equity Income C,0.8693504065065297,0.976987564475213,0.9545047011392085,0.14271201679251888,0.036946372661465755
Hartford Equity Income Y,0.8698512456989224,0.9768955515535492,0.9543249186451132,0.14280742296722734,0.03696732539014497
Hartford Equity Income I,0.8684775053029681,0.9768737947609295,0.9542824108906186,0.1425853611606585,0.03706469917203468
Hartford Equity Income R3,0.8685446220605268,0.9775479579191152,0.9556000100318321,0.14249782920597073,0.036680483761103416
Hartford Equity Income R4,0.8670641492202588,0.977384833891319,0.9552811135207614,0.14227893793433874,0.03686739103761325
Hartford Equity Income R5,0.8693853134324205,0.9774019233892024,0.9553145198449122,0.14265711422153035,0.03670988873849609
Cullen High Dividend Equity R1,0.6451940033049934,0.9156796441747657,0.8384692107560254,0.11300423181535871,0.07279091705380883
Cullen High Dividend Equity R2,0.6425727874232668,0.9189268896779421,0.8444266285731767,0.11214869537788275,0.07239111907641908
Cullen High Dividend Equity Retail,0.648443220215693,0.9191064443665494,0.844756656076121,0.11314993530631318,0.07186350334163272
Cullen High Dividend Equity C,0.6457544177558241,0.9178177191571346,0.8423893655988048,0.11283900728154463,0.07233519135788938
Cullen High Dividend Equity I,0.6465304860791783,0.9183240634676345,0.8433190855437079,0.11291214378511158,0.07217352811462306
Templeton China World A Load Waived,0.958073907964459,0.7408963730485201,0.5489274355964517,0.2073772974069869,0.1394205398813529
Templeton China World A,0.958073907964459,0.7408963730485201,0.5489274355964517,0.2073772974069869,0.1394205398813529
Templeton China World B,0.9571267735829472,0.7411132216650742,0.5492488073267854,0.20711172902541733,0.13920029478531556
Templeton China World C,0.9580771330817568,0.741291741674938,0.5495134462754631,0.20726736168591706,0.13925646098493616
Templeton China World Adv,0.9576249717987126,0.740795859446474,0.5487785053730401,0.20730826777123595,0.1394006692896944
Maxim S&P 500 Index Portfolio,1.0000564116639672,0.9999599575479594,0.9999199166993167,0.160393190262794,0.0014350863930191029
Maxim S&P 500 Index L,0.9982593779825809,0.9999575908883196,0.9999151835751718,0.16010534633499013,0.001500394044243044
Principal MidCap Value I J,1.1588886786992725,0.9756204576905726,0.9518352774643623,0.19050956623251977,0.04895269530958871
Principal MidCap Value I A,,,0,0,0
Principal MidCap Value I B,,,0,0,0
Principal MidCap Value I C,,,0,0,0
Principal MidCap Value I A Load Waived,,,0,0,0
Principal MidCap Value I R3,1.1573319570269167,0.9759784068413982,0.952533850620674,0.19018414946887932,0.04850242307505491
Principal MidCap Value I R2,1.1578777061643237,0.9760141769987801,0.952603673702606,0.1902667974097385,0.04853734973814839
Principal MidCap Value I R5,1.1580583806823896,0.9756621417245371,0.9519166147945108,0.19036518614379022,0.04882624520994147
Principal MidCap Value I R4,1.1566547954992739,0.9763970201723162,0.9533511410013784,0.18999144643741547,0.04810461039453694
Principal MidCap Value I R1,1.1575139946964568,0.9757732164397195,0.9521333699211156,0.19025395975619808,0.04867966614829371
Principal MidCap Value I Inst,1.1592971221509432,0.9760587968315487,0.9526907748722505,0.19049132265216823,0.04866559739292125
Invesco Small Companies A Load Waived,1.0938768371055516,0.8732284513046246,0.7625279281678731,0.20090054045222808,0.09903279175042068
Invesco Small Companies R,1.0936283308373018,0.8738231385179515,0.7635668774093631,0.20071816395613595,0.09872726063727137
Invesco Small Companies Inst,1.093616483219409,0.8730871214704098,0.7622811216774861,0.20088520507254784,0.09906934532118929
Invesco Small Companies A,1.0938768371055516,0.8732284513046246,0.7625279281678731,0.20090054045222808,0.09903279175042068
Invesco Small Companies B,1.094309199292521,0.8738058695967462,0.7635366977417258,0.20084711959541957,0.0988120205313672
Invesco Small Companies C,1.091811043801589,0.8734232436410728,0.7628681625324929,0.20047652932095258,0.09870943457604195
Invesco Small Companies Y,1.093200005989528,0.8739086289550976,0.7637162917621784,0.20062012749753108,0.09863916485039032
AllianceBern International A LW,1.2616122883363787,0.9300845783125549,0.865057322814843,0.2175404327124402,0.09024032732178476
AllianceBern International A,1.2616122883363787,0.9300845783125549,0.865057322814843,0.2175404327124402,0.09024032732178476
AllianceBern International B,1.2594946078546092,0.9298331001734974,0.8645895941782572,0.217234129497672,0.09010570208126305
AllianceBern International C,1.2571830270512823,0.9295193585267347,0.8640062378759523,0.2169086285269048,0.08998132035516619
Bernstein International Portfolio,1.260195662340642,0.9304174042938027,0.8656765462128174,0.21721835632267666,0.08986779521120004
Vanguard Consumer Staples Index Adm,0.5229097973669629,0.830587732908299,0.6898759820577479,0.10096634932589979,0.09493393236151978
Vanguard Information Technology Idx Adm,1.1588132608421318,0.9425751392190483,0.8884478930738083,0.1971622932805413,0.07059343038158451
Vanguard Utilities Index Adm,0.36278721627321386,0.5815450240266452,0.33819461497015124,0.10005261227348435,0.13061939654571508
ING US Stock Index Port I,1.0019515378328052,0.9999472602224009,0.9998945232262858,0.16069879380469448,0.0016794873789344183
ING US Stock Index Port Adv,0.9990951738211535,0.9999738854565535,0.9999477715950765,0.1602365931682163,0.0011668406073871518
ING US Stock Index Port S2,0.9991394091136424,0.999966112675834,0.9999322265000187,0.16024503640653287,0.00132614579371594
ING US Stock Index Port S,0.9985102271244705,0.9999686878306067,0.9999373766416653,0.1601437312014274,0.001289363019220472
Principal Large Cap Value I Inst,1.0614292822263875,0.9948273530681983,0.9896814624126776,0.17111043157647188,0.019975691540353068
Principal Large Cap Value I R3,1.0588013601771036,0.9948214245771935,0.9896696667977966,0.1706875412993693,0.0197422978920364
Principal Large Cap Value I R2,1.0603479549408965,0.994598458186596,0.9892260930271539,0.17097545845906403,0.0202107224185862
Principal Large Cap Value I R5,1.06080264027258,0.9948693608129039,0.9897650450842758,0.17100189981353645,0.019855319755375144
Principal Large Cap Value I R4,1.0603312058583112,0.9946564291095135,0.9893414119688886,0.1709627960100066,0.020124743590913156
Principal Large Cap Value I R1,1.0565159546852547,0.994820405391692,0.9896676389836905,0.17031939901190016,0.019538279773503975
Principal International I R1,1.220856116902914,0.9276403419782782,0.8605166040655771,0.21106969547618668,0.08640443112660808
Principal International I R3,1.2180699807188036,0.9282739405444805,0.8616925086939777,0.21044430542032772,0.08570571852720157
Principal International I R2,1.2200136311466807,0.9289403745618002,0.8629302194910177,0.21062894128103346,0.08557580775726391
Principal International I R5,1.22240864363194,0.9283821382315899,0.861893394587459,0.21116912888969963,0.08618531959939746
Principal International I R4,1.2173828636650135,0.9280612422453776,0.8612976693580334,0.21037400247839488,0.08573880605946677
Principal International I Inst,1.2210263559654868,0.9279831351459837,0.8611526991153692,0.21102114988300985,0.08623507690888403
ING Large Cap Growth Port S2,1.0505174316479338,0.9775604943539471,0.9556245201215335,0.17234043014101372,0.0371912494008188
ING Large Cap Growth Port S,1.0490776235330466,0.9770403575953518,0.954607860370053,0.1721960118522366,0.03751570223425183
ING Large Cap Growth Port I,1.0489341993753247,0.9774961856637479,0.9554987929871763,0.1720921066601542,0.037135797384732494
ING Large Cap Growth Port A,1.047685948858843,0.9772531188549931,0.9550236583118112,0.17193003070820326,0.03724952363466065
GuideStone Funds Value Equity GS8,,,0,0,0
GuideStone Funds Value Equity GS6,,,0,0,0
GuideStone Funds Value Equity GS4,1.0860827458193714,0.993161684006397,0.9863701305784224,0.1753820143161656,0.024689999453914254
GuideStone Funds Value Equity GS2,1.0813865214776806,0.9935656342062938,0.987172669475755,0.17455289508137287,0.023684987416358227
GuideStone Funds Growth Equity GS2,1.1120245245155542,0.9762648161647555,0.9530929912812038,0.18267280259863303,0.04344425467763093
GuideStone Funds Growth Equity GS4,1.111257853891195,0.9763501761987735,0.9532596665633761,0.18253119066305326,0.04330150744761884
GuideStone Funds Growth Equity GS6,,,0,0,0
GuideStone Funds Growth Equity GS8,,,0,0,0
GuideStone Funds Internatl Equity GS8,,,0,0,0
GuideStone Funds International Eq GS6,,,0,0,0
GuideStone Funds International Eq GS4,1.2146280760400763,0.9273854696782983,0.8600438093704378,0.21004894273239863,0.08577302108404761
GuideStone Funds International Eq GS2,1.2120337236586671,0.9266258298126343,0.8586354284759531,0.2097721409711667,0.08587342197049207
DFA Global Equity R2,1.1975304840348113,0.9819777318906712,0.964280265929147,0.19558463242440013,0.04867235950511778
DFA Global Equity I,1.1974953179232986,0.9824171331265467,0.9651434234605829,0.1954914526255009,0.048315284861225154
Fidelity Advisor Strategic Div & In A LW,0.8417486247454989,0.9441411486428412,0.8914025085606234,0.14299497428881663,0.05350910959573857
Fidelity Strategic Dividend & Income,0.836222813794244,0.9426954690252443,0.8886747473207253,0.14227497042930404,0.05423874300096003
Fidelity Advisor Strategic Div & Inc A,0.8417486247454989,0.9441411486428412,0.8914025085606234,0.14299497428881663,0.05350910959573857
Fidelity Advisor Strategic Div & Inc B,0.8401590185066042,0.9437462317954133,0.890656950028042,0.142785057819867,0.053711203211553184
Fidelity Advisor Strategic Div & Inc C,0.8385348906720643,0.9437980467668832,0.890754753080984,0.1425011544582686,0.05373523918098191
Fidelity Advisor Strategic Div & Inc I,0.8389505555509633,0.9427965130221427,0.8888652649667113,0.14272342809259317,0.054124053584437365
Fidelity Advisor Strategic Div & Inc T,0.8427643475853818,0.9430993869196672,0.889436453608252,0.14332593020325157,0.05390387650195396
Vanguard Energy Index Adm,1.2744028721423395,0.8669405835392577,0.7515859753873887,0.2357388647772801,0.12544864016542462
Fidelity Advisor Mid Cap II A,0.9747833559478908,0.9276166136194444,0.8604725818628054,0.16854669046931092,0.06306962364910022
Fidelity Advisor Mid Cap II B,0.9745069473988152,0.9266754552063219,0.8587273992818438,0.16866994710256475,0.06351030682363296
Fidelity Advisor Mid Cap II C,0.9754491986600258,0.9272411983908874,0.8597762399933689,0.16872993502402306,0.06328795579302965
Fidelity Advisor Mid Cap II I,0.9755838705254137,0.9272892305488463,0.8598653170918715,0.168744518689015,0.06327202484895261
Fidelity Advisor Mid Cap II T,0.9748174762242978,0.9268522931841394,0.859055173380698,0.16869148176961563,0.06344177760107518
Fidelity Advisor Mid Cap II A LW,0.9747833559478908,0.9276166136194444,0.8604725818628054,0.16854669046931092,0.06306962364910022
DFA International Value III,1.339042100433862,0.9296426695006307,0.8642354929562588,0.2310090404269613,0.10098208222078663
MFS International Diversification A LW,1.07093863188226,0.933964335778723,0.8722893805065912,0.18390125197964463,0.06668319357736607
MFS International Diversification 529 LW,1.0713423877770625,0.934292199726718,0.8729019144701895,0.18390603905787764,0.06654052604124297
MFS International Diversification I,1.07057623582739,0.9343816391550436,0.8730690475900661,0.18375715484537786,0.06642469624638901
MFS International Diversification A,1.07093863188226,0.933964335778723,0.8722893805065912,0.18390125197964463,0.06668319357736607
MFS International Diversification B,1.0679752848694914,0.9340727471497824,0.8724918969679414,0.1833712213683042,0.06636566975245918
MFS International Diversification C,1.069008646053076,0.934175512911847,0.8726838889241122,0.1835284981983177,0.06639977643999298
MFS International Diversification R,,,0,0,0
MFS International Diversification R2,1.0700187720742151,0.9347756746230613,0.8738055618669993,0.18358406985026593,0.06616150952221318
MFS International Diversification 529A,1.0713423877770625,0.934292199726718,0.8729019144701895,0.18390603905787764,0.06654052604124297
MFS International Diversification 529B,1.0661704099364309,0.934091732357439,0.8725273644585214,0.18305781332681914,0.0661992633269866
MFS International Diversification 529C,1.069583942686906,0.9342853683958583,0.8728891495985845,0.18360563189157428,0.06639028190282929
MFS International Diversification R1,1.0665866271220357,0.9340606059780094,0.8724692156400061,0.18313535812112824,0.06625203136880012
MFS International Diversification R2,,,0,0,0
MFS International Diversification R3,1.067056858422242,0.9338736122289014,0.8721199236174564,0.18325287184875097,0.06639394931075886
MFS International Diversification R4,1.068130899946614,0.9347608142143755,0.8737777797907224,0.18326312672773593,0.06600544632974867
PRIMECAP Odyssey Aggressive Growth,1.183492451407046,0.91845037787309,0.8435510966152218,0.2066522784468238,0.08685947515940852
PRIMECAP Odyssey Growth,1.1070016525167803,0.9480275351216741,0.8987562073488771,0.1872667261285006,0.06199690836363882
PRIMECAP Odyssey Stock,0.9527312041435222,0.982757774577337,0.9658128434922,0.1554790293082085,0.029724227239546364
American Century Mid Cap Value Inv,0.9034437029955165,0.9702050733715256,0.9412978843958474,0.14935326441837538,0.03934982908722004
American Century Mid Cap Value R,0.8983888362911383,0.9696510391670929,0.9402231377578232,0.14860297302001413,0.039809035613638084
American Century Mid Cap Value A,0.904258607266585,0.9703048662996924,0.9414915335648639,0.14947249099525972,0.03927019559583505
American Century Mid Cap Value Inst,0.899301084573235,0.969282642210504,0.9395088404905759,0.1488104509167244,0.03999386056738852
American Century Mid Cap Value C,0.9013045590855082,0.9701517705020141,0.9411944578081927,0.1490080783422694,0.03943850715610919
American Century Mid Cap Value A LW,0.904258607266585,0.9703048662996924,0.9414915335648639,0.14947249099525972,0.03927019559583505
Vanguard PRIMECAP Core Inv,1.0319012662651974,0.9871395814374921,0.9744445532405871,0.16765112041992186,0.027279132895938717
Sterling Capital Equity Income A,0.6983616873320071,0.9586889855720743,0.9190845710572129,0.11682864110167954,0.05867922898118127
Sterling Capital Equity Income B,0.697637422973902,0.9574593727171298,0.9167284504038797,0.11685703189689488,0.05905254451697999
Sterling Capital Equity Income C,0.70104153321321,0.9573094206428658,0.9164413268515794,0.11744547848802459,0.0587368053892779
Sterling Capital Equity Income Instl,0.6988912546011746,0.9582292746417335,0.9182033427804225,0.1169730416991356,0.058735285981105806
Sterling Capital Equity Income A LW,0.6983616873320071,0.9586889855720743,0.9190845710572129,0.11682864110167954,0.05867922898118127
Sterling Capital Equity Income R,0.6971151980057091,0.9577779901023624,0.9173386783245209,0.11673112900752822,0.05903017746776078
AllianceBern Wealth Apprec Strat K,1.2020087666054402,0.9830728316554813,0.9664321923391264,0.19609411849931363,0.04836792957246717
AllianceBern Wealth Apprec Strat I,1.2020625836050574,0.9829778900365137,0.9662455323006364,0.19612180994657571,0.04845159784783062
AllianceBern Wealth Apprec Strat R,1.1994587454333394,0.9830231962931812,0.9663346044504624,0.19568816557258692,0.048078393048626225
AllianceBern Wealth Apprec Strat A LW,1.200329582411833,0.9826007627979109,0.9655042590510363,0.19591433442535297,0.04853166831908732
AllianceBern Wealth Apprec Strat A,1.200329582411833,0.9826007627979109,0.9655042590510363,0.19591433442535297,0.04853166831908732
AllianceBern Wealth Apprec Strat B,1.1996018668657544,0.9826825050445099,0.9656649057205533,0.19577917598870903,0.048372107914221064
AllianceBern Wealth Apprec Strat C,1.1989008934727794,0.9825197487697204,0.9653450567225144,0.19569731933613607,0.0484130326936476
AllianceBern Wealth Apprec Strat Ad,1.198354269987629,0.9830757338106483,0.9664378984073445,0.19549769242138867,0.0478934170448587
JHVIT American Growth Trust Ser I,1.084140639394591,0.9742478845050676,0.9491589404625996,0.17846881519854546,0.04243463915648225
JHVIT American Growth Trust Ser II,1.0835148469568172,0.9748868257284089,0.950404322978813,0.17824895306989977,0.041886293073519425
JHVIT American Growth Trust Ser III,1.0844953588703214,0.9743511430519953,0.9493601499667299,0.17850816853096,0.042385654959420496
JHVIT American Growth-Income Tr Ser III,1.017850503484173,0.9932010869178026,0.9864483990547045,0.16435448170969275,0.019342230185322478
JHVIT American Growth-Income Tr Ser I,1.0166692410097298,0.9933110935904085,0.9866669286497731,0.1641455909405886,0.019137864460918204
JHVIT American Growth-Income Tr Ser II,1.0201446891054895,0.9930830174780376,0.9862138796032843,0.16474432509378772,0.019607768914675968
Fidelity Advisor Small Cap Growth T,1.2251111568173523,0.9287531719526556,0.862582454412119,0.21154606809807958,0.08631621451218217
Fidelity Advisor Small Cap Growth B,1.2243062356111885,0.9287678958960348,0.8626098044471479,0.21140363397816778,0.08620728555494601
Fidelity Advisor Small Cap Growth C,1.222819786921021,0.9288584766608055,0.8627780696646322,0.21112649078966836,0.08597104360638558
Fidelity Advisor Small Cap Growth I,1.2252255684037678,0.9286525743925848,0.8623956039259751,0.21158878616310797,0.08638666874476804
Fidelity Small Cap Growth,1.224593057098909,0.9284059489794267,0.8619376061003899,0.21153561244851057,0.08644501642982691
Fidelity Advisor Small Cap Growth A,1.2233601593752557,0.9286440359027412,0.8623797454177319,0.21126848576885202,0.08615813515387964
Fidelity Advisor Small Cap Growth A LW,1.2233601593752557,0.9286440359027412,0.8623797454177319,0.21126848576885202,0.08615813515387964
Fidelity Small Cap Growth F,1.2234452323827685,0.9282136536170491,0.8615805867611112,0.21138107084645813,0.08640861075583788
Fidelity Small Cap Value F,1.1601317816455539,0.9101717879256054,0.8284126835356932,0.20441992928948885,0.08846893457913213
Fidelity Advisor Small Cap Value A LW,1.1590529949717097,0.909522422883113,0.8272310377271682,0.20437580622647908,0.08867994608245455
Fidelity Small Cap Value,1.1584701319847808,0.910145647989703,0.8283651005545962,0.20413314422888848,0.08828939043343392
Fidelity Advisor Small Cap Value A,1.1590529949717097,0.909522422883113,0.8272310377271682,0.20437580622647908,0.08867994608245455
Fidelity Advisor Small Cap Value B,1.1573591352719723,0.9098515205512008,0.8278297894493322,0.2040035002743657,0.08831292506113052
Fidelity Advisor Small Cap Value C,1.1585871631084614,0.9091661349232304,0.8265830608912456,0.2043737285893515,0.08881011419171908
Fidelity Advisor Small Cap Value I,1.158208236343927,0.9095357389454559,0.8272552604190566,0.20422398177977297,0.08857488343289883
Fidelity Advisor Small Cap Value T,1.1568924334446014,0.9092255770936872,0.8266911500413486,0.20406158570909047,0.08858261647800829
Janus Triton T,1.0112350258743037,0.9392863060120802,0.882258764661819,0.17266682965813973,0.059261918871345236
Janus Triton A,1.0106403922508265,0.9393204993768092,0.8823230005494981,0.17255922783722277,0.05920598226864773
Janus Triton C,1.0091524212395602,0.9384743757195871,0.8807341538822687,0.17246058188370852,0.059563581212959
Janus Triton I,1.00823597337141,0.9389351705394804,0.881599254476003,0.1722193157200365,0.05926089558036603
Janus Triton R,1.010382203694437,0.9386362095064357,0.8810379337966094,0.17264079885277464,0.05955509471137668
Janus Triton S,1.0074667143462521,0.9388210071333799,0.8813848834349336,0.17210894683624725,0.05927384321469935
Janus Triton D,1.0090485669165146,0.9388545254783113,0.8814478200111051,0.17237292559670372,0.05935466772719172
Janus Triton A Load Waived,1.0106403922508265,0.9393204993768092,0.8823230005494981,0.17255922783722277,0.05920598226864773
Janus Triton N,1.0090485669165146,0.9388545254783113,0.8814478200111051,0.17237292559670372,0.05935466772719172
Northern International Equity Index,1.198028476217065,0.9322313896947712,0.8690553639322443,0.20610439733218391,0.0810457583590876
TimesSquare Mid Cap Growth Instl,1.1005505484247036,0.9666632019007926,0.9344377459090926,0.1825856832897692,0.0494456326286636
TimesSquare Mid Cap Growth Prem,1.0963438359740973,0.9666276746172442,0.9343690613359411,0.18189438722845006,0.04908497547598062
Touchstone Sands Capital Inst Gr,1.106482999756394,0.9331694500392268,0.8708052224865129,0.19015634796447117,0.07043881901157842
JPMorgan Value Advantage A,0.9554242325411678,0.9682993149573141,0.937603563346804,0.15825178429677783,0.04016169272404335
JPMorgan Value Advantage C,0.9541916414963806,0.9681182877411169,0.9372530190587919,0.15807744220600198,0.04026333937665403
JPMorgan Value Advantage Select,0.9547820140735878,0.9685072051720163,0.9380062064701101,0.1581116194211153,0.0400201796535543
JPMorgan Value Advantage Instl,0.9575767058537732,0.968648926361621,0.9382807425415209,0.15855111182491785,0.039963045792527116
JPMorgan Value Advantage A Load Waived,0.9554242325411678,0.9682993149573141,0.937603563346804,0.15825178429677783,0.04016169272404335
Nuveen Tradewinds Value Opportuniti A LW,0.8428942912758288,0.850306246652188,0.7230207130957315,0.1589863113957925,0.08736306145727177
Nuveen Tradewinds Value Opportunities A,0.8428942912758288,0.850306246652188,0.7230207130957315,0.1589863113957925,0.08736306145727177
Nuveen Tradewinds Value Opportunities B,0.8421657369414987,0.8503792457864302,0.7231448616642979,0.1588352353525651,0.0873028194813623
Nuveen Tradewinds Value Opportunities C,0.8432754962264625,0.8505610400076379,0.7234540827788746,0.15901054671406964,0.08729497025199541
Nuveen Tradewinds Value Opportunities I,0.8433722386068828,0.8504830847280388,0.7233214774085205,0.15904333470314755,0.08732622879085068
Nuveen Tradewinds Value Opportunities R3,0.8422861560399545,0.8500005695930334,0.7225009683084812,0.15892875488160066,0.0874372989211921
GMO World Opportunities Equity Allc III,0.9100111698983775,0.9519904049238962,0.9062857310671639,0.15330532046615247,0.04909021007543735
Cohen & Steers International Realty A,1.157191668143798,0.8800864099055904,0.774552088900511,0.21087478925707526,0.10323022702963738
Cohen & Steers International Realty C,1.1573302566642616,0.8814532815761941,0.7769598876014412,0.21057307634346503,0.1025778582043884
Cohen & Steers International Realty I,1.157206334791276,0.8803399049526658,0.7749983482520687,0.21081674037208625,0.10310798437232917
Cohen & Steers International Realty A LW,1.157191668143798,0.8800864099055904,0.774552088900511,0.21087478925707526,0.10323022702963738
Vanguard Diversified Equity Inv,1.1159219884076412,0.9936098347984714,0.9872605038082457,0.1801169519314783,0.027543441726903577
GMO U.S. Core III,,,0,0,0
GMO US Core Equity VI,0.8348399461813133,0.9686414063399341,0.9382661740762053,0.13821575436804553,0.043362875059672436
GMO US Core Equity M,0.8363462803047549,0.968602147917264,0.9381901209499373,0.13847079262668666,0.04328298306266067
GMO U.S. Core V,,,0,0,0
GMO US Core Equity III,0.834267433457373,0.9688935118717216,0.9387546373471181,0.13808493564510071,0.043285901443322713
GMO U.S. Core I,,,0,0,0
GMO U.S. Core II,,,0,0,0
GMO US Core Equity IV,0.8345262747518586,0.9686239633246402,0.9382323823267338,0.13816622694984232,0.04339132316025098
GMO International Growth Equity III,1.039048120991892,0.9135343960563521,0.834545092778044,0.1824134634827038,0.07444722546493109
GMO International Growth Equity IV,1.040119283486534,0.9141921053330466,0.8357472054532683,0.18247012665836018,0.07421577915627223
GMO International Core Equity VI,1.1339135054835987,0.9243434907841556,0.8544108889550383,0.19674074638757305,0.07806410180803733
GMO International Core Equity III,1.1343222109642264,0.9237499854492134,0.8533140356174219,0.19693795761322228,0.07842609904434814
GMO International Core Equity IV,1.1339673727045785,0.9240420559744204,0.8538537212094337,0.19681420970167848,0.07823144850282579
GMO International Disciplined Equity IV,,,0,0,0
DFA US Core Equity 1 I,1.1163141453004122,0.9889450288506614,0.9780122700884354,0.1810334557518366,0.03268261344578738
Artio International Equity II A,1.185480163874731,0.9150927146201819,0.8373946763509337,0.20776816896915773,0.08888638806372141
Artio International Equity II I,1.1898545883929876,0.9160186131273752,0.8390900995957999,0.2083238567045638,0.0889215935266564
Oppenheimer International Diversifi A LW,1.0672954505819972,0.915264414848263,0.8377089490875333,0.18702824916848917,0.07609443730340733
Oppenheimer International Diversified A,1.0672954505819972,0.915264414848263,0.8377089490875333,0.18702824916848917,0.07609443730340733
Oppenheimer International Diversified B,1.0695038084474906,0.9161506205844338,0.839331959597243,0.18723394467998333,0.07585347847568018
Oppenheimer International Diversified C,1.068455345697108,0.915913446265893,0.8388974410506649,0.1870988660780551,0.07587563607047673
Oppenheimer International Diversified N,1.069412943423253,0.9155662483559714,0.8382615551286284,0.1873374017362714,0.07613936704680625
Oppenheimer International Diversified Y,1.0729868679176435,0.9162919071790107,0.8395908591617487,0.18781461251939954,0.07610757315986677
Goldman Sachs Small Cap Value A LW,1.1942556504669024,0.9433534629747876,0.8899157561065241,0.2030274787833755,0.07420452972804288
Goldman Sachs Small Cap Value Svc,1.1950722004735739,0.9433933030780512,0.8899909242925158,0.20315765048426493,0.07427789641489137
Goldman Sachs Small Cap Value Inst,1.1955671400647077,0.9433004399609125,0.8898157200304512,0.20326180509885694,0.07439131480146437
Goldman Sachs Small Cap Value B,1.1943633831531466,0.943514663817241,0.8902199208381613,0.20301112441023353,0.07412236909555647
Goldman Sachs Small Cap Value C,1.1935669192571714,0.9431563688063254,0.8895439360199332,0.20295282008894483,0.07423892545305263
Goldman Sachs Small Cap Value A,1.1942556504669024,0.9433534629747876,0.8899157561065241,0.2030274787833755,0.07420452972804288
Goldman Sachs Small Cap Value R,1.1947720281768988,0.9431476809746384,0.8895275481278384,0.20315959723516738,0.07438682200225867
Goldman Sachs Small Cap Value IR,1.1952522560904577,0.9433518985587683,0.8899128045144326,0.20319721751689138,0.0743236406937139
JHFunds2 Capital App NAV,1.057883384851396,0.95459685390904,0.9112551534930371,0.17771843909913201,0.053742870403087395
JHFunds2 Capital App 1,1.0573078367372324,0.9548071849636557,0.9116567604582205,0.1775826378602979,0.05356910237187371
JHFunds2 Fundamental Value NAV,0.991956053321677,0.9883543398322298,0.9768443010652027,0.16096312613609695,0.02452261649888974
JHFunds2 Fundamental Value 1,,,0,0,0
JHancock2 Lifestyle Aggressive A,1.1098575600259972,0.9850925350000024,0.970407302512731,0.18069248171040816,0.035722170317376
JHancock2 Lifestyle Aggressive 1,1.1095038417584664,0.9848278549135936,0.9698859038137101,0.1806833935623523,0.0359304383337847
JHancock2 Lifestyle Aggressive B,1.1085333818216037,0.9844153926186677,0.9690736652245657,0.18060100729737336,0.03620968358264586
JHancock2 Lifestyle Aggressive C,1.1101260864027502,0.9849548177169934,0.9701359929439157,0.18076117661979427,0.03587744391804119
JHancock2 Lifestyle Aggressive R3,1.1116969398216714,0.9849014951996344,0.9700309552464755,0.18102687888674876,0.03608959434681046
JHancock2 Lifestyle Aggressive R4,1.1094969693316172,0.9848630540289259,0.969955235191183,0.18067581303590985,0.03589725647441067
JHancock2 Lifestyle Aggressive R5,1.1126015423651863,0.9852543453454204,0.970726125022033,0.18110928846159133,0.03585773876610047
JHancock2 Lifestyle Aggressive A LW,1.1098575600259972,0.9850925350000024,0.970407302512731,0.18069248171040816,0.035722170317376
JHancock2 Lifestyle Aggressive R2,1.1091880619871102,0.9848265180027456,0.9698832705614122,0.18063222399993994,0.03589916585787262
JHancock2 Lifestyle Aggressive R6,1.1087323879990003,0.984855551134502,0.9699404566004436,0.18055272549496185,0.03582553379235728
JHancock2 Lifestyle Aggressive R,,,0,0,0
JHancock2 Lifestyle Aggressive R1,1.1114575072394344,0.9847739699341151,0.9697797718597976,0.18101135722483272,0.03618208061189958
JHancock2 Lifestyle Aggressive R2 (obs),,,0,0,0
JHFunds2 Blue Chip Growth 1,1.1065521165447494,0.9682807754454484,0.9375676600972389,0.18326997999263714,0.048869748687613235
JHFunds2 Blue Chip Growth NAV,1.1074748355361872,0.9682589109040893,0.9375253185451732,0.18342686625914792,0.04897291580941644
JHFunds2 Equity-Income NAV,1.0354134549500045,0.986194992394206,0.972580563023408,0.16838679817194666,0.028448870451785534
JHFunds2 Equity-Income 1,1.035409971646426,0.9857265192547802,0.9716567707621444,0.1684662524588878,0.028918357079637646
JHFunds2 International Value 1,1.2540174676652922,0.9160435506074239,0.839135786609456,0.21954999446488307,0.09700408900228405
JHFunds2 International Value NAV,1.2569483525262082,0.9157704932166494,0.8386355962462653,0.22012852123126078,0.09753687430288487
JHancock2 US Equity NAV,0.7964246234637614,0.9560325896990605,0.9139983125666921,0.133593308942113,0.05099033989839083
JHancock2 US Equity A,0.7960097160088175,0.9560730010626155,0.914075583360876,0.13351821995316773,0.05100252289180455
JHancock2 US Equity I,0.7963576251376036,0.9560189409601256,0.9139722154745202,0.13358398455469733,0.05099968080420747
JHancock2 US Equity A Load Waived,0.7960097160088175,0.9560730010626155,0.914075583360876,0.13351821995316773,0.05100252289180455
JHancock2 US Equity 1,0.7963914718495567,0.9560324979853172,0.9139981372040453,0.133587761574337,0.050992523998438566
Old Westbury Global Small & Mid Cap,1.0811177809872743,0.9531258274348275,0.9084488429233246,0.18192033385529816,0.0565477051488286
Edgewood Growth Instl,0.9941272919327526,0.9330652803331649,0.8706108173632078,0.17085973448383546,0.06145914055753202
Edgewood Growth Retail,1.020503330098183,0.9340291499632223,0.8724104529810197,0.17521119501017757,0.06266378388346053
DFA US Vector Equity I,1.2656903985331442,0.9642908013186113,0.9298567495076895,0.21050401268466573,0.07015644444908956
Lord Abbett Value Opportunities A,1.1746546486344196,0.954183619424216,0.9104663795774971,0.197432611770258,0.0653675812007232
Lord Abbett Value Opportunities B,1.1746414598058188,0.953848666490475,0.9098272785656573,0.19749969496950406,0.06557509901443644
Lord Abbett Value Opportunities C,1.1738166852178433,0.9538958518001512,0.909917296081536,0.1973513215567702,0.06545163677666128
Lord Abbett Value Opportunities P,1.1745832565028997,0.9537775764685992,0.9096916653743145,0.19750462330189542,0.06561276284569656
Lord Abbett Value Opportunities I,1.1735054937670006,0.9539603724142324,0.9100403921367008,0.19728561792953211,0.06537595244064173
Lord Abbett Value Opportunities A LW,1.1746546486344196,0.954183619424216,0.9104663795774971,0.197432611770258,0.0653675812007232
Lord Abbett Value Opportunities F,1.1745018598352406,0.9546048890753547,0.9112704942465701,0.19731996038295121,0.06508661781252073
Lord Abbett Value Opportunities R2,1.173350172757629,0.9539011543053098,0.9099274121850023,0.19727181819307854,0.06539520690442004
Lord Abbett Value Opportunities R3,1.1737753677515657,0.9538926274995838,0.9099111447980597,0.19734500447781989,0.06544894035787563
Northern Multi-Manager Intl Equity,1.1046868384450041,0.934878376645325,0.8739975791189982,0.1895078021086374,0.0693189788035317
TIAA-CREF Large-Cap Growth Retail,1.0731830453618838,0.977613622389127,0.9557283946807905,0.1760489164243717,0.03885068669163666
TIAA-CREF Large-Cap Growth R,1.0767293869754448,0.9774298278382015,0.9553690683478162,0.1766635537839432,0.03929192542688516
TIAA-CREF Large-Cap Growth Inst,1.0758250995967282,0.9772936023785825,0.955102785250107,0.17653993946906232,0.03932752917216301
TIAA-CREF Large-Cap Growth Premier,1.0811339854767772,0.9776272206540999,0.9557549825638602,0.17735052044597924,0.039502497292760765
VP Davis New York Venture 2,0.9895402412991837,0.9880718915667671,0.9762860629043293,0.1606165331129555,0.02478562439531086
VP Davis New York Venture 1,0.9905783828059445,0.9879295938539275,0.9760048824123863,0.1608080469243383,0.02495045054440996
JHancock3 International Core NAV,1.142014849674919,0.9293663153605451,0.8637217481268364,0.19707616531641844,0.07621805078564674
JHancock3 International Core 1,1.1413497615864099,0.9294422684856509,0.8638629304477529,0.19694527372947324,0.07610419040307644
JHancock3 International Core B,1.139714718510385,0.9292167660613834,0.8634437983295755,0.19671090614188025,0.07605055565436843
JHancock3 International Core C,1.140518278355993,0.9294939297605759,0.8639589654617583,0.19679094025136132,0.07598572951746925
JHancock3 International Core I,1.1412502322309335,0.9295166905708566,0.8640012780497976,0.19691243249439122,0.07605259397703044
JHancock3 International Core R1,1.1392593794265962,0.929303618733163,0.863605215790552,0.19661401178296523,0.07595378735832355
JHancock3 International Core A LW,1.1403026817405604,0.9290396136267851,0.8631146036878061,0.19684992946460075,0.0762111437610481
JHancock3 International Core A,1.1403026817405604,0.9290396136267851,0.8631146036878061,0.19684992946460075,0.0762111437610481
JHancock3 International Core R2,1.140337082575009,0.9290368180226933,0.8631094092417311,0.19685645668302335,0.07621640035196711
JHancock3 International Core R4,1.140031248890733,0.9293162024146611,0.8636286040704073,0.19674443401972444,0.07603036574544034
JHancock3 International Core R5,1.1422586766930074,0.9293422811315306,0.8636770754987569,0.19712320427486002,0.07625773190934557
JHancock3 International Core R3,1.1397773398941629,0.9291974830521216,0.8634079625103978,0.1967257954697582,0.07606788400294831
JHancock3 International Core R6,1.1404656424972013,0.9294765638160722,0.8639266826833331,0.19678525059850321,0.07598954623091632
Northern Emerging Markets Equity Index,1.2607744987738332,0.8660210612248416,0.7499924784850007,0.2334687246629661,0.123982925778727
Morgan Stanley Inst Glbl Real Estate I,1.1538050729482365,0.9143349861475972,0.8360084668935268,0.2023839464099639,0.08557058824754483
Morgan Stanley Inst Glbl Real Estate P,1.1559268701294803,0.914710560331802,0.8366954091825192,0.2026729736003665,0.08561659421715094
Morgan Stanley Inst Glbl Real Estate H,1.1536194347881592,0.9149818804988343,0.8371918416411832,0.2022084303741228,0.08521059257751545
Morgan Stanley Inst Glbl Real Estate L,1.154204897955818,0.914080011749274,0.835542267879553,0.20251043190351098,0.08574966840073159
Goldman Sachs US Eq Div and Premium IR,0.8583965745362554,0.9915443451114043,0.9831601883224036,0.13884234952500585,0.028983243884358256
Goldman Sachs US Eq Div and Premium A,0.8571534141090522,0.9914140713322664,0.9829018608356204,0.13865962672720117,0.029210112332051164
Goldman Sachs US Eq Div and Premium C,0.8536278044022362,0.9919182568262068,0.9839018282251408,0.1380192270607403,0.029281009305377755
Goldman Sachs US Eq Div and Premium I,0.8546874587892898,0.9912013493607221,0.9824801149745163,0.13829071157761583,0.029627939663223617
Goldman Sachs US Eq Div and Premium A LW,0.8571534141090522,0.9914140713322664,0.9829018608356204,0.13865962672720117,0.029210112332051164
Nuveen Santa Barbara Dividend Growth R3,0.9279420555403299,0.9789729256737978,0.9583879892023153,0.15201519246906744,0.03308684544250032
Nuveen Santa Barbara Dividend Growth A,0.927286504012636,0.9787736930444385,0.9579979421958487,0.151938785855759,0.03324475313504229
Nuveen Santa Barbara Dividend Growth B,0.92774304665255,0.9792793594629893,0.9589880638702426,0.15193506220769323,0.03287274115190129
Nuveen Santa Barbara Dividend Growth C,0.9284533431741828,0.9791303543143627,0.9586962507397695,0.1520744888349312,0.03296172477369413
Nuveen Santa Barbara Dividend Growth I,0.9280038487563577,0.9790117789797127,0.9584640633810219,0.15201929552585938,0.033057597962258024
Nuveen Santa Barbara Dividend Growt A LW,0.927286504012636,0.9787736930444385,0.9579979421958487,0.151938785855759,0.03324475313504229
JHFunds2 Index 500 NAV,,,0,0,0
Wintergreen Investor,0.7532113604536173,0.861388083546109,0.7419894304752384,0.1402452378812608,0.08147382228999693
Wintergreen Institutional,0.7525384912081914,0.8613377870593335,0.7419027834162697,0.14012827984423923,0.08148477115938377
Vanguard Mid-Cap Growth Index Admiral,1.1818495356601737,0.94798291792937,0.8986716126858826,0.19994225839605625,0.06999583367989569
Vanguard Mid-Cap Growth Index Inv,1.1811677098837559,0.9480576617850088,0.8988133300692581,0.19981124277083967,0.06987194577068005
Vanguard Mid-Cap Value Index Inv,1.1293119386839476,0.9699022454651277,0.9407103657582968,0.18673967636598257,0.04996556464122255
Vanguard Mid-Cap Value Index Admiral,1.1305663027767892,0.9700500349199861,0.9409970702482663,0.18691852144342821,0.049988884742189495
Eaton Vance Parametric Struct Em Mk A LW,1.1261456449471305,0.8661348291172707,0.7501895422100037,0.2085232810127342,0.1061457785272688
Eaton Vance Parametric Struct Em Mkts A,1.1261456449471305,0.8661348291172707,0.7501895422100037,0.2085232810127342,0.1061457785272688
Eaton Vance Parametric Struct Em Mkts C,1.1256071100286662,0.8663442958956878,0.7505524390309952,0.20837320188878963,0.1059814288621347
Eaton Vance Parametric Struct Em Mkts I,1.1275642460923483,0.8663707599974116,0.7505982937784927,0.20872900187909174,0.10620651270999971
Henderson Global Equity Income A,0.8368756434603483,0.9075366947332884,0.8236228522874218,0.1478885271329028,0.0673814091159671
Henderson Global Equity Income C,0.8340324315950477,0.9080842123735026,0.8246169367620044,0.14729708399365357,0.06717125151243966
Henderson Global Equity Income A LW,0.8368756434603483,0.9075366947332884,0.8236228522874218,0.1478885271329028,0.0673814091159671
Henderson Global Equity Income I,0.8325836499674353,0.9089348883158309,0.8261626311977119,0.14690387760493887,0.06686370648173577
Nuveen NWQ Large-Cap Value R3,1.1231342243353333,0.9642321696468875,0.929743676981944,0.1868079771518762,0.05329703143050991
Nuveen NWQ Large-Cap Value A,1.1229542822755618,0.9636815900230725,0.9286822069493972,0.18688474530934682,0.05365172636504813
Nuveen NWQ Large-Cap Value B,,,0,0,0
Nuveen NWQ Large-Cap Value C,1.1196111498495345,0.9637806392193853,0.928873120534127,0.18630932559503652,0.053251503979607845
Nuveen NWQ Large-Cap Value I,1.1193091487575235,0.963762618273863,0.9288383843820918,0.18626264977514873,0.05323376032159613
Nuveen NWQ Large-Cap Value A LW,1.1229542822755618,0.9636815900230725,0.9286822069493972,0.18688474530934682,0.05365172636504813
Scout Mid Cap,1.0989765464164971,0.9427063093964866,0.8886951857759443,0.18696540144229562,0.06435051079206458
T. Rowe Price Overseas Stock,1.2251315587376703,0.9447736481115664,0.8925972461660379,0.20796912467075213,0.07711387178291038
Matthews Asia Dividend Investor,0.7054762360309754,0.8004534678861089,0.6407257542508981,0.14136048565798212,0.09698151543320732
Matthews Asia Dividend Instl,0.704398771117491,0.7994226001345361,0.6390764936058625,0.1413263970627841,0.09721751002276434
Vanguard High Dividend Yield Index Inv,0.8454935814433298,0.9674932339158778,0.9360431576730035,0.14015683767161055,0.04323867925077752
Dreyfus International Stock A LW,0.917563222379604,0.8998142516768951,0.8096656875208508,0.16354583988689878,0.07254862598579165
Dreyfus International Stock A,0.917563222379604,0.8998142516768951,0.8096656875208508,0.16354583988689878,0.07254862598579165
Dreyfus International Stock C,0.9170908084866715,0.9001784145705543,0.8103211780587567,0.16339561770660016,0.07237726611652899
Dreyfus International Stock I,0.9188941431922367,0.9003961570734191,0.8107132396725812,0.16367734329812564,0.07237288181214735
Dreyfus International Stock T,,,0,0,0
JHancock3 Global Shareholder Yield A,0.7949315526513115,0.919181122521992,0.8448939360007892,0.13870368565248278,0.06374825671580062
JHancock3 Global Shareholder Yield B,0.7963789537254568,0.919888442597779,0.8461947468249673,0.1388489765839239,0.06348097634086623
JHancock3 Global Shareholder Yield C,0.7944173592236798,0.9195369538727923,0.8455482095376537,0.13856035473603825,0.06364394288149314
JHancock3 Global Shareholder Yield R1,,,0,0,0
JHancock3 Global Shareholder Yield NAV,0.7940275945571219,0.9187051609725816,0.8440191727976571,0.1386178588629175,0.06392572712976921
JHancock3 Global Shareholder Yield I,0.7925910729864787,0.9186278813756584,0.8438771844407307,0.13837849178509815,0.0639855960127002
JHancock3 Global Shareholder Yield A LW,0.7949315526513115,0.919181122521992,0.8448939360007892,0.13870368565248278,0.06374825671580062
JHancock3 Global Shareholder Yield R6,0.7935617019046844,0.919429270710952,0.8453501838400732,0.1384269003751686,0.06370023533782049
JHancock3 Global Shareholder Yield Fd R2,0.7950736544961957,0.9192976046633112,0.8451080859397017,0.13871092921652944,0.0637066263055235
Russell Global Equity A,1.1838926571558912,0.9717422153821549,0.9442829331558183,0.1953903638564916,0.05473336431478301
Russell Global Equity C,1.1882397467312849,0.9724343537204727,0.9456285722957535,0.1959679479421554,0.05475647628897209
Russell Global Equity E,1.181483805031207,0.9714744194420352,0.9437625476302393,0.19504660110444888,0.054639045983963824
Russell Global Equity S,1.1852422647811707,0.9720419859925474,0.9448656225323357,0.19555289844061463,0.054679177382932445
Russell Global Equity A Load Waived,1.1838926571558912,0.9717422153821549,0.9442829331558183,0.1953903638564916,0.05473336431478301
Russell Global Equity Y,1.1830944041292506,0.9716048690520939,0.9440160215657365,0.1952862780646327,0.05473681017902373
DFA International Real Estate Sec I,1.0152286930017653,0.8355061929860257,0.698070598518002,0.19489301692485522,0.10708691257879764
Fidelity Series Small Cap Opps,1.2978072743464686,0.9478982524787214,0.8985110970522138,0.21957940720778826,0.08468532995404982
Fidelity Series Small Cap Opps F,1.301141922946428,0.9481905557293413,0.8990653299743171,0.2200756371011045,0.08496035301138435
JHancock2 Emerging Markets NAV,1.347706631871466,0.8641042203409735,0.7466761036110815,0.2501249289915551,0.13766550597127772
JHancock2 Emerging Markets R6,1.3481307607300952,0.8636583408818604,0.7459057297748078,0.2503327567989293,0.1379637166693482
JHancock2 Emerging Markets A LW,1.3477002534552853,0.8632837739727849,0.7452588744046945,0.2503615097544988,0.1380958362359964
JHancock2 Emerging Markets A,1.3477002534552853,0.8632837739727849,0.7452588744046945,0.2503615097544988,0.1380958362359964
JHancock2 Emerging Markets I,1.3479543599198893,0.8635724752065871,0.7457574199344315,0.2503248933233624,0.13798231744361997
Schwab Fdmtl US Lg Co Idx TM Inv,,,0,0,0
Schwab Fdmtl US Lg Co Idx TM Sel,,,0,0,0
Schwab Fdmtl US Lg Co Idx,1.1055027415546044,0.9676534430351603,0.9363531858178004,0.1832332063982568,0.04921408142358872
DFA US Large Cap Value III,1.259697708649427,0.9804150082364417,0.9612135883752618,0.2060625169694063,0.058140241462295295
DFA T.A. US Core Equity 2 Instl,1.1780122251427443,0.9818434231495556,0.9640165075820373,0.19242054403744688,0.046330392608184064
Wasatch Emerging Markets Small Cap,0.9992142304382953,0.756606729826842,0.5724537436192678,0.2117968149104626,0.13846394233140746
ING Russell Mid Cap Index Port Adv,1.139251660215032,0.9728781707851899,0.9464919351903371,0.1878076053492218,0.048836943103441284
ING Russell Mid Cap Index Port I,1.1379061292179657,0.9738056004658142,0.9482973474985851,0.18740726762824378,0.048000431735855005
ING Russell Mid Cap Index Port S,1.1380072406250472,0.9735043961837863,0.9477108093891583,0.1874820378936637,0.04823704247972861
ING Russell Mid Cap Index Port S2,1.1363671828406623,0.9732936369633451,0.9473005037533359,0.18725227099231284,0.0482195513901156
DFA T.A. World ex US Core Equity Instl,1.266437952825367,0.9294092426182025,0.8638015402641408,0.2185366223780536,0.09125273276079696
Perkins Small Cap Value A,0.9549742037671063,0.9406844396080103,0.8848872149206364,0.1628232259474583,0.05569874125773058
Perkins Small Cap Value C,0.9557848762725748,0.9403658015188563,0.8842878406662009,0.16301660421125436,0.055889724927195863
Perkins Small Cap Value I,0.9576693577210851,0.940878893992928,0.8852530931613555,0.16324884631981468,0.055700306443013554
Perkins Small Cap Value R,0.9542316458712561,0.9408756596709241,0.8852470069611966,0.16266361503312432,0.05557507313383958
Perkins Small Cap Value S,0.9568657034640704,0.9409735985456227,0.8854313131598986,0.16309543652934444,0.0556220278990463
Perkins Small Cap Value A Load Waived,0.9549742037671063,0.9406844396080103,0.8848872149206364,0.1628232259474583,0.05569874125773058
Perkins Small Cap Value D,0.9562396658083814,0.9407365806655351,0.8849853142022828,0.16302974489889144,0.055718984673527226
Perkins Small Cap Value N,0.9555266972985397,0.9410298876717681,0.8855372494915406,0.16285757109313356,0.05554399607297075
Perkins Small Cap Value L,0.9555266972985397,0.9410298876717681,0.8855372494915406,0.16285757109313356,0.05554399607297075
Perkins Small Cap Value T,0.9574231238407158,0.9411428038322316,0.8857497772051944,0.1631610476796539,0.05555683050659541
Dodge & Cox Global Stock,1.258355330977848,0.966172222637759,0.9334887637967875,0.20888217670871273,0.06794733133781039
Neuberger Berman Equity Income A,0.6296287524004631,0.9325736751152895,0.8696936595180376,0.10830083008512731,0.07109152047514862
Neuberger Berman Equity Income C,0.6270016658312961,0.9314034321732719,0.8675123534641507,0.10798421844606032,0.07155920807108647
Neuberger Berman Equity Income Inst,0.6248407819808447,0.9305313802584012,0.8658886496456053,0.10771317506399467,0.07192609096644906
Neuberger Berman Equity Income A LW,0.6296287524004631,0.9325736751152895,0.8696936595180376,0.10830083008512731,0.07109152047514862
Neuberger Berman Equity Income Tr,,,0,0,0
Neuberger Berman Equity Income R3,0.6265687980273519,0.9313036110246582,0.8673264159075679,0.10792114398489781,0.0716197682002685
Lord Abbett Intl Dividend Inc A LW,1.1776764084192386,0.9062624489209538,0.8213116263242044,0.2084063918531874,0.09257278989333435
Lord Abbett Intl Dividend Inc A,1.1776764084192386,0.9062624489209538,0.8213116263242044,0.2084063918531874,0.09257278989333435
Lord Abbett Intl Dividend Inc C,1.1749217265237732,0.9063739689531738,0.8215137715959286,0.20789366587365263,0.09218386160203913
Lord Abbett Intl Dividend Inc I,1.178523365783628,0.9072342265436845,0.8230739418123173,0.20833289961746093,0.09217128527511881
Lord Abbett Intl Dividend Inc F,1.1753042418260888,0.9066877810147814,0.8220827322415082,0.20788935548282322,0.09206742237644829
Lord Abbett Intl Dividend Inc R2,1.1808706174969275,0.9064728117833164,0.8216929585023519,0.20892317601148416,0.09284961107860797
Lord Abbett Intl Dividend Inc R3,1.1760887395095478,0.9060444513063053,0.8209165477429439,0.20817579335403252,0.09249440864212279
Vanguard Total World Stock Index Inv,1.1282257030732616,0.972895837886308,0.9465263113765012,0.18598374123560954,0.04766158190172118
Vanguard Total World Stock Index Instl,1.1282327436327344,0.9728056537946523,0.946350840054841,0.18600216146238702,0.047729518928438706
DFA Global Real Estate Securities,1.0560905079816192,0.8869890975097786,0.7867496591012116,0.19096296100273702,0.08862014052785065
Principal Overseas Instl,1.2687764065683445,0.9279669135833128,0.8611225927053396,0.21927610474488943,0.09237064438914096
Principal Overseas R-5,1.2697863676305088,0.9279084699185042,0.8610141285464995,0.21946441518887075,0.09253656571489481
Principal Overseas R-1,1.2692123183307895,0.927923973391673,0.8610429003949902,0.21936155360205195,0.09245217373602056
Principal Overseas R-3,1.2686483336273615,0.9279451181144235,0.8610821422323914,0.21925913369750805,0.092365990456378
Principal Overseas R-4,1.269588058404589,0.9279151115854898,0.861026454308712,0.21942857714969186,0.0925066857719731
Principal Overseas R-2,1.2695600922547383,0.9278908988843219,0.8609815202323547,0.2194294789432118,0.0925165734940255
IVA International A Load Waived,0.5525318225330513,0.8640002212204607,0.746496382269005,0.10259413941338391,0.08839411784815936
IVA International A,0.5525318225330513,0.8640002212204607,0.746496382269005,0.10259413941338391,0.08839411784815936
IVA International C,0.5544704373418131,0.8642919105277829,0.7470005066037649,0.10291920178458995,0.08820771970634024
IVA International I,0.5536900788456728,0.86325280722385,0.7452054091798576,0.10289813475053396,0.08841030939977154
BlackRock Global Dividend Income Inv C,0.7000204540816355,0.8983458522227497,0.8070252702058183,0.1249723204202,0.07298141910085841
BlackRock Global Dividend Income Inv A,0.6991110336273676,0.8991077353216698,0.8083947197152618,0.12470440247758315,0.07284323171319086
BlackRock Global Dividend Income Instl,0.7002003119650464,0.8974860961472088,0.8054812927775569,0.12512396126934358,0.073177883136891
BlackRock Global Dividend Income In A LW,0.6991110336273676,0.8991077353216698,0.8083947197152618,0.12470440247758315,0.07284323171319086
JHFunds2 Alpha Opportunities NAV,1.1639805706579875,0.9822491083800239,0.9648133109133519,0.1900508856200981,0.04429161883267909
Northern Multi-Manager Emerging Mkt Eq,1.2638759083571507,0.8771612788104503,0.7694119090443846,0.23107261727278453,0.11873751843386639
American Funds Intl Gr And Inc R6,1.0289431595818017,0.9324831653829493,0.8695248537226048,0.17697495786024237,0.06407857607034842
American Funds Intl Gr And Inc 529A LW,1.028099324042515,0.9320676434487526,0.8687500919641109,0.17690869274120558,0.06423396351042468
American Funds Intl Gr And Inc A LW,1.0284014943420345,0.9321772276274831,0.8689543837072604,0.17693988154586268,0.06419887978465194
American Funds Intl Gr And Inc A,1.0284014943420345,0.9321772276274831,0.8689543837072604,0.17693988154586268,0.06419887978465194
American Funds Intl Gr And Inc B,1.0270465195546605,0.9322274038591054,0.8690479325058875,0.17669730680922832,0.06407344271591557
American Funds Intl Gr And Inc C,1.0280892313280507,0.9323062198242094,0.8691948875229071,0.1768616969369456,0.06410849703397024
American Funds Intl Gr And Inc F-1,1.0278338522394956,0.9321967798106123,0.8689908362892751,0.17683852341374032,0.06414700710410423
American Funds Intl Gr And Inc F-2,1.0282318522337424,0.9323410054814903,0.8692597505022364,0.1768796998942523,0.06410075706194264
American Funds Intl Gr And Inc 529A,1.028099324042515,0.9320676434487526,0.8687500919641109,0.17690869274120558,0.06423396351042468
American Funds Intl Gr And Inc 529B,1.0272663884708884,0.9321202210718127,0.8688481065309649,0.17675540090405373,0.06414548544774418
American Funds Intl Gr And Inc 529C,1.0273785203233856,0.9320957794205281,0.868802542013562,0.17677937996433857,0.0641664482029065
American Funds Intl Gr And Inc R5,1.0277728988068597,0.9321780599659085,0.868955935481805,0.17683156607539438,0.06415232621847339
American Funds Intl Gr And Inc R4,1.0281346347160543,0.9323172327276663,0.8692154224409735,0.17686743305687347,0.06410606494293136
American Funds Intl Gr And Inc R3,1.026725793926273,0.9323120263533915,0.869205714483167,0.17662614990274633,0.0640058549459188
American Funds Intl Gr And Inc R2,1.0276655579290426,0.9321890706022968,0.868976463350374,0.1768110696441751,0.06413871161432998
American Funds Intl Gr And Inc R1,1.0261080278713983,0.9322243565290587,0.8690422509060174,0.17653633007347402,0.06400673452798541
American Funds Intl Gr And Inc 529F-1,1.0286229904381765,0.9322248265404903,0.8690431272184473,0.1769689316673173,0.06419026929027186
American Funds Intl Gr And Inc 529E,1.0280138422992493,0.9324333992155218,0.8694320439726126,0.17682460539045625,0.06403642677083991
Vanguard FTSE All-Wld ex-US SmCp Idx Inv,1.2292489810459646,0.9041735034966053,0.8175297244253257,0.21804150955729942,0.1001122838264711
Vanguard FTSE All-Wld ex-US SmCp Idx Ins,1.2290342909182819,0.9038852574970405,0.8170085587204912,0.21807296409133972,0.10023579292753756
SEI Instl Mgd Large Cap A,,,0,0,0
GMO Flexible Equities III,0.5253032087629272,0.5604483278343532,0.31410232817232264,0.1503144945642549,0.14589742231530928
GMO Flexible Equities VI,0.5278098245927416,0.5632332339579206,0.3172316758346977,0.1502850993916255,0.14542453579184206
MainStay Epoch Global Equity Yield C,0.7828695007635803,0.9146715138005569,0.8366239781582023,0.13727308432293808,0.06549277763706395
MainStay Epoch Global Equity Yield Inv,0.7825052411716656,0.9153121021765844,0.8377962443909182,0.13711330947438952,0.06530070310021827
MainStay Epoch Global Equity Yield A LW,0.7850105848781995,0.9165182738776771,0.8400057463517169,0.1373710269823607,0.064854673471955
MainStay Epoch Global Equity Yield I,0.7837940052839732,0.9155449422983801,0.8382225413681441,0.13730391433773856,0.06519410391381518
MainStay Epoch Global Equity Yield A,0.7850105848781995,0.9165182738776771,0.8400057463517169,0.1373710269823607,0.064854673471955
Strategic Advisers Small-Mid Cap,1.1916130847095816,0.9490345036831722,0.900666489181165,0.20137069443881989,0.07050083217694261
Strategic Advisers US Opportunity,1.0362706811264737,0.9920372978135422,0.9841380002531948,0.16753234243371268,0.021882080464909227
Mercury Large Cap Core C,,,0,0,0
Mercury Large Cap Core B,,,0,0,0
Mercury Large Cap Core A,,,0,0,0
Mercury Large Cap Core I,,,0,0,0
BlackRock Large Cap Core Inv A,1.1244296159451497,0.9675633955150293,0.9361789243405731,0.18636837981614465,0.05112864344080295
BlackRock Large Cap Core Inv C,1.1259429265356082,0.9677705693335533,0.9365798748681899,0.1865791599357194,0.05113652004270995
BlackRock Large Cap Core Inv A LW,1.1244296159451497,0.9675633955150293,0.9361789243405731,0.18636837981614465,0.05112864344080295
Mercury Large Cap Core A Load Waived,,,0,0,0
BlackRock Large Cap Core R,1.1272198984491872,0.967729030944795,0.9364994773333519,0.18679865889959368,0.05129580055512946
BlackRock Large Cap Core Instl,1.1253763053773915,0.9676909799102535,0.9364258325996667,0.18650051778372012,0.051134926100839195
BlackRock Large Cap Core Inv B,1.1251746510184832,0.9673622331063402,0.9357896900404852,0.18653056754514372,0.05134509758010844
BlackRock Large Cap Core Svc,1.1253579963437237,0.9678684700635947,0.9367693753432433,0.186463473074303,0.051008224576520614
Fidelity Series International Sm Cap,,,0,0,0
Fidelity Series International Sm Cap F,,,0,0,0
PIMCO EqS Pathfinder A Load Waived,,,0,0,0
PIMCO EqS Pathfinder Institutional,,,0,0,0
PIMCO EqS Pathfinder P,,,0,0,0
PIMCO EqS Pathfinder D,,,0,0,0
PIMCO EqS Pathfinder A,,,0,0,0
PIMCO EqS Pathfinder C,,,0,0,0
PIMCO EqS Pathfinder R,,,0,0,0
T. Rowe Price Real Assets,,,0,0,0
Strategic Advisers Emerging Markets,,,0,0,0
Virtus Premium AlphaSector I,,,0,0,0
Virtus Premium AlphaSector C,,,0,0,0
Virtus Premium AlphaSector A,,,0,0,0
Virtus Premium AlphaSector A LW,,,0,0,0
Transamerica Quality Value A LW,,,0,0,0
Transamerica Quality Value A,,,0,0,0
Transamerica Quality Value C,,,0,0,0
Transamerica Quality Value I,,,0,0,0
Transamerica Quality Value I2,,,0,0,0
Transamerica Select Equity I2,,,0,0,0
Goldman Sachs Mid Cap Value Instl,1.1613773736381956,0.9765044761917223,0.9535609920224699,0.19074603814963026,0.04856373261358041
Goldman Sachs Mid Cap Value B,1.160155477458555,0.9764473796675345,0.9534494852595943,0.1905565591340929,0.04846676499611038
Goldman Sachs Mid Cap Value A,1.1609676100921338,0.9763207306339571,0.9532021690656236,0.19071464000785768,0.04865726081091427
Goldman Sachs Mid Cap Value Service,1.1604359917977638,0.9764761058612857,0.953505585318021,0.19059701015902333,0.04847700630808974
Goldman Sachs Mid Cap Value C,1.1600681326051718,0.9764630252925224,0.9534800397634251,0.19053914915265627,0.048444719849549484
Goldman Sachs Mid Cap Value A LW,1.1609676100921338,0.9763207306339571,0.9532021690656236,0.19071464000785768,0.04865726081091427
Goldman Sachs Mid Cap Value IR,1.1607104683476555,0.9764861117631642,0.9535251264663429,0.19064010872015863,0.048500935090260044
Goldman Sachs Mid Cap Value R,1.1610709824989527,0.9762904997754018,0.953143139951704,0.1907374834322886,0.048692297631238786
Columbia Acorn A Load Waived,1.2129119244299051,0.9537657082898007,0.9096690263095453,0.20395054512703503,0.07015337704297159
Columbia Acorn Z,1.2142768651668319,0.9536070611376246,0.9093664270515373,0.20421399521005731,0.07041884370798095
Columbia Acorn I,1.2148130927713472,0.9536093863546998,0.909370861743787,0.2043036014439398,0.07048307314682352
Columbia Acorn B,1.2144704981436814,0.9541692624031964,0.91043898131506,0.20412586568510827,0.07009298510699505
Columbia Acorn C,1.2142200175737365,0.953641994352395,0.9094330533924135,0.20419687805685752,0.07039019586763079
Columbia Acorn A,1.2129119244299051,0.9537657082898007,0.9096690263095453,0.20395054512703503,0.07015337704297159
T. Rowe Price Value Adv,1.1298161012028474,0.9878904387300159,0.9759275189341834,0.1834195629462221,0.0352535052229258
T. Rowe Price Value,1.1294651146565666,0.9878242672597677,0.975796782987297,0.18337488353656498,0.035277042070574
DFA International Small Cap Value I,1.2823143240461559,0.9024366780901125,0.8143919579623173,0.2278929266204636,0.10809476334107297
Lord Abbett Affiliated A,1.176640832087728,0.9890422785649002,0.9782046287888497,0.19079603220490401,0.039941671361190347
Lord Abbett Affiliated B,1.1769858124738268,0.9889121515379431,0.9779472434594038,0.19087692324564062,0.04010637901754591
Lord Abbett Affiliated P,1.1762845291867317,0.9887047770676058,0.9775371361963042,0.19080319221828823,0.04020517792594334
Lord Abbett Affiliated I,1.1811724791295666,0.9892871294749951,0.9786890245448757,0.19148312348126265,0.040311261981445856
Lord Abbett Affiliated C,1.1754317256786362,0.9889763529112439,0.9780742266176251,0.19061247407258303,0.03984475787893381
Lord Abbett Affiliated F,1.1777869152754632,0.9888875162748508,0.9778985198442435,0.1910115696439023,0.04023356357920467
Lord Abbett Affiliated R2,1.1763504751192568,0.9891508768092934,0.9784194570925939,0.19072780064137074,0.039803576049867916
Lord Abbett Affiliated R3,1.1767722042964195,0.988775951345737,0.9776778819596674,0.19086857860052267,0.04020345491411925
Lord Abbett Affiliated A Load Waived,1.176640832087728,0.9890422785649002,0.9782046287888497,0.19079603220490401,0.039941671361190347
American Beacon Lg Cap Value Adv,1.0774336053845284,0.9921688514861227,0.9843990298592916,0.17415885713143914,0.02504345705817713
American Beacon Lg Cap Value Inst,1.0765269077835233,0.9922296091052876,0.9845195971852317,0.1740018067125585,0.024881380270693528
American Beacon Lg Cap Value Inv,1.0777166639260916,0.9922510560185285,0.984562158169885,0.17419020013911204,0.02497050787786416
American Beacon Lg Cap Value A,1.0761227590189435,0.9921253842733919,0.9843127781196256,0.17395494323309507,0.02496997261500682
American Beacon Lg Cap Value C,1.0757113387901984,0.9921449395804479,0.9843515811350906,0.17388501316807745,0.024906609733824626
American Beacon Lg Cap Value A LW,1.0761227590189435,0.9921253842733919,0.9843127781196256,0.17395494323309507,0.02496997261500682
American Beacon Lg Cap Value R,1.076887379639645,0.9922921816708151,0.984643773805026,0.17404910117958913,0.02483947222025575
American Beacon Lg Cap Value Y,1.0776759149660085,0.9922809014197443,0.9846213873223805,0.17417843134368,0.02492997563734221
American Beacon Lg Cap Value AMR,1.0795568099741015,0.992291361341307,0.9846421457925844,0.1744805065325773,0.025101695316746272
American AAdvantage Lg Cap Value Milg,,,0,0,0
American Funds AMCAP R6,1.023263154532471,0.9893679922409625,0.9788490240709133,0.16586917282063568,0.024405296672482896
American Funds AMCAP A,1.0265639473492618,0.9895981869490478,0.9793045716128426,0.16636534415977272,0.024304935754319926
American Funds AMCAP B,1.0230231382346902,0.9893515845795504,0.9788165579100674,0.1658330537530765,0.024412533946939558
American Funds AMCAP C,1.0235850600290362,0.9892687447788923,0.9786526493964051,0.16593808230328708,0.024533535511462475
American Funds AMCAP F-1,1.0240415155334381,0.9891988363876631,0.9785143379107069,0.1660236791680535,0.02463476421953141
American Funds AMCAP 529A,1.0252827689957946,0.9894023400202598,0.9789169904375659,0.16619067889587175,0.02446468314017848
American Funds AMCAP 529B,1.0246621392608921,0.9893108218925232,0.9787359023136597,0.16610545948535196,0.024538162500880523
American Funds AMCAP 529C,1.0223376508957724,0.9892064877212748,0.9785294753498606,0.16574633237188827,0.024544787937800946
American Funds AMCAP 529E,1.0230788811336295,0.9893584501174174,0.9788301428187383,0.1658409250585814,0.024407371337247397
American Funds AMCAP R3,1.0229806683445126,0.9890561280824254,0.9782320244973991,0.16587565638764104,0.024744667325389335
American Funds AMCAP R2,1.0241311003749907,0.9892053625028365,0.9785272492043682,0.16603705084244957,0.024631738124522348
American Funds AMCAP R4,1.0246775681196685,0.9891247498891617,0.9783677708432965,0.16613916824724181,0.024749482270623454
American Funds AMCAP R5,1.0236195307628282,0.9893877396214886,0.9788880993133184,0.16592358738417684,0.02439989186601332
American Funds AMCAP R1,1.0219654058015346,0.9893942100720411,0.9789009029240784,0.1656545485383647,0.024314213999669293
American Funds Amcap 529F-1,1.0244814587130413,0.9892354212674973,0.9785867186902828,0.16608877897936736,0.02461482256049913
American Funds AMCAP 529A Load Waived,1.0252827689957946,0.9894023400202598,0.9789169904375659,0.16619067889587175,0.02446468314017848
American Funds AMCAP A Load Waived,1.0265639473492618,0.9895981869490478,0.9793045716128426,0.16636534415977272,0.024304935754319926
American Funds AMCAP F-2,1.0237788964921042,0.9893338880202005,0.9787815419851665,0.1659584573839756,0.024468896233428385
Invesco Van Kampen Comstock Instl,1.0689272388844,0.9889157089765439,0.9779542794605804,0.17335731232995705,0.028006962823662267
Invesco Van Kampen Comstock A,1.0700697580082792,0.989105580699453,0.9783298497708021,0.1735096033626057,0.027898619258100856
Invesco Van Kampen Comstock B,1.069662363896477,0.9888007154505745,0.9777268548755679,0.17349698940168792,0.02819428146717497
Invesco Van Kampen Comstock C,1.0676664913192637,0.9885877042709156,0.9773056490356393,0.17321068055384928,0.028254043885755375
Invesco Van Kampen Comstock R,1.0708655327668828,0.9889272655418759,0.977977136532132,0.17366994227353352,0.02816124562013075
Invesco Van Kampen Comstock A LW,1.0700697580082792,0.989105580699453,0.9783298497708021,0.1735096033626057,0.027898619258100856
Invesco Van Kampen Comstock Y,1.0693448724889394,0.9886522424793677,0.9774332565594822,0.1734715772949882,0.02832697173203188
American Funds American Mutual 529A LW,0.7847906220925754,0.9856088780292765,0.9714248604501294,0.12770554856313876,0.040701243500763894
American Funds American Mutual A LW,0.7855461461733678,0.9854425877939664,0.9710970938380692,0.1278500648695215,0.04067744838900296
American Funds American Mutual F-2,0.7857648954769314,0.9856477809771823,0.9715015481452434,0.1278591154667396,0.04056724395856717
American Funds American Mutual F-1,0.7850607920739642,0.9856487461153499,0.9715034507187617,0.1277443407556321,0.040652238470153035
American Funds American Mutual C,0.7852853284742904,0.9857739168478529,0.9717502151375575,0.12776462883502615,0.04057395373496577
American Funds American Mutual R5,0.7857079803847651,0.9854446588822965,0.9711011757196456,0.12787612978874255,0.0406570625765971
American Funds American Mutual R3,0.7843263075758561,0.9855091081388547,0.9712282022246409,0.1276429864692877,0.04079804882270952
American Funds American Mutual 529A,0.7847906220925754,0.9856088780292765,0.9714248604501294,0.12770554856313876,0.040701243500763894
American Funds American Mutual 529B,0.7839551119642398,0.9853037775221645,0.970823533999447,0.1276091359388198,0.0409260210101651
American Funds American Mutual 529C,0.7838903971764039,0.9856718627472519,0.9715490210116374,0.12755104234961445,0.04078514217797947
American Funds American Mutual 529E,0.7838406671691978,0.9855029261993007,0.9712160175473844,0.12756483836354937,0.040859475220753054
American Funds American Mutual R2,0.7847261885965522,0.9853778678534331,0.9709695424553777,0.12772502975463643,0.04080282629963856
American Funds American Mutual R4,0.7851125552387815,0.9856038949635297,0.9714150377672806,0.12775867692423534,0.040664216014195356
American Funds American Mutual R1,0.7840204030409026,0.9855605565790206,0.971329610684349,0.12758658252409838,0.04081435386457633
American Funds American Mutual 529F,0.7843727623968235,0.985212211347186,0.9706431013876123,0.1276890742759454,0.04091257524389804
American Funds American Mutual R6,0.7845892951940023,0.9856911386528161,0.9715870208186853,0.1276622663550529,0.04069228420543161
American Funds American Mutual A,0.7855461461733678,0.9854425877939664,0.9710970938380692,0.1278500648695215,0.04067744838900296
American Funds American Mutual B,0.7844400023726591,0.9854161839530514,0.971045055596594,0.12767357289912615,0.04082191102581577
Columbia Acorn International Z,1.052474287722588,0.8999755176194651,0.8099559323144243,0.187562073860426,0.08217750554082764
Columbia Acorn International R5,1.0525203118129611,0.900032355726256,0.8100582413541538,0.18755842816583623,0.0821547916904738
Columbia Acorn International R,1.051860620064669,0.8999380885308693,0.8098885631885948,0.18746068677909788,0.08213785624639255
Columbia Acorn International I,1.0522495881684752,0.8999377931488511,0.8098880315376245,0.18752992984730935,0.08217439454881248
Columbia Acorn International A,1.0519374101013608,0.9001720134573599,0.8103096538118773,0.18742554738342573,0.08203384621740967
Columbia Acorn International B,1.0520904875747286,0.9002061480961798,0.8103711090701612,0.18744571897039802,0.08203192321550365
Columbia Acorn International C,1.0508667924094974,0.899736111560842,0.8095250704466239,0.18732547285337892,0.08214092739680993
Columbia Acorn International A LW,1.0519374101013608,0.9001720134573599,0.8103096538118773,0.18742554738342573,0.08203384621740967
Artisan International Instl,1.2552812812773166,0.9220382966185229,0.8501546204311873,0.21832891663098894,0.09389474445679462
Artisan International Inv,1.255661362785079,0.9224260343166669,0.8508697887851727,0.21830328364685334,0.09373080047934794
Wells Fargo Advantage Growth Inv,1.08744965639723,0.9445935448947088,0.8922569650567521,0.18463322728654463,0.06219334401376772
Wells Fargo Advantage Growth A,1.0867444918904656,0.9445029963868925,0.8920859101838183,0.18453128328394977,0.0621821462884913
Wells Fargo Advantage Growth I,1.0882243579167927,0.9444585699488423,0.8920019903498121,0.1847912492446905,0.06234178533661413
Wells Fargo Advantage Growth Adm,1.0871128363630267,0.944399821466911,0.8918910227867333,0.18461403155542697,0.062275186597175666
Wells Fargo Advantage Growth C,1.0864022400772384,0.9443148882562294,0.8917306081823752,0.1845098745669727,0.062260227946113404
Wells Fargo Advantage Growth A LW,1.0867444918904656,0.9445029963868925,0.8920859101838183,0.18453128328394977,0.0621821462884913
T. Rowe Price Emerging Markets Stock,1.2473793553429529,0.8548445447772715,0.7307591957354604,0.23400945507165832,0.12772118384450187
American Funds Capital World G/I A,1.073020674467855,0.9508829367821784,0.9041783594635003,0.18097974021668886,0.05722119239908951
American Funds Capital World G/I R6,1.0729452450452133,0.950872365400682,0.9041582552826881,0.18096906617950953,0.05722122514809642
American Funds Capital World G/I 529F,1.073020943923128,0.9510913910163528,0.9045748340654208,0.18094016645679997,0.05709568839630452
American Funds Capital World G/I R4,1.073680340762351,0.9507995663811906,0.90401981543066,0.18110687808487957,0.0573267853968083
American Funds Capital World G/I R1,1.0722755549346548,0.9510937458140689,0.9045793133266367,0.18081404445300706,0.05703186969337658
American Funds Capital World G/I R2,1.074047857015821,0.9511986842800016,0.9047789369760062,0.18109275141330175,0.05711728576583115
American Funds Capital World G/I R5,1.0737410200585193,0.9510974616771432,0.9045863816087047,0.18106036315386306,0.05715250748187859
American Funds Capital World G/I R3,1.0735957277863721,0.9511286616514258,0.9046457310148326,0.18102995301083896,0.05712147940578169
American Funds Capital World G/I 529A,1.0726090285452874,0.9509634076859808,0.9043314027577329,0.18089506410677167,0.05713825829970833
American Funds Capital World G/I 529B,1.0729821373253605,0.9510828523882552,0.9045585921069795,0.18093521567532447,0.05709758006615809
American Funds Capital World G/I 529C,1.0727848628274443,0.9508739399174931,0.9041612496142163,0.1809416970952314,0.05720683009146888
American Funds Capital World G/I 529E,1.072775365480236,0.9508911256260404,0.9041939327943581,0.18093681452173693,0.0571956941926026
American Funds Capital World G/I C,1.072582068846378,0.9510110520339329,0.9044220210906877,0.1808814367420696,0.05710731569555356
American Funds Capital World G/I F-1,1.0726208351885904,0.951055325331353,0.9045062318411258,0.1808795386771994,0.0570838958431702
American Funds Capital World G/I B,1.0734222515305956,0.9510765112466264,0.9045465302450544,0.1810105832491244,0.05713833808736644
American Funds Capital World G/I F-2,1.0739948084748505,0.951034406382832,0.9044664421239456,0.18111514169267703,0.057211875940626336
American Funds Capital World G/I 529A LW,1.0726090285452874,0.9509634076859808,0.9043314027577329,0.18089506410677167,0.05713825829970833
American Funds Capital World G/I A LW,1.073020674467855,0.9508829367821784,0.9041783594635003,0.18097974021668886,0.05722119239908951
Invesco Charter A Load Waived,0.8726409485237197,0.9818868244040164,0.9641017359382037,0.1425354328226153,0.03385332354331382
Invesco Charter Y,0.8709474240021423,0.9812933151873853,0.9629365704314491,0.1423450285138349,0.03433456853642515
Invesco Charter R,0.8726926685159702,0.9811102702111155,0.962577362313728,0.14265667582123237,0.034321410020733904
Invesco Charter S,0.8719311102024954,0.9815724843642263,0.9634845420609593,0.14246515022461156,0.034095620331067236
Invesco Charter A,0.8726409485237197,0.9818868244040164,0.9641017359382037,0.1425354328226153,0.03385332354331382
Invesco Charter I,0.8698668427569973,0.9811294030858655,0.9626149055996268,0.14219223250628807,0.034510185993988994
Invesco Charter C,0.872760725218673,0.981646962180456,0.9636307583581175,0.14258974838563954,0.03399105472885056
Invesco Charter B,0.869473768731839,0.9814377331250744,0.9632200240016848,0.1420831884347141,0.034354324204209065
MainStay Large Cap Growth B,1.145338075361595,0.9721334872534909,0.9450435170396331,0.18894462440685625,0.05004404395556549
MainStay Large Cap Growth C,1.142376892561888,0.9718373170843383,0.9444677708776846,0.18851372779971295,0.0499401265109445
MainStay Large Cap Growth I,1.1424593195994681,0.9723560252703988,0.9454762398796484,0.18842662895922085,0.04956819859618136
MainStay Large Cap Growth R1,1.1441076548242255,0.9718816042370186,0.944553852654321,0.1887905707578477,0.05009490467353132
MainStay Large Cap Growth R2,1.1416782699994106,0.9723009245069955,0.9453690877971581,0.18830873704919773,0.04952446623891978
MainStay Large Cap Growth A Load Waived,1.147842076783069,0.9723406959237879,0.9454464289495561,0.18931709818088474,0.050165633293761884
MainStay Large Cap Growth Inv,1.1441574029837966,0.9715714645430359,0.9439511107142997,0.18885915068683098,0.05032686211194062
MainStay Large Cap Growth R3,1.1477233444860189,0.9714460730896535,0.9437074729213084,0.18947208089781511,0.05080642617506362
MainStay Large Cap Growth A,1.147842076783069,0.9723406959237879,0.9454464289495561,0.18931709818088474,0.050165633293761884
Vanguard Emerging Mkts Stock Idx Adm,1.2756383688559534,0.8682415785710159,0.7538434387594897,0.235616687060631,0.12495963043891604
Vanguard Emerging Mkts Stock Idx Signal,1.2760920091813148,0.8685982386097211,0.75446290011591,0.2356037366286486,0.12484174701002942
Vanguard Emerging Mkts Stock Idx Inst,1.276703515759547,0.8684904837352774,0.754275720338736,0.23574580785723764,0.12498399598294938
Vanguard Emerging Mkts Stock Idx,1.2766981178992487,0.8685435753276318,0.7543679422429057,0.23573038623459136,0.12495605150775516
Vanguard Emerging Mkts Stk Idx InstlPlus,1.276280411295928,0.8685364507412009,0.7543555662661225,0.23565507805883862,0.12490019744679312
Fidelity Mid-Cap Stock,1.2412212166025018,0.9490680495696203,0.9007301627138834,0.20974574608042787,0.0765607209076722
Fidelity Mid-Cap Stock K,1.2413246110058291,0.9489616302296127,0.9005281756480441,0.20978675506020916,0.07663823783535526
Vanguard Capital Opportunity Inv,1.1890180446390708,0.965911494638623,0.9329850154750187,0.19741238227364488,0.05940932224591404
Vanguard Capital Opportunity Adm,1.189022369781865,0.9659541323984233,0.9330673858975908,0.19740438422047749,0.059380882867891005
DFA US Large Cap Value I,1.2579014136996878,0.9805346616767309,0.9614482227495011,0.2057437788480834,0.05780451795486148
DFA US Small Cap Value I,1.4581938881717014,0.9363031406825515,0.8766635712520098,0.24976448052509823,0.11440750524627015
Fairholme,1.2212461870957088,0.8427976455302993,0.710307871311416,0.23238686271599285,0.1299905987913906
Dodge & Cox Stock,1.1462577543704933,0.989340575265535,0.9787947738667397,0.18581349252527768,0.035802885726360895
Eaton Vance Large-Cap Value A,1.0091881669947078,0.9920892527824458,0.9842410854864316,0.16313849405331976,0.02052874504620753
Eaton Vance Large-Cap Value B,1.0077152726089151,0.9921704743704061,0.9844022502123966,0.16288712763910823,0.020377031104821353
Eaton Vance Large-Cap Value C,1.0090714323892573,0.9924486586173545,0.9849543399913863,0.163060569750187,0.020050345638657183
Eaton Vance Large-Cap Value A LW,1.0091881669947078,0.9920892527824458,0.9842410854864316,0.16313849405331976,0.02052874504620753
Eaton Vance Large-Cap Value I,1.0120034050620106,0.9923678780738702,0.9847940054328356,0.16354755233558216,0.020255489939647046
Eaton Vance Large-Cap Value R,1.0103849585595561,0.9923537270984684,0.9847659196862214,0.1632883673031837,0.020219149269152886
American Funds EuroPacific Gr 529A LW,1.1531872916562087,0.9324156468620577,0.8693989385131894,0.19835229307363464,0.07575959964464789
American Funds EuroPacific Gr A LW,1.1531217055585268,0.932232725067158,0.8690578536861395,0.19837991144158484,0.07585413292282134
American Funds EuroPacific Gr F-2,1.1536650281788092,0.9321460588371597,0.8688962750056497,0.19849180375473516,0.07596257259529854
American Funds EuroPacific Gr A,1.1531217055585268,0.932232725067158,0.8690578536861395,0.19837991144158484,0.07585413292282134
American Funds EuroPacific Gr R6,1.1522740696745317,0.9320385858117982,0.8686959254420568,0.1982754348166204,0.07586823717548107
American Funds EuroPacific Gr 529A,1.1531872916562087,0.9324156468620577,0.8693989385131894,0.19835229307363464,0.07575959964464789
American Funds EuroPacific Gr 529B,1.1522835942623888,0.9319771282788876,0.8685813676349621,0.1982901158725472,0.07590344036705671
American Funds EuroPacific Gr 529C,1.152508461663484,0.9321101490401832,0.8688293299437126,0.19830051128312348,0.07585439517304501
American Funds EuroPacific Gr 529E,1.153400711375521,0.9322693579319052,0.8691261557387668,0.19842011674307308,0.07586467084619007
American Funds EuroPacific Gr R3,1.153295734289766,0.9322866520400037,0.8691584015719589,0.19839839033116216,0.07584341257105921
American Funds EuroPacific Gr R5,1.1529482432525213,0.9320920483434012,0.8687955865849973,0.19838001213253795,0.07591315091733195
American Funds EuroPacific Gr R4,1.1536435500472926,0.9322334889612162,0.8690592779408018,0.19846947258938674,0.07591155418041196
American Funds EuroPacific Gr R2,1.152504572495292,0.9322141852141986,0.8690232871145723,0.19827773400238263,0.07579611578347283
American Funds EuroPacific Gr R1,1.1526734459292391,0.9322179873042848,0.8690303758536518,0.19830591395415864,0.07581269051452433
American Funds EuroPacific Gr 529F,1.1532014078735133,0.9321106315536626,0.8688302294553677,0.19841960906534462,0.07593086925733672
American Funds EuroPacific Gr C,1.1532744769423124,0.932131432151833,0.8688690068054272,0.19842772129428649,0.07592740128704839
American Funds EuroPacific Gr F-1,1.1535338843703236,0.9321748770184703,0.8689500013444003,0.1984630852444425,0.0759319984676383
American Funds EuroPacific Gr B,1.1519754379331977,0.932101296142979,0.8688128262714214,0.19821072570872186,0.07580035933680124
Vanguard Explorer Adm,1.239013880053183,0.946502144166986,0.8958663089127019,0.20993787673528547,0.07782470081203684
Vanguard Explorer Inv,1.2386542426541005,0.946303359392663,0.8954900479978395,0.2099210500368743,0.07789804517491285
Fidelity Blue Chip Growth K,1.1785093960165498,0.9709734799505283,0.9427894987672389,0.19465427740691346,0.054646062757796626
Fidelity Blue Chip Growth,1.1793264777300163,0.9712400620510218,0.9433072581328726,0.19473564621330194,0.05455178392830064
Fidelity Blue Chip Growth F,1.1793208102812929,0.9711348337232294,0.9431028652706444,0.19475582966978838,0.054626364039656226
Fidelity Capital Appreciation K,1.0964724440904985,0.9284207952527892,0.8619651730578216,0.1893928082908807,0.07203688977463263
Fidelity Capital Appreciation,1.0975461243108866,0.9290939072531231,0.863215488494875,0.18944088903665562,0.07177969452005942
Fidelity Contrafund,0.8971510661632316,0.9644559263784431,0.9301752339265008,0.1491880714157188,0.04272452534222559
Fidelity Contrafund K,0.8970529990390969,0.9645835937097241,0.9304215092539662,0.14915204147333783,0.042657671474606175
Fidelity Disciplined Equity K,1.096734466068937,0.9871964384555445,0.9745568080993116,0.1781690405990261,0.03237242022002239
Fidelity Disciplined Equity,1.0960054338887557,0.9873245946572278,0.974809855215059,0.17802750159567055,0.03217237027522958
Fidelity Disciplined Equity F,1.095507459233912,0.9871631714140735,0.9744911269962916,0.17797573132481134,0.03228370123878965
Fidelity Diversified International F,,,0,0,0
Fidelity Diversified International,1.1976469661038456,0.946179048568726,0.8952547919504197,0.2029998621676124,0.07293246961039794
Fidelity Diversified International K,1.1974820959169423,0.9460554775884532,0.8950209666751162,0.20299846181976636,0.0729865816330411
Fidelity Value K,1.2964550058339486,0.96664120151183,0.9343952124602343,0.21509783611878483,0.07275793110724604
Fidelity Value,1.2963107331497994,0.9665517734355743,0.9342223307314538,0.21509377479876915,0.07279697165852764
Fidelity Low-Priced Stock,1.042970785509805,0.9773871836298427,0.9552857067238757,0.17113994176961228,0.03683160795308057
Fidelity Low-Priced Stock K,1.043501187188871,0.9776079545289841,0.9557173127583443,0.17118832043791507,0.0366857381010153
Fidelity Equity-Income K,1.123535627048839,0.9852060266854148,0.9706309150172622,0.1829011980538845,0.03707287167712878
Fidelity Equity-Income,1.1230026029047613,0.9851756338249149,0.9705710294823227,0.1828201113179179,0.03704252656081604
Fidelity Equity-Income F,,,0,0,0
Fidelity K,1.0401055561528443,0.9866402983000937,0.9734590782296978,0.1690731632493026,0.028278939206673966
Fidelity,1.0392798569446897,0.9866492534890082,0.9734767494104173,0.16893746291076359,0.02821864102858588
Fidelity Growth & Income K,1.049793514946685,0.9925127855056827,0.9850816293922492,0.16962850378608263,0.02220041053369874
Fidelity Growth & Income,1.0505926123979725,0.9926973941560433,0.9854481163641986,0.16972593242830045,0.022019551379061805
Fidelity International Discovery,1.2296140606846158,0.942111287250218,0.8875736775642628,0.2093193017430054,0.07924323786070088
Fidelity International Discovery K,1.2290795583066687,0.9418540778822144,0.8870891040233565,0.20928544768966958,0.07932723870922807
Fidelity Advisor Intl Discovery A LW,1.2292810322502856,0.9418971071015976,0.8871701603663582,0.20931016232148245,0.0793271985724292
Fidelity Advisor Intl Discovery A,1.2292810322502856,0.9418971071015976,0.8871701603663582,0.20931016232148245,0.0793271985724292
Fidelity Advisor Intl Discovery B,1.2284420284081,0.9419943058476323,0.8873532722493629,0.20914578896808364,0.0791654178589953
Fidelity Advisor Intl Discovery C,1.2286008682645388,0.9422342707460131,0.8878054209682709,0.20911955303909746,0.07904447818274515
Fidelity Advisor Intl Discovery T,1.2285008430989397,0.9419584880534584,0.8872857932159574,0.20916372484634066,0.07919376000950723
Fidelity Advisor Intl Discovery I,1.2302943785207676,0.9420299429736788,0.8874204134589925,0.20945312598342788,0.0793760531157153
Fidelity Magellan K,1.1708889514252954,0.9727094551137824,0.9461636840677514,0.19305208919551517,0.05250211200384501
Fidelity Magellan,1.1705235534661997,0.9727700658287751,0.9462816009725195,0.19297983754469247,0.052415391934732485
Fidelity Growth Company,1.1264922919142442,0.9578426997522426,0.9174626374686647,0.18861016188570442,0.057849268887667185
Fidelity Growth Company F,1.126745412073754,0.9579265328260737,0.9176232422921828,0.18863604624590305,0.05782108843530475
Fidelity Growth Company K,1.1267816246734652,0.9577734570419093,0.9173299950140099,0.1886722328663242,0.0579230063266221
Fidelity OTC,1.2204669632956306,0.9359310427806266,0.875966916840431,0.20912952856561454,0.08168461551756533
Fidelity OTC K,1.2211724631356429,0.9361013894840655,0.8762858113939981,0.20921235514641484,0.08167453458956761
Fidelity Spartan 500 Index Institutional,0.9999022117898745,0.999997139574917,0.9999942791580161,0.1603624207666657,0.0003838027026630095
Fidelity Spartan 500 Index Advtg Instl,1.0002027016356851,0.9999967717492907,0.9999935435090029,0.1604106287489202,0.00040880969888783725
Fidelity Spartan 500 Index Inv,1.0000471468808192,0.9999971893079223,0.9999943786237445,0.16038572163359419,0.00038026417421376554
Fidelity Spartan 500 Index Advtg,0.9997998232100663,0.9999971532892474,0.9999943065865987,0.16034608657232702,0.0003838669723695818
Franklin Growth A Load Waived,1.04270109825489,0.9852452681415911,0.9707082383953957,0.16972503463562805,0.029839387122320628
Franklin Growth A,1.04270109825489,0.9852452681415911,0.9707082383953957,0.16972503463562805,0.029839387122320628
Franklin Growth C,1.0413822986843457,0.9853092215868292,0.9708342621440434,0.16949945752769577,0.02969304568093825
Franklin Growth Adv,1.0423892472842597,0.9853078758827201,0.9708316102765177,0.16966351220872108,0.029758108734532943
Franklin Growth B,1.0416996192424093,0.9853250055378139,0.9708653665380929,0.16954838001245431,0.029697552942555806
Franklin Growth R,1.0420316202567026,0.9852548861313298,0.9707271906456598,0.16961440636345101,0.029787350047790734
Scout International,1.1931128688003934,0.9429093743541967,0.8890780882450229,0.20293240793693046,0.0743303607959333
American Funds Fundamental Investors A,1.0418908634173294,0.9908252281584526,0.9817346327552499,0.16864168909995336,0.023756821020785145
American Funds Fundamental Investors R6,1.042652084488953,0.9908921121592119,0.9818671779393442,0.16875349252998728,0.023726712418842947
American Funds Fundamental Invs 529A,1.0420011059875454,0.9908013008481912,0.981687217762468,0.16866362969296528,0.02379301631353801
American Funds Fundamental Invs 529B,1.0406087713846957,0.990872490718413,0.9818282928625115,0.16842621598548863,0.02361534694206694
American Funds Fundamental Invs 529C,1.0416948044034227,0.9908111884508244,0.981706811159335,0.16861240966435476,0.023760790713608513
American Funds Fundamental Invs 529E,1.0416270488795425,0.9908535163098928,0.981790690783679,0.16859422435595783,0.023705162042605622
American Funds Fundamental Invs R3,1.0413836398029077,0.9908899898134198,0.9818629719124392,0.16854858960139793,0.023644930566787258
American Funds Fundamental Invs R2,1.0414304392006286,0.9909263090031093,0.9819349498745256,0.16854997892146045,0.023603958939778763
American Funds Fundamental Invs 529F,1.0418133776929395,0.9907840230781051,0.9816529803868351,0.16863619100742763,0.02380140528914007
American Funds Fundamental Investors R4,1.0419391653458197,0.9907739393750583,0.9816329989447717,0.1686582477486781,0.023821891058985863
American Funds Fundamental Invs R1,1.0418085708506164,0.9906884133934907,0.9814635324321118,0.16865158652129686,0.02391608025606959
American Funds Fundamental Investors R5,1.0422959624024384,0.9908840558598141,0.9818512121571952,0.16869726366062035,0.023712636242114817
American Funds Fundamental Investors B,1.041478026328454,0.990795445452204,0.9816756147288314,0.1685799019714337,0.023765479392878514
American Funds Fundamental Invs F-1,1.0423221363487907,0.9907705737108112,0.9816263297312502,0.1687207421233628,0.023851404276987245
American Funds Fundamental Invs C,1.0410843201695106,0.9908345502745487,0.9817531060177671,0.16850962602144948,0.023692365053479426
American Funds Fundamental Investor A LW,1.0418908634173294,0.9908252281584526,0.9817346327552499,0.16864168909995336,0.023756821020785145
American Funds Fundamental Invs 529A LW,1.0420011059875454,0.9908013008481912,0.981687217762468,0.16866362969296528,0.02379301631353801
American Funds Fundamental Invs F-2,1.0418450123077978,0.9908309271326823,0.9817459261626108,0.16863337142592594,0.023746897206961583
Invesco Van Kampen Growth and Incom A LW,1.0590204255087208,0.9823528786154522,0.9650171781240654,0.17289685748215816,0.03368771640614509
Invesco Van Kampen Growth and Income Y,1.0600034050230216,0.9822848151251263,0.9648834580254037,0.17306932622717078,0.03382248432187001
Invesco Van Kampen Growth and Income R,1.059307240328632,0.9821439007373366,0.9646066417555512,0.17298046206290796,0.03389727236018935
Invesco Van Kampen Growth and Income I,1.0595922556784183,0.9823564354390752,0.9650241662485661,0.1729893221601732,0.03372712017436272
Invesco Van Kampen Growth and Income A,1.0590204255087208,0.9823528786154522,0.9650171781240654,0.17289685748215816,0.03368771640614509
Invesco Van Kampen Growth and Income B,1.0602167009625107,0.9822845126374855,0.9648828637674624,0.1731039701636389,0.033838755087333985
Invesco Van Kampen Growth and Income C,1.0586249169291682,0.9822943813702373,0.9649022516715372,0.172842468569784,0.03371114959550016
Lazard Emerging Markets Equity Instl,1.2056152012283956,0.8499771996683708,0.7224612399560856,0.22747065306416228,0.12427062756604194
Lazard Emerging Markets Equity Open,1.205055757977325,0.8499258635233925,0.7223739734859845,0.22737887410729357,0.12421837477181256
American Funds Growth Fund of Amer B,1.0215979581220873,0.9841814083645668,0.9686130445704622,0.16647157132125334,0.029690034335080946
American Funds Growth Fund of Amer C,1.0203908224639888,0.9841443108749586,0.9685400246275472,0.16628121542718183,0.02966858548331166
American Funds Growth Fund of Amer F-1,1.0205399496009218,0.9842685005415619,0.9687844811583346,0.16628454389597766,0.029557735026407777
American Funds Growth Fund of Amer 529F,1.021191154115798,0.9841117927000981,0.9684760205314009,0.16641705100013784,0.029736755648012765
American Funds Growth Fund of Amer R2,1.0207970345993822,0.9841478529261763,0.9685469964192027,0.1663467650167453,0.029684145087581205
American Funds Growth Fund of Amer R4,1.0210916723663817,0.9841891011665157,0.9686281868549541,0.16638782266581292,0.029658863801934724
American Funds Growth Fund of Amer R5,1.0216271915457995,0.9841613520003704,0.968573566771197,0.1664797673309969,0.029710428858572294
American Funds Growth Fund of Amer R1,1.0201977278565428,0.9840344603003275,0.9683238190585567,0.16626828604983573,0.029763456368410667
American Funds Growth Fund of Amer 529A,1.0211855487457129,0.9841996980890013,0.9686490457184814,0.1664014129459823,0.029653226352406362
American Funds Growth Fund of Amer 529B,1.0204094612024428,0.9841349431587858,0.9685215863461465,0.1662858379890024,0.029678316816209995
American Funds Growth Fund of Amer 529C,1.0201911894672249,0.9842708910588968,0.9687891869858747,0.16622730268537686,0.02953930743853333
American Funds Growth Fund of Amer 529E,1.0209905404289326,0.9841544587401588,0.968559998658135,0.1663771904163408,0.029686946268046913
American Funds Growth Fund of Amer R3,1.0209116865281578,0.9840570549842709,0.9683682874643162,0.16638081431472454,0.029775372217767007
American Funds Growth Fund of Amer A,1.0221168685626825,0.9840815468059297,0.9684164907639512,0.1665730051988231,0.029809281694666838
American Funds Growth Fund of Amer R6,1.0215637693740725,0.9842048745667058,0.9686592351208652,0.16646201783422973,0.029666160593573854
American Funds Growth Fund of Amer F-2,1.0214949479405826,0.9842239631633446,0.9686968096649606,0.16644764462837786,0.029644791147406205
American Funds Growth Fund of Amer 52 LW,1.0211855487457129,0.9841996980890013,0.9686490457184814,0.1664014129459823,0.029653226352406362
American Funds Growth Fund of Amer A LW,1.0221168685626825,0.9840815468059297,0.9684164907639512,0.1665730051988231,0.029809281694666838
Harbor International Instl,1.307063790257635,0.9326303782089453,0.8697994223581604,0.22475583082296727,0.0948645433676355
Harbor International Inv,1.305741457306436,0.9323139543142615,0.8692093094090947,0.22460464465225663,0.0948649860638034
Harbor International Adm,1.3065807015321202,0.9325935283470681,0.8697306891148336,0.22468161072946036,0.09481976780165571
Harbor International II,,,0,0,0
Harbor Capital Appreciation Instl,1.0547120527342733,0.955239045973526,0.9124816349524122,0.17706652143225046,0.05310511324459031
Harbor Capital Appreciation Adm,1.0539049326343468,0.955223766596683,0.9124524442711542,0.17693389026132142,0.053053778697909566
Harbor Capital Appreciation Inv,1.0544567121279556,0.9551481149571067,0.9123079215061142,0.1770405080940364,0.05314201428590591
American Funds Invmt Co of America R6,0.9743632317243694,0.9928238154157287,0.9856991284566451,0.15739372942515728,0.019262309191369162
American Funds Invmt Co of America A,0.9736918706709128,0.992925768789378,0.9859015823259774,0.15726910059391164,0.01914072084425294
American Funds Invmt Co of America R1,0.972764426585503,0.9929022391033463,0.9858548564164387,0.15712307996617145,0.019187231289574294
American Funds Invmt Co of America 529A,0.9744079092983511,0.9928538263479043,0.9857587204936746,0.157396142059152,0.01922272165296406
American Funds Invmt Co of America 529B,0.9722951545965771,0.9927704757773131,0.9855932175751128,0.15706818132719305,0.019365455514461092
American Funds Invmt Co of America 529C,0.9733102190163612,0.9927761252328537,0.985604434832359,0.15723119522985132,0.019340688681220863
American Funds Invmt Co of America 529E,0.9740169661709475,0.9927155732609336,0.9854842093947841,0.1573549008688394,0.01940724442623719
American Funds Invmt Co of America R3,0.9744068714337716,0.9928743052186787,0.9857993859634739,0.15739280278625525,0.019196147803576688
American Funds Invmt Co of America R2,0.972586381136916,0.9928343374231441,0.9857200215664534,0.1571050368182146,0.019278140577029576
American Funds Invmt Co of America R5,0.973053867879859,0.992675473839534,0.9854045963625435,0.15720573779304226,0.019474017424035
American Funds Invmt Co of America R4,0.9738387432524847,0.9927124316457919,0.9854779719441011,0.1573266328280186,0.019414046616896937
American Funds Invmt Co of America 529F,0.9742681062864176,0.9928314567358419,0.9857143014842138,0.15737715553692813,0.01925388111966495
American Funds Invmt Co of America B,0.9745218368714443,0.9929378933007115,0.9859256599524552,0.1574012556362632,0.019111561761793745
American Funds Invmt Co of America F-1,0.9748968966705238,0.992909017899567,0.9858683178262825,0.15746638152148693,0.0191435099945921
American Funds Invmt Co of America C,0.9737890546083898,0.9929090772208229,0.985868435627506,0.15728754258306002,0.019160819182992502
American Funds Invmt Co of America A LW,0.9736918706709128,0.992925768789378,0.9859015823259774,0.15726910059391164,0.01914072084425294
American Funds Invmt Co of America 52 LW,0.9744079092983511,0.9928538263479043,0.9857587204936746,0.157396142059152,0.01922272165296406
American Funds Invmt Co of America F-2,0.9751321271601535,0.992835503697811,0.9857223374028863,0.15751598814479267,0.019235729808901134
Janus N,1.0273145864574253,0.9699827311154284,0.9408664986621454,0.16985251792166017,0.04152806002261488
Janus D,1.0273145864574253,0.9699827311154284,0.9408664986621454,0.16985251792166017,0.04152806002261488
Janus A Load Waived,1.0255411616527557,0.9695612484848571,0.9400490145635149,0.16963309353944556,0.041728647030783474
Janus A,1.0255411616527557,0.9695612484848571,0.9400490145635149,0.16963309353944556,0.041728647030783474
Janus C,1.025796121453867,0.9698898173026029,0.9406862577072765,0.16961772393097171,0.041508771294692014
Janus I,1.0272585718622955,0.970196446966115,0.9412811457056737,0.16980590001375995,0.04137163613683609
Janus R,1.026519334180513,0.9698435616431964,0.9405965340607607,0.16974550339779226,0.041582500812019696
Janus S,1.0277986678784707,0.9700628562403265,0.9410219450571404,0.16991856783448667,0.041498250434348495
Janus T,1.0269700487519424,0.9700628467292609,0.9410219266044774,0.1697815916508119,0.04145111503011595
Janus 2,,,0,0,0
Janus Twenty D,1.1720640880438438,0.9541227916626639,0.9103503015701552,0.19699263228807873,0.0651107006614398
Janus Twenty T,1.171443129118561,0.9540355815238445,0.9101838908135401,0.1969063641190384,0.06509470480483177
Federated Kaufmann R,1.1572045813534548,0.9402428739304719,0.8840566619770333,0.19738275447865944,0.07176924302594624
Federated Kaufmann B,1.144525520415811,0.9391288068621424,0.8819629158783112,0.19545213911964862,0.07102462857586325
Federated Kaufmann A,1.1513285810692953,0.9391560118003037,0.8820140145006523,0.1966074989766805,0.07174783152946554
Federated Kaufmann C,1.1547394750350535,0.9396762223454813,0.8829914028414744,0.19708069155364666,0.07182353639649981
Federated Kaufmann A Load Waived,1.1513285810692953,0.9391560118003037,0.8820140145006523,0.1966074989766805,0.07174783152946554
Franklin Rising Dividends Adv,0.7744900958059987,0.9707970712960061,0.9424469536369028,0.1279503918166531,0.04742681342383581
Franklin Rising Dividends A Load Waived,0.7742476009578743,0.9707640302567012,0.9423828024402334,0.12791469646453746,0.047461981671561286
Franklin Rising Dividends R,0.7749856283114416,0.9707832015470858,0.9424200244060097,0.1280340752460096,0.04738392632018342
Franklin Rising Dividends B,0.7743375367018076,0.9709696704220004,0.9427821008794081,0.1279025329785309,0.04738023247506032
Franklin Rising Dividends A,0.7742476009578743,0.9707640302567012,0.9423828024402334,0.12791469646453746,0.047461981671561286
Franklin Rising Dividends C,0.773043833745592,0.9708581389325913,0.942565525931655,0.1277035290733491,0.04754537142173629
American Century Equity Income R,0.6557095881609126,0.9694697006075359,0.9398715003960654,0.10848376697256819,0.061276785537427665
American Century Equity Income A LW,0.6563788985676206,0.9696952575794908,0.9403088925721551,0.108568925032388,0.061147108561071216
American Century Equity Income B,0.6571430690555864,0.9702399796211644,0.9413656180552775,0.10863436425861359,0.06094148907069327
American Century Equity Income C,0.6554865125487241,0.9684099280684845,0.9378177887816073,0.1085655303007306,0.06151465679984382
American Century Equity Income Inv,0.6580560545523155,0.9694173078786402,0.9397699168146704,0.10887759409061648,0.060990126597968215
American Century Equity Income Instl,0.6511548499283711,0.9706347111141191,0.9421317424195895,0.10760146880003697,0.06163113746352491
American Century Equity Income A,0.6563788985676206,0.9696952575794908,0.9403088925721551,0.108568925032388,0.061147108561071216
Morgan Stanley Inst Mid Cap Growth P,1.092951944997594,0.9053026466253287,0.8195728819868248,0.1936347356121377,0.08356691999513349
Morgan Stanley Inst Mid Cap Growth I,1.0939600843320882,0.9055034624214359,0.8199365204572087,0.19377027201063388,0.08357095009049097
Morgan Stanley Inst Mid Cap Growth L,,,0,0,0
Morgan Stanley Inst Mid Cap Growth H,,,0,0,0
Oppenheimer Main Street I,0.9731892995293349,0.9849861863355933,0.9701977872719361,0.15845169604010254,0.027685221467008955
Oppenheimer Main Street B,0.9719274286640803,0.9850668811662062,0.9703567603705165,0.15823343466691106,0.027608194349833706
Oppenheimer Main Street A,0.973146857111039,0.9851666831719129,0.9705533936319481,0.15841582905378007,0.027518532627380233
Oppenheimer Main Street C,0.9715075891269171,0.9849500856716793,0.9701266712646484,0.1581837371815254,0.027714857184135862
Oppenheimer Main Street Y,0.97263539705429,0.9849686317027075,0.970163205438304,0.15836451597889387,0.027699917369467607
Oppenheimer Main Street N,0.9721103189050861,0.9849890786852422,0.9702034851292022,0.1582756032849063,0.027680032356807396
Oppenheimer Main Street A Load Waived,0.973146857111039,0.9851666831719129,0.9705533936319481,0.15841582905378007,0.027518532627380233
Fidelity Dividend Growth,1.3100150011812177,0.9794523988127045,0.9593270015399611,0.2145006136362496,0.06589185971558392
Fidelity Dividend Growth K,1.3098210091501685,0.9795274463604706,0.9594740181734648,0.2144525465158299,0.06581068512731623
BlackRock Equity Dividend S,0.8793790588369524,0.9815718537107635,0.9634833039971844,0.14368178397403325,0.03358014001537927
BlackRock Equity Dividend Inv A LW,0.8782966890676296,0.9816618259695695,0.9636599405659093,0.14349187587882425,0.033596759826297305
BlackRock Equity Dividend R,0.8778129980743494,0.981500693841253,0.9633436120108612,0.14343655625720383,0.03372984525206126
BlackRock Equity Dividend Inv B,0.8785608462802355,0.9811592610634556,0.9626734955705862,0.14360851071958058,0.03389163684124813
BlackRock Equity Dividend Instl,0.87722780662035,0.9814890510740657,0.9633207573782702,0.14334251067885487,0.03377677487536862
BlackRock Equity Dividend Inv A,0.8782966890676296,0.9816618259695695,0.9636599405659093,0.14349187587882425,0.033596759826297305
BlackRock Equity Dividend Inv C,0.8783874974080573,0.9814854586187349,0.9633137054800284,0.14353247378281234,0.03370055962326781
BlackRock Equity Dividend Investor C1,0.8789031916002752,0.9812117812304288,0.962776559625391,0.1436566290720291,0.03383636441792849
Vanguard Morgan Growth Inv,1.1185330137060743,0.9763158473931067,0.9531926338709201,0.1837341702304998,0.04405480787933204
Vanguard Morgan Growth Adm,1.1186030354310277,0.9763793217051188,0.9533165798533477,0.183733788514476,0.044012073993428755
Mutual Global Discovery C,0.7369092198322637,0.9385205119024379,0.8808207512616142,0.12593423346864482,0.06056983317336397
Mutual Global Discovery A,0.7377360807427624,0.9389351855278634,0.8815992826222433,0.12601987361817524,0.06039659493567498
Mutual Global Discovery R,0.7370192619339536,0.9384359348989857,0.8806620039097334,0.12596438375411934,0.06058579583974086
Mutual Global Discovery Z,0.7373072239652283,0.9382278469526475,0.8802714927974006,0.12604156119339102,0.060623977174878496
Mutual Global Discovery B,0.7375048635197261,0.9386955493526502,0.8811493343744737,0.12601249107158044,0.060479669408244695
Mutual Global Discovery A Load Waived,0.7377360807427624,0.9389351855278634,0.8815992826222433,0.12601987361817524,0.06039659493567498
Royce Premier Consult,1.1613763071240344,0.933477151780629,0.8713795928964756,0.19953141739561428,0.07608078937167667
Royce Premier W,1.1632006570218378,0.9340330096229599,0.8724176630653243,0.1997258989266723,0.07597435368089994
Royce Premier R,1.16247358063927,0.9338695773279733,0.8721123874587274,0.19963602040494646,0.07598418880212171
Royce Premier K,1.1627446060867335,0.934304680484458,0.8729252359751652,0.19958947605666608,0.07577021034541527
Royce Premier Invmt,1.1635929151694493,0.9336464990393342,0.8716957851684054,0.19987588201563466,0.07623564564573014
Royce Premier Service,1.1623614119917736,0.9340417124134263,0.8724339205282057,0.19957988657247358,0.07587487926571143
Royce Premier Instl,1.1636660218634973,0.9342462582115196,0.8728160709822254,0.19976019364327433,0.07590697484164541
Mutual Shares R,0.8458919963742058,0.9666577334264974,0.9344271735932533,0.14035284020591174,0.04360728061660826
Mutual Shares B,0.8460956532217256,0.9672702551129537,0.9356117464262786,0.14029779281048477,0.04330895056783461
Mutual Shares C,0.8453252051780306,0.9666867640941378,0.9344832998747953,0.14025455218882832,0.0436255007616275
Mutual Shares Z,0.846000641310148,0.9671741361730406,0.9354258096820672,0.14029579935400943,0.04335945490169577
Mutual Shares A,0.846225743862936,0.9672087010387352,0.9354926713650374,0.14032813002646127,0.04333047919223669
Mutual Shares A Load Waived,0.846225743862936,0.9672087010387352,0.9354926713650374,0.14032813002646127,0.04333047919223669
Vanguard Small Cap Index Signal,1.2723827730504056,0.9467859916693881,0.8964037140213867,0.2155276201107622,0.08196354698203458
Vanguard Small Cap Index Instl,1.2720046044921367,0.9470044469042495,0.8968174224564234,0.21541396254001177,0.0817830231238151
Vanguard Small Cap Index Inv,1.2716901501375906,0.9469098344276806,0.8966382345358574,0.21538218285207475,0.08179832788446928
Vanguard Small Cap Index Instl Plus,1.2714096102595727,0.9469374201150544,0.8966904776141553,0.21532828391617406,0.08174493290616099
Vanguard Small Cap Index Adm,1.2718978440318642,0.9468066267931539,0.8964427885394306,0.2154408403031187,0.08188741361943876
Neuberger Berman Genesis Inv,0.9488753078645242,0.922060424778359,0.8501954269424481,0.16504284973123107,0.06438983171326043
Neuberger Berman Genesis Tr,0.9474284263503241,0.9217326227503845,0.8495910278423026,0.1648498925555139,0.06447316575379396
Neuberger Berman Genesis Instl,0.9472147006781819,0.92203433073551,0.8501473070548797,0.1647588578326944,0.06432541115524587
Neuberger Berman Genesis Adv,0.9474252564917678,0.9217508034070625,0.8496245435815653,0.1648461596396797,0.06446470954008571
American Funds New Economy B,1.0603058982631717,0.9661978496041722,0.9335382845797265,0.17600024380277157,0.04638275521708369
American Funds New Economy F-1,1.0621277068922361,0.9663519923720209,0.9338361731613741,0.17627442475485772,0.04641402169431436
American Funds New Economy C,1.0600751155356616,0.9663619270011746,0.9338553739574236,0.17593212440963676,0.04625193076993703
American Funds New Economy 529A,1.0611686738748896,0.965944292756181,0.9330483767082386,0.17618963537877427,0.04662283657331152
American Funds New Economy 529B,1.0587815748308376,0.9658672671870662,0.9328995778234114,0.17580747125958066,0.04649643006543313
American Funds New Economy 529C,1.0604291747276298,0.9661396235668944,0.9334257722259806,0.17603126572570296,0.04643225443969699
American Funds New Economy 529E,1.0605816529389906,0.9657306318044411,0.932635653205405,0.17613113961091278,0.04672547541337594
American Funds New Economy 529F,1.0605130789173924,0.9660891903215575,0.9333283236561626,0.17605446121677853,0.046473389948297035
American Funds New Economy R1,1.0607737940479778,0.9660883353337456,0.9333266716679277,0.1760978104340004,0.04649365107915273
American Funds New Economy R3,1.061090059305731,0.9659490497314527,0.9330575666770965,0.1761757070423921,0.04661360744527799
American Funds New Economy R4,1.061557743553048,0.9660725884395673,0.9332962461343256,0.1762308212183326,0.046563861033757134
American Funds New Economy R5,1.0615128249816812,0.966258951229649,0.9336563608314211,0.17618935684265621,0.04643170170152531
American Funds New Economy R2,1.0608031418155128,0.9659972070570446,0.9331506040420107,0.17611926686423987,0.04655872226649962
American Funds New Economy A,1.0598884452302795,0.9657807825756797,0.9327325199924923,0.17600693036195397,0.046638792758208716
American Funds New Economy R6,1.0617891740015457,0.9661122999429923,0.9333729761011383,0.1762620081990855,0.04655402152622159
American Funds New Economy F-2,1.0611964331200388,0.9656930152900299,0.9325629997799499,0.17624012108553327,0.04679782036223787
American Funds New Economy A LW,1.0598884452302795,0.9657807825756797,0.9327325199924923,0.17600693036195397,0.046638792758208716
American Funds New Economy 529A LW,1.0611686738748896,0.965944292756181,0.9330483767082386,0.17618963537877427,0.04662283657331152
American Funds New Perspective 529A LW,1.0623512149963346,0.9660905615214991,0.9333309730609254,0.17636041177432296,0.04661181136844936
American Funds New Perspective A LW,1.0617686477250559,0.966136012750755,0.9334187951339271,0.1762554475550688,0.046536086604854046
American Funds New Perspective F-2,1.0614093759403667,0.9656487560536712,0.9324775200680024,0.1762847442366798,0.04684436843663636
American Funds New Perspective R6,1.0622140701253198,0.9658848676784172,0.9329335776101534,0.17637522350089124,0.04674319389401647
American Funds New Perspective A,1.0617686477250559,0.966136012750755,0.9334187951339271,0.1762554475550688,0.046536086604854046
American Funds New Perspective R2,1.0621357568335306,0.9660363894719439,0.9332263057839892,0.1763344385724246,0.04663277998307219
American Funds New Perspective R4,1.0614083726029988,0.9658074740125708,0.9327840768585426,0.1762554762595402,0.046735201308073876
American Funds New Perspective R1,1.0609271216283516,0.9659338250581367,0.9330281543914432,0.17615253538568593,0.04661177063364288
American Funds New Perspective R5,1.062214326067417,0.9658678332820463,0.9329006713689548,0.1763783547401543,0.04675494417174355
American Funds New Perspective 529F,1.0620823830214015,0.9656762810675491,0.9325306798164522,0.17639137158934118,0.04687663984398279
American Funds New Perspective 529A,1.0623512149963346,0.9660905615214991,0.9333309730609254,0.17636041177432296,0.04661181136844936
American Funds New Perspective 529B,1.0625411676957068,0.9658481876979607,0.9328627216794351,0.17643614700330915,0.04679340953877911
American Funds New Perspective 529C,1.0599855170749184,0.9659380663250352,0.933036347975748,0.17599558511673416,0.046537861124780255
American Funds New Perspective 529E,1.0619196851503054,0.9658866330774077,0.9329369879576109,0.17632597666157065,0.04671955983966968
American Funds New Perspective R3,1.0620156521932396,0.9659014321156801,0.9329655765631218,0.17633919099996515,0.04671667057494166
American Funds New Perspective F-1,1.0618304515837873,0.9656210160694108,0.9324239466749211,0.1763596277136487,0.04689541257533974
American Funds New Perspective C,1.0617817489537462,0.9661155037064293,0.9333791665019276,0.17626135431786188,0.046551245191880426
American Funds New Perspective B,1.0610517368325023,0.9659896216011465,0.9331359490411263,0.17616307146149476,0.04658274549293363
Davis NY Venture A Load Waived,0.9966335933882802,0.98708230444158,0.9743314757417,0.16193025329125235,0.025943775395667786
Davis NY Venture R,0.9948333292076359,0.9869007131325175,0.9739730175814715,0.16166750451486414,0.02608941791956308
Davis NY Venture C,0.9955497838786601,0.9870335832167391,0.9742352943976753,0.16176218297262718,0.025969536674941715
Davis NY Venture A,0.9966335933882802,0.98708230444158,0.9743314757417,0.16193025329125235,0.025943775395667786
Davis NY Venture B,0.9956203495539386,0.9867894918767353,0.9737535012783454,0.16181360371657583,0.026219072292309152
Davis NY Venture Y,0.9961465514729938,0.9868461961760614,0.9738654149071615,0.1618898361907969,0.026173341319156163
Calamos Growth B,1.1349662236045166,0.9377149698130339,0.8793093646114591,0.1941169889841511,0.07081064651376871
Calamos Growth C,1.1352153513723153,0.9376605190706022,0.8792072490237512,0.19417087934521488,0.07086783899376158
Calamos Growth A,1.13609496307698,0.9377292026005021,0.8793360574097734,0.1943070385758813,0.07092189108624997
Calamos Growth I,1.136287431229644,0.9377216286663099,0.8793218528685969,0.19434155479375184,0.07094656713115864
Calamos Growth A Load Waived,1.13609496307698,0.9377292026005021,0.8793360574097734,0.1943070385758813,0.07092189108624997
Calamos Growth R,1.135832688435308,0.9377613722987823,0.8793963913756955,0.19425555164735886,0.07087588234983341
Oakmark I,1.070827500716289,0.9840060996582823,0.9682680041647055,0.17452708426573277,0.033093039249773464
Oakmark II,1.0730808155709783,0.9841760076525665,0.9686024140389448,0.17486413695595546,0.03312099806037597
Oakmark International II,1.1827038355919086,0.9012033126441023,0.8121674107207035,0.21047798603994308,0.09578984810157175
Oakmark International I,1.1846095035074582,0.9011295479308453,0.8120344621540496,0.21083435253489585,0.09606138768767108
Oppenheimer Global A,1.1949571299771904,0.9697101114342553,0.9403377002178359,0.19763203366396784,0.05750272273012071
Oppenheimer Global C,1.1934983040042806,0.9697464174162539,0.9404081140916594,0.19738342363210865,0.05730089923338941
Oppenheimer Global B,1.194435786223843,0.9697307142339431,0.9403776581286734,0.19754164516482065,0.0574252041942328
Oppenheimer Global I,1.1948481664543662,0.9698015998917355,0.9405151431525699,0.19759536153395882,0.05742544479996567
Oppenheimer Global Y,1.1959894712488648,0.9697630098254458,0.9404402952257078,0.19779196882000377,0.05759079415683346
Oppenheimer Global N,1.19502437373756,0.9698201692083847,0.9405511606033798,0.19762069090550471,0.05743376886837485
Oppenheimer Global A Load Waived,1.1949571299771904,0.9697101114342553,0.9403377002178359,0.19763203366396784,0.05750272273012071
T. Rowe Price Small-Cap Stock Adv,1.244524797757542,0.9424431177992292,0.8881990302871317,0.21177944825946754,0.08093091905667038
T. Rowe Price Small-Cap Stock,1.2443892769844729,0.9424831375647347,0.8882744645938665,0.21174740959812788,0.0808901225290485
Royce Pennsylvania Mutual Invmt,1.2116611735970713,0.9439889840916141,0.8911152020863178,0.2058533790101183,0.07592138546264249
Royce Pennsylvania Mutual Instl,1.2102662742094272,0.9437202444826964,0.8906078998464803,0.20567495107518607,0.07591036863847045
Royce Pennsylvania Mutual Consult,1.2080780202387424,0.9426700193758831,0.888626765430128,0.20553194222718463,0.07626314232702201
Royce Pennsylvania Mutual Fincl Interm,,,0,0,0
Royce Pennsylvania Mutual K,1.2082050177423704,0.9424716022494748,0.8882527210466921,0.2055968219111428,0.07639502769266496
Royce Pennsylvania Mutual Svc,1.2123836068650498,0.944000533350949,0.8911370069668761,0.20597363116921524,0.07600261134560098
Royce Pennsylvania Mutual R,1.208004085907485,0.9432642800663581,0.8897475020491049,0.20539008751100965,0.07590466395075877
Allianz NFJ Small Cap Value Instl,0.9777550021756428,0.9505724174417334,0.903587920801021,0.16496858969790382,0.05133552113356282
Allianz NFJ Small Cap Value Admin,0.9764424518019539,0.9505478642941563,0.9035412423141816,0.1647514406767445,0.05129567637154228
Allianz NFJ Small Cap Value C,0.9759252875641573,0.9508071678804004,0.904034270492748,0.16461933187086558,0.05113049984697885
Allianz NFJ Small Cap Value A,0.9766711172498334,0.9507625340145106,0.9039493960856934,0.16475281983501397,0.05118535738085649
Allianz NFJ Small Cap Value B,0.9766150351019591,0.9504021048273025,0.9032641608601668,0.16480580840413503,0.05138373943226638
Allianz NFJ Small Cap Value D,0.9769028955753511,0.9504547150608138,0.9033641653813327,0.16484528048283076,0.051366194118911655
Allianz NFJ Small Cap Value R,0.9775197238049812,0.9505129748009321,0.9034749152649174,0.1649392440500022,0.0513589820568534
Allianz NFJ Small Cap Value P,0.9751391968125367,0.9504825992535263,0.9034171714837396,0.16454296116366052,0.05127966208505686
Allianz NFJ Small Cap Value A LW,0.9766711172498334,0.9507625340145106,0.9039493960856934,0.16475281983501397,0.05118535738085649
JPMorgan US Equity Sel,1.066190601459688,0.994936894666753,0.9898994243691215,0.17185988329063773,0.020269784020582157
JP Morgan Focus B,,,0,0,0
JP Morgan Focus C,,,0,0,0
JPMorgan US Equity R6,1.0677179165422643,0.9949509646150809,0.98992742198848,0.17210333682492704,0.020399511614553077
JPMorgan US Equity Instl,1.0690307931329797,0.9948450594419647,0.9897166922960863,0.17233329576282036,0.020683561683506747
JP Morgan Core Equity Sel,,,0,0,0
JP Morgan Focus Sel,,,0,0,0
JPM Advisor Selected U.S. Equity,,,0,0,0
JP Morgan Core Equity C,,,0,0,0
JP Morgan Core Equity B,,,0,0,0
JP Morgan Core Equity A,,,0,0,0
JP Morgan Focus A,,,0,0,0
JPMorgan US Equity B,1.0666989030262204,0.9948516363193766,0.9897297782873412,0.17195649134487478,0.02044384719472899
JPMorgan US Equity A,1.0656581131307852,0.995102132463493,0.9902282540333911,0.17174553482597915,0.019974145624114526
JPMorgan US Equity C,1.0699013079402186,0.9950486973208046,0.9901219100398302,0.17243838760687885,0.020475513874253854
JP Morgan Focus A Load Waived,,,0,0,0
JPMorgan US Equity A Load Waived,1.0656581131307852,0.995102132463493,0.9902282540333911,0.17174553482597915,0.019974145624114526
JPMorgan US Equity R2,1.0665364136445166,0.994747269897068,0.9895221309676703,0.17194827274452934,0.020579178914369233
JPMorgan US Equity R5,1.0647963044775615,0.9948426084127543,0.9897118155134929,0.17165135971547174,0.020272423046331402
Pioneer A Load Waived,1.062712670901832,0.9866704585305369,0.97351859373686,0.1727375985455087,0.029848976591920998
Pioneer R,1.0627428407075845,0.9868710948443602,0.9739145578393061,0.1727074160585559,0.029647535728459552
Pioneer Inv,,,0,0,0
Pioneer Z,1.0623326655500305,0.986597728383544,0.9733750776515693,0.1726888321997591,0.029892631710291794
Pioneer Y,1.0633964259431152,0.9867059183202713,0.9735885692482501,0.17284260978181196,0.02986718244688355
Pioneer C,1.0617881303102759,0.9864740508697561,0.9731310530393863,0.1726217479966787,0.029974750693742225
Pioneer B,1.0609379381298847,0.9865996295362379,0.9733788290010419,0.17246162702174042,0.02978173594496978
Pioneer A,1.062712670901832,0.9866704585305369,0.97351859373686,0.1727375985455087,0.029848976591920998
First Eagle Overseas A,0.6710914434262933,0.8738738224364606,0.7636554575397106,0.12318621216525777,0.07978121292229622
First Eagle Overseas I,0.6699260064210658,0.8731769722249678,0.7624380248239622,0.12307062421725024,0.07997799093222667
First Eagle Overseas C,0.6668267007686259,0.8726770963146762,0.7615653144322145,0.12257176870106053,0.08020800103023745
First Eagle Overseas A Load Waived,0.6710914434262933,0.8738738224364606,0.7636554575397106,0.12318621216525777,0.07978121292229622
T. Rowe Price Blue Chip Growth,1.107962763025202,0.9684406521526303,0.9378772967418118,0.183473250452315,0.048890355870544404
T. Rowe Price Blue Chip Gr R,1.1081756979668167,0.968434614930785,0.9378656033961377,0.18350967519850336,0.0489149626503199
T. Rowe Price Blue Chip Growth Adv,1.1069470809295427,0.9684108386089979,0.9378195523353825,0.1833108086466612,0.048814873708983415
T. Rowe Price Equity Income,1.0285885228305596,0.9859852347242589,0.972166883094252,0.16731281771961226,0.028280703812396116
T. Rowe Price Equity Income Adv,1.0284320396117057,0.9861621005237311,0.9725156885093774,0.1672573024978777,0.028094471628072513
T. Rowe Price Equity Income R,1.0304373405865177,0.9861991212512903,0.9725887067568171,0.1675771077536408,0.028164284969984167
T. Rowe Price Equity Index 500,0.9996104577672043,0.9999914926125176,0.9999829852974108,0.16031653362226655,0.000664098791847518
T. Rowe Price Mid-Cap Growth,1.0953011498203942,0.9595120176884999,0.9206633120886561,0.1830801409939145,0.053772693075127866
T. Rowe Price Mid-Cap Growth R,1.0954306391723112,0.9596105612638499,0.9208524292891211,0.18308294621635846,0.05372042339139611
T. Rowe Price Mid-Cap Growth Adv,1.0958052501996474,0.9594608866274275,0.9205651929678893,0.18317408995381804,0.053851655329719056
T. Rowe Price Growth Stock R,1.1178198278509885,0.9695418407606784,0.9400113809856048,0.18489634578279154,0.04906205217340491
T. Rowe Price Growth Stock Adv,1.117325018926785,0.969541560872064,0.9400108382582383,0.1848145538861892,0.04901324873586149
T. Rowe Price Growth Stock,1.1188410796510275,0.9694125340180487,0.9397606611112944,0.1850898395238714,0.049256282862510214
T. Rowe Price International Stock Adv,1.2330795041778273,0.9352273126304259,0.8746501262899283,0.2114494833865362,0.08366179583423226
T. Rowe Price International Stock R,1.2283039084779797,0.9347205969191678,0.8737025943049253,0.2107449620384572,0.08335125015440667
T. Rowe Price International Stock Fd,1.2304005943610203,0.9345156975566654,0.8733195889798209,0.21115093270027865,0.0837308519441305
T. Rowe Price New Horizons,1.1309022540207019,0.9425952563740279,0.8884858173388195,0.19241650435462176,0.06758433162909806
T. Rowe Price Small-Cap Value,1.1541102187457828,0.928536846381648,0.8621806750883763,0.1993319062746745,0.0780052073096729
T. Rowe Price Small-Cap Value Adv,1.1542718065168924,0.9286779944457226,0.8624428173677294,0.1993295856943288,0.07794581539718777
Selected American Shares S,0.9968362325746084,0.9879695851302611,0.9760839011424602,0.16181829671708062,0.02502483435808174
Selected American Shares D,0.9961657626824025,0.9879186279912406,0.9759832155320951,0.1617177851553525,0.02506427266809224
Janus Overseas T,1.4118211679811874,0.856836831947151,0.7341693565812303,0.26424190323277696,0.15138133530872477
Berger International,,,0,0,0
Janus Overseas N,1.4114979124076605,0.8567721136276957,0.734058454690069,0.26420133322056655,0.15136548752664664
Janus Overseas D,1.4114979124076605,0.8567721136276957,0.734058454690069,0.26420133322056655,0.15136548752664664
Janus Overseas A Load Waived,1.4119140849905627,0.8567856694209158,0.7340816833250469,0.2642750672724136,0.15142343601297154
Janus Overseas A,1.4119140849905627,0.8567856694209158,0.7340816833250469,0.2642750672724136,0.15142343601297154
Janus Overseas C,1.410428737529062,0.8565157738683538,0.7336192708853049,0.2640803178967293,0.15133580204878974
Janus Overseas I,1.4122012443999639,0.8566012056726691,0.7337656255598702,0.2643857331897207,0.1515677438238348
Janus Overseas R,1.410794447444369,0.8567877753989103,0.7340852920730134,0.2640648886014121,0.15124680668472185
Janus Overseas S,1.4112795133161806,0.8569992789267828,0.7344477640810257,0.2640904779892217,0.15120902887021348
Sequoia,0.6831018466906581,0.9135302355833222,0.8345374913249202,0.11993296530180875,0.07043200567979628
Legg Mason ClearBridge Aggressive Gr A,1.1898496945403698,0.9398985195572307,0.8834092270658739,0.2030098543930147,0.07570104710809802
Legg Mason ClearBridge Aggressive Gr B,1.1822631162094979,0.9387404477418493,0.8812336282265677,0.20196491068774702,0.07548132886244624
Legg Mason ClearBridge Aggressive Gr I,1.191155027462326,0.9399619526209042,0.8835284723749031,0.20321870984363874,0.07581825894803716
Smith Barney Aggressive Growth Z,,,0,0,0
Legg Mason ClearBridge Aggressive Gr C,1.1874401238734251,0.9395724446701894,0.8827963787835162,0.20266928538660334,0.0756063872396783
Legg Mason ClearBridge Aggressive G A LW,1.1898496945403698,0.9398985195572307,0.8834092270658739,0.2030098543930147,0.07570104710809802
Legg Mason ClearBridge Aggressive Gr FI,1.1906368888451861,0.939966227400702,0.8835365086539082,0.2031293801742353,0.07575463227629933
Legg Mason ClearBridge Aggressive Gr R,1.1911902529306924,0.9401287635178006,0.8838420919935086,0.2031886999839115,0.07572573905130653
Legg Mason ClearBridge Aggressive Gr IS,1.191679485246674,0.9400501731595409,0.8836943280572828,0.2032891638262493,0.07582908525820357
American Funds SMALLCAP World 529A LW,1.1203474277112384,0.9301278616944689,0.865137839100325,0.19318278752064838,0.07350524845258137
American Funds SMALLCAP World A LW,1.1209085879195755,0.9304020585233287,0.8656479905044476,0.1932225482660566,0.07341347201561656
American Funds SMALLCAP World F-2,1.1217071874207716,0.9303028290889069,0.865463353810824,0.19338077186537123,0.073550245368414
American Funds SMALLCAP World R6,1.1205458124732983,0.9301260456212967,0.8651344607431106,0.19321732749057446,0.0735267143263855
American Funds SMALLCAP World A,1.1209085879195755,0.9304020585233287,0.8656479905044476,0.1932225482660566,0.07341347201561656
American Funds SMALLCAP World C,1.1201678956690007,0.9301157439321618,0.8651152971104787,0.19315434073161655,0.07349333885136997
American Funds SMALLCAP World F-1,1.1212687451642434,0.9303316078651048,0.8655169005928711,0.19329919930305725,0.07348917251351418
American Funds SMALLCAP World B,1.119705776598757,0.9303563943885805,0.8655630205797199,0.19302473651375704,0.07331437848560261
American Funds SMALLCAP World R4,1.1207341836005338,0.9304112123162235,0.8656650240037448,0.19319057520003377,0.07339046411159318
American Funds SMALLCAP World R3,1.1197813925394868,0.9303164455718634,0.8654886889014661,0.19304602800175302,0.07334397566227366
American Funds SMALLCAP World R1,1.119488067439829,0.9302123760692226,0.8652950645923488,0.1930170880053027,0.0733705695108695
American Funds SMALLCAP World R2,1.1205835339724781,0.9304749195079551,0.8657835758333355,0.19315132758375647,0.07334010861313331
American Funds SMALLCAP World R5,1.1211831188610855,0.9303363958476346,0.8655258094387667,0.19328343898549144,0.07347770608399076
American Funds SMALLCAP World 529F,1.1210167206342092,0.93014488352681,0.8651695043511028,0.1932946086617952,0.07356507612708821
American Funds SMALLCAP World 529A,1.1203474277112384,0.9301278616944689,0.865137839100325,0.19318278752064838,0.07350524845258137
American Funds SMALLCAP World 529B,1.1199594950116645,0.9300831707156303,0.8650547044484403,0.1931251137180541,0.07348961746356647
American Funds SMALLCAP World 529C,1.1205710184123407,0.9302171194404295,0.8653038893000502,0.19320271735366357,0.07347961354142807
American Funds SMALLCAP World 529E,1.1206472920831385,0.9303159285570649,0.8654877269269938,0.19319534718801962,0.07343353985267222
Longleaf Partners,1.114898906122028,0.9328971469761699,0.8702970868362775,0.191668371451939,0.07143016825881196
JPMorgan Large Cap Growth A,1.0267307743317862,0.9453919555424839,0.8937659496044418,0.17417016926287077,0.05692039082399373
JPMorgan Large Cap Growth R6,1.024154974592866,0.9455583004572111,0.8940804995635296,0.17370247988388893,0.05665511268399853
JPMorgan Large Cap Growth B,1.0284798892349534,0.9409587681684827,0.8854034033931484,0.17528777387723118,0.059504569781254534
JPMorgan Large Cap Growth Select,1.0234025674842904,0.9453635493070847,0.8937122403584887,0.1736109086813512,0.05671507487594121
JPMorgan Large Cap Growth C,1.0272636589503499,0.940342390153483,0.8842438107195651,0.1751951528401071,0.05975714272112381
JPMorgan Large Cap Growth A Load Waived,1.0267307743317862,0.9453919555424839,0.8937659496044418,0.17417016926287077,0.05692039082399373
JPMorgan Large Cap Growth Ultra,,,0,0,0
JPMorgan Large Cap Growth R2,1.0238579885327277,0.945503843008915,0.8939775171446268,0.17366232712739949,0.056666173011152815
JPMorgan Large Cap Growth R5,1.0256521022524003,0.9452362141721249,0.8934715005824511,0.17401583182695268,0.05693580124494353
Baron Growth Retail,0.9835029610202696,0.9196884398475157,0.8458268263891574,0.17151260671700044,0.0673799722079548
Baron Growth Instl,0.983580566622131,0.920071351744134,0.8465312923002779,0.17145477207164966,0.0672029645483413
Templeton Instl Foreign Eq Ser Primary,1.2144617709177554,0.9272472339718392,0.8597874329084266,0.21005466727768887,0.08582909692205286
Templeton Instl Foreign Eq Ser Service,1.213370425919798,0.9270248898529351,0.8593751464068464,0.20991635198923445,0.08581748886575453
Templeton Growth A Load Waived,1.2210891159165775,0.9573170782201993,0.9164559882520591,0.2045615493164327,0.06893083499952826
Templeton Growth A,1.2210891159165775,0.9573170782201993,0.9164559882520591,0.2045615493164327,0.06893083499952826
Templeton Growth C,1.2217260908761356,0.9576091530305703,0.917015289967926,0.20460585077269117,0.06882455297616577
Templeton Growth Adv,1.2223705583856304,0.9574027961782222,0.9166201141298785,0.20475790212385805,0.06903552364640973
Templeton Growth R,1.2211579384876283,0.9577347820019803,0.9172559126563806,0.20448402872197394,0.06867424851484344
Templeton Growth B,1.2211212328516527,0.9577252540469834,0.9172376622393589,0.20447976736791554,0.0686757507034241
Vanguard International Value Inv,1.2496457581177849,0.9375689969388974,0.8790356240210102,0.21375619897579778,0.08442415052769808
American Century Growth Inv,1.0407741795298104,0.9814769873395087,0.9632970766770383,0.1700641940981746,0.03322453587299029
American Century Growth A,1.0403403366428237,0.9813538434849649,0.9630553661227129,0.17001459620029014,0.03330661649217121
American Century Growth Instl,1.0415986935509023,0.9813720560277117,0.9630911123520582,0.17021702608645625,0.03336900662938447
American Century Growth A Load Waived,1.0403403366428237,0.9813538434849649,0.9630553661227129,0.17001459620029014,0.03330661649217121
American Century Growth C,1.0413549483717772,0.9815613913342577,0.9634627649580438,0.17014436847215425,0.03318588943492901
American Century Growth Fd C,,,0,0,0
American Century Growth R,1.0405511424509328,0.9816649506738063,0.9636660753814067,0.16999519142010122,0.03304365302233655
American Century Ultra R,1.0826913966944969,0.972107473202491,0.9449929394561317,0.17861215015022036,0.04393336173922631
American Century Ultra A Load Waived,1.0802943355073633,0.9721545304831218,0.945084431138859,0.17820817025877805,0.04369510380807528
American Century Ultra B,,,0,0,0
American Century Ultra C,1.0812817580637835,0.9722127114248319,0.9451975562560234,0.17836025477244052,0.04373495156072924
American Century Ultra Inst,1.0824618358474345,0.9723810656362509,0.945524936807891,0.17852415473203428,0.04370909293265015
American Century Ultra Inv,1.081859416224489,0.9722411970130616,0.9452529451693907,0.17845034407067634,0.043762610974884104
American Century Ultra A,1.0802943355073633,0.9721545304831218,0.945084431138859,0.17820817025877805,0.04369510380807528
Yacktman,0.7611288954164819,0.9500031381132991,0.9025059624251159,0.12850428879379974,0.055462058053442516
Vanguard Equity-Income Inv,0.8434852292516578,0.9761020982267973,0.9527753061627561,0.1385904908963873,0.039198154565171145
Vanguard Equity-Income Adm,0.8439219843609977,0.9760701476701338,0.9527129331727968,0.13866677275337516,0.03918140569996242
Vanguard Extended Market Idx Inv,1.226074479019345,0.953523569273735,0.9092071971605235,0.20621706452034513,0.07192775059396292
Vanguard Extended Market Idx Instl,1.227051532076459,0.9536519203679904,0.9094519852215559,0.20635367696606693,0.07196997872940923
Vanguard Extended Market Idx Instl Plus,1.2264051341774735,0.9537031183704396,0.909549637989501,0.2062337196203015,0.07185761502032634
Vanguard Extended Market Idx Adm,1.2265471476107321,0.9538959199349467,0.9099174260685383,0.20621605869148366,0.07175564326186876
Vanguard Extended Market Idx Signal,1.2274588492219192,0.9538969689756743,0.9099194274209786,0.206369027654998,0.07186873888046509
Vanguard Total Stock Mkt Idx Inv,1.0443149210661,0.9977708332493187,0.9955466356830397,0.167859146372982,0.013263531070664261
Vanguard Total Stock Market Idx Instl,1.0450482154293794,0.9978131985310218,0.9956311791627084,0.1679698966194348,0.013243385950165753
Vanguard Total Stock Mkt Idx Adm,1.0460313855060732,0.9977529468715719,0.9955109429909057,0.1681380083931553,0.013466037973463536
Vanguard Total Stock Mkt Idx Signal,1.0453041920577646,0.997821460960098,0.9956476679525446,0.1680095944836697,0.013250471335228579
Vanguard Growth Index Signal,1.0451233493871404,0.9852877799542378,0.9707920093271505,0.17011081841460765,0.029954726464944036
Vanguard Growth Index Adm,1.0445215911593146,0.9852724901749464,0.9707618798955399,0.17001555246279898,0.029930298809728226
Vanguard Growth Index Instl,1.0442397339680982,0.9852109807050292,0.9706406765017656,0.16998033189870498,0.029972152404808165
Vanguard Growth Index Inv,1.0440901381778132,0.9852303591688649,0.9706788606280107,0.16995258055463977,0.02994346906263614
Vanguard Value Index Inv,0.9875615818892631,0.9878788035979618,0.9759045305981404,0.16033074932020455,0.024961775555854538
Vanguard Value Index Instl,0.987437569338065,0.9879790101433765,0.9761025244838861,0.16029443957323986,0.024855662312822154
Vanguard Value Index Adm,0.9865415537909956,0.9881369587433168,0.9764146492344912,0.16012339840817025,0.024679853737414863
Vanguard Value Index Signal,0.9877383332497334,0.9877534386271735,0.9756568555198054,0.16037981302774862,0.025094312906562638
Vanguard Institutional Index Instl,1.000163230841803,0.9999981859182191,0.9999963718397291,0.16040417360224196,0.00030659126567871497
Vanguard Institutional Index Instl Pl,1.0001684794541466,0.9999981889901072,0.9999963779834942,0.16040503319335087,0.00030640811300336994
Vanguard European Stock Index Adm,1.3562721175242538,0.9206685682585233,0.8476306125791991,0.23625106688039743,0.10846655432466333
Vanguard European Stock Index Inv,1.3554995572448396,0.9204072632667953,0.847149530274272,0.23618353985770027,0.1085026370562323
Vanguard European Stock Index Instl,1.356604720572745,0.92062951865469,0.8475587106183663,0.2363189949384461,0.108535687516808
Vanguard European Stock Index Signal,1.3545027131297862,0.9206566469463302,0.8476086615664598,0.2359459244501272,0.10822167873613202
Vanguard 500 Index Investor,1.000095579041445,0.9999980258491231,0.9999960517021436,0.16039336963033876,0.00031901096607513303
Vanguard 500 Index Admiral,1.0003414035909102,0.9999985244948275,0.999997048991832,0.1604326792576791,0.0002809290401846116
Vanguard 500 Index Signal,0.9999219160974233,0.9999981613308339,0.9999963226650483,0.1603655093990413,0.00030771581694804206
Vanguard PRIMECAP Inv,1.0508803262384458,0.9832716622021518,0.9668231616897824,0.17140183454047697,0.03226287783588645
Vanguard PRIMECAP Adm,1.0511131930518298,0.98332485808723,0.966927776532271,0.17143050069871715,0.03222975312682366
Vanguard Energy Adm,1.3358247961423018,0.8837937990999766,0.7810914793275698,0.24238324859509497,0.12552922766585095
Vanguard Energy Inv,1.3355461637760755,0.8838245544983047,0.7811458431341268,0.2423242611092003,0.12547241906442416
Vanguard Health Care Inv,0.5595887787128689,0.8195019874871279,0.6715835074953528,0.10950439854795617,0.09446685601916634
Vanguard Health Care Adm,0.5596815167360873,0.8193898868223563,0.6713997866267537,0.10953751592449829,0.09448001626822315
Vanguard International Growth Adm,1.2732940222018623,0.9305616226383807,0.8659449335273761,0.2194396029977996,0.09150598612443522
Vanguard International Growth Inv,1.2737540020005682,0.9304463261018627,0.8657303657564538,0.21954601437688617,0.09163196760714129
Vanguard Dividend Growth Inv,0.7762225224190359,0.971407859917586,0.9436332303096644,0.12814468770483584,0.04704088365983562
American Funds Washington Mutual A,0.850915587700418,0.9818098218439917,0.9639505262693306,0.13899563099134243,0.03560397542755182
American Funds Washington Mutual R6,0.8524739781717694,0.9822575314542036,0.9648298580985057,0.13918667493382572,0.035222801304916375
American Funds Washington Mutual F-1,0.8514081328720283,0.982107644441168,0.9645354252697796,0.13903396080828595,0.0353971049453846
American Funds Washington Mutual C,0.8505491370408464,0.9818962101674975,0.9641201675412944,0.13892363317245984,0.03558737309756155
American Funds Washington Mutual B,0.8512068798802311,0.982224769351526,0.9647654975276585,0.13898450183439123,0.035349173341183635
American Funds Washington Mutual 529A,0.852211505296221,0.9820422405837224,0.9644069622906977,0.13917433062747767,0.03536531929739588
American Funds Washington Mutual 529B,0.8529614132738784,0.9823268749934612,0.9649660893344191,0.13925641026997196,0.03514251256970136
American Funds Washington Mutual 529C,0.8516244071530799,0.9819592417556405,0.9642439524693125,0.1390902256290218,0.03546118749810706
American Funds Washington Mutual 529E,0.8522467587177374,0.9821201532453708,0.9645599954107107,0.13916903501177433,0.03531887342499825
American Funds Washington Mutual R3,0.852562851342165,0.9820336377147081,0.9643900656031826,0.1392329365264371,0.03534044146776163
American Funds Washington Mutual R1,0.8513935680901431,0.982164022440445,0.9646461669763948,0.13902365005007875,0.035367000079390656
American Funds Washington Mutual R4,0.8523208276914191,0.9820068360657634,0.9643374260798914,0.13919723968633002,0.03537582004179314
American Funds Washington Mutual R2,0.8523253661847587,0.9822011600276942,0.9647191187597483,0.13917037348331887,0.035266958705295906
American Funds Washington Mutual R5,0.8529624737797241,0.98219639679278,0.9647097618727202,0.13927505794829745,0.03521562832439463
American Funds Washington Mutual 529F,0.8531527226755479,0.9821880884515447,0.9646934410960993,0.13930736835219754,0.03520421043890306
American Funds Washington Mutual F-2,0.8519523746090454,0.9821026826312802,0.9645256792315571,0.13912341862558755,0.03535358661439627
American Funds Washington Mutual A LW,0.850915587700418,0.9818098218439917,0.9639505262693306,0.13899563099134243,0.03560397542755182
American Funds Washington Mutual 529A LW,0.852211505296221,0.9820422405837224,0.9644069622906977,0.13917433062747767,0.03536531929739588
Matthews Pacific Tiger Instl,0.9438335852200879,0.7574245720635093,0.5736919823655903,0.19984034620360294,0.13076957579267942
Matthews Pacific Tiger Investor,0.9446392014878613,0.7578032656897261,0.5742657894900136,0.19991108740855743,0.13071908522973624
Vanguard Windsor Investor,1.1566741307428747,0.9910101754639846,0.9821011678731576,0.18718295832727833,0.03546859904311203
Vanguard Windsor Adm,1.157257554612921,0.9907475212190673,0.9815806508017261,0.18732706860651402,0.03580440100387766
Vanguard Windsor II Adm,1.0224577542822866,0.9924873365766318,0.9850311132649765,0.16521729390558537,0.020528551204609776
Vanguard Windsor II Investor,1.0230220437942494,0.9924711268312351,0.9849989375936614,0.16531118749391285,0.02057728233076235
Yacktman Focused,0.7125971095052788,0.9441253704189578,0.8913727150687343,0.12106029883608534,0.06094874585966006
Vanguard Small Cap Value Index Inv,1.2448065640989212,0.9502940776594627,0.9030588340346489,0.2100791153740276,0.07627285437867692
Vanguard Small Cap Value Index Admiral,1.245520033442329,0.9504149984786775,0.9032886693332245,0.21017264441499425,0.0762902916913317
Vanguard Small Cap Value Index Instl,1.24768412034016,0.9505802727522726,0.903602854945785,0.21050126046194437,0.07646630893155244
Galaxy Equity Income Ret A Load Waived,,,0,0,0
Columbia Dividend Income R,0.8209900112170772,0.9835405535177697,0.9673520204140408,0.13387130160379157,0.03753343388611456
Columbia Dividend Income A Load Waived,0.8205926404771413,0.9835520393726735,0.9673746141541453,0.133804887475946,0.03756908904428138
Columbia Dividend Income T,0.8191378158015346,0.9832541052986962,0.9667886355867396,0.13360819610691552,0.03786360480863234
Galaxy Equity Income Tr,,,0,0,0
Galaxy Equity Income Ret A,,,0,0,0
Columbia Dividend Income I,0.8193139032079907,0.9837247075120967,0.9677143001697602,0.13357270968704968,0.03761907018162844
Columbia Dividend Income W,0.8200954988548025,0.9835986441062385,0.967466292687631,0.1337174390840409,0.0375982444899252
Columbia Dividend Income A,0.8205926404771413,0.9835520393726735,0.9673746141541453,0.133804887475946,0.03756908904428138
Columbia Dividend Income B,0.8207031761066984,0.9836946322477957,0.967655129513126,0.13380361854845543,0.03748846266930286
Columbia Dividend Income C,0.8189880343116104,0.9835782601167616,0.9674261937743159,0.13353973068577754,0.037723653031335284
Galaxy Equity Income Ret B,,,0,0,0
Columbia Dividend Income G,,,0,0,0
Columbia Dividend Income Z,0.8181434644203627,0.9834290797001207,0.9671327547998263,0.13342232884608146,0.03788342556165339
DFA International Small Company I,1.144211738801254,0.8986198797824254,0.8075176883401807,0.20421918392587873,0.09251064928029894
Fidelity Spartan Extended Mkt Index Inv,1.2089553735164327,0.9573592239430108,0.9165366836687637,0.2025233492503135,0.06741352130207086
Fidelity Spartan Extnd Mkt Idx AdvtgInst,1.209245349727971,0.9573309345150132,0.9164825181793884,0.2025778465798721,0.06746678322608132
Fidelity Spartan Extnd Mkt Idx Advtg,1.2106161549061891,0.9572646788629763,0.9163556653986372,0.2028215307934784,0.06767590562312127
Vanguard Small Cap Growth Index Admiral,1.296350656291864,0.93385452231081,0.8720842688403511,0.22262653804341606,0.09271238765864646
Vanguard Small Cap Growth Index Inv,1.2968229973177008,0.9338935873928994,0.8721572325735791,0.22269838914015644,0.09275376937128138
Vanguard Small Cap Growth Index Instl,1.2977319130135143,0.9336770537166992,0.871752840637096,0.22290615059267027,0.09300039509116485
Oppenheimer Developing Markets A LW,1.172715108018712,0.8734945670622859,0.7629927586873302,0.21531294489709935,0.10839938173882156
Oppenheimer Developing Markets Y,1.1726410389888222,0.8730908045673286,0.7622875530200249,0.21539896237445855,0.10858751107552969
Oppenheimer Developing Markets A,1.172715108018712,0.8734945670622859,0.7629927586873302,0.21531294489709935,0.10839938173882156
Oppenheimer Developing Markets C,1.171820018893143,0.873442447915587,0.7629017098207729,0.21516151347704668,0.10831093777049172
Oppenheimer Developing Markets B,1.1713139363592182,0.8733842067663466,0.7627999726288806,0.21508299733640096,0.1082750480011781
Oppenheimer Developing Markets N,1.1723329954090957,0.8736091359770403,0.7631929224625508,0.2152145881192123,0.10829465954626713
Oppenheimer Developing Markets I,1.1726124224645422,0.8734960893256947,0.762995418067282,0.21529367320466644,0.10838555887811545
Columbia Select Large Cap Growth I,1.1415491711724068,0.9147776090615587,0.8368180740403818,0.20013028353771278,0.0839559681339207
Columbia Select Large Cap Growth W,1.1414714074137977,0.914787981288413,0.8368370507097298,0.20011456421764273,0.08394188953752416
Columbia Select Large Cap Growth Z,1.1430200354366837,0.9150045120307817,0.8372332570366889,0.20033856592028448,0.08400183025561776
Excelsior Large Cap Growth Inst,,,0,0,0
Columbia Select Large Cap Growth A,1.1441105821439788,0.9155059027246686,0.8381510579237105,0.20041993357131113,0.08386183612538572
Columbia Select Large Cap Growth C,1.143389648208784,0.9150443738138079,0.8373062060483037,0.20039463521647835,0.08402235156798968
Columbia Select Large Cap Growth A LW,1.1441105821439788,0.9155059027246686,0.8381510579237105,0.20041993357131113,0.08386183612538572
Columbia Select Large Cap Growth R,1.141939960641299,0.9154181831748869,0.8379904500872108,0.20005893193996324,0.08366525108274385
Fidelity Spartan Total Market Index Inv,1.0399731836325454,0.9977019465131907,0.9954091740762097,0.1671730184283599,0.013012636666033155
Fidelity Spartan Total Market Index F,1.03890913207392,0.9976548640853449,0.9953152278331479,0.16700989059510363,0.013020744452917834
Fidelity Spartan Ttl Mkt Idx Instl,1.0399562849796926,0.997703454949345,0.9954121840178597,0.1671700158214262,0.013007895639568483
Fidelity Spartan Ttl Mkt Idx Advtg Instl,1.0399339497470705,0.997705442754102,0.9954161505011586,0.16716608125659596,0.013001640659119034
Fidelity Spartan Total Mkt Idx Advtg,1.0396996494654092,0.9976484046082837,0.9953023392174539,0.16713800030308118,0.01310335566778511
GMO Intl Intrinsic Value III,1.1267023264589768,0.9162663625564437,0.8395440471524163,0.19721518273782934,0.08155196654385823
GMO Intl Intrinsic Value II,1.1268233965031424,0.9165676009241489,0.8400961670638499,0.1971715972213121,0.08140821530320012
GMO Intl Intrinsic Value IV,1.1270064703207534,0.9162097635381821,0.8394403308026915,0.1972805813079809,0.08161422286553631
GMO Intl Intrinsic Value M,1.1258838320304985,0.9162495686530447,0.8395132720568906,0.1970756302832537,0.08147251691467322
JPMorgan Mid Cap Value A Load Waived,0.9684258674523638,0.9709783125956799,0.9427988835311538,0.15996183553428941,0.038582220656180354
JPMorgan Mid Cap Value R2,0.9693348467580329,0.9711140867901885,0.9430625695623417,0.16008948115374075,0.038506054660487815
JPMorgan Mid Cap Value Instl,0.9710458028462288,0.9709832541223273,0.9428084797859841,0.16039350958779175,0.03862868307466677
JPMorgan Mid Cap Value A,0.9684258674523638,0.9709783125956799,0.9427988835311538,0.15996183553428941,0.038582220656180354
JPMorgan Mid Cap Value B,0.9702599210067264,0.9712653629304568,0.9433564052284321,0.1602172465634937,0.03841966315306587
JPMorgan Mid Cap Value C,0.9692141742661066,0.9709421028373216,0.94272856706216,0.16009785169747967,0.038621461434905656
JPMorgan Mid Cap Value Sel,0.9700661336661994,0.971108859164045,0.943052416346893,0.16021099774176345,0.03852342949034918
Vanguard Mid Cap Index Adm,1.1569391173980776,0.969186724334351,0.9393229066259494,0.19144847107188148,0.053444115520084996
Vanguard Mid Cap Index Inv,1.1564702498366959,0.9693697129090326,0.9396776403053403,0.19133479063793218,0.0532623174250927
Vanguard Mid Cap Index Ins,1.1572263049679905,0.9689229569719803,0.9388116965473259,0.19154808725901226,0.053662433513443665
Vanguard Mid Cap Index Instl Plus,1.1565001574666707,0.9690160334860646,0.9389920731530659,0.19140962089062047,0.053515865741440675
Vanguard Mid Cap Index Signal,1.157547693955442,0.9693016234001084,0.9395456371260855,0.19152649181048456,0.053430695313685606
MFS Value 529A Load Waived,0.9783911089253253,0.9937302734334752,0.9874998563381694,0.15789935255414048,0.017987413528128625
MFS Value R5,0.976131716112109,0.9939162691070786,0.9878695499957346,0.15750536985130079,0.017761407909346334
MFS Value A Load Waived,0.9778710896643242,0.9938113211202569,0.9876609419867906,0.15780275146245676,0.01788127949173713
MFS Value R2,0.975688856265058,0.9935878644704065,0.9872168444228628,0.15748605617215947,0.018224278230293312
MFS Value R1,0.9753182131569746,0.9936758038467342,0.9873916031504533,0.15741224418286767,0.018109823941296666
MFS Value R2,,,0,0,0
MFS Value R3,0.9766435178748734,0.9937861015087265,0.9876108155519128,0.15760866073515092,0.017935030746516055
MFS Value R4,0.9774228563792257,0.9937563265606614,0.9875516365793399,0.1577390767158873,0.017964590331053232
MFS Value C,0.9760314704103484,0.9935944455649436,0.9872299222575077,0.1575402328468155,0.01820969491530738
MFS Value B,0.9750077744642272,0.9937191217165533,0.9874776928651181,0.15735546148072582,0.018055618564137288
MFS Value I,0.977107918567369,0.9937227350321325,0.9874848741197418,0.15769371514148617,0.01801598437410248
MFS Value A,0.9778710896643242,0.9938113211202569,0.9876609419867906,0.15780275146245676,0.01788127949173713
MFS Value R,,,0,0,0
MFS Value 529A,0.9783911089253253,0.9937302734334752,0.9874998563381694,0.15789935255414048,0.017987413528128625
MFS Value 529B,0.9755631127630826,0.9936474067420993,0.9873351689252988,0.15745615422957923,0.018144690374767777
MFS Value 529C,0.9751553255876754,0.9936235657383325,0.9872877903905584,0.15739413434199206,0.018184401407946683
Thornburg International Value A,1.0718681013835205,0.9234147037878826,0.852694715171663,0.18616695951427498,0.07235839363876176
Thornburg International Value C,1.0727214542593067,0.9232696586136353,0.8524268625165387,0.18634439406238243,0.07251165853220463
Thornburg International Value B,1.0703175494641288,0.9229226519881234,0.8517862215527908,0.18599681314883687,0.07247176805194196
Thornburg International Value I,1.0726617610109295,0.923278709454091,0.8524435753312117,0.1863321735866251,0.07250149701660681
Thornburg International Value R6,1.0718681013835205,0.9234147037878826,0.852694715171663,0.18616695951427498,0.07235839363876176
Thornburg International Value R3,1.0719201804887124,0.9232208962317292,0.8523368232389175,0.18621512677368124,0.07246359733124462
Thornburg International Value R5,1.0723281160950926,0.9232692435162791,0.8524260960231225,0.1862762211607296,0.07247585415183787
Thornburg International Value A LW,1.0718681013835205,0.9234147037878826,0.852694715171663,0.18616695951427498,0.07235839363876176
Thornburg International Value R4,1.0723759466508467,0.9230952177527163,0.8521047810379347,0.18631956460195986,0.07257040311265558
Vanguard Developed Markets Index Admiral,1.191440541571785,0.9306587077016039,0.8661256302208193,0.20531763543925485,0.08113889131169495
Vanguard Developed Markets Idx Instl Pls,1.1917381192499832,0.930663771307393,0.8661350552240995,0.2053677708236171,0.08117149057787117
Vanguard Developed Markets Index Instl,1.1915368266267194,0.9307502249262137,0.8662959812001974,0.20531399643360107,0.08109927277797548
Vanguard Developed Markets Index Inv,1.193058840648675,0.9306389469203198,0.8660888495249618,0.20560083789519554,0.08134277590992622
T. Rowe Price Mid-Cap Value,1.0708844466156753,0.9692339915192573,0.9394145303163516,0.17720694838896023,0.04506377300722568
T. Rowe Price Mid-Cap Value Adv,1.0707168664209907,0.9690397574046864,0.9390380514309336,0.17721468796764775,0.04518979881034678
T. Rowe Price Mid-Cap Value R,1.0697505348203804,0.9692494226455758,0.939444443298782,0.17701651278885386,0.044962445885642535
Hartford Capital Appreciation A,1.1662169516678513,0.9643307826357599,0.9299338583388972,0.19394563229493147,0.057836115192666016
Hartford Capital Appreciation Y,1.1682845545022944,0.9644873981084477,0.9302359411100034,0.19425788727226617,0.05796459400725503
Hartford Capital Appreciation C,1.16623132087817,0.9645923330005457,0.9304383688834357,0.19389547646221295,0.0576612015232253
Hartford Capital Appreciation B,1.167297619065836,0.9643497404491969,0.9299704219044334,0.19412148712544178,0.05794554966979325
Hartford Capital Appreciation R3,1.16711597450164,0.964677543452844,0.9306027628422135,0.19402538528123922,0.05770367968454912
Hartford Capital Appreciation R4,1.1670177438343965,0.9646023713819518,0.9304577348756848,0.19402419667443738,0.057743363590097435
Hartford Capital Appreciation R5,1.168640404981499,0.9646615361875566,0.9305718793997364,0.19428202122998972,0.057887420876433365
Hartford Capital Appreciation A LW,1.1662169516678513,0.9643307826357599,0.9299338583388972,0.19394563229493147,0.057836115192666016
Hartford Capital Appreciation I,1.1681087730672046,0.9645776270903543,0.9304099986832586,0.1942104885697754,0.05788373529542769
DFA Emerging Markets Value R2,1.382074141170612,0.8543549598214009,0.7299223973714275,0.2594260548983333,0.1480696701235379
DFA Emerging Markets Value I,1.3753075103253296,0.8519606848742713,0.7258370085714374,0.25888182275971106,0.14829147967981332
Artisan Mid Cap Inv,1.1049172687765219,0.908994100407255,0.8262702745751948,0.1949431622894388,0.08296215972997338
Artisan Mid Cap Instl,1.105053103147101,0.9086582480669982,0.8256598117801864,0.1950390933178921,0.08314547578829357
American Funds New World A Load Waived,1.0317176927341787,0.8933279526000228,0.7980348308965488,0.18522454757806858,0.08337851523310112
American Funds New World 529A LW,1.031842525796512,0.8932970495329903,0.7979796187043458,0.18525333693181498,0.08340401851833038
American Funds New World R4,1.0315577332264703,0.8932174944475291,0.7978374923871214,0.18521871939839177,0.0834149187500031
American Funds New World F-2,1.03156379683397,0.8931730227171918,0.7977580485097653,0.18522903240242694,0.0834359330661636
American Funds New World F-1,1.0317566605559927,0.8930899880053449,0.797609726675387,0.18528082565478168,0.08349157163273199
American Funds New World C,1.0314183918608986,0.8933304650980674,0.7980393198723292,0.1851702804708201,0.08335034628196927
American Funds New World 529F,1.0320275920665158,0.893374084132734,0.7981172542000013,0.1852705930209808,0.08338526520108192
American Funds New World R1,1.030799217250467,0.8931136255960318,0.797651948225289,0.18510403807592557,0.08339428179428303
American Funds New World R5,1.0317402327537364,0.8931880613852776,0.7977849130011905,0.18525756108055746,0.08344494984900211
American Funds New World R2,1.0315471649950836,0.8933496717105553,0.798073635945357,0.18518940694142974,0.08335312307472119
American Funds New World 529A,1.031842525796512,0.8932970495329903,0.7979796187043458,0.18525333693181498,0.08340401851833038
American Funds New World 529B,1.0308051538080147,0.8932447645396476,0.7978862093774904,0.18507796213144315,0.08333450526383873
American Funds New World 529C,1.0313016944030307,0.8931716592633446,0.7977556129112362,0.18518224395528363,0.08341289938395219
American Funds New World 529E,1.030976312234757,0.8932825958431032,0.7979537960361928,0.18510085798842366,0.0833325201908869
American Funds New World R3,1.030965836387957,0.8932778369254095,0.7979452939421385,0.18509996021383224,0.08333376577778404
American Funds New World R6,1.0318061439340844,0.8929985213751517,0.7974463591782073,0.18530872621912173,0.08353813516476687
American Funds New World A,1.0317176927341787,0.8933279526000228,0.7980348308965488,0.18522454757806858,0.08337851523310112
American Funds New World B,1.0311797687525042,0.8933352516390838,0.7980478718210651,0.18512648140079693,0.08332662608692144
Fidelity Spartan Intl Idx Advtg,1.1878987215547763,0.9296344617158177,0.864220232409658,0.20493323186827925,0.0812886189594366
Fidelity Spartan Intl Idx Advtg Instl,1.1876544056734128,0.9296754353424264,0.8642964150791299,0.20488205546021884,0.0812369206055397
Fidelity Spartan Intl Idx Instl,1.1878128212324333,0.9297357838270842,0.8644086277285626,0.2048960882018832,0.081222147479732
Fidelity Spartan International Index Inv,1.187893886111612,0.9296585893704655,0.8642650927902839,0.20492710041667267,0.08127464201017377
Schwab S&P 500 Index Inv,,,0,0,0
Schwab S&P 500 Index,0.9968666602731335,0.9999805929293607,0.9999611862353559,0.15987830838815473,0.0011154121713092254
Schwab S&P 500 Index eShare,,,0,0,0
Oppenheimer International Growth C,1.1160796191919762,0.9078285802081066,0.8241527310426667,0.1971654023785973,0.08473341497579445
Oppenheimer International Growth B,1.1158504574803099,0.9072467500764612,0.8230966655243007,0.19725137425684636,0.08500245227782828
Oppenheimer International Growth A,1.116511807658332,0.9076417333500438,0.823813516118672,0.19728231495754214,0.08487427522269966
Oppenheimer International Growth N,1.1156014131115617,0.9075766736476495,0.8236954185493321,0.1971356051924662,0.08480922535487798
Oppenheimer International Growth I,1.1157433155509369,0.9076216130023226,0.8237769923889376,0.19715091642124288,0.08480178881311183
Oppenheimer International Growth A LW,1.116511807658332,0.9076417333500438,0.823813516118672,0.19728231495754214,0.08487427522269966
Oppenheimer International Growth Y,1.1156127948617622,0.9073680321191508,0.8233167457117803,0.1971829916662627,0.08491572233642347
GMO Emerging Markets V,1.2970657014866678,0.8636448383209648,0.7458824067584454,0.24085415130926413,0.1304057295791251
GMO Emerging Markets VI,1.2931034837708957,0.8620901734286418,0.7431994671222257,0.24055143274783267,0.1306281320518885
GMO Emerging Markets IV,1.2942286236022094,0.8623286815254594,0.7436107549814372,0.24069420290325153,0.1306694728865246
GMO Emerging Markets II,1.2895052691639988,0.8611466699015577,0.7415735870825424,0.2401450326683146,0.13058857310655334
GMO Emerging Markets III,1.2908854105415892,0.8618209262091371,0.7427353088519749,0.24021393727029164,0.13044352480109395
Vanguard REIT Index Inv,1.1085672728678213,0.8440244487068093,0.7123772700148333,0.21064059034980726,0.11428079661832287
Vanguard REIT Index Adm,1.1077062923158052,0.8436858970212667,0.7118058928325796,0.21056146697107012,0.11432870474677412
Vanguard REIT Index Inst,1.1060356116298469,0.8434030630282919,0.711328726725505,0.21031448258667354,0.11424978187726306
Vanguard REIT Index Signal,1.1079068195183177,0.843713923057237,0.7118531839606332,0.21059260945623215,0.11434091069370327
Vanguard Total Intl Stock Index Inv,1.2108975579407013,0.9316841115848111,0.8680352837795788,0.20844002109411006,0.08291435061263548
Vanguard Total Intl Stock Index Instl,1.2102344681742812,0.9315158370631248,0.8677217546994141,0.20836346570867798,0.08292773897395767
Vanguard Total Intl Stock Idx Instl Pls,1.2103934078850291,0.9315425595900568,0.8677715403275945,0.20838483426082596,0.08293217835910888
Vanguard Total Intl Stock Index Signal,1.2100029780119461,0.9314448991815957,0.867589600211413,0.20833950464004158,0.08293926023821749
Vanguard Total Intl Stock Index Admiral,1.2091153602072484,0.9315636491951417,0.867810832501769,0.20816021152758182,0.08276403588027775
Manning & Napier World Opportunities A,1.302512205550275,0.9210018725980801,0.8482444493291702,0.22680833084053187,0.10077980814038331
Hartford Dividend & Growth A,0.9458662415015074,0.9915720654593925,0.9832151609994056,0.15298485545683083,0.02163391519887895
Hartford Dividend & Growth Y,0.9455960267160546,0.9915994379976554,0.983269445437266,0.1529370452148303,0.021616316816196753
Hartford Dividend & Growth B,0.9454434785829474,0.9914833215170589,0.9830391768464994,0.1529300344797447,0.02174951034908055
Hartford Dividend & Growth C,0.9460725077381913,0.991536031125862,0.9831437010208264,0.15302374874531266,0.02166392649988191
Hartford Dividend & Growth R3,0.9453056382491997,0.9912794897320867,0.9826350267635062,0.15293926407788963,0.021975561184368067
Hartford Dividend & Growth R4,0.945098192860239,0.9913990224741348,0.98287202176267,0.15288732406913422,0.021856265702020858
Hartford Dividend & Growth R5,0.9467052052979678,0.9916601766737055,0.9833899060005248,0.15310687908962964,0.021499798439797164
Hartford Dividend & Growth I,0.9474898881104517,0.991611816244369,0.983293994115456,0.15324131641181096,0.02151840244348787
Hartford Dividend & Growth A LW,0.9458662415015074,0.9915720654593925,0.9832151609994056,0.15298485545683083,0.02163391519887895
Vanguard Tax-Managed Intl Adm,1.1957139297576345,0.9313356306661246,0.867386056948268,0.2059041544389287,0.08127068532063991
Vanguard Tax-Managed Intl Instl,1.1953590323504957,0.9309755426510677,0.8667154610144501,0.20592269154776274,0.0814296666098606
Allianz NFJ Dividend Value Admin,0.9470819282354422,0.973058352173849,0.9468425567352863,0.15609447651015895,0.036969096566514655
Allianz NFJ Dividend Value Instl,0.9473118189581153,0.9735422775494758,0.9477845661762205,0.15605462076993518,0.036640127325277834
Allianz NFJ Dividend Value A,0.9460155980199845,0.9730120367694779,0.9467524236982876,0.15592603491811535,0.037000603615631025
Allianz NFJ Dividend Value B,0.9467877784310571,0.9730668344649427,0.9468590643356243,0.15604461141487985,0.036963336725216164
Allianz NFJ Dividend Value C,0.9454296936581869,0.9732739097588963,0.9472621034173682,0.15578768639826998,0.0368241342296714
Allianz NFJ Dividend Value D,0.9463299458502786,0.9728499621467792,0.9464370488489897,0.1560037916875646,0.037109819845559805
Allianz NFJ Dividend Value R,0.9447852353810631,0.9736584674452002,0.948010811227736,0.155619969023621,0.03656443808087566
Allianz NFJ Dividend Value P,0.9464498531566204,0.9734538199067945,0.9476123394911299,0.15592704000335142,0.03670092088421397
Allianz NFJ Dividend Value A LW,0.9460155980199845,0.9730120367694779,0.9467524236982876,0.15592603491811535,0.037000603615631025
Artisan Mid Cap Value Investor,0.970737417967878,0.9695399809758034,0.9400077747105613,0.1605787143152307,0.039601358578349906
Artisan Mid Cap Value Institutional,0.9705240012272536,0.9696868858961207,0.9402926566789164,0.16051911162965254,0.039498160399709034
Dodge & Cox International Stock,1.2839726364381852,0.9363422926471134,0.8767368889996525,0.21992200650081556,0.08962435982972432
Hartford Capital Appreciation HLS IA,1.2241194664444375,0.9803274800808817,0.9610419682017315,0.20025648370821217,0.053415334367854644
Hartford Capital Appreciation HLS IB,1.2238662035032872,0.9803320743235053,0.9610509759474268,0.2002141175486767,0.05337845169013607
Vanguard Instl Ttl Stk Mkt Idx Instl,1.0454812182474675,0.9978272639542043,0.9956592486903333,0.16803715336378583,0.013255244215055483
Vanguard Instl Ttl Stk Mkt Idx Instl Pls,1.0454945437808507,0.9977721226121891,0.9955492086620333,0.16804858461128747,0.013373692180895047
FMI Large Cap,0.900468519241992,0.9688354745386244,0.9386421767244816,0.14905428291293712,0.040217720885356946
T. Rowe Price Instl Large Cap Growth,1.1752977028560894,0.9688066354596404,0.9385862969106288,0.19455318370851782,0.055802117994396695
Artisan International Value Investor,1.0353463000920624,0.9456765813317842,0.8943041964793708,0.17559291055716642,0.057353422054502584
Artisan International Value Instl,1.0357597513565853,0.9457131553273961,0.8943733721592996,0.17565611531531306,0.05736189858955904
Fidelity Advisor New Insights A,0.8959677589708107,0.9652361714287794,0.931680866634488,0.14887130183871253,0.042328786052299366
Fidelity Advisor New Insights B,0.8933747340477661,0.9649846761519947,0.9311954252081701,0.14847920342754659,0.04252651537807799
Fidelity Advisor New Insights C,0.8950046302740258,0.9649333305591317,0.9310963324239384,0.14875790850821152,0.04251502847146104
Fidelity Advisor New Insights I,0.8933056116800223,0.9646655198239343,0.9305795651371815,0.14851676837485292,0.0426993028085237
Fidelity Advisor New Insights T,0.8940009084890492,0.9651736825864131,0.9315602375574181,0.14855427360598356,0.042409500446493616
Fidelity Advisor New Insights A LW,0.8959677589708107,0.9652361714287794,0.931680866634488,0.14887130183871253,0.042328786052299366
Vanguard Large Cap Index Inv,1.015179904485922,0.9995995234226492,0.9991992072267876,0.1628772906781953,0.005211547017582803
Vanguard Large Cap Index Instl,1.0151576071380526,0.9996224973018458,0.9992451371119787,0.16286994932323032,0.00509146783965002
Vanguard Large Cap Index Adm,1.0154110053813212,0.9996564503309416,0.9993130186882583,0.16290509358528588,0.004932556089918335
Vanguard Large Cap Index Signal,1.0152930577434738,0.9995819074865393,0.9991639897744284,0.16289819502720884,0.005309285212584781
Perkins Mid Cap Value T,0.9343665629571918,0.9716330745599947,0.9440708315789081,0.15423287388225543,0.037954447600338705
Perkins Mid Cap Value L,0.9338987784501083,0.9717560357853458,0.9443097930852502,0.1541362727292082,0.03787852500009547
Perkins Mid Cap Value D,0.9346049914490875,0.9718886192537842,0.9445674882350272,0.15423161249564982,0.037787664813466
Perkins Mid Cap Value A Load Waived,0.9350240407051866,0.9716933000952794,0.9441878694500548,0.15433188544751825,0.03791111952899333
Perkins Mid Cap Value A,0.9350240407051866,0.9716933000952794,0.9441878694500548,0.15433188544751825,0.03791111952899333
Perkins Mid Cap Value C,0.9328744706589354,0.9715028563909263,0.9438177999757288,0.15400737549072646,0.038049222257817074
Perkins Mid Cap Value I,0.9365669911804547,0.9719097424790931,0.944608547525777,0.1545519539162143,0.03776123006290849
Perkins Mid Cap Value R,0.9337799173201877,0.9715645821305045,0.9439377372504216,0.15414694322447253,0.03800273366568579
Perkins Mid Cap Value S,0.9336556162502896,0.9715411377079943,0.943892182258944,0.15413011355565018,0.0380187176985332
Perkins Mid Cap Value N,0.9338987784501083,0.9717560357853458,0.9443097930852502,0.1541362727292082,0.03787852500009547
Federated Strategic Value Dividend A,0.529128299761649,0.791049679598679,0.6257595955931726,0.10728091149129623,0.10002809719582745
Federated Strategic Value Dividend C,0.5195056525435681,0.785930715667524,0.6176870898296666,0.10601492282883125,0.10114718741045457
Federated Strategic Value Dividend Instl,0.5325838904369594,0.7913171498194144,0.6261828315983214,0.10794455193207961,0.09985386495592159
Federated Strategic Value Dividend A LW,0.529128299761649,0.791049679598679,0.6257595955931726,0.10728091149129623,0.10002809719582745
DFA US Core Equity 2 I,1.178897128008898,0.9815030324269919,0.9633482026633806,0.19263138509667527,0.046715534614184255
DFA Emerging Markets Core Equity I,1.2742418426381776,0.8551813261910697,0.7313351006659167,0.23895565764235938,0.1314139824339846
Invesco Van Kampen American Franchise A,1.0708867907163548,0.9468966837299198,0.8966133296587198,0.1813830439163411,0.0594057489471652
Invesco Van Kampen American Franchise B,1.0700895914579416,0.947220290802097,0.8972262793072092,0.18118576114594473,0.05914948284157609
Invesco Van Kampen American Franchise C,1.072962608790582,0.9472893363668367,0.8973570867943218,0.1816594695097018,0.05935109122586422
Invesco Van Kampen American Franchise Y,1.0687769613904594,0.9469708882448433,0.8967538631832275,0.181011900317087,0.05918572770624367
Invesco Van Kampen American Franchi A LW,1.0708867907163548,0.9468966837299198,0.8966133296587198,0.1813830439163411,0.0594057489471652
Invesco Van Kampen American Franchise R,1.070951423483468,0.9469082233314012,0.896635183412631,0.18139185558695295,0.059404440170353776
Invesco Van Kampen Amer Franchise Instl,1.0709645983342937,0.9472799636383572,0.8973393295106874,0.1813226509375016,0.05918793177376536
JPMorgan US Large Cap Core Plus R5,1.0987097289070678,0.9904188838279302,0.9809295654429632,0.17790958964079612,0.029221733624325705
JPMorgan US Large Cap Core Plus Select,1.0978462150824424,0.9901821066494472,0.9804606043287372,0.17781228427696733,0.029388906255829
JPMorgan US Large Cap Core Plus C,1.0968505809648244,0.9903193782823544,0.9807324710015489,0.17762641578363766,0.0291351814262953
JPMorgan US Large Cap Core Plus A,1.09691415477211,0.990310065426568,0.9807140256851734,0.17763842297528185,0.029152002071825427
JPMorgan US Large Cap Core Plus A LW,1.09691415477211,0.990310065426568,0.9807140256851734,0.17763842297528185,0.029152002071825427
JPMorgan US Large Cap Core Plus R2,1.096308271552638,0.990334953825507,0.9807633207685691,0.17753600104302358,0.029061550124808582
DFA International Core Equity I,1.2539092638592138,0.9353054741179453,0.8747963299149945,0.21501353853776523,0.08627431303242611
Vanguard Dividend Appreciation Idx Inv,0.8285888010533915,0.9796824486598777,0.959777700212214,0.1356447096165427,0.03866755041992728
Vanguard FTSE All-World ex-US Index Inv,1.221718955138348,0.9358696672867947,0.8758520341474957,0.20936204573356715,0.08187482974147443
Vanguard FTSE All-World ex-US Index Inst,1.2229802737709075,0.9359478377626902,0.875998355012655,0.20956057248721738,0.08198666286292633
Vanguard FTSE All-Wld ex-US Idx Admiral,1.2227078655710002,0.935969332665786,0.8760385916908366,0.2095089851808066,0.08194053521051366
Vanguard FTSE All-Wld ex-US IdxInstlPlus,1.222690363402139,0.9358769495274235,0.8758656646567556,0.20952666831053182,0.08199120546579138
Fidelity Series 100 Index,0.9625753427208763,0.9949839216463222,0.9899930043346947,0.1551521036587651,0.01663758314621848
Aberdeen Emerging Markets Instl,1.0797959008461222,0.8335627659916687,0.6948268848476815,0.20774756921479676,0.11545597021387068
Aberdeen Emerging Markets Instl Svc,1.0834169445302866,0.8340513085806981,0.6956415853451748,0.2083222679777455,0.11568432155361374
Aberdeen Emerging Markets A,1.0797959008461222,0.8335627659916687,0.6948268848476815,0.20774756921479676,0.11545597021387068
Aberdeen Emerging Markets C,1.0797959008461222,0.8335627659916687,0.6948268848476815,0.20774756921479676,0.11545597021387068
Aberdeen Emerging Markets R,1.0797959008461222,0.8335627659916687,0.6948268848476815,0.20774756921479676,0.11545597021387068
Aberdeen Emerging Markets A Load Waived,1.0797959008461222,0.8335627659916687,0.6948268848476815,0.20774756921479676,0.11545597021387068
Fidelity Series All-Sector Equity F,1.0856162778293745,0.9914126474425985,0.9828990375091421,0.17562031659766228,0.0267519219796581
Fidelity Series All-Sector Equity,1.0863846263871528,0.9909864824527695,0.9820542084041134,0.1758200175960199,0.027319741282291327
Fidelity Series Large Cap Value,1.1096150512984448,0.98618803338545,0.9725668371926615,0.18045188523569536,0.03466768942701958
Fidelity Series Large Cap Value F,1.1095111204981931,0.9859379303443021,0.9720736024916059,0.1804808405772113,0.03489424511711951
Fidelity Series Emerging Markets F,1.2772119807925102,0.8679040863969117,0.7532575031844579,0.2360008301866679,0.1253566137695935
Fidelity Series Emerging Markets,1.277398812321406,0.8678332554687423,0.7531345592974755,0.23605464938352663,0.12541952130359932
Strategic Advisers Value,1.0184639607563655,0.9955935525923486,0.9912065219634536,0.1640576867990255,0.015663898399276507
GMO Quality V,0.7433007407959902,0.929204388473549,0.8634207955585024,0.12827457122415253,0.06277895502033798
GMO Quality VI,0.7409181089914769,0.9289794959890484,0.8630029039680663,0.1278943844406548,0.06297877942042746
GMO Quality III,0.7414834283114148,0.92889487357666,0.8628456861569993,0.12800355411144163,0.06296990050770894
GMO Quality IV,0.7413512474365281,0.9288085906940653,0.8626853981470957,0.12799261614348548,0.06300164856951118
Strategic Advisers International,1.1422571740182845,0.9426837904585476,0.8886527287932947,0.19433338544551484,0.0687283765774052
Fidelity Series International Growth,,,0,0,0
Fidelity Series International Growth F,,,0,0,0
Fidelity Series International Value,,,0,0,0
Fidelity Series International Value F,,,0,0,0
Strategic Advisers Core,,,0,0,0
Strategic Advisers Growth,,,0,0,0
