Company Name,Exchange:Ticker,Market Cap Class,"Market Capitalization [Latest] ($USDmm, Historical rate)",Enterprise Value,Invested Capital including capitalized R&D,Adjusted Net Income,Adjusted EBIT,Total Debt including leases,PE,Non-cash PE,EV/Sales,EV/EBIT,EV/Invested Capital,EV/EBITDA,Capitalized R&D,EV/EBITDAR&D,Only +Taxable Income,Missing Taxable Income,Only +'ve Taxes,Operating Margin,Net Margin,Pre-tax ROIC,ROE,Only +ve Net Income,Only +'ve Mkt Cap,Capitalized leases,Turnover Ratio,Coefficient of variation in operatingincome,Coefficient of variation in net income
Volkswagen AG (XTRA:VOW3),XTRA:VOW3,1,63823.9,179981.27001301653,255765.06,13269.88,15369.58,133399.3700130165,5.208413579239432,4.113591607131819,0.7606329378744037,11.710226955649832,0.7036976435053972,7.1924323746295125,38212.26,4.678678344121838,16354.2,1,4082.4,0.0649545854879799,0.05608087890984885,0.060092570892990624,0.051883083639336816,12254,63823.9,5719.070013016508,1.413263683353728,0.5863307282988421,0.8482561794502836
Toyota Motor Corporation (TSE:7203),TSE:7203,1,197069.1,337401.2520709931,312133.3,18042.5,22800.3,161349.85207099316,10.798366018443936,10.361450179506797,1.4826438247981724,14.798105817510873,1.0809524394577352,9.622193477551429,24589.3,7.796011711788782,26740.6,1,7370.8,0.10019145984506561,0.0792842381132966,0.07304667589135795,0.0578038293254837,18249.9,197069.1,539.3520709931607,0.8892819828171945,0.8179951108480625,0.8299964684453384
Daimler AG (XTRA:DAI),XTRA:DAI,1,87819.3,185391.3188421769,170369.3,8621.46,12124.66,107398.81884217692,9.778016545488962,8.864194303639216,1.1834626575290446,15.290434440403022,1.0881732732492115,11.015592418384951,19958.800000000003,7.926228701738246,13382.3,1,3992.2,0.07739889027625635,0.05503588855779321,0.07116692972266718,0.05060453966765139,8981.3,87819.3,2215.8188421769128,0.846055479831882,0.45185227181239723,0.727727450060228
General Motors Company (NYSE:GM),NYSE:GM,1,51784,91096.06204770772,95740,5640,7031,54839.06204770772,9.381159420289855,6.94179590273789,0.5963189105267452,12.956345050164659,0.9514942766629174,7.038793235026095,22080,4.478225447237622,7311,1,1812,0.04602524154905606,0.03691969312141604,0.07343847921453937,0.05890954668894924,5520,51784,1322.0620477077193,2.23138421133941,48.24452929970832,5.226885513372717
Ford Motor Co. (NYSE:F),NYSE:F,1,60459.2,178646.9955555562,164244,3996,4509,124317.7955555562,16.358008658008657,15.93699031974186,1.258493977271042,39.620092161356446,1.0876926740432296,15.227326590142875,20400,9.588181384475966,5238,1,1545,0.03176403457482406,0.02815016237768839,0.027453057645941404,0.024329655877840285,3696,60459.2,791.7955555561981,1.76441302564374,4.141570025247816,6.011217928566996
Fiat Chrysler Automobiles N.V. (BIT:FCA),BIT:FCA,2,20235.2,33751.70107904852,38508.56,1065.1799999999998,4751.780000000001,36821.40107904852,18.537193111029683,-3.8118713522910728,0.28515246717573484,7.102959539172377,0.8764726876063017,3.5856095312966527,9087.16,2.7006762215681954,2061.8,1,911.2,0.04014558517518463,0.008999211751575862,0.12339542169325472,0.02766086293540968,1091.6,20235.2,844.8010790485214,4.704673044990907,0.5007548526907084,1.0225770561211436
"Honda Motor Co., Ltd. (TSE:7267)",TSE:7267,1,60004.5,104009.58579119107,121469.3,3689.539999999999,5021.439999999999,57504.085791191086,13.36819943857773,11.027316055296042,0.9057141445681846,20.713099388062208,0.8562623295860853,11.426360137893687,15920,7.388618724954967,6959.6,1,1977.1,0.04372663538177121,0.03212846719396431,0.04133916965027376,0.030374259174952015,4488.6,60004.5,662.6857911910814,0.8011899107566932,0.4383047559723065,0.4599911992863048
Bayerische Motoren Werke Aktiengesellschaft (DB:BMW),DB:BMW,1,64463.1,159286.77158694793,150337,5961.719999999999,9883.32,100814.17158694794,9.912977287056544,9.30914474941094,1.6415427412325054,16.11672713085764,1.0595313967083813,11.223068850892561,14394.8,8.451706218433356,9741,1,3216.9,0.10185335570331468,0.06143898889882804,0.0657411016582744,0.03965570684528758,6502.9,64463.1,1819.9715869479405,0.0031723575192629584,0.5960425046003991,0.5956033393764264
Nissan Motor Co. Ltd. (TSE:7201),TSE:7201,1,42603.9,93813.94841303723,107439.5,3659.540000000001,4987.640000000001,57310.54841303722,10.457767740985297,9.600347158298923,0.971591375177742,18.809286238188243,0.8731793094070358,7.807938978380487,12833.999999999998,5.807546732845351,6165.9,1,1836.2,0.05165487742991188,0.037900307590335254,0.046422777470111094,0.034061401998333955,4073.9,42603.9,327.34841303722703,1.0069500679515255,0.440053140283463,0.664638322795724
AUDI AG (DB:NSU),DB:NSU,2,32944.5,25761.90739210313,27742.86,4785.5599999999995,5432.76,2635.3073921031296,6.624007238363325,4.793872559180797,0.4065989692485441,4.741955726390109,0.9285959483666475,3.3906615501787507,12926.960000000001,2.1691680468915777,6729,1,1676.4,0.08574499483108296,0.0755302677577948,0.19582552051230478,0.1724969956233784,4973.5,32944.5,576.8073921031295,0.00033389488381975745,0.4399401957980924,0.5110962386766308
Peugeot S.A. (ENXTPA:UG),ENXTPA:UG,2,13437.2,16970.09701977595,21747.52,-402.2799999999993,1750.920000000001,15473.897019775946,NA,-8.396184062850732,0.2745770456807506,9.692103019998594,0.7803233205338332,3.7561082381088866,6958.420000000001,2.530282253798525,776.4,1,545.8,0.028329975972623368,-0.0065089111634265995,0.08051124909874785,-0.018497741351657535,NA,NA,1780.7970197759464,1.8363200666805584,1.4141780463889273,3.2516895974492437
Renault Société Anonym (ENXTPA:RNO),ENXTPA:RNO,2,24912.4,54990.77379288501,64327.16,2348.4599999999996,1664.46,42501.673792885005,8.815428167020524,4.921812807881774,1.1366732424162909,33.038206861615784,0.8548608984585206,13.701792443535409,4194.66,10.321478620234432,3088.8,1,119.2,0.034404810381428196,0.048543263874391,0.02587491815276782,0.03650806284623788,2826,24912.4,312.8737928850002,1.0015092885470689,0.6913086289349651,1.2750212270646182
Johnson Controls Inc. (NYSE:JCI),NYSE:JCI,2,28975.3,37168.353359179775,20757.8,1523.4,2477.4,8406.053359179772,19.025147734734077,18.997556142668426,0.8753527556859183,15.002968175982794,1.7905728622098573,11.10165870943243,2375.7999999999997,8.97786313023666,2524,1,589,0.05834530510350675,0.035877628882974966,0.11934790777442697,0.07338928017419959,1523,28975.3,871.0533591797728,0.7402856916062992,0.30443270137666695,0.39661808063359005
Continental Aktiengesellschaft (DB:CON),DB:CON,1,46488.1,52602.93893339447,26871.260000000002,2820.659999999999,4379.66,8732.138933394475,16.56089914858751,15.83211836881992,1.2699398124020915,12.010735749668804,1.9575910818247624,8.500523404769476,7850.06,5.9385338436191955,3867.6,1,968.3,0.10573372346794908,0.06809635552465378,0.1629867747176723,0.10496939853211196,2807.1,46488.1,930.238933394476,0.0009357233356493383,0.38952694678020694,1.6752496651999598
Tata Motors Limited (BSE:500570),BSE:500570,2,17769,29800.384525190628,25681.82,1631.1800000000003,3469.0800000000004,12031.38452519063,9.95796906523201,10.686191965359633,0.7327867304655995,8.590284607213043,1.1603688728131663,6.364475690406558,4922.020000000001,4.844566924908658,2914,1,1115.3,0.0853041271589881,0.04011045756776961,0.13507921167580805,0.06351496895469247,1784.4,17769,179.58452519063016,0.1260622432325961,0.8185190975047847,0.9070584777680842
Denso Corp. (TSE:6902),TSE:6902,1,37242.8,37075.15305954939,38460.2,1995.7400000000002,2581.5400000000004,3983.453059549386,17.288459753040573,17.437793117984935,1.033643905486428,14.361641911242662,0.9639875263141999,8.040414013911949,9788.1,4.726622351068905,3117.8,1,814.3,0.0719725440777955,0.05564061959830938,0.0671223758586799,0.05189104580839414,2154.2,37242.8,34.353059549386444,0.9491767536275467,0.5212835810085391,0.6704205287617307
Magna International Inc. (TSX:MG),TSX:MG,2,20679,21891.66690569187,8937,1927,2387,2375.666905691868,10.731188375713545,10.223153483499214,0.622275921139621,9.171205239083314,2.4495543141649176,6.47490887479795,0,6.47490887479795,2588,1,639,0.06785105173393974,0.05477544059124503,0.26709186527917644,0.21562045429114915,1927,20679,1335.666905691868,0.6903138449634896,0.6575587588109848,0.8423834409295596
Bridgestone Corp. (TSE:5108),TSE:5108,2,28550.3,30965.652676488524,21748.16,2429,3980,5676.652676488518,11.523834510595359,10.723402450918034,1.002089009015489,7.780314742836312,1.4238286216621785,5.464591232218353,2406.16,4.7987188204510405,4026.3,1,1460.5,0.1287980039545518,0.07860561598130811,0.18300398746376706,0.11168760943454527,2477.5,28550.3,1392.1526764885184,1.2346630333131352,0.4627382212859445,0.639908699253782
Mazda Motor Corporation (TSE:7261),TSE:7261,2,11482.4,14181.292480986154,12653.019999999999,1168.5800000000002,1603.1800000000005,5585.592480986155,9.574251646793963,7.39415053763441,0.5533579869042542,8.845726918366092,1.1207832186297149,6.378488049739645,2664.92,4.560634340243175,1720.6,1,490.2,0.06255653062896789,0.04559831744557647,0.12670334829155416,0.0923558170302426,1199.3,11482.4,245.7924809861554,7.70309342994496,1.198811669364832,5.701681420326534
Suzuki Motor Corporation (TSE:7269),TSE:7269,2,14634.5,16981.100000000002,19824.9,622.2400000000002,1374.6399999999999,3852.7,19.659457281031703,24.226610075659718,0.6747394395018854,12.353125181865801,0.8565541314205873,6.407962264150944,3219.6000000000004,4.6151818231233355,1604,1,563.3,0.05462095053423345,0.02472453897778432,0.06933906350095081,0.0313867913583423,744.4,14634.5,0,1.8159144487341556,0.2629776882310349,0.3762240018124955
Fuji Heavy Industries Ltd. (TSE:7270),TSE:7270,2,28693.4,28146.068367991396,10194.5,2500.88,4003.18,1749.4683679913926,11.943639693639694,11.162769061614581,1.1286870260252395,7.030927504631667,2.7609071919163664,6.231417899395899,1878.7,5.412913644369283,3603.3,1,1184.3,0.16053173998476158,0.10028792557244257,0.39268036686448576,0.24531659228015107,2402.4,28693.4,105.06836799139255,2.008301560637638,1.0967943733484529,1.6657010630880185
"Aisin Seiki Co., Ltd. (TSE:7259)",TSE:7259,2,10878.5,12206.7,17762.42,520.8400000000001,1218.44,3456.2,17.548798193256978,16.65176022835395,0.49291321412996075,10.018302091198581,0.6872205476506018,4.591228796028135,3748.42,3.147598050591785,1474.4,1,526,0.04920127279481837,0.021031803718240705,0.06859650880904743,0.0293225810447,619.9,10878.5,0,1.7006021050696327,0.4916132451067334,0.8334556562019964
Sumitomo Electric Industries Ltd. (TSE:5802),TSE:5802,2,11183.1,14453.027914406523,19314.5,834.54,1052.44,4797.827914406522,12.643414358394574,11.41276595744681,0.6099507885246301,13.732875902100378,0.7482993561524514,6.622538450516185,2625.4,4.745076304017375,1291.8,1,322.2,0.04441537175991964,0.03521949407901955,0.05448963214165524,0.043207952574490664,884.5,11183.1,102.32791440652153,1.1378776904436159,0.44121073380935055,0.5152751069299921
Compagnie Generale DES Etablissements Michelin SCA (ENXTPA:ML),ENXTPA:ML,2,18236.4,21352.518070744783,15695.44,1189.42,2333.3199999999997,4400.41807074478,14.604308480820054,13.575798830784017,0.9407265901578905,9.151131465356139,1.3604281288542903,5.6797675349110985,2324.24,4.7203532819155045,1980.5,1,734.1,0.10279893734662676,0.05240220460923698,0.14866228662592446,0.0757812460179517,1248.7,18236.4,664.41807074478,0.9993748766203855,0.300443310142233,0.4983024468641093
Faurecia S.A. (ENXTPA:EO),ENXTPA:EO,4,4563.7,6326.318783558621,6595.24,198.82000000000016,806.9200000000001,3056.918783558622,16.834009590556988,12.550479846449134,0.283863270749495,7.840081772119443,0.9592249536876022,4.805772397112292,2907.04,2.7798219454954833,539.9,1,186.7,0.036206672200659595,0.008921095730599248,0.12234884553101935,0.030145984073362025,271.1,4563.7,496.71878355862225,1.9885180883931899,0.8568599406593748,3.3726081388758944
Dongfeng Motor Group Company Limited (SEHK:489),SEHK:489,2,11717.8,9217.102009822134,11753.96,1880.1399999999999,108.54000000000002,2980.102009822135,6.469990613439347,3.7136052396546586,0.5001357633441568,84.91894241590319,0.784169931650451,30.992273065978935,1068.6599999999999,13.626703148761287,2142.6,1,193,0.005889566557419748,0.1020196210361817,0.00923433464126133,0.15995800564235374,1811.1,11717.8,691.302009822135,0.535510078683712,1.3992646611666941,0.622029795305742
Lear Corp. (NYSE:LEA),NYSE:LEA,3,8901.1,10305.866819599281,4303.04,727.26,1197.3600000000001,2372.6668195992806,12.174941868417454,10.851046368485845,0.5744982590682417,8.607158097480523,2.3950199904252067,6.741147841182157,309.84000000000003,6.31951607775281,916.2,1,150.7,0.06674656751528801,0.04054094732675916,0.27825909124711834,0.16901074589127688,731.1,8901.1,389.86681959928063,2.996820617676467,0.4928213386022225,18.377013572538484
Toyota Industries Corporation (TSE:6201),TSE:6201,2,16636.3,22387.303480348666,27059.18,961.38,958.58,8299.603480348667,16.743458132045088,34.49485798237023,1.2522123860538905,23.354653216579383,0.8273459683681718,10.841834219743651,1201.68,9.116836406722864,1473.2,1,423.7,0.05361725453345415,0.05377386985266973,0.035425315918664206,0.03552879281633811,993.6,16636.3,303.20348034866845,0.3591543792790464,0.5067181807085591,0.9425907599116855
Mitsubishi Motors Corporation (TSE:7211),TSE:7211,3,8191.7,6032.453703848232,4482.3,940.98,1019.48,1202.6537038482322,8.78843471730501,5.543847566574838,0.3403839020368589,5.917186902978217,1.3458389005305829,3.9484577194974686,1110.7,3.1696372971039475,1066.7,1,89.8,0.05752461560163634,0.05309521794329242,0.22744573098632398,0.2099324007763871,932.1,8191.7,76.05370384823236,2.4506512689673694,1.132905363599276,43.985904131424846
The Goodyear Tire & Rubber Company (NasdaqGS:GT),NasdaqGS:GT,3,8588.4,14147.863380156108,10421.6,2711.4,1660.4,7197.4633801561085,3.1738359201773836,2.5857142857142854,0.82212001744181,8.520756070920324,1.3575519478924645,5.979654852136986,1191.6,5.116767949423547,1112,1,-1659,0.0964843976988785,0.15755709221918765,0.15932294465341215,0.2601711829277654,2706,8588.4,1094.4633801561085,2.1395137627497554,0.39660395917676516,2.3820852197993734
Delphi Automotive PLC (NYSE:DLPH),NYSE:DLPH,2,23285.3,25208.941398059727,8486,1503,1984,3094.641398059728,15.492548236859614,14.792173913043477,1.5078019856486469,12.706119656280105,2.9706506478976817,9.85494190698191,3900,6.5341994292534284,1706,1,298,0.11866738441294336,0.0898977211555715,0.23379684185717653,0.17711524864482678,1503,23285.3,358.6413980597282,1.7350001932549721,1.8815451112407344,1.8901731293296755
Valeo SA (ENXTPA:FR),ENXTPA:FR,2,11796.6,12227.806626503949,7596.560000000001,696.1400000000001,1045.94,2339.3066265039483,16.29364640883978,13.849439775910364,0.8026866024120332,11.69073429307986,1.6096505031888046,7.596798351456231,3580.96,4.350913260213475,930.1,1,160.4,0.06866006721982985,0.04569766831215209,0.13768600524447908,0.091638847057089,724,11796.6,183.9066265039484,1.8776596646491361,0.5287995211318314,1.2133429207860909
Daihatsu Motor Co. Ltd. (TSE:7262),TSE:7262,3,5565.7,6357.712801327791,7986.019999999999,438.0399999999999,780.74,1636.312801327791,11.400450634985662,11.072701688555346,0.43203897913287875,8.143188258995044,0.7961052941675317,4.181330352731201,1165.02,3.3636912339705787,969,1,282.3,0.05305526108347604,0.029767049933404,0.09776334143916496,0.05485085186363169,488.2,5565.7,7.912801327790911,2.8522917153278113,0.5295188378157,0.5231463016791725
Astra International tbk PT (JKSE:ASII),JKSE:ASII,2,20343,24068.7,12996.900000000001,1305.8,1183.3,5226,15.578955429621688,15.195725806451614,1.6657577288550844,20.34031944561819,1.8518800637074992,13.422206111978586,0,13.422206111978586,1867.5,1,363.3,0.0818943740440581,0.09037241073838509,0.09104478760319767,0.10047011210365547,1305.8,20343,0,0.40431598092710025,0.40749536008476844,0.47972679106018884
Yamaha Motor Co. Ltd. (TSE:7272),TSE:7272,3,7937,10387.503791370616,9015.18,694.66,853.7600000000001,3289.0037913706155,10.986987818383168,11.072375604429885,0.8008437317469848,12.166772619202838,1.1522236706722013,8.494850990653106,2105.08,5.427968747123696,1005.9,1,241.3,0.06582219926449613,0.053556091806918664,0.09470249068792859,0.07705447922282195,722.4,7937,28.903791370615416,1.9654781403552979,0.8955080025800811,7.50734893738498
Mahindra & Mahindra Limited (NSEI:M&M),NSEI:M&M,2,11614.3,11614.3,638.9000000000001,623.2,1270.6000000000001,0,23.140665471209402,23.140665471209402,1.0147126918809355,9.14079962222572,18.17858819846611,8.061567293676685,638.9000000000001,6.810707793350143,816,1,275.1,0.11100918232729626,0.054447444062939575,1.9887306307716386,0.97542651432149,501.9,11614.3,0,0.30135264286267793,0.2090111038789838,0.3080741752678964
Great Wall Motor Company Ltd. (SEHK:2333),SEHK:2333,2,15157.4,14615.176957214382,6479.639999999999,1446.3600000000001,1679.46,122.37695721438325,10.674977111064159,10.39059363349584,1.2726223589782906,8.702307263771916,2.2555538513272935,7.475029131144836,1251.8400000000001,6.172471052121962,1708.1,1,288.2,0.1462396489119929,0.12594237350121473,0.25919032538844755,0.22321610459840366,1419.9,15157.4,2.47695721438325,2.0386082045733436,1.0602704740560511,1.0202179954081796
GKN plc (LSE:GKN),LSE:GKN,3,7728.9,9252.402825613159,4477.78,233.28000000000003,865.48,1952.802825613157,32.98719590268886,31.36510119022042,0.8365720147210336,10.690487158123998,2.0662924095451674,7.012583618018159,890.6800000000001,5.712064962102208,328.7,1,84.9,0.07825387209649273,0.021092414940460585,0.1932832787676036,0.05209724461675206,234.3,7728.9,421.10282561315694,0.6566264280816158,0.45547413008308907,0.9153088473494987
BAIC Motor Corporation Limited (SEHK:1958),SEHK:1958,3,7369.9,8324.948679412217,8595.8,1000.76,627.26,4323.248679412217,9.324266194331983,5.377906195403843,0.7617231683681379,13.27192660047224,0.9684902719249189,9.428027949504209,355.20000000000005,7.323142751066341,1355.8,1,223.4,0.05739356397141576,0.091568381659972,0.07297284720444869,0.11642430023965193,790.4,7369.9,7.148679412216228,0.12720661067314346,1.4342498702236928,0.264267341123239
Chongqing Changan Automobile Co. Ltd. (SZSE:200625),SZSE:200625,2,11050.9,9187.402958579882,3945.5600000000004,1474.8200000000002,-9.480000000000018,337.00295857988164,7.598253575357535,-277.44200626959366,0.9223929720272159,NA,2.3285421989729924,30.241616058524954,1089.46,13.487085963857723,1476.1,1,31.1,-0.0009517690052608347,0.14806835066864787,-0.0024027007573069518,0.3737923133851722,1454.4,11050.9,5.002958579881656,0.7963152322435277,2.2206610594401632,1.3022782526845762
BYD Company Ltd. (SEHK:1211),SEHK:1211,2,14057.2,18696.95629609051,10507.22,110,224,5155.256296090509,161.57701149425287,184.49182561307902,1.9134955425786768,83.4685548932612,1.7794389282884064,22.084758204689948,1139.32,15.274043212229811,170.2,1,40.8,0.022924747469578656,0.011257688489525233,0.0213186742068787,0.01046899179802079,87,14057.2,17.35629609050946,0.7505050792476453,0.7080830490875283,0.8703803047906291
Tenneco Inc. (NYSE:TEN),NYSE:TEN,4,3027.8,4151.0236702907805,2582.6,221,537,1373.22367029078,13.397345132743364,12.291150442477877,0.5038873112758898,7.730025456779852,1.6073041393521184,5.670797363785219,981.5999999999999,3.934619592692683,412,1,133,0.06518572469045884,0.02682689973294489,0.20792999303027956,0.08557267869588787,226,3027.8,143.22367029078018,2.179800515225576,0.47068912924349354,3.981005827685154
Visteon Corporation (NYSE:VC),NYSE:VC,4,4304.9,1956.7797860142991,1910.3999999999999,2345.6,710.6,508.87978601429916,2.050929013816103,0.6917821309125656,0.24056795992307586,2.753700796530114,1.0242775261800143,2.7521515977697595,1539.3999999999999,1.4483936239928195,408,1,146,0.08736169166461766,0.28836980575362675,0.371963986599665,1.2278056951423786,2099,4304.9,130.87978601429916,2.671374480243444,1.6491238184187706,21.002863940235773
Calsonic Kansei Corporation (TSE:7248),TSE:7248,4,2155.8,2124.0952598585536,2420.24,162.65999999999994,263.36,213.89525985855315,11.806133625410736,10.709199977574706,0.2619558567272468,8.065367785003621,0.8776382754844784,4.478379211171313,699.04,3.030093095375968,252.4,1,63.3,0.03247909626815973,0.020060183015563716,0.10881565464582027,0.06720821075595806,182.6,2155.8,17.595259858553145,0.9103349104740699,1.0712415249252956,5.76145072793402
BorgWarner Inc. (NYSE:BWA),NYSE:BWA,2,10227.2,10986.327373495315,5611.719999999999,633.3,1022.6999999999999,1867.0273734953146,16.143962115232835,14.530433397068197,1.3664416330014943,10.74247323114825,1.9577468892773189,8.161598227097032,1164.3200000000002,6.352314179528947,957,1,291.5,0.127199910448875,0.07876767701894254,0.18224359020050895,0.11285310029723508,633.5,10227.2,63.22737349531452,2.9186874217772214,0.5594474905791597,0.6988934741408009
Maruti Suzuki India Limited (BSE:532500),BSE:532500,2,19906.9,19917.607458223483,0,609,711,10.70745822348284,32.68784893267652,34.15148395951279,2.495034067597425,28.01351259947044,NA,17.88899538191439,0,17.88899538191439,798.8,1,189.6,0.08906537724385875,0.07628806574052037,NA,NA,609,19906.9,10.70745822348284,0.061913205973808075,#DIV/0!,#DIV/0!
Federal-Mogul Holdings Corporation (NasdaqGS:FDML),NasdaqGS:FDML,4,1372.6,4215.832903543471,4350,-181.4,242.6,3086.2329035434705,NA,-5.883333333333333,0.5648978833637238,17.377711885999467,0.9691569893203381,7.409196667035977,574,5.5181058946904065,NA,1,NA,0.03250703470454241,-0.024306579123676807,0.05577011494252873,-0.04170114942528736,NA,NA,167.2329035434705,0.21309922774296955,0.3925102114102,34.733488470551
Sumitomo Rubber Industries Ltd. (TSE:5110),TSE:5110,4,3951.4,6090.5844674045,6322.02,408.68,646.1800000000001,2561.884467404499,9.408095238095239,8.804141716566866,0.8784919179870907,9.425523023622674,0.9633921543121502,5.583594121199579,590.0200000000001,4.746033248191772,681.3,1,235.1,0.09320351939997117,0.05894706476272898,0.10221100217968308,0.06464389546379164,420,3951.4,60.18446740449932,1.328643012603128,0.38545568576058026,0.5546369437869351
Pirelli & C. SpA (BIT:PC),BIT:PC,3,8281.2,10237.2,5770.959999999999,336.23999999999995,879.8400000000001,2956.7,23.15771812080537,24.839645172296144,1.471538638454462,11.635297326786688,1.7739162981549002,8.297292916193873,726.86,6.956982670744139,569,1,196.3,0.12647194112235513,0.048332566697332095,0.15245990268516854,0.05826413629621415,357.6,8281.2,0,2.0135970632275515,0.41984726730039745,11.362659820025405
Hella KGaA Hueck & Co. (DB:HLE),DB:HLE,4,4571.6,5070.097587581907,4510.820000000001,269.30000000000007,422.9000000000001,1308.2975875819066,15.315242881072027,13.609985528219973,0.7527760998310231,11.988880557062913,1.1239857914042028,6.063984675974054,1918.72,3.441554159368658,415.2,1,107.4,0.062789523696401,0.03998396484143011,0.0937523554475683,0.059700896954434014,298.5,4571.6,56.39758758190653,0.009405897278852042,0.16411185483738983,0.22433297506683786
Dana Holding Corporation (NYSE:DAN),NYSE:DAN,4,2891.5,3754.8139372982923,2359.4,327.6,506.6,1757.3139372982928,9.00778816199377,6.549180327868853,0.583408007659772,7.411792217327856,1.5914274549878327,5.418201929723366,521.4,4.320844576868001,280,1,-70,0.07871348663766314,0.05090118085767558,0.21471560566245657,0.13884885987963042,321,2891.5,134.31393729829267,2.8186062597267854,1.497232896693556,2.8048929110438854
"Toyoda Gosei Co., Ltd. (TSE:7282)",TSE:7282,4,2899.9,2903.7,3549.8599999999997,127.45999999999998,309.56,657.6,19.204635761589405,16.08954154727794,0.4746934771947033,9.380087866649438,0.8179759201771337,4.423674588665448,749.1600000000001,3.2324390515418013,306.7,1,131.9,0.05060650645741376,0.02083701160699689,0.08720343900886234,0.03590564134923631,151,2899.9,0,1.01727645780889,0.46176591208516077,0.562449107515488
Koito Manufacturing Co. Ltd. (TSE:7276),TSE:7276,3,5810.9,4983.17695614304,2406,274.91999999999996,550.8199999999999,313.07695614304066,21.023516642547033,18.628240925408853,0.8264249156096454,9.046833731787228,2.07114586705862,6.416658454987175,678.1999999999999,4.957398484026104,475.3,1,169.4,0.09134963017015488,0.04559355202494278,0.2289359933499584,0.11426433915211968,276.4,5810.9,5.676956143040712,0.9464971002770656,0.5226537829052093,0.6267015247099769
"Harley-Davidson, Inc. (NYSE:HOG)",NYSE:HOG,2,11311.9,16757.75189806671,8845.24,785.86,1186.6599999999999,6274.15189806671,14.243137748677913,13.297985691815922,2.7933776563262334,14.121780373541462,1.8945502776710081,12.135384095927806,423.24,11.030642376294567,1200.8,1,406.6,0.19780633761730923,0.13099631611408377,0.13415803302115034,0.08884552595520302,794.2,11311.9,47.451898066710164,2.9968440315066434,0.3144306103250143,0.5464250486912948
"Anhui Jianghuai Automobile Co., Ltd. (SHSE:600418)",SHSE:600418,4,3274.4,2241.5,1185.78,51.96000000000001,-120.44000000000001,629,30.832391713747647,29.805914972273566,0.3737951505853317,NA,1.8903169221946736,23.446652719665273,622.0800000000002,8.326523031203566,114.7,1,9.83,-0.02008471467164727,0.00866491011573225,-0.10157027441852622,0.04381925820978597,106.2,3274.4,0,9.360493525531394,0.8057092887673899,0.6338908800144338
NOK Corporation (TSE:7240),TSE:7240,4,4083.5,3945.1981939096313,3931.7200000000003,398.62,550.52,672.6981939096316,10.147862823061631,8.53102189781022,0.6694037929125884,7.166312202843914,1.0034280655564565,4.842516501668873,201.22000000000003,4.4785993800767745,666.3,1,219.5,0.09340980046151758,0.06763607981539296,0.14002014385561534,0.1013856530983895,402.4,4083.5,5.498193909631555,1.248928615158565,0.46304709567274005,0.6188468812244439
Motherson Sumi Systems Ltd. (BSE:517334),BSE:517334,4,4908.3,5754.483728772171,1493.346,153.91600000000003,369.416,846.183728772171,32.3980198019802,33.24955968026013,1.0303093405378807,15.577245513925144,3.853416240290041,11.197672171185388,5.646,11.13031416949802,305.3,1,84.4,0.06614194657308602,0.027557831411587772,0.24737468744684754,0.1030678757635538,151.5,4908.3,40.08372877217101,0.08913473096591487,0.915497849173352,0.6291980217118295
Takata Corporation (TSE:7312),TSE:7312,4,967.8,1164.5854794703146,2050,87.40000000000003,279.1000000000001,737.9854794703149,9.716867469879519,4.706012134583562,0.21158508738400728,4.1726459314593844,0.5680904777903973,2.582229444501806,607.2,1.7905680803664124,198,1,98,0.0507076542940717,0.015879071964535533,0.13614634146341467,0.04263414634146343,99.6,967.8,31.085479470314905,1.598987394089688,0.46946922237601074,3.529356481659915
Ford Otomotiv Sanayi AS (IBSE:FROTO),IBSE:FROTO,4,3971.9,4886.480784094367,2257.48,262.06,300.36,1019.8807840943675,16.426385442514473,16.88471615720524,0.9195658149559396,16.268746784173548,2.164573233913198,12.16147532129011,268.78,9.737905109793477,239.6,1,-2.25,0.05652345734771073,0.04931594497450084,0.133051012633556,0.11608519233835958,241.8,3971.9,3.880784094367521,0.1428787230292807,0.26200315046906547,0.18476551936320695
"The Yokohama Rubber Company, Limited (TSE:5101)",TSE:5101,4,3109.8,4533.031067152794,4544.94,309.64,489.64,1701.0310671527934,9.807000946073794,9.567567567567568,0.8693460420675438,9.257885522328229,0.9973797381599745,6.12240824845056,337.84,5.331096162710566,489.3,1,170,0.09390330437450856,0.05938285100588765,0.10773299537507647,0.06812851214757511,317.1,3109.8,74.63106715279329,1.4631165991382082,0.47137144298185985,0.6918089877870903
Burelle SA (ENXTPA:BUR),ENXTPA:BUR,4,1273,1867.4898274277239,2282.02,160.28,402.98,1289.5898274277238,7.461899179366941,3.4030951147123942,0.3592224647369004,4.634199780206769,0.818349456809197,3.1604160220472566,368.52000000000004,2.621774290927592,378.3,1,81.2,0.07751553272933619,0.030830784619231732,0.17658916223345983,0.07023601896565324,170.6,1273,127.98982742772382,0.014925373134328358,0.557761758965048,0.9695999441743497
Compagnie Plastic Omnium SA (ENXTPA:POM),ENXTPA:POM,4,4041.5,4672.589827427724,2178.06,275.0199999999999,416.42,1247.2898274277238,14.062282533054976,11.918232428670844,0.8991801842447271,11.220858333960242,2.1452989483428944,7.73479527798001,360.16,6.480707111550242,372.5,1,80.7,0.08013470605215049,0.05292408351775232,0.19118848883869133,0.12626833053267583,287.4,4041.5,127.98982742772382,0.7237411852035135,0.5880976094568275,0.9221967746732669
"Faw Car Co., Ltd. (SZSE:000800)",SZSE:000800,4,3916.5,4227.400000000001,2055.24,36.18000000000001,30.10000000000001,354.8,2510.576923076923,-2689.3055555555557,0.8261158446025172,140.44518272425248,2.0568887331893118,23.291460055096422,293.54,14.296246195468383,8.22,1,-12.9,0.005882123036035334,0.007070272805440477,0.014645491524104246,0.017603783499737263,1.56,3916.5,0,3.210774926592621,1.583823310409069,1.2598381233059166
"NHK Spring Co., Ltd. (TSE:5991)",TSE:5991,4,2534.1,2349.1545312458466,2496.4200000000005,196.64000000000001,263.93999999999994,395.7545312458463,12.883070665988816,10.931169557918299,0.4665000955668222,8.900335421860449,0.9410093378701685,5.336561861076435,379.82,4.131471212180525,314.6,1,104.9,0.05241376571281052,0.039049188792024944,0.1057274016391472,0.0787687969171854,196.7,2534.1,5.35453124584634,0.8484274495876248,0.38570638251963213,0.4194879592054693
LEONI AG (DB:LEO),DB:LEO,4,1995.1,2585.443775122274,1992.6200000000001,108.58000000000001,186.48000000000002,760.443775122274,17.05213675213675,15.773552290406222,0.536254490515478,13.864456108549302,1.2975096983480412,7.606483598476829,391.22,5.515025117581643,154.8,1,37.3,0.0386783647563935,0.022520896853545726,0.09358532986721001,0.05449107205588622,117,1995.1,93.34377512227395,0.006140043105608742,0.7225648019392238,1.3203690027804353
Hero MotoCorp Limited (BSE:500182),BSE:500182,3,7900.4,7906.742870956192,43.562000000000005,387.25600000000003,489.25600000000003,6.342870956192279,20.883954533439066,22.311211522168875,1.7949473032817689,16.1607478926292,181.50550642661474,14.223318710120871,43.562000000000005,13.729367721750638,529,1,150.9,0.11106833144154371,0.0879128263337117,11.231256599788805,8.889766310086772,378.3,7900.4,6.342870956192279,0.018606652827704927,0.2835601310052329,0.327345979263597
"Tenedora Nemak, S.A. de C.V. (BMV:NEMAK A)",BMV:NEMAK A,4,3846.1,5107.1,2063.36,248.94800000000004,402.848,1370.9,15.609172077922077,15.313550291007457,1.226901455820881,12.677486297561364,2.475137639578164,7.920440446650125,40.66,7.749772382397572,344.5,1,97.9,0.0967779753038966,0.059805890549176,0.19523883374689827,0.12065175248138958,246.4,3846.1,0,0.22815319414471802,0.5102687584765693,3.928668366893537
Geely Automobile Holdings Ltd. (SEHK:175),SEHK:175,4,4497.4,3576.988119458975,2346.8600000000006,255.12000000000003,149.32000000000002,341.1881194589751,16.19517464890169,12.09644859813084,0.8736507142756942,23.955184298546573,1.5241591400675685,13.89121599789893,245.26000000000005,10.826235228386729,362.5,1,81.4,0.03647021468871358,0.06231101775639304,0.0636254399495496,0.10870695312033951,277.7,4497.4,1.288119458975122,1.322986614488371,0.9469113834192917,0.7478955183097352
Yulon Motor Co. Ltd. (TSEC:2201),TSEC:2201,4,1513.4,3758.4,4912.820000000001,109.25999999999999,50.56,2819.9,19.757180156657967,14.01583034647551,0.9217638691322901,74.33544303797468,0.7650188689998819,15.234698013781923,89.22,12.727395868608195,143.5,1,33.1,0.012400058861038898,0.026796487958012455,0.010291441575307052,0.022239772676385453,76.6,1513.4,0,0.6607638430025109,0.9150958501591595,0.5100815063078924
Thor Industries Inc. (NYSE:THO),NYSE:THO,4,2901.1,2735.9486327568325,888.8400000000001,199.4,290.6,18.34863275683255,14.54914744232698,13.717631618797636,0.6828263533884478,9.414826678447461,3.0781115079843753,8.49673488433799,0,8.49673488433799,292.9,1,90.9,0.0725267046021763,0.04976539882200259,0.3269429818640025,0.22433733855362042,199.4,2901.1,11.20863275683255,1.4046396194546897,0.37849298476411286,0.3990307012791325
"Nissan Shatai Co., Ltd. (TSE:7222)",TSE:7222,4,1822.5,1818.0170014863406,1650.1100000000001,106.02000000000001,57.81999999999999,0.127001486340467,14.182879377431906,14.52684992808055,0.4593503970605742,31.442701513080955,1.101755035413603,9.39058368536333,281.81999999999994,6.539629501749427,201.2,1,72.8,0.01460912628227803,0.026787609277881652,0.0350400882365418,0.06425026210373853,128.5,1822.5,0.127001486340467,0.2825788751714678,0.5388941343450293,0.7042027348521009
"Jiangling Motors Corporation, Ltd. (SZSE:000550)",SZSE:000550,4,3271.4,1867.7069999999999,1099.587,393.1600000000001,415.96000000000004,0.807,10.016533986527863,6.613177470775771,0.47330452852183164,4.4901120300028845,1.6985531840591057,4.240933242506812,754.5799999999999,2.574727047146402,379.7,1,53.1,0.10541040521020756,0.099632548592281,0.3782874843009239,0.35755242650195035,326.6,3271.4,0,1.4519777465305372,0.5120554011006132,0.5252372413241111
American Axle & Manufacturing Holdings Inc. (NYSE:AXL),NYSE:AXL,4,1545.5,2841.9837766898113,1751.96,177.82,302.32,1597.7837766898115,9.144970414201184,7.490668272125227,0.7356172740823655,9.400581425938778,1.6221738947748872,5.699927349959509,316.96,4.665873874059779,206.5,1,37.5,0.0782523166123104,0.046026815758140494,0.1725610173748259,0.10149775109020753,169,1545.5,66.6837766898116,2.3293432546101585,0.9740582241275053,5.944011865597392
UMW Holdings Bhd (KLSE:UMW),KLSE:UMW,4,2366.2,2910.6854422521374,3080.5598,134.6088,257.8088,1285.4854422521373,17.579494799405644,16.366565961732125,0.7788412293300164,11.290093442319025,0.9448560103433594,7.7576904111197695,0.5598,7.753825897679294,330.5,1,93.1,0.06898448035962754,0.03601862356844697,0.08368894510666536,0.043696213915405895,134.6,2366.2,6.3854422521374925,0.5335559124334376,0.45123767440450385,0.43765173868778134
"Tokai Rika Co., Ltd. (TSE:6995)",TSE:6995,4,2049,1831.4139636424582,2280.9,112.94000000000003,251.94000000000003,34.21396364245795,17.603092783505154,16.293744333635537,0.4888072073137583,7.269246501716512,0.8029347904960578,4.503107852575506,549.7,3.0993636209890982,180.3,1,54.5,0.06724317399311396,0.030143859930071806,0.11045639878995134,0.049515542110570396,116.4,2049,1.7139636424579483,0.9163006344558321,0.46340748653114855,0.5498979619490413
Linamar Corp. (TSX:LNR),TSX:LNR,4,3580.3,3933.5744697089663,1915.272,310.908,427.808,508.4744697089657,11.60551053484603,11.266405710338477,1.0511395622117916,9.194719289281561,2.0537941711198027,6.286678072093601,15.572000000000001,6.227458987903057,411.7,1,103.1,0.11431991876436322,0.08308160974827643,0.22336670718310506,0.16233099006303023,308.5,3580.3,14.57446970896574,0.775074714409407,0.6160520052441396,0.7772090791367648
"Guangzhou Automobile Group Co., Ltd. (SEHK:2238)",SEHK:2238,2,14799.5,14494.199999999999,5814.880000000001,647.74,-74.16,2454.1,28.581498648126693,-56.900283553875234,3.8974427922235066,NA,2.4926051784387635,2076.532951289398,101.17999999999999,160.90364120781527,492,1,18.5,-0.0199413805157439,0.17417515932130467,-0.012753487604215389,0.11139352832732574,517.8,14799.5,0,0.15524173113956552,2.195315986011862,0.4708439638226336
"Tesla Motors, Inc. (NasdaqGS:TSLA)",NasdaqGS:TSLA,2,28644.7,30621.08834245319,3918.7200000000003,-292.68000000000006,-158.58000000000004,3127.08834245319,NA,-52.70593828417192,8.268595129331457,NA,7.814053655901209,NA,1563.62,NA,NA,1,NA,-0.04282126751815949,-0.07903221451138176,-0.0404672954434101,-0.07468765311122,NA,NA,337.18834245318976,11.841632134391354,0.8334727971209858,0.8096293137398992
"TS TECH Co., Ltd. (TSE:7313)",TSE:7313,4,2020.8,1250.4581490356923,1306.48,193.28,305.58000000000004,23.458149035692433,10.336572890025575,6.843279419966536,0.34503963716114133,4.092081121263473,0.9571200087530557,3.231158007844166,315.18,2.539001317838969,350,1,103.3,0.08431886537347205,0.05333186170359538,0.23389565856346828,0.14793950156144756,195.5,2020.8,4.858149035692431,0.6210411718131433,0.45363754647244225,0.5447664983674833
Bajaj Auto Limited (NSEI:BAJAJ-AUTO),NSEI:BAJAJ-AUTO,2,10932.3,10932.3,5.2964,478.8612,713.6612,0,22.587396694214874,22.587396694214874,3.098636659958618,15.318613370041694,2064.1001434936934,14.356270518713066,5.2964,14.356270518713066,687.3,1,203.3,0.20227918709787138,0.13572778549360845,134.744581224983,90.41258213125896,484,10932.3,0,0.1955215279492879,0.12553331877927498,0.13883601217304498
Public Joint Stock Company Avtovaz (MICEX:AVAZ),MICEX:AVAZ,5,364.6,1883.581928657692,2109.06,-445.84000000000003,-178.54,1575.581928657692,NA,-0.697463768115942,0.5451914465419236,NA,0.893090726986284,77.83396399411951,96.66,36.860703104847204,NA,1,NA,-0.05167732785319401,-0.12904570320414485,-0.08465382682332413,-0.21139275316965855,NA,NA,73.08192865769199,0.010285244103126713,4.319666426108137,4.603062599156118
DRB-HICOM Berhad (KLSE:DRBHCOM),KLSE:DRBHCOM,4,640.1,2161.8039665313354,4028.88,42.84,-46.16,1864.4039665313355,12.700396825396826,8.984894259818734,0.632050979893967,NA,0.5365769063688507,15.791117359615304,43.379999999999995,14.636452041512086,84.6,1,19.3,-0.01349589217320118,0.012525217086220508,-0.011457278449593931,0.010633228093167333,50.4,640.1,35.303966531335604,0.19840649898453366,1.7924618508106627,1.2305338356480684
Sumitomo Riko Company Limited (TSE:5191),TSE:5191,4,908,1341.0035298097118,2342.46,-33.860000000000014,89.73999999999998,764.6035298097116,NA,-16.663775657704537,0.39961961135075,14.943208489076355,0.5724765971712268,3.7945770509612675,314.36,2.9266772802481706,36.1,1,51.1,0.02674255743958041,-0.010090294126411782,0.03831015257464374,-0.014454889304406485,NA,NA,4.903529809711589,1.269273127753304,0.44604162247022133,0.772282434593971
TOFAS Turk Otomobil Fabrikasi A.S. (IBSE:TOASO),IBSE:TOASO,4,3086.9,3753.7999999999997,1479.59,263.088,223.488,1205.3,11.741726892354508,11.226872246696036,1.138619267168163,16.7964275486827,2.5370541839293317,11.17202380952381,15.39,11.004983875696276,207,1,-55.9,0.06778937151176899,0.07980101917010435,0.15104724957589602,0.17781142073141887,262.9,3086.9,0,0.6875830120833198,0.46768947218544643,0.3931797039197662
"Toyo Tire & Rubber Co., Ltd. (TSE:5105)",TSE:5105,4,2906.5,3843.1933559884574,2656.8199999999997,97.02,451.21999999999997,1201.4933559884573,30.0879917184265,32.413496932515336,1.1725274906149,8.51733822966282,1.4465388532111538,5.977902249165434,249.22,5.294384014311142,186.6,1,86.4,0.1376636055770815,0.02960002440735882,0.16983461431335206,0.03651734027898014,96.6,2906.5,12.99335598845736,1.9783244452090143,0.817701769177311,1.5759612193832475
Cooper-Standard Holdings Inc. (NYSE:CPS),NYSE:CPS,4,1096.7,1764.6012386550497,1498.7,66.4,199.20000000000002,872.7012386550496,16.295690936106986,13.252600297176823,0.5497713925460478,8.858439953087599,1.1774212575265561,5.65758652983344,306.90000000000003,4.263351627579246,125,1,57.5,0.062061874941583335,0.020687291647194444,0.13291519316741177,0.044305064389137255,67.3,1096.7,67.3012386550496,0.25075225677031093,0.3771108240005133,155.24053853324276
Nexteer Automotive Group Limited (SEHK:1316),SEHK:1316,4,2655.7,3045.18548924125,1481.08,197.58,292.08000000000004,716.4854892412499,15.003954802259885,13.329708070978821,0.9558020995735247,10.425861028626572,2.0560573967923745,8.421420047680447,374.28,6.148163717426307,237.3,1,56.5,0.09167608286252356,0.062015065913371005,0.19720744321711187,0.13340265211872418,177,2655.7,42.485489241249816,0.24852204691795007,1.1320602845040444,23.76578304489755
Cooper Tire & Rubber Co. (NYSE:CTB),NYSE:CTB,4,2371.5,2355.9823563700975,1019.88,233.72000000000003,397.02000000000004,392.5823563700975,10.297438124185843,8.592184149490175,0.7468166089866224,5.934165423329045,2.31005839546819,4.509057141378177,166.98,4.066946929691175,363.6,1,120.6,0.12585031857228898,0.07408628395727011,0.38928109189316396,0.22916421539788998,230.3,2371.5,78.1823563700975,1.4864010120177102,0.9885572383561125,1.8441500200349341
Metaldyne Performance Group Inc. (NYSE:MPG),NYSE:MPG,4,1471.2,3338.6242234271776,2401.8,111.4,271.4,1980.1242234271772,13.206463195691203,12.207285732257427,1.076801878221957,12.301489400984444,1.3900508882617941,6.587656320890248,0,6.587656320890248,104.3,1,-7.56,0.08753426866634413,0.03592968875987744,0.11299858439503704,0.04638188025647431,111.4,1471.2,56.92422342717714,0.4401169113648722,0.4117066344900298,1.989287775072188
Stanley Electric Co. Ltd. (TSE:6923),TSE:6923,4,3775,3340.589278646439,2450.42,205.92,310.52,205.28927864643865,18.010496183206108,15.91522842639594,1.0800133453966698,10.758048688156768,1.3632721242262302,6.338879086615634,138.62,5.839170212631426,331.1,1,89.4,0.10039119330121885,0.06657398726197018,0.126721133519968,0.08403457366492274,209.6,3775,1.489278646438624,0.9735099337748344,0.2586276452534467,0.33147377289066376
KYB Corporation (TSE:7242),TSE:7242,4,751.9,1257.6282436944437,2163.22,62.900000000000006,111.4,742.3282436944435,14.94831013916501,12.045348293595136,0.41477136100209216,11.289302008029116,0.5813686281073787,5.383682550061831,219.11999999999998,4.007738188956162,105.1,1,53,0.03674021305365918,0.02074469839385245,0.05149730494355637,0.02907702406597573,50.3,751.9,7.828243694443525,2.134592366006118,0.6686571912728652,0.8974914071012389
Martinrea International Inc. (TSX:MRE),TSX:MRE,4,757.3,1362.5521337279595,1143.2599999999998,77.78,120.28,622.1521337279597,9.938320209973753,9.716535433070865,0.45887991571345416,11.328168720717986,1.1918130029284326,6.349264369654984,69.36,5.7058297057284735,100.3,1,22.4,0.04050786380628431,0.02619472602970397,0.10520791421024091,0.06803351818483985,76.2,757.3,70.25213372795979,0.7295655618645187,0.5957266281080358,8.557715569802891
Chaowei Power Holdings Limited (SEHK:951),SEHK:951,4,543.4,1008.0150430724522,1156.74,-2.8699999999999903,33.84,612.2150430724522,NA,-40.7201646090535,0.3420942927687681,29.787678577791137,0.8714274971665648,12.218364158453966,202.04,6.738068469735643,19.8,1,7.67,0.01148442272449603,-0.0009740039367406469,0.02925462938949116,-0.0024811107076784674,NA,NA,2.6150430724522145,0.3721935958778064,0.6991937500572201,0.7861672486336687
"Cie Automotive, S.A. (CATS:CIE)",CATS:CIE,4,1907.2,3213.3730278366625,2164.6,122.9,249.1,1306.1730278366624,15.518307567127746,22.704761904761906,1.158682085543094,12.899931866064483,1.4845112389525374,8.40097523617428,0,8.40097523617428,197.1,1,50.3,0.08982079111527783,0.04431543648361158,0.115078998429271,0.05677723366903816,122.9,1907.2,67.17302783666243,0.6344379194630873,0.41713549395168764,0.4306283910886898
Keihin Corporation (TSE:7251),TSE:7251,4,1143.6,1020.4,1740.7900000000002,191.108,286.908,155.9,12.863892013498312,10.384384384384383,0.37484387627654103,3.5565407726518603,0.5861706466604242,3.1339066339066335,255.59,2.2105719237435006,179.7,1,70.3,0.10539563588274191,0.070203511865403,0.16481482545281165,0.10978234020186237,88.9,1143.6,0,0.6427072402938091,0.35338128913648187,0.9029053568142263
"Dongfeng Automobile Co., Ltd. (SHSE:600006)",SHSE:600006,4,2742.1,2238.1,1110.6799999999998,44.36,-50.14,162.6,66.88048780487804,-41.76056338028169,0.8507944955523454,NA,2.0150718478769765,113.03535353535352,310.88,18.005631536604987,31.7,1,-4.91,-0.019060290428039233,0.016863073063179503,-0.04514351568408543,0.03993949652465157,41,2742.1,0,6.71930272418949,5.722110385403342,0.5887001518865308
Mitsuba Corporation (TSE:7280),TSE:7280,4,695.4,1253.5237399709986,1496.4399999999998,162.72,242.82000000000002,1102.1237399709985,7.052738336713996,1.6609983543609435,0.4894474014958411,5.162357878144298,0.8376705647877621,4.139774570577934,165.04,3.2166377725712048,163,1,44,0.0948108234742884,0.0635351997188708,0.16226510919248352,0.10873807169014463,98.6,695.4,1.523739970998685,1.0713258556226632,1.0142481092131788,7.457631257696697
Unipres Corporation (TSE:5949),TSE:5949,4,979.8,1072.2744003124556,1217.4,63.41999999999999,147.72,301.07440031245545,15.12037037037037,12.533723386965708,0.418709984892989,7.258830221449063,0.8807905374671066,3.50645650854302,86,3.208481149947503,153.2,1,76.7,0.05768284587449724,0.02476473114920535,0.12134056185312961,0.05209462789551502,64.8,979.8,7.474400312455441,1.1379873443559911,0.6114980282446284,0.6247188026281925
Tianneng Power International Ltd. (SEHK:819),SEHK:819,4,705.9,988.33724376173,981.8400000000001,6.820000000000007,17.99000000000001,458.6372437617301,NA,-29.909655561829474,0.40858954225545907,54.93814584556584,1.006617416036961,24.770356986509523,215.14000000000004,8.107770662524446,NA,1,NA,0.007437264872462693,0.002819463392451117,0.01832274097612646,0.006946141937586579,NA,NA,2.2372437617301184,1.0943476413089672,1.1730944270170034,1.245088649839188
Double Coin Holdings Ltd. (SHSE:600623),SHSE:600623,4,3760.6,4350,1365.9679999999998,-7.348000000000001,-90.14800000000001,775.3,276.5147058823529,-277.1085271317829,1.9851229863551314,NA,3.184554835838029,651.1976047904192,10.368000000000002,-1330.2752293577983,29.4,1,20,-0.04113904987906722,-0.003353260621548852,-0.06599568950370728,-0.00537933538706617,13.6,3760.6,0,0.5185342764452481,0.7814469173705184,0.8135501694851931
Showa Corp. (TSE:7274),TSE:7274,4,670,550.5929626862275,1083.2,101.76000000000002,133.46,86.49296268622751,6.843718079673136,5.209923664122137,0.2545976892103151,4.125527968576558,0.5083022181372114,2.689755557822313,230.2,1.935980881456496,149.9,1,30.6,0.06171275316748359,0.04705447146952743,0.12320901033973412,0.09394387001477106,97.9,670,18.0929626862275,0.917910447761194,0.5925650093144504,2.720398974639018
Akebono Brake Industry Co. Ltd. (TSE:7238),TSE:7238,5,444.5,1238.019173148749,1302.24,-63.92000000000001,13.479999999999997,868.819173148749,NA,-5.941422594142259,0.5745935083768444,91.84118495168762,0.9506843386386141,10.917276659160043,48.84,9.778982410337669,NA,1,NA,0.006256381694978185,-0.0296667594913209,0.010351394520211325,-0.049084654134414554,NA,NA,15.219173148748897,0.922384701912261,0.79278859011689,7.807705249209475
"Fuyao Glass Industry Group Co., Ltd. (SHSE:600660)",SHSE:600660,4,4995.7,4842,2536.7000000000003,397.82000000000005,478.9200000000001,786.1,12.975844155844156,10.624492468893253,2.250836742283377,10.110248058130793,1.9087791224819646,8.065967016491754,266.59999999999997,6.972926267281106,430.6,1,45.5,0.22262923019709935,0.18492934176273712,0.18879646785193363,0.15682579729569915,385,4995.7,0,0.9257961847188583,0.5314768051054778,0.6062159706023477
Brembo SpA (BIT:BRE),BIT:BRE,4,2737.8,3196.0348847196537,954.4,171.6,221,643.6348847196537,15.954545454545457,15.040659988214498,1.4671478538007958,14.461696310948659,3.348737305867198,9.873447280567358,0,9.873447280567358,218.1,1,45.1,0.1014506059493206,0.07877341167829599,0.2315590947191953,0.17979882648784576,171.6,2737.8,168.4348847196537,0.7825626415370005,0.4319417431351473,0.574669594687398
Autoneum Holding AG (SWX:AUTN),SWX:AUTN,4,908.4,1164.9301152531525,683.6600000000001,52.94,97.63999999999999,384.03011525315253,15.936842105263157,13.934938168061528,0.5486413202341414,11.930869676906521,1.703961201844707,6.8284297494323125,182.46,5.029922777431574,102,1,16.9,0.04598502331276785,0.024932887486459752,0.14281953017581836,0.0774361524734517,57,908.4,114.73011525315252,0.4540951122853369,2.3096272271699068,2.183877546098959
Exedy Corp. (TSE:7278),TSE:7278,4,1129.1,1173.8586799826262,1573.88,80.62,141.72000000000003,305.3586799826263,13.803178484107578,10.871197897108523,0.5538636783913495,8.282942986047319,0.7458374717148869,4.434675783840674,130.88,3.8124672945197347,142,1,52.7,0.06686798150419931,0.038039067660658676,0.09004498436983761,0.051223727348971966,81.8,1129.1,0.058679982626309524,0.7550261270038084,0.35023460059470124,0.3375984413936592
Open Joint Stock Company GAZ (MICEX:GAZA),MICEX:GAZA,6,153.5,1242.8999999999999,1116.9899999999998,-34.204,96.09599999999999,1152.8,NA,-1.511744966442953,0.5885500520882658,12.933941058941059,1.1127225848038031,7.505434782608695,23.8,7.2035470035933695,NA,1,NA,0.04550430912018183,-0.016196609527417367,0.08603120887384848,-0.0306215812137978,NA,NA,0,0.014657980456026058,1.300086732038104,16.469312877905157
"TACHI-S Co., Ltd. (TSE:7239)",TSE:7239,5,471.7,240.40000000000003,613.58,-10.590000000000003,13.96,68.9,NA,-24.120956399437414,0.1142857142857143,17.22063037249284,0.3917989504221129,4.081494057724958,113.28,2.56563500533618,29.3,1,21.7,0.006636558117423343,-0.005034466365581176,0.022751719417190914,-0.01725936308223867,NA,NA,0,0.8426966292134832,1.1499529364374834,1.3979431119554642
"Han Il E Wha Co., Ltd. (KOSE:A200880)",KOSE:A200880,5,305.9,393.79999999999995,605,94.9,110.5,328.5,3.223393045310853,0.7257168259613245,0.19104448648910877,3.5638009049773753,0.6509090909090909,2.3015780245470485,0,2.3015780245470485,118.6,1,20.6,0.05360694707223596,0.04603890748556736,0.18264462809917356,0.1568595041322314,94.9,305.9,0,1.1523373651520106,#DIV/0!,#DIV/0!
Wuling Motors Holdings Limited (SEHK:305),SEHK:305,6,119.9,400.1613332138466,641.92,21.710000000000004,44.22,381.4613332138466,16.224627875507444,5.252808988764047,0.20040130870084466,9.049329109313582,0.6233819373346314,6.959327534153854,104.62,4.046120659391775,23.8,1,6.53,0.022145432692307693,0.010872395833333336,0.0688870887337986,0.033820413758723834,7.39,119.9,5.461333213846611,0.14386989157631358,0.6858446176585561,0.9961489572496699
"Tower International, Inc. (NYSE:TOWR)",NYSE:TOWR,4,543.5,954.6124093112553,444.19999999999993,23.3,94.4,547.1124093112553,23.326180257510728,17.8688884016663,0.480453172938374,10.112419590161602,2.1490599038974683,5.433195272118699,0,5.433195272118699,47.6,1,8.25,0.04751119834918718,0.011726810609492173,0.21251688428635754,0.05245384961728952,23.3,543.5,85.71240931125537,2.4287028518859244,0.721857383869871,1.458330744018512
Nifco Inc. (TSE:7988),TSE:7988,4,2030.8,2309.352533982686,1313.42,119.47999999999999,185.98,866.0525339826861,16.895174708818637,12.280268867523185,1.1886111143047433,12.41720902238244,1.7582742260531177,7.754709650714191,67.02000000000001,7.2144721461502215,175.5,1,48.1,0.0957228884656956,0.06149570230068453,0.14159979290706703,0.09096861628420458,120.2,2030.8,16.552533982686043,1.4033878274571598,0.30296905045819944,0.34649194175878045
Apollo Tyres Ltd. (BSE:500877),BSE:500877,4,1475.9,1707.4410487589726,1050.9599999999998,166.3,252.4,231.54104875897247,9.032435740514076,9.157411428925979,0.8809870743299998,6.7648219047502876,1.6246489388358956,5.611045181593732,84.86,5.110568837949633,226.5,1,63,0.13023063825396008,0.08580568598111553,0.24016137626550968,0.15823627921138772,163.4,1475.9,57.74104875897245,0.1165390609119859,0.20153391143593982,0.21512309376205926
Sri Trang Agro-Industry Public Company Limited (SET:STA),SET:STA,5,435.8,848.6441347640769,1023.8,38,37.2,459.6441347640769,11.468421052631578,10.657534246575343,0.4486382611355873,22.81301437537841,0.8289159354991961,13.096360104383903,0,13.096360104383903,39.3,1,1.5,0.019665891308944812,0.02008881370268556,0.03633522172299278,0.037116624340691545,38,435.8,6.144134764076908,1.4570904084442404,0.7704178682294783,0.9491672770160378
"Nippon Seiki Co., Ltd. (TSE:7287)",TSE:7287,4,1210.6,973.7728348305726,1290.72,126.85999999999999,134.66,577.7728348305726,9.71589085072231,3.583710407239818,0.5157695099738202,7.2313443846025,0.7544415789873656,4.806381218314771,104.72,4.072659284109463,199.8,1,66.4,0.07132415254237288,0.06719279661016948,0.10432936655510103,0.09828622784182471,124.6,1210.6,2.772834830572644,0.30150338675037175,0.3422195624579531,0.36450510986747614
Hi-Lex Corporation (TSE:7279),TSE:7279,4,1179.6,893.4999999999999,997.8000000000001,104.66,144.26,67.5,11.255725190839694,8.427711458014487,0.4778330391999571,6.193678081242201,0.8954700340749647,4.750132908027644,53,4.352167559668777,168.5,1,54.6,0.07714851061554093,0.055970907535162304,0.1445780717578673,0.1048907596712768,104.8,1179.6,0,0.07248219735503561,0.4806969372909274,0.47122329530967927
Sundaram-Clayton Ltd. (BSE:520056),BSE:520056,4,571.1,571.1,0,33.9,76.6,0,16.84660766961652,18.681714098789662,0.3148464634213573,7.4556135770235,NA,5.031718061674009,0,5.031718061674009,77.2,1,22,0.0422294503555874,0.01868901262473124,NA,NA,33.9,571.1,0,0.0030642619506216075,#DIV/0!,#DIV/0!
"Kasai Kogyo Co., Ltd. (TSE:7256)",TSE:7256,5,462.6,668.0233328094786,658.3720000000001,66.21600000000001,110.816,298.4233328094785,6.935532233883059,5.644471594379963,0.3684426301966128,6.0282209501288495,1.014659391361538,3.6207226710540845,29.972,3.4363340165096634,109.9,1,34.9,0.061119629364072586,0.036520875847995155,0.16831821523394067,0.10057535861184862,66.7,462.6,4.323332809478483,0.6431041936878512,0.5954218443795639,1.1735195542330137
Aisan Industry Co. Ltd. (TSE:7283),TSE:7283,4,644,660.3,989.1599999999999,51.2,82.7,216.9,11.603603603603604,8.35972850678733,0.373325040990558,7.98428053204353,0.6675360912289215,3.852392065344224,256.06,2.5803048065650644,90.9,1,33.2,0.04675750551252332,0.028947814779216374,0.08360629220752963,0.05176109021796273,55.5,644,0,0.656055900621118,0.4657812357325293,1.5567447533236751
"Changchun Faway Automobile Components Co., Ltd. (SHSE:600742)",SHSE:600742,4,749.4,725.8,717.02,82.62,22.319999999999993,41.3,9.195092024539877,112.21311475409847,0.4165757906215921,32.51792114695341,1.0122451256589775,13.244525547445255,53.32,9.983493810178818,93.2,1,3.83,0.012810652585662627,0.04742007690983183,0.031128838805054244,0.11522691138322502,81.5,749.4,0,9.47424606351748,14.673215351465416,0.8385712931677666
"Sailun Jinyu Group Co., Ltd. (SHSE:601058)",SHSE:601058,4,1128.9,1746.4999999999998,1416.9199999999998,41.77999999999999,99.08,1018.3,29.095360824742272,21.70491803278689,1.0061063425312515,17.62716996366572,1.2326031109730966,9.923295454545453,103.92,8.28117591275486,58.3,1,16.9,0.057077020565700784,0.024068206693933974,0.069926319058239,0.02948649182734381,38.8,1128.9,0,6.555053591992205,0.9504080507277028,0.8374121442377875
GB Auto SAE (CASE:AUTO),CASE:AUTO,5,423.9,877.4999999999999,948.6,24.7,107.9,728.7,17.161943319838056,6.557955046275891,0.5159943549335528,8.132530120481926,0.9250474383301707,6.381818181818181,0,6.381818181818181,37,1,14.7,0.06344819475479244,0.014524285546277785,0.11374657389837656,0.026038372338182583,24.7,423.9,0,0.19815994338287332,0.4996126711661367,1.1551483641618385
G-Tekt Corporation (TSE:5970),TSE:5970,4,547.2,981.0999999999999,1398.1879999999999,38.572,81.972,540.9,14.476190476190478,12.562785388127855,0.5812892522810759,11.968721026692041,0.7016939066849379,4.258246527777778,14.388000000000002,4.16355457477508,75,1,28.1,0.04856736580163526,0.022853418651498994,0.058627309060011956,0.027587134205128355,37.8,547.2,0,0.954861111111111,0.3299503288905334,0.42243030691991607
Press Kogyo Co. Ltd. (TSE:7246),TSE:7246,5,441.6,611.6163461538462,793.1160000000001,52.426,82.026,303.01634615384614,8.508670520231215,6.141293532338309,0.36711665435404933,7.456371713284156,0.7711562320692636,3.908091668714672,8.416,3.8321826200115674,87.7,1,36.1,0.04923529411764706,0.031468187274909964,0.10342245018383185,0.06610130170113829,51.9,441.6,0.016346153846153847,0.78125,0.6311534063472928,1.0518377784334867
Exide Industries Limited (BSE:500086),BSE:500086,4,1993.3,2025.2354110477993,2.468,97.072,161.772,31.935411047799377,20.277721261444558,22.538444142921755,1.3273269177138547,12.519072590113241,820.5978164699349,10.835930503198497,2.468,10.835930503198497,139.7,1,41.1,0.10602438065277231,0.06362039585791061,65.54781199351702,39.332252836304704,98.3,1993.3,31.935411047799377,0.020443485677018012,#DIV/0!,#DIV/0!
TVS Motor Company Limited (BSE:532343),BSE:532343,4,1748.3,1748.3,3.5,49,64.4,0,33.30095238095238,35.40502227622519,1.0598969384662018,27.147515527950308,499.5142857142857,18.32599580712788,3.5,18.32599580712788,72.3,1,19.8,0.03904213397999394,0.029705971506517128,18.400000000000002,14,52.5,1748.3,0,0.07621689641365899,#DIV/0!,#DIV/0!
Sogefi SpA (BIT:SO),BIT:SO,5,287,694.1,750.2116,52.8284,121.3284,502.7,12.478260869565217,8.648892905558066,0.43569141924549626,5.720837001064878,0.925205635316756,5.452474469756481,115.71159999999999,3.903824521934758,40.6,1,12.8,0.07615868432615655,0.0331607557592116,0.16172557182533567,0.07041799940176878,23,287,0,0.8362369337979094,0.31867233738340495,0.7488964811320019
ElringKlinger AG (DB:ZIL2),DB:ZIL2,4,1421.2,1914.3000000000002,1626.4,101.61999999999999,146.42000000000002,576.2,12.967153284671534,12.317733264599752,1.210739358674341,13.074033601966944,1.1770167240531235,7.99624060150376,208.29999999999998,6.245676998368679,161.3,1,46.8,0.09260641325659352,0.0642717095692872,0.09002705361534678,0.06248155435317264,109.6,1421.2,0,0.00615676892766676,0.27818739311905216,0.3755783498018682
Grammer AG (DB:GMM),DB:GMM,5,313.1,541.2663537958811,607.2,29.87999999999998,49.27999999999999,294.8663537958811,9.516717325227965,7.809825673534075,0.34550386428946833,10.98348932215668,0.8914136261460491,5.776588621087311,180.6,3.5376885869011834,48.6,1,16.3,0.03145665773011617,0.01907315204902335,0.08115942028985504,0.04920948616600787,32.9,313.1,76.86635379588108,0.16927499201533056,0.7461405297891324,1.0573999219399999
"H-One Co., Ltd. (JASDAQ:5989)",JASDAQ:5989,6,156,741.4366155504199,1164.7160000000001,0.5809999999999995,9.728,637.7366155504199,254.48613376835237,-39.028980052691004,0.47588999714404356,76.21675735510073,0.6365814632497706,4.8176518229397,28.116,4.537833499910764,9.63,1,6.4,0.00624390243902439,0.0003729139922978174,0.008352250677418356,0.0004988340505324898,0.613,156,6.736615550419882,0.10256410256410256,0.9752588843670251,1.5154553881114674
Tube Investments of India Limited (BSE:504973),BSE:504973,4,1146,4439.448805321371,3979.3,67.5,507.9,3293.4488053213704,16.977777777777778,16.977777777777778,2.8991372071582124,8.740793079979072,1.1156356156412863,8.34169260676695,0,8.34169260676695,162.1,1,52.6,0.3316789655847972,0.04408019329981062,0.1276355137838313,0.01696278239891438,67.5,1146,10.448805321370498,0.007853403141361256,0.7872271929529382,0.44754136240457815
Bosch Ltd (BSE:500530),BSE:500530,2,10290,10310.941874984785,1244.88,179.26,211.96,20.9418749847847,62.47723132969035,94.31714023831348,6.717225977188785,48.64569671157192,8.282679354624369,38.27372633624642,72.88000000000001,34.26700523424655,248.5,1,83.8,0.13808469055374592,0.11678175895765472,0.17026540710751237,0.14399781505044662,164.7,10290,3.341874984784698,0.023566569484936833,0.28997591725962735,0.25841858421613295
Immsi SpA (BIT:IMS),BIT:IMS,6,196.9,1284.2,1686.36,-28.160000000000007,66.33999999999999,1228.3,NA,-1.787255810979314,0.857619874449045,19.357853482062108,0.7615218577290733,9.037297677691766,94.86,7.300739056281979,NA,1,NA,0.04430345932950446,-0.01880593027915053,0.03933916838634692,-0.016698688299058333,NA,NA,0,0.3872524123920772,0.4308523092794366,14.09298913918598
Nokian Renkaat Oyj (HLSE:NRE1V),HLSE:NRE1V,4,4659.7,4819.578573287864,1625.5199999999998,336.02,307.12,387.77857328786445,13.786094674556212,13.905867587072484,3.242450600974074,15.692819006537718,2.964945724007004,11.821384776276341,57.32,11.308255685799775,293.4,1,-44.6,0.2066200215285253,0.22606297093649083,0.18893646340863235,0.20671538953688667,338,4659.7,58.378573287864484,1.4646865678047944,0.44170671996865063,0.49659874052522196
F-Tech Inc. (TSE:7212),TSE:7212,6,141.3,493.98747112436604,823.16,14.340000000000007,42.83999999999999,424.68747112436597,11.487804878048781,5.896868618107557,0.33682494962795995,11.53098672092358,0.6001111219257084,4.2365992377732935,78.16000000000001,3.430468549474764,42.6,1,18.2,0.029210418655393422,0.009777717168962231,0.05204334515768501,0.01742067155838477,12.3,141.3,2.7874711243659993,0.49539985845718326,0.4416479656381902,2.1691855547971377
Modine Manufacturing Company (NYSE:MOD),NYSE:MOD,5,428,559.8036055771114,654.94,13.439999999999998,45.53999999999999,192.50360557711144,32.42424242424243,28.92125984251969,0.3860714521221458,12.292569292426691,0.8547402900679625,5.83128755809491,188.64000000000001,3.520777393566738,29.2,1,15.6,0.031406896551724135,0.009268965517241377,0.06953308700033589,0.020520963752404794,13.2,428,41.00360557711146,0.677570093457944,0.6080481851069053,19.818607322655936
Gentex Corp. (NasdaqGS:GNTX),NasdaqGS:GNTX,4,4668.2,4358.535915452891,1589.7800000000002,300.56,423.16,260.2359154528903,15.819044391731614,14.208500901400638,3.0069237084876788,10.29997144213274,2.7415968973398144,8.75383795029703,254.98,7.446669939266856,426.9,1,131.8,0.291935150051742,0.2073542600896861,0.2661751940520072,0.1890576054548428,295.1,4668.2,2.535915452890305,1.413821173043143,0.49008950124701767,0.48299783779880995
Xinyi Glass Holdings Ltd. (SEHK:868),SEHK:868,4,1943.2,2591.2579101908705,2326.5,199.5,150.1,801.5579101908705,9.740350877192983,9.315531959192171,1.808148705736425,17.263543705468823,1.1138009500068216,10.761037833018564,0,10.761037833018564,232.4,1,32.6,0.10473798060149327,0.13920870839438979,0.06451751558134537,0.08575112830431979,199.5,1943.2,1.057910190870538,0.7873610539316591,0.5385380526096679,0.795635526560701
Piaggio & C. SpA (BIT:PIA),BIT:PIA,4,981.4,1819.850243828843,1429.1399999999999,12.339999999999996,67.44,972.8502438288433,61.3375,56.504336224149434,1.2781642392392494,26.984730780380236,1.2733883621120696,12.346338153519966,151.44,9.181888213061772,26.4,1,10.4,0.04736620311841551,0.0086669476050007,0.047189218690961,0.008634563443749386,16,981.4,17.25024382884326,0.7183615243529652,0.2629945760025518,0.5599864449498834
"Shanghai Jiao Yun Group Co., Ltd. (SHSE:600676)",SHSE:600676,4,1845.6,1813.9999999999998,649.66,50.599999999999994,56.3,184.1,34.561797752808985,35.81410678971655,1.2831576713588453,32.2202486678508,2.7922297817319826,17.714843749999996,40.160000000000004,15.898334794040313,76.4,1,16.4,0.03982457381339746,0.03579260097616184,0.08666071483545239,0.07788689468337284,53.4,1845.6,0,9.062093628088427,0.5422899742826875,0.4930163932571996
Tan Chong Motor Holdings Bhd (KLSE:TCHONG),KLSE:TCHONG,5,394.4,718.9,1061.4,13.5,31.4,409.1,29.21481481481481,29.874638379942134,0.5174175903267597,22.894904458598727,0.6773129828528358,11.357030015797788,0,11.357030015797788,24.4,1,11.1,0.022599683316539512,0.009716424355837052,0.02958356887130205,0.012719050310910118,13.5,394.4,0,0.041835699797160245,0.4163570445426172,0.4329802803060981
"TPR Co., Ltd. (TSE:6463)",TSE:6463,4,888.3,1074.3602866827182,1068.4999999999998,99.64000000000001,162.94,356.7602866827183,8.769002961500494,7.338924115361014,0.7735332181458119,6.59359449295887,1.0054845921223383,4.428525501577569,95.60000000000001,3.919592435909223,192.5,1,49.7,0.1173158614731082,0.07174022607819137,0.15249415067852132,0.09325222274216194,101.3,888.3,1.4602866827182892,0.9146684678599573,0.6057151675297852,0.660087112971271
"Musashi Seimitsu Industry Co., Ltd. (TSE:7220)",TSE:7220,4,647.5,1025.386676073546,1082.92,53.400000000000006,100,464.38667607354597,12.286527514231498,12.036043767431881,0.7815447226170319,10.253866760735459,0.9468720460177537,5.231564673844622,44.519999999999996,4.850457313498325,93.9,1,30.6,0.07621951219512195,0.04070121951219512,0.09234292468511061,0.04931112178184908,52.7,647.5,4.2866760735459515,1.16988416988417,0.5386659382183675,0.7469803680447673
Drew Industries Incorporated (NYSE:DW),NYSE:DW,4,1420.1,1519.6286951001662,479.2,68.4,106.1,111.32869510016616,20.761695906432745,20.589181286549707,1.1625066516984135,14.322607870878098,3.171178412145589,10.57500831663303,15,10.219426328851151,104.7,1,36.3,0.08116585067319461,0.05232558139534884,0.22141068447412354,0.14273789649415694,68.4,1420.1,31.328695100166165,0.9224702485740441,0.40594702168590674,0.7764118351220232
U-Shin Ltd. (TSE:6985),TSE:6985,6,181.8,498.2000000000001,772.1599999999999,9.270000000000003,35.46000000000001,495.1,30.249584026622298,1.597938144329909,0.38179170817687186,14.049633389734913,0.6452030667219232,4.83220174587779,145.56,3.2754766600920453,16,1,9.99,0.02717449612997165,0.007103992643114417,0.045923124740986344,0.012005283878988818,6.01,181.8,0,1.4713971397139713,0.6662175304924599,3.7405558956363323
FCC Co. Ltd. (TSE:7296),TSE:7296,4,910.4,894.2,1006.8000000000001,43.64,57.64,157.8,15.378378378378377,14.186091311885955,0.68800492421328,15.51353226925746,0.888160508541915,5.357699221090473,59.60000000000001,5.012331838565022,96.6,1,30.9,0.04434869585288913,0.03357697930291606,0.057250695272149384,0.04334525228446563,59.2,910.4,0,2.3396309314586996,0.3349103762208624,0.5040313556763252
Yorozu Corporation (TSE:7294),TSE:7294,4,523,537,924.3799999999999,83.56,97.25999999999999,157.2,9.372759856630825,7.095086867177285,0.41999061473486626,5.521283158544109,0.5809299205954263,3.795053003533569,107.47999999999999,2.807109252483011,99,1,37.8,0.07606757390896293,0.06535272954794306,0.1052164694173392,0.09039572470196242,55.8,523,0,1.132887189292543,0.461863781399366,0.37703262184394665
Ningbo Joyson Electronic Corp. (SHSE:600699),SHSE:600699,4,2846.3,3143.2000000000003,906.3399999999999,66.3,92.00000000000001,386.5,46.58428805237316,46.32330700722568,2.5669252756227032,34.165217391304346,3.4680142110024943,21.166329966329968,188.04000000000002,14.896682464454978,83,1,19.8,0.07513270722743978,0.054144548795426704,0.10150716066818194,0.07315135600326589,61.1,2846.3,0,6.499666233355584,1.5177905356151498,3.526277902270212
Bharat Forge Limited (BSE:500493),BSE:500493,4,3401.7,3401.7,13.04,125.3588,188.7588,0,27.8827868852459,30.27770360480641,2.788964499467082,18.021411452075345,260.8665644171779,13.975760065735415,13.04,13.648290804044294,179.5,1,57.4,0.15475838320898583,0.10277838812822825,14.47536809815951,9.613404907975461,122,3401.7,0,0.08672134520974807,0.10243526116470582,0.603157143300425
"Aeolus Tyre Co.,Ltd. (SHSE:600469)",SHSE:600469,4,802.4,957.5,785.3200000000002,35.11999999999999,63.019999999999996,341.6,16.964059196617338,14.326587578506631,0.7945398722097752,15.193589336718503,1.2192482045535575,7.703137570394207,165.42000000000002,5.622431004110393,59.5,1,12.2,0.05229441540121152,0.029142809725333993,0.08024754240309681,0.0447206234401263,47.3,802.4,0,7.602193419740778,0.566483955614114,0.8399826686907699
China Motor Corporation (TSEC:2204),TSEC:2204,4,1009,611.2,1469.8000000000002,100.50000000000001,78.2,27.2,10.59873949579832,6.543417366946779,0.5245901639344263,7.8158567774936065,0.4158388896448496,6.155085599194361,203.60000000000002,3.5974102413184235,118.8,1,14.8,0.06711870225731698,0.08625869024118103,0.05320451762144509,0.068376649884338,95.2,1009,0,0.2001982160555005,1.2125468853071966,1.4256469723120415
Eagle Industry Co. Ltd. (TSE:6486),TSE:6486,4,933,1040.6999999999998,786.066,85.578,128.478,280.1,11.041420118343195,9.337097962190033,0.897464642980338,8.100219492831455,1.323934631443161,5.759269507470946,34.565999999999995,5.3950233281493,148.5,1,55.7,0.11079510175922734,0.07379958606416007,0.1634442909374022,0.10886872094709604,84.5,933,0,0.6404072883172561,0.41659955919506764,0.5491870285686613
Ahresty Corporation (TSE:5852),TSE:5852,6,183.5,512.1,855.8000000000001,9.288,22.728,392,18.801229508196723,14.112808460634547,0.4421897936274934,22.53167898627244,0.5983874737088104,3.853273137697517,11.499999999999998,3.75,16.1,1,6.3,0.019625248251446337,0.008020032812365081,0.02655760691750409,0.010853003038093011,9.76,183.5,0,0.8787465940054496,1.0320074685094902,2.6225565205081898
Saf-Holland SA (DB:SFQ),DB:SFQ,4,687.4,888.4518517296613,559.72,49.66,81.75999999999999,229.1518517296613,13.611881188118812,13.102667037640606,0.7695555233691306,10.86658331371895,1.5873148212135733,8.437339522598872,70.22,6.908645814383059,77.3,1,26.6,0.07081853616284105,0.043014291901255955,0.14607303651825912,0.08872293289501892,50.5,687.4,14.651851729661292,0.022185045097468725,0.5883140652357072,17.50093865477295
DaikyoNishikawa Corporation (TSE:4246),TSE:4246,4,928.1,949.5943875880656,415.208,66.36399999999999,113.16399999999999,229.09438758806553,13.790490341753344,10.849433058772156,0.8252319349857179,8.391311614895777,2.2870329752511163,5.20325691829077,23.208000000000002,5.002340976600461,101.8,1,35.4,0.09834361692882591,0.05767272095246371,0.2725477351110768,0.15983314387006028,67.3,928.1,0.49438758806554944,2.391983622454477,#DIV/0!,#DIV/0!
"Remy International, Inc. (NasdaqGS:REMY)",NasdaqGS:REMY,4,937.8,1209.2433239458676,872.7800000000001,11.819999999999997,58.92,373.8433239458678,80.15384615384616,71.40170940170941,1.0526143140197315,20.523478003154576,1.3855076009370833,9.366718233507882,49.98,8.293849958476459,12.5,1,0.81,0.0512883008356546,0.010288997214484678,0.06750842136620912,0.01354293178120488,11.7,937.8,24.343323945867755,2.9323949669439116,0.7572604943974051,3.4647071181395206
"Sanyang Motor Co., Ltd. (TSEC:2206)",TSEC:2206,4,637.2,1004.9,959.0799999999999,-8.012999999999998,-22.259999999999998,480.8,NA,-41.09621265584568,0.879562363238512,NA,1.0477749509947034,57.09659090909091,65.58,28.227528089887638,0.892,1,3.76,-0.0194835886214442,-0.007013566739606125,-0.023209742670058806,-0.008354881761688283,NA,NA,0,0.45511613308223475,2.3211873255522533,1.2616558923616898
JK Tyre & Industries Limited (BSE:530007),BSE:530007,5,358.7,826.0999999999999,687.5,61.6,137.3,467.4,5.823051948051948,5.823051948051948,0.726816822101003,6.016751638747268,1.2015999999999998,5.000605326876513,0,5.000605326876513,92.8,1,31.2,0.1207988738342425,0.054196727080767206,0.19970909090909092,0.0896,61.6,358.7,0,0.24184555338723168,0.5804784093050069,0.6667670967057645
Lingyun Industrial Corporation Limited (SHSE:600480),SHSE:600480,4,874.4,1232.2,961.0799999999999,17.400000000000006,74.7,484.4,34.976,41.89355742296918,1.094413358202327,16.495314591700133,1.2820993049485996,10.677642980935875,104.08,8.348238482384822,65.7,1,14.7,0.06634692246203037,0.0154543032240874,0.0777250593082782,0.01810463228867525,25,874.4,0,20.09949679780421,0.47234862542033607,0.5748861700085487
Minth Group Ltd. (SEHK:425),SEHK:425,4,2164.7,2133.3255821287366,1527.48,193.2,167.3,477.2255821287369,11.39915745129015,9.834323040380047,1.8991592469765306,12.751497801128131,1.396630778883348,10.10097340023076,146.38,8.164277007764014,230.1,1,34.9,0.14893617021276598,0.1719932342206,0.10952680231492393,0.12648283447246444,189.9,2164.7,2.025582128736909,0.16630479974130366,0.5391834685842762,0.5518479195768089
"Yutaka Giken Co., Ltd. (JASDAQ:7229)",JASDAQ:7229,5,300.8,317.30000000000007,758.94,60.639999999999986,96.44,202.4,4.71473354231975,1.8619348565872633,0.2830760995628513,3.290128577353796,0.4180831159248426,1.823563218390805,73.74,1.6073961499493417,106.3,1,30.4,0.08603800517441341,0.05409938442323132,0.12707196879858748,0.0799009144332885,63.8,300.8,0,0.08809840425531915,0.38131048439516857,0.5676933954279462
Kongsberg Automotive ASA (OB:KOA),OB:KOA,6,238,520.7459728785569,657.0799999999999,-16.080000000000013,35.019999999999996,342.34597287855695,NA,-10.47993890618575,0.4652009763074476,14.869959248388264,0.7925153297597811,5.1559007215698704,165.88000000000002,3.3253254973087927,NA,1,NA,0.03128461675897802,-0.014364838306235493,0.05329640226456444,-0.024471906008400827,NA,NA,29.245972878556934,0.6271008403361344,1.311324603325055,6.132699271619447
China XD Plastics Company Ltd. (NasdaqGM:CXDC),NasdaqGM:CXDC,6,233.5,681.2528407399951,1195.6799999999998,120.54000000000002,169.44,500.4528407399951,1.7989214175654853,1.501536417241093,0.6136307338677671,4.020614027030189,0.5697618432523712,3.3542729726242992,78.28,3.0549454741703816,144.6,1,14.8,0.15262114934246082,0.10857503152585121,0.1417101565636291,0.10081292653552792,129.8,233.5,3.852840739995098,0.027837259100642397,1.052409515631147,1.0507769914754874
Yulon Nissan Motor Co. Ltd. (TSEC:2227),TSEC:2227,4,2357.1,2029.2841603384156,367.6599999999999,208.44,38.14,117.48416033841535,11.288793103448274,9.670207384926655,1.8680697416352903,53.20619193336171,5.519458631176675,39.02469539112338,57.260000000000005,28.54126807789614,251.9,1,43,0.03511000644389211,0.19188069594034798,0.1037371484523745,0.5669368438230975,208.8,2357.1,0.18416033841534848,0.22803444911119597,1.3066119860813636,0.7273628564173512
Shiloh Industries Inc. (NasdaqGS:SHLO),NasdaqGS:SHLO,6,128.5,418.61550565005354,405.68640000000005,12.222600000000002,28.7226,296.7555056500535,10.889830508474576,10.361363829606326,0.38685473214125643,14.57442939183965,1.0318697044072798,6.8513176047471935,1.1263999999999998,6.787002150651818,16.2,1,4.38,0.026543387856944833,0.011295259218186861,0.07080000709907948,0.0301281975437185,11.8,128.5,32.15550565005349,0.7529182879377432,0.7989339591366261,1.1922993603659557
KTM  AG (WBAG:KTM),WBAG:KTM,4,1458.9,1665.159691239435,719.72,76.06,106.75999999999999,291.4596912394349,20.432773109243698,19.562802620336086,1.5419573027497313,15.59722453390254,2.313621535096197,13.374776636461325,181.82,8.88085168661032,94.5,1,22.9,0.09886100564867116,0.07043244744883785,0.14833546379147444,0.10567998666147946,71.4,1458.9,54.05969123943489,0.005826307491945987,1.092926580564219,2.7031382858632447
"Sanoh Industrial Co., Ltd. (TSE:6584)",TSE:6584,6,242.3,345.6,531.5,14.619999999999997,50.720000000000006,198.4,18.49618320610687,12.613538988860327,0.32326255729117953,6.813880126182965,0.6502351834430856,3.5050709939148077,69.4,2.8143322475570036,40.9,1,24.6,0.04744177345430737,0.013675053783556261,0.09542803386641581,0.027507055503292563,13.1,242.3,0,0.3497730086669418,0.4836235017147903,0.5507708177958084
"Yachiyo Industry Co., Ltd. (JASDAQ:7298)",JASDAQ:7298,6,208,254.90000000000003,686,66.1,116.69999999999999,210.1,2.7807486631016043,0.6309859154929579,0.2394551432597464,2.1842330762639253,0.3715743440233237,1.2899797570850204,104.3,1.108742931709439,126.2,1,40.9,0.10962893377172381,0.062094880225457956,0.17011661807580172,0.09635568513119533,74.8,208,0,0.1622596153846154,0.4402820951260526,1.9862332302731907
SHIROKI Corporation (TSE:7243),TSE:7243,6,248.2,221.6741361300976,407.86,9.52,11.719999999999995,84.57413613009759,20.683333333333334,12.520547945205479,0.2119255603538218,18.914175437721646,0.5435054580740881,3.835192666610685,73.36,2.723269485627734,19.8,1,8.13,0.01120458891013384,0.009101338432122371,0.028735350365321422,0.023341342617564848,12,248.2,0.27413613009759374,0.4512489927477841,0.8275175753436125,1.1469927109728617
"Nihon Plast Co., Ltd. (TSE:7291)",TSE:7291,6,107.8,342.4548944499959,464.62000000000006,22.22,26.020000000000003,317.05489444999586,4.791111111111111,1.201513718070009,0.3276766763467572,13.16121808032267,0.7370644708578964,6.09350345996434,45.92,4.782889587290445,29.6,1,6.74,0.024897139029757924,0.02126112333747967,0.05600275493952047,0.047824028238130076,22.5,107.8,8.954894449995821,0.45454545454545453,0.6520916510871697,4.354010553487329
Tupy S.A. (BOVESPA:TUPY3),BOVESPA:TUPY3,4,783.3,1093.6000000000001,1030.3,50.7,110.3,750.1,15.449704142011832,17.525510204081627,1.0464070423882885,9.914777878513148,1.0614384159953414,5.780126849894293,0,5.780126849894293,93,1,42.2,0.10554013969955028,0.048512104104870356,0.10705619722410949,0.049208968261671364,50.7,783.3,0,0.539384654666156,0.4820247324818446,0.9778739049992572
Kenda Rubber Industrial Co. Ltd. (TSEC:2106),TSEC:2106,4,1347.1,1305.1,654.38,116.75999999999999,137.76,347.4,12.542830540037242,9.382776525913588,1.255024521588614,9.473722415795587,1.9944069195268803,7.957926829268292,75.58000000000001,6.723853683668212,135.4,1,27.9,0.13247427637272813,0.11228002692566591,0.21051988141446865,0.1784284360768972,107.4,1347.1,0,0.6848043946254918,0.727321458868274,0.7648653116394578
Topre Corporation (TSE:5975),TSE:5975,4,1061.2,1001.8,841.716,91.134,111.434,94.1,11.497291440953413,10.448946701968458,0.9713953262872104,8.990074842507672,1.1901876642477984,5.7115165336374,26.316000000000003,5.452566265715996,149.2,1,52.1,0.1080519732376612,0.08836807912343644,0.13238907184846194,0.10827167358111286,92.3,1061.2,0,1.1449302676215605,0.3291792283489639,0.6065442601770596
"Loncin Motor Co., Ltd. (SHSE:603766)",SHSE:603766,4,2170.6,1968.46,581.0799999999999,99.42000000000002,92.82,1.96,20.992263056092842,20.960349605627798,1.9114973781316762,21.20728291316527,3.3875886280718666,16.08218954248366,85.82,13.264555256064689,126.3,1,18,0.09013400660322392,0.09654301806175958,0.15973704137123976,0.17109520203758524,103.4,2170.6,0,7.037224730489266,0.263548975194452,0.29213586598966423
Oriental Holdings Bhd (KLSE:ORIENT),KLSE:ORIENT,4,1049.6,608.5592344785152,1174.2712,85.9548,97.2548,215.6592344785154,12.204651162790697,4.568604651162789,0.606436706007489,6.257369656598082,0.5182441964671494,4.884103005445548,0.47120000000000006,4.878621408357506,117.2,1,17.3,0.09691559541604385,0.08565500747384155,0.08282141297512875,0.07319842298780725,86,1049.6,2.159234478515415,0.0023818597560975614,0.23507302138968195,0.17729228945859118
Standard Motor Products Inc. (NYSE:SMP),NYSE:SMP,4,823.1,883.8343811517926,427.00000000000006,43,96.1,73.43438115179268,19.14186046511628,18.97714499812664,0.909201091607646,9.197027899602421,2.069869745086165,7.821543196033563,0,7.821543196033563,80.6,1,28.1,0.09885814216644377,0.04423413229091657,0.22505854800936764,0.10070257611241216,43,823.1,20.33438115179267,0.6347952861134735,0.6099317371414522,1.3215127866402459
"Winnebago Industries, Inc. (NYSE:WGO)",NYSE:WGO,4,535.7,487.65528852045423,174.40000000000003,42.599999999999994,61.4,1.1552885204541965,12.634433962264152,11.487332058274895,0.5020128562080032,7.942268542678408,2.796188580965907,7.433769642080096,12.8,6.976470508161006,60.8,1,18.4,0.06320774140415894,0.043854231006794316,0.35206422018348615,0.24426605504587148,42.4,535.7,1.1552885204541965,4.414784394250513,1.6402395977156512,1.8773326777400396
Indus Motor Company Limited (KASE:INDU),KASE:INDU,4,771.3,528.8319692673576,-7.939599999999994,89.4916,110.7916,1.6319692673577058,8.62751677852349,7.915915915915914,0.5580751047566036,4.773213576366418,NA,4.200412782107685,0.1604,4.196213235898605,138.8,1,49.3,0.1169181089067117,0.09444027015618404,NA,NA,89.4,771.3,1.6319692673577058,0.0025930247633864905,0.33710326094142495,0.30860104642330916
"Imasen Electric Industrial Co., Ltd. (TSE:7266)",TSE:7266,6,195.1,189.1470232270759,387.2,2.6800000000000006,21.3,79.64702322707586,72.79850746268656,322.0588235294115,0.20320909242272872,8.880141935543469,0.48849954345835717,2.656559314987021,6.3,2.579394834679884,17.4,1,14,0.02288354103996562,0.002879243661366567,0.0550103305785124,0.006921487603305787,2.68,195.1,0.9470232270758584,0.6752947206560739,0.5266884736380877,0.5879496285591642
Qingling Motors Co. Ltd. (SEHK:1122),SEHK:1122,4,810.3,640.9190006233284,1066.486,75.27,61.76999999999999,10.719000623328476,10.689973614775726,8.336750757345255,0.6918382994638692,10.375894457233747,0.6009633512519886,6.876813311409103,11.986,6.604008249596378,89.3,1,12.7,0.06667746113989637,0.08125,0.05791918506196986,0.07057757907745624,75.8,810.3,10.719000623328476,0.04597062816240899,0.6770949362501243,0.5864313970236464
"Zhejiang Wanfeng Auto Wheel Co., Ltd. (SZSE:002085)",SZSE:002085,4,3774.8,3846.4,618.22,84.12,121.21999999999998,193.7,47.24405506883605,47.81646812410002,4.177690887368307,31.73073750206237,6.221733363527547,26.25529010238908,111.11999999999999,20.825121819166217,111.8,1,16.9,0.1316606929510155,0.09136526555881394,0.19607906570476527,0.1360680663841351,79.9,3774.8,0,6.569884497191904,0.8208690946561827,0.8513643383304819
CEAT Limited (BSE:500878),BSE:500878,4,758,880.0482275453617,391.5846,60.7672,108.8672,122.04822754536174,12.487644151565073,13.008409129912476,0.9647535930117974,8.083685697302418,2.2474025473559522,7.149051401668251,0.2846,7.142147132709742,90.2,1,30,0.11934575750931813,0.06661609296206972,0.2780170619580034,0.15518281362443773,60.7,758,0.24822754536174932,0.7091029023746702,0.6480556601166394,0.861574688241093
Mahindra CIE Automotive Limited (BSE:532756),BSE:532756,4,1325.4,1334.3065192028264,0,-12.5,32.8,8.906519202826338,NA,-100.09817989577827,1.4975381809234865,40.68007680496422,NA,18.953217602312872,0,18.953217602312872,NA,1,NA,0.03681257014590347,-0.014029180695847363,NA,NA,NA,NA,8.906519202826338,0.02904783461596499,0.010247924365022325,0.33021538352948093
Astra Otoparts tbk PT (JKSE:AUTO),JKSE:AUTO,4,576.6,634.5,817.336,43.352000000000004,24.851999999999997,134.4,13.503512880562061,12.702565405130809,0.7198774676650783,25.53114437469822,0.7763025242984525,11.19047619047619,6.835999999999999,10.710668467251857,50.5,1,7.44,0.028196051735874743,0.049185386884501935,0.030406099816966334,0.053040609981696636,42.7,576.6,0,0.06720430107526881,0.31163567750403953,0.4655651116334677
MGI Coutier SA (ENXTPA:MGIC),ENXTPA:MGIC,5,462.9,462.9,139,50.879999999999995,72.77999999999999,0,8.95357833655706,9.097519751582091,0.5412136092599088,6.360263808738665,3.3302158273381295,4.7820247933884295,139,3.2461430575035064,69.1,1,17.4,0.08509294984216063,0.059487898982813044,0.5235971223021582,0.3660431654676259,51.7,462.9,0,0.19982717649600346,0.6092082703185785,0.8503417934382616
"T. RAD Co., Ltd. (TSE:7236)",TSE:7236,6,139.3,206.9,502.61999999999995,0.6299999999999955,20.259999999999998,110.2,40.14409221902017,103.97849462365592,0.24278338418211687,10.212240868706813,0.4116429907285823,3.1348484848484848,68.62,2.353811149032992,17,1,13.4,0.023773762027693025,0.0007392630837831441,0.04030878198241216,0.0012534320162349202,3.47,139.3,0,0.4935391241923905,1.0190667108684146,2.1268436409090454
Kesoram Industries Ltd. (BSE:502937),BSE:502937,6,137.3,1006.4739692366721,873.5506,-141.44239999999996,-25.5424,869.1739692366722,NA,-0.9344585857210919,1.2523005714031008,NA,1.1521644759177911,41.418681861591445,1.9706000000000001,40.27990431971313,NA,1,NA,-0.03178101281572726,-0.17598905064078632,-0.029239748676264433,-0.161916665159408,NA,NA,0.4739692366721263,0.41150764748725416,1.818111382829222,18.039665199421634
Xingda International Holdings Ltd. (SEHK:1899),SEHK:1899,5,320.5,302.4,1163.744,45.754,57.054,113.8,7.300683371298406,4.382072074165292,0.35931558935361213,5.3002418761173615,0.2598509637858498,2.3533073929961086,27.644000000000002,2.1851289833080427,73.2,1,11.2,0.06779230038022814,0.05436549429657794,0.0490262463222152,0.03931620700085242,43.9,320.5,0,0.3868954758190328,0.3678576917027201,0.5403602849335607
Gentherm Incorporated (NasdaqGS:THRM),NasdaqGS:THRM,4,1755.3,1767.7275680878518,521.5,84.43999999999998,110.63999999999997,114.0275680878518,22.975130890052355,21.645287958115183,2.125950172084007,15.977291830150508,3.389698117138738,12.893709468182726,196.8,8.606268588548451,100.8,1,24.4,0.13306073361395065,0.10155141310883943,0.21215723873441988,0.1619175455417066,76.4,1755.3,14.5275680878518,1.3630148692531192,1.2795274810683426,1.2113086995638587
Mikuni Corporation (TSE:7247),TSE:7247,6,138.8,324.8,472.41999999999996,21.5,36.8,236,6.008658008658009,4.054794520547945,0.39561510353227775,8.82608695652174,0.6875238135557344,4.517385257301808,39.22,3.848341232227488,34.8,1,10.3,0.04482338611449452,0.026187576126674786,0.07789678675754626,0.04551035095889251,23.1,138.8,0,0.15129682997118155,1.0510108615632996,7.02647308006601
"Taiho Kogyo Co., Ltd. (TSE:6470)",TSE:6470,5,337.2,393.2010853434931,617.1,25.16,38.459999999999994,156.30108534349313,12.042857142857143,8.7047584052912,0.4789878003940713,10.223637164417399,0.6371756365961645,4.214373905074953,81.4,3.2876344928385715,43,1,14.8,0.04685101717626994,0.03064928736752345,0.06232377248420028,0.04077134986225895,28,337.2,0.30108534349313404,0.5916370106761566,0.6526143984502034,0.9590516662288354
Brilliance China Automotive Holdings Ltd. (SEHK:1114),SEHK:1114,3,6977.6,6946.155163000332,2793.3160000000003,593.8620000000001,-81.938,267.1551630003319,11.736921783010935,11.462158915393855,8.483335567904657,NA,2.4867058231150114,NA,17.516000000000002,NA,582.6,1,9.18,-0.10007083536883245,0.7252833414753299,-0.02933359491013548,0.21260108057949764,594.5,6977.6,8.555163000331913,1.6302166934189406,3.5096539935811437,1.7427533611138442
Miba Aktiengesellschaft (WBAG:MBV),WBAG:MBV,4,772.1,785.0501387812133,574.26,61.139999999999986,96.04,179.75013878121337,12.045241809672389,9.704986371653037,0.987857227609429,8.174199695764402,1.3670639410392735,5.333221051502808,95.16,4.410394038096704,91,1,23.6,0.12085063545992199,0.07693469233673082,0.16724131926305158,0.10646745376658655,64.1,772.1,30.050138781213363,0.14214479989638648,0.4890847413135349,0.532030676682607
Ichikoh Industries Ltd. (TSE:7244),TSE:7244,6,172.2,287.49999999999994,462.64,15.14,-2.1499999999999915,211.1,11.794520547945204,6.5243381725021345,0.3644776876267748,NA,0.6214335120179837,6.927710843373492,148.54000000000002,3.1249999999999996,20.1,1,6.3,-0.0027256592292089145,0.01919371196754564,-0.0046472419159605555,0.032725229119834,14.6,172.2,0,0.271486643437863,1.9750984901516864,6.19632193359702
Mahle Metal Leve S.A. (BOVESPA:LEVE3),BOVESPA:LEVE3,4,805.3,907.1999999999999,625.9,62.86,100.76,212.8,12.055389221556887,12.444444444444445,1.1908637437647676,9.003572846367605,1.4494328167438888,6.569152787834902,82,5.521606816798539,85.8,1,22.9,0.13226568653189816,0.08251509582567604,0.16098418277680143,0.10043137881450712,66.8,805.3,0,0.1875077610828263,0.3450748530483242,0.48406849546741004
"Dorman Products, Inc. (NasdaqGS:DORM)",NasdaqGS:DORM,4,1884.2,1828.8364564424187,483.56,89.14,140.04000000000002,11.83645644241879,21.48460661345496,20.718358038768528,2.409534198211355,13.059386292790762,3.7820259253089974,12.023908326380136,45.96,10.892414868626675,137.4,1,49.8,0.18450592885375497,0.11744400527009223,0.28960211762759536,0.18434113657043594,87.7,1884.2,11.83645644241879,0.8385521706825178,0.6138811633730313,0.666068858609859
"GuiZhou Tyre Co.,Ltd. (SZSE:000589)",SZSE:000589,4,744.2,1090.1999999999998,976.1519999999999,22.924,37.424,699.9,32.356521739130436,32.525000000000006,1.4399683000924577,29.131038905515172,1.1168342635163375,13.713207547169809,11.252,13.095495495495493,27.3,1,4.22,0.049430722493726056,0.030278695020472854,0.038338291577541206,0.023484047566362617,23,744.2,0,7.558452029024456,0.5049699406474137,0.7316386456316482
"Nishikawa Rubber Co., Ltd. (TSE:5161)",TSE:5161,5,296.9,187.776327449076,496.84999999999997,15.986,35.38600000000001,103.87632744907603,20.060810810810807,7.89275634995296,0.25610519292018,5.306514651248402,0.3779336368100554,2.4012318088117137,11.550000000000002,2.271121522122351,33.2,1,14.6,0.04826241134751774,0.021803055100927442,0.07122069034919998,0.03217470061386737,14.8,296.9,0.37632744907602556,0.017682721455035365,0.6502873367273985,0.6613199556208521
"Superior Industries International, Inc. (NYSE:SUP)",NYSE:SUP,4,520.3,465.85104169542313,388.44,9.57,29.560000000000002,2.8510416954231563,53.03771661569826,50.14621466478933,0.6462972276573573,15.759507499845165,1.1992869984950651,7.5748136861044415,13.440000000000001,7.069059813284114,13.3,1,3.48,0.04100998890122087,0.013276914539400667,0.07609926887035322,0.024637009576768613,9.81,520.3,2.8510416954231563,0.8937151643282722,1.5192187393682397,8.54507715044159
Sollers OJSC (MICEX:SVAV),MICEX:SVAV,6,244.5,369.20000000000005,387.22,-54.50000000000001,28.9,143.1,NA,-4.210428305400372,0.5127777777777779,12.775086505190314,0.953463147564692,7.991341991341992,6.92,7.651813471502591,NA,1,NA,0.040138888888888884,-0.07569444444444445,0.07463457466039976,-0.1407468622488508,NA,NA,0,0.04294478527607362,0.665256783893484,3.1493153473864703
Chongqing Zongshen Power Machinery Co. Ltd. (SZSE:001696),SZSE:001696,4,2120.3,2108.4,650.04,60.36,80.75999999999999,201.5,35.27953410981697,38.83706720977597,2.845344129554656,26.10698365527489,3.2434927081410376,22.818181818181817,37.64,20.080000000000002,81.2,1,11.7,0.10898785425101214,0.08145748987854251,0.1242385083994831,0.09285582425696881,60.1,2120.3,0,10.599915106352874,0.43709410981464375,0.4179679475377582
FAWER Automotive Parts Limited Company (SZSE:200030),SZSE:200030,4,1632.3,1539.5,763.82,92.62,25.720000000000006,46.9,17.25475687103594,15.943004240501597,2.040694591728526,59.85614307931569,2.0155272184546096,27.990909090909092,61.92,20.804054054054053,105.4,1,4.59,0.034093319194061514,0.12277306468716861,0.033672854861092935,0.12125893535126077,94.6,1632.3,0,0.014703179562580408,1.4023467366972644,1.2489096872774852
Daido Metal Co. Ltd. (TSE:7245),TSE:7245,5,368.4,523.3173530879218,628,36.44,60.34,254.61735308792188,10.204986149584487,7.652872319216199,0.7501682240365851,8.672809961682495,0.833307887082678,4.783522423107146,37.1,4.285973407763487,68.3,1,22.2,0.08649655963302752,0.05223623853211009,0.09608280254777071,0.05802547770700637,36.1,368.4,0.11735308792189778,0.6148208469055375,0.998559905543718,2.2698541259823135
Stoneridge Inc. (NYSE:SRI),NYSE:SRI,5,350,470.38948614311926,387.32,-31.759999999999998,10.840000000000003,143.2894861431192,NA,-18.798850574712645,0.7070336481934756,43.39386403534309,1.2144724933985316,9.351679644992432,174.12,4.589165718469456,NA,1,NA,0.016293401473019695,-0.047737862618367655,0.02798719405143035,-0.08199938035732728,NA,NA,15.689486143119222,0.2857142857142857,0.6133183518338526,6.547050031589947
"Faltec Co., Ltd. (TSE:7215)",TSE:7215,6,111,183.4116815322511,266.78,19.679999999999996,26.580000000000002,106.91168153225111,5.663265306122448,3.9912349350446075,0.2775180534608127,6.900364241243457,0.6875016175584793,3.346928495114071,47.78,2.5832631201725507,27.6,1,9.34,0.04021788470267817,0.0297775760326827,0.09963265612114854,0.0737686483244621,19.6,111,0.9116815322511056,0.21621621621621623,0.598431239860529,0.8113212377059204
Brisa Bridgestone Sabanci Lastik Sanayi ve Ticaret AS (IBSE:BRISA),IBSE:BRISA,4,910.5,1306.86,612.848,62.312,85.012,398.6,14.498407643312103,15.470277635837167,2.024570100697134,15.372653272479178,2.1324374069916194,10.463250600480382,18.288000000000004,9.985940246045693,64.9,1,2.14,0.13169945778466305,0.09653292021688613,0.13871628854136753,0.10167610892097224,62.8,910.5,0,0.2600219659527732,0.490564377383401,0.4222920521263345
Kinugawa Rubber Industrial Co. Ltd. (TSE:5196),TSE:5196,5,385,421.10108534349314,377.68999999999994,37.967999999999996,59.967999999999996,98.90108534349312,9.871794871794872,8.451147540983607,0.6617964566140078,7.022096540546511,1.1149384027734206,5.218105146759518,27.19,4.710829906516312,63.7,1,23.5,0.09424485305673425,0.059669966996699665,0.1587757155339035,0.1005268871296566,39,385,0.30108534349313404,1.12987012987013,0.6973069712168349,0.9224007557492929
Pak Suzuki Motor Co. Ltd. (KASE:PSMC),KASE:PSMC,5,346.5,201.4,63.900000000000006,32.5,41.4,0,10.661538461538461,6.684367739794226,0.3177658567371411,4.8647342995169085,3.1517996870109544,3.8216318785578745,0,3.8216318785578745,47.3,1,14.8,0.06532029031240139,0.051278005680025246,0.6478873239436619,0.5086071987480437,32.5,346.5,0,0.1782106782106782,1.1564523848459605,0.9036868119753516
Polytec Holding AG (WBAG:PYT),WBAG:PYT,6,173.5,311.09999999999997,337.94,20.479999999999997,29.88,190.7,8.301435406698564,6.040840901108827,0.494280266920877,10.41164658634538,0.9205776173285197,5.971209213051822,32.44,4.953821656050955,29.7,1,8.2,0.04747378455672069,0.032538925961232916,0.08841806237793691,0.060602473811919265,20.9,173.5,0,0.6685878962536023,0.835471915746218,4.639909818525417
"TYC Brother Industrial Co., Ltd. (TSEC:1522)",TSEC:1522,6,205.9,403.50000000000006,450.76000000000005,19.939999999999998,37.84,218.8,11.375690607734805,10.452153245430365,0.6437460114869178,10.663319238900634,0.8951548495873636,4.797859690844234,57.35999999999999,3.8872832369942203,34.1,1,8.71,0.060370134014039574,0.03181238034460753,0.08394711154494632,0.044236400745407745,18.1,205.9,0,1.8091306459446332,0.727757547665248,1.9269900078694449
Metair Investments Ltd. (JSE:MTA),JSE:MTA,5,436.5,579.8882372146963,467,48.3,65.2,179.68823721469636,9.037267080745343,8.76094570928196,0.9285640307681287,8.893991368323563,1.241730700673868,6.7664905159241115,0,6.7664905159241115,67.5,1,16.7,0.1044035228182546,0.07734187349879904,0.13961456102783726,0.10342612419700213,48.3,436.5,4.688237214696344,0.41237113402061853,0.3469883032767483,0.5881173349441632
Giti Tire Corporation (SHSE:600182),SHSE:600182,4,796.2,846.7,380.39880000000005,34.7548,102.7548,78.8,23.280701754385966,22.704157057536516,1.368293471234648,8.24000435989365,2.2258219531712506,6.488122605363985,1.2988000000000002,6.456557214537358,91.9,1,23.3,0.16605494505494509,0.056164835164835177,0.2701238805169732,0.09136411576482364,34.2,796.2,0,3.9248932429037926,0.7114578430840962,0.9029547890424484
Balkrishna Industries Ltd. (BSE:502355),BSE:502355,4,987.8,988.1233781676465,4.5902,76.57939999999999,78.57939999999999,0.32337816764657557,13.066137566137566,13.355868036776636,1.618547711986317,12.57483994746265,215.26804456617282,8.474471510871753,4.5902,8.340001503778247,114.1,1,38.5,0.1287131859131859,0.12543718263718262,17.118949065400198,16.6832382031284,75.6,987.8,0.32337816764657557,0.0010123506782749544,#DIV/0!,#DIV/0!
Riken Corporation (TSE:6462),TSE:6462,5,358.6,357.8,592.86,31.24,45.14,65.4,11,9.188322911102034,0.6057220247164381,7.92645104120514,0.6035151637823433,4.546378653113088,39.46,3.914660831509847,53.1,1,19.1,0.07641780937870322,0.05288640595903165,0.07613939209931518,0.05269372195796646,32.6,358.6,0,0.44269380925822643,0.5324713149670923,0.4905050634147933
Horizon Global Corporation (NYSE:HZN),NYSE:HZN,6,166.4,419.456310131113,197.98000000000002,6.11,19.279999999999998,270.156310131113,28.542024013722127,25.60891938250429,0.7154294902458008,21.75603268314902,2.1186802208865188,11.336657030570622,2.68,11.067448816124354,10.1,1,4.23,0.032884188981749954,0.01042128603104213,0.09738357409839375,0.03086170320234367,5.83,166.4,59.75631013111301,0.8263221153846153,0.0744322927564787,0.3156425822294203
"Fukoku Co.,Ltd. (TSE:5185)",TSE:5185,6,139.3,147.0152580908094,332.18,22.720000000000002,27.720000000000002,83.2152580908094,6.136563876651983,2.8694791760367013,0.25264694636674584,5.303580739206688,0.44257709100731346,2.4625671371994873,36.980000000000004,2.036222411230047,34.3,1,10,0.04763705103969755,0.03904450936587043,0.08344873261484738,0.06839665241736409,22.7,139.3,3.015258090809402,0.34637473079684133,0.4454270394422435,0.8413861892173947
"Tianjin FAW Xiali Automobile Co., Ltd. (SZSE:000927)",SZSE:000927,4,1473.1,1785.6,596.46,-272.46,-311.65999999999997,386.9,NA,-3.9399999999999995,2.992458521870286,NA,2.993662609395433,NA,120.85999999999999,NA,NA,1,NA,-0.5223060164236634,-0.45661136249371537,-0.5225161787881836,-0.45679509103711896,NA,NA,0,5.362840268820855,0.7760722010695879,6.2358417853929735
RENK AG (DB:ZAR),DB:ZAR,4,776.9,686.3,320.21399999999994,64.95400000000001,88.254,0,11.771212121212121,10.721762224652396,1.2231331313491356,7.7764180660366655,2.1432541987545832,6.155156950672645,28.913999999999998,5.680821124079132,96.6,1,30.5,0.15728747103903049,0.11576189627517378,0.2756094361895483,0.20284559700700164,66,776.9,0,0.011906294246363754,0.3047445469691041,0.3402257487927102
Montupet SA (ENXTPA:MON),ENXTPA:MON,4,734.3,806.8,391.844,59.878,71.178,106.8,13.448717948717947,12.82051282051282,1.4443250984604368,11.334963050380736,2.0589826563632467,7.8558909444985385,29.444000000000003,7.089630931458699,66.6,1,11.4,0.12742212674543502,0.10719298245614034,0.18164881942813976,0.15281081246618552,54.6,734.3,0,1.2528939125697944,1.2060893402397315,1.8703577867439163
GMB Corporation (TSE:7214),TSE:7214,6,47.4,182.62225294430843,403.06800000000004,3.920000000000001,13.05,172.12225294430843,20.881057268722465,5.691056910569106,0.3361351977623936,13.994042371211373,0.45308050488827795,4.509191430723665,15.468000000000002,3.924828131190811,10.5,1,5.15,0.024019878520154615,0.007215166574636483,0.0323766709339367,0.009725406134944973,2.27,47.4,0.1222529443084227,0.12130801687763713,0.5535076874810205,0.6425256038105116
Spartan Motors Inc. (NasdaqGS:SPAR),NasdaqGS:SPAR,6,154.2,147.2468175971601,183.98999999999998,3.8420000000000005,7.0020000000000024,13.646817597160105,113.38235294117645,130.46875,0.2746117448660203,21.029251299223084,0.8002979379159743,12.270568133096674,33.76,6.034705639227873,0.326,1,-0.895,0.0130585602387169,0.0071652368519209255,0.03805641610957119,0.02088156965052449,1.36,154.2,8.416817597160104,0.2821011673151751,1.1683198225691436,1.4427979972537375
Univance Corporation (TSE:7254),TSE:7254,6,54.9,78.4,230.4,12.260000000000002,4.870000000000001,54.6,3.9214285714285713,1.7811704834605595,0.14703675918979744,16.098562628336754,0.3402777777777778,2.2790697674418605,35.300000000000004,1.7230769230769232,14.3,1,0.45,0.009133533383345837,0.02299324831207802,0.021137152777777782,0.05321180555555556,14,54.9,0,0.12750455373406194,1.5888843387072344,18.081181143440435
"Zhejiang Asia-Pacific Mechanical & Electronic Co., Ltd. (SZSE:002284)",SZSE:002284,4,1365.7,1330.5000000000002,430.7799999999999,30.459999999999994,35.260000000000005,43.9,45.67558528428094,48.459510357815454,2.4967160818164764,37.733976176971076,3.088583499698223,26.24260355029586,48.58,19.887892376681616,35.8,1,4.76,0.06616626008632015,0.05715894164008256,0.08185152514044294,0.07070894656205023,29.9,1365.7,0,5.418466720363184,0.5459959780363793,0.6018670665410515
SHW AG (DB:SW1),DB:SW1,6,159.1,173.9666088867896,160.20799999999997,13.462,18.862000000000002,16.136608886789627,10.897260273972602,10.815459466867676,0.34091046225120436,9.223126332668306,1.0858796619818587,4.360065385633825,26.278,3.60104758614758,19.8,1,5.26,0.03696257103664511,0.02638056045463453,0.11773444522121246,0.08402826325776493,14.6,159.1,5.036608886789629,0.2592708988057825,0.1424503184585831,0.7359849723984516
Sundram Fasteners Limited (BSE:500403),BSE:500403,4,502.2,502.2,5.3340000000000005,21.02,41.82,0,23.914285714285715,25.846628924343797,0.9946524064171123,12.00860832137733,94.15073115860517,8.37,5.3340000000000005,8.123584600452928,29.2,1,8.06,0.08282828282828283,0.04163200633788869,7.840269966254217,3.940757405324334,21,502.2,0,0.007467144563918757,#DIV/0!,#DIV/0!
Piolax Inc. (TSE:5988),TSE:5988,4,585.5,451.6763865993517,462.88800000000003,48.846,62.84599999999999,10.976386599351674,11.594059405940595,8.892251815980629,0.9189753542204511,7.187034761151891,0.9757789931891768,4.815313289971766,15.888000000000002,4.591607061089272,74.1,1,23.1,0.12786571719226855,0.09938148524923703,0.13576934377214356,0.10552444651838024,50.5,585.5,0.8763865993516735,0.30999146029035013,0.558061478130645,0.5557060842727708
Diamond Electric Mfg. Co. Ltd. (TSE:6895),TSE:6895,6,36.2,77.6,170.54,-15.719999999999999,14.68,79.3,NA,0.11159981618853776,0.16367854882936086,5.286103542234332,0.45502521402603496,2.3515151515151516,67.24000000000001,1.403254972875226,NA,1,NA,0.030963931659987343,-0.03315756169584475,0.08607951213791486,-0.09217778820218131,NA,NA,0,0.46961325966850825,0.8128431033570543,87.32597130319229
China Automotive Systems Inc. (NasdaqCM:CAAS),NasdaqCM:CAAS,6,186,160.5,359.4,32.58,36.480000000000004,45.4,5.830721003134797,4.037179936864258,0.34178023850085176,4.399671052631579,0.4465776293823039,3.116504854368932,70.9,2.120211360634082,38.5,1,4.74,0.07768313458262352,0.06937819420783645,0.10150250417362272,0.09065108514190318,31.9,186,0,0.11424731182795698,0.4916375527729423,1.2804565890275952
"Depo Auto Parts Industrial Co., Ltd. (TSEC:6605)",TSEC:6605,4,535.8,770.5,636.84,48.46,60.36000000000001,307.6,11.28,9.835961072627597,1.6491866438356164,12.765076209410203,1.2098800326612649,6.1492418196328815,73.53999999999999,5.116201859229748,59.7,1,12.6,0.12919520547945207,0.10372431506849315,0.09478047861315245,0.07609446642798819,47.5,535.8,0,0.42833146696528557,0.13485601660898483,0.5174445318246879
Atlas Honda Ltd. (KASE:ATLH),KASE:ATLH,5,331.7,295.70781216965105,49.00000000000001,24.3,28.4,0.40781216965105715,13.650205761316872,13.112788632326822,0.6330717451715929,10.41224690738208,6.034853309584714,8.473003214030117,0,8.473003214030117,33.6,1,9.23,0.06080068507814172,0.05202312138728324,0.5795918367346937,0.4959183673469387,24.3,331.7,0.40781216965105715,0.0037684654808561955,0.26840302178648895,0.41211683122403686
Firma Oponiarska Debica Spólka Akcyjna (WSE:DBC),WSE:DBC,5,297.8,282.793,249.093,20.3,25.8,0.393,14.669950738916256,15.101604278074868,0.6080262309180822,10.960968992248063,1.135290835149924,5.6558600000000006,0,5.6558600000000006,21.8,1,1.49,0.05547194151795313,0.043646527628467,0.10357577290409607,0.08149566627725388,20.3,297.8,0,0.014271323035594358,0.23017131669718727,0.23166775532322306
Xinchen China Power Holdings Limited (SEHK:1148),SEHK:1148,5,322.9,412.24423076923074,523.338,45.216,47.716,167.94423076923078,7.305429864253393,5.772684310018903,0.8903763083568699,8.639538745268478,0.7877208052333879,6.78033274291498,14.737999999999998,6.248018047426959,52,1,7.79,0.10305831533477322,0.09765874730021598,0.0911762570270074,0.08639922956101029,44.2,322.9,1.1442307692307692,0.06813254877671106,0.48159895364077765,0.4467302073482232
AAPICO Hitech Public Company Limited (SET:AH),SET:AH,6,112.6,215.76938020163675,272.68039999999996,7.1644000000000005,10.5944,109.02938020163677,15.704323570432356,14.887029288702928,0.48728405646259426,20.366361493018648,0.7912903905144513,6.763930413844412,0.8403999999999999,6.706119042785914,8.59,1,0.726,0.023925925925925927,0.016179765130984645,0.038852810836422426,0.02627398228842264,7.17,112.6,3.3293802016367624,0.05550621669626998,0.5617367660533706,1.1338959833165612
Progress-Werk Oberkirch Aktiengesellschaft (DB:PWO),DB:PWO,6,125.8,287.90000000000003,302.442,5.984000000000002,10.744,165.3,17.375690607734807,17.360521098838856,0.6648960739030024,26.796351451973198,0.9519180537094717,7.51697127937337,27.842,6.100868828141556,10.6,1,3.36,0.024812933025404157,0.013819861431870674,0.03552416661707038,0.019785611786722748,7.24,125.8,0,0.00397456279809221,0.7095498465313986,1.023474105665166
"Nippon Piston Ring Co., Ltd. (TSE:6461)",TSE:6461,6,136.6,272.939024165584,428.48,14.659999999999998,16.659999999999997,166.339024165584,8.700636942675159,7.636103151862464,0.6344468251175825,16.382894607778155,0.6369936150242345,4.84794003846508,41.379999999999995,3.910301205810659,25.3,1,9.84,0.038726173872617384,0.03407717340771734,0.0388816280806572,0.03421396564600448,15.7,136.6,1.639024165584018,0.6936310395314788,0.9911529936937681,3.596417709368273
Goodyear Lastikleri Türk A.S. (IBSE:GOODY),IBSE:GOODY,5,263.7,241.79999999999998,144.4,19.5,22.8,1,13.523076923076923,13.991865194654268,0.5646893974778141,10.605263157894736,1.6745152354570636,7.327272727272727,0,7.327272727272727,23.7,1,4.21,0.05324614666043905,0.0455394675385334,0.15789473684210525,0.13504155124653738,19.5,263.7,0,2.3132347364429275,0.6737499786958769,0.7324006823912745
BeijingWest Industries International Limited (SEHK:2339),SEHK:2339,6,226.9,142.8314756851395,127.5,40.22,42.31999999999999,18.031475685139498,20.079646017699115,11.04424778761062,0.33457829862998245,3.375034869686662,1.1202468681187412,7.324691060776385,112.6,2.1318130699274556,16.6,1,5.29,0.09913328648395407,0.09421410166315297,0.3319215686274509,0.31545098039215685,11.3,226.9,4.831475685139498,0.8252534156015866,1.645457094154467,4.9513227061644765
"Songz Automobile Air Conditioning Co.,Ltd. (SZSE:002454)",SZSE:002454,4,926.8,900.9999999999999,436.79999999999995,49.120000000000005,54.72,12.9,21.35483870967742,22.59796437659033,2.1596356663470755,16.4656432748538,2.0627289377289375,16.00355239786856,60.20000000000001,11.361916771752837,56.2,1,8.53,0.1311601150527325,0.1177372962607862,0.12527472527472527,0.11245421245421247,43.4,926.8,0,5.313983599482089,0.32076719745006393,0.3600111047758026
STRATTEC Security Corporation (NasdaqGM:STRT),NasdaqGM:STRT,6,249.5,234.57927259856098,138.38000000000002,20.16,30.560000000000002,10.779272598560974,12.053140096618359,10.90909090909091,0.5700589856587144,7.676023318015738,1.6951819092250393,5.879179764374962,1.68,5.838209870546565,33.9,1,9.38,0.07426488456865128,0.048991494532199274,0.2208411620176326,0.14568579274461624,20.7,249.5,0.7792725985609746,0.280561122244489,1.111729659234162,0.9483571173307194
"Nichirin Co., Ltd. (TSE:5184)",TSE:5184,6,132.2,86.182730852133,172.83999999999997,20.788,39.288,33.48273085213302,6.206572769953051,2.6024691358024685,0.21518784232742325,2.1936146113859962,0.49862723242381984,1.6702079622506396,23.540000000000003,1.454315404187192,43.8,1,15,0.09809737827715355,0.05190511860174782,0.22730849340430456,0.12027308493404307,21.3,132.2,3.382730852133018,0.28555219364599094,0.8438605106583538,1.2169864885273525
"Ashimori Industry Co., Ltd. (TSE:3526)",TSE:3526,6,97.6,154.9,186.922,13.942000000000002,10.241999999999999,81.7,6.825174825174824,5.266565939995682,0.38695978016487637,15.12399921890256,0.8286879019056077,7.341232227488152,23.522,5.363573407202216,16.3,1,1.99,0.025585810642018484,0.03482887834124407,0.054792908271899504,0.07458726099656543,14.3,97.6,0,0.507172131147541,0.9587408422516215,1.9023539820335449
ALPHA Corporation (TSE:3434),TSE:3434,6,103,138.2,314.18,15.54,13.440000000000001,100.7,6.602564102564103,2.633426966292135,0.3461056849486601,10.282738095238093,0.43987523075943724,4.213414634146342,34.980000000000004,3.0986547085201797,22.6,1,5.94,0.033658903080390684,0.038918106686701724,0.04277802533579477,0.0494620917945127,15.6,103,0,0.3932038834951456,0.4733404315459134,1.4463110638943066
"TBK Co., Ltd. (TSE:7277)",TSE:7277,6,118.7,184.20000000000002,361.032,15.835999999999999,21.735999999999997,89.6,7.758169934640523,6.53585739947492,0.474619943313579,8.474420316525581,0.5102040816326532,3.9275053304904057,33.532,3.148717948717949,20.6,1,5.05,0.05600618397320277,0.040803916516361755,0.060205189567683746,0.043863147865009194,15.3,118.7,0,0.5328559393428812,0.4969794319365549,0.5964996783319434
Honda Atlas Cars (Pakistan) Limited (KASE:HCAR),KASE:HCAR,5,339.1,306,20.799999999999997,35.5,40.4,0,9.552112676056339,9.047900650502662,0.8234660925726587,7.574257425742575,14.711538461538463,6.538461538461539,0,6.538461538461539,40.4,1,4.84,0.10871905274488697,0.09553283100107642,1.9423076923076925,1.7067307692307694,35.5,339.1,0,0.8183426717782365,2.2335623397148785,8.279506279728334
"NanKang Rubber Tire Corp., Ltd. (TSEC:2101)",TSEC:2101,4,765.1,883.3000000000001,500.0759999999999,12.42,16.919999999999998,207.3,59.7734375,58.88501742160278,2.4346747519294376,52.20449172576833,1.766331517609324,16.953934740882918,8.876,16.071688500727802,19.4,1,6.59,0.046637265711135606,0.034233737596471886,0.03383485710172054,0.024836224893816143,12.8,765.1,0,0.21598483858319173,0.528729972535143,0.8738932411894978
"Nittan Valve Co., Ltd. (TSE:6493)",TSE:6493,6,100.9,148.2,332.562,6.73,23.020000000000003,90.3,12.14199759326113,8.907692307692308,0.41223922114047284,6.437880104257166,0.44563119057499045,2.7495361781076064,13.362000000000002,2.5706851691240242,26,1,8.35,0.06403337969401948,0.018720445062586927,0.06922017548607479,0.02023682802003837,8.31,100.9,0,0.09415262636273537,0.7975306732034789,2.913678843506775
Minda Industries Limited (BSE:532539),BSE:532539,6,122.9,160.10000000000002,97.9,10.6718,11.1718,37.2,11.485981308411215,11.980892961590955,0.44758177243500147,14.330725576898981,1.6353421859039838,6.404000000000001,0,6.404000000000001,14.1,1,3.4,0.031232317584568074,0.029834498182834776,0.11411440245148109,0.10900715015321756,10.7,122.9,0,0.02644426362896664,0.30792060913956054,0.4954819572987682
Rane Holdings Limited (BSE:505800),BSE:505800,6,135.9,210.30761381720433,189.6,12.3,20.9,74.40761381720434,11.048780487804878,11.386677838290742,0.5914162368312832,10.062565254411691,1.1092173724536094,5.491060412981836,0,5.491060412981836,24.1,1,6.65,0.05877390326209223,0.03458942632170978,0.11023206751054852,0.06487341772151899,12.3,135.9,0.6076138172043373,0.001839587932303164,0.40959513977288514,0.481693996193348
TVS Srichakra (BSE:509243),BSE:509243,5,326.6,336.33380605574837,9.06,16.266000000000002,29.966000000000005,9.733806055748348,20.540880503144656,20.827753332057906,0.9661988108467346,11.22384722871749,37.12293665074485,9.368629695146195,9.06,8.704291046991417,21.9,1,6.27,0.08608445848893996,0.04672795173800632,3.307505518763797,1.7953642384105961,15.9,326.6,9.733806055748348,0.29699938763012856,0.751663416100197,0.9088506588665031
"Toyota Caetano Portugal, S.A. (ENXTLS:SCT)",ENXTLS:SCT,6,42.2,94.73000000000002,192.83,3.59,6.88,61.1,11.754874651810587,9.661016949152543,0.27315455594002314,13.768895348837212,0.49126173313281135,4.57632850241546,0,4.57632850241546,4.98,1,1.37,0.019838523644752016,0.010351787773933101,0.03567909557641446,0.018617435046413937,3.59,42.2,0,0.005924170616113744,1.0658119883747519,1.1803816357578638
Asahi India Glass Ltd. (BSE:515030),BSE:515030,4,573.1,796.2,266.4,10.5,40.8,223.1,54.58095238095238,56.490882207984235,2.405438066465257,19.514705882352942,2.988738738738739,14.042328042328043,0,14.042328042328043,14.3,1,4.15,0.12326283987915407,0.03172205438066465,0.15315315315315314,0.03941441441441442,10.5,573.1,0,0.014831617518757634,0.7056896987025184,97.2615875397057
Fox Factory Holding Corp (NasdaqGS:FOXF),NasdaqGS:FOXF,4,637.4,713.0168914908263,238.91,22.28,40.98,81.80689149082636,30.792270531400966,30.493236714975843,2.165907932839691,17.39914327698454,2.9844581285455876,14.147160545452904,41.400000000000006,11.003347090907814,29.5,1,8.76,0.12448359659781287,0.06767922235722966,0.17152902766732242,0.09325687497383953,20.7,637.4,13.206891490826365,0.33260119234389707,0.32110481499349725,0.40859510530766613
"Harada Industry Co., Ltd. (JASDAQ:6904)",JASDAQ:6904,6,41.4,114.24146861872387,214.84000000000003,-0.5899999999999999,2.960000000000001,117.94146861872386,NA,8.56481481481482,0.34797888705063623,38.59509074956886,0.5317513899586849,10.385588056247625,39.14,4.760061192446828,4.42,1,4.51,0.009016143770941214,-0.0017971367651538222,0.013777695028858688,-0.0027462297523738587,NA,NA,3.94146861872386,0.036231884057971016,0.7647338659197953,1.0895807405597642
"Zhonghang Heibao Co.,Ltd. (SHSE:600760)",SHSE:600760,4,879,1000.6999999999999,247.10400000000004,-27.074,-27.574,168.3,NA,-30.093998553868403,3.0565058032987173,NA,4.049711862211861,NA,16.003999999999998,NA,NA,1,NA,-0.08422113622480147,-0.08269395235186318,-0.11158864283864282,-0.10956520331520331,NA,NA,0,28.725824800910125,2.3022275487635215,2.3025539865640985
"Ohashi Technica, Inc. (TSE:7628)",TSE:7628,6,177.6,70.61140641286501,91.62159999999999,22.2302,32.9302,1.2114064128650295,7.928571428571429,3.180714056556212,0.2163339657256894,2.14427505489991,0.7706851486206857,1.7138690876908982,1.6216,1.694700869122666,34.6,1,12.1,0.1008890931372549,0.06810723039215687,0.3594152470596454,0.24263055873287526,22.4,177.6,1.2114064128650295,0.5405405405405406,0.3964006419319449,0.640496963238109
"Nihon Tokushu Toryo Co., Ltd. (TSE:4619)",TSE:4619,6,194.7,194.29999999999998,291.554,27.322,13.922,34.7,7.105839416058394,6.093928980526919,0.5967444717444716,13.956328113776754,0.6664288605198351,6.865724381625441,31.454,4.994858611825193,35.6,1,7.41,0.042757985257985257,0.0839127764127764,0.04775101696426735,0.0937116280346008,27.4,194.7,0,0.36466358500256807,1.0842541287677085,0.7524128273287295
"Motorcar Parts of America, Inc. (NasdaqGS:MPAA)",NasdaqGS:MPAA,4,598.7,631.5033888307811,224.928,9.826,35.816,50.103388830780986,63.62380446333688,61.78533475026568,1.9454817893739405,17.631879295029623,2.8075801537860166,16.618510232388974,6.828,15.596527261812325,17,1,7.62,0.1103388786198398,0.030271102895871843,0.15923317683881066,0.04368509034001992,9.41,598.7,10.503388830780983,1.7329213295473525,0.8252105757311169,31.24126886930535
"Ningbo Shuanglin Auto Parts Co., Ltd. (SZSE:300100)",SZSE:300100,4,900.6,989.3,440.09999999999997,31.276,41.07599999999999,138,29.722772277227723,28.819526727377365,3.0752253652471246,24.084623624500928,2.2478982049534197,18.491588785046726,29.000000000000004,15.530612244897958,35.2,1,4.53,0.12768417780540875,0.09722101336649053,0.09333333333333332,0.07106566689388776,30.3,900.6,0,2.9980013324450367,0.411274479176829,0.474025569315685
Asti Corporation (TSE:6899),TSE:6899,6,26.4,77.6,159.404,1.8079999999999998,2.2579999999999996,61.6,14.193548387096772,8.998875140607423,0.24174454828660435,34.366696191319754,0.48681337983990364,7.185185185185184,3.5040000000000004,6.48829431438127,2.48,1,0.654,0.007034267912772584,0.00563239875389408,0.014165265614413688,0.011342249880806001,1.86,26.4,0,0.23674242424242425,1.0886879114168533,3.0980474718371176
APM Automotive Holdings Berhad (KLSE:APM),KLSE:APM,6,203.3,135.20000000000002,248.26979999999998,22.046000000000003,31.945999999999998,10.4,9.199095022624434,6.383631713554988,0.424090338770389,4.2321417391848755,0.5445688521116947,3.1886792452830193,0.1698,3.1858240256374013,34.6,1,9.2,0.10020702634880801,0.06915307402760353,0.1286745306920133,0.08879855705365697,22.1,203.3,0,0.012297097884899163,0.3937628136439029,0.3988842464329343
Bulten AB (publ) (OM:BULTEN),OM:BULTEN,6,207.7,240.91184703631347,150.1,12.8,16.7,48.21184703631349,16.226562499999996,15.054687499999998,0.7626205984055507,14.425859103970867,1.6050089742592504,10.707193201613933,0,10.707193201613933,16.4,1,4.29,0.05286483064260842,0.04051915163026275,0.11125916055962691,0.08527648234510327,12.8,207.7,36.811847036313495,0.8437650457390468,2.616336114083138,5.090583860625242
Minda Corporation Limited (NSEI:MINDACORP),NSEI:MINDACORP,6,237.1,325.1228945243395,156.7176,14.1588,19.8588,88.02289452433945,16.351724137931033,16.351724137931033,1.033448488634264,16.371729133902324,2.074578059671278,11.695068148357535,0.6176,11.695068148357535,19,1,4.43,0.06312396694214875,0.04500572155117609,0.1267171013338642,0.09034594710485612,14.5,237.1,9.022894524339447,0.013707296499367356,0.6054183063606405,0.9180192556485383
"Fine Sinter Co., Ltd. (TSE:5994)",TSE:5994,6,57.8,123.28959915489958,213.45799999999997,5.513999999999999,11.613999999999999,94.8895991548996,10.321428571428571,5.496419585833172,0.3945267172956786,10.615601787058687,0.5775824712819365,3.532653270914028,5.058,3.3713316695351265,11.7,1,5.04,0.0371648,0.0176448,0.05440882984006222,0.025831779553823236,5.6,57.8,0.2895991548995992,0.021626297577854673,0.6312833672257752,1.77370422406092
Wheels India Limited (NSEI:WHEELS),NSEI:WHEELS,5,323.5,385.0082741110962,126.41399999999999,5.102,16.332,61.50827411109623,69.27194860813705,75.1451800232288,1.2359816183341772,23.573859546356612,3.04561420500179,15.97544705855171,5.314,14.796628520795394,6.17,1,1.51,0.05243017656500803,0.01637881219903692,0.1291945512364137,0.04035945385795878,4.67,323.5,0.3082741110962232,0.03245749613601236,0.4817815401437954,0.2628684658833028
"Ogura Clutch Co.,Ltd. (JASDAQ:6408)",JASDAQ:6408,6,43.6,97.00000000000001,197.476,2.8319999999999994,7.032,104.7,13.667711598746083,-2.852908484623933,0.31981536432575014,13.794084186575656,0.4911989305029473,5.773809523809525,9.475999999999999,4.891578416540595,7.35,1,4.1,0.02318496538081108,0.009337289812067258,0.035609390508213656,0.014340983208086043,3.19,43.6,0,0.16628440366972477,2.748800783516328,7.488994371044195
"Fuel Systems Solutions, Inc. (NasdaqGS:FSYS)",NasdaqGS:FSYS,6,134.4,112.47403818788655,215.69700000000003,-28.12,-10.29,26.67403818788653,NA,-3.2860972807353503,0.373792084373169,NA,0.5214446106709251,24.66535925172951,75.4,4.008340633923256,NA,1,NA,-0.03419740777666999,-0.09345297441010303,-0.04770580953838022,-0.1303680626063413,NA,NA,26.57703818788653,2.473958333333333,1.081531155138848,5.6371290045499105
Suncall Corporation (TSE:5985),TSE:5985,6,172.4,108.44000000000001,236.46799999999993,18.311999999999998,21.212,3.34,9.369565217391305,6.061130334486736,0.3609853528628496,5.112200641146521,0.4585821337347973,2.8994652406417116,20.028,2.4572852934511675,27.8,1,9.43,0.07061251664447404,0.06095872170439414,0.0897034693912073,0.07743965356834753,18.4,172.4,0,0.10005800464037122,0.2891900589102387,0.3899488643310004
Thai Stanley Electric Public Company Limited (SET:STANLY),SET:STANLY,5,389.2,318.2,285.856,33.827999999999996,31.728000000000005,0,11.652694610778443,9.996858309770657,1.087119918004783,10.028996469994954,1.1131478786521884,5.157212317666126,10.456000000000001,4.866931783420005,41.9,1,8.46,0.10839767680218657,0.11557225828493337,0.11099294749804099,0.11833930370536212,33.4,389.2,0,0.003211716341212744,0.3334458844997046,0.32114863003264393
Componenta Dökümcülük Ticaret ve Sanayi A.S. (IBSE:COMDO),IBSE:COMDO,6,87.8,246.45000000000002,295.07200000000006,6.074,9.674,167.3,14.657762938230382,-7.907092907092906,0.8431406089633938,25.475501343808148,0.8352198785381194,13.541208791208792,4.022,12.586823289070482,7.51,1,1.52,0.033096134108792336,0.02078002052685597,0.03278521852293677,0.020584806420127964,5.99,87.8,0,1.04498861047836,0.6124525625073594,1.004981464395252
"Henan Province Xixia Automobile Water Pump Co., Ltd. (SZSE:002536)",SZSE:002536,4,545.7,534.5,319.46000000000004,12.090000000000003,18.36,78,74.4474761255116,70.6984667802385,1.8630184733356572,29.11220043572985,1.6731359168597006,17.022292993630575,45.36,10.885947046843178,8.3,1,0.888,0.0639944231439526,0.04214011850819102,0.05747198397295435,0.03784511362924937,7.33,545.7,0,8.658603628367233,0.4726528849234568,0.4634843593337638
"TianJin Motor Dies Co., Ltd. (SZSE:002510)",SZSE:002510,4,714,723,321.404,29.652000000000005,36.55200000000001,68.4,24.878048780487806,26.894001643385376,2.548466690165668,19.780039395929084,2.249505295515924,14.288537549407113,35.403999999999996,11.549520766773163,33.4,1,4.81,0.12884032428621786,0.10451885794853721,0.11372602705629055,0.09225771925676098,28.7,714,0,8.788515406162466,0.46746967676428336,0.3979220715952662
Hiroca Holdings Ltd. (TSEC:1338),TSEC:1338,5,263.2,216.9,171.24599999999998,22.022000000000002,29.322,21.1,11.443478260869565,8.763763315728225,0.8126639190708131,7.397176181706569,1.266598927858169,4.997695852534562,19.946,4.353673223604978,31.2,1,8.16,0.1098613713001124,0.08251030348445113,0.17122735713534917,0.12859862420144122,23,263.2,0,3.1914893617021276,0.5793162352518928,0.5299527503466613
PT. Multistrada Arah Sarana Tbk. (JKSE:MASA),JKSE:MASA,6,150.7,301.09999999999997,518.6999999999999,-5.48,5.25,194,NA,-12.352941176470587,1.1285607196401797,57.35238095238095,0.5804896857528437,7.018648018648018,0,7.018648018648018,NA,1,NA,0.01967766116941529,-0.020539730134932533,0.010121457489878544,-0.010564873722768462,NA,NA,0,0.08958195089581951,0.776717200755567,1.0371979958028485
Huazhong In-Vehicle Holdings Company Limited (SEHK:6830),SEHK:6830,5,333.4,421.5905797884858,202.424,16.408,28.408,125.09057978848578,23.152777777777775,22.209737827715358,1.5981447300549119,14.840558285992882,2.0827104483089247,11.678409412423429,23.423999999999996,9.393729496178382,20.2,1,4.89,0.10768764215314633,0.062198635329795304,0.14033909022645535,0.08105758210488875,14.4,333.4,1.090579788485778,False,0.5898424538635418,0.6291566814647317
"Tokyo Radiator Mfg. Co., Ltd. (TSE:7235)",TSE:7235,6,72.5,67.8,161.476,11.146,14.946,17.3,6.4159292035398225,4.696800595238095,0.2622823984526112,4.53633079084705,0.4198766380143179,2.7228915662650603,2.976,2.6246515949210285,17.5,1,4.72,0.05781818181818182,0.04311798839458414,0.09255864648616513,0.06902573757090838,11.3,72.5,0,0.15517241379310345,0.5827562496241747,0.7460872423518762
"Xinzhi Motor Co.,Ltd. (SZSE:002664)",SZSE:002664,4,1666.8,1620.87,202.35200000000003,31.615999999999993,37.315999999999995,5.27,53.94174757281554,56.019417475728154,6.338951896754009,43.43632758066245,8.010150628607573,37.6946511627907,25.382,31.33326889619176,36,1,4.74,0.1459366445052796,0.12364489636292528,0.184411322843362,0.156242587174824,30.9,1666.8,0,3.629709623230142,0.7101550947772034,0.7970899116332635
Sypris Solutions Inc. (NasdaqGM:SYPR),NasdaqGM:SYPR,6,23.3,52.910706783875376,50.797000000000004,-24.764599999999998,-21.5646,31.19070678387537,NA,-0.8793522267206477,0.2073303557361888,NA,1.041610858591558,NA,2.2769999999999997,NA,NA,1,NA,-0.08450078369905956,-0.09703996865203761,-0.4245250703781719,-0.4875209165895623,NA,NA,5.890706783875371,0.12875536480686695,6.171526466551774,3.043767857447924
Fras-le S.A. (BOVESPA:FRAS3),BOVESPA:FRAS3,6,109.1,187,220.84679999999997,16.267599999999998,24.167599999999997,123.6,6.69325153374233,7.212741751990897,0.7362204724409449,7.737632201790828,0.8467408176165561,5.3125,6.2468,4.997327632282202,21.2,1,4.82,0.09514803149606298,0.06404566929133858,0.10943151542155014,0.07366011189657265,16.3,109.1,0,False,0.20130058523202726,0.3042519739378884
ARB Corporation Limited (ASX:ARB),ASX:ARB,4,806.7,812.0319758169732,182.50999999999996,34.087999999999994,43.788,13.071975816973133,23.796460176991154,23.830345691532198,3.1994955705948507,18.544623545651167,4.4492464841212715,16.471236831987287,14.510000000000002,14.960058508050352,46.2,1,12.3,0.17252955082742313,0.13431048069345938,0.23992110021368696,0.1867733274889047,33.9,806.7,11.531975816973134,0.3052559811578034,0.4643942242728091,0.4632688291096179
Fujikura Rubber Ltd. (TSE:5121),TSE:5121,6,114.4,104.71510950253784,210.42,11.34,8.969999999999999,32.315109502537844,10.306306306306308,6.850222348377331,0.4137301837318761,11.673925251119048,0.4976480824186762,5.817506083474324,32.620000000000005,3.610865844915098,14.4,1,3.36,0.03544053733702094,0.044804425128407745,0.042629027658967776,0.05389221556886228,11.1,114.4,0.7151095025378457,0.9309440559440559,0.7420822537972779,1.1990356648724108
Munjal Showa Limited (BSE:520043),BSE:520043,6,114.2,115.058,65.5108,11.650799999999998,15.2508,0.858,9.760683760683762,9.760683760683762,0.458398406374502,7.544391113908779,1.7563210951476704,5.9004102564102565,0.1528,5.9004102564102565,16.5,1,4.87,0.060760159362549804,0.04641752988047808,0.23279825616539562,0.17784548501926398,11.7,114.2,0,0.01532399299474606,0.2644725352344048,0.4556332972598971
Yasunaga Corporation (TSE:7271),TSE:7271,6,52.9,136.32523522825218,189.596,0.03799999999999937,-0.5180000000000002,108.72523522825217,69.60526315789474,54.437869822485204,0.5477108687354447,NA,0.719030123147388,9.533233232744907,12.096,7.556831221078281,2.17,1,1.41,-0.0020811570912012867,0.0001526717557251883,-0.002732125150319628,0.00020042616932846352,0.76,52.9,0.32523522825217027,0.08979206049149338,1.4649796972494677,2.7860676918747265
Dynamatic Technologies Limited (BSE:505242),BSE:505242,6,249.6,345.0321126947153,120.80000000000001,4.71,14.6,95.43211269471527,52.99363057324841,54.893336265669674,1.4054261209560706,23.632336485939405,2.856226098466186,15.266907641359083,0,15.266907641359083,8.16,1,3.46,0.059470468431771895,0.01918533604887984,0.12086092715231786,0.03899006622516556,4.71,249.6,14.232112694715276,0.014022435897435898,0.4717480774672577,1.035760515420264
Somboon Advance Technology Public Company Limited (SET:SAT),SET:SAT,6,193.8,246.2742681108653,207.2,18.1,21.9,81.47426811086527,10.707182320441989,9.292883726175708,0.9866757536493002,11.245400370359148,1.188582375052439,5.262270686129601,0,5.262270686129601,19.9,1,1.78,0.08774038461538461,0.07251602564102565,0.10569498069498069,0.08735521235521236,18.1,193.8,2.4742681108652733,0.09932920536635706,0.3430501985443967,0.38116226071311526
Sona Koyo Steering Systems Limited (BSE:520057),BSE:520057,6,187.8,234.08459151953446,114.704,5.1238,17.0838,46.28459151953444,31.09271523178808,31.09271523178808,0.9554473123246304,13.702138371997709,2.0407709541039063,8.016595599984058,2.5040000000000004,8.016595599984058,14,1,4.51,0.06972979591836735,0.020913469387755103,0.14893813642070025,0.04466975868321942,6.04,187.8,0.38459151953443776,0.08519701810436635,0.36187722108264114,0.3586715532937841
Federal Corporation (TSEC:2102),TSEC:2102,6,204.3,189.10000000000002,301.8,12.1,15.9,32,16.884297520661157,13.625325238508243,0.7727829995913365,11.893081761006291,0.6265738899933732,5.356940509915015,0,5.356940509915015,16.2,1,4.12,0.06497752349816102,0.04944830404577033,0.05268389662027833,0.04009277667329357,12.1,204.3,0,0.2190406265296133,0.484573097362571,0.5284720689766862
Landi Renzo S.p.A. (BIT:LR),BIT:LR,6,104.1,175,183.7,-7.89,-7.04,136.6,NA,-4.6320868516284674,0.7175071750717507,NA,0.9526401741970605,16.826923076923077,0,16.826923076923077,NA,1,NA,-0.02886428864288643,-0.03234932349323493,-0.03832335329341317,-0.04295046271094175,NA,NA,0,0.6099903938520653,0.9267648623301925,2.0153671752394833
"Zhejiang VIE Science & Technology Co., Ltd. (SZSE:002590)",SZSE:002590,4,646.9,666.6999999999999,173.086,14.860000000000001,21.36,59.4,45.556338028169016,44.30259702363583,2.760662525879917,31.2125468164794,3.8518424367077633,21.437299035369772,23.486,16.951436562420543,18,1,3.18,0.0884472049689441,0.06153209109730849,0.12340686132905028,0.08585327525045353,14.2,646.9,0,5.642294017622508,0.2994210203085733,0.49125468133755296
JBM Auto Limited (BSE:532605),BSE:532605,6,120,197.4,137.51080000000002,11.699800000000002,24.799799999999998,77.4,10.619469026548671,10.652463382157123,0.823529411764706,7.959741610819443,1.4355236097819224,6.472131147540984,0.9108,6.367331139926457,18.2,1,4.09,0.10346182728410512,0.04881017939090531,0.180348016301265,0.08508277168047891,11.3,120,0,0.06041666666666667,0.7780154113278142,0.7999564082305868
Goodyear India Ltd. (BSE:500168),BSE:500168,6,198.3,143.4,30.760799999999996,15.1038,24.003800000000002,0,13.13245033112583,9.496688741721854,0.6099532113994045,5.97405410809955,4.661777326987595,4.996515679442509,0.0608,4.991819542590594,23,1,7.95,0.10210038281582307,0.06424415142492557,0.7803373124236043,0.49100803620191935,15.1,198.3,0,0.11598587997982854,0.42477496149386945,0.40907450415272695
"SORL Auto Parts, Inc. (NasdaqGM:SORL)",NasdaqGM:SORL,6,37.1,55.16328999098875,261.278,11.802,16.702,29.663289990988755,3.0409836065573774,2.1720613287904604,0.23634657236927484,3.3027954730564453,0.21112872109779143,2.2333315785825407,23.178,1.7142103788374379,16.7,1,3.5,0.07155955441302486,0.050565552699228786,0.0639242492670642,0.04517027840078384,12.2,37.1,5.963289990988755,0.12803234501347707,0.3458857008982565,0.3608508928715526
Stomil Sanok SA (WSE:SNK),WSE:SNK,5,413.1,387.1,72.82,23.752000000000002,29.552,23.5,17.50423728813559,16.26118067978533,1.6881814217182731,13.0989442338928,5.315847294699259,10.462162162162162,4.52,10.023303987571207,30.3,1,6.59,0.12887919755778454,0.10358482337549063,0.40582257621532547,0.3261741279868169,23.6,413.1,0,0.23299443234083755,0.38962643040209016,0.4967041671701641
"Hwa Fong Rubber Ind. Co., Ltd. (TSEC:2109)",TSEC:2109,6,136.7,140.9,167.306,24.630000000000003,19.330000000000002,53.8,5.579591836734694,3.629620369212818,0.628176549264378,7.289187790998447,0.842169438035695,4.7123745819398,4.106,4.495851946394384,37,1,7.82,0.08617922425323228,0.10980829246544807,0.11553680083200842,0.14721528217756685,24.5,136.7,0,0.22128749085588884,1.3777023628730478,3.9400160508997994
Gabriel India Limited (BSE:505714),BSE:505714,6,196,198.65906720694642,60.182,10.350000000000001,14.850000000000001,2.6590672069464008,19.6,19.836048982896468,0.8880602020873779,13.377714963430734,3.3009715065459178,10.293215917458364,6.462,9.19717903735863,13.7,1,3.72,0.0663835493965132,0.04626732230666072,0.24675152038815595,0.17197833239174506,10,196,0.03906720694640082,0.07908163265306123,0.8521971840695788,0.6030140013256265
"Zhejiang Jingu Co., Ltd. (SZSE:002488)",SZSE:002488,4,1649.1,1661.8,292.22800000000007,10.546000000000001,24.046,195.3,151.29357798165137,148.28109201213346,7.445340501792115,69.10920735257423,5.686655625059883,40.53170731707317,19.028,35.395101171459,12.8,1,2.11,0.10773297491039427,0.04724910394265234,0.08228506508616558,0.03608825985189646,10.9,1649.1,0,5.866836456248864,0.453419700628368,0.3746300523398853
Wabco India Limited (NSEI:WABCOINDIA),NSEI:WABCOINDIA,4,2141,2141,138.6012,21.980200000000004,29.880200000000002,0,99.12037037037037,110.58884297520662,9.665914221218962,71.65280018206036,15.44719670536763,58.02168021680217,3.0012,56.20897873457601,31.3,1,9.69,0.13489932279909708,0.09923340857787812,0.21558399205778883,0.1585859285489592,21.6,2141,0,0.11793554413825315,0.3305617797571545,0.31684781657461186
New Focus Auto Tech Holdings Ltd (SEHK:360),SEHK:360,5,364,430.1107316070277,123.3006,-5.4944,-6.2844,86.51073160702764,NA,-57.45819397993311,1.9693714817171597,NA,3.4883101266906054,NA,0.3006,NA,NA,1,NA,-0.02877472527472527,-0.025157509157509157,-0.050968121809626225,-0.044561015923685686,NA,NA,30.510731607027637,0.19917582417582416,29.284220654743514,2.52721993321123
Shandong LongJi Machinery Co. Ltd. (SZSE:002363),SZSE:002363,4,697.9,711.9,254.70599999999996,12.344,14.684,62.9,83.48086124401914,86.395101171459,3.2882217090069283,48.48134023426859,2.794987161668748,26.662921348314608,13.206000000000001,21.95189639222942,9.96,1,1.95,0.06782448036951501,0.057016166281755196,0.05765078168555119,0.04846371895440234,8.36,697.9,0,15.367531164923342,0.19369460645375305,0.16155891037187922
"Guangdong Hongteo Accurate Technology Co.,Ltd. (SZSE:300176)",SZSE:300176,5,314.3,418.1,219.202,3.679999999999998,11.6,121.9,109.13194444444446,104.99822757887274,1.9482758620689657,36.043103448275865,1.9073731079095995,16.205426356589147,23.302,12.45457253500149,2.61,1,-0.264,0.05405405405405406,0.017148182665424037,0.05291922518955119,0.016788167991167953,2.88,314.3,0,8.192809417753738,0.3357351219936604,0.34263841153381575
Sichuan Chengfei Integration Technology Corp. Ltd (SZSE:002190),SZSE:002190,4,1817.5,1836.7,430.688,11.098000000000003,7.2280000000000015,58.8,162.27678571428572,194.73165388828042,8.877235379410344,254.1090204759269,4.264572033583476,74.9673469387755,32.188,51.88418079096046,13.9,1,1.31,0.03493475108748188,0.05363943934267763,0.016782450404933504,0.025768073408128398,11.2,1817.5,0,12.682255845942228,0.9908450781050615,0.3285238333875469
Societe Africaine des Plantations d'Heveas SA (BRVM:SPHC),BRVM:SPHC,6,103.6,139.10999999999999,159.41,-7.05,-5.1,38.1,NA,-13.262867647058822,0.6736561743341404,NA,0.872655416849633,26.64942528735632,0,26.64942528735632,NA,1,NA,-0.02469733656174334,-0.03414043583535109,-0.03199297409196412,-0.044225581833009224,NA,NA,0,0.09893822393822395,0.7248886586994583,0.7736273911919576
"Huangshan Jinma Co.,Ltd (SZSE:000980)",SZSE:000980,4,512.5,484.3,313.204,7.298,8.908,55.1,88.97569444444444,1300.6060606060603,2.3670576735092865,54.36686124831613,1.5462765481922325,22.013636363636365,10.404,18.29618435965244,6.88,1,1.11,0.043538611925708695,0.03566959921798631,0.028441526928136292,0.023301107265552165,5.76,512.5,0,10.926829268292684,0.40472932680677964,0.41354275575365973
Federal-Mogul Goetze (India) Limited (BSE:505744),BSE:505744,5,316.2,317.0506024891393,0,5.06,14.9,0.8506024891393049,62.4901185770751,66.58243840808592,1.5680049579087008,21.27856392544559,NA,11.786267750525624,0,11.786267750525624,10.1,1,3.65,0.07368941641938676,0.02502472799208704,NA,NA,5.06,316.2,0.8506024891393049,0.0007906388361796332,0.42426966246530995,1.9282709995278042
"Jeco Co., Ltd. (TSE:7768)",TSE:7768,6,66.5,54.1,119.46199999999999,11.534,13.334000000000001,0,5.782608695652174,4.831651335179067,0.2694223107569721,4.0572971351432425,0.4528636721300498,2.4151785714285716,17.162,1.9170800850460668,15.3,1,3.7,0.06640438247011952,0.057440239043824705,0.11161708325660044,0.09654953039460248,11.5,66.5,0,0.03007518796992481,0.715850968107236,1.5936115967714264
"China Jialing Industrial Co., Ltd. (Group) (SHSE:600877)",SHSE:600877,4,864.3,918.8,95.138,-0.38599999999999923,-12.165999999999999,119.5,NA,-56.889679715302485,4.58941058941059,NA,9.65755008513948,NA,25.338,NA,NA,1,NA,-0.06076923076923076,-0.0019280719280719244,-0.12787739914650295,-0.004057264184658067,NA,NA,0,15.417100543792666,0.960452695257974,1.4413963329006103
"Xiangyang Automobile Bearing Co., Ltd. (SZSE:000678)",SZSE:000678,5,461.8,539,278.314,-3.5840000000000005,-3.414,109.4,NA,-116.45432366494985,2.7783505154639174,NA,1.93666146870082,39.05797101449275,22.014,26.076439283986453,NA,1,NA,-0.0175979381443299,-0.018474226804123715,-0.01226672032308831,-0.01287754119447818,NA,NA,0,3.7732784755305326,1.6406345802313858,0.7105839197284834
"SuperAlloy Industrial Co., Ltd (GTSM:1563)",GTSM:1563,4,752.4,815.1,231.342,32.062,40.762,94.7,24.115384615384617,23.292809105018105,4.2015463917525775,19.99656542858545,3.523355032808569,14.50355871886121,14.741999999999999,13.247196489517309,37.9,1,6.63,0.21011340206185566,0.1652680412371134,0.17619800987282896,0.13859134960361713,31.2,752.4,0,0.6944444444444444,1.0316432335617354,1.6261697309780478
"Chuo Malleable Iron Co., Ltd. (NSE:5607)",NSE:5607,6,52.9,42.39999999999999,138.866,9.3394,4.849399999999999,11.2,5.645677694770544,3.507194244604317,0.21946169772256727,8.743349692745493,0.30533031843647823,2.382022471910112,0.866,2.345392189401482,11.4,1,1.73,0.025100414078674946,0.04834057971014493,0.03492143505249664,0.0672547635850388,9.37,52.9,0,0.07088846880907372,1.631175914595716,2.14014407049191
Jay Bharat Maruti Limited (BSE:520066),BSE:520066,6,49.2,74.1,57.4,6.47,10.8,24.9,7.604327666151469,7.604327666151469,0.3849350649350649,6.86111111111111,1.2909407665505226,4.2102272727272725,0,4.2102272727272725,8.64,1,2.17,0.05610389610389611,0.03361038961038961,0.18815331010452963,0.1127177700348432,6.47,49.2,0,0.07621951219512195,0.3550511114939862,0.39747416289331305
Karsan Otomotiv Sanayii Ve Ticaret AS (IBSE:KARSN),IBSE:KARSN,6,243,566.3,431.2216,-38.1394,-14.0394,354.5,NA,-5.1023849674777155,2.943347193347193,NA,1.3132459041940383,NA,2.9216,NA,NA,1,NA,-0.07296985446985448,-0.19822972972972974,-0.03255727449645379,-0.08844501295853455,NA,NA,0,2.736625514403292,1.8818604145395124,0.7033640439981164
Subros (BSE:517168),BSE:517168,6,71.1,71.1,1.68,4.88,10.94,0,22.218749999999996,23.061952643529025,0.3697347893915756,6.49908592321755,42.32142857142857,3.468292682926829,1.68,3.2055906221821457,3.21,1,0.013,0.056890275611024436,0.02537701508060322,6.511904761904762,2.9047619047619047,3.2,71.1,0,0.052742616033755275,0.20095515612191392,0.2474166345248465
Plascar Participações Industriais S.A. (BOVESPA:PLAS3),BOVESPA:PLAS3,6,6.73,123.79299999999999,184.063,-22.9,19.7,117.1,NA,-0.2920539337609635,0.6457642149191445,6.283908629441624,0.6725577655476658,3.5882028985507244,0,3.5882028985507244,NA,1,NA,0.10276473656755347,-0.11945748565466875,0.10702857173902414,-0.12441392349358643,NA,NA,0,0.5572065378900446,0.8810456410576651,11.319344759350974
Delfingen Industry SA (ENXTPA:ALDEL),ENXTPA:ALDEL,6,50.8,94.00216009978163,102.564,5.832000000000001,9.962,59.70216009978163,9.071428571428571,6.145851997849848,0.4950087419683077,9.436073087711467,0.9165219774948485,6.4385041164234,10.764000000000001,5.136730060097356,8.47,1,2.69,0.05245918904686677,0.030710900473933652,0.09712959712959714,0.05686205686205687,5.6,50.8,9.902160099781632,0.07381889763779528,0.5526715220585,1.6402017421756623
"Shandong Xingmin Wheel Co., Ltd. (SZSE:002355)",SZSE:002355,4,622.5,674.6,389.062,8.658000000000001,14.078,114.4,139.8876404494382,214.63601532567048,3.5655391120507405,47.918738457167215,1.7339138749093974,28.225941422594143,16.762,21.838782777597928,6.3,1,1.85,0.07440803382663848,0.04576109936575054,0.03618446417280536,0.02225352257480813,4.45,622.5,0,4.538152610441767,0.42495028665090323,0.49556366718035993
"Kandi Technologies Group, Inc. (NasdaqGS:KNDI)",NasdaqGS:KNDI,5,326.3,365.64000000000004,276.728,24.944,7.504,48.8,12.175373134328359,12.663469224620306,1.9366525423728815,48.726012793176984,1.321297447312885,24.214569536423845,7.787999999999999,21.699703264094957,30.8,1,4,0.039745762711864405,0.1321186440677966,0.027116880113324273,0.09013905351102887,26.8,326.3,0,2.1299417713760342,0.5662750116790789,5.1502331016956076
Rico Auto Industries Limited (BSE:520008),BSE:520008,6,100.4,133.25777832591834,101.60000000000001,25,2.2,32.85777832591834,4.016,4.016,0.707313048439057,60.57171742087197,1.311592306357464,8.825018432180023,0,8.825018432180023,30,1,5.02,0.011677282377919321,0.1326963906581741,0.021653543307086614,0.24606299212598423,25,100.4,2.6577783259183425,0.2888446215139442,0.7501831352612179,1.3854275299624172
"Zhejiang Noblelift Equipment Joint Stock Co., Ltd. (SHSE:603611)",SHSE:603611,4,597.3,558.4,102.29999999999998,14.652000000000001,16.652,11,41.76923076923077,40.50014797277301,2.981313400961025,33.53350948834974,5.4584555229716525,27.507389162561573,10.5,23.39338081273565,17.9,1,3.34,0.08890549919914575,0.07822744260544581,0.16277614858260023,0.14322580645161292,14.3,597.3,0,5.608571906914449,0.12925209968288637,0.09823182711198428
Lumax Industries Limited (BSE:517206),BSE:517206,6,62.7,87.82403846153848,62.59,3.6219999999999994,5.772,25.12403846153846,17.36842105263158,18.727598566308245,0.4716650830372636,15.21552987899142,1.4031640591394547,7.841432005494507,9.19,6.150142749407457,3.85,1,0.244,0.030998925886143936,0.01945220193340494,0.09221920434574213,0.05786866911647227,3.61,62.7,0.02403846153846154,0.023923444976076555,0.413179660218849,0.5813274936294974
Tung Thih Electronic Co. Ltd. (GTSM:3552),GTSM:3552,4,610.9,617.3,147.11999999999998,20.56,27.859999999999996,44.1,33.02162162162162,30.98378378378378,3.3295577130528584,22.157214644651834,4.19589450788472,19.977346278317153,37.12,13.903153153153152,26.9,1,8.34,0.15026968716289102,0.11089536138079827,0.18936922240348014,0.1397498640565525,18.5,610.9,0,4.9517105909314125,0.6705175972578235,0.6589248358152338
Pankl Racing Systems AG (WBAG:PARS),WBAG:PARS,6,99.3,183.84615430547538,170.60000000000002,6.35,11.1,98.74615430547537,15.637795275590552,14.940308988764045,0.9926898180641219,16.56271660409688,1.077644515272423,7.153546860135229,0,7.153546860135229,8.29,1,1.64,0.05993520518358531,0.034287257019438445,0.06506447831184055,0.03722157092614302,6.35,99.3,4.446154305475378,0.005035246727089627,0.5816781409420818,0.632191422385501
Steel Strips Wheels Limited (BSE:513262),BSE:513262,6,79.2,178.3,162.488,6.7598,12.6398,99.1,11.123595505617978,11.123595505617978,0.9706042460533479,14.106235858162314,1.097311801486879,8.61352657004831,0.788,8.61352657004831,9.06,1,1.94,0.06880675013609146,0.036798040283070224,0.07778912904337551,0.041601841366747085,7.12,79.2,0,0.03156565656565657,0.24862104267077992,0.331851465018618
Pricol Ltd. (BSE:526109),BSE:526109,6,49.1,49.1,0,-5.76,-5.76,0,NA,-8.36599079911399,0.26742919389978215,NA,NA,43.45132743362832,0,43.45132743362832,NA,1,NA,-0.03137254901960784,-0.03137254901960784,NA,NA,NA,NA,0,0.4684317718940937,#DIV/0!,#DIV/0!
"Ta Yih Industrial Co.,Ltd. (TSEC:1521)",TSEC:1521,6,202.4,191.78,56.778,14.512000000000002,15.112,3.68,14.153846153846153,13.197221637549989,1.075,12.69057702488089,3.377716721265279,10.147089947089947,15.198,7.984179850124896,17.2,1,2.9,0.0847085201793722,0.08134529147982064,0.26615942794744446,0.2555919546303146,14.3,202.4,0,1.8898221343873518,0.585541527597591,0.46825577327155216
Jamna Auto Industries Limited (BSE:520051),BSE:520051,6,139.3,149.4,41.6022,5.4654,10.9954,10.1,24.142114384748705,24.142114384748705,0.8421645997745209,13.587500227367808,3.591156236929778,9.576923076923077,0.6022000000000001,9.576923076923077,9.2,1,3.43,0.061980834272829764,0.03080834272829763,0.2642985226742816,0.13137286008912988,5.77,139.3,0,0.03409906676238334,0.5323993843242961,1.3855220103565602
Soft99 Corporation (TSE:4464),TSE:4464,6,143.5,43.8,256.282,8.46,15.459999999999997,0,15.944444444444445,5.418109846610589,0.24858115777525538,2.8331177231565334,0.17090548692455967,1.9909090909090907,13.581999999999999,1.6635017090770983,15.6,1,6.61,0.08774120317820658,0.04801362088535756,0.06032417415191078,0.033010511858031395,9,143.5,0,0.03832752613240418,0.26674551232071425,1.4751485207086092
"Shandong Binzhou Bohai Piston Co., Ltd. (SHSE:600960)",SHSE:600960,4,807.1,805.2,366.67400000000004,5.848000000000001,9.568,95.1,115.63037249283667,197.79944289693591,4.595890410958905,84.15551839464884,2.1959560808783825,31.952380952380956,30.573999999999998,23.312101910828027,7.11,1,0.606,0.05461187214611872,0.033378995433789964,0.02609402357407397,0.015948771933652236,6.98,807.1,0,5.234791227852806,0.513680473541964,0.7194626439247113
Omax Autos Ltd. (BSE:520021),BSE:520021,6,15.5,15.5,0.429,0.18760000000000004,1.8546,0,292.45283018867923,-20.051746442432083,0.0884703196347032,8.357597325568856,36.13053613053613,1.9423558897243107,0.429,1.888401559454191,NA,1,NA,0.010585616438356165,0.001070776255707763,4.323076923076923,0.4372960372960374,0.053,15.5,0,0.03225806451612903,0.8524619539515533,0.29139110619748304
Raval ACS Ltd. (TASE:RVL),TASE:RVL,6,153.7,194.01999999999998,128.93200000000002,12.222000000000001,13.322,49.7,11.91472868217054,12.943497757847533,1.111862464183381,14.563879297402792,1.5048242484410383,8.77918552036199,17.012,7.024619840695148,15,1,1.39,0.07634383954154728,0.07004011461318052,0.1033257841342723,0.09479415505848043,12.9,153.7,0,0.08458035133376708,0.7432672913956923,0.7947060731319538
Banco Products (India) Limited (BSE:500039),BSE:500039,6,148,153.6,104.0618,14.7516,11.651600000000002,5.6,10.277777777777777,10.738644608910173,0.8817451205510908,13.182738851316556,1.4760459649938784,9.309090909090909,1.0617999999999999,8.990342405618962,18.6,1,4.27,0.06688633754305398,0.08468197474167624,0.11196808050600703,0.1417580706849199,14.4,148,0,0.12837837837837837,0.31723302048899177,0.3203858666598005
"Ningbo Jifeng Auto Parts Company, Limited (SHSE:603997)",SHSE:603997,4,1098.1,1068.6999999999998,188.07999999999998,33.122,38.821999999999996,0,35.76872964169381,35.26248061503942,6.195362318840579,27.52820565658647,5.682156529136537,26.129584352078236,16.38,22.54165787808479,37.4,1,6.2,0.2250550724637681,0.19201159420289854,0.2064121650361548,0.17610591237771162,30.7,1098.1,0,2.2607230671159275,0.2429991557791248,0.19287345328676836
"Guilin FuDa Co.,LTD. (SHSE:603166)",SHSE:603166,4,1610.9,1768.7,351.33000000000004,11.536,18.836,186.2,117.58394160583943,121.66525716921657,10.319136522753793,93.89997876406882,5.034298238123701,41.03712296983759,34.230000000000004,33.47908385387091,15.2,1,1.48,0.10989498249708284,0.06730455075845974,0.05361341189195342,0.03283522614066547,13.7,1610.9,0,3.2745670122291886,0.2788813420621314,0.24923296413579504
"Xuchang Yuandong Drive Shaft Co., Ltd. (SZSE:002406)",SZSE:002406,4,664.8,609.4,324.13,16.91,17.31,0,35.36170212765957,35.38908246225319,3.5868157739846964,35.2050837666089,1.8801098324746244,21.45774647887324,32.03,16.143046357615894,21.5,1,2.68,0.101883460859329,0.09952913478516774,0.053404498195168605,0.05217042544658008,18.8,664.8,0,8.574007220216608,0.4072631229484353,0.44925414124395896
"Meiwa Industry Co., Ltd. (TSE:7284)",TSE:7284,6,34.3,32.504931497339285,101.5662,4.0772,1.1772,27.104931497339287,8.032786885245901,1.507116941110801,0.20164349564106257,27.612072287919883,0.32003689709115124,3.7491270469826166,2.0662000000000003,3.504574824510974,3.85,1,-0.417,0.007302729528535981,0.025292803970223328,0.011590470057952352,0.04014327601111394,4.27,34.3,0.2049314973392879,0.3352769679300292,58.2536327318407,3.5999929014559267
Vietnam Manufacturing and Export Processing (Holdings) Limited. (SEHK:422),SEHK:422,6,56.8,80.0551556135159,191.048,-10.632,-14.952,40.55515561351589,NA,-2.694406548431105,0.5012846312681021,NA,0.4190316340056734,NA,29.348,NA,NA,1,NA,-0.09362554790231685,-0.06657482780212899,-0.07826305431095851,-0.055650935890456846,NA,NA,5.355155613515887,0.05281690140845071,1.776865747361057,1.1800201723304127
Inoue Rubber (Thailand) Public Company Limited (SET:IRC),SET:IRC,6,106.4,93.41000000000001,68.41000000000001,12.1,15,1.01,8.793388429752067,7.636363636363637,0.5915769474350856,6.227333333333334,1.3654436485893875,3.7817813765182193,0,3.7817813765182193,14.4,1,2.26,0.09499683343888536,0.0766307789740342,0.21926618915363247,0.17687472591726353,12.1,106.4,0,0.046992481203007516,0.399157552251761,0.4181138324454125
Atlas Battery Limited (KASE:ATBA),KASE:ATBA,6,128.3,134.501,39.701,9.96,15.5,6.97,12.88152610441767,12.827499497083082,0.858334396936822,8.677483870967743,3.387849172564923,7.865555555555555,0,7.865555555555555,14.5,1,4.58,0.09891512444160817,0.06356094447989791,0.39041837737084706,0.25087529281378307,9.96,128.3,0,0.0019485580670303973,0.652988800676893,0.7007794234586716
"Car Mate Mfg. Co., Ltd. (JASDAQ:7297)",JASDAQ:7297,6,40.6,10.800000000000004,94,-2.210000000000001,-2.620000000000001,21.5,NA,5.805751492132391,0.06905370843989772,NA,0.11489361702127664,2.686567164179106,32.7,0.7438016528925623,NA,1,NA,-0.01675191815856778,-0.0141304347826087,-0.027872340425531925,-0.02351063829787235,NA,NA,0,0.018472906403940885,0.6415775827792553,0.7992879959620998
Enterex International Limited (TSEC:1592),TSEC:1592,6,93.2,143.2,159.3,5.64,10.14,68,18.64,15.728927002719098,0.9209003215434083,14.122287968441812,0.8989328311362208,7.232323232323232,13.9,5.778853914447134,7.32,1,2.31,0.06520900321543409,0.036270096463022504,0.06365348399246704,0.03540489642184557,5,93.2,0,0.2709227467811159,0.07548632502390995,0.52940005957397
China First Capital Group Limited (SEHK:1269),SEHK:1269,6,121.4,201.72153846153847,155.65200000000002,-1.8760000000000003,8.024000000000001,85.61153846153847,NA,-23.12948207171315,1.3056410256410258,25.13977298872613,1.2959778124376073,20.172153846153847,13.941999999999998,13.11583475042513,NA,1,NA,0.05193527508090615,-0.012142394822006474,0.051550895587592835,-0.012052527432991546,NA,NA,0.21153846153846154,0.014415156507413509,0.48996113612423847,0.7402405077696314
"Hota Industrial Mfg. Co., Ltd. (TSEC:1536)",TSEC:1536,4,780.9,856.6999999999999,192.014,27.295999999999996,33.596000000000004,103.8,28.5,27.478102189781023,5.544983818770226,25.50005953089653,4.4616538377409976,20.157647058823528,11.214,18.519239083441416,33.5,1,6.13,0.21744983818770228,0.17667313915857602,0.1749664086993657,0.14215630110304453,27.4,780.9,0,4.353950569855296,0.7371342212829323,3.3176933038745604
"Harbin Dongan Auto Engine Co., Ltd. (SHSE:600178)",SHSE:600178,4,687.4,721.6999999999999,330.90599999999995,17.078,3.977999999999999,59.4,36.75935828877005,35.924278585376435,4.683322517845554,181.42282554047264,2.1809819102705905,42.95833333333333,7.506,38.024236037934664,18.7,1,0,0.025814406229720956,0.11082414016872161,0.012021540860546498,0.05160982272911341,18.7,687.4,0,5.055280768111725,1.895021537261924,16.108530563549778
Automotive Axles Ltd. (BSE:505010),BSE:505010,6,158.8,168.61,57.31,3.65,6.93,9.81,43.5068493150685,43.96456256921373,1.107091267235719,24.330447330447335,2.9420694468679116,13.708130081300814,0,13.708130081300814,5.74,1,2.09,0.045502298095863425,0.023965856861457645,0.12092130518234163,0.06368871052172395,3.65,158.8,0,0.001574307304785894,0.5014293026395986,0.5349908008321369
Thal Ltd. (KASE:THALL),KASE:THALL,6,198.6,222.1975823368144,176.6444,24.174599999999998,36.674600000000005,23.597582336814426,8.206611570247935,8.206611570247935,1.1952532670081464,6.058623197984828,1.2578807046066245,5.582853827558151,0.0664,5.582433041148015,38.9,1,11.7,0.19728133405056483,0.13004088219472834,0.20761824320499267,0.1368546073354151,24.2,198.6,22.819582336814427,0.0377643504531722,0.3285527632223977,0.3817985959354432
Danang Rubber Joint Stock Company (HOSE:DRC),HOSE:DRC,6,202.7,252.23999999999998,121.34,16.5,26.9,53.5,12.284848484848483,12.214369122979532,1.6594736842105262,9.376951672862454,2.0787868798417666,7.666869300911854,0,7.666869300911854,21.2,1,4.69,0.1769736842105263,0.10855263157894737,0.22169111587275422,0.13598153947585298,16.5,202.7,0,0.7227429699062654,0.6802432100978371,0.7216383309077561
"AD Plastik d.d., Solin (ZGSE:ADPL-R-A)",ZGSE:ADPL-R-A,6,61.5,126.75,164.55,4.2,3.02,66.5,14.642857142857142,-17.616959064327485,0.8501006036217305,41.97019867549669,0.7702825888787602,11.41891891891892,0,11.41891891891892,4.21,1,0.008,0.020254862508383636,0.028169014084507043,0.01835308416894561,0.02552415679124886,4.2,61.5,0,0.0040650406504065045,1.0196125201357826,1.4727636361261398
Muro Corporation (JASDAQ:7264),JASDAQ:7264,6,68.9,54.330254816894175,76.24,9.996,11.696000000000002,18.83025481689417,6.8217821782178225,3.5786290322580654,0.36934231690614666,4.645199625247449,0.712621390567867,2.716512740844709,1.14,2.6717607483105077,16.1,1,6,0.07951053704962611,0.06795377294357581,0.15341028331584472,0.13111227701993705,10.1,68.9,4.630254816894171,0.11248185776487662,0.6437605016610158,0.690935442430011
Thai Storage Battery Public Company Limited (SET:BAT-3K),SET:BAT-3K,6,37.7,72.83683048200815,85.92999999999999,4.8,7.48,39.806830482008145,7.854166666666668,6.8812500000000005,0.5089925260797216,9.737544182086651,0.8476298205749815,5.517941703182436,0,5.517941703182436,6.2,1,1.23,0.0522711390635919,0.033542976939203356,0.08704759688118237,0.05585942045851275,4.8,37.7,1.6068304820081445,0.05968169761273209,1.4373644355045294,2.4169478289840685
Public Joint Stock Company Omskshina (MICEX:OMSH),MICEX:OMSH,6,8.13,9.118,28.788,-0.769,-0.268,0.991,NA,-10.568270481144344,0.06443816254416962,NA,0.31672919271918853,4.088789237668162,0,4.088789237668162,NA,1,NA,-0.0018939929328621909,-0.0054346289752650176,-0.009309434486591635,-0.026712519105182714,NA,NA,0,False,2.868622905672786,1.722178343021147
Sharda Motor Industries Limited (BSE:535602),BSE:535602,6,82.8,106.79792683734611,58.142,5.282,6.752,23.99792683734611,15.44776119402985,16.45796064400715,0.7716613210790904,15.817228500791783,1.8368464593124783,7.026179397193824,3.142,6.588397707424189,5.68,1,0.316,0.048786127167630054,0.03816473988439306,0.11612947611021292,0.09084654810636028,5.36,82.8,1.297926837346112,0.0030193236714975845,0.34037748783824573,0.015330228318407548
Zhejiang Shibao Company Limited (SEHK:1057),SEHK:1057,4,1077.4,1035.2336168639054,210.21800000000002,9.943999999999999,11.524000000000001,33.93361686390532,129.18465227817748,143.86494252873564,7.4692180148910925,89.83283728426807,4.924571715380725,52.54992979004596,19.518,38.484521073007635,8.73,1,1.1,0.08314574314574316,0.07174603174603174,0.05481928283971877,0.0473032756471853,8.34,1077.4,0.13361686390532546,0.07146834973083348,0.5278717802547691,0.5262826124840321
"Chongqing Landai Powertrain Corp., Ltd. (SZSE:002765)",SZSE:002765,4,837.2,818.3000000000001,140.39219999999997,14.139800000000001,21.039800000000003,44,58.95774647887325,54.7711678573955,5.938316400580551,38.89295525622867,5.828671393424992,26.482200647249194,7.092199999999999,24.729525536415842,17.1,1,2.75,0.15268359941944848,0.102611030478955,0.14986445115896757,0.10071642156758,14.2,837.2,0,10.451505016722408,0.222306694097216,0.26828617970636576
Munjal Auto Industries Limited (BSE:520059),BSE:520059,6,60.7,73.3,45.1,4.91,7.16,12.6,12.362525458248474,13.328941589811155,0.5338674435542606,10.237430167597765,1.6252771618625277,7.643378519290928,0,7.643378519290928,6.2,1,1.29,0.05214857975236708,0.03576110706482156,0.15875831485587583,0.10886917960088692,4.91,60.7,0,0.057660626029654036,0.4700105759923095,0.40151554942240153
EP Manufacturing Bhd (KLSE:EPMB),KLSE:EPMB,6,26.6,78.69999999999999,142.2138,3.6050000000000004,8.764999999999999,65,7.514124293785311,4.140223632517377,0.5799557848194546,8.978893325727325,0.5533921461911572,3.0269230769230764,0.7138,2.9974101157830586,5.57,1,2.07,0.06459100957995578,0.02656595431098011,0.06163255605292876,0.025349157395414514,3.54,26.6,0,False,0.479938741214691,0.7857349458078183
Lumax Auto Technologies Limited (NSEI:LUMAXTECH),NSEI:LUMAXTECH,6,51.2,57.6,48.712999999999994,4.1975999999999996,7.2576,6.4,10.940170940170942,10.940170940170942,0.4327573253193088,7.936507936507937,1.1824359000677438,5.485714285714286,0.913,5.485714285714286,7.57,1,2.59,0.05452742299023291,0.03153719008264463,0.14898692340853573,0.08617001621743682,4.68,51.2,0,0.09765625,0.3069598183591971,0.4303920904710711
"Unique Fabricating, Inc. (AMEX:UFAB)",AMEX:UFAB,6,119.3,164.80569728765576,58.441,5.19,11.3,46.264697287655736,22.986512524084777,22.933062487908682,1.2438165833030623,14.584574981208473,2.82003554503954,11.135520087003767,0,11.135520087003767,7.74,1,2.55,0.08528301886792454,0.03916981132075472,0.19335740319296385,0.0888075152718126,5.19,119.3,5.164697287655736,0.008382229673093043,0.33010611282904767,1.2515871709313902
Fiem Industries Ltd. (BSE:532768),BSE:532768,6,99.6,99.88758220638753,2.3758000000000004,7.2620000000000005,12.072,0.28758220638754295,14.668630338733431,14.738088191772713,0.756724107624148,8.274319268256091,42.043767238987925,6.090706232096801,2.3758000000000004,5.7499183862760495,9.74,1,2.94,0.09145454545454546,0.05501515151515152,5.081235794258775,3.056654600555602,6.79,99.6,0.28758220638754295,0.15813253012048192,0.11529376635816468,0.39389383667510863
Scandinavian Brake Systems A/S (CPSE:SBS),CPSE:SBS,6,17.1,89.57,73.0774,8.8576,6.097600000000001,72.5,1.9278466741826383,1.9277244494635801,0.686360153256705,14.689385987929674,1.2256867376233964,11.071693448702101,2.5174,10.034730002240645,12.7,1,3.87,0.046724904214559396,0.0678743295019157,0.08344029754753181,0.12120847211312936,8.87,17.1,0,0.029239766081871343,0.29338893773169983,3.905434453634686
"Owari Precise Products Co.,Ltd. (NSE:7249)",NSE:7249,6,34,6.599999999999998,68.13180000000001,5.4078,3.9877999999999996,3.9,6.261510128913444,0.535077288941736,0.05073020753266717,1.655047896083053,0.09687106461300005,0.6599999999999998,0.0318,0.6599999999999998,6.64,1,1.01,0.030651806302843965,0.041566487317448116,0.05853067143389722,0.07937262775972452,5.43,34,0,0.21323529411764705,0.5689327444910891,0.7292023434161075
PT. Indospring Tbk (JKSE:INDS),JKSE:INDS,6,16.7,41.95,160.05,3.65,7.03,28,4.575342465753424,4.119905493207324,0.3236882716049383,5.9672830725462305,0.2621055920024992,3.202290076335878,0,3.202290076335878,4.82,1,1.07,0.054243827160493835,0.02816358024691358,0.043923773820681036,0.022805373320837236,3.65,16.7,0,1.8862275449101797,0.6023244204211553,0.7253058010324999
Compania Goodyear del Peru S.A. (BVL:GOODYEI1),BVL:GOODYEI1,6,58.4,55.89,143.69,10.9,13.2,0,5.3577981651376145,6.758162031438936,0.43125,4.234090909090909,0.388962349502401,3.087845303867403,0,3.087845303867403,16.1,1,5.17,0.10185185185185185,0.08410493827160495,0.09186443037093743,0.07585774932145592,10.9,58.4,0,0.008561643835616438,0.3097180007830346,0.3263764570684198
Rane (Madras) Limited (BSE:532661),BSE:532661,6,49.3,82.19331378158557,59.778000000000006,1.7063999999999997,5.9364,32.89331378158557,29.87878787878788,30.909090909090907,0.6492362857945149,13.845649515124583,1.3749759741307097,7.147244676659615,2.878,6.580729686275866,2.21,1,0.565,0.04689099526066351,0.013478672985781988,0.09930743751881962,0.02854561878952122,1.65,49.3,0.19331378158556717,0.005070993914807302,0.8863991036242117,0.8982120710958335
"Jui Li Enterprise Co.,Ltd. (TSEC:1512)",TSEC:1512,6,20.9,81.7,118.0618,-8.255199999999999,-5.5452,72,NA,-1.1623726782504495,0.6520351157222666,NA,0.692010455541081,11.442577030812325,0.36179999999999995,11.272075055187639,NA,1,NA,-0.04425538707102953,-0.06588347964884277,-0.04696862151856062,-0.06992270150040063,NA,NA,0,0.6698564593301436,2.5539590350627797,10.597329119431295
"Eurocharm Holdings Co., Ltd. (TSEC:5288)",TSEC:5288,6,142.3,117.9,45.72999999999999,11.878,13.277999999999999,2.6,12.059322033898304,10.725581395348838,0.9485116653258246,8.879349299593313,2.5781762519134053,6.407608695652175,3.3299999999999996,6.0306905370844,15.5,1,3.73,0.10682220434432824,0.09555913113435238,0.29035643997375904,0.2597419636999782,11.8,142.3,0,2.8285312719606464,0.28766223938570823,0.20025309895853333
"ZheJiang YueLing CO.,LTD. (SZSE:002725)",SZSE:002725,5,412.5,376.3,116.678,11.026,11.226,0,35.256410256410255,35.53352219074599,3.0643322475570036,33.52039907357919,3.22511527451619,22.266272189349117,13.278000000000002,18.030666027791092,13.5,1,1.78,0.09141693811074919,0.08978827361563518,0.09621351068753323,0.09449939148768405,11.7,412.5,0,3.0303030303030303,0.3002786465170201,0.3531190458323075
Schaffer Corp. Ltd. (ASX:SFC),ASX:SFC,6,48,109.65058651115645,106.77,2.72,6.91,64.88058651115645,17.64705882352941,16.958333333333332,0.9062031943070781,15.86839168034102,1.0269793622848782,10.059686835885913,0,10.059686835885913,4.01,1,0.807,0.05710743801652893,0.02247933884297521,0.0647185539009085,0.02547532078299148,2.72,48,13.680586511156456,0.046875,0.29755551115228185,0.3777711333021997
Automotive Components Europe S.A. (WSE:ACE),WSE:ACE,6,64.5,82.80919938103129,61.440000000000005,3.8959999999999995,8.106,27.079199381031287,17.479674796747968,15.226775956284154,0.6849396144005896,10.21579069590813,1.3478059795089727,6.000666621813862,6.01,5.156239064821375,6.63,1,2.95,0.06704714640198511,0.03222497932175351,0.13193359375,0.06341145833333332,3.69,64.5,1.8791993810312877,0.27906976744186046,0.5168011008938996,0.8850293989692326
P.C.S. Machine Group Holding Public Company Limited (SET:PCSGH),SET:PCSGH,5,259.6,245.95369962868784,125,18,17.3,8.353699628687796,14.422222222222224,13.51689612015019,2.049614163572399,14.216976857149586,1.9676295970295028,7.108488428574793,0,7.108488428574793,18,1,-0.037,0.14416666666666667,0.15,0.1384,0.144,18,259.6,8.353699628687796,0.09341294298921417,0.43490918018831465,0.4279262253623391
"Mianyang Fulin Precision Machining Co., Ltd. (SZSE:300432)",SZSE:300432,4,1152.2,1129.41,120.27200000000002,24.610000000000003,28.310000000000002,5.81,49.45064377682404,49.05264996070898,9.419599666388658,39.89438361003179,9.390464946122123,NA,10.162,NA,27.4,1,4.06,0.23611342785654713,0.20525437864887408,0.23538313156844484,0.2046195290674471,23.3,1152.2,0,9.872417982989065,0.4844700039370362,0.523969716022499
Ucal Fuel Systems Ltd. (BSE:500464),BSE:500464,6,33.2,33.2,4.611999999999999,3.5180000000000002,9.578,0,8.447837150127226,8.581028689583873,0.27829002514668905,3.4662768845270415,7.19861231569818,2.169934640522876,4.611999999999999,1.993993993993994,5.33,1,1.4,0.08028499580888517,0.02948868398994133,2.0767562879444927,0.7627927146574156,3.93,33.2,0,0.0753012048192771,#DIV/0!,#DIV/0!
"Iron Force Industrial Co., Ltd. (TSEC:2228)",TSEC:2228,5,363.6,349.18,76.692,17.112000000000002,19.212,9.08,21.903614457831324,20.487951807228914,2.95414551607445,18.175098896523007,4.553017263860638,15.65829596412556,9.012,13.68796550372403,21.6,1,5.04,0.16253807106598983,0.14477157360406093,0.25050852761696135,0.22312627131904245,16.6,363.6,0,1.9595709570957094,0.42728369598507926,0.403845895558126
Xiezhong International Holdings Limited (SEHK:3663),SEHK:3663,6,204.4,247.33365384615385,187.59799999999998,6.332,10.232,46.88365384615384,31.446153846153848,31.21787883507242,2.1193972051941206,24.172561947434897,1.318423724379545,12.749157414750199,11.648000000000001,10.75363712374582,8.17,1,1.39,0.08767780634104541,0.05425878320479863,0.05454215929807354,0.033753025085555284,6.5,204.4,0.08365384615384615,0.24706457925636008,0.25746818284830286,0.3464908512820733
Actron Technology Corporation (GTSM:8255),GTSM:8255,6,233.7,217.08999999999997,86.53800000000001,20.092,23.292,1.29,12.497326203208557,11.634050353118766,1.8976398601398599,9.320367508157306,2.508608934803207,7.384013605442177,16.148,6.115211267605633,22.9,1,3.84,0.20360139860139861,0.17562937062937062,0.2691534354849892,0.2321754604913448,18.7,233.7,0,0.9927257167308515,0.39941044497580763,0.38971659235675843
"E-Lead Electronic Co., Ltd. (TSEC:2497)",TSEC:2497,6,163.2,152.87,75.306,14.682,14.182,7.27,11.657142857142857,10.774809442758825,1.33861646234676,10.779156677478493,2.0299843305978276,9.099404761904761,22.636,6.209179528838343,16.7,1,2.76,0.12418563922942207,0.12856392294220664,0.18832496746607177,0.1949645446577962,14,163.2,0,5.0704656862745106,1.9609475819288185,2.028906034968269
S.C. Compa SA (BVB:CMP),BVB:CMP,6,38.7,50.481,99.281,6.45,8.42,12,6,5.966971623507521,0.44398416886543535,5.9953681710213775,0.5084658696024416,3.195,0,3.195,7.72,1,1.28,0.07405452946350044,0.05672823218997362,0.08480978233498856,0.0649671135463986,6.45,38.7,0,False,0.4595736302276604,0.6728166581791223
Bharat Seats Ltd. (BSE:523229),BSE:523229,6,15.1,29.5,22.2024,1.2704,2.5204,14.4,12.37704918032787,12.37704918032787,0.2645739910313901,11.704491350579273,1.3286851871869707,5.739299610894942,0.5324,5.52124274752012,1.73,1,0.512,0.022604484304932736,0.01139372197309417,0.11351925917918783,0.05721903938312975,1.22,15.1,0,0.11589403973509935,0.5314640156589079,0.36559846553776365
Fine Blanking & Tool Co. Ltd. (GTSM:4535),GTSM:4535,6,105.2,106.80000000000001,78.95280000000001,6.984,9.054,13.9,15.028571428571428,14.039594982620525,0.9735642661804923,11.795891318754142,1.3527069337629571,7.072847682119206,1.5528000000000002,6.839139344262296,9.46,1,1.98,0.0825341841385597,0.06366453965360072,0.11467611028361248,0.08845791409551022,7,105.2,0,0.2590304182509506,0.17906872536480817,0.18791612507145913
Hu Lane Associate Inc. (GTSM:6279),GTSM:6279,5,412.2,399.2,109.91799999999999,26.494,32.593999999999994,12.6,15.613636363636363,14.877814123532806,3.6523330283623054,12.247652942259313,3.6317982496042505,10.505263157894737,7.3180000000000005,9.861660079051385,33.5,1,7.13,0.29820677035681603,0.2423970722781336,0.2965301406503029,0.24103422551356468,26.4,412.2,0,3.408539543910723,0.5731313264469461,0.5381379219973089
"Fuxin Dare Automotive Parts Co.,Ltd. (SZSE:300473)",SZSE:300473,4,777.6,610.3,76.85199999999999,23.9288,26.6288,0,35.02702702702703,28.379446640316203,5.609375,22.91879468845761,7.941237703638162,20.688135593220338,8.152000000000001,18.51638349514563,26.3,1,4.61,0.24475,0.21993382352941176,0.34649456097434034,0.3113620985790871,22.2,777.6,0,4.758230452674897,0.0829311180974912,0.07248264751968657
"Macauto Industrial Co., Ltd. (GTSM:9951)",GTSM:9951,5,396.9,396.09999999999997,70.54,18.302,22.402,27.5,22.55113636363636,21.422759502499122,3.7018691588785044,17.681457012766714,5.615253756733767,15.971774193548386,17.34,12.814623099320608,22,1,4.43,0.2093644859813084,0.1710467289719626,0.31757867876382195,0.2594556280124752,17.6,396.9,0,2.2612748803224996,0.5916889249191399,1.078165297727897
China Automobile Parts Holdings Limited (KLSE:CAP),KLSE:CAP,6,39.3,-30.970000000000006,58.42999999999998,15.6,24.1,1.13,2.519230769230769,-2.1649693127402716,-0.2969319271332695,-1.2850622406639005,-0.5300359404415543,-1.2388000000000003,0,-1.2388000000000003,25.6,1,9.96,0.2310642377756472,0.14956855225311602,0.4124593530720522,0.2669861372582578,15.6,39.3,0,1.2277353689567432,0.2748399561599171,0.23070659194479906
Paragon AG (XTRA:PGN),XTRA:PGN,6,109,144.90718681471336,77.982,5.268000000000001,9.528000000000002,48.40718681471338,22.708333333333336,20.88292577364207,1.397369207470717,15.208562847891827,1.8582132647881993,10.277105447852012,29.782,5.890536049378591,7.3,1,2.5,0.0918804243008679,0.05080038572806172,0.12218204200969457,0.06755405093483112,4.8,109,7.707186814713374,0.1559633027522936,9.357419379957744,6.0847021798876915
"Ningbo Gaofa Automotive Control System Co., Ltd. (SHSE:603788)",SHSE:603788,4,562.7,552.4000000000001,105.554,18.156,19.656,0,31.790960451977405,31.92509969369474,5.352713178294574,28.10337810337811,5.233340280804139,26.94634146341464,10.054,23.064718162839252,19.5,1,1.77,0.19046511627906976,0.17593023255813953,0.18621748109972144,0.17200674536256322,17.7,562.7,0,5.464723653811977,0.3137084717150249,0.3308259760594529
Ege Endüstri ve Ticaret A.S. (IBSE:EGEEN),IBSE:EGEEN,5,279.8,265.112,42.75220000000001,28.9632,27.563200000000002,0.012,9.68166089965398,9.246276725611246,2.6778989898989902,9.618331688628317,6.201131169857924,9.141793103448277,1.8401999999999996,8.927832968513219,32.9,1,4.01,0.2784161616161616,0.29255757575757574,0.6447200377992243,0.6774668905927647,28.9,279.8,0,4.235167977126519,0.9648695722258375,1.0279599833841224
Pininfarina SpA (BIT:PINF),BIT:PINF,6,156.8,235.4,104.6,-1.74,3.87,97.2,NA,-66.4423076923077,2.439378238341969,60.82687338501292,2.2504780114722753,30.89238845144357,0,30.89238845144357,NA,1,NA,0.040103626943005184,-0.018031088082901554,0.0369980879541109,-0.016634799235181644,NA,NA,0,0.17538265306122447,0.9800996023703651,1.7080481582862819
Suprajit Engineering Ltd. (BSE:532509),BSE:532509,6,243.8,274.3054202560377,69.32919999999999,7.8378000000000005,13.537799999999999,30.505420256037684,29.023809523809526,29.023809523809526,2.801893976057586,20.262185898450095,3.956564048857303,17.697123887486303,1.1292,17.697123887486303,12.5,1,4.06,0.13828192032686412,0.08005924412665986,0.195268371768317,0.11305193194209658,8.4,243.8,0.10542025603768451,0.002050861361771944,0.45117593973163195,0.5365086322378636
Hinduja Foundries Limited (BSE:505982),BSE:505982,6,35.1,121.19999999999999,101.0182,-39.0184,-11.9184,86.1,NA,-0.8858714855383373,1.2456320657759505,NA,1.199783801334809,NA,1.3181999999999998,NA,NA,1,NA,-0.12249126413155191,-0.40101130524152107,-0.11798270014710222,-0.3862511903795554,NA,NA,0,0.007122507122507123,17.534167585557565,2.0381664351369517
Alicon Castalloy Limited (BSE:531147),BSE:531147,6,61.9,82.4,40.8574,2.3579999999999997,5.518000000000001,20.5,21.95035460992908,21.95035460992908,0.8601252609603341,14.932946719826024,2.016770523821878,8.812834224598932,0.7574000000000001,8.812834224598932,4.25,1,1.43,0.057599164926931117,0.02461377870563674,0.1350550940588486,0.05771292348509694,2.82,61.9,0,0.020193861066235864,0.4104229630224916,0.995470127988807
"Global PMX Co., Ltd. (TSEC:4551)",TSEC:4551,6,177.2,197.99999999999997,88.8526,9.1868,11.7568,36.2,20.067950169875424,18.403093721565057,2.075471698113207,16.841317365269457,2.228409748279735,9.999999999999998,2.0526000000000004,9.56660385563125,11.6,1,2.78,0.12323689727463312,0.09629769392033542,0.13231801883118785,0.1033937104823044,8.83,177.2,0,1.4531602708803613,0.6603571734815497,0.6745247595483599
"Showa Holdings Co., Ltd. (TSE:5103)",TSE:5103,6,40.2,158.2,261.432,1.5418,8.601799999999999,153.3,24.814814814814817,4.827586206896557,1.6617647058823528,18.391499453602734,0.6051286759080754,14.924528301886792,1.032,14.499129319035834,11.7,1,2.21,0.0903550420168067,0.016195378151260504,0.03290262859940634,0.005897518283913216,1.62,40.2,0,0.7773631840796019,4.3788920577189145,0.9753035599427319
"Changchun Yidong Clutch Co.,Ltd (SHSE:600148)",SHSE:600148,4,612.9,603.0799999999999,73.324,5.116,7.836,9.68,138.66515837104072,138.35392865469808,6.436286019210245,76.96273608984174,8.224864982815994,65.26839826839826,14.443999999999999,41.82246879334257,7.49,1,1.13,0.08362860192102455,0.05459978655282817,0.10686814685505429,0.06977251650210027,4.42,612.9,0,25.330396475770925,1.2254701192605708,1.841980905296493
The General Tyre and Rubber Company of Pakistan Limited (KASE:GTYR),KASE:GTYR,6,88.5,100.33838761436385,33.13,7.2,13.4,14.208387614363858,12.291666666666666,11.96748645268862,1.07659214178502,7.487939374206258,3.0286262485470523,6.644926332077077,0,6.644926332077077,10.8,1,3.58,0.14377682403433475,0.07725321888412016,0.4044672502263809,0.21732568668880167,7.2,88.5,1.9083876143638578,0.2598870056497175,0.40388366325740227,1.0709201680033213
Harita Seating Systems Limited (BSE:590043),BSE:590043,6,28.6,28.6,0,1.2826,3.5626,0,20.140845070422536,20.620043258832013,0.3088552915766739,8.027844832425757,NA,4.956672443674178,0,4.956672443674178,3.47,1,1.15,0.03847300215982722,0.01385097192224622,NA,NA,1.42,28.6,0,0.00874125874125874,0.4314038186217384,0.8371941019596608
"Shanghai Lianming Machinery Co., Ltd. (SHSE:603006)",SHSE:603006,5,376.2,374.73,95.4012,10.325000000000001,13.625000000000002,3.23,37.62,38.012892663460555,4.0555194805194805,27.503119266055045,3.9279380133583226,22.305357142857144,2.9712,20.887959866220736,13.4,1,3.39,0.14745670995670998,0.11174242424242424,0.14281791004725308,0.10822715018259729,10,376.2,0,2.5318979266347688,0.374078828995057,0.40892712285237753
"JaBon International Co.,Ltd. (GTSM:1566)",GTSM:1566,6,39.5,62.2,73.88799999999999,2.13,0.2669999999999999,39.4,17.477876106194692,10.550670985654792,0.6850220264317182,232.95880149812743,0.8418146383715895,12.851239669421489,3.5879999999999996,10.38397328881469,2.43,1,0.29,0.0029405286343612324,0.023458149779735683,0.0036135773061931565,0.028827414465136425,2.26,39.5,0,1.7721518987341771,1.280036784649712,0.7907522983930912
Innovalues Limited (SGX:591),SGX:591,6,149.4,136.98841179338152,43.41,15.6,15.9,7.588411793381507,9.576923076923077,8.316195372750643,1.5947428613897732,8.615623383231542,3.155687901252742,6.401327653896333,0,6.401327653896333,17.4,1,1.8,0.18509895227008147,0.18160651920838183,0.3662750518313753,0.35936420179682105,15.6,149.4,1.1784117933815073,0.8266398929049531,1.035033150976047,2.0011134556224466
Public Joint Stock Company Chelyabinsk Forge and Press Plant (MICEX:CHKZ),MICEX:CHKZ,6,18.3,69.135,77.53500000000001,2.44,-1.93,51.2,7.500000000000001,7.949911347517732,0.8143109540636042,NA,0.8916618301412265,12.412028725314183,0,12.412028725314183,2.98,1,0.534,-0.02273262661955241,0.0287396937573616,-0.024891984265170565,0.03146965886373895,2.44,18.3,0,False,1.2100591086583203,0.49772478198893133
Luhai Holding Corp. (TSEC:2115),TSEC:2115,6,103.4,98.7,58.8648,7.725600000000001,9.7056,14.8,13.341935483870968,11.553291104378959,1.1708185053380784,10.169386745796242,1.6767236107147225,8.15702479338843,2.1648,7.700709994538504,10,1,2.25,0.11513167259786478,0.09164412811387902,0.16487952052839727,0.1312431198271293,7.75,103.4,0,1.5667311411992262,0.3154662576540255,0.3972338664839685
"Hunan Tyen Machinery Co., Ltd. (SHSE:900946)",SHSE:900946,4,855.5,817.6999999999999,92.27200000000002,-2.4890000000000003,-3.4200000000000004,21.3,NA,-860.972972972973,9.72294887039239,NA,8.86184324605514,336.5020576131687,16.672,115.0070323488045,NA,1,NA,-0.04066587395957195,-0.029595719381688472,-0.03706433154152939,-0.026974596844113054,NA,NA,0,0.18468731735827001,2.639324487661893,2.6925291460237277
Setco Automotive Limited (BSE:505075),BSE:505075,6,95.6,95.6,1.3084,4.1634,8.6634,0,28.8821752265861,33.82873319179051,1.139451728247914,11.03492854999192,73.06634056863344,9.627391742195368,1.3084,8.760194263722166,4.17,1,0.876,0.1032586412395709,0.04962336114421931,6.621369611739529,3.1820544176092938,3.31,95.6,0,0.005230125523012553,#DIV/0!,#DIV/0!
"Aeon Motor Co., Ltd. (GTSM:1599)",GTSM:1599,6,66.7,44.400000000000006,22.276000000000003,5.231999999999999,4.731999999999999,0,14.406047516198704,9.924005364327225,0.5311004784688996,9.382924767540155,1.9931765128389298,9.288702928870293,8.876,5.522388059701494,5.82,1,1.19,0.05660287081339713,0.06258373205741627,0.212425929251212,0.23487161070210086,4.63,66.7,0,7.383808095952023,0.4483029079939669,0.4418828508920148
Thai Steel Cable Public Company Limited (SET:TSC),SET:TSC,6,90.4,92.40417899408286,46.699999999999996,3.7,4.21,18.10417899408284,24.43243243243243,20.081081081081084,1.1053131458622352,21.948736103107567,1.9786762097234019,11.092938654751844,0,11.092938654751844,3.74,1,0.045,0.05035885167464115,0.04425837320574163,0.09014989293361884,0.07922912205567453,3.7,90.4,2.80417899408284,0.0027654867256637168,0.27626460675185044,0.2733216900242337
Public Joint-Stock Company Orders of Lenin and October Revolution Yaroslavl Tyre Plant (MICEX:YASH),MICEX:YASH,6,25.4,103.08699999999999,173.68699999999998,-21.9,-14.2,77.7,NA,-1.1570048309178742,1.2390264423076922,NA,0.5935216798033244,51.03316831683168,0,51.03316831683168,NA,1,NA,-0.1706730769230769,-0.2632211538461538,-0.08175626270244751,-0.12608888402701413,NA,NA,0,False,2.075746883282822,6.1772134003460755
"Mobiletron Electronics Co., Ltd. (TSEC:1533)",TSEC:1533,6,134.2,154.2,97.446,4.863999999999999,8.553999999999998,46.3,28.73661670235546,25.937499999999996,1.8668280871670702,18.026654196866964,1.5824148759312848,13.408695652173913,7.7459999999999996,10.866807610993657,7.24,1,2.57,0.1035593220338983,0.05888619854721549,0.087781951029288,0.049914824620815625,4.67,134.2,0,3.3718330849478395,0.5128631664255732,1.0015743949629896
Cub Elecparts Inc. (TSEC:2231),TSEC:2231,4,909,887.34,55.24200000000001,31.321999999999996,35.222,3.64,29.60912052117264,28.791581142280002,10.874264705882354,25.192777241496792,16.062778320842835,23.599468085106384,10.502,21.42298406566876,35.8,1,5.17,0.43164215686274515,0.3838480392156862,0.6375945838311429,0.5669961261359109,30.7,909,0,3.7678767876787678,0.6176604644372385,0.7199924575420588
"Nikki Co., Ltd. (TSE:6042)",TSE:6042,6,26.5,30.6,57.87380000000001,5.0676000000000005,5.047600000000001,21.5,5.0476190476190474,1.8828884750672463,0.3825,6.062287027498216,0.5287366649502884,2.448,1.3738000000000001,2.376514445479963,6.79,1,1.68,0.06309500000000001,0.06334500000000001,0.08721735915042732,0.08756293867000266,5.25,26.5,0,0.10377358490566038,6.326215063653002,5.143681921332368
"Gordon Auto Body Parts Co., Ltd. (TSEC:1524)",TSEC:1524,6,28.1,84.10000000000001,113.7854,-9.3354,0.6326,67.3,NA,-1.7828716969118117,1.055207026348808,132.94340815681315,0.739110641611314,5.6824324324324325,0.3854,5.636351450975136,NA,1,NA,0.007937264742785445,-0.11713174404015056,0.005559588488505556,-0.08204391776097812,NA,NA,0,0.0889679715302491,2.9790533337765375,8.027928471575478
Tadir-Gan (Precision Products) 1993 Ltd. (TASE:TDGN),TASE:TDGN,6,49.3,66.91999999999999,47.5568,-3.0020000000000002,-2.2920000000000003,20.3,NA,-13.419689119170982,0.8481622306717361,NA,1.4071594388184232,11.518072289156626,1.1368,10.757113004340138,NA,1,NA,-0.029049429657794678,-0.038048162230671735,-0.04819500050465969,-0.06312451636779598,NA,NA,0,0.005070993914807302,0.8353718688212252,1.2914577936350755
Hwa Fong Rubber Thailand Public Company Limited (SET:HFT),SET:HFT,6,90.8,75.6531344138928,46.900000000000006,9.99,12.6,0.053134413892801644,9.08908908908909,7.57135703555333,0.961285062438282,6.004217016975619,1.6130732284412108,4.880847381541471,0,4.880847381541471,12.5,1,2.49,0.16010165184243963,0.12693773824650573,0.2686567164179104,0.2130063965884861,9.99,90.8,0.053134413892801644,1.723568281938326,0.9043922824092597,1.0834996753575863
"Jiangsu LiXing General Steel Ball Co., Ltd. (SZSE:300421)",SZSE:300421,5,436,434.28000000000003,94.70400000000001,7.9799999999999995,11.05,9.68,53.62853628536285,52.47806204424669,5.525190839694657,39.30135746606335,4.585656360871769,28.200000000000003,7.524,24.535593220338985,9.67,1,1.46,0.14058524173027992,0.10152671755725191,0.11667933772596722,0.08426254434870754,8.13,436,0,2.889908256880734,0.05519495780365327,0.06318860597367058
Atul Auto Limited (BSE:531795),BSE:531795,6,153,153.0611825915618,19.1072,5.9166,8.9766,0.06118259156178543,25.628140703517587,25.628140703517587,1.949823982058112,17.05113100634559,8.010654757974052,15.650427667848854,0.1072,15.650427667848854,8.9,1,2.93,0.11435159235668789,0.07537070063694268,0.4698019594707754,0.3096529057109362,5.97,153,0.06118259156178543,0.24183006535947713,0.5608346098406622,0.545677616837987
Parsan Makina Parcalari Sanayii AS (IBSE:PARSN),IBSE:PARSN,6,202.6,264.73,215.73000000000002,6.68,8.01,66.7,30.32934131736527,42.1340425531915,3.4514993481095178,33.04993757802747,1.2271357715663098,19.60962962962963,0,19.60962962962963,8.35,1,0.888,0.1044328552803129,0.08709256844850065,0.037129745515227366,0.030964631715570384,6.68,202.6,0,0.7465449160908194,0.9301433637681342,1.1108751105491552
Lingotes Especiales SA (CATS:LGT),CATS:LGT,6,95.2,96.75,37.5414,5.965400000000001,7.465400000000001,11.2,15.893155258764608,14.282136894824706,1.2680209698558322,12.959787821148229,2.57715482107753,8.561946902654867,0.9914000000000001,8.324728962312856,7.77,1,1.78,0.0978427260812582,0.07818348623853212,0.1988577943283948,0.15890190562951836,5.99,95.2,0,0.052521008403361345,0.7085016183678906,0.5360486966842022
"Tsang Yow Industrial Co., Ltd. (TSEC:1568)",TSEC:1568,6,53.4,75.42,74.4202,3.5826000000000007,5.262600000000001,25.9,15.084745762711863,14.108262108262107,1.0029255319148935,14.3313191198267,1.0134345244973813,6.794594594594595,3.2002,6.1819672131147545,4.76,1,1.24,0.06998138297872342,0.04764095744680852,0.07071467155422857,0.04814015549541658,3.54,53.4,0,0.149812734082397,4.993820111050041,11.318048267713015
"Sichuan Haowu Electromechanical Co., Ltd. (SZSE:000757)",SZSE:000757,4,637.7,609.1,62.718599999999995,3.945,4.414999999999999,0,151.4726840855107,219.1007194244604,8.32103825136612,137.9614949037373,9.711632593839788,85.54775280898876,2.8186,76.44327309236948,5.8,1,1.6,0.06031420765027321,0.053893442622950816,0.07039379067772558,0.062900000956654,4.21,637.7,0,6.311745334796926,3.3477507981804284,4.917754017083825
Nipress PT (JKSE:NIPS),JKSE:NIPS,6,46.3,94.82,93.32,3.12,7.89,50.5,14.839743589743588,14.205128205128204,1.3042640990371388,12.017743979721166,1.016073724817831,8.62,0,8.62,4.37,1,1.25,0.10852819807427784,0.04291609353507565,0.08454779254179169,0.03343334762108873,3.12,46.3,0,0.12958963282937366,0.6559510473806022,0.8705322745279105
Zhejiang Longsheng Automotive Parts Stock Limited Co. (SZSE:002625),SZSE:002625,4,1801,1802.7099999999998,88.69800000000001,5.981999999999999,6.372,4.84,299.16943521594686,327.3616168973052,25.21272727272727,282.91117388575015,20.324133576856294,189.958904109589,6.388000000000001,155.54012079378774,6.91,1,0.894,0.08911888111888112,0.08366433566433565,0.07183927484272475,0.06744233240884799,6.02,1801,0,15.44975013881177,0.2297382122388329,0.2682743465643623
"Jiangsu Yunyi Electric Co., Ltd. (SZSE:300304)",SZSE:300304,4,541.8,475.29999999999995,116.67599999999999,14.174,11.174,0,40.43283582089552,49.15201654601861,6.647552447552447,42.53624485412565,4.073674106071515,34.44202898550724,14.076,25.21485411140583,15.1,1,1.92,0.15627972027972029,0.19823776223776224,0.09576948129863898,0.12148171003462581,13.4,541.8,0,6.321520856404578,0.5050899652248996,0.5639054519548796
"Sava, Druzba Za Upravljanje In Financiranje, D. D. (LJSE:SAVA)",LJSE:SAVA,6,0.111,297.471,267.76,-50.4,2.32,301.1,NA,0.07165281260489269,4.160433566433566,128.22025862068966,1.1109613086345982,28.063301886792456,0,28.063301886792456,NA,1,NA,0.032447552447552444,-0.7048951048951049,0.008664475649835673,-0.18822826411711982,NA,NA,0,False,1.6157180019796633,2.213245793837898
Shivam Autotech Limited (BSE:532776),BSE:532776,6,104.6,136.93886288233557,59.7,4.39,8.8,32.338862882335576,23.826879271070617,23.826879271070617,1.9618748263944925,15.561234418447222,2.2937832978615673,10.143619472765598,0,10.143619472765598,5.67,1,1.29,0.12607449856733527,0.06289398280802293,0.1474036850921273,0.07353433835845895,4.39,104.6,1.138862882335576,0.033460803059273424,0.2939043066767819,0.3408147594385638
Hi-Tech Gears Limited (BSE:522073),BSE:522073,6,83.3,91.16382801958292,35.7838,3.3376,5.0476,7.863828019582917,24.005763688760805,24.005763688760805,1.3231324821419872,18.060826535300524,2.5476284804739273,10.454567433438408,0.33380000000000004,10.454567433438408,5.05,1,1.58,0.0732597968069666,0.04844121915820029,0.14105824423342406,0.09327125682571444,3.47,83.3,0.9138280195829168,0.015006002400960384,0.5572057037597076,0.6820346174522982
"Chian Hsing Forging Industrial Co., Ltd. (GTSM:4528)",GTSM:4528,6,158,172.6,68.95,8.808,10.718,29,16.826411075612352,15.307536509966953,2.5570370370370368,16.103750699757416,2.5032632342277013,11.207792207792208,4.449999999999999,10.410132689987936,12.8,1,3.44,0.1587851851851852,0.13048888888888888,0.1554459753444525,0.12774474256707757,9.39,158,0,7.136075949367089,0.5678213343336629,0.5469045798204464
Kanemitsu Corporation (TSE:7208),TSE:7208,6,30.4,31.474176021231504,66.09500000000001,4.144,5.034,13.3741760212315,6.816143497757848,4.149472718936267,0.4725852255440166,6.252319432107967,0.4761960212002647,3.309587383936015,2.995,3.035410938492767,6.55,1,1.98,0.07558558558558559,0.06222222222222223,0.07616309857023978,0.06269763219608139,4.46,30.4,0.07417602123149962,0.16447368421052633,0.4723175260059207,0.6239797148366758
Bharat Gears Ltd. (NSEI:BHARATGEAR),NSEI:BHARATGEAR,6,11.2,27.39347129911552,26.799999999999997,0.334,2.2,16.193471299115522,33.532934131736525,42.91187739463601,0.41131338286960245,12.451577863234327,1.0221444514595346,6.142033923568503,0,6.142033923568503,0.106,1,-0.228,0.03303303303303304,0.0050150150150150155,0.08208955223880599,0.01246268656716418,0.334,11.2,0.49347129911552323,1.3169642857142858,0.7485141675864408,0.9728406155446699
Pacific Insight Electronics Corp. (TSX:PIH),TSX:PIH,6,19.5,34.502766857390924,33.0306,2.3048,3.8247999999999998,15.404766857390928,9.948979591836736,9.743877551020407,0.5219783185686978,9.020802880514255,1.0445697885412595,6.712600555912632,2.8326000000000002,5.476629659903321,2.83,1,0.872,0.05786384266263238,0.03486838124054464,0.11579565614914654,0.06977772126452442,1.96,19.5,0.9047668573909283,0.038461538461538464,1.8292697951571615,1.7975365019582414
Rane Brake Lining Limited (BSE:532987),BSE:532987,6,37.8,45.9,31.162000000000003,3.064,4.514,8.1,13.846153846153845,14.258770275367786,0.6986301369863013,10.168365086397872,1.4729478210641165,6.071428571428571,3.962,5.07182320441989,3.51,1,0.781,0.0687062404870624,0.04663622526636225,0.14485591425454078,0.09832488287016238,2.73,37.8,0,0.013227513227513229,0.2723735246294415,0.32254322463884255
Enkei Wheels (India) Limited (BSE:533477),BSE:533477,6,36.4,50.61346153846154,17.0594,0.8524,2.6164,14.213461538461539,53.06122448979591,55.15151515151515,0.7786686390532545,19.34469558877142,2.966895760604801,6.961961697174903,0.37939999999999996,6.767410287265884,0.709,1,0.023,0.04025230769230769,0.013113846153846155,0.15336998956586984,0.04996658733601417,0.686,36.4,0.41346153846153844,0.20604395604395606,0.6609397802750053,7.476180509576939
Thai Rung Union Car Public Company Limited (SET:TRU),SET:TRU,6,67.8,62.74364413002332,88.719,4.18,-0.388,0.3436441300233239,16.220095693779903,15.200974421437273,0.9667741776582945,NA,0.7072176662273394,13.759571081145467,0,13.759571081145467,4.73,1,0.402,-0.005978428351309707,0.06440677966101693,-0.004373358581589062,0.04711504863670691,4.18,67.8,0.0246441300233239,0.018436578171091445,2.7252115842449696,1.4644723545237373
Rane Engine Valve Limited (BSE:532988),BSE:532988,6,51.8,75.9,42.7814,6.1366000000000005,-0.19840000000000002,24.1,8.519736842105262,8.660759070389567,1.1785714285714286,NA,1.7741354887871834,16.82926829268293,0.48140000000000005,16.152372845286234,8.31,1,2.23,-0.0030807453416149067,0.09528881987577639,-0.004637529393614983,0.14344084111319408,6.08,51.8,0,False,0.7807793625734258,10.955407659923463
Interhides Public Company Limited (SET:IHL),SET:IHL,6,81.6,120.15176976252582,69.81400000000001,5.14,6.49,39.037769762525826,15.875486381322958,15.780933852140077,1.8891787698510347,18.51336976310105,1.7210268679996248,11.023098143350992,0,11.023098143350992,5.28,1,0.142,0.10204402515723271,0.08081761006289308,0.09296129716102787,0.07362420144956598,5.14,81.6,0.3377697625258219,0.0428921568627451,0.4282230256122023,0.6758617350976639
Igarashi Motors India Limited (BSE:517380),BSE:517380,5,290,299.9245506846177,49.337599999999995,8.296400000000002,11.4464,9.924550684617673,33.91812865497076,42.836041358936484,4.730671146445075,26.202522250193745,6.079025949470946,20.5427774441519,0.8976,20.299461975270233,13.1,1,4.53,0.18054258675078866,0.1308580441640379,0.23200155662213,0.16815572707225326,8.55,290,0.8845506846176738,0.42758620689655175,0.7805088027461415,1.6268466188647734
Talbros Automotive Components Limited (BSE:505160),BSE:505160,6,24.2,45.099999999999994,41.154399999999995,2.0463999999999998,4.6764,20.9,11.469194312796208,11.469194312796208,0.7309562398703402,9.644170729621075,1.0958731022685302,7.158730158730158,0.2544,7.158730158730158,2.91,1,0.793,0.07579254457050243,0.03316693679092382,0.11363062029819414,0.04972493828120444,2.11,24.2,0,0.030991735537190084,0.2575175316156811,0.41123814179125584
JMT Auto Limited (BSE:513691),BSE:513691,6,204.6,230.304,51.204,1.19,3.95,26.4,171.9327731092437,171.34789915966388,3.7447804878048783,58.304810126582275,4.497773611436607,32.21034965034965,0,32.21034965034965,1.21,1,0.017,0.06422764227642276,0.019349593495934958,0.07714241074916023,0.023240371845949535,1.19,204.6,0,0.37267839687194526,0.28648213788970794,0.30975888780564415
"Tongxin International, Ltd. (OTCPK:TXIC)",OTCPK:TXIC,6,1.16,1.16,0,-8.18,-4.78,0,NA,-0.14180929095354522,0.018985270049099834,NA,NA,NA,0,NA,NA,1,NA,-0.07823240589198036,-0.13387888707037643,NA,NA,NA,NA,0,False,7.129088463052936,10.837015176642055
Fortune Parts Industry Public Company Limited (SET:FPI-R),SET:FPI-R,6,177.3,206.59,55.69,5.67,7.5,31.7,31.269841269841272,30.844797178130513,3.6629432624113476,27.545333333333335,3.709642664751302,16.396031746031746,0,16.396031746031746,7.1,1,1.42,0.13297872340425532,0.10053191489361703,0.1346740887053331,0.10181361106123182,5.67,177.3,0,0.13395375070501972,0.6092715972443532,0.8262838828001289
Société Tunisienne des Industries de Pneumatiques SA (BVMT:STIP),BVMT:STIP,6,2.44,2.44,0,-2.06,4.22,0,NA,-1.1753371868978806,0.04280701754385965,0.5781990521327014,NA,0.4939271255060728,0,0.4939271255060728,NA,1,NA,0.07403508771929825,-0.03614035087719299,NA,NA,NA,NA,0,False,1.273193026986669,0.5008051225521283
Agriauto Industries Limited (KASE:AGIL),KASE:AGIL,6,48.8,46.64,28.547,5.364,8.184000000000001,1.1,9.104477611940297,9.035714285714285,0.8433996383363472,5.698924731182795,1.633796896346376,4.8231644260599795,0.007,4.820671834625323,7.8,1,2.44,0.14799276672694398,0.09699819168173598,0.2866851157739868,0.18790065506007636,5.36,48.8,0,0.09221311475409837,0.2960449830629247,0.22284981904910137
Ghandhara Nissan Ltd. (KASE:GHNL),KASE:GHNL,6,68.6,67.19,25.64,5.33,8.67,2.04,12.99242424242424,12.589371980676328,1.2238615664845174,7.749711649365628,2.6205148205928235,7.163113006396587,0.05,7.125132555673382,8.06,1,2.78,0.15792349726775956,0.0970856102003643,0.3381435257410296,0.2078783151326053,5.28,68.6,0,6.08600583090379,1.063283715242061,2.691676272715393
Govind Rubber Ltd. (BSE:509148),BSE:509148,6,5.61,23.31,22.7,0.009,3.04,17.7,623.3333333333334,-96.72413793103448,0.43007380073800733,7.667763157894736,1.0268722466960352,6.439226519337016,0,6.439226519337016,0.056,1,0.047,0.05608856088560885,0.00016605166051660516,0.13392070484581498,0.00039647577092511013,0.009,5.61,0,0.53475935828877,0.26580127052426256,0.47498605008844613
GRP Limited (BSE:509152),BSE:509152,6,19.1,19.15990283869478,0.4478,1.7418,1.5918,0.05990283869477743,13.450704225352114,13.691756272401435,0.3528527226278965,12.036626987495149,42.78674148882265,5.337020289330023,0.4478,4.8666250542785825,1.76,1,0.345,0.029314917127071828,0.03207734806629835,3.554711924966503,3.889682894149174,1.42,19.1,0.05990283869477743,0.11780104712041883,0.31788517242722664,0.347350699530234
ZF Steering Gear (India) Ltd. (BSE:505163),BSE:505163,6,200,203.55,42.55,5.51,5.73,3.55,36.29764065335753,36.29764065335753,3.8994252873563218,35.52356020942408,4.783783783783784,22.516592920353986,0,22.516592920353986,6.63,1,1.12,0.10977011494252874,0.10555555555555554,0.1346650998824912,0.12949471210340777,5.51,200,0,0.115,0.2775353204153307,0.4479180139464262
"Right Way Industrial Co., Ltd (TSEC:1506)",TSEC:1506,6,54.9,66,56.8664,0.9728,1.8638,22.9,63.17606444188723,52.05314009661835,1.2452830188679245,35.41152484172122,1.1606150556391823,11.438474870017332,2.0664000000000002,10.132023334356772,0.747,1,0.064,0.03516603773584905,0.018354716981132075,0.032775065768186486,0.017106762517057526,0.869,54.9,0,0.45081967213114754,2.694975676695355,1.12482993007149
Y.C.C. Parts MFG. Co. Ltd. (TSEC:1339),TSEC:1339,6,123.3,138.5,111.37239999999998,8.818800000000001,10.778800000000002,34.3,13.947963800904978,11.834185122089721,2.638095238095238,12.849296767729244,1.2435756076011653,7.25130890052356,2.6724,6.921885151681743,11.4,1,2.45,0.20531047619047624,0.16797714285714288,0.09678160836975772,0.07918299327301918,8.84,123.3,0,2.798053527980535,0.28528221030934414,0.3817874852949484
India Nippon Electricals Limited (NSEI:INDNIPPON),NSEI:INDNIPPON,6,66.5,66.5,1.4872,3.8274,4.2674,0,18.021680216802167,22.588315217391305,1.2690839694656488,15.583259127337488,44.71490048413125,12.570888468809073,1.4872,11.379192334017796,5.16,1,1.47,0.08143893129770993,0.07304198473282443,2.8694190424959656,2.573561054330285,3.69,66.5,0,0.02631578947368421,0.3468280204734186,0.16943189427942673
New Hoong Fatt Holdings Bhd (KLSE:NHFATT),KLSE:NHFATT,6,43.6,45.66,87.66,3.59,5.64,7.23,12.144846796657383,10.90522133938706,0.8713740458015267,8.095744680851064,0.5208761122518822,3.8049999999999997,0,3.8049999999999997,5.51,1,1.92,0.10763358778625953,0.06851145038167938,0.06433949349760439,0.04095368469085101,3.59,43.6,0,0.02293577981651376,0.18164298637004858,0.23249874895896838
Kian Shen Corporation (TSEC:1525),TSEC:1525,6,169,169.994,103.3714,11.153999999999998,1.334,1.62,15.089285714285715,15.404757548032936,4.197382716049383,127.43178410794602,1.64449741417839,67.9976,1.8774000000000002,54.836774193548386,12.5,1,1.25,0.03293827160493827,0.2754074074074074,0.012904923412084969,0.10790218571094132,11.2,169,0,6.9674556213017755,1.2264318334659716,0.4378162240738915
Yuasa Battery Thailand Public Company Limited (SET:YUASA),SET:YUASA,6,21.2,22.719054266946856,12.31,1.69,1.49,3.7590542669468583,12.544378698224852,11.218934911242604,0.48441480313319524,15.247687427481111,1.8455771134806542,9.087621706778743,0,9.087621706778743,1.66,1,-0.034,0.031769722814498934,0.036034115138592754,0.12103980503655563,0.1372867587327376,1.69,21.2,0.20905426694685864,6.15566037735849,2.8211605139977736,3.5480804520083864
PPAP Automotive Limited (BSE:532934),BSE:532934,6,26.4,39.5,44.564,1.914,3.224,13.1,13.333333333333332,13.333333333333332,0.7931726907630523,12.251861042183622,0.8863656763306705,6.095679012345679,0.264,6.095679012345679,2.66,1,0.68,0.06473895582329318,0.03843373493975904,0.07234539089848309,0.04294946593663046,1.98,26.4,0,0.0946969696969697,0.6335514184955003,0.6193513170473445
"Zhejiang Tiancheng Controls Co., Ltd. (SHSE:603085)",SHSE:603085,4,629.9,609.9,49.068,5.970000000000001,6.76,10.7,115.79044117647058,112.84369114877587,12.446938775510203,90.22189349112426,12.429689410613841,93.54294478527608,6.768,69.22814982973894,6.22,1,0.781,0.13795918367346938,0.12183673469387757,0.13776799543490667,0.12166788945952557,5.44,629.9,0,29.171297031274808,0.24180708726008024,0.13369427020035066
"Taiwan Calsonic Co.,Ltd. (GTSM:4523)",GTSM:4523,6,36.3,37.599999999999994,70.712,0.5619999999999998,-0.8570000000000002,11.8,84.02777777777777,-238.88888888888877,0.7915789473684209,NA,0.5317343590903947,52.29485396383866,6.5120000000000005,12.664196699225327,0.925,1,0.494,-0.018042105263157898,0.011831578947368417,-0.012119583663310332,0.00794773164385111,0.432,36.3,0,0.5165289256198348,2.5403001955204503,1.2064081744512414
"Man Zai Industrial Co., Ltd. (GTSM:4543)",GTSM:4543,6,64,59.699999999999996,43.114000000000004,3.932,5.622,10.3,17.77777777777778,13.89201349831271,1.267515923566879,10.618996798292422,1.3847010251890335,7.80392156862745,5.014,6.277602523659306,4.69,1,1.09,0.11936305732484076,0.08348195329087048,0.13039847845247482,0.09120007422183049,3.6,64,0,0.0078125,0.20091566026090313,0.20590467380289731
Daytona Corporation (JASDAQ:7228),JASDAQ:7228,6,14.7,25.689999999999998,31.928000000000004,1.7685999999999997,2.8586,15.5,8.076923076923077,5.623620309050772,0.5548596112311015,8.986916672497026,0.8046229015284388,6.553571428571428,0.838,6.142993782879004,2.93,1,1.15,0.061740820734341256,0.0381987041036717,0.08953269857178651,0.05539338511651214,1.82,14.7,0,0.4761904761904762,0.3002098262378554,0.5987712222518005
T.Krungthai Industries Public Company Limited (SET:TKT),SET:TKT,6,13.4,26.686155666818387,26.522,0.444,0.853,13.764155666818388,30.18018018018018,29.103603603603606,0.5839421371295052,31.28505939838029,1.0061894150825121,9.07692369619673,0,9.07692369619673,0.49,1,0.046,0.018665207877461704,0.009715536105032823,0.032161978734635395,0.0167408189427645,0.444,13.4,0.16415566681838872,0.09328358208955223,0.7058495254116794,0.8422598858780225
China Automotive Interior Decoration Holdings Limited (SEHK:48),SEHK:48,6,62.1,56.480880182564704,125.15599999999999,75.082,3.242,5.080880182564713,0.8225165562913908,0.6810382520901516,1.2468185470764837,17.42161634255543,0.45128383922915966,12.807455823710816,4.696000000000001,10.049978680171655,75.9,1,0.439,0.0715673289183223,1.657439293598234,0.025903672217073095,0.5999073156700437,75.5,62.1,0.320880182564713,1.3204508856682768,0.44641216345324924,0.728308080174001
Cryomax Cooling System Corp. (GTSM:1587),GTSM:1587,6,32.8,53.19,59.5286,2.7204,3.2704,29.2,12.058823529411763,9.107820804859527,1.1767699115044246,16.26406555772994,0.8935200895031968,8.170506912442397,1.8386,7.453755605381166,3.46,1,0.746,0.07235398230088495,0.0601858407079646,0.05493829856573143,0.04569904214108849,2.72,32.8,0,0.20579268292682928,0.3669055689456747,0.4722441895694291
Automotive Stampings & Assemblies Ltd. (NSEI:ASAL),NSEI:ASAL,6,9.02,19.119999999999997,16.77,-3.84,-2.35,10.1,NA,-2.3446841694827136,0.4239467849223946,NA,1.1401311866428143,NA,0,NA,NA,1,NA,-0.052106430155210645,-0.08514412416851441,-0.14013118664281457,-0.22898032200357782,NA,NA,0,0.08314855875831487,1.191916900386848,3.7989063942835046
"Huaiji Dengyun Auto-Parts (Holding) Co., Ltd. (SZSE:002715)",SZSE:002715,5,344,363.3,102.92219999999999,0.874,2.589,35.3,NA,-287.21541155866896,8.468531468531468,140.32444959443802,3.5298507027638357,68.03370786516854,6.0222,43.82388419782872,NA,1,NA,0.06034965034965035,0.020372960372960373,0.025154922844634105,0.008491851126384784,NA,NA,0,12.209302325581396,0.2870856733670263,0.30762754909320117
AC S.A (WSE:ACG),WSE:ACG,6,78.9,74.62,20.972,6.684,8.014,0,11.255349500713267,10.861717612809317,1.7434579439252338,9.31120539056651,3.5580774365821095,7.4769539078156315,0.652,7.4769539078156315,8.74,1,1.73,0.1872429906542056,0.15616822429906543,0.38212855235552157,0.3187106618348274,7.01,78.9,0,0.0031685678073510772,0.11856319040691404,0.11912050972256726
Vmoto Limited (ASX:VMT),ASX:VMT,6,34.5,30.059230769230766,22.84,1.3,2.89,4.059230769230769,26.538461538461537,20.26500389711613,0.7208448625714812,10.401117913228639,1.3160784049575642,8.763624130971069,0,8.763624130971069,1.18,1,-0.119,0.06930455635491607,0.03117505995203837,0.1265323992994746,0.056917688266199654,1.3,34.5,0.019230769230769232,0.43478260869565216,1.343107266750747,1.0043455908707244
Quantum Fuel Systems Technologies Worldwide Inc. (NasdaqCM:QTWW),NasdaqCM:QTWW,6,42.9,62.27414286868084,59.79,-14.522000000000002,-12.722000000000001,24.764142868680846,NA,-2.329813664596273,1.5765605789539454,NA,1.0415477984392179,NA,23.28,NA,NA,1,NA,-0.32207594936708867,-0.36764556962025324,-0.21277805653119253,-0.24288342532196022,NA,NA,10.564142868680847,1.9813519813519813,0.4296696646829559,0.8633925801111728
GPA Holdings Bhd (KLSE:GPA),KLSE:GPA,6,17.1,16.7,28.9,-1.79,-3.22,3.88,NA,-7.162011173184357,0.42278481012658226,NA,0.5778546712802768,NA,0,NA,NA,1,NA,-0.08151898734177215,-0.04531645569620253,-0.11141868512110728,-0.061937716262975784,NA,NA,0,0.05847953216374269,3.2186725236195977,4.408137465962798
Indag Rubber Limited (BSE:509162),BSE:509162,6,74.3,74.3,20.2164,5.244,6.344,0,14.018867924528301,14.018867924528301,1.9149484536082475,11.71185372005044,3.675233968461249,10.942562592047128,0.11639999999999998,10.942562592047128,7.06,1,1.76,0.16350515463917528,0.13515463917525775,0.31380463386161733,0.2593933638036445,5.3,74.3,0,0.026917900403768506,0.6643031281695199,0.6626396908385878
Clean Diesel Technologies Inc. (NasdaqCM:CDTI),NasdaqCM:CDTI,6,26.6,32.72995805085798,30.022000000000002,-7.99,-7.76,12.90995805085798,NA,-2.030737704918033,0.8545680953226628,NA,1.090199122338884,NA,20.972,NA,NA,1,NA,-0.20261096605744125,-0.20861618798955617,-0.25847711678102725,-0.26613816534541335,NA,NA,1.809958050857981,4.201127819548872,0.5492205998293974,0.6546454446877318
Prima Alloy Steel Universal PT (JKSE:PRAS),JKSE:PRAS,6,7.05,47.5,92.44999999999999,0.389,5.02,43.6,18.123393316195372,11.33720930232558,1.2467191601049867,9.462151394422312,0.5137912385073014,5.3490990990990985,0,5.3490990990990985,0.688,1,0.299,0.13175853018372702,0.01020997375328084,0.054299621416982156,0.004207679826933478,0.389,7.05,0,0.03546099290780142,0.9067365686477664,11.033470813746973
"Jean Co., Ltd. (TSEC:2442)",TSEC:2442,6,42.1,92.80000000000001,128.372,5.6,2.65,66.8,8.034351145038167,6.896551724137931,2.4615384615384617,35.01886792452831,0.7228990745645468,33.38129496402878,4.9719999999999995,20.08658008658009,5.82,1,0.464,0.07029177718832891,0.1485411140583554,0.02064313090081949,0.04362322001682609,5.24,42.1,0,0.32660332541567694,3.78954792906338,2.407692675516788
Kalyani Forge Ltd. (BSE:513509),BSE:513509,6,15.4,22.91,22.972600000000003,-0.3842,0.05779999999999999,7.51,NA,-48.275862068965516,0.6076923076923076,396.36678200692046,0.9972750145825896,10.606481481481481,0.16260000000000002,10.606481481481481,NA,1,NA,0.0015331564986737396,-0.010190981432360741,0.0025160408486631894,-0.016724271523467085,NA,NA,0,False,0.4801449172850919,0.5763879792822714
"Shenzhen Terca Technology Co.,Ltd. (SZSE:002213)",SZSE:002213,5,404.8,397.23,56.69,1.4719999999999995,2.4720000000000004,0,214.1798941798942,215.18418201516795,10.621122994652408,160.6917475728155,7.00705591815135,95.03110047846891,7.96,60.924846625766875,2.32,1,0.426,0.066096256684492,0.039358288770053464,0.04360557417533958,0.025965778796965946,1.89,404.8,0,3.304100790513834,0.4243864944710485,0.3474659843794269
"Kangyue Technology Co., Ltd. (SZSE:300391)",SZSE:300391,5,416.3,436.3,88.25599999999999,2.798,3.3080000000000007,42.8,120.31791907514452,121.90210656753409,11.697050938337803,131.89238210399031,4.943573241479334,63.41569767441861,8.856,46.120507399577164,3.55,1,0.129,0.08868632707774801,0.07501340482573728,0.03748187092095723,0.03170322697606962,3.46,416.3,0,3.104732164304588,0.29259867862046895,0.25576369764595347
Sundaram Brake Linings Ltd. (NSEI:SUNDRMBRAK),NSEI:SUNDRMBRAK,6,9.73,17.78,21.989,-1.9178,-0.6218,8.05,NA,-4.9617542070372265,0.4818428184281843,NA,0.808586111237437,40.409090909090914,2.939,12.618878637331441,NA,1,NA,-0.016850948509485097,-0.05197289972899729,-0.028277775251261995,-0.08721633544044749,NA,NA,0,0.07708119218910585,0.8614067244607634,1.7323652093788604
"Chengdu Tianxing Instrument and Meter Co, Ltd (SZSE:000710)",SZSE:000710,4,604.8,611.2,31.885999999999996,1.9372,-3.9227999999999996,19.7,565.233644859813,-96.1788617886179,16.69945355191257,NA,19.168287022517724,NA,5.286,NA,1.07,1,0,-0.10718032786885244,0.05292896174863388,-0.12302577933889482,0.06075393589663176,1.07,604.8,0,6.283068783068783,15.18448839174854,435.84216410693915
Samkrg Pistons and Rings Limited (BSE:520075),BSE:520075,6,22.1,26.67,18.3546,2.1788000000000003,3.7488,4.57,10.523809523809524,10.785749145924843,0.7387811634349031,7.1142765685019205,1.4530417443038801,4.8140794223826715,0.4846,4.645532137258318,3,1,0.9,0.10384487534626038,0.06035457063711912,0.2042430780294858,0.11870593747616402,2.1,22.1,0,0.14705882352941174,0.2992439565977592,0.34670998309246154
XPEL Technologies Corp. (OTCPK:XPLT),OTCPK:XPLT,6,56.9,60.241559997764575,11.2,3.35,3.09,5.961559997764568,16.98507462686567,16.202985074626866,1.7017389829876999,19.495650484713455,5.3787107140861234,18.825487499301428,0,18.825487499301428,2.87,1,-0.423,0.08728813559322034,0.09463276836158192,0.27589285714285716,0.2991071428571429,3.35,56.9,0.8315599977645686,0.31195079086115995,6.18474977107511,27.9126973257326
"United Oriental Glass Industrial Co., Ltd (GTSM:1814)",GTSM:1814,6,19.9,32.99999999999999,45.968399999999995,2.0987999999999998,3.8987999999999996,24.7,9.086757990867579,4.3319415448851775,0.9482758620689654,8.464142813173282,0.7178844597593128,3.9568345323741,1.2684000000000002,3.7848377107466447,3.18,1,0.909,0.11203448275862068,0.0603103448275862,0.08481478580938209,0.0456574516406923,2.19,19.9,0,0.07537688442211056,0.8642118458702502,1.2937688965660978
Sakurai Ltd. (JASDAQ:7255),JASDAQ:7255,6,18.7,14.2,43.5458,-0.8834,-2.2274,0,NA,-15.777777777777779,0.43558282208588955,NA,0.32609344644029964,14.534288638689867,0.44580000000000003,12.909090909090908,NA,1,NA,-0.06832515337423312,-0.02709815950920245,-0.05115074243669883,-0.020286686660940894,NA,NA,0,0.026737967914438502,1.1922200987176488,1.1679298015903083
"Jian Sin Industrial Co., Ltd. (GTSM:4502)",GTSM:4502,6,19.5,62.66,54.257,-1.5578,-1.7578,45,NA,-11.587926509186351,1.9339506172839507,NA,1.1548740254713676,41.77333333333333,1.887,29.980861244019138,NA,1,NA,-0.05425308641975309,-0.04808024691358025,-0.03239766297436276,-0.028711502663250826,NA,NA,0,0.6538461538461539,1.1518791804950255,1.3489583352985677
Ghandhara Industries Limited (KASE:GHNI),KASE:GHNI,6,32.4,33.19,22.9292,2.1896,4.8396,2.12,14.727272727272725,14.16780665754674,1.0275541795665635,6.85800479378461,1.4474992585873032,6.533464566929133,0.039200000000000006,6.527040314650934,3.21,1,1.01,0.14983281733746132,0.06778947368421054,0.21106711093278438,0.09549395530589815,2.2,32.4,0,0.6712962962962963,0.7061912986417422,2.3855603212374583
Fu-Chian Tire Corporation Limited (GTSM:5102),GTSM:5102,6,28.3,33.44,32.72960000000001,2.065,1.5450000000000002,9.05,13.737864077669903,12.57216494845361,1.0548895899053627,21.644012944983814,1.0217051231912393,14.476190476190474,0.48960000000000004,13.500201857085184,2.28,1,0.227,0.04873817034700316,0.06514195583596215,0.04720497653500194,0.06309273562768868,2.06,28.3,0,0.12367491166077738,0.7680539145880422,0.8090342733435698
Aftab Automobiles Ltd. (DSE:AFTABAUTO),DSE:AFTABAUTO,6,71.6,93.80999999999999,87.30999999999999,4.8,7.12,25.3,14.916666666666666,15.258351893095766,2.978095238095238,13.175561797752808,1.0744473714351164,11.965561224489795,0,11.965561224489795,6.39,1,1.59,0.22603174603174603,0.15238095238095237,0.08154850532585044,0.054976520444393544,4.8,71.6,0,0.4224860335195531,0.08708607646334152,0.6550185090287544
Machino Plastics Limited (BSE:523248),BSE:523248,6,14.7,21.799999999999997,16.14,0.57,1.28,7.1,25.789473684210527,25.925925925925927,0.6964856230031948,17.031249999999996,1.3506815365551423,7.315436241610738,0,7.315436241610738,0.511,1,-0.059,0.04089456869009585,0.018210862619808303,0.07930607187112763,0.03531598513011152,0.57,14.7,0,1.08843537414966,0.7257818645122149,2.6007420444179763
"Harbin VITI Electronics Co., Ltd. (SHSE:603023)",SHSE:603023,4,515.9,492.29999999999995,48.424,12.133999999999999,11.034,0,44.474137931034484,43.12368605466012,16.301324503311257,44.61663947797715,10.166446390219726,45.16513761467889,6.224000000000001,37.8110599078341,13.2,1,1.59,0.36536423841059606,0.4017880794701986,0.22786221708243848,0.25057822567321986,11.6,515.9,0,5.08819538670285,0.18137471080649545,0.1600331910155794
Bosch Fren Sistemleri Sanayi ve Ticaret AS (IBSE:BFREN),IBSE:BFREN,6,142.8,131.60000000000002,5.300000000000001,2.36,2.22,0,60.5084745762712,65.99799398194585,4.386666666666668,59.27927927927929,24.830188679245285,39.758308157099705,0,39.758308157099705,2.87,1,0.503,0.07400000000000001,0.07866666666666666,0.41886792452830185,0.44528301886792443,2.36,142.8,0,3.5364145658263304,2.680139033357965,4.866000161225428
LML Ltd. (BSE:500255),BSE:500255,6,10.3,52.302542535898205,-48.069,-12.8344,-6.3544,42.0025425358982,NA,-0.7833295307627958,1.755118877043564,NA,NA,NA,2.231,NA,NA,1,NA,-0.21323489932885906,-0.43068456375838926,NA,NA,NA,NA,0.40254253589819894,0.703883495145631,0.7007136385846081,0.6811492628802179
Jackspeed Corporation Limited (SGX:J17),SGX:J17,6,17.1,21.23776700777062,26.1,1.7,2,12.34776700777062,10.058823529411766,6.2960339943342785,0.7199243053481567,10.61888350388531,0.8137075481904452,5.999369211234638,0,5.999369211234638,2.37,1,0.455,0.06779661016949153,0.0576271186440678,0.07662835249042145,0.06513409961685823,1.7,17.1,2.7377670077706213,0.1608187134502924,2.272808471279169,27.859231598016947
ABM Fujiya Berhad (KLSE:AFUJIYA),KLSE:AFUJIYA,6,16.1,29.830000000000002,50.93,0.586,1.67,15.3,27.47440273037543,24.795221843003418,1.0286206896551724,17.862275449101798,0.585705870803063,7.06872037914692,0,7.06872037914692,0.968,1,0.381,0.05758620689655172,0.020206896551724137,0.032790104064402116,0.011505988611820145,0.586,16.1,0,0.06211180124223602,0.18035084743275215,0.3324112997070601
OAO Zawolzhsky Motorny Zawod (MICEX:ZMZN),MICEX:ZMZN,6,61.6,61.505,166.6726,-9.6638,-1.8538000000000001,0,NA,-6.165914786967418,2.1580701754385965,NA,0.36901686299967723,NA,0.06760000000000001,NA,NA,1,NA,-0.06504561403508773,-0.339080701754386,-0.011122404042416092,-0.05798073588580247,NA,NA,0,False,1.5032271484581516,1.2210418749629337
Da Hui Limited (GTSM:5276),GTSM:5276,6,23.6,12.8,10.4994,2.5746,3.5346,0,9.111969111969113,4.942084942084943,0.45229681978798586,3.6213432920273863,1.2191172828923558,3.1761786600496276,0.2994,3.0970239535446407,3.75,1,1.16,0.12489752650176679,0.09097526501766785,0.33664780844619696,0.24521401222927028,2.59,23.6,0,0.20127118644067796,0.6707802712351336,0.7669738228836631
ZAP (OTCPK:ZAAP),OTCPK:ZAAP,6,46.1,91.769,37.2988,-16.6372,-16.8372,45.8,NA,-2.5538333333333334,3.2774642857142857,NA,2.460374060291484,NA,3.6298,NA,NA,1,NA,-0.6013285714285714,-0.5941857142857143,-0.4514139865089493,-0.44605188370671445,NA,NA,0,0.010845986984815618,0.3645434370710461,0.4711496840486382
SC UAMT SA (BVB:UAM),BVB:UAM,6,8.66,12.940000000000001,23.580000000000002,1.03,1.45,6.69,8.407766990291263,6.936736958934517,0.4621428571428572,8.924137931034483,0.5487701441899915,3.335051546391753,0,3.335051546391753,1.2,1,0.176,0.05178571428571428,0.03678571428571429,0.06149279050042408,0.043681085665818485,1.03,8.66,0,False,0.6445341312563548,1.3417385119954852
Shuanghua Holdings Limited (SEHK:1241),SEHK:1241,6,88.1,59.75779018747245,56.1742,-5.711399999999999,-7.231400000000001,0.35779018747246094,NA,-8.970099667774086,2.1495607981105196,NA,1.0637942362770179,NA,3.6742,NA,NA,1,NA,-0.2601223021582734,-0.2054460431654676,-0.12873169533344492,-0.10167301002951531,NA,NA,0.35779018747246094,0.44835414301929627,0.8903535504249911,1.0106586151149086
"I Yuan Precision Industrial Co., Ltd. (GTSM:2235)",GTSM:2235,6,103,110.6,40.9614,5.525199999999999,5.685199999999999,9.99,18.69328493647913,18.312704768838735,4.036496350364963,19.45402096672061,2.700103023822428,14.32642487046632,1.0614000000000001,13.683038475813435,6.41,1,0.899,0.2074890510948905,0.20164963503649633,0.13879408418657563,0.13488796769641662,5.51,103,0,0.6796116504854369,0.38350572941781613,0.5311341630532869
Ditas Dogan Yedek Parca Imalat ve Teknik AS (IBSE:DITAS),IBSE:DITAS,6,16.9,19.279999999999998,12.169999999999998,1.66,1.99,4.63,10.180722891566266,9.2662871600253,0.7220973782771535,9.688442211055275,1.5842235004108465,7.01090909090909,0,7.01090909090909,2.2,1,0.542,0.0745318352059925,0.062172284644194754,0.16351684470008218,0.13640098603122433,1.66,16.9,0,0.1183431952662722,11.329903981193183,20.66677406984286
Triton Valves Ltd (BSE:505978),BSE:505978,6,13.6,21.15,16.176,1.148,2.4779999999999998,7.55,11.82608695652174,11.82608695652174,0.7921348314606741,8.535108958837773,1.307492581602374,5.610079575596816,0.526,5.361216730038023,1.52,1,0.366,0.09280898876404493,0.04299625468164794,0.1531899109792285,0.07096933728981207,1.15,13.6,0,0.07352941176470588,0.6405188656568575,0.5977529400886146
Twintec AG (XTRA:TIN),XTRA:TIN,6,45.3,47.17,23.996000000000002,-12.666,-3.8159999999999994,4.92,NA,-3.1529850746268657,1.727838827838828,NA,1.965744290715119,NA,8.026000000000002,NA,NA,1,NA,-0.13978021978021976,-0.46395604395604395,-0.15902650441740285,-0.5278379729954992,NA,NA,0,0.31456953642384106,473.2001622999587,2.4246122690178824
Environmental Solutions Worldwide Inc. (OTCPK:ESWW),OTCPK:ESWW,6,6.95,2.424082052449144,13.0438,11.4456,5.505599999999999,3.784082052449144,0.6043478260869566,-0.11826086956521742,0.09506204127251545,0.440293892118778,0.18584170659233845,0.40536489171390366,2.1738,0.3634850880865413,3.02,1,-8.45,0.21590588235294114,0.44884705882352943,0.4220855885554823,0.8774743556325612,11.5,6.95,0.804082052449144,0.03597122302158273,1.4855528202636483,1.9931426234218985
GS Auto International Limited (BSE:513059),BSE:513059,6,3.81,12.551769969227696,15.7692,-0.5830000000000001,-0.047999999999999994,8.741769969227695,NA,-5.545851528384279,0.49416417201683843,NA,0.7959674535948366,17.38472294906883,0.1592,15.496012307688515,NA,1,NA,-0.0018897637795275589,-0.022952755905511817,-0.003043908378357811,-0.036970803845470926,NA,NA,0.011769969227693858,0.06561679790026247,0.690730720853342,1.66852977654628
Hindustan Composites Ltd. (NSEI:HINDCOMPOS),NSEI:HINDCOMPOS,6,69.7,70.574,87.49,3.9949999999999997,4.955,0.874,16.835748792270532,16.835748792270532,2.9162809917355372,14.242986881937437,0.8066521888215796,11.456818181818182,0.316,11.456818181818182,4.85,1,0.71,0.20475206611570249,0.16508264462809916,0.05663504400502915,0.04566236141273288,4.14,69.7,0,0.014347202295552367,0.9068504414102823,2.841803822355866
ANG Industries Ltd. (BSE:530721),BSE:530721,6,8.77,31.97,36.380599999999994,-0.683,1.9329999999999998,23.2,NA,-26.101190476190474,1.3102459016393444,16.53905845835489,0.8787650561013288,9.458579881656805,0.5806,9.458579881656805,NA,1,NA,0.07922131147540984,-0.02799180327868853,0.05313271358911068,-0.01877374204933399,NA,NA,0,0.19954389965792474,0.4960110231248824,4.698183014493948
Multi-Code Electronics Industries (M) Berhad (KLSE:MULTICO),KLSE:MULTICO,6,10.6,9.42,24.2286,-0.31360000000000005,-0.1416,2.4,NA,-24.982206405693947,0.39915254237288134,NA,0.3887967113246329,8.563636363636363,0.9085999999999999,6.8014440433212995,NA,1,NA,-0.006,-0.01328813559322034,-0.005844332730739705,-0.012943380962994149,NA,NA,0,0.04716981132075472,8.490772458637096,5.176856038618579
Modi Rubber Limited (BSE:500890),BSE:500890,6,27.8,27.8,0,2.54,3.01,0,10.94488188976378,19.440559440559444,1.1779661016949152,9.235880398671098,NA,6.95,0,6.95,4.37,1,1.82,0.12754237288135592,0.10762711864406779,NA,NA,2.54,27.8,0,0.11690647482014388,#DIV/0!,#DIV/0!
Menon Pistons Ltd. (BSE:531727),BSE:531727,6,13.1,17,13.200000000000001,1.04,1.84,3.9,12.596153846153845,13.951011714589988,0.723404255319149,9.239130434782608,1.2878787878787878,6.666666666666667,0,6.666666666666667,1.51,1,0.472,0.07829787234042554,0.04425531914893617,0.13939393939393938,0.07878787878787878,1.04,13.1,0,0.03816793893129771,0.33544846101185977,0.4035959571519229
N.D. Rubber Public Company Limited (SET:NDR),SET:NDR,6,27.5,31.493355466993044,14.98,1.07,1.35,5.203355466993049,25.700934579439252,24.570093457943923,1.3692763246518715,23.328411457031883,2.102360178036919,15.825806767333189,0,15.825806767333189,1.33,1,0.25,0.058695652173913045,0.04652173913043479,0.09012016021361816,0.07142857142857142,1.07,27.5,0.013355466993048615,13.909090909090908,0.2901191381653279,0.2959831215917383
Scooters India Ltd. (BSE:505141),BSE:505141,6,40.3,45.4,19.729,1.6854,0.8024,5.1,23.705882352941174,23.705882352941174,1.9912280701754386,56.580259222333,2.301181002585027,43.65384615384615,0.029,43.65384615384615,1.7,1,0,0.03519298245614035,0.07392105263157894,0.04067109331441026,0.0854275432105023,1.7,40.3,0,0.00620347394540943,3.6073092271993956,2.5923325584305164
AB Dynamics Plc (AIM:ABDP),AIM:ABDP,6,70.2,59.5085546699305,6.700000000000001,3.93,4.68,0.20855466993048613,17.862595419847327,15.143003064351378,2.6215222321555287,12.715503134600535,8.881873831332909,12.070700744407809,0,12.070700744407809,4.66,1,0.732,0.20616740088105726,0.17312775330396477,0.698507462686567,0.5865671641791044,3.93,70.2,0.20855466993048613,0.2635327635327635,0.17882825379759518,0.2611865223875211
Altur S.A. (BVB:ALT),BVB:ALT,6,8.37,18.474,27.704,0.469,0.263,10.3,17.84648187633262,24.183431952662723,0.8321621621621622,70.24334600760456,0.6668351140629512,12.316,0,12.316,0.456,1,-0.013,0.011846846846846847,0.021126126126126125,0.00949321397632111,0.016928963326595436,0.469,8.37,0,False,2.713308233554457,40.47733177512774
Saint-Gobain Sekurit India Limited (BSE:515043),BSE:515043,6,59.1,59.148,13.3894,1.391,1.801,0.048,45.11450381679389,45.11450381679389,2.7008219178082196,32.841754580788454,4.417524310275293,17.447787610619468,0.7414000000000001,16.0815660685155,1.7,1,0.384,0.08223744292237443,0.06351598173515982,0.13450938802336176,0.1038881503278713,1.31,59.1,0,0.37648054145516074,0.9582655483060144,3.1629233413908207
Jinheng Automotive Safety Technology Holdings Ltd. (SEHK:872),SEHK:872,6,115,95.47461538461539,77.436,-16.916,-17.316000000000003,3.0746153846153845,NA,-5.516088591725868,4.503519593613934,NA,1.2329486980811946,NA,23.196,NA,NA,1,NA,-0.8167924528301889,-0.7979245283018869,-0.22361692236169226,-0.21845136628958106,NA,NA,0.03461538461538461,0.32608695652173914,8.533409281208373,3.154018938161789
Talbros Engineering Ltd. (BSE:538987),BSE:538987,6,9.79,11.78,7.11,0.751,1.38,1.99,13.03595206391478,13.03595206391478,0.5663461538461538,8.53623188405797,1.6568213783403656,6.3675675675675665,0,6.3675675675675665,1.12,1,0.366,0.06634615384615383,0.03610576923076923,0.1940928270042194,0.10562587904360056,0.751,9.79,0,0.05107252298263534,0.21169735988207772,0.27716836902114556
Universal Mfg. Co. (OTCPK:UFMG),OTCPK:UFMG,6,12.9,19.823309758819182,17.009000000000004,-0.7,-0.578,7.544309758819181,NA,-17.541428571428572,0.9622965902339408,NA,1.165460036381867,NA,0,NA,NA,1,NA,-0.028058252427184464,-0.03398058252427184,-0.033982009524369444,-0.04115468281498029,NA,NA,0.7143097588191806,0.09689922480620154,1.0277615300636056,1.0125554218211488
Moscow Joint-Stock Company The Likhachov Plant (MICEX:ZILL),MICEX:ZILL,6,14.1,414.70200000000006,512.902,323.8,-21.3,400.8,0.043545398394070414,0.04308026030368763,20.22936585365854,NA,0.808540422926797,NA,0,NA,413.4,1,89.7,-1.0390243902439025,15.795121951219512,-0.04152840113705932,0.6313096848910708,323.8,14.1,0,False,0.4061164520383631,8.119287430657018
Modelleria Brambilla S.p.A. (BIT:MBR),BIT:MBR,6,22,22,0,0.144,1.44,0,152.7777777777778,152.7777777777778,1.0945273631840795,15.277777777777779,NA,12.5,0,12.5,0.451,1,0.307,0.07164179104477611,0.007164179104477611,NA,NA,0.144,22,0,0.3522727272727273,0.33758646327615754,0.7071067811865474
Federal - Mogul Izmit Piston Ve Pim Uretim Tesisleri A S (IBSE:FMIZP),IBSE:FMIZP,6,65.4,59.760000000000005,6.86,4.62,3.87,0,14.155844155844157,17.785714285714285,3.1287958115183248,15.44186046511628,8.711370262390671,13.551020408163266,0,13.551020408163266,5.07,1,0.448,0.2026178010471204,0.2418848167539267,0.564139941690962,0.673469387755102,4.62,65.4,0,0.7262996941896024,0.6380133191966052,0.6113636574203151
Autolite India Ltd. (BSE:500029),BSE:500029,6,9.85,13.469999999999999,9.045000000000002,0.3442,1.0342,3.62,25.256410256410255,25.256410256410255,0.7203208556149733,13.024560046412684,1.4892205638474292,8.746753246753245,0.105,8.746753246753245,0.418,1,0.028,0.0553048128342246,0.018406417112299466,0.11433941404090656,0.03805417357656163,0.39,9.85,0,0.050761421319796954,1.7072361237333185,4.051184407005671
Remsons Industries Limited (BSE:530919),BSE:530919,6,3.74,7.970000000000001,6.903,-0.0538,0.23120000000000002,4.23,NA,-143.84615384615387,0.4427777777777778,34.47231833910035,1.1545704766043752,13.23920265780731,0.063,13.23920265780731,NA,1,NA,0.012844444444444445,-0.002988888888888889,0.03349268434014197,-0.007793712878458642,NA,NA,0,False,2.9698074674789114,47.78937346120218
Majestic Auto Ltd. (BSE:500267),BSE:500267,6,9.76,25.759999999999998,39.3208,0.7488,-4.8852,16,12.944297082228116,12.944297082228116,1.7059602649006622,NA,0.6551240056153486,NA,0.0208,NA,2.4,1,-1.51,-0.32352317880794706,0.049589403973509937,-0.12423958820776791,0.019043356188073488,0.754,9.76,0,0.12807377049180327,4.250202479469271,1.48018785316101
Raunaq Automotive Components Limited (BSE:520073),BSE:520073,6,3.68,9.46,12.23,0.641,1.9,5.78,5.741029641185648,5.741029641185648,0.5436781609195404,4.9789473684210535,0.7735077677841374,3.7539682539682544,0,3.7539682539682544,0.87,1,0.229,0.10919540229885058,0.03683908045977012,0.1553556827473426,0.05241210139002453,0.641,3.68,0,0.1358695652173913,0.22082355289488864,0.3797052012753811
AUNDE India Ltd (BSE:532459),BSE:532459,6,5.5,16.2,15.739999999999998,-0.952,0.033,10.7,NA,-5.729166666666667,0.9364161849710981,490.9090909090909,1.0292249047013977,22.01086956521739,0,22.01086956521739,NA,1,NA,0.001907514450867052,-0.05502890173410404,0.0020965692503176624,-0.06048284625158831,NA,NA,0,False,0.26157730571367255,0.6040944619117885
Menon Bearings Ltd. (BSE:523828),BSE:523828,6,40.3,42.919999999999995,9.468800000000002,1.9405999999999999,3.0406,2.62,20.88082901554404,22.130697419000548,2.5855421686746984,14.115635072025256,4.532781345049002,11.694822888283378,0.09879999999999999,11.58121964382083,2.81,1,0.879,0.18316867469879516,0.1169036144578313,0.32111777627576876,0.20494677255829669,1.93,40.3,0,0.062034739454094295,0.2604935561767969,0.5242200807049329
IP Rings Ltd. (BSE:523638),BSE:523638,6,8.36,19.06,17.2136,-0.08479999999999999,0.9682000000000001,10.7,NA,-114.52054794520548,1.1481927710843371,19.686015286097913,1.1072640237951388,9.435643564356434,0.1536,9.23002421307506,NA,1,NA,0.058325301204819276,-0.005108433734939757,0.05624622391597342,-0.004926337314681414,NA,NA,0,0.029904306220095697,0.5448700150800495,1.4000830133118503
Swaraj Automotives Limited (BSE:539353),BSE:539353,6,0.559,0.559,3.9552,0.33180000000000004,0.3648,0,1.6837349397590362,2.3686440677966103,0.03726666666666667,1.5323464912280702,0.14133292880258902,1.0939334637964775,0.0052,1.0896686159844056,0.49,1,0.158,0.02432,0.022120000000000004,0.09223300970873786,0.08388956310679613,0.332,0.559,0,False,#DIV/0!,#DIV/0!
Baluchistan Wheels Limited (KASE:BWHL),KASE:BWHL,6,8.94,6.5264323900699726,8.15,0.942,0.797,0.08643239006997169,9.490445859872612,7,0.48343943630147945,8.188748293688798,0.800789250315334,5.349534745958994,0,5.349534745958994,1.09,1,0.15,0.05903703703703704,0.06977777777777777,0.09779141104294478,0.11558282208588956,0.942,8.94,0.03643239006997169,0.11185682326621925,0.5923504443471841,0.5586013824897595
CPR Gomu Industrial Public Company Limited (SET:CPR),SET:CPR,6,53.5,50.593999999999994,13.094000000000001,1.64,1.8,0.004,32.6219512195122,30.84756097560976,3.7477037037037033,28.107777777777773,3.863907133038032,18.669372693726935,0,18.669372693726935,2.04,1,0.352,0.13333333333333333,0.12148148148148147,0.13746754238582556,0.12524820528486327,1.64,53.5,0,40.046728971962615,0.4557623961358984,0.6458476459765257
Eastern Treads Ltd. (BSE:531346),BSE:531346,6,4.82,6.29,4.04,0.209,0.607,1.47,23.0622009569378,23.285024154589376,0.4801526717557252,10.362438220757825,1.556930693069307,8.488529014844804,0,8.488529014844804,0.312,1,0.103,0.04633587786259542,0.015954198473282444,0.15024752475247524,0.05173267326732673,0.209,4.82,0,False,0.5494948309685823,0.5925826286030874
21st Century Technology plc. (AIM:C21),AIM:C21,6,5.46,4.7523445864351075,9.273,-1.3964,-1.2044000000000001,1.3623445864351065,NA,-3.0213903743315504,0.36839880515000833,NA,0.5124926762035056,NA,0.22000000000000003,NA,NA,1,NA,-0.09336434108527132,-0.10824806201550388,-0.1298824544376146,-0.1505877278119271,NA,NA,0.7393445864351065,0.09157509157509157,0.8811687696784613,1.7368625984281376
IST Limited (BSE:508807),BSE:508807,6,52.2,52.43313038405653,0,9.32,9.05,0.23313038405652675,5.600858369098712,6.100981767180925,4.262856128785084,5.793716064536633,NA,5.53676139219182,0,5.53676139219182,9.85,1,0.529,0.7357723577235773,0.7577235772357723,NA,NA,9.32,52.2,0.23313038405652675,False,0.01615758128989106,0.004221533022009244
"Her Chee Industrial Co., Ltd. (GTSM:8937)",GTSM:8937,6,28.3,24.94,22.4892,-0.2562,-0.30519999999999997,0,NA,-63.46055979643766,2.061157024793389,NA,1.1089767532860217,NA,0.9491999999999999,NA,NA,1,NA,-0.02522314049586777,-0.021173553719008264,-0.013570958504526616,-0.011392134891414545,NA,NA,0,0.13250883392226148,11.965018815460622,5.009279635187527
"C.T.I. Traffic Industries Co., Ltd. (GTSM:2230)",GTSM:2230,6,17.8,16.65,16.0654,0.7746000000000001,0.6416000000000001,4.59,22.588832487309645,16.01593625498008,1.3875,25.950748129675805,1.036388760939659,12.518796992481201,0.41539999999999994,11.482758620689653,0.92,1,0.132,0.05346666666666667,0.06455000000000001,0.039936758499632755,0.0482154194729045,0.788,17.8,0,0.25280898876404495,0.4022005322111955,0.32526226723501156
Zhejiang Prospect Company Ltd. (SEHK:8273),SEHK:8273,6,24.7,25.24,11.151399999999999,-0.3572,0.20879999999999999,1.61,NA,-56.666666666666664,2.103333333333333,120.88122605363985,2.263392937209678,25.417925478348437,0.11139999999999999,24.481086323957324,NA,1,NA,0.0174,-0.029766666666666667,0.01872410639022903,-0.03203185250282476,NA,NA,0,0.010121457489878543,4.055349508806889,1.9352457184584442
Sanko Diecasting (Thailand) Public Company Limited (SET:SANKO),SET:SANKO,6,14,17.397000000000002,7.077,-0.38,-0.293,3.6,NA,-36.30789473684211,1.4619327731092437,NA,2.45824501907588,34.517857142857146,0,34.517857142857146,NA,1,NA,-0.024621848739495796,-0.031932773109243695,-0.04140172389430549,-0.05369506853186379,NA,NA,0,3.9642857142857144,2.7343952402889964,13.50433715720374
Investment & Precision Castings Ltd (BSE:504786),BSE:504786,6,8.26,8.26,0,0.343,1.05,0,24.081632653061224,24.804804804804803,0.6941176470588235,7.866666666666666,NA,4.747126436781609,0,4.747126436781609,0.493,1,0.15,0.08823529411764706,0.028823529411764706,NA,NA,0.343,8.26,0,0.1513317191283293,0.2765286334730894,0.5019265385931759
Porwal Auto Components Ltd (BSE:532933),BSE:532933,6,3.03,4.542,9.4474,0.20240000000000002,0.5624,1.52,15.149999999999999,16.604395604395602,0.4019469026548672,8.07610241820768,0.48076719520714695,3.785,0.0054,3.7755610972568583,0.295,1,0.096,0.04976991150442478,0.017911504424778762,0.059529606029172046,0.021423883819886955,0.2,3.03,0,0.16501650165016502,1.6399181529183273,2.730197363980366
Schrader Duncan Limited (BSE:504908),BSE:504908,6,4.6,7.49,7.560600000000001,-0.7365999999999999,-0.6855999999999999,2.89,NA,-5.79345088161209,0.6871559633027523,NA,0.9906621167632198,NA,0.09060000000000001,NA,NA,1,NA,-0.06289908256880733,-0.06757798165137614,-0.09068063381213129,-0.09742613020130675,NA,NA,0,0.3804347826086957,0.4373627500588692,0.4174800184127214
Falcon Tyres Ltd. (BSE:509527),BSE:509527,6,11.5,11.5,0.0078000000000000005,-1.212,-17.312,0,NA,-9.583333333333334,1.0849056603773586,NA,1474.3589743589744,NA,0.0078000000000000005,NA,NA,1,NA,-1.6332075471698115,-0.11433962264150943,-2219.4871794871797,-155.38461538461536,NA,NA,0,0.021739130434782608,0.10044130414581641,0.39245754790493326
Lumax Automotive Systems Ltd. (BSE:532537),BSE:532537,6,4.44,12.120000000000001,9.709999999999999,-3,-1.65,7.68,NA,-1.4800000000000002,1.3436807095343681,NA,1.2481977342945418,NA,0,NA,NA,1,NA,-0.18292682926829268,-0.33259423503325947,-0.16992790937178168,-0.30895983522142123,NA,NA,0,0.1126126126126126,0.652379840847325,305.0577750095051
Universal Autofoundry Limited (BSE:539314),BSE:539314,6,1.97,1.97,0,0.305,0.439,0,6.459016393442623,6.632996632996633,0.2203579418344519,4.4874715261958995,NA,2.918518518518518,0,2.918518518518518,0.415,1,0.11,0.049105145413870246,0.03411633109619687,NA,NA,0.305,1.97,0,0.25380710659898476,#DIV/0!,#DIV/0!
Kinetic Engineering Limited (BSE:500240),BSE:500240,6,11.7,23,18.5488,1.4851999999999999,-3.9748,11.3,6.573033707865168,6.573033707865168,2.7348394768133173,NA,1.2399723971362029,NA,0.6587999999999999,NA,1.78,1,0,-0.472627824019025,0.17659928656361473,-0.21428879496247735,0.08006986974898644,1.78,11.7,0,0.042735042735042736,0.8224412530370422,0.6227701955412568
Hindustan Hardy Spicer Ltd. (BSE:505893),BSE:505893,6,2.36,3.48,2.35,-0.261,-0.184,1.12,NA,-8.939393939393938,0.4213075060532688,NA,1.4808510638297872,13.231939163498097,0,13.231939163498097,NA,1,NA,-0.022276029055690073,-0.03159806295399516,-0.07829787234042553,-0.11106382978723404,NA,NA,0,0.10593220338983052,0.3259933792394953,0.7518943141934594
"Hengli Industrial Development Group Co., Ltd.",,4,682.9,673.13,23.810200000000002,-6.8717999999999995,-8.351799999999999,0,NA,-91.70708446866485,87.53315994798439,NA,28.27065711333798,NA,0.48019999999999996,NA,NA,1,NA,-1.0860598179453835,-0.8936020806241871,-0.3507656382558735,-0.2886074035497391,NA,NA,0,0.2544296383072192,1.2478703348920817,2.0986509189385885
Orbital Corporation Limited (ASX:OEC),ASX:OEC,6,22.4,34.23280979276703,31.621999999999996,-2.4019999999999997,-4.532,16.952809792767027,NA,-4.824120603015075,4.657525141873065,NA,1.082563082435236,NA,6.6419999999999995,NA,NA,1,NA,-0.6165986394557823,-0.32680272108843533,-0.14331794320409844,-0.07595977484030106,NA,NA,3.7528097927670294,0.6808035714285715,0.5097460676296937,6.287821158532446
Variant Spolka Akcyjna (WSE:VRT),WSE:VRT,6,2.63,0.7229999999999999,8.793,0.429,-0.455,0.013,6.130536130536131,2.5912408759124084,0.10823353293413172,NA,0.08222449675878539,NA,0,NA,0.506,1,0.078,-0.06811377245508983,0.06422155688622755,-0.051745706812237016,0.04878880928010918,0.429,2.63,0,0.6653992395437263,2.5097314099777575,5.6038375282463875
Société Générale Industrielle de Filtration SA (BVMT:GIF),BVMT:GIF,6,15.9,15.9,0,0.247,0.19,0,64.37246963562754,240.9090909090909,2.3838080959520243,83.6842105263158,NA,28.96174863387978,0,28.96174863387978,0.303,1,0.056,0.028485757121439283,0.03703148425787106,NA,NA,0.247,15.9,0,0.14150943396226415,0.6829731454734262,0.6649307173640989
Clutch Auto Ltd. (BSE:505052),BSE:505052,6,2.35,47.85,18.6,-28,-8,45.5,NA,-0.08287487656933276,7.407120743034056,NA,2.57258064516129,NA,0,NA,NA,1,NA,-1.238390092879257,-4.3343653250774,-0.4301075268817204,-1.5053763440860215,NA,NA,0,False,1.3566340762128044,5.333155247925461
"T.J.T., Inc. (OTCPK:AXLE)",OTCPK:AXLE,6,1.45,1.6789999999999998,3.629,0.701,0.032,0.496,2.0684736091298146,1.687589158345221,0.2721231766612642,52.46874999999999,0.462661890327914,17.132653061224488,0,17.132653061224488,0.101,1,-0.6,0.0051863857374392225,0.11361426256077795,0.008817856158721412,0.1931661614769909,0.701,1.45,0,0.1724137931034483,2.0295680422044673,3.550902857382526
Balatacilar Balatacilik Sanayi Ve Ticaret A.S. (IBSE:BALAT),IBSE:BALAT,6,2.77,6.731,6.771399999999999,-0.395,0.258,3.97,NA,-4.139430284857571,1.1746945898778358,26.089147286821703,0.9940337301001272,12.511152416356877,0.0104,12.41881918819188,NA,1,NA,0.0450261780104712,-0.06893542757417102,0.03810142658829785,-0.05833357946658004,NA,NA,0,0.09025270758122744,1.4916607968826046,0.9047187468390513
Torotrak plc (LSE:TRK),LSE:TRK,6,54.1,48.25714498051404,39.081599999999995,-6.6546,-7.054600000000001,5.457144980514041,NA,-3.6973047684865232,8.60198662754261,NA,1.2347791538860755,NA,17.3816,NA,NA,1,NA,-1.2575044563279858,-1.1862032085561498,-0.1805094980758209,-0.1702745025792189,NA,NA,0.6571449805140414,0.027726432532347505,0.7206585539366609,0.8258029167738761
Krypton Industries Ltd. (BSE:523550),BSE:523550,6,2.95,5.880000000000001,7.59,0.038,0.331,2.93,77.63157894736842,77.63157894736842,1.0828729281767957,17.764350453172206,0.774703557312253,10.72992700729927,0,10.72992700729927,0.056,1,0.018,0.06095764272559853,0.006998158379373849,0.04361001317523057,0.005006587615283268,0.038,2.95,0,0.0847457627118644,0.46421583825356194,21.204422825963647
DataDot Technology Limited (ASX:DDT),ASX:DDT,6,11.7,8.73353684960395,4.9238,-0.597,-1.03,0.1635368496039516,NA,-11.644021739130435,1.614332134862098,NA,1.7737391546374652,NA,0.6638,NA,NA,1,NA,-0.19038817005545286,-0.11035120147874306,-0.2091880255087534,-0.12124781672691823,NA,NA,0.1635368496039516,0.19230769230769232,0.9554788364666009,0.9578039073005997
PT Multi Prima Sejahtera Tbk (JKSE:LPIN),JKSE:LPIN,6,8.85,11.83,12,-1.44,0.169,4.23,NA,-5.234159779614325,2.3472222222222223,70,0.9858333333333333,52.8125,0,52.8125,NA,1,NA,0.03353174603174603,-0.2857142857142857,0.014083333333333335,-0.12,NA,NA,0,0.05649717514124294,0.5194638807016803,0.7192578087212046
Amerityre Corporation (OTCPK:AMTY),OTCPK:AMTY,6,3.02,3.241614852185471,1.8542,-0.273,-0.272,0.6776148521854708,NA,-8.575250836120402,0.6767463156963405,NA,1.7482552325452867,NA,0.5732,NA,NA,1,NA,-0.05678496868475992,-0.0569937369519833,-0.14669399201812103,-0.14723330816524646,NA,NA,0.6106148521854707,False,0.728584174011486,0.6882933687223793
Advanced Braking Technology Limited (ASX:ABV),ASX:ABV,6,8.65,9.756216217296718,2.2485999999999997,-1.9644000000000001,-0.32539999999999997,2.266216217296717,NA,-3.4967320261437913,2.1632408464072546,NA,4.338795791735622,NA,0.4786,NA,NA,1,NA,-0.07215077605321507,-0.4355654101995566,-0.1447122654095882,-0.8736102463755228,NA,NA,0.3662162172967171,0.08670520231213873,0.6816351139903646,1.0552583123893917
Gujarat Automotive Gears Ltd. (BSE:505712),BSE:505712,6,5.46,6.52,4.6899999999999995,0.692,0.841,1.06,7.890173410404625,12.352941176470589,1.5198135198135196,7.752675386444708,1.3901918976545842,7.244444444444444,0,7.244444444444444,1.03,1,0.335,0.19603729603729603,0.1613053613053613,0.179317697228145,0.14754797441364606,0.692,5.46,0,0.18315018315018314,0.6423396846720697,0.8788924851594012
"Saleen Automotive, Inc. (OTCPK:SLNN)",OTCPK:SLNN,6,0.284,6.19043832498862,-2.594999999999999,-12.048,-4.508,5.9914383249886205,NA,-0.016722689075630248,1.6730914391861136,NA,NA,NA,2.2700000000000005,NA,NA,1,NA,-1.2183783783783784,-3.2562162162162163,NA,NA,NA,NA,1.5714383249886208,False,0.08245414762952677,0.11768204679718727
Kelani Tyres PLC (COSE:TYRE-N-0000),COSE:TYRE-N-0000,6,44.8,44.65,23.55,5.52,-0.248,0.728,8.115942028985508,7.969878424968246,13.288690476190476,NA,1.8959660297239913,NA,0,NA,5.51,1,-0.011,-0.07380952380952381,1.6428571428571428,-0.010530785562632696,0.2343949044585987,5.52,44.8,0,0.13392857142857142,0.7841860750240945,0.8768144969303928
Axonkids AB (OM:AXON),OM:AXON,6,7.13,7.984999999999999,1.885,-0.405,-0.433,0.855,NA,-17.51842751842752,2.5925324675324672,NA,4.236074270557029,NA,0,NA,NA,1,NA,-0.1405844155844156,-0.1314935064935065,-0.22970822281167108,-0.21485411140583555,NA,NA,0,0.10518934081346423,0.9929519778711944,0.6730882203547844
Thong Nhat Rubber JSC (HOSE:TNC),HOSE:TNC,6,8.14,1.4120000000000008,7.372,0.818,-0.39,0.012,9.951100244498779,5.533596837944665,0.47224080267558555,NA,0.19153553988062952,NA,0,NA,0.999,1,0.181,-0.13043478260869565,0.2735785953177257,-0.0529028757460662,0.11096039066739012,0.818,8.14,0,0.03071253071253071,0.7095746324682275,0.5052713079416777
Jagan Lamps Ltd. (BSE:530711),BSE:530711,6,1.26,2.251,3.471,0.194,0.416,0.991,6.494845360824742,6.494845360824742,0.8126353790613718,5.4110576923076925,0.6485162777297608,4.1531365313653135,0,4.1531365313653135,0.276,1,0.081,0.15018050541516245,0.07003610108303249,0.11985018726591759,0.055891673869201956,0.194,1.26,0,0.1984126984126984,1.2671669878231127,1.1853832364775405
Puradyn Filter Technologies Inc. (OTCPK:PFTI),OTCPK:PFTI,6,4.87,16.440384615384612,-0.38359999999999894,-1.2824,-1.0124,11.690384615384616,NA,-3.7109375,6.157447421492364,NA,NA,NA,0.0364,NA,NA,1,NA,-0.3791760299625468,-0.4802996254681648,NA,NA,NA,NA,0.29038461538461535,False,0.32332767143735036,0.3158941717439313
Sibar Auto Parts Ltd (BSE:520141),BSE:520141,6,0.766,1.1360000000000001,0.875,0.047,0.042,0.37,16.29787234042553,16.29787234042553,0.4319391634980989,27.047619047619047,1.2982857142857145,17.212121212121215,0,17.212121212121215,0.033,1,0.026,0.01596958174904943,0.017870722433460075,0.048,0.053714285714285714,0.047,0.766,0,False,3.216806502370022,17.12981642934736
Omnitek Engineering Corp. (OTCPK:OMTK),OTCPK:OMTK,6,13,13.073337221210743,3.5380000000000003,-1.326,-1.3459999999999999,0.4233372212107419,NA,-9.233576642335766,6.844679173408766,NA,3.695120752179407,NA,1.6380000000000003,NA,NA,1,NA,-0.7047120418848167,-0.6942408376963352,-0.3804409270774448,-0.37478801582815147,NA,NA,0.4233372212107419,0.057692307692307696,0.47479450469125406,0.9075799418178769
"Song Liao Automotive Co., Ltd. (SHSE:600715)",SHSE:600715,4,2884.8,2874.65,-18.11,-8.44,-6.24,9.35,NA,-339.32970156324023,1711.1011904761906,NA,NA,NA,0,NA,NA,1,NA,-3.7142857142857144,-5.023809523809524,NA,NA,NA,NA,0,0.8492789794786466,1.5264142506209317,2.1637540312642254
Spectra Inc. (TSXV:SSA),TSXV:SSA,6,0.702,2.2640520027309967,0.12100000000000016,0.066,0.22,1.621052002730997,10.636363636363635,9.742424242424242,1.7415784636392282,10.291145466959076,18.711173576289205,10.062453345471097,0,10.062453345471097,0.108,1,0,0.1692307692307692,0.05076923076923077,1.8181818181818157,0.5454545454545447,0.066,0.702,0.061052002730996806,False,1.376193519894285,1.18631838226367
Ghani Automobile Industries Limited (KASE:GAIL),KASE:GAIL,6,4.86,6.07,4.83,0.086,-0.411,1.21,56.511627906976756,56.511627906976756,4.895161290322581,NA,1.2567287784679089,NA,0,NA,0.104,1,0.018,-0.3314516129032258,0.06935483870967742,-0.08509316770186334,0.017805383022774325,0.086,4.86,0,5.761316872427983,1.4108690635290038,2.575613522514076
Maharashtra Scooters Ltd. (BSE:500266),BSE:500266,6,169.1,169.1,39.6,8.76,-1.15,0,19.30365296803653,-676.4,136.3709677419355,NA,4.27020202020202,NA,0,NA,8.76,1,0,-0.9274193548387096,7.064516129032258,-0.029040404040404037,0.2212121212121212,8.76,169.1,0,0.028089887640449437,0.5029434610376196,0.7340776339815595
Hindustan Motors Ltd. (BSE:500500),BSE:500500,6,23.9,30.32,-1.9040000000000006,-5.586799999999999,-5.166799999999999,6.42,NA,-4.874566591882521,27.07142857142857,NA,NA,NA,1.3259999999999998,NA,NA,1,NA,-4.613214285714284,-4.988214285714284,NA,NA,NA,NA,0,0.07322175732217574,#DIV/0!,#DIV/0!
Sprintex Limited (ASX:SIX),ASX:SIX,6,4.4,4.604846153846155,6.010999999999999,-4.95,-2.7,0.25684615384615384,NA,-0.9169126950653734,4.732627085145071,NA,0.7660698974956173,NA,4.64,NA,NA,1,NA,-2.7749229188078113,-5.087358684480987,-0.4491765097321578,-0.8234902678422893,NA,NA,0.15384615384615385,0.056818181818181816,0.17598637705787332,0.17828613442683391
Joint stock company Rigas autoelektroaparatu rupnica (RISE:RAR1R),RISE:RAR1R,6,0.49,0.746,2.966,-0.197,-0.366,0.257,NA,-2.482233502538071,1.2330578512396695,NA,0.25151719487525287,NA,0,NA,NA,1,NA,-0.6049586776859505,-0.32561983471074385,-0.12339851652056641,-0.06641942009440324,NA,NA,0,False,0.817742428047021,1.3901449130240289
Dewan Farooque Motors Ltd. (KASE:DFML),KASE:DFML,6,8.73,42.03,9.899999999999999,-1.56,-2.25,33.3,NA,-5.596153846153846,79.00375939849624,NA,4.245454545454546,NA,0,NA,NA,1,NA,-4.2293233082706765,-2.932330827067669,-0.2272727272727273,-0.1575757575757576,NA,NA,0,8.447880870561283,2.8910476760975286,1.3591902619880063
SAR Auto Products Limited (BSE:538992),BSE:538992,6,16.7,16.723,1.9429999999999998,-0.436,-0.554,0.023,NA,-38.30275229357798,40.78780487804878,NA,8.606793618116315,NA,0,NA,NA,1,NA,-1.351219512195122,-1.0634146341463415,-0.2851260936695832,-0.22439526505404017,NA,NA,0,0.16467065868263472,0.33118193846414434,0.5559534937392083
"Enerpulse Technologies, Inc. (OTCBB:ENPT)",OTCBB:ENPT,6,1.68,1.823631656804734,0.35540000000000027,-2.9684,-3.0584,1.5636316568047337,NA,-0.08718980549966467,5.427475169061708,NA,5.13120893867398,NA,1.1254000000000002,NA,NA,1,NA,-9.102380952380951,-8.834523809523809,-8.605514912774332,-8.352279122115918,NA,NA,0.07363165680473373,False,0.23784891709949918,0.28482875449310463
"Thunder Power Co., Ltd. (GTSM:4529)",GTSM:4529,6,70.3,82.6,40.688599999999994,-4.5964,-4.4064000000000005,14.5,NA,-13.146718146718147,995.1807228915661,NA,2.0300526437380495,NA,2.8886000000000003,NA,NA,1,NA,-53.089156626506025,-55.378313253012045,-0.10829568970178383,-0.11296530232055171,NA,NA,0,1.9559032716927454,1.0487973577401875,2.3702942199898764
Workhorse Group Inc. (OTCPK:WKHS),OTCPK:WKHS,6,65.6,69.92672797696159,12.495000000000001,-6.790000000000001,-6.290000000000001,4.487727976961591,NA,-8.867073170731706,1028.3342349553175,NA,5.596376788872475,NA,10.446000000000002,NA,NA,1,NA,-92.5,-99.8529411764706,-0.5034013605442177,-0.5434173669467788,NA,NA,0.5577279769615909,0.06478658536585366,0.5612768441603628,0.557078850019342
"Solaris Power Cells, Inc. (OTCPK:SPCL)",OTCPK:SPCL,6,0.226,0.20399999999999996,-0.019600000000000006,-1.9218,-1.7418,0.118,NA,-0.04777777777777777,8.499999999999998,NA,NA,NA,0.2624,NA,NA,1,NA,-72.575,-80.075,NA,NA,NA,NA,0,False,1.6609978694785275,1.6667913401962693
Coates International Ltd. (OTCPK:COTE),OTCPK:COTE,6,5.74,8.712,-0.7886,-16.770400000000002,-15.5704,3.08,NA,-0.3352380952380953,458.5263157894737,NA,NA,NA,1.3694,NA,NA,1,NA,-819.4947368421052,-882.6526315789475,NA,NA,NA,NA,0,3.3101045296167246,1.229891858180975,1.2725923501018903
PT Gajah Tunggal Tbk (JKSE:GJTL),JKSE:GJTL,6,171.2,656.4999999999999,885.1,-23.8,77.3,550.4,NA,-3.862395340371314,0.6890941534585913,8.492884864165587,0.7417240989718674,5.3330625507717295,0,5.3330625507717295,NA,1,NA,0.08113781883069171,-0.024981631153563555,0.08733476443339735,-0.026889616992430233,NA,NA,0,1.09375,0.4720280865689034,1.2800502945967454
"Dongfeng Electronics Technology Co., Ltd. (SHSE:600081)",SHSE:600081,4,888,846.5999999999999,275.12,35.86,42.86000000000001,61.3,26.11764705882353,36.1889400921659,1.119397064656882,19.752683154456363,3.0772026751962778,12.00851063829787,79.92,8.827945776850886,71.7,1,8.73,0.05667063334655561,0.04741504693904536,0.15578656586216927,0.13034312300087234,34,888,0,10.867117117117116,1.4310623918661218,1.590575518204295
Shenyang Jinbei Automotive Company Limited (SHSE:600609),SHSE:600609,4,764.5,849.1,276.06000000000006,-16.619999999999997,33.68,936.5,NA,2.2701298701298693,1.1231481481481482,25.21080760095012,3.07578062739984,18.06595744680851,82.75999999999999,11.128440366972479,14.8,1,13,0.04455026455026455,-0.02198412698412698,0.12200246323263056,-0.06020430341230165,NA,NA,0,15.631131458469588,1.171188121839142,2.85204748011996
China Auto Electronics Group Limited (SGX:T42),SGX:T42,6,21.5,91.80325677359107,240.26,23.93,33.43,87.70325677359108,0.9907834101382489,0.2044887780548629,0.22163992461031162,2.7461339148546537,0.3820996286256184,2.481169101988948,36.66,1.828750134932093,27.6,1,4.46,0.08070980202800579,0.057774022211492033,0.13914093065845334,0.0996004328643969,21.7,21.5,3.003256773591073,0.08139534883720931,2.4163929063186753,15.144760502561454
JSC Nizhnekamskshina (MICEX:NKSH),MICEX:NKSH,6,10.5,61.238,59.278,0.42300000000000004,3.592,50.8,13.444302176696542,13.364916773367478,0.23553076923076924,17.048440979955455,1.0330645433381693,2.617008547008547,0,2.617008547008547,1.33,1,0.545,0.013815384615384617,0.001626923076923077,0.06059583656668579,0.007135868281655927,0.781,10.5,0,False,5.012362275171731,2.501853243093591
Pt Goodyear Indonesia Tbk (JKSE:GDYR),JKSE:GDYR,6,47.8,43.599999999999994,50.7,2.11,4.38,6,22.654028436018958,18.270165208940718,0.2711442786069651,9.954337899543377,0.8599605522682444,2.70807453416149,0,2.70807453416149,3.25,1,1.14,0.02723880597014925,0.01312189054726368,0.08639053254437869,0.04161735700197238,2.11,47.8,0,0.010460251046025106,0.642873127749908,0.8721147317846688
Goodyear Thailand Public Company Limited (SET:GYT),SET:GYT,6,83,51.812619861958744,76.17819999999999,8.5908,8.6608,0.41261986195874956,9.662398137369033,6.090769048465458,0.4593317363648825,5.982428858992096,0.6801502248931945,3.5488095795862153,0.07819999999999999,3.542501016132828,10.8,1,2.16,0.07678014184397164,0.0761595744680851,0.11369131851369553,0.11277242045624603,8.59,83,0.41261986195874956,0.0030120481927710845,3.121614341360105,1.0339381568113324
HWA AG (DB:H9W),DB:H9W,6,90.2,105.077,43.177,1.54,2.91,15.8,58.57142857142857,58.08523096942095,1.4925710227272726,36.10893470790378,2.4336336475438314,19.070235934664247,0,19.070235934664247,2.2,1,0.661,0.041335227272727273,0.021875,0.06739699376983116,0.035667137596405496,1.54,90.2,0,False,0.7848173311789879,0.8878998240859026
Sichuan Hejia Co. Ltd. (SHSE:600093),SHSE:600093,4,2386.2,1688.2799999999997,158.35739999999998,8.6956,5.6655999999999995,5.58,279.0877192982456,197.80181027389204,27.722167487684725,297.9878565377012,10.661200550147957,167.15643564356435,0.4774,163.5138014527845,9.37,1,0.822,0.0930311986863711,0.1427848932676519,0.03577729869270397,0.054911232440037545,8.55,2386.2,0,2.063951051881653,0.9206022683638418,7.830719652318632
Sapura Industrial Bhd (KLSE:SAPIND),KLSE:SAPIND,6,15.1,22.390363615712523,32.6312,1.1254,1.7254,10.110363615712522,12.905982905982906,11.183970856102004,0.3941965425301501,12.976911797677364,0.6861642727117766,4.578806465380884,0.6612,4.395438479723699,1.51,1,0.398,0.030376760563380283,0.019813380281690142,0.052875775331584496,0.0344884650273358,1.17,15.1,1.3203636157125234,0.08278145695364239,2.3048370965163545,3.760051384576738
Goodway Integrated Industries Bhd (KLSE:GOODWAY),KLSE:GOODWAY,6,8.52,41.26,53.04,-4.3,-3.95,35,NA,-1.4450600184672207,0.7996124031007751,NA,0.7779034690799397,NA,0,NA,NA,1,NA,-0.07655038759689922,-0.08333333333333333,-0.07447209653092006,-0.08107088989441931,NA,NA,0,False,1.0810375010763018,4.7829071743429035
SMIS Corp. Bhd (KLSE:SMISCOR),KLSE:SMISCOR,6,7.53,3.617756693753315,18.455,0.36039999999999994,1.0644,1.977756693753316,17.67605633802817,4.215938303341904,0.09182123588206384,3.398869498077147,0.19603124864553323,1.3448909642205633,0.0050000000000000044,1.358526734417317,1.08,1,0.594,0.02701522842639594,0.00914720812182741,0.05767542671362775,0.019528583039826602,0.426,7.53,0.2377566937533161,False,0.8866678260521578,1.2294620158587783
Akcionarsko drustvo Tigar Pirot (BELEX:TIGR),BELEX:TIGR,6,1.47,22.63,9.460000000000003,-11.3,-1.05,23.1,NA,0.04151210033562974,0.8909448818897638,NA,2.392177589852008,27.397094430992738,0,27.397094430992738,NA,1,NA,-0.04133858267716536,-0.44488188976377957,-0.11099365750528539,-1.194503171247357,NA,NA,0,False,1.3070256173211605,1.429526674679322
Comprehensive Multiple Project Company (ASE:INOH),ASE:INOH,6,14,24.066000000000003,16.916,-0.688,0.307,10.1,NA,-20.299418604651162,2.382772277227723,78.39087947882737,1.4226767557342161,32.87704918032787,0,32.87704918032787,NA,1,NA,0.030396039603960395,-0.06811881188118811,0.018148498462993615,-0.04067155355876093,NA,NA,0,0.05357142857142857,0.38009303856561366,2.8824097656999763
SAIC Motor Corporation Limited (SHSE:600104),SHSE:600104,2,30837.7,25405.9,28943.260000000002,4764.74,2567.04,6531.3,6.693661818971131,-172.21350364963445,0.2506768677009784,9.89696303914236,0.8777829449757906,7.879264359260638,3574.46,5.65643994211288,6951.4,1,679.1,0.02532866564314272,0.047013099264720394,0.0886921514715343,0.16462347365155133,4607,30837.7,0,0.7725932867885738,1.1012225343903503,0.8904144449163509
Hyundai Motor Company (KOSE:A005380),KOSE:A005380,2,28982.8,74368.7,106077.95999999999,6108.740000000001,6178.740000000001,50852.4,4.776885929490877,4.283479052823315,0.9384726239330476,12.036224213998322,0.701075887960138,8.799779912911776,2248.06,8.100547888505233,8067.9,1,1768,0.07797068310189743,0.07708733992559728,0.05824716086169079,0.05758726883510958,6067.3,28982.8,0,0.6857515491946948,0.48150156325288374,0.6698059984667187
"Hyundai Mobis Co.,Ltd. (KOSE:A012330)",KOSE:A012330,2,19521.7,18867,22718.559999999998,2880.1,2687,2595.6,6.8789245568906585,6.07822189017557,0.5801482119246025,7.0215854112393,0.8304663675866781,6.082989424813,1361.16,5.28028882482998,3912.2,1,1106.2,0.0826235355616371,0.08856123735432489,0.11827334126810855,0.1267729996971639,2837.9,19521.7,0,0.42260663774159013,0.48190702079749004,0.5801905323034605
Kia Motors Corp. (KOSE:A000270),KOSE:A000270,2,18203.3,21323.8,26126.96,2480.84,2021.34,5557.2,7.42052912641148,6.995873452544704,0.5102412925085423,10.54933855759051,0.8161607779856516,7.334823885525592,2194.96,5.833187438450596,2985.8,1,532.7,0.04836713597947913,0.05936216847404742,0.07736606172321617,0.09495325900908488,2453.1,18203.3,0,0.5040294891585592,1.0356034769266265,0.9919940851823352
Porsche Automobil Holding SE (DB:PAH3),DB:PAH3,2,14761.6,14576.7,34110.799999999996,3274.9,-95.8,334.2,4.507496412104186,4.362308187080768,NA,NA,0.4273338649342731,NA,0,NA,3573.4,1,298.5,NA,NA,-0.002808494670309697,0.0960077160312863,3274.9,14761.6,0,0.0442025254714936,13.056237495579154,1.7526870934942842
"Autoliv, Inc. (NYSE:ALV)",NYSE:ALV,3,9949.7,10329.37448362873,5628.639999999999,436.1200000000001,770.6200000000001,1702.9744836287284,23.29594942636385,20.35488437942426,1.144237422444001,13.403979242205923,1.8351456983620786,9.690753807701219,2011.1399999999999,5.944279497973603,618.8,1,191.6,0.08536550242043581,0.048311233702214414,0.13691051479575886,0.07748230478410419,427.1,9949.7,103.17448362872841,1.763872277556107,0.3618083361777279,0.5050996804909947
Isuzu Motors Ltd. (TSE:7202),TSE:7202,3,9744.6,8704.32714919221,8426.06,1080.3600000000001,1509.76,1828.7271491922095,9.118180967530645,6.784015786877159,0.5465962818025074,5.765371416113958,1.0330245867216956,4.521258648032521,1859.7600000000002,3.400526291828031,1638.4,1,368.1,0.09480677693631237,0.06784220639764893,0.17917745660486634,0.12821650925818237,1068.7,9744.6,58.42714919220959,1.9497978367506106,0.5350453447225733,0.8268134914773898
"Wanxiang Qianchao Co., Ltd. (SZSE:000559)",SZSE:000559,3,7647.1,7736.900000000001,987.8599999999999,128.92000000000002,142.32,316.3,58.91448382126348,85.1963260619977,4.721940799511749,54.36270376616077,7.831980240114998,38.85936715218484,214.56,28.86902985074627,156.5,1,15.1,0.08685993286542569,0.07868172108635949,0.1440689976312433,0.13050432247484464,129.8,7647.1,0,12.164742189849747,0.3981340870378638,0.5607254294755247
Cheng Shin Rubber Industries Co. Ltd. (TSEC:2105),TSEC:2105,3,6096.3,6725.200000000001,3656.4599999999996,518.96,681.46,1540.3,12.187724910035985,10.511494951952319,1.6675014257023135,9.868811082088458,1.8392653003177941,6.623202678747292,336.16,5.906033195749539,663.3,1,160.7,0.16896679973221593,0.12867521261560588,0.18637151780684053,0.1419296259223402,500.2,6096.3,0,0.55361448747601,0.6240996214847162,0.6768298020706454
HUAYU Automotive Systems Company Limited (SHSE:600741),SHSE:600741,3,5878.4,3879.2,3532.12,809.24,745.24,906,7.68016723281944,12.910117238384718,0.31172504680857904,5.205302989640921,1.0982639321427359,4.194636678200692,835.62,3.175247605795204,1208.9,1,144.5,0.05988605224882075,0.06502896908624833,0.21098943410756146,0.22910886379851195,765.4,5878.4,0,1.0079273271638542,0.8623637625506575,0.8213885686151784
"NGK Spark Plug Co., Ltd. (TSE:5334)",TSE:5334,3,5608.2,5569.954102171034,2985.0200000000004,320.28000000000003,527.8800000000001,472.4541021710338,17.520149953139644,17.227103751267318,1.907518528140765,10.551553576894431,1.8659687714558137,8.682703199019539,110.92,8.201964515050852,495.5,1,173.1,0.18078082191780825,0.10968493150684933,0.17684303622756298,0.10729576351247228,320.1,5608.2,17.554102171033843,0.6909525337898078,0.6127223039501862,2.161919894962118
"Wuhu Shunrong Sanqi Interactive Entertainment Network Technology Co., Ltd. (SZSE:002555)",SZSE:002555,3,5231.8,5074.2,395.38800000000003,58.488,80.988,0,128.86206896551724,136.36656812684762,12.001419110690634,62.65372647799674,12.833469908039696,69.31967213114754,29.288000000000004,53.75211864406779,73,1,1.12,0.1915515610217597,0.1383349101229896,0.20483170961182431,0.14792558195999878,40.6,5231.8,0,3.6268588248786267,0.6619940011409496,0.5471949973591707
"Hankook Tire Co., Ltd. (KOSE:A161390)",KOSE:A161390,4,4355.3,6605.099999999999,6961.62,594.8,829.3,2719.1,7.361899932386748,6.817543859649123,1.144969491055332,7.964668997950078,0.9487877821541537,5.442119139820384,439.32,4.862411660777385,756.9,1,165.5,0.14375606711967825,0.10310636527527388,0.1191245715796036,0.0854398832455664,591.6,4355.3,0,0.5969738020343031,0.05009709082076758,0.045667495916542414
Hanon Systems Corp. (KOSE:A018880),KOSE:A018880,4,3823.4,3830.5000000000005,1968.92,193.10000000000002,282.3,347.2,18.206666666666667,17.093434095593288,0.7846330322210616,13.5688983351045,1.94548280275481,8.552132172359903,455.3200000000001,6.490172822771942,304,1,80.2,0.05782584649419284,0.03955427190233311,0.14337809560571277,0.09807407106433985,210,3823.4,0,0.49432442328817283,0.4517267133277738,0.44762881480635525
Toyota Boshoku Corporation (TSE:3116),TSE:3116,4,3773.9,4167.916454955613,3592.3199999999997,43.079999999999984,256.98,1194.3164549556127,42.78798185941043,39.074901445466494,0.38287996683314923,16.218835920910625,1.1602297275731597,6.4799696128041235,1003.42,4.3388678481736545,263.1,1,133.4,0.023607117594642513,0.003957485508511164,0.07153594334580439,0.011992250133618383,88.2,3773.9,16.316454955612706,1.5368716712154535,0.5266258909482382,1.0363124607490315
"Weifu High-Technology Group Co., Ltd. (SZSE:200581)",SZSE:200581,4,3374,3177.2,1867.8200000000002,311.58,129.98,62.7,11.990049751243783,47.04682779456194,3.1695929768555464,24.443760578550545,1.7010204409418463,23.587230883444693,120.71999999999998,17.174054054054054,312,1,23.5,0.12966879489225858,0.3108339984038308,0.06958914670578534,0.1668147894336713,281.4,3374,0,0.06579727326615294,0.6719263515601748,0.7970407629394839
"Beiqi Foton Motor Co., Ltd. (SHSE:600166)",SHSE:600166,4,3206,3267.5,3517.2,-117.66000000000004,-298.46000000000004,522.8,55.08591065292096,623.7954545454537,0.6310229620903419,NA,0.9290060275218924,NA,478.8,NA,45.4,1,-7.6,-0.05763890230007146,-0.022722620266120784,-0.08485727283066077,-0.033452746502900046,58.2,3206,0,3.3218964441671863,2.0772500419523423,0.8686934793052057
HYUNDAI WIA Corp. (KOSE:A011210),KOSE:A011210,4,3066.3,3944.1000000000004,3653.2599999999998,395.84000000000003,454.94000000000005,1327.8,7.73927309439677,6.978660976260337,0.5692163371337856,8.669494878445509,1.0796110870838649,6.520251281203506,34.36,6.402759740259741,530.7,1,132.7,0.06565738201760717,0.057128012700245354,0.12452987194998442,0.10835253992324664,396.2,3066.3,0,1.027296742001761,0.7400068400575848,0.8820476141705884
"AVIC Electromechanical Systems Co., Ltd. (SZSE:002013)",SZSE:002013,4,3055.2,3739.7999999999997,1649.58,33.540000000000006,71.74,906.5,86.30508474576271,111.06624852998824,3.2779384696292397,52.12991357680513,2.267122540282981,29.447244094488187,107.97999999999999,23.228571428571428,43.6,1,9.2,0.06288018231220965,0.02939784380752038,0.04348985802446683,0.020332448259556983,35.4,3055.2,0,7.7409007593610895,1.206281193457084,1.1478076184898713
MRF Ltd. (BSE:500290),BSE:500290,4,2704.2,2704.2,6.258,-2.376,-2.376,0,NA,#DIV/0!,NA,NA,432.1188878235858,NA,6.258,NA,NA,0,NA,NA,NA,-0.37967401725790983,-0.37967401725790983,NA,NA,0,0.085607573404334,1.0661574479551945,0.5442786496089688
"LIFAN INDUSTRY (GROUP) Co., Ltd. (SHSE:601777)",SHSE:601777,4,2429.4,2721,1563.02,16.379999999999995,14.679999999999993,1403.1,42.771126760563384,-33.96649484536083,1.4568720886652031,185.3542234332426,1.7408606415784826,29.54397394136808,136.42000000000002,22.248569092395748,59.1,1,3.98,0.007859934679016968,0.008770145098249181,0.009392074317667075,0.010479712351729342,56.8,2429.4,0,11.360829834527044,0.15203016658108198,0.23962552466844386
"Ningbo Tuopu Group Co., Ltd. (SHSE:601689)",SHSE:601689,4,1825.9,1790.6000000000001,514.92,72.64999999999999,72.64999999999999,0,28.177469135802472,29.69978437551833,3.9207357127216995,24.646937370956646,3.477433387710713,21.78345498783455,49.32000000000001,17.60668633235005,74.2,1,9.54,0.159075979855485,0.159075979855485,0.14108987803930706,0.14108987803930706,64.8,1825.9,0,2.587764937838874,0.28544032137920805,0.3065309557807363
"Haima Automobile Group Co., Ltd. (SZSE:000572)",SZSE:000572,4,1534.4,1193.46,1592.04,151.28,168.18,2.76,33.723076923076924,28.485645933014357,0.5816648796178965,7.096325365679629,0.749641968794754,6.9548951048951055,345.28000000000003,3.6099818511796733,62.5,1,10.4,0.08196705331903693,0.07373038307827273,0.10563804929524384,0.09502273812215774,45.5,1534.4,0,5.8166058394160585,2.5559436852312905,1.0865153773621554
"Beijing WKW Automotive Parts Co., Ltd. (SZSE:002662)",SZSE:002662,4,1326.1,1208.8999999999999,588.352,89.502,108.80199999999999,0,16.43246592317224,15.6572982774252,2.3478345309768884,11.111008988805352,2.0547223430871315,10.057404326123127,29.452,8.954814814814814,101.7,1,21.8,0.21130704991260438,0.17382404350359293,0.18492671054062873,0.15212321875339932,80.7,1326.1,0,2.1680114621823394,0.21633550969530438,0.30617070165573024
"China Automotive Engineering Research Institute Co., Ltd. (SHSE:601965)",SHSE:601965,4,1299.6,1057.2559999999999,363.014,59.321999999999996,33.022,0.456,21.516556291390728,21.392712550607285,4.5848048568950555,32.01671612864151,2.9124386387301864,21.576653061224487,19.458000000000002,19.22982902873772,70.9,1,11.4,0.14320034692107544,0.25725065047701645,0.09096618863184339,0.1634151850892803,60.4,1299.6,0,2.7508464142813174,0.5957952234120412,0.6840126025531316
Nexen Tire Corp. (KOSE:A002350),KOSE:A002350,4,1213.7,2185.8,2033.2799999999997,117.3,189.90000000000003,1042.1,10.303056027164686,10.265685306525448,1.3702357071213642,11.510268562401263,1.075011803588291,7.339825386165212,173.07999999999998,6.15718309859155,143.1,1,23.9,0.11904463390170514,0.07353309929789367,0.09339589235127482,0.05769003777148254,117.8,1213.7,0,1.1452583010628656,0.6307237331172556,0.7360089028776013
Greatoo Inc. (SZSE:002031),SZSE:002031,4,1161.1,1088.7,418.58599999999996,22.833999999999996,30.834000000000003,119.2,50.70305676855895,48.233830845771145,6.348104956268222,35.30842576376727,2.6008992178429287,22.728601252609604,18.686,20.14991671293726,26.8,1,4.07,0.17979008746355687,0.13314285714285712,0.07366228206390087,0.05455031940867587,22.9,1161.1,0,8.547928688312808,0.5306639548607811,0.4545709089297064
"Ningbo Huaxiang Electronic Co., Ltd. (SZSE:002048)",SZSE:002048,4,1149.4,1110.7,999.4000000000001,77.18,112.47999999999999,183.7,18.302547770700638,31.74657534246576,0.7413068143896416,9.87464438122333,1.1113668200920552,7.607534246575343,115.39999999999999,5.740051679586563,125.9,1,27.8,0.07507174798104518,0.05151171327504506,0.11254752851711025,0.07722633580148089,62.8,1149.4,0,6.742648338263441,0.7136805709340315,0.643260428805268
"Fangda Special Steel Technology Co., Ltd. (SHSE:600507)",SHSE:600507,4,1134.8,1271.4,522.658,68.056,126.65599999999999,436.7,16.98802395209581,13.796694214876032,0.7904750062173589,10.038213744315312,2.4325658461173463,6.091998083373264,16.258,5.909365558912388,93.1,1,25.4,0.07874658045262371,0.042312857498134786,0.2423305488483865,0.13021134279012278,66.8,1134.8,0,2.4453648219950654,0.7896894718454484,0.8968208875421724
Mando Corporation (KOSE:A204320),KOSE:A204320,4,1131.9,1996.6,2151.6,215.1,302.4,1006.1,8.666921898928026,8.16570486397362,0.42198926322018854,6.602513227513228,0.9279605874697899,4.806451612903226,84.5,3.993998799759952,165.2,1,33.6,0.06391342942892167,0.045462231052119884,0.14054656999442275,0.09997211377579476,130.6,1131.9,0,1.0204081632653061,#DIV/0!,#DIV/0!
"SsangYong Motor Co., Ltd. (KOSE:A003620)",KOSE:A003620,4,1047.9,1115.1000000000001,767.86,-81.44,-106.53999999999999,174.8,NA,-11.664805855352935,0.3904138365660669,NA,1.452217852212643,140.61790668348047,49.76,50.38861274288297,NA,1,NA,-0.037301309432112593,-0.028513409425110287,-0.13874925116557704,-0.1060610007032532,NA,NA,0,0.3173012692050768,1.2895798530669553,1.2281578831018918
"Nissin Kogyo Co., Ltd. (TSE:7230)",TSE:7230,4,1013.4,764.9289920160347,1209.4199999999998,86.27999999999999,148.88,51.22899201603478,11.285077951002227,9.15,0.405024352438862,5.137889521870195,0.63247589093618,3.2522491157144335,213.22,2.5030398953404274,172,1,43.6,0.07883088001694377,0.045684634120512546,0.12310032908336228,0.07133998114798829,89.8,1013.4,4.928992016034786,1.4949674363528715,0.3603369471918541,0.4845688051862154
"Kumho Tire Co., Inc. (KOSE:A073240)",KOSE:A073240,4,981.5,3159.2,3375.3999999999996,58.8,231.7,2317.5,16.692176870748302,16.08139090561712,1.0964875746216853,13.6348726801899,0.9359483320495349,7.862618218018914,0,7.862618218018914,94.8,1,33.3,0.08041788143828961,0.020408163265306124,0.06864371630029034,0.017420157610949814,58.8,981.5,0,1.3627101375445747,1.2695824703322145,4.216590617764998
"Shandong Meichen Science & Technology Co., Ltd. (SZSE:300237)",SZSE:300237,4,957.2,1019.8000000000002,294.526,25.832000000000004,35.332,108.9,45.3649289099526,46.005050505050505,4.542538975501114,28.86335333408808,3.4625126474402945,27.41397849462366,28.526,20.89754098360656,26.2,1,5.64,0.15738084632516705,0.11506458797327396,0.11996224441984749,0.08770702756293164,21.1,957.2,0,2.7684914333472626,0.6807452496047139,0.6891797972017195
"Guangdong Dynavolt Power Technology Co., Ltd. (SZSE:002684)",SZSE:002684,4,941.2,964.8,175.746,3.94,4.01,55.8,520,682.9451540195342,12.166456494325347,240.59850374064837,5.489740876037008,182.0377358490566,9.946000000000002,98.14852492370295,1.33,1,0.129,0.050567465321563684,0.04968474148802018,0.02281702001752529,0.022418717922456272,1.81,941.2,0,31.475775605609858,1.3587949981401315,0.9856369450889415
Hybrid Kinetic Group Limited (SEHK:1188),SEHK:1188,4,890.9,732.2784648513775,181.58019999999996,-49.177600000000005,-49.677600000000005,1.5784648513774835,NA,-12.868741304309541,210.4248462216602,NA,4.032810101824856,NA,29.853199999999998,NA,NA,1,NA,-14.275172413793104,-14.131494252873566,-0.2735848952694182,-0.27083129107689063,NA,NA,1.5514648513774836,0.8839375911999102,0.7438442513694673,0.8037993033177854
"Changzhou Xingyu Automotive Lighting Systems Co., Ltd. (SHSE:601799)",SHSE:601799,4,885.6,870.1999999999999,334.38800000000003,49.536,48.036,34.3,18.488517745302715,21.0448136958711,2.366603209137884,18.115579981680405,2.602366113616517,15.539285714285713,36.187999999999995,12.648255813953488,55.2,1,7.26,0.13063910796845254,0.13471852053304326,0.1436534803880522,0.14813928729499862,47.9,885.6,0,2.1793134598012647,0.505631131766381,0.5631816395843203
"Jiangnan Mould & Plastic Technology Co., Ltd. (SZSE:000700)",SZSE:000700,4,865.8,936.1,488,51.86000000000001,48.96,147.7,16.811650485436893,27.95744680851064,1.7325559874143996,19.11968954248366,1.9182377049180328,13.14747191011236,47,10.83449074074074,61.2,1,9.79,0.09061632426429762,0.09598371275217474,0.10032786885245902,0.1062704918032787,51.5,865.8,0,4.966504966504967,0.4996405028644474,1.001195527901747
"Rassini, S.A.B. de C.V. (BMV:RASSINI A)",BMV:RASSINI A,4,856.1,986.6,355.9,64.3,72,195.9,13.314152410575428,12.329066159387525,1.2658455221965614,13.702777777777778,2.7721270019668447,9.281279397930387,0,9.281279397930387,78.1,1,15.4,0.09237875288683603,0.08249935848088273,0.20230401798257938,0.18066872717055352,64.3,856.1,0,0.35334657166218897,0.4472312392739615,20.76225417220393
CROSS Industries AG (WBAG:CIAG),WBAG:CIAG,4,845.3,974.9700454013071,603.47,8.94,19.47,230.67004540130705,154.53382084095063,153.7174721189591,8.507592019208614,50.07550310227566,1.6156064848315692,56.03276122996018,4.77,46.14150711790379,15.1,1,8.39,0.16989528795811518,0.07801047120418848,0.03226340994581338,0.014814323827199362,5.47,845.3,0.6700454013070539,0.0062108127292085655,52.47068102072078,3.5456865556263653
"Zhejiang Shuanghuan Driveline Co., Ltd. (SZSE:002472)",SZSE:002472,4,836.6,921.9,363.72200000000004,21.578000000000003,26.977999999999994,96.8,38.91162790697675,43.472075869336145,4.184748070812528,34.17228853139596,2.5346280950836073,19.28661087866109,21.822000000000003,16.786234522942465,24.5,1,2.99,0.1224602814344076,0.09794825238311394,0.07417203248634945,0.05932552883795866,21.5,836.6,0,10.996892182644036,0.2898761096020249,0.41613152498490347
"Zhejiang Yinlun Machinery Co.,Ltd. (SZSE:002126)",SZSE:002126,4,806.8,838.6999999999999,410.55999999999995,28.939999999999998,42.440000000000005,92,28.609929078014183,29.009324009324008,1.9738762061661568,19.762016965127234,2.042819563522993,14.312286689419794,44.260000000000005,11.457650273224042,36.7,1,6.91,0.09988232525300073,0.06811014356319134,0.10337100545596262,0.07048908807482464,28.2,806.8,0,9.110064452156669,0.5850888389352367,0.6690842517612142
"NBTM New Materials Group Co., Ltd. (SHSE:600114)",SHSE:600114,4,803.8,841.1,325.338,26.325999999999993,30.625999999999998,53.1,33.63179916317991,34.090417477828254,3.978713339640492,27.463593025533864,2.585311276272676,18.284782608695654,33.238,14.451890034364261,28.2,1,3.11,0.14487228003784294,0.12453169347209078,0.09413594477128401,0.08091892124498212,23.9,803.8,0,4.976362279173924,0.6827370764681616,0.98104243071488
Guizhou Guihang Automotive Components Co. Ltd (SHSE:600523),SHSE:600523,4,796.5,821,407.58000000000004,26.04,24.839999999999996,76,30.285171102661597,50,1.6190100571879313,33.05152979066023,2.014328475391334,21.214470284237724,42.98,15.667938931297709,33.4,1,4.26,0.04898442121869453,0.05135081837901794,0.0609450905343736,0.06388929780656558,26.3,796.5,0,10.703075957313246,0.64469590131704,0.8191353096734217
"S&T Motiv Co., Ltd. (KOSE:A064960)",KOSE:A064960,4,794.6,720.3000000000001,611.6600000000001,66.53999999999999,90.64000000000001,0,12.262345679012347,11.343307086614175,0.696076536528798,7.946822594880847,1.1776150148775464,6.524456521739131,53.760000000000005,5.566460587326121,97.6,1,25.5,0.0875918051797449,0.06430228063393892,0.14818690121963182,0.10878592682209068,64.8,794.6,0,0.8494840171155298,0.45768769789201347,0.5970758076943476
ZYNP Corporation (SZSE:002448),SZSE:002448,4,785,773.4,335.2780000000001,29.886,27.486,33.3,25.99337748344371,31.17523167649537,4.404328018223235,28.13796114385505,2.3067424644623262,17.224944320712694,28.778000000000002,14.266740453790813,34.8,1,4.67,0.1565261958997722,0.17019362186788156,0.0819797302536999,0.08913796908833861,30.2,785,0,6.687898089171974,0.4882352375164715,0.6665218750355885
"Qingdao Doublestar Co.,Ltd (SZSE:000599)",SZSE:000599,4,701.6,812.9,571.204,16.568000000000005,25.998000000000005,236,74.08658922914466,84.58944281524926,1.5331950207468878,31.267789829986917,1.4231342917766683,15.784466019417476,48.803999999999995,11.563300142247511,12.3,1,2.71,0.04903432666918144,0.031248585439456817,0.04551438715415159,0.0290053991218549,9.47,701.6,0,9.264538198403649,1.426680024452281,4.759653310003737
"Tong Yang Industry Co., Ltd. (TSEC:1319)",TSEC:1319,4,613.3,896.9999999999999,917.6,27.1,42.1,324.9,23.863813229571985,22.992524716662647,1.2774138422101964,21.306413301662705,0.9775501307759371,6.980544747081711,55.199999999999996,6.081355932203389,33.4,1,6.06,0.05995442893762461,0.038592993449159785,0.04588055797733217,0.029533565823888407,25.7,613.3,0,1.993314854068156,0.44534877186661204,0.32791106765629957
Liaoning SG Automotive Group Co. Ltd. (SHSE:600303),SHSE:600303,4,610,890.5999999999999,698.1460000000001,-2.5759999999999987,-24.566,477.3,360.94674556213016,-73.1504424778761,1.5852616589533641,NA,1.2756644025748194,59.37333333333333,21.246000000000002,45.71868583162217,12,1,10.7,-0.04372730509077964,-0.0045852616589533626,-0.03518748227448126,-0.0036897726263560894,1.69,610,0,10.614754098360656,1.483050036676183,1.8564423355143969
"Xiamen Sunrise Group Co., Ltd. (SZSE:002593)",SZSE:002593,4,609.8,686.9,379.558,8.001999999999999,17.842,164.2,87.61494252873563,94.69202898550724,3.139396709323583,38.499047192018836,1.809736588347499,24.18661971830986,22.158,19.006640841173216,8.67,1,1.71,0.08154478976234003,0.03657221206581352,0.047007308500940564,0.021082416916518684,6.96,609.8,0,3.402755001639882,0.4173608296153313,0.5283005871566835
Pacific Industrial Co. Ltd. (TSE:7250),TSE:7250,4,586.9,683.5066386116912,736.802,64.388,65.988,222.10663861169124,9.81438127090301,8.384517535889515,0.815737723608654,10.358044471899303,0.9276666439717742,5.948708778169636,15.302000000000001,5.5887705528347595,62.5,1,17.7,0.07875402792696026,0.07684449218283805,0.08956001748095146,0.08738847071533465,59.8,586.9,0.7066386116912431,2.095757369228148,0.5914016446433411,0.5916760041790863
"Jiangsu Pacific Precision Forging Co., Ltd. (SZSE:300258)",SZSE:300258,4,560.8,609.6299999999999,262.538,21.968000000000004,26.968000000000004,57.9,26.704761904761902,26.37332695984703,5.582692307692306,22.605680806882223,2.3220638536135714,16.0428947368421,17.208,13.880464480874315,25.4,1,4.42,0.24695970695970698,0.2011721611721612,0.10272036809909424,0.0836755060219854,21,560.8,0,5.973609129814551,0.4698641249014537,0.5033961842448973
SL Corporation (KOSE:A005850),KOSE:A005850,4,551.5,660.7,832.3880000000001,84.7606,63.1606,207.6,6.684848484848485,5.930628272251309,0.5314083487492963,10.460635269455958,0.7937404191314626,5.979185520361991,12.488000000000001,5.721832510608817,111.3,1,28.3,0.05080077213866324,0.06817389206144937,0.07587879690721153,0.10182823394859127,82.5,551.5,0,0.57116953762466,0.7745296722823934,0.8164253086375185
"Zhejiang Qianjiang Motorcycle Co., Ltd. (SZSE:000913)",SZSE:000913,4,540.3,580.4,449.12000000000006,-20.020000000000003,-21.320000000000004,55,NA,-16.116564417177912,1.5801796896270077,NA,1.2923049519059493,NA,63.419999999999995,NA,NA,1,NA,-0.0580451946637626,-0.054505853525728294,-0.047470609191307446,-0.044576059850374064,NA,NA,0,8.56005922635573,1.6293518994736205,5.254212972364526
"Sebang Global Battery Co., Ltd. (KOSE:A004490)",KOSE:A004490,4,516.5,454.6,590.638,55.848,71.048,85.6,9.223214285714286,7.726130653266332,0.5299603637211472,6.398491160905303,0.7696761806724254,4.815677966101695,9.738000000000001,4.656832616267159,79.4,1,23.4,0.08282583352762883,0.06510608533457683,0.12029026239422455,0.09455537909853412,56,516.5,0,0.6195546950629235,0.5341561526543509,0.5430985668955578
Halla Holdings Corp. (KOSE:A060980),KOSE:A060980,4,511.2,847.3999999999999,1200.9562,880.377,50.37699999999999,454.4,0.5713008493518105,0.44410794196085523,1.047336546780373,16.82116839033686,0.7056044175466181,7.912231559290382,39.25620000000001,7.879272510878863,66.5,1,12.5,0.06226300828080582,1.088094178717093,0.04194740824020059,0.7330633706708037,894.8,511.2,0,1.4426838810641627,0.6187048517034888,1.2767061680622862
Sanden Holdings Corporation (TSE:6444),TSE:6444,4,501.8,1413.9999999999998,1734.4599999999998,38.8,51.400000000000006,1063.1,10.56421052631579,7.712087912087911,0.558804932026557,27.509727626459135,0.8152393252078456,8.898678414096915,175.46,6.6074766355140175,67.5,1,15.2,0.02031299399304458,0.015333544103699017,0.029634583674457763,0.022370074835972004,47.5,501.8,0,3.113790354722997,1.2638571293005445,11.734080879894766
PT Selamat Sempurna Tbk. (JKSE:SMSM),JKSE:SMSM,5,492.4,508.35,119.15,32.6,42.3,22.6,15.104294478527606,15.023350756193363,2.5817673946165565,12.017730496453902,4.2664708350818294,8.458402662229618,0,8.458402662229618,42.1,1,8.28,0.2148298628745556,0.16556627729812087,0.3550146873688627,0.2736046999580361,32.6,492.4,0,0.001015434606011373,0.47274553441413886,0.538171407948625
"Tianjin Pengling Rubber Hose Co., Ltd. (SZSE:300375)",SZSE:300375,5,487,446.5,133.006,18.6,20.200000000000003,0,25.63157894736842,24.144270805169526,2.611111111111111,22.1039603960396,3.3569914139211763,16.91287878787879,18.006,13.944409743910057,21.7,1,2.72,0.11812865497076025,0.10877192982456141,0.15187284784145078,0.13984331533915764,19,487,0,6.108829568788501,0.40956520852651135,0.4491012793243931
"Dong Ah Tire & Rubber Co., Ltd. (KOSE:A007340)",KOSE:A007340,5,461,495.69999999999993,642.8378,50.4298,52.3298,146.3,9.22,7.566045907319185,0.6709528965890633,9.47261407458083,0.7711120907949096,6.188514357053682,1.4378,6.1308794973594045,63.8,1,14.3,0.07083080671358961,0.0682590687601516,0.0814043604778686,0.07844871599025446,50,461,0,0.21746203904555314,0.3621967515258508,0.40979906897473334
"Shanghai Beite Technology Co., Ltd. (SHSE:603009)",SHSE:603009,5,450.2,495.8,127.94000000000001,6.913999999999999,11.314,60.6,63.40845070422535,64.0659502428971,4.599257884972171,43.82181368216369,3.8752540253243706,29.68862275449102,9.14,25.218718209562564,8.69,1,1.35,0.10495361781076067,0.06413729128014842,0.08843207753634516,0.05404095669845239,7.1,450.2,0,2.565526432696579,0.5113376659048656,0.4643840332401606
"Sungwoo Hitech Co., Ltd. (KOSDAQ:A015750)",KOSDAQ:A015750,5,449.4,1227.6,1850.56,44.019999999999996,150.21999999999997,980.8,9.986666666666666,6.17154288572143,0.41657334826427767,8.172014378910932,0.6633667646550233,4.087912087912088,50.96000000000001,3.8737772167876297,96.9,1,41.6,0.05097560147952084,0.014937731175133188,0.08117542797855783,0.023787394086114473,45,449.4,0,3.020694259012016,0.5738740733884754,0.569019807571794
UNIWHEELS Management (Switzerland) AG (WSE:UNW),WSE:UNW,5,388.6,388.6,0,0,0,0,NA,#DIV/0!,NA,NA,NA,NA,0,NA,NA,0,NA,NA,NA,NA,NA,NA,NA,0,0.07462686567164178,#DIV/0!,#DIV/0!
Launch Tech Company Ltd. (SEHK:2488),SEHK:2488,5,388.2,428.9453190648961,163.454,-8.520000000000001,-2.5100000000000016,83.84531906489619,NA,-26.53798831128883,3.759380535187521,NA,2.624257094135941,65.78915936578161,34.254000000000005,22.55233012959496,NA,1,NA,-0.021998247151621398,-0.07467134092900965,-0.01535600230034139,-0.052124756812314176,NA,NA,0.845319064896187,0.1423235445646574,1.0968074238687777,1.7009580277128904
New Pride Corporation (KOSDAQ:A900100),KOSDAQ:A900100,5,383.3,400.5,29.5104,0.423,0.613,22.4,914.7971360381862,1152.7439024390246,6.38755980861244,653.3442088091355,13.571486662329212,178.79464285714283,0.2104,173.15175097276264,0.454,1,0.035,0.009776714513556618,0.006746411483253588,0.020772337887659944,0.014333929733246584,0.419,383.3,0,22.175841377511087,3.15745542081042,3.086189679927402
Nexen Corp. (KOSE:A005720),KOSE:A005720,5,369.3,425,679.1,69.6,79.5,76.5,5.306034482758621,5.093539900613856,1.471097265489789,5.345911949685535,0.6258283021646296,4.92468134414832,0,4.92468134414832,77,1,7.37,0.27518172377985467,0.24091381100726894,0.11706670593432483,0.10248858783684286,69.6,369.3,0,0.27755212564310855,0.7231114263101476,0.7309075500156863
"S&T Holdings Co., Ltd. (KOSE:A036530)",KOSE:A036530,5,366.3,118.43,1113.5100000000002,24.360000000000003,103.06,6.93,16.28,6.136488717666483,0.0839452792741707,1.1491364253832719,0.10635737442860863,0.844119743406985,51.88,0.7457808564231738,116.1,1,40.3,0.07305075134675362,0.017266798979302524,0.09255417553501988,0.02187676805776329,22.5,366.3,0,0.20952770952770952,0.34641301898999205,0.21297498890299554
"ATLASBX Co., Ltd. (KOSDAQ:A023890)",KOSDAQ:A023890,5,304,280.1,354.40000000000003,44.412,50.112,28.3,6.909090909090909,6.206556568893271,0.6179130818442533,5.5894795657726695,0.7903498871331829,4.591803278688525,11,4.318532223250077,58,1,13.8,0.11054930509596295,0.09797485109199205,0.14139954853273137,0.1253160270880361,44,304,0,0.48519736842105265,0.6417262171218947,0.6049925916547158
Kordsa Global Endustriyel Iplik ve Kord Bezi Sanayi ve Ticaret A.S. (IBSE:KORDS),IBSE:KORDS,5,284.9,515.42,660.996,29.09,45.09,239,9.592592592592592,10.372232645403376,0.8109188168659534,11.430915945886005,0.7797626611961342,6.8814419225634165,4.676,6.7658177999474916,31.6,1,1.69,0.07094084329767149,0.04576777847702958,0.06821523882141496,0.044009343475603487,29.7,284.9,0,2.228852228852229,0.2867141661110108,0.33498826057222997
"Futaba Industrial Co., Ltd. (TSE:7241)",TSE:7241,5,280.9,943.3832811693769,1261.88,-4.584999999999997,16.580000000000005,845.2832811693768,NA,-16.390977443609017,0.27247300383253237,56.89887099935927,0.747601421030032,5.0529366961402085,76.18,4.477376749736008,6.31,1,2.96,0.004788724258440922,-0.0013242642174277207,0.013139125748882622,-0.0036334675246457644,NA,NA,12.883281169376847,0.5455678177287291,2.48195689975962,1.6158386135029659
"Daewon Kangup Co., Ltd. (KOSE:A000430)",KOSE:A000430,5,271.7,567.6999999999999,756.008,12.81,27.11,322.9,21.06201550387597,19.87335606429615,0.6365063347908958,20.940612320177053,0.7509179797039184,8.511244377811092,7.9079999999999995,8.193101457641793,25.9,1,8.1,0.030395784280748964,0.014362596703666332,0.03585940889514396,0.01694426514005143,12.9,271.7,0,0.07913139492086861,0.7000242144825908,0.7255946883084539
"Pyeong Hwa Automotive Co., Ltd. (KOSDAQ:A043370)",KOSDAQ:A043370,5,260.4,361.2,501.70200000000006,38.794000000000004,42.194,143.2,6.746113989637305,5.781266574732152,0.3717579250720461,8.560458833009433,0.7199492926079624,4.195121951219512,4.402,4.119995437435839,47.9,1,9.31,0.0434273363524084,0.03992795389048992,0.08410171775276958,0.07732478642700248,38.6,260.4,0,1.2192780337941629,0.6080349158550211,0.6248459029742307
Fortunet e-Commerce Group Limited (SEHK:1039),SEHK:1039,5,257.1,280.71634615384613,68.236,-132.002,-68.202,67.71634615384616,NA,-1.6205112598904445,8.256363122171946,NA,4.113903894628145,NA,9.136,NA,NA,1,NA,-2.0059411764705883,-3.8824117647058825,-0.9995017292924555,-1.934492056978721,NA,NA,0.016346153846153847,0.002917152858809801,5.924188195781563,8.100650153852941
Motonic Corporation (KOSE:A009680),KOSE:A009680,6,244.9,186.699,299.023,11.966,7.6259999999999994,0.999,22.263636363636365,36.483300589390964,0.9774816753926702,24.481904012588515,0.6243633432879745,13.241063829787235,21.524,8.607607192254497,14.3,1,3.38,0.03992670157068062,0.06264921465968586,0.025503054948950412,0.0400169886597352,11,244.9,0,0.04899959167006941,0.3930618721115761,0.2829780233692308
"Hyundai Engineering Plastics Co., Ltd. (KOSE:A089470)",KOSE:A089470,6,244.5,423.1,372.50000000000006,29.686,44.886,203.3,8.15,7.387490337108863,0.5298685034439574,9.426101679811078,1.1358389261744966,8.028462998102468,8.6,7.634428004330567,40,1,9.97,0.056212899185973705,0.03717720726361928,0.1204993288590604,0.07969395973154361,30,244.5,0,1.6257668711656441,0.7801353612145939,0.6193796316419493
"DRB Holding Co., Ltd. (KOSE:A004840)",KOSE:A004840,6,243,276.1,379.488,38.43,70.82999999999998,131.3,6.4456233421750655,3.889127632144392,0.4887590724021951,3.898065791331358,0.7275592377097564,3.362971985383679,23.387999999999998,3.0630130907477264,64.7,1,15.4,0.12538502389803502,0.06802973977695168,0.18664621806223117,0.10126802428535289,37.7,243,0,1.4197530864197532,1.2356118856128917,1.1343260011781737
"Seoyeon Co., Ltd. (KOSE:A007860)",KOSE:A007860,6,237.6,447.00000000000006,1040.9720000000002,196.19000000000003,122.39,493.1,1.2128637059724348,-0.23813213492432456,0.24764542936288092,3.65225917150094,0.429406362515034,2.460099064391855,19.872,2.3776595744680855,163,1,26.6,0.06780609418282549,0.10869252077562329,0.11757280695350113,0.18846808559692285,195.9,237.6,0,4.008838383838384,0.7812287247407524,1.0208124078103713
Murakami Corporation (TSE:7292),TSE:7292,6,237,101.70000000000002,268.7340000000001,42.986,51.786,27.1,5.589622641509434,1.8102402329531666,0.18840311226380146,1.963851233924227,0.3784411351001361,1.3470198675496692,11.434000000000001,1.2768361581920906,59.3,1,14.2,0.09593553167839942,0.07963319748054835,0.1927035656076268,0.15995743002374088,42.4,237,0,0.21308016877637131,0.6477919720694736,0.8334239010840437
"Hwaseung R&A Co., Ltd. (KOSE:A013520)",KOSE:A013520,6,232.3,771.3,830.46,20.32,78.62,605,12.098958333333334,10.64660691421255,0.5154714963576823,9.810480793691172,0.9287623726609348,6.422148209825146,77.26,5.268442622950819,34.9,1,15.8,0.052542939250150376,0.01358016440553365,0.09467042362064398,0.024468366929171783,19.2,232.3,0,1.248385708136031,0.34739518947908127,11.118228614814686
Fuji Kiko Co. Ltd. (TSE:7260),TSE:7260,6,220.4,238.45147739058007,397.56,38.5,51.400000000000006,94.55147739058009,5.579746835443038,3.766029835121696,0.27010815291184875,4.639133801373153,0.5997873965956838,2.8591304243474824,48.75999999999999,2.398908223245272,55.8,1,10,0.05822383325781605,0.04361123697326688,0.12928866083106955,0.09684072844350539,39.5,220.4,0.5514773905800844,0.3731851179673321,1.1554487269603846,2.4169037352890617
Sewon Precision Industry Co. Ltd. (KOSE:A021820),KOSE:A021820,6,213.4,202.9,475.83799999999997,32.642,48.342,0,5.601049868766404,6.324812967581048,0.6189749847467968,4.1971784369699225,0.42640562544395366,2.6874172185430463,15.638,2.6874172185430463,68.4,1,11,0.14747406955460646,0.09957901159243442,0.10159339943426124,0.06859897696274783,38.1,213.4,0,0.06560449859418932,1.4346734710096252,0.6218601153205449
"The Furukawa Battery Co., Ltd. (TSE:6937)",TSE:6937,6,208.7,279.59999999999997,263.62,16.18,21.28,90.5,12.133720930232558,11.480087421078194,0.6135615536537194,13.1390977443609,1.0606175555724147,7.536388140161724,39.02,5.614457831325301,24.8,1,7.43,0.04669738863287251,0.03550581522931753,0.0807222517259692,0.06137622335179425,17.2,208.7,0,0.22879731672256828,0.8466382361575608,0.8468154768080027
"Shoei Co., Ltd. (TSE:7839)",TSE:7839,6,204,160.31112440960894,35.1522,14.2018,23.501800000000003,0.4111244096089256,14.265734265734265,11.188077246011755,1.4494676709729561,6.821227497877138,4.560486240110404,6.118745206473624,2.5522,5.933493389947773,22.1,1,7.78,0.21249367088607599,0.12840687160940326,0.6685726640153391,0.4040088529309688,14.3,204,0.4111244096089256,0.24387254901960784,0.6540220628976047,0.670871790167022
"Dayou A-Tech Co., Ltd. (KOSE:A002880)",KOSE:A002880,6,198.3,418.70000000000005,322.934,-7.279999999999999,-8.59,247.3,NA,-16.705653021442497,0.5517195941494268,NA,1.2965497593935604,43.298862461220274,6.534000000000001,32.457364341085274,NA,1,NA,-0.011319014362893662,-0.009592831730135722,-0.02659986251060588,-0.02254330606253909,NA,NA,0,4.841149773071104,1.0295179474209522,1.9472580817488645
"Sejong Industrial Co., Ltd. (KOSE:A033530)",KOSE:A033530,6,194.9,240.59999999999997,474.58,12.219999999999992,18.479999999999997,128,20.429769392033545,16.318840579710148,0.23627614651870762,13.01948051948052,0.5069745880568081,4.6269230769230765,67.38000000000001,3.1994680851063824,9.38,1,2.61,0.01814789354807031,0.012000392811548652,0.03893969404526107,0.02574908340005898,9.54,194.9,0,0.6221139045664443,0.5140092277496889,0.5109528550182547
"Hwashin Co., Ltd. (KOSE:A010690)",KOSE:A010690,6,187.5,359,510.99999999999994,-11.2,23.9,291.8,NA,-4.210526315789474,0.31288129684504096,15.020920502092052,0.7025440313111547,5.279411764705882,0,5.279411764705882,NA,1,NA,0.020829701934809132,-0.00976119923304863,0.046771037181996086,-0.021917808219178082,NA,NA,0,0.9053333333333333,0.6782979390943468,0.8685447306656017
ATVRockN (OTCBB:ATVK),OTCBB:ATVK,6,179.4,179.4,0.202,-0.001,-0.016,0,NA,-11960,NA,NA,888.1188118811881,NA,0,NA,NA,1,NA,NA,NA,-0.07920792079207921,-0.0049504950495049506,NA,NA,0,0.004180602006688963,0.5457217236578662,0.4981129844376159
DAE-IL Corporation (KOSE:A092200),KOSE:A092200,6,179.2,433.65,419.03599999999994,2.8360000000000003,14.105999999999998,259.8,63.321554770318016,64.48442136498515,0.9679687499999999,30.742237345810295,1.0348752851783618,10.841249999999999,8.986,10.089576547231271,8.5,1,2.42,0.031486607142857136,0.006330357142857144,0.033662978837140485,0.006767914928550293,2.83,179.2,0,2.176339285714286,0.583507488318533,1.413908406425723
"KR Motors Co., Ltd. (KOSE:A000040)",KOSE:A000040,6,164.3,198.18,101.1288,-9.4778,-10.127799999999999,35.5,NA,-16.596612936135482,2.593979057591623,NA,1.9596791418468331,NA,0.3488,NA,NA,1,NA,-0.13256282722513085,-0.12405497382198952,-0.10014753462910664,-0.09372008765060003,NA,NA,0,0.7897139379184418,1.3458234523633232,2.1665975641020325
"DRB Industrial Co., Ltd. (KOSE:A163560)",KOSE:A163560,6,160.8,169.9,152.73399999999998,19.976,24.976,31.5,8.040000000000001,6.929354628748811,0.7102842809364549,6.802530429212044,1.112391477994422,6.2007299270073,5.534000000000001,5.8045780662794675,25.4,1,5.41,0.10441471571906355,0.08351170568561873,0.1635261303966373,0.13078947713017403,20,160.8,0,0.9064054726368158,0.16948352660036672,0.1756055933686384
DY Corporation (KOSE:A013570),KOSE:A013570,6,155.2,187.99999999999997,288.59739999999994,36.38,18.28,97.2,4.252054794520547,2.6464587583794805,0.3557910673732021,10.284463894967175,0.65142652012804,5.4178674351585006,0.7974,5.382038876642523,13.7,1,-1.24,0.03459500378501136,0.06884935654806965,0.06334083397840731,0.12605796171413883,36.5,155.2,0,0.7973582474226805,0.6198438640592208,0.7601722426907832
"IJT Technology Holdings Co., Ltd. (TSE:7315)",TSE:7315,6,153.2,195.61465142784454,580.306,33.436,34.036,122.21465142784453,4.848101265822784,2.421643022104915,0.16465879749818563,5.747286738390073,0.3370887969930425,1.8029000131598574,10.206,1.7403438739132076,43.2,1,16.9,0.02864983164983165,0.028144781144781146,0.05865181473222748,0.05761787746464796,31.6,153.2,0.8146514278445258,0.2659921671018277,#DIV/0!,#DIV/0!
"Chuo Spring Co., Ltd. (TSE:5992)",TSE:5992,6,148.5,107.10769230769232,453.36199999999997,11.740000000000002,6.37,61.90769230769231,12.272727272727273,5.664160401002507,0.15257506026736797,16.81439439681198,0.23625202885926108,3.025641025641026,7.7620000000000005,2.8297937201503913,17.6,1,5.92,0.009074074074074075,0.016723646723646728,0.014050582095543959,0.025895421318946014,12.1,148.5,0.007692307692307692,0.14814814814814814,1.1244328942845996,1.3698659307334577
Amtek Auto Ltd. (BSE:520077),BSE:520077,6,147.3,152.63489155174432,0,137,365.4,5.334891551744292,1.075182481751825,1.1653481012658229,0.06114445040730053,0.41772000972015416,NA,0.29117682478394563,0,0.29117682478394563,227.3,1,66.8,0.14637663742338658,0.05488122421183351,NA,NA,137,147.3,5.334891551744292,2.0706042090970804,0.30958304770013195,0.07300262086679837
Saeron Automotive Corp. (KOSE:A075180),KOSE:A075180,6,145.8,118.489,139.289,23.3,29.4,0.089,6.257510729613734,5.330932012606934,0.6524724669603524,4.030238095238095,0.850670189318611,3.0538402061855674,0,3.0538402061855674,31.8,1,8.56,0.1618942731277533,0.12830396475770925,0.21107194394388645,0.16727810523444064,23.3,145.8,0,0.18689986282578874,0.45895690555115715,0.3306066016829583
S&C Engine Group Limited (KOSDAQ:A900080),KOSDAQ:A900080,6,137.5,15.219999999999999,197.02,25.4442,38.5442,8.32,5.413385826771654,0.2762320349093241,0.09213075060532687,0.39487134251067607,0.07725104050350218,0.31446280991735537,0,0.31446280991735537,33.1,1,7.62,0.233318401937046,0.15402058111380146,0.19563597604304128,0.12914526444015834,25.4,137.5,0,6.6909090909090905,0.372451550693717,0.43771298057322255
"Woory Industrial Holdings Co.,Ltd. (KOSDAQ:A072470)",KOSDAQ:A072470,6,136.1,203,162.186,14.154,22.154,77,10.46923076923077,9.79173142679515,0.7060869565217391,9.163130811591586,1.2516493408802238,7.173144876325088,15.086000000000002,6.072390068800479,16.7,1,3.51,0.07705739130434783,0.049231304347826084,0.13659625368404177,0.08727017128482113,13,136.1,0,2.112417340191036,1.0756314010702048,1.4996040239642416
Artea SA (ENXTPA:ARTE),ENXTPA:ARTE,6,130,130,0,0,0,0,NA,#DIV/0!,NA,NA,NA,NA,0,NA,NA,0,NA,NA,NA,NA,NA,NA,NA,0,0.015384615384615385,#DIV/0!,#DIV/0!
SNT Corporation (TSE:6319),TSE:6319,6,124.9,50.26642456326354,161.1,10.5,11.7,12.866424563263543,11.895238095238096,4.137168141592921,0.3000980570941107,4.2962756036977385,0.312020015911009,2.4520207104030995,0,2.4520207104030995,14.5,1,3.92,0.06985074626865671,0.0626865671641791,0.07262569832402234,0.06517690875232775,10.5,124.9,1.7664245632635438,0.20616493194555643,0.684636411985836,0.8725102231158499
"Sangsin Brake Co., Ltd. (KOSE:A041650)",KOSE:A041650,6,123.8,231.97,247.364,20.634,25.034,113.7,5.980676328502415,5.739311884311157,0.7511981865284973,9.266197970759768,0.9377678239355767,5.828391959798996,29.093999999999998,4.708138826872337,25.4,1,4.6,0.08106865284974092,0.06681994818652849,0.10120308533173784,0.0834155333840009,20.7,123.8,0,0.37156704361873993,0.6453730255157965,0.6388768297540005
Korea FuelTech Corporation (KOSDAQ:A123410),KOSDAQ:A123410,6,123.6,169.09999999999997,161.57799999999997,14.610000000000001,16.11,63.8,8.704225352112676,7.87525241193628,0.6815800080612655,10.496585971446304,1.0465533674138805,6.405303030303029,13.378,5.439047925377934,19.6,1,4.08,0.06493349455864571,0.05888754534461911,0.09970416764658556,0.09042072559383087,14.2,123.6,0,0.1436084142394822,0.23613215651759978,0.3094442081123937
Tigers Polymer Corporation (TSE:4231),TSE:4231,6,117.8,66.79999999999998,195.408,19.970000000000002,20.37,17.9,5.7745098039215685,2.4919737043265555,0.19816078315040042,3.279332351497299,0.34184884958650613,1.8251366120218573,27.208,1.4652336038604952,26.8,1,5.68,0.06042717294571344,0.05924058142984278,0.1042434291328912,0.1021964300335708,20.4,117.8,0,0.12521222410865876,0.5550342615104505,0.6810714293353392
Daewon San Up Co. Ltd. (KOSDAQ:A005710),KOSDAQ:A005710,6,108.3,47.400000000000006,104.19999999999999,5,8.15,28.2,21.66,7.773279352226721,0.06967514331912393,5.815950920245399,0.4548944337811901,1.5800000000000003,0,1.5800000000000003,5.91,1,0.919,0.011980008819638396,0.007349698662354844,0.07821497120921306,0.047984644913627646,5,108.3,0,0.06694367497691597,1.1682071058977037,0.8418115070141855
Fuji Technica & Miyazu Inc. (JASDAQ:6476),JASDAQ:6476,6,104.3,122.4,57.7,12.3792,5.619199999999999,35.6,8.411290322580644,7.833935018050541,1.2750000000000001,21.782460136674263,2.121317157712305,NA,0,NA,6.65,1,-5.77,0.058533333333333326,0.12895,0.09738648180242633,0.21454419410745235,12.4,104.3,0,2.097315436241611,3.181205435624784,1.3498857768304275
The Southern Rubber Industry Joint Stock Company (HOSE:CSM),HOSE:CSM,6,102.9,167.98,125.37999999999998,16.5,23.9,68.1,6.236363636363636,6.053333333333334,1.1600828729281767,7.0284518828451885,1.3397671079917053,5.977935943060498,0,5.977935943060498,21.6,1,5.05,0.1650552486187845,0.11395027624309391,0.19062051363853885,0.13159993619397034,16.5,102.9,0,0.8916423712342079,0.6180047660445082,0.8236947103394867
Kyungchang Industrial Co. Ltd. (KOSDAQ:A024910),KOSDAQ:A024910,6,102.6,340.19999999999993,408.988,17.604000000000003,26.804,261.7,6.294478527607361,4.9942740806718415,0.6649726348709928,12.692135502163854,0.8318092462370532,4.705394190871369,25.087999999999997,4.189655172413792,25.6,1,6.98,0.05239249413604378,0.03440969507427678,0.06553737517971187,0.04304282766242531,16.3,102.6,0,1.8859649122807018,1.2739552824825315,1.32928320665762
"Yoosung Enterprise Co., Ltd. (KOSE:A002920)",KOSE:A002920,6,99.3,91.24,239.34,4.12,4.31,5.74,24.101941747572813,28.691275167785232,0.3655448717948718,21.169373549883993,0.3812150079384975,4.243720930232558,0,4.243720930232558,8.26,1,5.15,0.017267628205128203,0.016506410256410257,0.01800785493440294,0.01721400518091418,4.12,99.3,0,0.4204431017119839,0.6844815594142462,0.5286035333747587
GMB Korea Corporation (KOSE:A013870),KOSE:A013870,6,95.9,196.88,311.83,14.361999999999998,14.762,110,6.899280575539569,6.473919523099852,0.47032967032967027,13.336946213250236,0.6313696565436295,6.133333333333333,19.450000000000003,5.09391979301423,16.1,1,1.89,0.0352651696129957,0.034309603440038215,0.04733989673860758,0.046057146522143474,13.9,95.9,0,0.20333680917622524,0.4311264360297514,0.4413875307340505
Castex Technologies Limited (BSE:532282),BSE:532282,6,94.3,1026.4890304452529,1372.9,43.2,119.3,965.7890304452529,2.1828703703703702,1.511077918844909,1.6913643605952429,8.604266810102706,0.7476793870240024,6.21737753146731,0,6.21737753146731,63.8,1,20.6,0.19657274674575712,0.07118141374196739,0.08689635079029791,0.031466239347366885,43.2,94.3,1.2890304452529233,0.007953340402969248,0.4282585807479623,0.5544035364696007
"SJM Co., Ltd. (KOSE:A123700)",KOSE:A123700,6,92.9,69.42,127.97200000000001,16.915999999999997,20.116,3.02,6.152317880794702,4.577100710002068,0.4827538247566064,3.450984291111553,0.5424624136529865,2.9415254237288133,14.852,2.357215619694397,23.5,1,6.77,0.1398887343532684,0.11763560500695407,0.157190635451505,0.13218516550495418,15.1,92.9,0,0.5328310010764262,0.05433028588499631,0.1654763080926548
VRDT Corporation (OTCPK:VRDT),OTCPK:VRDT,6,89.4,89.4,0,0,0,0,NA,#DIV/0!,NA,NA,NA,NA,0,NA,NA,0,NA,NA,NA,NA,NA,NA,NA,0,False,#DIV/0!,#DIV/0!
"Dayou Smart Aluminium Co., Ltd. (KOSE:A000300)",KOSE:A000300,6,88.3,168.31,180.65340000000003,-11.0814,-6.101399999999999,81.9,NA,-7.465226781857451,0.3618013757523646,NA,0.931673580458491,20.425970873786408,2.7434000000000003,18.453020502137925,NA,1,NA,-0.013115649183147032,-0.023820722269991403,-0.03377406680416753,-0.061340666713164536,NA,NA,0,0.7276330690826728,6.507841329237506,3.198935860047537
Ilji Technology Co. Ltd. (KOSDAQ:A019540),KOSDAQ:A019540,6,87.3,208.84999999999997,220.54999999999998,19.6,20.5,129.1,4.454081632653061,4.151267502993076,0.8694837635303913,10.187804878048778,0.9469508048061663,5.58422459893048,0,5.58422459893048,23,1,3.43,0.08534554537885096,0.08159866777685264,0.09294944457039221,0.08886873724778963,19.6,87.3,0,3.350515463917526,1.2068980912559908,1.1579485073376843
"SAMBO MOTOS Co.,Ltd. (KOSDAQ:A053700)",KOSDAQ:A053700,6,85.5,249.50000000000003,336.5059999999999,18.429799999999997,28.8298,212.1,4.697802197802198,2.11646199988682,0.36637298091042586,8.65423971029976,0.7414429460395954,4.103618421052632,4.805999999999999,4.00096215522771,24.8,1,0.891,0.042334508076358295,0.027062848751835532,0.08567395529351633,0.05476811706180574,18.2,85.5,0,0.40058479532163743,1.9926130972758445,10.810491897120809
Lizhong Wheel Group Ltd. (SGX:E94),SGX:E94,6,84.2,243.73109586312486,381.04,20.640000000000004,28.140000000000004,201.63109586312484,4.923976608187134,2.5888574591071207,0.47289696519814683,8.66137511951403,0.639647007828902,5.901479318719731,68.44,3.7554868391852825,21.6,1,4.28,0.05459837019790455,0.040046565774156,0.07385051438169221,0.05416754146546295,17.1,84.2,1.731095863124827,0.04156769596199525,0.29977138405266873,0.3942366555825647
Ssangyong Materials Corp. (KOSE:A047400),KOSE:A047400,6,83.3,102.94299999999998,111.74300000000001,3.174,4.534000000000001,19.9,24.07514450867052,24.04952215464813,1.0756844305120166,22.704675782973084,0.9212478634008392,10.294299999999998,8.7,8.048709929632524,3.85,1,0.378,0.04737722048066876,0.033166144200626954,0.040575248561431146,0.02840446381428814,3.46,83.3,0,0.48919567827130855,0.24199213261494687,0.45820532294739036
"Daedong Co., Ltd. (KOSDAQ:A012860)",KOSDAQ:A012860,6,80.6,230.73999999999998,317.0679999999999,14.721999999999998,23.721999999999998,157.7,5.558620689655172,5.1407657657657655,0.36613773405268163,9.726835848579379,0.7277303291407522,4.569108910891089,18.328,4.073080317740511,20.2,1,-0.28,0.03764201840685496,0.023360837829260548,0.07481675855021637,0.04643168027047826,14.5,80.6,0,0.6234491315136477,0.609435805041315,1.1954158218094963
NEXENTECH Inc. (KOSDAQ:A073070),KOSDAQ:A073070,6,80.3,78.73,40.4146,7.757200000000001,6.3271999999999995,2.93,10.428571428571429,9.959269478386545,0.9350356294536817,12.443102794284993,1.9480583749437086,10.264667535853977,1.5846000000000002,9.5755290683532,9.63,1,1.93,0.07514489311163895,0.09212826603325416,0.1565572837538909,0.19194053634082736,7.7,80.3,0,0.41718555417185554,0.3607168566539162,0.4383649908369216
NVH Korea Inc. (KOSDAQ:A067570),KOSDAQ:A067570,6,78.8,90.9,145.358,-14.162,8.488,79.7,NA,-0.7193320488118178,0.20079522862823063,10.709236569274271,0.6253525777734972,4.131818181818182,13.058000000000002,3.464176829268293,NA,1,NA,0.01874972387894853,-0.03128341064722775,0.05839375885744162,-0.09742841811252219,NA,NA,0,0.1998730964467005,1.0288392285644696,1.3757215129332383
"Dong-A Hwasung Co., Ltd. (KOSDAQ:A041930)",KOSDAQ:A041930,6,77.9,110.19000000000001,106.58999999999999,9.24,18.4,38.9,8.430735930735931,8.135341777929934,0.6138718662952647,5.988586956521741,1.0337742752603436,4.479268292682927,0,4.479268292682927,11.5,1,2.19,0.10250696378830083,0.05147632311977716,0.17262407355286613,0.086687306501548,9.24,77.9,0,0.7734274711168164,1.1211004707864418,1.267190056208922
"Fuji Oozx, Inc. (TSE:7299)",TSE:7299,6,77.9,27.300000000000004,150.876,7.896,8.475999999999999,0,9.78643216080402,3.650708745653919,0.19682768565248743,3.2208588957055224,0.18094329117951166,1.5251396648044697,4.676,1.4035989717223654,12.6,1,4.23,0.061110310021629415,0.05692862292718097,0.05617858373763885,0.052334367294997214,7.96,77.9,0,0.24390243902439024,0.48225395760086837,0.6036698035865419
"CASTEC KOREA Co., Ltd. (KOSDAQ:A071850)",KOSDAQ:A071850,6,76.6,137.9,152.9,7.68,12.6,64.7,9.973958333333332,9.569878415479145,0.7527292576419214,10.944444444444445,0.9018966644865926,6.566666666666667,0,6.566666666666667,9.83,1,2.15,0.06877729257641922,0.04192139737991266,0.08240680183126226,0.05022890778286462,7.68,76.6,0,1.1977806788511751,0.6024557764953334,0.6372446676980774
"Korea Flange Co., Ltd. (KOSE:A010100)",KOSE:A010100,6,76.6,218.6,380.87960000000004,0.4069999999999999,2.246,162.7,282.6568265682656,-57.099080694586306,0.2394304490690033,97.32858414959928,0.5739346502149235,8.096296296296297,2.5796,7.834283052001577,6.24,1,3.86,0.0024600219058050384,0.0004457831325301204,0.0058968765982741,0.0010685791520469983,0.271,76.6,0,0.41775456919060056,0.3635126406461646,0.8225848607702462
Exide Pakistan Limited (KASE:EXIDE),KASE:EXIDE,6,74.2,104.30000000000001,60.5,4.96,9.83,30.1,14.95967741935484,15.02632644795464,0.8154808444096951,10.610376398779248,1.7239669421487605,9.396396396396398,0,9.396396396396398,6.83,1,1.86,0.07685691946833463,0.03878029710711493,0.16247933884297522,0.08198347107438017,4.96,74.2,0,0.0067385444743935305,0.4618931394815239,0.5225777845734081
"Hyundai Industrial Co., Ltd. (KOSDAQ:A170030)",KOSDAQ:A170030,6,71.8,64.86,59.46000000000001,10.6,12.9,0,6.773584905660377,6.397711580193332,0.38469750889679716,5.027906976744186,1.0908173562058525,4.504166666666666,0,4.504166666666666,14.6,1,4.01,0.07651245551601424,0.06287069988137604,0.2169525731584258,0.17827110662630336,10.6,71.8,0,0.8774373259052926,1.0111031861944115,0.9175574363744106
"Samsung Climate Control Co., Ltd. (KOSE:A006660)",KOSE:A006660,6,68.5,72.34,174.2898,8.329,2.089,10.9,8.077830188679245,13.714285714285712,0.8372685185185185,34.62900909526089,0.4150558437728427,12.096989966555183,0.4498,11.964935494541846,6.06,1,0.296,0.02417824074074074,0.09640046296296297,0.011985784595541447,0.04778822398097881,8.48,68.5,0,0.1386861313868613,3.619237907687059,0.6699491887762483
Kodaco Co. Ltd. (KOSDAQ:A046070),KOSDAQ:A046070,6,67.2,237.76999999999998,246.26399999999998,6.908,16.808,177.7,10.666666666666668,9.82017328755926,1.042393686979395,14.146239885768681,0.9655085599194361,6.891884057971014,9.194,6.295207836907598,7.59,1,1.11,0.0736869793950022,0.030284962735642264,0.06825195724913102,0.02805119708930254,6.3,67.2,0,4.241071428571429,0.9526241659106374,26.239968099572344
"INZI Controls Co., Ltd. (KOSE:A023800)",KOSE:A023800,6,66.4,183.8,302.146,5.2459999999999996,10.206,131.5,11.985559566787005,10.149427517950707,0.32290934645115954,18.009014305310604,0.6083151853739583,6.4946996466431095,10.646,5.812776723592663,4.45,1,3.15,0.017930428671820098,0.009216444132115248,0.033778372045302596,0.01736246715164192,5.54,66.4,0,0.5308734939759036,0.5058466785849675,0.6157046066625318
Sewon Corporation (KOSDAQ:A024830),KOSDAQ:A024830,6,66,67.267,161.06700000000004,2.29,-2.68,1.61,28.820960698689955,-87.54266666666666,0.9127137042062414,NA,0.41763365555948756,10.973409461663948,0,10.973409461663948,2.7,1,0.41,-0.03636363636363636,0.0310719131614654,-0.016639038412586064,0.014217685807769435,2.29,66,0,0.30303030303030304,1.2263191724945184,0.7651905574970874
Phuoc Hoa Rubber Joint Stock Company (HOSE:PHR),HOSE:PHR,6,64.6,77.8,120.7,12.3,7.19,35,5.252032520325202,4.682713347921225,1.0359520639147803,10.82058414464534,0.6445733222866611,8.259023354564755,0,8.259023354564755,16.1,1,3.59,0.09573901464713716,0.1637816245006658,0.05956917978458989,0.10190555095277548,12.3,64.6,0,False,0.5015953785167078,0.4102397695957234
TMT Automobile Joint Stock Company (HOSE:TMT),HOSE:TMT,6,64.6,64.6,0,0,0,0,NA,#DIV/0!,NA,NA,NA,NA,0,NA,NA,0,NA,NA,NA,NA,NA,NA,NA,0,0.9094427244582044,#DIV/0!,#DIV/0!
"SJM Holdings Co., Ltd. (KOSE:A025530)",KOSE:A025530,6,64.4,42.5,189.638,10.278,20.188000000000002,14.6,7.585394581861014,4.18918918918919,0.28619528619528617,2.1052110164454128,0.22411120134150328,1.778242677824268,16.538,1.40403039312851,24.9,1,6.95,0.13594612794612795,0.06921212121212121,0.10645545723958279,0.05419799829148167,8.49,64.4,0,0.046583850931677016,0.47642928955430935,0.17751921785847283
"Dongkook ind. Co., Ltd. (KOSE:A001620)",KOSE:A001620,6,64.4,182.4,275.5,-6.28,2.27,131.7,NA,-5.854503464203233,0.32050606220347916,80.35242290748899,0.6620689655172414,6.1003344481605355,0,6.1003344481605355,NA,1,NA,0.003988754173256018,-0.011034967492532069,0.00823956442831216,-0.02279491833030853,NA,NA,0,23.291925465838506,1.4130703964993452,1.0567430110886393
"KB Metal Co., Ltd. (KOSDAQ:A024840)",KOSDAQ:A024840,6,63.8,152.17000000000002,137.5744,-7.6274,-4.3374,93,NA,-7.514605029210058,0.3695240407965032,NA,1.1060924125418683,NA,0.0044,NA,NA,1,NA,-0.010532782904322486,-0.018522098105876638,-0.031527667938221066,-0.05544200083736509,NA,NA,0,15.909090909090908,7.1433870996962,3.396180908408691
"Yeong Hwa Metal Co., Ltd. (KOSE:A012280)",KOSE:A012280,6,62.6,85,70.73660000000001,8.8736,10.983600000000001,24.2,7.121729237770194,6.927985414767549,0.5798090040927695,7.73881059033468,1.2016410175213397,6.115107913669065,0.3366,6.044229538505298,11.2,1,2.44,0.07492223738062757,0.06052933151432469,0.15527463858879278,0.12544566744796892,8.79,62.6,0,1.6094249201277955,0.47612444501366963,0.8790273755109752
"MS Autotech Co., Ltd. (KOSDAQ:A123040)",KOSDAQ:A123040,6,61.6,415.73,432.33,-12.6,37.9,363.1,NA,-3.7646638054363377,0.5102859948447281,10.969129287598946,0.9616034048065136,5.0269649334945585,0,5.0269649334945585,NA,1,NA,0.04652019148152694,-0.015465815637658033,0.08766451553211667,-0.029144403580598156,NA,NA,0,0.09334415584415584,0.8076985661210586,4.247626490910127
"Dongwon Metal Co., Ltd. (KOSE:A018500)",KOSE:A018500,6,61.6,267.3,257.012,1.5726,10.547600000000001,222.4,65.18518518518519,48.07280513918631,0.7222372331802216,25.34225795441617,1.0400292593341947,7.30327868852459,2.812,7.054631828978622,0.622,1,-0.323,0.02849932450689003,0.004249121858957038,0.041039328902930605,0.006118780446049211,0.945,61.6,0,0.15016233766233766,0.7103756758882148,3.677063078525572
"Yura Tech. Co., Ltd. (KOSDAQ:A048430)",KOSDAQ:A048430,6,61.4,52.56999999999999,81.70800000000001,12.792000000000002,7.222000000000001,5.37,5.159663865546218,4.020442930153322,0.3297992471769134,7.27914705067848,0.6433886522739509,3.9526315789473676,11.838000000000003,2.9767836919592296,11.8,1,-0.054,0.04530740276035133,0.08025094102885823,0.08838791795173055,0.1565574974298722,11.9,61.4,0,0.30944625407166126,0.8393141124150101,0.8582508227181109
"Tanaka Seimitsu Kogyo Co., Ltd. (JASDAQ:7218)",JASDAQ:7218,6,60.8,162.4,297.148,-29.006,8.534,143.7,NA,-0.6591005216410544,0.4118691351762617,19.029763299742207,0.546529002382651,2.849122807017544,24.148,2.5147104366676993,NA,1,NA,0.021643418716713162,-0.07356327669287345,0.02871969523604399,-0.09761465666940379,NA,NA,0,0.037006578947368425,1.3999616671209432,716.1259186490536
"Duckyang Ind. Co., Ltd. (KOSE:A024900)",KOSE:A024900,6,57.7,39.800000000000004,36.0938,1.4544000000000001,-0.43060000000000004,0,38.211920529801326,57.933042212518195,0.05642988799092586,NA,1.1026824551585037,7.944111776447107,0.9938,7.5037707390648585,2.14,1,0.631,-0.0006105203459520772,0.0020621012335176525,-0.01193002676359929,0.04029500911513889,1.51,57.7,0,0.7755632582322357,1.4806205217367052,1.321819398786529
"Taeyang Metal Industrial Co., Ltd. (KOSE:A004100)",KOSE:A004100,6,55.7,186.55999999999997,224.665,6.909400000000001,9.9194,136.7,8.060781476121564,7.905501823370857,0.43742086752637743,18.807589168699717,0.8303919168539825,8.291555555555554,0.005,8.29118705835296,9.84,1,2.9,0.023257678780773738,0.016200234466588512,0.044151959584269915,0.030754234081855212,6.91,55.7,0,2.2576301615798924,0.48652796017694344,0.6348955684230574
INFAC Corporation (KOSE:A023810),KOSE:A023810,6,55.6,67.61,99.54339999999999,10.923,5.752999999999999,17.6,5.009009009009009,4.618581455485779,0.3474306269270298,11.752129323831046,0.6792012328290977,5.496747967479674,1.0333999999999999,5.418770537789532,14.7,1,3.59,0.029563206577595064,0.05613052415210689,0.05779388688752845,0.10973103189161713,11.1,55.6,0,0.7733812949640287,0.5581478821589715,0.6289482979537336
Pyung Hwa Industrial Co. Ltd. (KOSE:A090080),KOSE:A090080,6,55.4,102.41,100.22139999999999,1.1787999999999998,0.6858,56.9,46.554621848739494,48.988159311087195,0.38284112149532706,149.32925051035286,1.0218376514397125,8.983333333333333,0.0114,8.983333333333333,1.23,1,0.041,0.0025637383177570094,0.004406728971962617,0.006842849930254418,0.01176195902272369,1.19,55.4,0,0.7265342960288809,2.318059708349023,1.5528915115914448
"Hwajin Co., Ltd. (KOSDAQ:A134780)",KOSDAQ:A134780,6,54.4,62.099999999999994,78.8,8.8,10.1,22.9,6.181818181818181,4.575697443679235,0.5792910447761194,6.148514851485148,0.7880710659898477,3.90566037735849,0,3.90566037735849,10.6,1,1.78,0.09421641791044776,0.08208955223880597,0.1281725888324873,0.11167512690355332,8.8,54.4,0,0.22518382352941177,0.9709271651282732,1.3490416860560204
UNICK Corporation (KOSDAQ:A011320),KOSDAQ:A011320,6,54.2,81.7,118.536,5.8340000000000005,5.384000000000001,46.7,9.048414023372287,6.6908812846492065,0.40405539070227503,15.174591381872212,0.6892420867921981,6.808333333333334,22.436,4.226590791515779,6.56,1,0.57,0.026627101879327406,0.02885262116716123,0.045420800431936297,0.04921711547546737,5.99,54.2,0,0.2952029520295203,0.7680439231263452,0.820925749456621
"KB Autosys Co., Ltd. (KOSDAQ:A024120)",KOSDAQ:A024120,6,53.6,82.89,84.9492,3.9272,5.887200000000001,35.4,13.743589743589745,12.630319148936172,0.7932057416267942,14.079698328577251,0.9757596304614993,6.7942622950819676,0.0592,6.774826317940335,4.64,1,0.734,0.056336842105263164,0.03758086124401914,0.0693025949626365,0.0462299821540403,3.9,53.6,0,0.6576492537313433,0.561601988384231,0.6108694689433052
Wooshin Systems Co. Ltd. (KOSE:A017370),KOSE:A017370,6,53.3,49.49999999999999,90.31419999999999,15.0604,15.9604,24.3,3.6758620689655173,1.802575107296137,0.23217636022514068,3.101426029422821,0.5480865688894991,2.426470588235294,2.1142,2.319913764821671,18.2,1,3.48,0.07486116322701689,0.07063977485928706,0.176720825739474,0.16675561539602857,14.5,53.3,0,2.75328330206379,0.6067736416561861,0.6282147845409952
China Zenix Auto International Limited (NYSE:ZX),NYSE:ZX,6,51.1,27.39999999999999,434.8,-8.899999999999999,-11.969999999999999,91.5,NA,6.937229437229436,0.05943600867678957,NA,0.06301747930082795,2.4684684684684677,42.60000000000001,1.161016949152542,NA,1,NA,-0.02596529284164859,-0.0193058568329718,-0.027529898804047836,-0.020469181232750686,NA,NA,0,0.009784735812133072,0.5474487384331079,0.5433780940798303
Leo Motors Inc. (OTCPK:LEOM),OTCPK:LEOM,6,50.6,51.26344378698224,3.95,-3.978,-2.408,1.1254437869822485,NA,-10.971115973741794,23.84346222650337,NA,12.978087034679048,NA,2.485,NA,NA,1,NA,-1.12,-1.8502325581395351,-0.6096202531645569,-1.0070886075949368,NA,NA,0.07544378698224852,0.019762845849802372,0.713246515422251,0.8229312981912563
"Seojin Automotive Co.,Ltd. (KOSDAQ:A122690)",KOSDAQ:A122690,6,50.2,290.12,424.0280000000001,4.728400000000001,11.7984,249.3,9.418386491557223,9.222774514234072,0.25081697933777125,24.589774884730133,0.6842000999933966,5.217985611510791,0.708,5.214702974746113,7.21,1,1.89,0.010200051871703987,0.004087836085415407,0.02782457762223249,0.011151150395728584,5.33,50.2,0,0.4780876494023904,0.8057533886776423,0.9711931798508225
"Chita Kogyo Co., Ltd. (NSE:5993)",NSE:5993,6,49.4,28.038599098154577,80.1,8.09,8.1,12.038599098154577,6.1063040791100125,2.094514988872889,0.28787062729111473,3.4615554442166148,0.3500449325612307,2.459526236680226,0,2.459526236680226,13.1,1,4.97,0.08316221765913757,0.08305954825462011,0.10112359550561797,0.10099875156054931,8.09,49.4,0.13859909815457655,0.025303643724696356,0.6392908630852644,0.7254617813461046
"Daesung Eltec Co., Ltd. (KOSDAQ:A025440)",KOSDAQ:A025440,6,48.6,98.32000000000001,75.3016,-0.7050000000000001,3.0839999999999996,51.7,NA,-133.96551724137933,0.30696222291601627,31.88067444876784,1.30568274777694,9.188785046728974,0.7816,9.070947504382325,NA,1,NA,0.009628473306275365,-0.0022010615048392132,0.04095530506655901,-0.009362350866382655,NA,NA,0,0.1388888888888889,3.85993641626974,1.7568436792428341
Ecoplastic Corporation (KOSDAQ:A038110),KOSDAQ:A038110,6,48.5,211.91,277.59999999999997,0.7604,6.2804,167.2,35.925925925925924,86.98443579766536,0.21603629320012233,33.741481434303545,0.7633645533141211,5.2323456790123455,0.69,5.227827803133096,1.26,1,0.039,0.006402691405851769,0.0007752064430624936,0.022623919308357353,0.002739193083573487,1.35,48.5,0,0.7216494845360825,0.6292330383888273,0.5467308802071912
Phoenix Lamps Limited (BSE:517296),BSE:517296,6,47.1,55.92,27.4054,2.7119999999999997,5.932,8.82,16.70212765957447,17.083786724700765,1.0260550458715596,9.426837491571138,2.040473775241376,7.178433889602054,0.1854,7.178433889602054,4.42,1,1.59,0.10884403669724771,0.049761467889908255,0.2164536916082232,0.09895859940011821,2.82,47.1,0,0.21762208067940553,0.4257313683281912,1.01990242883196
"Pyung Hwa Holdings Co., Ltd. (KOSE:A010770)",KOSE:A010770,6,46.2,226.5,333.614,-7.968,3.852,219.3,NA,-0.76271186440678,0.4531812725090036,58.8006230529595,0.6789283423357534,7.837370242214533,4.214,7.475247524752476,NA,1,NA,0.007707082833133253,-0.015942376950780313,0.011546278033895461,-0.023883889764818023,NA,NA,0,5.010822510822511,12.083983844370403,13.244365340346642
"Hwashin Precision Engineering Co., Ltd. (KOSDAQ:A126640)",KOSDAQ:A126640,6,46.2,45.021,67.821,3.83,4.56,0.021,12.062663185378591,11.920529801324504,0.2094974406700791,9.873026315789474,0.6638209404166852,5.198729792147806,0,5.198729792147806,4.84,1,1.01,0.021219171707771056,0.01782224290367613,0.06723581191666297,0.056472184131758606,3.83,46.2,0,0.1028138528138528,0.5200226292063564,0.44862205751467316
EAG-Beteiligungs AG (WBAG:EAGB),WBAG:EAGB,6,44.5,44.5,0,0,0,0,NA,#DIV/0!,NA,NA,NA,NA,0,NA,NA,0,NA,NA,NA,NA,NA,NA,NA,0,False,1.2538642339926007,14.198970174089865
Truwin Company Limited (KOSDAQ:A105550),KOSDAQ:A105550,6,44.2,76.45100000000001,66.51299999999999,-1.2760000000000002,-0.9660000000000002,32.5,NA,-25.25919540229885,2.821070110701107,NA,1.1494144001924438,43.68628571428572,6.361999999999999,19.403807106598986,NA,1,NA,-0.035645756457564584,-0.04708487084870849,-0.014523476613594339,-0.019184219626238487,NA,NA,0,1.1538461538461537,1.378315427426268,2.2150403452711194
"Top Metal Works Co., Ltd. (KOSDAQ:A019770)",KOSDAQ:A019770,6,43.7,66.65,96.3316,6.652,8.122,30,6.591251885369533,5.677769171185129,0.4311125485122898,8.206106870229009,0.6918809611799245,5.648305084745763,0.0816,5.632077066080784,8.85,1,2.22,0.05253557567917206,0.04302716688227685,0.08431293573448381,0.06905314559293109,6.63,43.7,0,2.574370709382151,0.3699598679334145,0.33697419663632044
Automobile & PCB Inc. (KOSE:A015260),KOSE:A015260,6,43.4,146.31,181.884,3.8740000000000006,17.124,107.1,11.573333333333332,13.767556179775282,0.2987747600571779,8.544148563419762,0.8044138022036024,5.1157342657342655,11.474,4.51434742363468,11.7,1,5.71,0.034968347968143756,0.00791096589748826,0.09414791845351983,0.02129928965714412,3.75,43.4,0,5.472350230414746,0.9464111256623563,2.5801278314838356
Austem Company Ltd. (KOSDAQ:A031510),KOSDAQ:A031510,6,43.3,130.59,196.2172,8.6608,3.4808000000000003,93,5.040745052386495,4.431737797689224,0.6830020920502092,37.517237416685816,0.6655379854569324,8.823648648648648,3.5272000000000006,8.141521197007481,8.85,1,0.267,0.018205020920502094,0.045297071129707114,0.017739525383095877,0.04413884205869822,8.59,43.3,0,0.802540415704388,0.4058594082994695,0.4769724961659216
"Nippon Gear Co., Ltd. (TSE:6356)",TSE:6356,6,42.4,33.53,50.754000000000005,3.3720000000000003,5.4719999999999995,6.83,11.070496083550914,7.123799359658484,0.4326451612903226,6.127558479532165,0.6606375852149584,NA,5.024,NA,6.2,1,2.37,0.07060645161290321,0.043509677419354846,0.10781416243054733,0.06643811325215747,3.83,42.4,0,0.31839622641509435,0.4682757809273307,0.30864069498294844
Groclin S.A. (WSE:GCN),WSE:GCN,6,42,73.248,55.647999999999996,-10.3,-8.75,31.5,NA,-4.026232037804995,0.6165656565656567,NA,1.3162737205290398,NA,0,NA,NA,1,NA,-0.07365319865319865,-0.08670033670033671,-0.15723835537665326,-0.18509200690051755,NA,NA,0,1.119047619047619,2.4267328305651747,5.006543410279555
Atlas Bangladesh Ltd. (DSE:ATLASBANG),DSE:ATLASBANG,6,40.4,40.4,0,0,0,0,NA,#DIV/0!,NA,NA,NA,NA,0,NA,NA,0,NA,NA,NA,NA,NA,NA,NA,0,0.2784653465346535,0.12605911212769838,0.13789324713621093
"Orange Electronic Co., Ltd. (GTSM:4554)",GTSM:4554,6,39.8,39.8,0,0,0,0,NA,#DIV/0!,2.9924812030075185,NA,NA,NA,0,NA,NA,0,NA,0,0,NA,NA,NA,NA,0,0.7349246231155779,#DIV/0!,#DIV/0!
Mitsuchi Corporation (JASDAQ:3439),JASDAQ:3439,6,37.7,40.70000000000001,65.98880000000001,4.2702,6.1202000000000005,28.6,8.933649289099527,2.9009829777031895,0.36339285714285724,6.6501094735466175,0.6167713308925151,3.7339449541284413,0.08879999999999999,3.708766174594497,5.41,1,1.19,0.054644642857142864,0.03812678571428572,0.09274604175253981,0.06471098125742548,4.22,37.7,0,0.01989389920424403,0.9305554995283305,2.092749241194809
"ALFOT Technologies Co., Ltd. (GTSM:4553)",GTSM:4553,6,37,37,0,0,0,0,NA,#DIV/0!,1.1635220125786163,NA,NA,NA,0,NA,NA,0,NA,0,0,NA,NA,NA,NA,0,0.006756756756756757,#DIV/0!,#DIV/0!
"Daewoo Electronic Components Co., Ltd. (KOSE:A009320)",KOSE:A009320,6,35.1,54.418000000000006,44.1356,0.9984,1.9603999999999997,19.8,48.8857938718663,49.66714490674319,1.568242074927954,27.75862068965518,1.2329729288828069,12.201345291479821,2.3176,10.232794283565251,0.033,1,0.05,0.05649567723342938,0.028772334293948123,0.044417658307579364,0.022621194681844134,0.718,35.1,0,5.256410256410256,1.0362288562642095,1.1762793126686442
Metalart Corporation (TSE:5644),TSE:5644,6,34.9,45.031730769230755,107.9,6.5,7.45,29.23173076923077,5.369230769230769,2.4741622298778574,0.21764973788898384,6.044527620030974,0.41734690240250927,2.5586210664335653,0,2.5586210664335653,10.8,1,6.55,0.03600773320444659,0.03141614306428226,0.0690454124189064,0.060240963855421686,6.5,34.9,0.03173076923076923,0.20773638968481375,0.5185405542367695,0.6295376585272668
Aska Corp. (NSE:7227),NSE:7227,6,32.8,106.71354682520965,257.12,-3.280000000000001,-2.6499999999999986,84.51354682520964,16.07843137254902,12.443946188340805,0.6823116804680923,NA,0.4150340184552335,11.662682713137666,133.62,2.019177801801507,5.16,1,3.12,-0.01694373401534526,-0.020971867007672642,-0.010306471686372116,-0.012756689483509649,2.04,32.8,0.013546825209649815,0.05335365853658537,1.0616557388837038,1.0960117482471456
"Sammok Kang Up Co., Ltd. (KOSDAQ:A158380)",KOSDAQ:A158380,6,32.3,39.50999999999999,55.00999999999999,1.61,1.79,9.37,20.06211180124223,18.74378109452736,0.6673986486486485,22.072625698324018,0.7182330485366296,NA,0,NA,1.9,1,0.281,0.030236486486486486,0.027195945945945946,0.032539538265769864,0.029267405926195245,1.61,32.3,0,0.18575851393188855,0.4734314917857457,0.5659384931845156
Hanil Forging Industrial Co. Ltd. (KOSDAQ:A024740),KOSDAQ:A024740,6,32,113.59,153.29000000000002,2.18,5.27,89.9,14.678899082568806,11.584352078239608,0.848319641523525,21.55407969639469,0.7410137647596059,10.61588785046729,0,10.61588785046729,2.96,1,0.907,0.03935772964899178,0.01628080657206871,0.03437928110118076,0.014221410398590905,2.18,32,0,0.1796875,0.3462204459545265,1.6333790579693823
"US Highland, Inc. (OTCPK:UHLN)",OTCPK:UHLN,6,31.9,33.731641905281,-90.926,-51.8,-0.499,1.8376419052810045,NA,-0.6157142857142858,3066.512900480091,NA,NA,NA,0,NA,NA,1,NA,-45.36363636363637,-4709.090909090909,NA,NA,NA,NA,0.2576419052810045,0.08620689655172414,1.8992177619223476,1.0559054491703872
"Chasys Co., Ltd. (KOSE:A033250)",KOSE:A033250,6,31.8,69.514,60.114,-4.14,-2.68,38.4,NA,-7.319219007292403,1.3240761904761904,NA,1.1563695644941279,37.575135135135135,0,37.575135135135135,NA,1,NA,-0.05104761904761905,-0.07885714285714285,-0.044581960940879004,-0.06886914861762651,NA,NA,0,13.20754716981132,1.8162245266859773,3.320968602879316
"Guyoung Tech. Co., Ltd. (KOSDAQ:A053270)",KOSDAQ:A053270,6,30.2,92.42,109.2688,2.2774,4.337400000000001,69.6,13.603603603603602,11.252465483234714,0.6044473512099411,21.30769585465947,0.8458041087666379,7.513821138211382,0.14880000000000002,7.4664727742769434,3.22,1,0.939,0.028367560497056903,0.014894702419882276,0.039694771059991515,0.020842180018449917,2.22,30.2,0,7.980132450331126,0.8159836340253657,16.10485396434185
"Woosu AMS Co., Ltd. (KOSDAQ:A066590)",KOSDAQ:A066590,6,28.7,68.38,74.55640000000001,5.332800000000001,5.6528,49.1,7.884615384615384,5.6160792309933,0.3380128521997034,12.096660062270024,0.9171580172862421,8.007025761124122,5.0764000000000005,6.193840579710145,3.87,1,0.229,0.027942659416707857,0.02636085022244192,0.075819111437784,0.07152705870991626,3.64,28.7,0,4.041811846689895,1.2295687680610645,1.9264826430711965
"Nitto Kako Co., Ltd. (TSE:5104)",TSE:5104,6,28.1,45.7,39.94500000000001,-1.3370000000000002,-1.2800000000000002,19.5,NA,-61.64705882352942,0.5600490196078433,NA,1.1440731005132054,NA,4.645,NA,NA,1,NA,-0.015686274509803925,-0.01638480392156863,-0.03204406058330204,-0.033471022656152205,NA,NA,0,1.9661921708185053,1.9126480312300398,5.142038305637206
"Pungkang Co., Ltd. (KOSDAQ:A093380)",KOSDAQ:A093380,6,27.4,38.53999999999999,63.328199999999995,2.7202,1.8002,12.2,10.300751879699247,10.394632991318073,0.4775712515489466,21.408732363070765,0.6085756424468087,7.454545454545453,0.3882,7.232126102458246,2.61,1,-0.001,0.02230731102850062,0.033707558859975215,0.02842651457012832,0.04295400785116268,2.66,27.4,0,0.8029197080291971,0.29458747996366563,0.3896541506809046
Automodular Corp. (TSXV:AM.H),TSXV:AM.H,6,26.6,-14.332692307692305,0.6000000000000014,6.66,10.6,0.3673076923076923,3.993993993993994,-2.358036573628488,-0.3771761133603238,-1.3521407837445572,-23.88782051282045,-1.0022861753630983,0,-1.0022861753630983,8.83,1,2.16,0.2789473684210526,0.17526315789473684,17.666666666666625,11.099999999999975,6.66,26.6,0.3673076923076923,0.06578947368421052,0.606740343782075,0.9220119510780087
"Sungchang Autotech Co., Ltd. (KOSDAQ:A080470)",KOSDAQ:A080470,6,26.4,44.96999999999999,63.380399999999995,1.0674000000000001,1.2374,23.7,16.708860759493668,13.766990291262134,0.3686065573770491,36.34233069338936,0.7095253422193611,7.348039215686273,3.2104,6.4059829059829045,2.68,1,0.275,0.010142622950819673,0.008749180327868854,0.019523385778568773,0.016841168563152018,1.58,26.4,0,2.556818181818182,0.7157946879560796,0.6109491120952906
UQM Technologies Inc. (AMEX:UQM),AMEX:UQM,6,25.5,19.87,28.884,-7.566000000000001,-8.446000000000002,0,NA,-2.875958894195976,5.31283422459893,NA,0.6879241102340397,NA,14.214,NA,NA,1,NA,-2.2582887700534764,-2.022994652406417,-0.29241102340396075,-0.26194432904029913,NA,NA,0,0.3333333333333333,0.6322118636544808,0.4808397732590094
Orient Precision Industries Inc. (KOSDAQ:A065500),KOSDAQ:A065500,6,25.2,40.852000000000004,28.232999999999997,0.32999999999999996,0.753,15.9,82.3529411764706,1467.7647058823516,0.9180224719101124,54.2523240371846,1.4469592321042755,15.533079847908747,0.081,15.300374531835208,0.306,1,0,0.016921348314606743,0.007415730337078651,0.026670917012007227,0.01168844968653703,0.306,25.2,0,2.4404761904761907,18.82694553083461,3.8426355833060217
"TPC Co., Ltd. (KOSDAQ:A130740)",KOSDAQ:A130740,6,25.1,25.97,44.346000000000004,2.9279999999999995,1.948,4.13,8.595890410958905,9.369369369369371,0.5849099099099099,13.331622176591376,0.5856221530690479,9.08041958041958,3.5759999999999996,6.4282178217821775,3.97,1,1.06,0.04387387387387388,0.06594594594594594,0.04392729896721237,0.06602624813962926,2.92,25.1,0,0.6274900398406374,0.28535689354952987,0.26261686406410484
"Dgenx Co., Ltd. (KOSDAQ:A113810)",KOSDAQ:A113810,6,24.9,58.10999999999999,63.668,-3.25,-3.7399999999999998,39.2,NA,-5.911222256955297,0.8048476454293627,NA,0.9127033988816987,NA,5.658,NA,NA,1,NA,-0.051800554016620495,-0.045013850415512466,-0.05874222529371113,-0.05104605139159389,NA,NA,0,3.022088353413655,2.2253782404620455,2.565860967885394
"Daesung Fine Tech Co., Ltd. (KOSDAQ:A104040)",KOSDAQ:A104040,6,24.6,27.53,34.0866,3.1322,3.7122,9.75,8.200000000000001,6.173611111111112,0.7360962566844921,7.416087495285814,0.8076487534691053,5.2942307692307695,1.1566,4.8803403651834785,3.47,1,0.487,0.09925668449197862,0.08374866310160428,0.1089049655876503,0.09188948149712792,3,24.6,0,1.0467479674796747,0.4608396600057309,0.4488447078245687
"DUAL Industrial. Co., Ltd. (KOSDAQ:A078590)",KOSDAQ:A078590,6,24.5,22.62,10.575999999999999,0.9007999999999999,0.8338,0,29.411764705882355,27.652811735941324,0.6575581395348837,27.128807867594148,2.1388048411497733,15.929577464788734,2.3560000000000003,10.129870129870131,0.833,1,0,0.024238372093023257,0.026186046511627908,0.07883888048411498,0.08517397881996974,0.833,24.5,0,1.653061224489796,4.877971870969509,3.092212649462445
Sao Vang Rubber Joint Stock Company (HOSE:SRC),HOSE:SRC,6,24.3,24.3,0,0,0,0,NA,#DIV/0!,0.39256865912762523,NA,NA,NA,0,NA,NA,0,NA,0,0,NA,NA,NA,NA,0,4.516460905349794,#DIV/0!,#DIV/0!
"HKS Co., Ltd. (JASDAQ:7219)",JASDAQ:7219,6,24.1,20.98,85.58800000000002,0.854000000000001,1.1540000000000017,8.18,15.64935064935065,9.44649446494465,0.3773381294964029,18.180242634315398,0.24512782165724162,3.7198581560283692,22.308000000000003,1.6506687647521636,2.78,1,0.967,0.020755395683453266,0.015359712230215844,0.013483198579240097,0.009978034303874384,1.54,24.1,0,0.07261410788381742,0.7123961051333506,1.286373860704383
"EMAV Holdings, Inc. (OTCPK:EMAV)",OTCPK:EMAV,6,22.9,22.985,0.0019999999999999983,-3.64,-3.61,0.096,NA,-6.288186813186813,NA,NA,11492.50000000001,NA,0,NA,NA,1,NA,NA,NA,-1805.0000000000014,-1820.0000000000016,NA,NA,0,False,1.6766743138035334,1.662290813144237
"Hwashin Tech Co., Ltd. (KOSDAQ:A086250)",KOSDAQ:A086250,6,22.2,44.85999999999999,70.16000000000001,-3.21,-5.18,23.4,NA,-6.396423248882265,0.9902869757174392,NA,0.6393956670467501,NA,0,NA,NA,1,NA,-0.11434878587196468,-0.07086092715231788,-0.07383124287343214,-0.04575256556442417,NA,NA,0,0.20270270270270271,2.047522520869491,1.1398464724456625
JICO Co. Ltd. (KOSE:A010580),KOSE:A010580,6,21.9,51.213,43.013,-1.18,-0.312,29.8,NA,-16.980967486122125,0.6417669172932331,NA,1.1906400390579592,22.074568965517244,0,22.074568965517244,NA,1,NA,-0.003909774436090226,-0.014786967418546366,-0.007253620998302839,-0.02743356659614535,NA,NA,0,5.970319634703197,4.980214559816713,13.393891952057446
"ikuyo Co.,Ltd. (TSE:7273)",TSE:7273,6,21.7,30.389999999999997,30.4082,8.8236,7.1735999999999995,17.1,2.511574074074074,1.5558417232498243,0.3430022573363431,4.236366677818668,0.9994014772331147,NA,0.21820000000000003,NA,7.99,1,-0.654,0.08096613995485327,0.09958916478555306,0.23591005057846237,0.29017172999388324,8.64,21.7,0,0.5414746543778802,1.73915286684609,3.4616718634397774
Daedong Gear Co. Ltd. (KOSDAQ:A008830),KOSDAQ:A008830,6,21.7,58.29,82.0998,0.1644,0.3334,38.3,125.4335260115607,131.51315789473682,0.5232495511669658,174.83503299340134,0.7099895493046268,15.96986301369863,0.1098,15.835370823145883,0.188,1,0.016,0.0029928186714542186,0.0014757630161579892,0.004060911232426875,0.0020024409316466056,0.173,21.7,0,0.02304147465437788,8.291349233568246,8.409051711873557
"Pusan Cast Iron Co., Ltd. (KOSE:A005030)",KOSE:A005030,6,21,171.26500000000001,190.565,-1.1,3.21,150.4,NA,-12.539062499999998,0.9627037661607645,53.35358255451714,0.8987222207645686,12.877067669172932,0,12.877067669172932,NA,1,NA,0.018043844856661044,-0.006183249016301293,0.01684464618371684,-0.005772308661086769,NA,NA,0,1.7142857142857142,0.5214753985554522,2.1739762346962133
"Eiken Industries Co., Ltd. (JASDAQ:7265)",JASDAQ:7265,6,20.3,15.45,28.845399999999998,1.7207999999999997,2.6608,3.15,8.903508771929825,5.593451568894953,0.3635294117647059,5.806524353577871,0.5356139973791315,NA,1.6954,NA,3.54,1,1.26,0.06260705882352942,0.04048941176470587,0.09224347729620669,0.05965595900906209,2.28,20.3,0,0.11083743842364531,0.302515632037224,0.3224426575342182
"Kwang Jin Wintec Co.,Ltd. (KOSDAQ:A090150)",KOSDAQ:A090150,6,19.6,40.3,56.8,-0.041,1.55,35,NA,-30.113636363636363,0.49086479902557856,25.999999999999996,0.7095070422535211,11.994047619047619,0,11.994047619047619,0.305,1,0.346,0.018879415347137638,-0.0004993909866017053,0.0272887323943662,-0.000721830985915493,NA,NA,0,2.346938775510204,0.23095258352417902,0.3732945318186842
THN Corporation (KOSE:A019180),KOSE:A019180,6,19.4,118.83999999999999,105.76,-5.46,8.07,105.7,NA,-2.3735549132947975,0.5514617169373549,14.72614622057001,1.1236762481089257,8.488571428571428,0,8.488571428571428,NA,1,NA,0.03744779582366589,-0.02533642691415313,0.07630484114977307,-0.05162632375189107,NA,NA,0,0.9922680412371134,13.959845133064801,4.339102395929038
"Tae Won Mulsan Co., Ltd. (KOSE:A001420)",KOSE:A001420,6,19.3,20.2,29.758399999999998,0.5264000000000001,0.026400000000000035,2.5,36.48393194706994,85.92233009708737,0.7859922178988327,765.1515151515141,0.6787999354804022,38.25757575757576,0.9584,23.681125439624854,0.6,1,0.072,0.0010272373540856044,0.020482490272373546,0.0008871444701328041,0.01768912307113286,0.529,19.3,0,0.4792746113989637,1.1642094553588267,0.6114423469340022
Sae Dong Co. Ltd. (KOSDAQ:A053060),KOSDAQ:A053060,6,18.6,73.438,76.63799999999999,-2.96,-2.2,55.3,NA,-6.105015146415349,0.6627978339350181,NA,0.9582452569221537,15.861339092872571,0,15.861339092872571,NA,1,NA,-0.019855595667870037,-0.026714801444043323,-0.028706385866019472,-0.038623137347008014,NA,NA,0,0.5241935483870968,3.3392093971851717,4.952862934403544
Marujun Co. Ltd. (NSE:3422),NSE:3422,6,18.3,281.4966436402716,335.0894,-22.5136,-16.3136,293.8966436402716,NA,0.5568028738212842,0.5210006360175303,NA,0.8400643041536724,6.1194922530493825,3.5894,5.993753723842683,NA,1,NA,-0.030193596150286883,-0.04166870257264483,-0.04868432125874468,-0.06718684625655123,NA,NA,13.496643640271607,0.1092896174863388,1.1418868860990274,32.504655103170684
"Cheong Bo Industrial Co., Ltd. (KOSDAQ:A013720)",KOSDAQ:A013720,6,17.3,25.82,24.119999999999997,0.434,0.741,10.1,39.86175115207374,40,1.2473429951690822,34.84480431848853,1.070480928689884,9.423357664233576,0,9.423357664233576,0.455,1,0.021,0.035797101449275365,0.020966183574879227,0.030721393034825874,0.01799336650082919,0.434,17.3,0,1.791907514450867,0.9348961410542903,3.567878735263316
Mintye Industries Bhd (KLSE:MINTYE),KLSE:MINTYE,6,16.9,16.9,28.7,1.03,0.942,0,16.40776699029126,26.12055641421947,1.396694214876033,17.940552016985137,0.5888501742160278,9.18478260869565,0,9.18478260869565,1.39,1,0.361,0.07785123966942148,0.08512396694214877,0.032822299651567945,0.03588850174216028,1.03,16.9,0,0.014792899408284025,0.3843197584648741,0.3540132358995196
"Tein, Inc. (JASDAQ:7217)",JASDAQ:7217,6,16.6,20.71,35.532000000000004,1.056,1.1660000000000004,11.8,13.719008264462811,8.027027027027028,0.6903333333333334,17.76157804459691,0.5828548913655296,8.850427350427351,7.022,4.463362068965518,2.09,1,0.875,0.03886666666666668,0.0352,0.03281549026229878,0.029719689294157376,1.21,16.6,0,0.10542168674698794,1.3365972899549765,1.804243444687675
TATSUMI Corporation (JASDAQ:7268),JASDAQ:7268,6,16.6,22.851664748163707,39.636,2.5454,5.7254000000000005,12.681664748163707,6.264150943396227,3.911538461538462,0.38341719376113603,3.9912782946455625,0.576538115555649,2.78000787690556,1.9660000000000002,2.581234016510076,4.52,1,1.87,0.09606375838926175,0.042708053691275165,0.1444494903622969,0.06421939650822484,2.65,16.6,0.7816647481637065,0.28614457831325296,1.0663292917084184,1.4348725737659984
Ezen Tech Co. Ltd. (KOSDAQ:A033600),KOSDAQ:A033600,6,16.1,38.125,49.125,-1.89,-0.476,22.1,NA,-7.870825147347742,0.6982600732600732,NA,0.7760814249363868,16.795154185022028,0,16.795154185022028,NA,1,NA,-0.008717948717948718,-0.03461538461538461,-0.009689567430025445,-0.03847328244274809,NA,NA,0,0.7763975155279502,1.74927056285307,2.7238354246091725
Ewon Comfortech Co. Ltd. (KOSDAQ:A088290),KOSDAQ:A088290,6,15.7,23.246,16.756,-1.44,-1.37,8.2,NA,-10.111559139784946,0.7044242424242424,NA,1.3873239436619718,28.00722891566265,0,28.00722891566265,NA,1,NA,-0.04151515151515152,-0.04363636363636363,-0.08176175698257342,-0.0859393650035808,NA,NA,0,0.9394904458598726,5.267560594956469,6.28440034155227
"The Lead Co., Inc. (TSE:6982)",TSE:6982,6,15.2,35.9,48.545199999999994,3.3326000000000002,-0.12939999999999996,33.3,4.497041420118343,0.8360128617363344,0.8547619047619047,NA,0.7395169862313885,10.748502994011977,0.7452,10.058840011207622,3.59,1,0.213,-0.00308095238095238,0.07934761904761906,-0.00266555704786467,0.06864942362993665,3.38,15.2,0,0.7401315789473685,14.960795355565178,6.00330875139901
"Cool Technologies, Inc. (OTCPK:WARM)",OTCPK:WARM,6,14.8,15.020000000000001,2.7984000000000004,-8.4144,-7.3044,0.359,NA,-1.6454545454545455,NA,NA,5.36735277301315,NA,4.4884,NA,NA,1,NA,NA,NA,-2.610205831903945,-3.0068610634648367,NA,NA,0,0.06756756756756756,1.3441476911309687,1.2795185194587626
Daedong Metals Co. Ltd. (KOSDAQ:A020400),KOSDAQ:A020400,6,13.8,29.991,32.245200000000004,0.4054,1.5224,16.2,32.62411347517731,32.60283687943262,0.5564192949907236,19.699816079873884,0.9300919206579583,7.871653543307087,0.05420000000000001,7.871653543307087,0.573,1,0.151,0.028244897959183675,0.007521335807050092,0.04721322863557986,0.012572413878654806,0.423,13.8,0,0.14492753623188406,1.0048816386850004,1.4775494655152854
"Torvec, Inc. (OTCPK:TOVC)",OTCPK:TOVC,6,13.7,11.12074614202934,3.555,-2.5,-2.54,0.2407461420293407,NA,-4.610169491525424,NA,NA,3.128198633482233,NA,3.466,NA,NA,1,NA,NA,NA,-0.7144866385372715,-0.7032348804500703,NA,NA,0.23174614202934068,0.03649635036496351,0.33017071178829455,0.4668978939496944
PGO Automobiles S.A. (ENXTPA:MLPGO),ENXTPA:MLPGO,6,12.1,12.1,2.322,-0.774,-0.774,0,NA,#DIV/0!,NA,NA,5.211024978466838,NA,2.322,NA,NA,0,NA,NA,NA,-0.3333333333333333,-0.3333333333333333,NA,NA,0,False,0.13663922639025244,0.13310884860287148
CSY Spólka Akcyjna (WSE:CSY),WSE:CSY,6,10.7,10.7,3.97,0.172,0.511,0,62.2093023255814,66.0493827160494,2.311015118790497,20.939334637964773,2.6952141057934504,15.946348733233977,0,15.946348733233977,0.23,1,0.059,0.1103671706263499,0.037149028077753776,0.1287153652392947,0.0433249370277078,0.172,10.7,0,False,1.4127524505948332,1.0923151351925124
Sameer Africa Ltd. (NASE:FIRE.O),NASE:FIRE.O,6,10.4,13.165570250449106,25.7,-1.01,-0.774,2.7655702504491058,NA,-9.39476061427281,0.3636897859240084,NA,0.5122789980719497,15.824002704866714,0,15.824002704866714,NA,1,NA,-0.02138121546961326,-0.027900552486187842,-0.03011673151750973,-0.03929961089494163,NA,NA,2.7655702504491058,0.024038461538461536,0.5664475358255266,0.9511258117127841
Autoline Industries Limited (BSE:532797),BSE:532797,6,9.29,38.09,63.453,-8.897,-6.557,28.8,NA,-1.0116519655885876,0.5860000000000001,NA,0.6002868264699857,NA,0.5529999999999999,NA,NA,1,NA,-0.10087692307692309,-0.1368769230769231,-0.10333632767560241,-0.14021401667375852,NA,NA,0,0.24219590958019377,0.9686519294404624,3.5403933374151926
Arrinera S.A. (WSE:ARX),WSE:ARX,6,9.04,9.498999999999999,2.469,-0.295,-0.431,0.565,NA,-30.18243243243243,189.97999999999996,NA,3.847306601863102,NA,0,NA,NA,1,NA,-8.62,-5.8999999999999995,-0.17456460105305793,-0.11948157148643175,NA,NA,0,0.13827433628318586,1.0866217661012705,2.562136191955683
Transense Technologies plc (AIM:TRT),AIM:TRT,6,8.86,8.117999999999999,4.8074,-5.087400000000001,-3.6374,0,NA,-1.615200955033824,4.141836734693877,NA,1.6886466697175184,NA,0.3494,NA,NA,1,NA,-1.8558163265306122,-2.5956122448979597,-0.7566252028123309,-1.0582435412073055,NA,NA,0,False,0.3566273170474524,0.3897278035086653
Federal Screw Works (OTCPK:FSCR),OTCPK:FSCR,6,7.27,7.27,0,0,0,0,NA,#DIV/0!,NA,NA,NA,NA,0,NA,NA,0,NA,NA,NA,NA,NA,NA,NA,0,0.1031636863823934,0.7490059847110213,0.9500094701358021
Sazgar Engineering Works Limited (KASE:SAZEW),KASE:SAZEW,6,5.93,6.316,6.396,0.723,1.05,0.386,8.201936376210234,8.201936376210234,0.259917695473251,6.015238095238095,0.9874921826141339,5.0527999999999995,0,5.0527999999999995,0.978,1,0.255,0.043209876543209874,0.029753086419753084,0.16416510318949346,0.11303939962476547,0.723,5.93,0,0.5059021922428331,0.3606129166697178,0.35142521029215235
Rasandik Engineering Industries India Ltd. (BSE:522207),BSE:522207,6,4.59,27.89,27.25,0.911,0.477,23.3,5.038419319429198,5.038419319429198,0.8882165605095542,58.46960167714885,1.0234862385321102,9.92526690391459,0,9.92526690391459,0.773,1,-0.138,0.015191082802547771,0.029012738853503188,0.017504587155963303,0.03343119266055046,0.911,4.59,0,0.10893246187363835,0.35090018062647976,3.8965201454293124
VA Automotive i Hässleholm AB (publ) (OM:AUTO),OM:AUTO,6,4.31,13.467999999999998,13.708,-1.06,-2.28,9.7,NA,-3.1959287531806613,0.37101928374655646,NA,0.9824919754887655,NA,0,NA,NA,1,NA,-0.0628099173553719,-0.02920110192837466,-0.166326232856726,-0.07732710825795157,NA,NA,0,0.2900232018561485,4.517402179237487,2.999013196472128
Novagen Ingenium Inc. (OTCPK:NOVZ),OTCPK:NOVZ,6,3.74,3.74,0,0,0,0,NA,#DIV/0!,NA,NA,NA,NA,0,NA,NA,0,NA,NA,NA,NA,NA,NA,NA,0,False,1.2034486953486012,1.4301071507119971
REG Technologies Inc. (TSXV:RRE),TSXV:RRE,6,2.65,2.637,1.1878000000000002,-0.7458,-0.2108,0,NA,-3.40258064516129,NA,NA,2.2200707189762583,NA,0.17079999999999998,NA,NA,1,NA,NA,NA,-0.17747095470617946,-0.6278834820676881,NA,NA,0,0.4716981132075472,0.8912594804432312,1.7145905913347927
Eon Motors Group (ENXTPA:MLEMG),ENXTPA:MLEMG,6,2.59,2.59,0,0,0,0,NA,#DIV/0!,NA,NA,NA,NA,0,NA,NA,0,NA,NA,NA,NA,NA,NA,NA,0,False,#DIV/0!,#DIV/0!
"Highline Technical Innovations, Inc. (OTCPK:HLNT)",OTCPK:HLNT,6,2.47,2.47,0.0616,-0.016,-0.016,0,NA,#DIV/0!,NA,NA,40.0974025974026,NA,0.0616,NA,NA,0,NA,NA,NA,-0.2597402597402597,-0.2597402597402597,NA,NA,0,False,1.8607476069592928,1.7409884545760441
Turbine Truck Engines Inc. (OTCPK:TTEG),OTCPK:TTEG,6,2.42,2.412,-0.042,-3.26,-0.744,0,NA,-0.739877300613497,NA,NA,NA,NA,0,NA,NA,1,NA,NA,NA,NA,NA,NA,NA,0,0.10330578512396695,0.5336761350881786,0.4258726545041565
eFleets Corporation (OTCPK:EFLT),OTCPK:EFLT,6,2.22,2.22,0.3158,-0.19039999999999999,-0.19039999999999999,0,NA,#DIV/0!,NA,NA,7.029765674477518,NA,0.3158,NA,NA,0,NA,NA,NA,-0.602913236225459,-0.602913236225459,NA,NA,0,0.4504504504504504,0.05863832028292708,0.7118138570723984
Chisen Electric Corp. (OTCPK:CIEC),OTCPK:CIEC,6,2,2,3.5820000000000003,-1.4820000000000002,-1.4820000000000002,0,NA,#DIV/0!,NA,NA,0.5583472920156337,NA,3.5820000000000003,NA,NA,0,NA,NA,NA,-0.4137353433835846,-0.4137353433835846,NA,NA,0,False,0.8734724535978153,0.6292349788851215
Carroll Shelby International Inc. (OTCPK:CSBI),OTCPK:CSBI,6,1.92,1.92,0,0,0,0,NA,#DIV/0!,NA,NA,NA,NA,0,NA,NA,0,NA,NA,NA,NA,NA,NA,NA,0,False,#DIV/0!,#DIV/0!
Avatar Ventures Corp. (OTCPK:ATAR),OTCPK:ATAR,6,1.2,1.2,0,0,0,0,NA,#DIV/0!,NA,NA,NA,NA,0,NA,NA,0,NA,NA,NA,NA,NA,NA,NA,0,False,1.6780962466229672,1.684354652866945
DHB Industria e Comercio SA (BOVESPA:DHBI4),BOVESPA:DHBI4,6,1.05,185.31400000000002,-3.7359999999999944,-39.1,-18.4,184.4,NA,-0.02251231527093596,4.954919786096258,NA,NA,NA,0,NA,NA,1,NA,-0.4919786096256684,-1.0454545454545456,NA,NA,NA,NA,0,False,1.7308815575333762,58.40267404361907
"T3 Motion, Inc. (OTCPK:TTTM)",OTCPK:TTTM,6,0.95,0.95,2.1536,-1.3821999999999999,-1.3821999999999999,0,NA,#DIV/0!,NA,NA,0.4411218424962853,NA,2.1536,NA,NA,0,NA,NA,NA,-0.6418090638930163,-0.6418090638930163,NA,NA,0,False,0.31679410746663766,0.6110788396914719
GT Legend Automotive Holdings Inc. (OTCPK:GTLA),OTCPK:GTLA,6,0.592,0.592,0,0,0,0,NA,#DIV/0!,NA,NA,NA,NA,0,NA,NA,0,NA,NA,NA,NA,NA,NA,NA,0,False,#DIV/0!,#DIV/0!
Great Wall Builders Ltd. (OTCPK:GWBU),OTCPK:GWBU,6,0.525,0.525,0,0,0,0,NA,#DIV/0!,NA,NA,NA,NA,0,NA,NA,0,NA,NA,NA,NA,NA,NA,NA,0,0.47619047619047616,0.3073472440980897,3.6033415226891328
Gajra Bevel Gears Ltd. (BSE:505711),BSE:505711,6,0.395,5.925000000000001,0.4182000000000006,0.4668,-0.1652,5.53,0.6729131175468485,0.6729131175468485,NA,NA,14.167862266857943,NA,0.23820000000000002,NA,0.587,1,0,NA,NA,-0.39502630320420795,1.1162123385939724,0.587,0.395,0,False,1.3524188881523267,1.2059627563613655
Enova Systems Inc. (OTCPK:ENVS),OTCPK:ENVS,6,0.387,1.767,-4.71,-0.471,-0.339,1.38,NA,-0.821656050955414,NA,NA,NA,NA,0,NA,NA,1,NA,NA,NA,NA,NA,NA,NA,0,False,0.5586655397775424,0.5903044323534821
BBS Kraftfahrzeugtechnik AG (DB:BKS3),DB:BKS3,6,0.292,0.292,0,0,0,0,NA,#DIV/0!,NA,NA,NA,NA,0,NA,NA,0,NA,NA,NA,NA,NA,NA,NA,0,False,#DIV/0!,#DIV/0!
"Armor Electric, Inc. (OTCPK:ARME)",OTCPK:ARME,6,0.262,0.262,0.3768,-0.3074,-0.3074,0,NA,#DIV/0!,NA,NA,0.6953290870488322,NA,0.3768,NA,NA,0,NA,NA,NA,-0.8158174097664543,-0.8158174097664543,NA,NA,0,False,0.4064901133825648,0.6224734716704585
"Turbodyne Technologies, Inc. (OTCPK:TRBD)",OTCPK:TRBD,6,0.2,0.2,0.0582,-0.0514,-0.0514,0,NA,#DIV/0!,NA,NA,3.436426116838488,NA,0.0582,NA,NA,0,NA,NA,NA,-0.8831615120274914,-0.8831615120274914,NA,NA,0,False,0.5026652654596949,1.1248201426262479
AimRite Holdings Corp. (OTCPK:AIMH),OTCPK:AIMH,6,0.184,0.184,0.3138,-0.39320000000000005,-0.39320000000000005,0,NA,#DIV/0!,NA,NA,0.5863607393244104,NA,0.3138,NA,NA,0,NA,NA,NA,-1.253027405991077,-1.253027405991077,NA,NA,0,False,#DIV/0!,#DIV/0!
"Dpollution International, Inc. (OTCPK:RMGX)",OTCPK:RMGX,6,0.158,0.158,0,0,0,0,NA,#DIV/0!,NA,NA,NA,NA,0,NA,NA,0,NA,NA,NA,NA,NA,NA,NA,0,False,#DIV/0!,#DIV/0!
"Clarion Technologies, Inc. (OTCPK:CLAR)",OTCPK:CLAR,6,0.136,0.136,0,0,0,0,NA,#DIV/0!,NA,NA,NA,NA,0,NA,NA,0,NA,NA,NA,NA,NA,NA,NA,0,False,#DIV/0!,#DIV/0!
"Greenchek Technology, Inc. (OTCPK:GCHK)",OTCPK:GCHK,6,0.115,0.115,0.1144,-0.08080000000000001,-0.08080000000000001,0,NA,#DIV/0!,NA,NA,1.0052447552447552,NA,0.1144,NA,NA,0,NA,NA,NA,-0.7062937062937064,-0.7062937062937064,NA,NA,0,False,0.7095334177746251,0.9132687383655167
Lionax International Investment Holdings Limited (ENXTPA:MLION),ENXTPA:MLION,6,0.113,0.113,0,0,0,0,NA,#DIV/0!,NA,NA,NA,NA,0,NA,NA,0,NA,NA,NA,NA,NA,NA,NA,0,False,0.4922400797210225,0.6321212255998674
Terra Inventions Corp. (OTCPK:TERX),OTCPK:TERX,6,0.1,0.1,0.2314,-0.3282,-0.3282,0,NA,#DIV/0!,NA,NA,0.432152117545376,NA,0.2314,NA,NA,0,NA,NA,NA,-1.418323249783924,-1.418323249783924,NA,NA,0,False,0.8292413727931838,0.760466568031389
Environmental Control Corporation (OTCPK:EVCC),OTCPK:EVCC,6,0.077,0.077,0.0036,-0.0024000000000000002,-0.0024000000000000002,0,NA,#DIV/0!,NA,NA,21.38888888888889,NA,0.0036,NA,NA,0,NA,NA,NA,-0.6666666666666667,-0.6666666666666667,NA,NA,0,False,0.5541288317654213,0.611320168399858
"Electric Car Company, Inc. (OTCPK:ELCR)",OTCPK:ELCR,6,0.068,0.068,0,0,0,0,NA,#DIV/0!,NA,NA,NA,NA,0,NA,NA,0,NA,NA,NA,NA,NA,NA,NA,0,False,1.248856465518161,1.248856465518161
"Smart Energy Solutions, Inc. (OTCPK:SMGY)",OTCPK:SMGY,6,0.056,0.056,0.7938000000000001,-0.4056,-0.4056,0,NA,#DIV/0!,NA,NA,0.07054673721340388,NA,0.7938000000000001,NA,NA,0,NA,NA,NA,-0.5109599395313681,-0.5109599395313681,NA,NA,0,False,0.45176051807791684,0.417297502253734
Odyne Corporation (OTCPK:ODYC),OTCPK:ODYC,6,0.056,0.056,3.0680000000000005,-1.488,-1.488,0,NA,#DIV/0!,NA,NA,0.018252933507170794,NA,3.0680000000000005,NA,NA,0,NA,NA,NA,-0.4850065189048239,-0.4850065189048239,NA,NA,0,False,0.821116511129591,0.7765195481533502
"Vision Industries, Corp. (OTCPK:VIIC.Q)",OTCPK:VIIC.Q,6,0.052,0.052,0.6743999999999999,-0.198,-0.198,0,NA,#DIV/0!,NA,NA,0.07710557532621591,NA,0.6743999999999999,NA,NA,0,NA,NA,NA,-0.2935943060498221,-0.2935943060498221,NA,NA,0,False,0.9275927237028272,0.92164373071836
Echo Automotive Inc. (OTCPK:ECAU),OTCPK:ECAU,6,0.039,2.5947172280382342,-4.933800000000001,-14.7804,-5.460399999999999,2.809717228038234,NA,0.013694267515923567,864.9057426794114,NA,NA,NA,2.5102,NA,NA,1,NA,-1820.133333333333,-4926.8,NA,NA,NA,NA,0.519717228038234,False,1.2341239069392926,1.2920191549507505
Infinite Networks Corporation (OTCPK:INNX),OTCPK:INNX,6,0.029,0.029,0.39680000000000004,-0.0992,-0.0992,0,NA,#DIV/0!,NA,NA,0.07308467741935483,NA,0.39680000000000004,NA,NA,0,NA,NA,NA,-0.24999999999999997,-0.24999999999999997,NA,NA,0,False,#DIV/0!,#DIV/0!
"Advanced Engine Technologies, Inc. (OTCPK:AENG)",OTCPK:AENG,6,0.024,0.024,1.1628000000000003,-0.5456000000000001,-0.5456000000000001,0,NA,#DIV/0!,NA,NA,0.020639834881320946,NA,1.1628000000000003,NA,NA,0,NA,NA,NA,-0.46921224630202957,-0.46921224630202957,NA,NA,0,False,#DIV/0!,#DIV/0!
"Alternative Fuel Technologies, Inc. (OTCPK:AFTC)",OTCPK:AFTC,6,0.012,0.012,0.2198,-0.18960000000000002,-0.18960000000000002,0,NA,#DIV/0!,NA,NA,0.054595086442220206,NA,0.2198,NA,NA,0,NA,NA,NA,-0.8626023657870793,-0.8626023657870793,NA,NA,0,False,0.8044165979545622,0.7896157072617689
"Cartel Blue, Inc. (OTCPK:CRTL)",OTCPK:CRTL,6,0.012,0.012,0,0,0,0,NA,#DIV/0!,NA,NA,NA,NA,0,NA,NA,0,NA,NA,NA,NA,NA,NA,NA,0,41.666666666666664,#DIV/0!,#DIV/0!
"Hydrogen Hybrid Technologies, Inc. (OTCPK:HYHY)",OTCPK:HYHY,6,0.009,0.009,0.061,-0.0848,-0.0848,0,NA,#DIV/0!,NA,NA,0.14754098360655737,NA,0.061,NA,NA,0,NA,NA,NA,-1.3901639344262295,-1.3901639344262295,NA,NA,0,False,0.5791582763099862,0.9886059978139294
Marketing Worldwide Corp (OTCPK:MWWC),OTCPK:MWWC,6,0.004,0.004,0,0,0,0,NA,#DIV/0!,NA,NA,NA,NA,0,NA,NA,0,NA,NA,NA,NA,NA,NA,NA,0,False,0.9202208409197736,1.342406553789248
Azure Dynamics Corp. (OTCPK:AZDD.Q),OTCPK:AZDD.Q,6,0.002,0.002,55.84,-23.86,-23.86,0,NA,#DIV/0!,NA,NA,3.581661891117478e-05,NA,55.84,NA,NA,0,NA,NA,NA,-0.42729226361031514,-0.42729226361031514,NA,NA,0,False,0.19103042073286702,0.20772079576701724
"Proliance International, Inc. (OTCPK:PLNT.Q)",OTCPK:PLNT.Q,6,0.002,0.002,0.6000000000000001,-0.3,-0.3,0,NA,#DIV/0!,NA,NA,0.003333333333333333,NA,0.6000000000000001,NA,NA,0,NA,NA,NA,-0.4999999999999999,-0.4999999999999999,NA,NA,0,False,5.006645276043542,0.5331270993968207
,Market Cap,,Class,,,,,,,,,,,,,,,,,,,,,,,,,,
,0,249.999,6,,,,,,,,,,,,,,,,,,,,,,,,,,
,250,499.999,5,,,,,,,,,,,,,,,,,,,,,,,,,,
,500,4999.999,4,,,,,,,,,,,,,,,,,,,,,,,,,,
,5000,9999.999,3,,,,,,,,,,,,,,,,,,,,,,,,,,
,10000,34999.999,2,,,,,,,,,,,,,,,,,,,,,,,,,,
,35000,500000000,1,,,,,,,,,,,,,,,,,,,,,,,,,,
