Bloomberg Symbol,Primary Exchange,0.00me,Industry 0.00me,FCFF,FCFE,Market Capitalization,Firm Value,Enterprise Value,Cash & near Cash,Invested Capital,Total Debt,Book Equity,Revenues,Net Cap Ex,EBIT,EBITDA,EBIT (1-t),Chg in non-cash WC,Reinvestment,Tax Rate,Net Income,Standard deviation in stock prices,Beta,Geo growth in earnings per share,Cash/Firm Value,Payout Ratio,Reinvestment Rate,Net Margin,After-tax Margin,PE,PBV,PS,EV/EBITDA,EV/EBIT,Firm Value/BV,EV/Sales,ROE,ROIC,Market Debt to Capital,Market Debt to Equity,Book Debt to Equity,Interest Coverage Ratio,Geometric Growth-EPS Before XO,Volatility 90 Day Calc,Raw Beta,Current Market Cap,Operating Income (Losses),Effective Tax Rate,Capital Expenditures,Depreciation & Amortization,Cash Flow Net Income,Total Debt (ST & LT Debt),Interest Expense,Sales/Revenue/Turnover,Changes in Non-Cash Work Cap,Industry Subgroup,IBES Est Growth,Dividends Paid,Total Common Equity,Cash&Near Cash Items,Adj Beta
UUU GR Equity     ,Xetra,3U TELECOM AG,Telephone-Integrated,11.651203999999998,11.618445850006454,61.36333,66.36332999999999,30.533329999999992,35.83,41.64,5,72.47,64.68,7.250000000000001,1.46,5.67,1.091204,-17.81,-10.559999999999999,0.2526,1.74,0.6847799999999999,1.1059506531204646,0.00,0.5399066020345875,0,-9.67738388055762,0.026901669758812613,0.016870810142238714,35.2662816091954,0.8467411342624535,0.9487218614718613,5.385067019400352,20.913239726027392,0.8566326319865754,0.4720675633889918,0.02400993514557748,0.02620566762728146,0.07534281356887909,0.08148188828735338,0.06899406651028012,0.00,,68.478,0.762,61363330,1.46,25.26,-11.46,4.21,1.74,5,,64.68,17.81,Telephone-Integrated,,,72.47,35.83,1.1059506531204646
ASE GR Equity     ,Dusseldorf,AACHENER STRASSEN UND ENERGI,Electric-Integrated,-17.62,-21.220000000000002,16.3464,21.1764,16.9964,4.18,7.23,4.83,6.58,48.01,0,-17.62,-17.62,-17.62,0,0,0,-21.220000000000002,1.03578,0.11901306240928884,0.00,0.19738954685404506,0.00,0.00,0,-0.3670068735680067,0,2.484255319148936,0.3404790668610706,0,0,1.8559509202453988,0.3540179129348053,-1,-1,0.22808409361364537,0.2954779033915725,0.7340425531914894,0.00,,103.578,0.082,16346400,-17.62,0,,,,4.83,3.6,48.01,,Electric-Integrated,,,6.58,4.18,0.11901306240928884
AAQ GR Equity     ,Frankfurt,AAP IMPLANTATE,Medical Products,0.2400000000000002,-3.2246330672800454,25.27286,36.11286,36.022859999999994,0.09,17.3,10.84,6.55,11.53,-2.4400000000000004,-4.51,-0.14999999999999947,-3.980977,-2.31,-4.75,0.1173,-5.013736,0.59931,0.45718432510885343,0.00,0.002492186993774517,0.00,0.00,-1,-0.34527120555073726,0,3.858451908396947,2.191921942758023,0,0,2.076645198389879,3.124272333044232,-0.7654558778625954,-0.2301142774566474,0.3001700779168418,0.42891861071520987,1.6549618320610686,0.00,,59.931,0.315,25272860,-4.51,11.73,-1.92,4.36,-15.41,10.84,1.17,11.53,2.31,Medical Products,,,6.55,0.09,0.45718432510885343
AT9 GR Equity     ,Xetra,ABIT AG,Applications Software,3.84,3.284367112810707,41.26937,45.189370000000004,36.34937000000001,8.84,17.31,3.92,22.23,20.63,-1.8,0,1.97,0,-2.04,-3.84,1,0.02,0.29264,0.7547169811320755,0.00,0.1956212268504739,0,0.00,0.0009694619486185168,0,200,1.856471884840306,2.000454192922928,18.451456852791882,0,1.7280829827915873,1.761966553562773,0.000899685110211426,0,0.08674606439523276,0.09498570004824401,0.1763382816014395,0.00,,29.264,0.52,41269370,0,127.91,-0.17,1.97,0.02,3.92,,20.63,2.04,Applications Software,,,22.23,8.84,0.7547169811320755
ACV GR Equity     ,Xetra,AC SERVICE AG,Computer Software,5.974995000000001,5.096984126984128,32.18399,35.98399,24.933989999999998,11.05,19.19,3.8,26.44,44.5,-2.21,1.55,7.97,1.414995,-2.35,-4.5600000000000005,0.08710000000000001,1.11,0.32652000000000003,0.2902757619738752,0.00,0.30708101019370004,0,-3.2226262283612312,0.024943820224719103,0.031797640449438204,28.994585585585586,1.2172462178517398,0.7232357303370787,3.1284805520702634,16.08644516129032,1.1899467592592592,0.5603143820224719,0.041981845688350984,0.07373606044815008,0.10560251934262987,0.11807112791173499,0.1437216338880484,8.157894736842106,,32.652,0.2,32183990,1.55,8.71,-4.21,6.42,1.11,3.8,0.19,44.5,2.35,Computer Software,,0,26.44,11.05,0.2902757619738752
NXI GR Equity     ,Frankfurt,ACTIVA RESOURCES AG,Oil&Gas Drilling,-0.01,-0.01,15.66602,15.66602,15.58602,0.08,0.61,0,0.69,0.03,-0.01,-0.02,-0.01,-0.02,0,-0.01,0,-0.02,1.95097,0.00,0.00,0.005106593761529731,0.00,0.00,-0.6666666666666667,-0.6666666666666667,0,20,20,0,0,20,20,-0.028985507246376815,-0.03278688524590164,0,0,0,0.00,,195.097,,15666020,-0.02,0,,0.01,-0.02,0,,0.03,0,Oil&Gas Drilling,,,0.69,0.08,0.00
HNG GR Equity     ,Frankfurt,ACTRIS AG,Brewery,3.7566590000000004,2.059009397024276,118.4518,124.3818,116.1118,8.27,17.27,5.93,19.61,149.25,-3.3900000000000006,1.57,16.28,1.426659,1.06,-2.3300000000000005,0.0913,0.27,0.27103,0.632801161103048,0.00,0.066488827143521,0.037037037037037035,-1.6331863465621432,0.0018090452261306535,0.009558854271356783,200,6.0403773584905665,0.7936469011725293,7.132174447174447,73.95656050955414,4.87007830853563,0.7779685092127303,0.013768485466598675,0.08260909090909091,0.047675785364096675,0.05006255709073226,0.3023967363590005,0.9573170731707318,,27.103,0.436,118451800,1.57,9.13,-11.32,14.71,0.27,5.93,1.64,149.25,-1.06,Brewery,,-0.01,19.61,8.27,0.632801161103048
ADC GR Equity     ,Frankfurt,ADCAPITAL AG,Electric Products-Misc,0.9072850000000003,12.395435891490843,126,153.98,109.95999999999998,44.02,128.49999999999997,27.98,144.54,181.69,-3.7800000000000002,2.65,8.93,2.297285,5.17,1.3899999999999997,0.1331,13.56,0.18236999999999998,0.8809869375907112,0.00,0.28588128328354334,0,0.6050620623910398,0.07463261599427597,0.012643981506962408,9.292035398230087,0.8717310087173101,0.6934889096813254,12.313549832026874,41.494339622641505,0.892534198933457,0.6052066707028454,0.09381486093814861,0.017877704280155646,0.18171191063774517,0.22206349206349207,0.19357963193579633,0.6206088992974239,,18.237,0.607,126000000,2.65,13.31,-2.5,6.28,13.56,27.98,4.27,181.69,-5.17,Electric Products-Misc,,0,144.54,44.02,0.8809869375907112
ADS GR Equity     ,Xetra,ADIDAS-SALOMON AG,Athletic Footwear,460.97008099999994,376.37992383634713,6017.688,7066.368,6870.368,196,2481.13,1048.68,1628.45,6478.07,-45.64,576.99,739.39,358.83008099999995,-56.5,-102.14,0.37810000000000005,314.25,0.20857,0.7997097242380262,0.065,0.027737021338260334,0.14463007159904537,-0.2846472617773648,0.04850981851076015,0.05539151028006798,19.149365155131264,3.6953471092142833,0.9289322282716921,9.291940653782172,11.90725662489818,2.639531139690639,1.0605578513353515,0.19297491479627865,0.14462365172320674,0.14840438539289208,0.1742662630565094,0.6439743314194479,8.086755430974073,6.5,20.857,0.551,6017688000,576.99,37.81,-116.76,162.4,314.25,1048.68,71.35,6478.07,56.5,Athletic Footwear,10.333,-45.45,1628.45,196,0.7997097242380262
LKI GR Equity     ,Frankfurt,ADLINK INTERNET MEDIA AG,Advertising Services,-3.54,-3.5373541963015644,79.5675,79.80749999999999,74.27749999999999,5.53,22.589999999999996,0.24,27.88,44.87,-0.86,-3.23,-2.2,-3.23,1.17,0.30999999999999994,0,-3.23,0.65827,1.1132075471698115,0.00,0.06929173323309214,0.00,0.00,-0.08870069088477825,-0.07198573657232003,0,2.8539275466284075,1.7732895030086917,0,0,2.8381045519203414,1.6553933585914864,-0.11585365853658537,-0.1429836210712705,0.0030072361620148485,0.003016306909228014,0.00860832137733142,0.00,,65.827,0.767,79567500,-3.23,-0.12,-0.17,1.03,-3.98,0.24,,44.87,-1.17,Advertising Services,,,27.88,5.53,1.1132075471698115
AP8 GR Equity     ,Frankfurt,ADPHOS ADVANCED PHOTONICS,Machinery-Therml Process,2.38,2.21,11.544,11.544,8.824,2.72,10.51,0,13.23,31.84,-0.9300000000000002,-0.43,0.9100000000000001,-0.43,-1.88,-2.81,0,-0.6,0.6276700000000001,0.9245283018867926,0.00,0.23562023562023562,0.00,0.00,-0.062185929648241205,-0.01350502512562814,0,0.872562358276644,0.3625628140703518,9.696703296703294,0,0.872562358276644,0.2771356783919598,-0.045351473922902494,-0.04091341579448145,0,0,0,0.00,,62.767,0.637,11544000,-0.43,-1.17,-0.41,1.34,-1.98,0,0.17,31.84,1.88,Machinery-Therml Process,,,13.23,2.72,0.9245283018867926
ADV GR Equity     ,Xetra,ADVA AG OPTICAL NETWORKING,Telecommunication Equip,6.212784,5.614586555621654,148.5473,153.84730000000002,130.50730000000001,23.34,43.89999999999999,5.3,61.94,102.14,-3.13,7.78,13.92,7.412784,4.33,1.2000000000000002,0.0472,6.72,0.435,1.416545718432511,0.00,0.1517088697689202,0,0.16188249920677578,0.06579205012727629,0.07257474055218328,22.105252976190478,2.398245075879884,1.454349911885647,9.375524425287358,16.774717223650388,2.2880324211778706,1.27772958684159,0.10849208911850178,0.1688561275626424,0.03444974334941204,0.03567887130900393,0.08556667742977074,0.00,,43.5,0.976,148547300,7.78,4.72,-3.01,6.14,6.72,5.3,,102.14,-4.33,Telecommunication Equip,8.41,0,61.94,23.34,1.416545718432511
DVN1 GR Equity     ,Frankfurt,ADVANCED MEDIEN AG,Broadcast Serv/Program,2.120000000000001,0.00,15.83631,24.38631,24.256310000000003,0.13,4.820000000000001,8.55,-3.6,0.96,-10.13,-8.06,2.0700000000000003,-8.058388,-0.05,-10.180000000000001,0.0002,-8.34833,0.59168,0.8447024673439768,0.00,0.005330859814379461,0.00,0.00,-1,-1,0,0,16.49615625,11.718024154589372,0,0,20,0.00,-1,0.3506065493303415,0.5398984990821726,0.00,0.00,,59.168,0.582,15836310,-8.06,0.02,,10.13,-10.41,8.55,0.29,0.96,0.05,Broadcast Serv/Program,,,-3.6,0.13,0.8447024673439768
DOO GR Equity     ,Frankfurt,AGOR AG,Non-hazardous Waste Disp,-36.1976,0.00,46.95729,245.88729,233.39729,12.49,179.41,198.93,-7.03,387,13.82,3.2,27.88,3.2,26.16,39.980000000000004,0,-19.02,0.47417000000000004,0.37880986937590716,0.00,0.05079563079490607,0.00,12.49375,-0.04152454780361757,0.0082687338501292,0,0,0.12133666666666666,8.371495337159255,72.93665312499999,0,0.6030937726098191,0.00,0.01783624101220668,0.8090292100905256,4.236402909963501,0.00,0.14401440144014402,,47.417,0.261,46957290,3.2,-18.2,-38.5,24.68,-16.07,198.93,22.22,387,-26.16,Non-hazardous Waste Disp,,,-7.03,12.49,0.37880986937590716
AAH GR Equity     ,Frankfurt,AHLERS AG,Apparel Manufacturers,22.738235000000003,16.705504587155964,214.608,296.25800000000004,274.35800000000006,21.9,126.34,81.65,66.59,319.9,-0.9600000000000009,26.53,34.84,14.578235000000003,-7.2,-8.16,0.45049999999999996,13.04,0.1844,0.714078374455733,0.006999999999999999,0.07392205442553448,0.9125766871165645,-0.5597385417370483,0.04076273835573617,0.04557122538293218,16.457668711656442,3.222826250187716,0.6708596436386371,7.8747990815155005,10.34142480211082,1.9985024284943336,0.8576367614879652,0.19582519897882564,0.11538891087541557,0.27560437186506354,0.3804611198091404,1.2261600840967113,7.055851063829788,0.7,18.44,0.492,214608000,26.53,45.05,-7.35,8.31,13.04,81.65,3.76,319.9,7.2,Apparel Manufacturers,,-11.9,66.59,21.9,0.714078374455733
AIX GR Equity     ,Xetra,AIXTRON AG,Electronic Compo-Semicon,-0.9862399999999996,2.0100000000000007,233.4784,233.4784,187.9784,45.5,89.9,0,135.4,140,-2.2300000000000004,5.2,11.190000000000001,4.15376,7.37,5.14,0.20120000000000002,7.15,0.45026000000000005,2.0377358490566038,-0.0861,0.19487884104054165,0,1.237433072685952,0.05107142857142857,0.029669714285714285,32.65432167832168,1.7243604135893646,1.6677028571428572,16.798784629133152,36.149692307692305,1.7243604135893646,1.3427028571428572,0.052806499261447565,0.04620422691879866,0,0,0,0.00,-8.61,45.026,1.404,233478400,5.2,20.12,-3.76,5.99,7.15,0,0,140,-7.37,Electronic Compo-Semicon,10,0,135.4,45.5,2.0377358490566038
ABK GR Equity     ,Munich,AKTIENBRAUEREI KAUFBEUREN AG,Brewery,-0.01,-0.017514000000000002,13.3,13.46,11.690000000000001,1.77,1.37,0.16,2.98,17.91,0,-0.01,-0.01,-0.005838000000000001,0,0,0.41619999999999996,-0.017514000000000002,0.33576,0.5936139332365747,-0.0524,0.13150074294205052,0.00,0.00,0,-0.00032596314907872703,0,4.4630872483221475,0.7426018983807929,0,0,4.286624203821656,0.6527079843662759,-0.005877181208053692,-0.004261313868613139,0.01188707280832095,0.012030075187969924,0.053691275167785234,0.00,-5.24,33.576,0.409,13300000,-0.01,41.62,,,,0.16,0.02,17.91,,Brewery,,,2.98,1.77,0.5936139332365747
ABX GR Equity     ,Xetra,ALLBECON AG,Human Resources,4.21,-2.030556875164951,15.7295,46.5795,43.23950000000001,3.34,34.55,30.85,7.04,130.29,-5.13,-0.9,5.989999999999999,-0.9,0.02,-5.11,0,-2.98,0.48707999999999996,0.44992743105950656,0.00,0.07170536394765938,0.00,0.00,-0.03791541944892164,-0.006907667510937141,0,2.2343039772727273,0.12072684012587306,7.218614357262106,0,1.2293349168646082,0.3318712103768517,-0.42329545454545453,-0.026049204052098412,0.6623085262830215,1.9612829396992912,4.3821022727272725,0.00,,48.708,0.31,15729500,-0.9,-36.74,-1.76,6.89,-4.94,30.85,2.08,130.29,-0.02,Human Resources,,0,7.04,3.34,0.44992743105950656
ALB GR Equity     ,Munich,ALLGAEUER BRAUHAUS AG,Brewery,-4.37792,-3.753464203233256,32.625,33.205,33.074999999999996,0.13,4.2,0.58,3.75,19.67,3.79,0.8,2.71,0.8,1.41,5.2,0,0.75,0.06741,0.6444121915820029,0.2731,0.003915073031170005,0,6.5,0.03812913065582105,0.04067107269954245,43.5,8.7,1.6586171835282155,12.204797047970478,41.34374999999999,7.668591224018475,1.6814946619217077,0.2,0.19047619047619047,0.017467248908296942,0.017777777777777778,0.15466666666666665,10,27.31,6.741,0.444,32625000,0.8,-2.76,-5.7,1.91,0.75,0.58,0.08,19.67,-1.41,Brewery,,0,3.75,0.13,0.6444121915820029
AGS GR Equity     ,Frankfurt,ALLGEMEINE GOLD UND SILBERSC,Precious Metals,5.339468,5.268069335376364,140.7492,142.0592,136.5892,5.47,46.74,1.31,50.9,365.75,-0.5899999999999999,13.22,16.47,8.849468,4.1,3.51,0.3306,8.69,0.39979,0.7648766328011612,0.32630000000000003,0.03850507394100487,0.6064441887226697,0.3966340123496689,0.0237593984962406,0.0241954012303486,16.19668584579977,2.76521021611002,0.3848235133287765,8.293211900425016,10.332012102874433,2.7209193641064933,0.37344962406015036,0.17072691552062869,0.18933393239195548,0.00922150765314742,0.009307335317003578,0.025736738703339885,10.091603053435115,32.63,39.979,0.527,140749200,13.22,33.06,-2.66,3.25,8.69,1.31,1.31,365.75,-4.1,Precious Metals,,-5.27,50.9,5.47,0.7648766328011612
AEI GR Equity     ,Xetra,ALLGEIER HOLDING AG,Enterprise Software/Serv,-4.02,-1.958097975096607,13.89,16.080000000000002,14.910000000000002,1.17,22.120000000000005,2.19,21.1,39.05,-0.8700000000000001,-6.6,-4.35,-3.9817799999999997,-1.71,-2.58,0.3967,-4.295495999999999,0.54603,0.8882438316400582,0.00,0.07276119402985073,0.00,0.00,-0.07554417413572344,-0.10196619718309859,0,0.6582938388625592,0.3556978233034572,0,0,0.6904250751395449,0.3818181818181819,-0.20357800947867294,-0.18000813743218802,0.13619402985074625,0.15766738660907126,0.10379146919431279,0.00,,54.603,0.612,13890000,-6.6,39.67,-1.38,2.25,-2.95,2.19,0.52,39.05,1.71,Enterprise Software/Serv,,,21.1,1.17,0.8882438316400582
ANO GR Equity     ,Frankfurt,ALNO AG,Home Furnishings,16.459999999999997,-9.976017715277145,60.06,150.49,146.46,4.03,105.48,90.43,19.08,440,-10.61,-5.66,15.59,-5.66,-11.51,-22.119999999999997,0,-13.83,0.56641,0.07111756168359942,0.00,0.026779187985912684,0.00,0.00,-0.013795454545454547,-0.012863636363636364,0,3.1477987421383653,0.1365,9.394483643361129,0,1.3742124006940006,0.33286363636363636,-0.7248427672955976,-0.05365946150929086,0.6009037145325271,1.5056610056610058,4.739517819706499,0.00,,56.641,0.049,60060000,-5.66,-7.89,-10.64,21.25,-6.07,90.43,8.17,440,11.51,Home Furnishings,,,19.08,4.03,0.07111756168359942
ATF GR Equity     ,Xetra,ALPHAFORM AG,Research&Development,0.19000000000000017,-0.1663203463203462,12.23188,14.49188,5.441879999999999,9.05,16.359999999999996,2.26,23.15,21.8,-1.48,-1.68,0.6399999999999999,-1.68,-0.39,-1.87,0,-1.8699999999999999,0.57642,0.6734397677793905,0.00,0.6244876441151873,0.00,0.00,-0.06834862385321101,-0.07706422018348623,0,0.5283749460043197,0.5610954128440367,8.5029375,0,0.5703219205037388,0.24962752293577978,-0.08077753779697625,-0.10268948655256725,0.15594940062986995,0.18476309447116876,0.09762419006479481,0.00,,57.642,0.464,12231880,-1.68,-18.52,-0.84,2.32,-1.49,2.26,0.19,21.8,0.39,Research&Development,,,23.15,9.05,0.6734397677793905
ALT GR Equity     ,Xetra,ALTA0.00 AG,Medical-Drugs,212.92544000000004,228.86758029978586,6479.46,6537.22,6220.56,316.66,1401.8999999999999,57.76,1660.8,2962.85,104.78,606.45,727.73,380.36544000000004,62.66,167.44,0.3728,390.68,0.20887,0.602322206095791,0.2667,0.048439550757049636,0.28990478140677794,0.44020823763589034,0.13185952714447238,0.12837823042003477,16.585082420395207,3.9014089595375725,2.186901125605414,8.54789551069765,10.257333663121445,3.803893957732055,2.099519044163559,0.23523603082851638,0.2713213781296812,0.008835560069876796,0.00891432310717251,0.034778420038535644,87.63728323699422,26.67,20.887,0.415,6479460000,606.45,37.28,-226.06,121.28,390.68,57.76,6.92,2962.85,-62.66,Medical-Drugs,11.153,-113.26,1660.8,316.66,0.602322206095791
MSU GR Equity     ,Dusseldorf,ALUMINIUMWERK UN0.00 AG,Metal Processors&Fabrica,3.083752,2.809456,14.85225,19.51225,15.602250000000002,3.91,17.09,4.66,16.34,55.2,0,3.71,3.71,3.083752,0,0,0.16879999999999998,2.809456,0.49903,0.4528301886792453,0.00,0.20038693641174132,0.00,0,0,0.055865072463768116,0,0.9089504283965728,0.2690625,4.2054582210242595,4.2054582210242595,0.929154761904762,0.2826494565217391,0.1719373317013464,0.1804418958455237,0.23882432830657663,0.31375717483882914,0.28518971848225216,11.242424242424242,,49.903,0.312,14852250,3.71,16.88,,,,4.66,0.33,55.2,,Metal Processors&Fabrica,,,16.34,3.91,0.4528301886792453
AAD GR Equity     ,Xetra,AMADEUS FIRE AG,Human Resources,1.9255359999999997,1.9166679999999998,32.61759,32.61759,20.43759,12.18,9.52,0,21.7,47.12,-1.9,0.56,3.27,0.165536,0.14,-1.7599999999999998,0.7044,0.156668,0.58204,1.0943396226415096,0.00,0.37341814646636984,0.00,-10.632128358786003,-0.01103565365025467,0.0035130730050933786,0,1.5031147465437789,0.692223896434635,6.25002752293578,36.49569642857143,1.5031147465437789,0.43373493208828523,0.007219723502304148,0.017388235294117645,0,0,0,18.666666666666668,,58.204,0.754,32617590,0.56,70.44,-0.81,2.71,-0.52,0,0.03,47.12,-0.14,Human Resources,,-2.22,21.7,12.18,1.0943396226415096
AJA GR Equity     ,Xetra,A0.00LYTIK JE0.00 AG,Medical-Biomedical/Gene,5.6832840000000004,4.755440393281442,19.25,21.7,11.479999999999999,10.22,14.19,2.45,21.96,89.18,0.6800000000000002,2.52,4.15,1.453284,-4.91,-4.23,0.4233,0.95,0.39165999999999995,1.204644412191582,0.15810000000000002,0.4709677419354839,0,-2.9106492605712306,0.010652612693429018,0.01629607535321821,20.263157894736842,0.8765938069216758,0.2158555729984301,2.766265060240963,4.555555555555555,0.8889799262597295,0.12872841444270014,0.04326047358834244,0.10241606765327696,0.11290322580645162,0.1272727272727273,0.11156648451730419,2.2909090909090906,15.81,39.166,0.83,19250000,2.52,42.33,-2.31,1.63,0.95,2.45,1.1,89.18,4.91,Medical-Biomedical/Gene,,,21.96,10.22,1.204644412191582
ANZ GR Equity     ,Frankfurt,ANDREAE-NORIS ZAHN AG,Medical-Whsle Drug Dist,4.906395,9.319401005835745,344.0452,487.7352,485.7552,1.98,419.56,143.69,277.85,3366.25,18.11,52.85,61.94,25.616395,2.6,20.71,0.5153,22.97,0.20696,0.4281567489114659,0.0004,0.004059579870388686,0.5115367871136265,0.8084666089822553,0.006823616784255477,0.007609772001485333,14.978023508924686,1.2382407773978765,0.1022042926104716,7.842350661930901,9.191205298013244,1.157031835650235,0.1443015818789454,0.08267050566852617,0.061055379445133,0.2946065816041163,0.41764861128712155,0.5171495411193089,9.591651542649728,0.04,20.696,0.295,344045200,52.85,51.53,-27.2,9.09,22.97,143.69,5.51,3366.25,-2.6,Medical-Whsle Drug Dist,11.53,-11.75,277.85,1.98,0.4281567489114659
AJ9 GR Equity     ,Frankfurt,ANTWERPES AG,B2B/E-Commerce,9.979999999999999,10.546870437956203,24.08959,24.099590000000003,13.749590000000003,10.35,22.529999999999994,0.01,32.87,13.22,-0.67,-0.31,0.5700000000000001,-0.175522,-9.62,-10.29,0.4338,0.26,0.83741,0.8853410740203194,0.00,0.42946788721301893,2.269230769230769,0.00,0.019667170953101363,-0.013277004538577912,92.65226923076924,0.7328746577426225,1.8222080181543117,24.12208771929825,0,0.7329559002433091,1.0400597579425115,0.007909948281107394,-0.007790590324012431,0.00041494481856330334,0.0004151170692402818,0.00030422878004259207,0.00,,83.741,0.61,24089590,-0.31,43.38,-0.21,0.88,0.26,0.01,0.32,13.22,9.62,B2B/E-Commerce,,-0.59,32.87,10.35,0.8853410740203194
APP GR Equity     ,Berlin,APCOA PARKING AG,Commercial Services,18.200291,7.501302951521639,310.5346,405.1146,390.3346,14.78,116,94.58,36.2,406.96,-6.1,15.79,34.019999999999996,8.730291,-3.37,-9.469999999999999,0.4471,4.88,0.25498,0.6153846153846154,-0.1082,0.03648350368019321,0,-1.0847290199146855,0.011991350501277767,0.021452454786711223,63.6341393442623,8.578303867403315,0.763059268724199,11.473680188124634,24.7203673210893,3.0976800734057193,0.9591473363475527,0.13480662983425412,0.07526112931034482,0.233464802305323,0.30457153566784506,2.6127071823204417,3.5483146067415725,-10.82,25.498,0.424,310534600,15.79,44.71,-12.13,18.23,4.88,94.58,4.45,406.96,3.37,Commercial Services,,,36.2,14.78,0.6153846153846154
RBX GR Equity     ,Xetra,ARBOMEDIA AG,Advertising Sales,1.9000000000000001,1.5547362755651242,13.7154,14.6454,7.175400000000001,7.47,1.8199999999999994,0.93,8.36,70.5,-0.28,-0.55,0.13,-0.55,-2.17,-2.45,0,-0.65,0.45533999999999997,1.0261248185776488,0.00,0.5100577655782703,0.00,0.00,-0.003120567375886525,-0.007801418439716313,0,1.640598086124402,0.19454468085106383,55.19538461538462,0,1.5764693218514534,0.10177872340425533,-0.07775119617224881,-0.30219780219780235,0.06350116760211398,0.06780699068200709,0.11124401913875599,0.00,,45.534,0.707,13715400,-0.55,-4.63,-0.4,0.68,-0.22,0.93,0.1,70.5,2.17,Advertising Sales,,,8.36,7.47,1.0261248185776488
DLW GR Equity     ,Frankfurt,ARMSTRONG DLW AG,Bldg&Construct Prod-Misc,-4.32,-17.999718112443546,17.625,39.015,29.585,9.43,54.78000000000001,21.39,42.82,382.93,-9.43,-21.73,-5.710000000000001,-21.73,-7.98,-17.41,0,-29.61,0.82109,0.26995645863570394,0.00,0.2417019095219787,0.00,0.00,-0.09338521400778209,-0.0567466638811271,0,0.41160672582905183,0.046026688950983205,0,0,0.6076156361937393,0.07725955135403338,-0.6914992993928071,-0.3966776195691858,0.5482506728181469,1.2136170212765958,0.49953292853806636,0.00,,82.109,0.186,17625000,-21.73,-8.61,-6.59,16.02,-35.76,21.39,7.88,382.93,7.98,Bldg&Construct Prod-Misc,,,42.82,9.43,0.26995645863570394
AAGN GR Equity     ,Xetra,ARTICON-INTEGRALIS AG-REG,Computer Data Security,-12.61,-12.780854503464203,27.1284,28.9784,5.9384000000000015,23.04,-1.389999999999997,1.85,19.8,86.16,-4.52,-12.62,-6.699999999999999,-12.62,4.51,-0.009999999999999787,0,-12.79,0.59288,1.728592162554427,0.00,0.7950749523783232,0.00,0.00,-0.18686165273909008,-0.14647168059424326,0,1.370121212121212,0.3148607242339833,0,0,1.3384942263279445,0.06892293407613743,-0.6459595959595958,0.00,0.06384065372829419,0.06819421713038736,0.09343434343434344,0.00,,59.288,1.191,27128400,-12.62,-0.28,-1.4,5.92,-16.1,1.85,0.17,86.16,-4.51,Computer Data Security,,,19.8,23.04,1.728592162554427
ARX GR Equity     ,Xetra,ARXES NETWORK COMMUNICATION,Computer Services,3.3977759999999995,2.928206751054852,19.7295,24.5195,19.2495,5.27,8.95,4.79,9.43,47.4,-0.15999999999999992,2.71,3.92,2.71,-0.35,-0.5099999999999999,0,2.59,0.47945,0.7111756168359943,0.00,0.21493097330695973,0,-0.18819188191881916,0.05464135021097046,0.05717299578059072,7.617567567567568,2.09220572640509,0.4162341772151899,4.910586734693878,7.1031365313653145,1.7242967651195502,0.4061075949367089,0.27465535524920465,0.3027932960893855,0.19535471767368828,0.24278364885070577,0.5079533404029692,5.765957446808511,,47.945,0.49,19729500,2.71,-6.56,-1.05,1.21,2.59,4.79,0.47,47.4,0.35,Computer Services,,,9.43,5.27,0.7111756168359943
ACW GR Equity     ,Xetra,AS CREATION TAPETEN,Home Decoration Products,1.9416950000000002,2.1953733807467617,78,102.11,97.82,4.29,74.45,24.11,54.63,132.11,1.79,9.63,17.51,5.5516950000000005,1.82,3.6100000000000003,0.4235,4.7,0.21074,0.7764876632801162,0.061500000000000006,0.04201351483694055,0.5340425531914893,0.6502518600175262,0.03557641359473166,0.04202327605783059,16.595744680851062,1.4277869302580999,0.5904170766785254,5.58652198743575,10.157840083073726,1.296799593599187,0.7404435697524788,0.08603331502837269,0.07456944257891203,0.2361179120556263,0.3091025641025641,0.4413326011349075,5.944444444444445,6.15,21.074,0.535,78000000,9.63,42.35,-9.67,7.88,4.7,24.11,1.62,132.11,-1.82,Home Decoration Products,,-2.51,54.63,4.29,0.7764876632801162
AOF GR Equity     ,Frankfurt,ATOSS SOFTWARE AG,Decision Support Softwar,3.5285029999999997,3.9720567592310037,37.96518,38.24518,33.585179999999994,4.66,28.110000000000003,0.28,32.49,21.83,-0.6799999999999999,2.39,3.41,1.428503,-1.42,-2.0999999999999996,0.4023,1.89,0.30874,1.130624092888244,0.00,0.12184541947508158,0,-1.4700704163729439,0.08657810352725608,0.06543760879523593,20.087396825396823,1.1685189289012001,1.7391287219422813,9.849026392961875,14.052376569037653,1.1670790357033871,1.538487402656894,0.05817174515235456,0.05081832088224831,0.007321184002794602,0.007375179045641297,0.008618036318867345,0.00,,30.874,0.779,37965180,2.39,40.23,-0.34,1.02,1.89,0.28,,21.83,1.42,Decision Support Softwar,,,32.49,4.66,1.130624092888244
NSU GR Equity     ,Frankfurt,AUDI AG,Auto-Cars/Light Trucks,1309.9591400000002,1297.0617915070477,10148,10311.52,8552.310000000001,1759.21,4388.240000000001,163.52,5983.93,24505.86,-495.1500000000001,1140.97,2991.21,869.4191400000001,54.61,-440.5400000000001,0.23800000000000002,868.24,0.24778,0.3309143686502177,0.21789999999999998,0.170606273371918,0,-0.5067061210545699,0.0354298930949577,0.03547800974950482,11.688012531097392,1.695875453088522,0.4141050344693065,2.8591473015936697,7.495648439485702,1.6773654116747594,0.3489904047440082,0.14509528019211454,0.1981247926275682,0.01585799183825469,0.01611351990540008,0.02732652287042128,14.588543664493033,21.79,24.778,0.228,10148000000,1140.97,23.8,-1355.09,1850.24,868.24,163.52,78.21,24505.86,-54.61,Auto-Cars/Light Trucks,,,5983.93,1759.21,0.3309143686502177
AUT GR Equity     ,Frankfurt,AUTANIA AG FUER INDUSTRIEBET,Machinery-General Indust,7.31784,5.472862385321101,79.05244,110.25244,96.01244000000001,14.24,67.51,31.2,50.55,105.08,-0.5900000000000003,11.2,14.32,8.68784,1.96,1.3699999999999997,0.2243,6.32,0.54945,0.7460087082728593,0.00,0.12915813926657768,0.15664556962025317,0.1576916701965045,0.06014465169394747,0.08267834031214312,12.50829746835443,1.5638464886251238,0.7523071945184622,6.7047793296089395,8.572539285714287,1.3486537003058106,0.9137080319756378,0.12502472799208705,0.12868967560361427,0.2829869343481196,0.3946747247776286,0.6172106824925816,4.725738396624472,,54.945,0.514,79052440,11.2,22.43,-2.53,3.12,6.32,31.2,2.37,105.08,-1.96,Machinery-General Indust,,-0.99,50.55,14.24,0.7460087082728593
AVA GR Equity     ,Frankfurt,AVA ALLG HANDELS DER VERBRAU,Distribution/Wholesale,-42.37925499999999,-18.477778928974583,1430.368,1660.4579999999999,1619.658,40.8,605.87,230.09,416.58,4955.56,0.8100000000000023,38.45,85.03,30.840745000000005,72.41,73.22,0.1979,28.69,0.20548,0.5921625544267054,0.0393,0.024571533878002334,0.5444405716277448,2.3741320126994334,0.005789456691070232,0.006223463140391803,49.855977692575806,3.433597388256757,0.28863902364213123,19.048077149241443,42.123745123537056,2.567705321106592,0.32683652301657123,0.06887032502760575,0.050903238318451165,0.13857020171543033,0.16086070158169088,0.5523308848240435,3.5340073529411766,3.93,20.548,0.408,1430368000,38.45,19.79,-47.39,46.58,28.69,230.09,10.88,4955.56,-72.41,Distribution/Wholesale,,-15.62,416.58,40.8,0.5921625544267054
SPR GR Equity     ,Stuttgart,AXEL SPRINGER AG,Publishing-Periodicals,202.21397199999996,173.81762029631574,3162,3443.55,2989,454.55,689.5,281.55,862.5,2402.03,30.64,316.38,396.48,161.16397199999997,-71.69,-41.05,0.49060000000000004,142.87,0.24483,0.8476052249637156,0.0148,0.13200040655718662,0.25701686848183664,-0.254709532723604,0.059478857466393004,0.06709490389378982,22.132008119269265,3.666086956521739,1.3163865563710693,7.538841807909604,9.447499841962198,3.009964599449325,1.2443641419965612,0.16564637681159422,0.23374035097897022,0.08176155421004487,0.08904174573055029,0.3264347826086957,11.496366279069768,1.48,24.483,0.584,3162000000,316.38,49.06,-110.74,80.1,142.87,281.55,27.52,2402.03,71.69,Publishing-Periodicals,,-36.72,862.5,454.55,0.8476052249637156
BAD GR Equity     ,Xetra,BALDA AG,Miscellaneous Manufactur,41.09815999999999,30.81137879832423,307.3069,358.2169,329.75690000000003,28.46,160.10999999999999,50.91,137.66,377.68,-23.98,55.16,79.14,37.28815999999999,20.17,-3.8099999999999987,0.324,28.03,0.31235,0.6545718432510886,1.3481,0.07944907121914126,0.1337852301105958,-0.10217720584764707,0.07421626773988561,0.09872950646049564,10.963499821619692,2.232361615574604,0.8136700381275153,4.1667538539297455,5.978188905003627,1.899649467041417,0.8731118936665961,0.20361760860090078,0.23289088751483353,0.14212059788357276,0.1656650078472042,0.36982420456196424,10.944444444444443,134.81,31.235,0.451,307306900,55.16,32.4,,23.98,28.03,50.91,5.04,377.68,-20.17,Miscellaneous Manufactur,,-3.75,137.66,28.46,0.6545718432510886
BAS GR Equity     ,Xetra,BASF AG,Chemicals-Diversified,1753.2708999999998,1261.995837864662,27581.18,31090.18,29004.28,2085.9,16856.3,3509,15433.2,37536.6,-424.39999999999986,5020.9,7379.099999999999,2515.4709,1186.6,762.2,0.499,1883,0.15635,1.354136429608128,0.1152,0.06709192420243305,0.4110993096123208,0.3030048966179653,0.05016437290537769,0.06701381851313118,14.647466808284653,1.7871329341938158,0.7347809870899336,3.9305985824829586,5.776709354896533,1.6413183262767788,0.7726933179883101,0.12200969338827981,0.14923031151557578,0.11286521982182156,0.12722443347238951,0.22736697509265738,14.44863309352518,11.52,15.635,0.933,27581180000,5020.9,49.9,-1933.8,2358.2,1883,3509,347.5,37536.6,-1186.6,Chemicals-Diversified,13.173,-774.1,15433.2,2085.9,1.354136429608128
BSL GR Equity     ,Xetra,BASLER AG,Machinery-General Indust,3.780481,5.096276694521819,50.715,57.845000000000006,54.55500000000001,3.29,18.25,7.13,14.41,52.36,0.45999999999999985,4.91,5.84,4.91,2.58,3.04,0,7.13,0.38192,1.6705370101596517,0.00,0.05687613449736364,0,0.6191446028513238,0.13617265087853322,0.0937738731856379,7.112903225806452,3.519430950728661,0.9685828877005348,9.341609589041097,11.110997963340123,2.685468895078923,1.0419213139801375,0.494795281054823,0.269041095890411,0.12326043737574552,0.1405895691609977,0.494795281054823,6.376623376623376,,38.192,1.151,50715000,4.91,-38.91,-1.39,0.93,7.13,7.13,0.77,52.36,-2.58,Machinery-General Indust,,,14.41,3.29,1.6705370101596517
BAU GR Equity     ,Munich,BAUMATERIALIEN-HANDELGESELLS,Retail-Building Products,2.29032,1.934048,26.1,37.010000000000005,36.45,0.56,19.01,10.91,8.66,50.78,0,3.6,3.6,2.29032,0,0,0.3638,1.934048,0.0191,0.4673439767779391,0.9381999999999999,0.015131045663334234,0.00,0,0,0.045102796376526186,0,3.0138568129330254,0.5139818826309571,10.125,10.125,1.8911599386816558,0.7178022843639228,0.2233311778290993,0.12047974750131508,0.2947851931910294,0.41800766283524904,1.2598152424942264,6.428571428571428,93.82,1.91,0.322,26100000,3.6,36.38,,,,10.91,0.56,50.78,,Retail-Building Products,,,8.66,0.56,0.4673439767779391
BAY GR Equity     ,Xetra,BAYER AG,Chemicals-Diversified,1398.5651,706.2096407457935,18696.75,28418.75,24848.75,3570,18420,9722,12268,23045,-945,1947,4143,1213.5651,760,-185,0.37670000000000003,603,0.19879000000000002,1.5776487663280117,-0.2014,0.125621288761821,0.9270315091210614,-0.1524434082687447,0.026166196571924497,0.05266066825775657,31.006218905472636,1.5240259210955331,0.8113148188327186,5.997767318368332,12.762583461736003,1.2923487949067758,1.0782707745714906,0.04915226605803717,0.06588301302931596,0.3420980866505388,0.519983419578269,0.7924682099771764,2.7617021276595746,-20.14,19.879,1.087,18696750000,1947,37.67,-1251,2196,603,9722,705,23045,-760,Chemicals-Diversified,9.12,-559,12268,3570,1.5776487663280117
BMW GR Equity     ,Xetra,BAYERISCHE MOTOREN WERKE AG,Auto-Cars/Light Trucks,-3697.6276000000003,19.96712499999967,22225.89,52708.89,50478.89,2230,45770,30483,17517,44335,6026,3737,9281,2336.3723999999997,8,6034,0.37479999999999997,2222,0.15035,1.5036284470246737,0.00,0.0423078535708113,0.17641764176417643,2.582636226998744,0.050118416600879664,0.052698148189917665,10.002650765076508,1.2688182908032197,0.5013170181572121,5.4389494666523,13.507864597270538,1.098101875,1.1385787752340137,0.12684820460124452,0.051045934017915656,0.5783274889681798,1.371508632500206,1.7401952389107724,4.712484237074401,,15.035,1.036,22225890000,3737,37.48,-11570,5544,2222,30483,793,44335,-8,Auto-Cars/Light Trucks,4.528,-392,17517,2230,1.5036284470246737
BYW GR Equity     ,Frankfurt,BAYWA AG,Retail-Misc/Diversified,120.21802,59.506700408664074,456.7582,912.1982,891.5782,20.62,989.9899999999999,455.44,555.17,6109.31,1.6300000000000097,46.02,128.07,46.02,-71.18,-69.55,0,21.3,0.3072,0.7721335268505081,0.1052,0.022604736558348833,0.6014084507042253,-1.5112994350282485,0.0034864821068173,0.007532765565996815,21.444046948356807,0.8227357386025902,0.07476428598319614,6.961647536503476,19.373711429813124,0.902621387083049,0.14593762634405522,0.0383666264387485,0.0464853180335155,0.499277459657342,0.9971140091190481,0.82036133076355,2.517505470459519,10.52,30.72,0.532,456758200,46.02,-10.1,-83.68,82.05,21.3,455.44,18.28,6109.31,71.18,Retail-Misc/Diversified,,-12.81,555.17,20.62,0.7721335268505081
BYW6 GR Equity     ,Frankfurt,BAYWA-BAYERISCHE WARENVERMIT,Retail-Misc/Diversified,120.21802,59.506700408664074,456.7582,912.1982,891.5782,20.62,989.9899999999999,455.44,555.17,6109.31,1.6300000000000097,46.02,128.07,46.02,-71.18,-69.55,0,21.3,0.2235,1.1828737300435415,0.1052,0.022604736558348833,0.6014084507042253,-1.5112994350282485,0.0034864821068173,0.007532765565996815,21.444046948356807,0.8227357386025902,0.07476428598319614,6.961647536503476,19.373711429813124,0.902621387083049,0.14593762634405522,0.0383666264387485,0.0464853180335155,0.499277459657342,0.9971140091190481,0.82036133076355,2.517505470459519,10.52,22.35,0.815,456758200,46.02,-10.1,-83.68,82.05,21.3,455.44,18.28,6109.31,71.18,Retail-Misc/Diversified,,-12.81,555.17,20.62,1.1828737300435415
USE GR Equity     ,Xetra,BEATE UHSE AG,Retail-Leisure Products,4.608803999999999,7.161184537767356,387.5811,457.2611,448.2211,9.04,131.69000000000003,69.68,71.05,277.85,-3.7200000000000006,17.38,27.52,10.528804,9.64,5.92,0.3942,10.15,0.34795000000000004,0.4557329462989841,-0.0424,0.019769886395322057,0,0.5622670913049573,0.036530502069461936,0.03789384200107971,38.18533004926108,5.45504714989444,1.394929278387619,16.287103924418606,25.789476409666282,3.249208413273644,1.6131765341011335,0.14285714285714288,0.0799514313919052,0.152385584516155,0.17978172826280747,0.9807178043631247,5.93174061433447,-4.24,34.795,0.314,387581100,17.38,39.42,-6.42,10.14,10.15,69.68,2.93,277.85,-9.64,Retail-Leisure Products,,,71.05,9.04,0.4557329462989841
BC8 GR Equity     ,Xetra,BECHTLE AG,Retail-Office Supplies,22.858972,26.69442228592796,364.64,391.88,332.4,59.48,181.21,27.24,213.45,1088.13,-1.950000000000001,38.51,48.97,26.078972,5.17,3.219999999999999,0.32280000000000003,29.55,0.379,1.2554426705370103,0.268,0.151781157497193,0.2152284263959391,0.12347112455199533,0.027156681646494443,0.02396677970463088,12.339763113367173,1.7083157648161162,0.33510701846286745,6.787829283234633,8.631524279407946,1.6281523951971415,0.30547820572909484,0.13843991567111738,0.14391574416422934,0.06951107481882209,0.07470381746379991,0.12761770906535488,49.37179487179487,26.8,37.9,0.865,364640000,38.51,32.28,-8.51,10.46,29.55,27.24,0.78,1088.13,-5.17,Retail-Office Supplies,,-6.36,213.45,59.48,1.2554426705370103
JFB GR Equity     ,Frankfurt,JOH. FRIEDRICH BEHRENS AG,Mach Tools&Rel Products,1.1405520000000002,-0.13827886710239645,16.912,54.672,53.401999999999994,1.27,53.809999999999995,37.76,17.32,102.55,-0.1200000000000001,4.12,6.93,2.820552,1.8,1.68,0.3154,0.39,0.8770399999999999,0.6763425253991293,-0.2151,0.0232294410301434,3.5897435897435894,0.5956280898207159,0.0038030229156509024,0.0275041638225256,43.36410256410256,0.9764434180138567,0.16491467576791807,7.705916305916305,12.961650485436891,0.9925925925925926,0.5207411019015115,0.022517321016166283,0.05241687418695411,0.6906643254316652,2.2327341532639546,2.18013856812933,2.3542857142857145,-21.51,87.704,0.466,16912000,4.12,31.54,-2.69,2.81,0.39,37.76,1.75,102.55,-1.8,Mach Tools&Rel Products,,-1.4,17.32,1.27,0.6763425253991293
BEI GR Equity     ,Xetra,BEIERSDORF AG,Cosmetics&Toiletries,385.3758,365.95432300163134,7194.6,7399.6,7140.6,259,967,205,1021,4546,-8,491,664,301.3758,-76,-84,0.3862,296,0.14612,0.8272859216255443,0.1373,0.03500189199416184,0.40878378378378377,-0.2787217819081691,0.06511218653761548,0.06629472063352398,24.306081081081082,7.046620959843291,1.5826220853497581,10.753915662650604,14.542973523421589,6.0355628058727575,1.5707435107787067,0.2899118511263467,0.3116605997931748,0.0277042002270393,0.02849359241653462,0.2007835455435847,27.27777777777778,13.73,14.612,0.57,7194600000,491,38.62,-165,173,296,205,18,4546,76,Cosmetics&Toiletries,8.38,-121,1021,259,0.8272859216255443
BDT GR Equity     ,Xetra,BERTRANDT AG,Consulting Services,10.8475,7.0277432972047915,96.66432,132.89432,126.41431999999999,6.48,81.17,36.23,51.42,214.45,-4.26,5,15.52,2.7375,-3.85,-8.11,0.4525,2.27,0.23068000000000002,0.4934687953555879,-0.2059,0.048760548983583354,0.6607929515418502,-2.9625570776255707,0.010585217999533691,0.012765213336442061,42.58340088105727,1.87989731621937,0.4507545814875263,8.145252577319587,25.282863999999996,1.5161930405019963,0.5894815574726043,0.044146246596654996,0.03372551435259332,0.27262263729555936,0.374802202094837,0.704589653831194,2.6881720430107525,-20.59,23.068,0.34,96664320,5,45.25,-6.26,10.52,2.27,36.23,1.86,214.45,3.85,Consulting Services,,-1.5,51.42,6.48,0.4934687953555879
BZL GR Equity     ,Xetra,BERU AG,Auto/Trk Prts&Equip-Orig,17.501637,21.61249038679032,715,742.86,703.09,39.77,269.70000000000005,27.86,281.61,354.46,8.600000000000001,50.01,77.05,33.191637,7.09,15.690000000000001,0.33630000000000004,35.89,0.10439,0.9013062409288825,0.1349,0.05353633255256711,0.30649205906937865,0.47270943581360575,0.1012526096033403,0.09364000733510129,19.92198383950961,2.5389723376300557,2.0171528522259212,9.125113562621674,14.05898820235953,2.4004265356900505,1.983552445974158,0.12744575831824154,0.12306873192436038,0.03750370190883881,0.038965034965034964,0.09893114591101168,39.37795275590551,13.49,10.439,0.621,715000000,50.01,33.63,-35.64,27.04,35.89,27.86,1.27,354.46,-7.09,Auto/Trk Prts&Equip-Orig,4.855,-11,281.61,39.77,0.9013062409288825
BSS GR Equity     ,Xetra,BETA SYSTEMS SOFTWARE AG,Electronic Forms,1.937833,1.3630658767123287,56.43491,83.07491,72.23491,10.84,47.56,26.64,31.76,100.82,-4.18,2.99,9.2,0.6778330000000001,2.92,-1.2599999999999998,0.7733,0.6778330000000001,0.31481000000000003,0.9433962264150945,0.00,0.13048464331769966,0.00,-1.8588649416596708,-0.00019837333862328906,0.0067231997619519954,0,1.7769178211586902,0.5597590755802421,7.851620652173914,24.15883277591973,1.4225155821917808,0.7164740130926404,0.021342348866498745,0.01425216568544996,0.3206744370833504,0.4720482410621369,0.8387909319899244,0.00,,31.481,0.65,56434910,2.99,77.33,-2.03,6.21,-0.02,26.64,,100.82,-2.92,Electronic Forms,,-1.96,31.76,10.84,0.9433962264150945
HUL GR Equity     ,Frankfurt,BHS TABLETOP AG,Housewares,4.633675,5.738003952569169,36.68975,40.949749999999995,35.089749999999995,5.86,24.5,4.26,26.1,89.6,-0.1499999999999999,6.87,9.64,6.543675,2.06,1.9100000000000001,0.0475,7.38,0.41466000000000003,0.5370101596516691,0.0788,0.14310221674124998,0,0.29188491176594195,0.08236607142857143,0.07303208705357143,4.971510840108401,1.40573754789272,0.4094838169642857,3.6400155601659745,5.107678311499272,1.3488059947299076,0.3916266741071428,0.2827586206896551,0.2670887755102041,0.10402993913271755,0.1161087224633583,0.16321839080459769,20.818181818181817,7.88,41.466,0.37,36689750,6.87,4.75,-2.62,2.77,7.38,4.26,0.33,89.6,-2.06,Housewares,,0,26.1,5.86,0.5370101596516691
BIE GR Equity     ,Frankfurt,BIEN-ZENKER AG,Bldg-Mobil Home/Mfd Hous,18.622121999999997,14.278176263654876,19.434,33.084,20.514000000000003,12.57,41.44,13.65,40.36,170.47,1.0999999999999996,4.21,10.32,2.392122,-17.33,-16.229999999999997,0.4318,2.15,0.2525,0.7416545718432511,-0.091,0.37994196590496915,0.5627906976744186,-6.784771010843091,0.01261218982812225,0.014032510119082537,9.03906976744186,0.48151635282457883,0.11400246377661759,1.9877906976744188,4.87268408551069,0.6125532308831698,0.12033788936469762,0.05327056491575818,0.05772495173745174,0.41258614435981134,0.7023772769373263,0.33820614469772053,3.3149606299212597,-9.1,25.25,0.511,19434000,4.21,43.18,-7.21,6.11,2.15,13.65,1.27,170.47,17.33,Bldg-Mobil Home/Mfd Hous,,-1.21,40.36,12.57,0.7416545718432511
BIJ GR Equity     ,Frankfurt,BIJOU BRIGITTE MODI ACCESS,Retail-Jewelry,4.866200999999997,10.627143047061953,1108.89,1111.7800000000002,1080.4900000000002,31.29,43.93,2.89,72.33,223.4,4.880000000000001,41.73,47.33,27.696200999999995,17.95,22.83,0.33630000000000004,32.58,0.48018,0.8505079825834543,0.3768,0.028144057277518928,0.21639042357274402,0.8243007768466153,0.1458370635631155,0.12397583258728735,34.03591160220995,15.330982994608048,4.963697403760072,22.82886118740757,25.892403546609163,14.7803775591598,4.836571172784245,0.4504355039402737,0.6304621215570224,0.0025994351400456923,0.0026062098134170203,0.03995575832987695,245.4705882352941,37.68,48.018,0.586,1108890000,41.73,33.63,-10.48,5.6,32.58,2.89,0.17,223.4,-17.95,Retail-Jewelry,,-7.05,72.33,31.29,0.8505079825834543
GBF GR Equity     ,Xetra,BILFINGER BERGER AG,Building&Construct-Misc,366.99814999999995,291.0323097094748,1368.739,1707.839,977.3389999999999,730.5,718.5999999999999,339.1,1110,5437.9,-9.399999999999991,86.5,171.8,53.89815,-303.7,-313.09999999999997,0.37689999999999996,51.2,0.21874,0.7880986937590713,0.1748,0.42773352757490607,0.931640625,-5.809104765191384,0.009415399326946065,0.009911574320969493,26.73318359375,1.2330981981981983,0.25170359881571935,5.6888183934807905,11.29871676300578,1.1785515147332828,0.17972728442965116,0.04612612612612613,0.07500438352351796,0.19855501601731781,0.24774628325780154,0.30549549549549554,4.178743961352657,17.48,21.874,0.543,1368739000,86.5,37.69,-75.9,85.3,51.2,339.1,20.7,5437.9,303.7,Building&Construct-Misc,5.5,-47.7,1110,730.5,0.7880986937590713
BIB GR Equity     ,Frankfurt,BIOLITEC AG,Medical Laser Systems,-1.258572,-2.0196064400715565,28.54275,28.74275,21.92275,6.82,26.720000000000006,0.2,33.34,24.73,2.37,3.48,4.48,2.161428,1.05,3.42,0.3789,1.38,0.53685,1.0841799709724238,0.00,0.23727722643101304,0,1.5822872656410485,0.055802668823291546,0.08740105135463,20.683152173913047,0.8561112777444511,1.1541750909826123,4.893470982142857,6.2996408045977015,0.8569692903995229,0.8864840274969673,0.04139172165566886,0.08089176646706585,0.0069582764349270685,0.007007033309684596,0.005998800239952009,174,,53.685,0.747,28542750,3.48,37.89,-3.37,1,1.38,0.2,0.02,24.73,-1.05,Medical Laser Systems,,,33.34,6.82,1.0841799709724238
BIO GR Equity     ,Xetra,BIOTEST AG,Medical-Biomedical/Gene,18.345374,4.552559967374782,124,287.7,268.06,19.64,250.09000000000003,163.7,106.03,217.85,5.750000000000002,20.82,33.69,19.585374,-4.51,1.240000000000002,0.0593,5.04,0.36741999999999997,0.7605224963715531,0.00,0.06826555439694126,0.1746031746031746,0.06331255149888901,0.023135184760156073,0.08990302501721369,24.603174603174605,1.1694803357540318,0.569198990130824,7.9566636984268335,12.875120076849184,1.0666221777332887,1.2304796878586184,0.04753371687258323,0.07831330321084409,0.5689954814042405,1.3201612903225806,1.5439026690559274,1.9295644114921224,,36.742,0.524,124000000,20.82,5.93,-18.62,12.87,5.04,163.7,10.79,217.85,4.51,Medical-Biomedical/Gene,,-0.88,106.03,19.64,0.7605224963715531
BSJ GR Equity     ,Xetra,B.I.S. BOERSEN-INFORMATIONS,Multimedia,0.21,0.21,11.26739,11.26739,3.997390000000001,7.27,0.3000000000000007,0,7.57,5.44,-0.09,0.12,0.21,0.12,0,-0.09,0,0.12,0.4396,0.4920174165457185,0.00,0.6452248479905284,0.00,-0.75,0,0.022058823529411763,0,1.4884266842800529,2.0712113970588235,19.035190476190483,33.311583333333346,1.4884266842800529,0.7348143382352943,0.015852047556142668,0.399999999999999,0,0,0,0.00,,43.96,0.339,11267390,0.12,0,,0.09,,0,0,5.44,,Multimedia,,,7.57,7.27,0.4920174165457185
BKQ GR Equity     ,Xetra,BKN INTER0.00TIO0.00L AG,Broadcast Serv/Program,-0.12153600000000031,0.6206103286384974,90.07492,95.10492,92.88492000000001,2.22,19.080000000000002,5.03,16.27,7.31,-3.17,1.28,4.53,1.278464,4.57,1.4000000000000004,0.0012,1.69,0.40924999999999995,1.2278664731494922,0.00,0.023342640948543988,0,1.095064076892271,0.23119015047879618,0.17489247606019154,53.29876923076924,5.536258143822987,12.322150478796171,20.50439735099338,72.56634375,4.465019718309859,12.706555403556774,0.1038721573448064,0.06700545073375262,0.052888956743773086,0.055842403190588454,0.3091579594345421,8,,40.925,0.846,90074920,1.28,0.12,-0.08,3.25,1.69,5.03,0.16,7.31,-4.57,Broadcast Serv/Program,,,16.27,2.22,1.2278664731494922
BSY GR Equity     ,Xetra,BOEWE SYSTEC AG,Machinery-Print Trade,36.871415999999996,21.417407840440166,296.34,492.33,470.11,22.22,268.58000000000004,195.99,94.81,346.4,-9.5,28.56,43.93,21.451416,-5.92,-15.42,0.2489,16.39,0.29618,0.9100145137880987,0.0834,0.04513232994129954,0.44722391702257475,-0.7188336658055581,0.047315242494226334,0.061926720554272514,18.080536912751676,3.125619660373378,0.8554849884526559,10.70134304575461,16.46043417366947,1.693019257221458,1.3571304849884527,0.17287205990929227,0.07986974458261968,0.39808664919870823,0.6613686981170278,2.0671870055901276,1.6839622641509433,8.34,29.618,0.627,296340000,28.56,24.89,-5.87,15.37,16.39,195.99,16.96,346.4,5.92,Machinery-Print Trade,,-7.33,94.81,22.22,0.9100145137880987
BGS GR Equity     ,Dusseldorf,BOCHUM GELSENKIRCH STRASSEN,Transport-Services,1.55,-0.6799999999999999,105,125.3,96.3,29,34.459999999999994,20.3,43.16,132.34,0,1.55,1.55,1.55,0,0,0,-0.6799999999999999,0.30563,0.5732946298984035,0.00,0.23144453312051078,0.00,0,0,0.011712256309505818,0,2.432808155699722,0.7934109112891038,62.12903225806451,62.12903225806451,1.9744721084147496,0.7276711500680066,-0.015755329008341055,0.04497968659315149,0.16201117318435754,0.19333333333333333,0.4703429101019463,0.695067264573991,,30.563,0.395,105000000,1.55,,,,,20.3,2.23,132.34,,Transport-Services,,,43.16,29,0.5732946298984035
BVB GR Equity     ,Frankfurt,BORUSSIA DORTMUND GMBH & CO,Professio0.00l Sports,-37.879999999999995,-56.42806646316081,72.2475,135.7775,63.8275,71.95,72.18999999999998,63.53,80.61,98.07,-20.04,-66.69,-37.95,-66.69,-8.77,-28.81,0,-72.53999999999999,0.71986,0.08563134978229318,0.00,0.5299110677395003,0.00,0.00,-0.690629142449271,-0.6800244723156929,0,0.8962597692593971,0.7366931783420007,0,0,0.941983488275288,0.6508361374528399,-0.899888351321176,-0.923812162349356,0.46789784758152125,0.8793383854112599,0.7881156184096266,0.00,,71.986,0.059,72247500,-66.69,-0.06,-8.7,28.74,-67.73,63.53,5.85,98.07,8.77,Professio0.00l Sports,,,80.61,71.95,0.08563134978229318
BBA GR Equity     ,Frankfurt,BRAU UND BRUNNEN,Brewery,18.652672000000006,9.238307873090484,406.5356,493.38559999999995,483.40559999999994,9.98,126.17999999999999,86.85,49.31,586.34,-7.900000000000006,14.24,92.44,13.852672,3.1,-4.800000000000006,0.027200000000000002,7.5,0.06856,0.28301886792452835,0.00,0.02022758669892271,0,-0.34650354819633394,0.012791213289217859,0.023625664290343486,54.204746666666665,8.244485905495843,0.6933444759013541,5.229398528775421,33.94702247191011,3.623572267920094,0.8244458846403109,0.15209896572703305,0.10978500554763038,0.17602864777569513,0.21363442709568362,1.7613060231190425,1.7218863361547765,,6.856,0.195,406535600,14.24,2.72,-70.3,78.2,7.5,86.85,8.27,586.34,-3.1,Brewery,,0,49.31,9.98,0.28301886792452835
BLH GR Equity     ,Berlin,BREMER LAGERHAUS-GESELL AG,Whsing&Harbor Trans Serv,55.968727,28.19812906495481,174.032,384.952,370.082,14.87,340.29999999999995,210.92,144.25,565.81,-35.11,25.07,60.18,23.718727,2.86,-32.25,0.053899999999999997,15.1,0.74946,0.6734397677793905,0.2025,0.03862819260583138,0.05099337748344371,-1.359685112948937,0.0266874038988353,0.04191995015994769,11.525298013245035,1.2064610051993068,0.3075802831339143,6.149584579594549,14.76194654966095,1.0838528028831265,0.654074689383362,0.1046793760831889,0.06969946223920072,0.5479124670088737,1.2119610186632341,1.4621837088388214,1.8849624060150376,20.25,74.946,0.464,174032000,25.07,5.39,,35.11,15.1,210.92,13.3,565.81,-2.86,Whsing&Harbor Trans Serv,,-0.77,144.25,14.87,0.6734397677793905
BRS GR Equity     ,Berlin,BREMER STRASSENBAHN AG,Transport-Services,-11.819999999999999,-5.461888544891639,24,137.82,133.66,4.16,131.5,113.82,21.84,145.92,9.879999999999999,3.41,14.39,3.41,5.35,15.229999999999999,0,-3.01,0.25782,0.6386066763425254,0.00,0.030184298360179947,0.00,4.4662756598240465,0,0.023368969298245616,0,1.098901098901099,0.16447368421052633,9.288394718554551,39.19648093841642,1.015922158337019,0.9159813596491229,-0.1378205128205128,0.02593155893536122,0.825859817152808,4.7425,5.211538461538462,0.5311526479750779,,25.782,0.44,24000000,3.41,,-20.86,10.98,0,113.82,6.42,145.92,-5.35,Transport-Services,,,21.84,4.16,0.6386066763425254
MSC GR Equity     ,Frankfurt,BROADNET MEDIASCAPE COMM AG,Internet Connectiv Svcs,-23.58,-23.659999999999997,41.0332,41.0332,21.1432,19.89,27.22,0,47.11,28.03,-8.260000000000002,-14.28,-1.549999999999999,-14.28,17.56,9.299999999999997,0,-14.36,0.46806,1.7256894049346883,0.00,0.48472943860093776,0.00,0.00,-0.5365679628968961,-0.5094541562611488,0,0.8710082784971344,1.4639029611130931,0,0,0.8710082784971344,0.7543061006064931,-0.3048185098705158,-0.5246142542248347,0,0,0,0.00,,46.806,1.189,41033200,-14.28,-0.43,-4.47,12.73,-15.04,0,0.08,28.03,-17.56,Internet Connectiv Svcs,,,47.11,19.89,1.7256894049346883
BUE GR Equity     ,Frankfurt,BUCH.DE INTERNETSTORES AG,E-Commerce/Products,4.145669000000001,11.96,31.97098,31.97098,24.82098,7.15,10.659999999999998,0,17.81,38.8,-0.66,0.51,1.42,0.495669,-2.99,-3.6500000000000004,0.0281,8.31,0.4567,1.3381712626995648,0.00,0.22364031380958607,0,-7.363785106593312,0.21417525773195878,0.012774974226804126,3.847290012033694,1.7951139809096015,0.8239943298969074,17.47956338028169,48.668588235294116,1.7951139809096015,0.6397159793814433,0.4665918023582258,0.04649803001876174,0,0,0,0.00,,45.67,0.922,31970980,0.51,2.81,-0.25,0.91,8.31,0,0,38.8,2.99,E-Commerce/Products,,,17.81,7.15,1.3381712626995648
BEP GR Equity     ,Frankfurt,C. BECHSTEIN PIANOFORTEFABR.,Miscellaneous Manufactur,1.71,1.343325183374083,14.23758,23.48758,22.97758,0.51,19.939999999999998,9.25,11.2,23.52,3.16,1.85,3.1100000000000003,1.85,-3.02,0.14000000000000012,0,1.42,0.24634,0.4687953555878085,0.055099999999999996,0.021713603530035874,0.3591549295774648,0.07567567567567574,0.06037414965986394,0.07865646258503402,10.026464788732394,1.2712125,0.6053392857142857,7.388289389067523,12.420313513513513,1.1485369193154036,0.9769379251700681,0.12678571428571428,0.09277833500501506,0.3938251620643761,0.6496890623266033,0.8258928571428572,2.6428571428571432,5.51,24.634,0.323,14237580,1.85,0,-4.42,1.26,1.42,9.25,0.7,23.52,3.02,Miscellaneous Manufactur,,-0.51,11.2,0.51,0.4687953555878085
NHT GR Equity     ,Frankfurt,CAMERA WORK,Auction House/Art Dealer,-2.83,-1.7051723585056922,97.335,98.99499999999999,98.98499999999999,0.01,62.36,1.66,60.71,0.01,1.9,-0.77,-0.73,-0.77,0.16,2.06,0,0.3,1.26121,0.42670537010159654,0.00,0.0001010152027880196,0,0.00,1,-1,200,1.6032778784384778,20,0,0,1.587221420554754,20,0.004941525284137703,-0.012347658755612572,0.016768523662811254,0.017054502491395694,0.027343106572228625,0.00,,126.121,0.294,97335000,-0.77,0,-1.94,0.04,0.3,1.66,0.04,0.01,-0.16,Auction House/Art Dealer,,,60.71,0.01,0.42670537010159654
COK GR Equity     ,Xetra,CANCOM IT SYSTEME AG,Computer Services,0.17999999999999972,-1.6256536502546688,26.83408,40.63408,33.94408,6.69,28.650000000000002,13.8,21.54,206.9,-0.9899999999999998,-1.96,0.1499999999999999,-1.96,-1.15,-2.1399999999999997,0,-2.9299999999999997,0.5493,1.146589259796807,0.00,0.16464012474258063,0.00,0.00,-0.10686321894635088,-0.009473175447075882,0,1.245779015784587,0.12969589173513774,200,0,1.1498041878890775,0.1640603189946834,-0.13602599814298977,-0.06841186736474694,0.3396164008142919,0.5142714041249039,0.6406685236768803,0.00,,54.93,0.79,26834080,-1.96,-1.83,-1.12,2.11,-22.11,13.8,0.97,206.9,1.15,Computer Services,,,21.54,6.69,1.146589259796807
AFX GR Equity     ,Xetra,CARL ZEISS MEDITEC AG,Medical Laser Systems,12.62777,10.20634703196347,431.9328,460.20279999999997,410.45279999999997,49.75,110.12,28.27,131.6,234.88,-2.58,25.53,30.94,15.54777,5.5,2.92,0.391,12.61,0.30555,0.8055152394775038,-0.1461,0.10810451392299222,0,0.18780828376030775,0.053686989100817435,0.06619452486376022,34.25319587628866,3.282164133738602,1.838950953678474,13.266089204912733,16.077273795534662,2.8786063676737346,1.7474999999999998,0.09582066869300912,0.14118933890301488,0.06142943936890432,0.06544999592529209,0.2148176291793313,0.00,-14.61,30.555,0.555,431932800,25.53,39.1,-2.83,5.41,12.61,28.27,,234.88,-5.5,Medical Laser Systems,28.44,,131.6,49.75,0.8055152394775038
CCR GR Equity     ,Frankfurt,CCR LOGISTICS SYSTEMS AG,Non-hazardous Waste Disp,0.48,0.42284722222222226,38.92224,39.18224,36.98224,2.2,3.5599999999999996,0.26,5.5,23.63,-0.55,0.1,0.83,0.1,0.17,-0.38,0,0.06,0.84997,1.4252539912917273,0.00,0.056147887410214425,0,-3.8,0.0025391451544646637,0.004231908590774439,200,7.07677090909091,1.6471536182818454,44.5569156626506,200,6.802472222222223,1.565054591620821,0.010909090909090908,0.028089887640449444,0.00663565942120716,0.006679985530123652,0.04727272727272727,1.25,,84.997,0.982,38922240,0.1,0,-0.18,0.73,0.06,0.26,0.08,23.63,-0.17,Non-hazardous Waste Disp,,,5.5,2.2,1.4252539912917273
OGG GR Equity     ,Xetra,CDV SOFTWARE ENTERTAINMENT,Entertainment Software,3.12,3.1049860000000002,14.7582,14.7582,13.4582,1.3,1.34,0,2.64,16.88,-3.47,-2.75,0.8500000000000001,-2.74505,-2.4,-5.87,0.0018,-2.765014,0.53336,1.0319303338171264,0.00,0.0880866230299088,0.00,0.00,-0.6498815165876778,-0.16262144549763033,0,5.590227272727272,0.8743009478672986,15.833176470588233,0,5.590227272727272,0.7972867298578199,-1,-1,0,0,0,0.00,,53.336,0.711,14758200,-2.75,0.18,-0.13,3.6,-10.97,0,0.02,16.88,2.4,Entertainment Software,,,2.64,1.3,1.0319303338171264
CEA GR Equity     ,Xetra,CEAG AG,Batteries/Battery Sys,14.836016,8.506453095431198,45.43,62.61,56.81,5.8,31.189999999999994,17.18,19.81,167.43,1.4399999999999995,4.24,9.72,4.106016,-12.17,-10.73,0.0316,2.76,0.39853,1.4136429608127723,0.00,0.09263695895224405,0,-2.613238720940201,0.01648450098548647,0.02452377710087798,16.460144927536234,2.2932862190812724,0.27133727527922114,5.844650205761317,13.398584905660377,1.6926196269261964,0.3393059786179299,0.1393235739525492,0.13164527092016676,0.2743970611723367,0.37816420867268324,0.8672387682988391,3.1641791044776117,,39.853,0.974,45430000,4.24,3.16,-6.92,5.48,2.76,17.18,1.34,167.43,12.17,Batteries/Battery Sys,,0,19.81,5.8,1.4136429608127723
CZZ GR Equity     ,Xetra,CELANESE AG,Chemicals-Diversified,23.143200000000007,90.87460815047022,2613.501,3117.501,3000.501,117,2435,504,2048,4075,-75,104,364,73.14320000000001,125,50,0.2967,131,0.13541,1.1161103047895502,0.00,0.037530060134704044,0.16793893129770993,0.6835905456693171,0.03214723926380368,0.017949251533742334,19.9503893129771,1.27612353515625,0.6413499386503068,8.243134615384616,28.850971153846157,1.2215913009404389,0.7363192638036811,0.06396484375,0.03003827515400411,0.16166795134949435,0.19284477029088565,0.24609375,2.4186046511627906,,13.541,0.769,2613501000,104,29.67,-185,260,131,504,43,4075,-125,Chemicals-Diversified,,-22,2048,117,1.1161103047895502
CLS GR Equity     ,Xetra,CELESIO AG,Medical-Whsle Drug Dist,359.2952200000001,315.5617306145346,5577.579,7410.478999999999,7395.258999999999,15.22,3763.9,1832.9,1946.22,19152.63,35.11,582.2,675.4300000000001,398.8652200000001,4.46,39.57,0.31489999999999996,335.94,0.23097,0.8374455732946299,0.1008,0.002053848340977689,0.23033875096743464,0.09920644372051289,0.0175401498384295,0.020825610895213873,16.60290230398285,2.865852267472331,0.29121739416466563,10.948964363442546,12.702265544486428,1.96090068587396,0.3861223758825811,0.17261152387705397,0.10597125853503017,0.24733893719960615,0.32861928087437225,0.9417743112289464,5.081165997556293,10.08,23.097,0.577,5577579000,582.2,31.49,-128.34,93.23,335.94,1832.9,114.58,19152.63,-4.46,Medical-Whsle Drug Dist,13.667,-77.38,1946.22,15.22,0.8374455732946299
CSH GR Equity     ,Xetra,CENIT AG,Computer Software,1.4508510000000001,1.8322608695652178,72.5903,74.7703,63.0703,11.7,4.400000000000002,2.18,13.92,74.91,0.029999999999999916,7.51,8.19,3.830851,2.35,2.38,0.4899,3.89,0.35325,0.8548621190130624,0.00,0.15647924376390088,0,0.6212718792769544,0.05192898144439995,0.05113938059004138,18.660745501285348,5.214820402298851,0.9690335068749166,7.700891330891332,8.398175765645806,4.64411801242236,0.841947670537979,0.27945402298850575,0.8706479545454541,0.02915596165857299,0.030031560690615692,0.15660919540229887,107.28571428571428,,35.325,0.589,72590300,7.51,48.99,-0.71,0.68,3.89,2.18,0.07,74.91,-2.35,Computer Software,,,13.92,11.7,0.8548621190130624
CEV GR Equity     ,Xetra,CENTROTEC SUSTAI0.00BLE AG,Chemicals-Plastics,13.95014,8.706182625979189,176.7684,228.4984,223.6184,4.88,80.65,51.73,33.8,134.8,-6.13,13.22,19.35,7.76014,-0.06,-6.1899999999999995,0.413,6.26,0.40982999999999997,1.397677793904209,0.00,0.02135682350510988,0,-0.797666021489303,0.04643916913946587,0.05756780415430266,28.237763578274762,5.229834319526628,1.3113382789317507,11.55650645994832,16.915158850226927,2.671558517479247,1.6588902077151335,0.185207100591716,0.09621996280223186,0.22639108195068322,0.2926428026728759,1.530473372781065,5.0458015267175576,,40.983,0.963,176768400,13.22,41.3,,6.13,6.26,51.73,2.62,134.8,0.06,Chemicals-Plastics,10,0,33.8,4.88,1.397677793904209
CEK GR Equity     ,Frankfurt,CEOTRONICS AG,Telecommunication Equip,-0.003347999999999962,0.023119730185497456,16.56599,18.36599,17.99599,0.37,11.490000000000002,1.8,10.06,13.57,-0.10999999999999999,0.79,1.24,0.34665200000000007,0.46,0.35000000000000003,0.5611999999999999,0.32,0.86237,0.8272859216255443,0.00,0.02014593278118958,0,1.0096581009196541,0.023581429624170966,0.02554546794399411,51.76871875,1.6467186878727633,1.2207803979366247,14.512895161290322,22.779734177215186,1.5485657672849915,1.3261599115696387,0.03180914512922465,0.030169886858137512,0.0980072405571385,0.10865634954506191,0.17892644135188868,0.00,,86.237,0.57,16565990,0.79,56.12,-0.34,0.45,0.32,1.8,,13.57,-0.46,Telecommunication Equip,,,10.06,0.37,0.8272859216255443
CWC GR Equity     ,Xetra,CEWE COLOR HOLDING AG,Film Processing,-11.189724000000004,-11.76565195202858,167.4006,189.9406,178.57059999999998,11.37,106.19999999999999,22.54,95.03,428.5,1.3500000000000014,18.37,55.599999999999994,6.150276,15.99,17.340000000000003,0.6652,2.25,0.34905,0.6850507982583455,-0.3682,0.05986081964572082,2.413333333333333,2.819385666594475,0.005250875145857643,0.01435303617269545,74.40026666666667,1.761555298326844,0.39066651108518086,3.211701438848921,9.720772999455633,1.6155532874032492,0.4167341890315052,0.023676733663053773,0.05791220338983051,0.11866867852370688,0.13464706817060393,0.23718825634010313,7.783898305084747,-36.82,34.905,0.472,167400600,18.37,66.52,-38.58,37.23,2.25,22.54,2.36,428.5,-15.99,Film Processing,,-5.43,95.03,11.37,0.6850507982583455
MXC GR Equity     ,Frankfurt,CINEMAXX AG,Theaters,-16.85,0.00,20.1264,46.9664,39.1464,7.82,-4.969999999999999,26.84,-23.99,162.99,-5.6,-17.59,-10.92,-17.59,4.86,-0.7399999999999993,0,-22.17,0.8895099999999999,0.49492017416545725,0.00,0.16650200994753697,0.00,0.00,-0.09902448002944966,-0.10792073133321062,0,0,0.1234824222344929,0,0,0,0.24017669795692986,0.00,0.00,0.5714723717380936,1.3335718260593052,0.00,0.00,,88.951,0.341,20126400,-17.59,-3.54,-1.07,6.67,-16.14,26.84,4.58,162.99,-4.86,Theaters,,,-23.99,7.82,0.49492017416545725
CIW GR Equity     ,Frankfurt,CINEMEDIA FILM AG,Film Processing,9.64,0.00,16.8216,37.071600000000004,36.0816,0.99,12.299999999999999,20.25,-6.96,58.92,-9.57,-11.82,-0.16999999999999993,-11.82,-11.89,-21.46,0,-14.26,0.6119100000000001,2.1741654571843254,0.00,0.026705078820444757,0.00,0.00,-0.3333333333333333,-0.20061099796334012,0,0,0.2854989816700611,0,0,0,0.6123828920570265,0.00,-0.9609756097560976,0.5462402486000064,1.2038093879298046,0.00,0.00,,61.191,1.498,16821600,-11.82,-10.09,-2.08,11.65,-19.64,20.25,2.44,58.92,11.89,Film Processing,,,-6.96,0.99,2.1741654571843254
CLG GR Equity     ,Dusseldorf,CLOPPENBURG AUTOMOBIL AG,Retail-Automobile,-8.966448,-3.6263288672350797,13.959,78.239,75.099,3.14,78.96,64.28,17.82,193.52,7.34,3.38,6.52,3.38,7.34,14.68,0,-0.43999999999999995,0.55946,0.8708272859216256,0.00,0.0401334372883089,0.00,4.34319526627219,-0.005012401818933443,0.017465894997933027,0,0.7833333333333333,0.07213207937164116,11.518251533742333,22.21863905325444,0.9529719853836786,0.38806841670111614,-0.024691358024691353,0.042806484295846,0.8215851429593937,4.604914392148435,3.6071829405162736,0.8848167539267016,,55.946,0.6,13959000,3.38,-69.04,-10.48,3.14,-0.97,64.28,3.82,193.52,-7.34,Retail-Automobile,,0,17.82,3.14,0.8708272859216256
DET GR Equity     ,Frankfurt,CNV VERMOEGENSVERWALTUNGS AG,Publishing-Periodicals,-3.8199999999999994,-3.7970299999999995,46.73656,46.73656,38.37656,8.36,9.86,0,18.22,31.12,0.26,-7.84,-7.33,-7.807072,-4.28,-4.0200000000000005,0.0042,-7.81703,0.5101100000000001,0.32220609579100146,0.00,0.17887495356953956,0.00,0.00,-0.47397172236503854,-0.25086992287917736,0,2.565124039517014,1.5018174807197942,0,0,2.565124039517014,1.2331799485861181,-0.42903567508232715,-0.7917922920892495,0,0,0,0.00,,51.011,0.222,46736560,-7.84,0.42,-0.77,0.51,-14.75,0,0.01,31.12,4.28,Publishing-Periodicals,,,18.22,8.36,0.32220609579100146
COM GR Equity     ,Xetra,COMDIRECT BANK AG,Internet Brokers,453.62974099999997,453.63,813.5413,813.5413,810.0113,3.53,597,0,600.53,198.67,-7.26,51.09,59.760000000000005,33.969741000000006,-412.4,-419.65999999999997,0.33509999999999995,33.97,0.27789,1.9143686502177069,0.00,0.004339054452429152,0.6617603768030615,-12.353935815995769,0.17098706397543667,0.17098576030603518,23.9488166028849,1.3547055101327161,4.09493783661348,13.55440595716198,15.854595811313368,1.3547055101327161,4.077169678361102,0.05656669941551629,0.056900738693467345,0,0,0,0.00,,27.789,1.319,813541300,51.09,33.51,-1.41,8.67,33.97,0,,198.67,412.4,Internet Brokers,,-22.48,600.53,3.53,1.9143686502177069
COP GR Equity     ,Stuttgart,COMPUGROUP HOLDING AG,Data Processing/Mgmt,15.810512000000001,4.51074297188755,153.235,210.985,210.19500000000002,0.79,73.91,57.75,16.95,68.81,-8.88,7.84,17.64,1.6605120000000007,-5.27,-14.15,0.7881999999999999,1.3,0.21718,0.23512336719883892,0.1215,0.0037443420148351777,0,-8.521468077315909,0.018892602819357653,0.024131841302136327,117.87307692307692,9.040412979351034,2.2269292254032846,11.915816326530614,26.81058673469388,2.824431057563588,3.05471588431914,0.07669616519174041,0.02246667568664593,0.273716140957888,0.37687212451463437,3.4070796460176993,4.126315789473685,12.15,21.718,0.162,153235000,7.84,78.82,-0.92,9.8,1.3,57.75,1.9,68.81,5.27,Data Processing/Mgmt,,,16.95,0.79,0.23512336719883892
CMD GR Equity     ,Xetra,COMPUTEC MEDIA AG,Publishing-Periodicals,-1.8,7.8715789473684215,36.76048,48.53048,40.92048,7.61,12.719999999999999,11.77,8.56,32.73,-0.35999999999999993,-2.92,-2.2199999999999998,0,-0.76,-1.1199999999999999,1,7.4,0.36192,0.6981132075471699,0.00,0.15680866952068062,0,0.00,0.22609227008860375,0,4.967632432432432,4.294448598130841,1.1231432936144212,0,0,2.3871362518445647,1.2502438130155822,0.8644859813084113,0,0.24252799477771497,0.3201808028622042,1.3749999999999998,0.00,,36.192,0.481,36760480,-2.92,291.58,-0.34,0.7,7.4,11.77,0.66,32.73,0.76,Publishing-Periodicals,,,8.56,7.61,0.6981132075471699
CPX GR Equity     ,Xetra,COMPUTERLINKS AG,Computer Services,4.707454,5.359999999999999,87.50358,87.50358,71.38358,16.12,13.93,0,30.05,210.8,-0.72,8.46,9.99,5.117454,1.13,0.4099999999999999,0.3951,5.77,0.29846,1.6647314949201744,0.5063,0.18422103415654537,0,0.08011796490989463,0.027371916508538895,0.02427634724857685,15.165265164644715,2.911932778702163,0.4151023719165085,7.145503503503503,8.437775413711583,2.911932778702163,0.3386317836812144,0.1920133111480865,0.3673692749461594,0,0,0,141.00000000000003,50.63,29.846,1.147,87503580,8.46,39.51,-0.81,1.53,5.77,0,0.06,210.8,-1.13,Computer Services,,,30.05,16.12,1.6647314949201744
CTB GR Equity     ,Xetra,COMTRADE AG,Computer Services,5.51,-3.292768532526475,15.95434,36.59434,36.334340000000005,0.26,26.18,20.64,5.8,17.59,-4.38,-1.68,2.7,-1.68,-2.81,-7.1899999999999995,0,-4.87,0.41023000000000004,0.5776487663280117,0.00,0.007104923876205992,0.00,0.00,-0.2592382035247299,-0.09550881182490051,0,2.750748275862069,0.9070119386014781,13.457162962962963,0,1.3840521936459909,2.0656247868106883,-0.8396551724137932,-0.0641711229946524,0.5640216492495834,1.2936918731830962,3.5586206896551724,0.00,,41.023,0.398,15954340,-1.68,0,,4.38,-4.56,20.64,3.19,17.59,2.81,Computer Services,,,5.8,0.26,0.5776487663280117
CGY GR Equity     ,Frankfurt,CONERGY AG,Power Conv/Supply Equip,8.065487999999998,8.116476426799007,728.9,729.15,710.15,19,1.1499999999999986,0.25,19.9,284.83,1.3900000000000001,18.72,20.66,11.005488,1.55,2.9400000000000004,0.4121,11.02,0.00,0.00,0.00,0.026057738462593433,0,0.2671394489730942,0.0386897447600323,0.038638795070743956,66.14337568058076,20,2.5590703226485974,34.3731848983543,37.93536324786325,20,2.493241582698452,0.5537688442211055,1,0.0003428649797709662,0.00034298257648511456,0.01256281407035176,58.49999999999999,,,,728900000,18.72,41.21,-3.33,1.94,11.02,0.25,0.32,284.83,-1.55,Power Conv/Supply Equip,,,19.9,19,0.00
CFA GR Equity     ,Xetra,CONSTANTIN FILM AG,Broadcast Serv/Program,78.67,29.10571785111805,110.2269,202.9669,131.51690000000002,71.45,85.52,92.74,64.23,246.9,-63.17,-12.02,51.730000000000004,-7.802182,-27.52,-90.69,0.35090000000000005,-8.003403,0.28442,0.3062409288824383,0.00,0.3520278429635571,0.00,0.00,-0.04013770757391656,-0.03160057513163224,0,1.7161279775805698,0.4464434993924666,2.542371931181133,0,1.2930298783206984,0.5326727420008102,-0.12460537132181224,-0.09123224976613659,0.45692179365206836,0.8413554223152424,1.4438735793243032,0.00,,28.442,0.211,110226900,-12.02,35.09,-0.58,63.75,-9.91,92.74,0.31,246.9,27.52,Broadcast Serv/Program,,,64.23,71.45,0.3062409288824383
DCG GR Equity     ,Frankfurt,CONTIGAS DT ENERGIE AG,Electric-Integrated,-3.05,-3.8192019999999998,3952.377,3952.427,3952.337,0.09,2650.81,0.05,2650.85,0,0,-3.05,-3.05,-2.99449,0,0,0.0182,-3.8192019999999998,0.33252000000000004,0.5471698113207548,1.1517,2.2770819043590176e-05,0.00,0.00,0.00,0.00,0,1.490984778467284,0,0,0,1.4909755177486892,0,-0.0014407461757549465,-0.001129650936883443,1.2650455024216766e-05,1.2650615060253616e-05,1.8861874493087124e-05,0.00,115.17,33.252,0.377,3952377000,-3.05,1.82,,,,0.05,0.84,0,,Electric-Integrated,,,2650.85,0.09,0.5471698113207548
CON GR Equity     ,Xetra,CONTINENTAL AG,Rubber-Tires,660.63277,549.8174482006542,8137.927,9972.327,8832.927,1139.4,3537.3000000000006,1834.4,2842.3,12597.4,105,1232.9,1830.9,864.63277,99,204,0.2987,673.8,0.25976,1.3251088534107403,0.2036,0.11425618113004118,0.10448204214900565,0.23593831633284035,0.053487227523139697,0.06863581135789926,12.077659542891066,2.8631485064912217,0.6460005239176337,4.824363427822382,7.1643499067239835,2.1323426775290266,0.7011706383856986,0.23706153467262425,0.24443297712944898,0.183949042184437,0.22541367107372678,0.6453928156774443,10.122331691297209,20.36,25.976,0.913,8137927000,1232.9,29.87,-703,598,673.8,1834.4,121.8,12597.4,-99,Rubber-Tires,6.114,-70.4,2842.3,1139.4,1.3251088534107403
COC GR Equity     ,Frankfurt,COR AG INSURANCE TECHNOLOGIE,Data Processing/Mgmt,-0.08999999999999986,-0.19838523149394227,16.87676,17.69676,16.19676,1.5,13.36,0.82,14.04,18.35,-3.69,-8.6,-4.709999999999999,-8.134739999999999,-4.82,-8.51,0.0541,-8.238788999999999,0.78891,0.8708272859216256,0.00,0.08476127833569534,0.00,0.00,-0.4479564032697548,-0.4433100817438691,0,1.2020484330484331,0.9197144414168937,0,0,1.190899057873486,0.8826572207084469,-0.5868083333333333,-0.6088877245508981,0.04633616549018012,0.04858752509367911,0.0584045584045584,0.00,,78.891,0.6,16876760,-8.6,5.41,-0.2,3.89,-8.22,0.82,0.11,18.35,4.82,Data Processing/Mgmt,,,14.04,1.5,0.8708272859216256
EVD GR Equity     ,Xetra,CTS EVENTIM,Leisure&Rec Products,-8.262666999999997,-10.22801936619718,310.32,316.37,249.77,66.6,-9.799999999999997,6.05,50.75,224.38,-3.5600000000000005,15.37,20.27,8.467333,20.29,16.729999999999997,0.44909999999999994,4.72,0.50188,0.6342525399129173,0.00,0.21051300692227454,0,1.975828752689896,0.02103574293609056,0.03773657634370265,65.74576271186442,6.114679802955665,1.3830109635439878,12.322150962012827,16.250487963565387,5.569894366197183,1.1131562527854533,0.09300492610837438,0.00,0.01912317855675317,0.019496004124774428,0.11921182266009851,22.940298507462686,,50.188,0.437,310320000,15.37,44.91,-1.34,4.9,4.72,6.05,0.67,224.38,-20.29,Leisure&Rec Products,27.17,,50.75,66.6,0.6342525399129173
BHS GR Equity     ,Xetra,CURANUM AG,Phys Therapy/Rehab Cntrs,1.2436050000000005,2.1765498426023084,120.582,144.942,144.52200000000002,0.42,47.23,24.36,23.29,189.5,0.5299999999999998,6.83,9.57,4.053605,2.28,2.8099999999999996,0.4065,3.55,0.67529,0.4586357039187228,0.1266,0.002897710808461315,1.5070422535211268,0.6932101179073934,0.018733509234828496,0.021391055408970978,33.966760563380284,5.1774151996565045,0.6363166226912929,15.101567398119125,21.159882869692535,3.0418048268625397,0.7626490765171505,0.15242593387720052,0.08582691086174042,0.1680672268907563,0.20202020202020202,1.0459424645770716,2.52029520295203,12.66,67.529,0.316,120582000,6.83,40.65,-3.27,2.74,3.55,24.36,2.71,189.5,-2.28,Phys Therapy/Rehab Cntrs,,-5.35,23.29,0.42,0.4586357039187228
CEU GR Equity     ,Frankfurt,CURTIS 1000 EUROPE AG,Paper&Related Products,39.49816,32.367576298411564,13.59,33.370000000000005,22.690000000000005,10.68,45.35,19.78,36.25,84.34,-11.74,25.4,39.21,24.64816,-3.11,-14.85,0.0296,22.76,0.53103,0.00,0.4292,0.3200479472580161,0,-0.602479049146062,0.2698600901114536,0.2922475693621058,0.5971001757469244,0.37489655172413794,0.1611335072326298,0.5786789084417242,0.8933070866141735,0.5955737997501339,0.26903011619634815,0.6278620689655173,0.543509592061742,0.5927479772250523,1.4554819720382635,0.5456551724137931,17.762237762237763,42.92,53.103,-0.085,13590000,25.4,2.96,-2.07,13.81,22.76,19.78,1.43,84.34,3.11,Paper&Related Products,,,36.25,10.68,-0.12336719883889698
CQJ GR Equity     ,Frankfurt,CYBIO AG,Medical Instruments,-4,-4.140000000000001,10.96,10.96,9.3,1.66,7.6,0,9.26,12.1,-2.77,-8.65,-5.65,-8.65,-1.88,-4.65,0,-8.790000000000001,0.28872,0.8229317851959361,0.00,0.15145985401459852,0.00,0.00,-0.7132231404958679,-0.7148760330578513,0,1.183585313174946,0.9057851239669422,0,0,1.183585313174946,0.7685950413223142,-0.9492440604751621,-1,0,0,0,0.00,,28.872,0.567,10960000,-8.65,-3.83,-0.23,3,-8.63,0,0.14,12.1,1.88,Medical Instruments,,,9.26,1.66,0.8229317851959361
YOS GR Equity     ,Frankfurt,CYCOS AG,Communications Software,-8.183628,-7.730000000000001,45.18992,45.18992,44.93992,0.25,37.93,0,38.18,16.35,0.2300000000000001,0.97,1.85,0.686372,8.64,8.870000000000001,0.2924,1.14,0.15803,0.486211901306241,0.00,0.005532207182486714,0,12.92302133536916,0.06972477064220182,0.041979938837920484,39.64028070175439,1.183601885804086,2.763909480122324,24.29184864864865,46.32981443298969,1.183601885804086,2.7486189602446482,0.029858564693556834,0.018095755338781966,0,0,0,0.00,,15.803,0.335,45189920,0.97,29.24,-1.11,0.88,1.14,0,,16.35,-8.64,Communications Software,,,38.18,0.25,0.486211901306241
LOI GR Equity     ,Xetra,D. LOGISTICS AG,Transport-Services,9.800000000000004,-17.681231343283578,59.63172,155.58172000000002,139.51172000000003,16.07,134.01000000000002,95.95,54.13,312.5,-26.230000000000004,-21,17.42,-21,-4.57,-30.800000000000004,0,-28.79,0.55431,1.3265602322206098,0.00,0.10328976951790994,0.00,0.00,-0.1184,-0.0672,0,1.1016390171808608,0.190821504,8.008709529276695,0,1.0366585820895522,0.4464375040000001,-0.5318677258451875,-0.1567047235280949,0.6167176966548512,1.609042972431451,1.7725845187511546,0.00,,55.431,0.914,59631720,-21,-14.26,-12.19,38.42,-37,95.95,7.79,312.5,4.57,Transport-Services,6,0,54.13,16.07,1.3265602322206098
DSJ GR Equity     ,Xetra,D+S EUROPE AG,Internet Applic Sftwr,-7.49,-6.638101615969582,45.81072,54.54072000000001,51.21072000000001,3.33,22.97,8.73,17.57,43.37,-4.55,-5.08,-0.11000000000000032,-4.4577,6.96,2.41,0.1225,-5.028075,0.39003,1.2960812772133528,0.00,0.061055299600005275,0.00,0.00,-0.11298132349550381,-0.10278302974406273,0,2.6073261240751284,1.0562766889554993,0,0,2.0737916349809886,1.1807867189301364,-0.286173875924872,-0.19406617326948195,0.16006389354595976,0.19056674944205199,0.4968696642003415,0.00,,39.003,0.893,45810720,-5.08,12.25,-0.42,4.97,-4.9,8.73,0.65,43.37,-6.96,Internet Applic Sftwr,,,17.57,3.33,1.2960812772133528
DCX GR Equity     ,Xetra,DAIMLERCHRYSLER AG-REG,Auto-Cars/Light Trucks,-10904.154999999999,-1774.9980755439765,31893.83,108513.83,101132.83,7381,102780,76620,33541,142059,13316,4535,15797,3024.8450000000003,613,13929,0.33299999999999996,2466,0.14489000000000002,1.5195936139332367,0.00,0.06801897970055983,0.6273317112733171,4.604864050885252,0.01735898464722404,0.021292878311124253,12.933426601784266,0.9508908500044722,0.22451115381637207,6.402027600177249,22.300513781697905,0.9850476121313351,0.7119072357260012,0.07352195820041144,0.02943028799377311,0.7060851137592323,2.4023455320355063,2.2843683849616885,5.7405063291139244,,14.489,1.047,31893830000,4535,33.3,-24578,11262,2466,76620,790,142059,-613,Auto-Cars/Light Trucks,20.567,-1547,33541,7381,1.5195936139332367
DAM GR Equity     ,Frankfurt,DATA MODUL AG,Electronic Compo-Semicon,2.929982,2.6137735849056605,43.15635,46.99635000000001,39.646350000000005,7.35,20.21,3.84,23.72,161.5,-1.32,4.53,5.8500000000000005,2.6699819999999996,1.06,-0.26,0.4106,2.39,0.41879,1.076923076923077,0.04019999999999999,0.15639512430220642,0,-0.09737893364075115,0.014798761609907122,0.01653239628482972,18.05705020920502,1.819407672849916,0.2672219814241486,6.777153846153847,8.751953642384107,1.7052376632801165,0.24548823529411767,0.10075885328836426,0.13211192478970804,0.08170847310482621,0.08897879454587794,0.16188870151770657,11.04878048780488,4.02,41.879,0.742,43156350,4.53,41.06,,1.32,2.39,3.84,0.41,161.5,-1.06,Electronic Compo-Semicon,,,23.72,7.35,1.076923076923077
ERM GR Equity     ,Xetra,DEAG DEUTSCHE ENTERTAINMENT,Leisure&Rec Products,20.281595,10.172749529190206,28.8751,42.055099999999996,12.535099999999996,29.52,12.960000000000004,13.18,29.3,96.6,-13.479999999999999,3.33,17.689999999999998,3.33,-3.4,-16.88,0,-1.4699999999999998,0.49353,1.7358490566037736,0.00,0.7019362693228646,0.00,-5.0690690690690685,-0.15196687370600415,0.034472049689440995,0,0.9854982935153583,0.29891407867494824,0.7085980780101752,3.764294294294293,0.9899976459510356,0.12976293995859212,-0.05017064846416381,0.25694444444444436,0.3133983749890025,0.4564486356757206,0.44982935153583614,0.6937500000000001,,49.353,1.196,28875100,3.33,-2.15,-0.88,14.36,-14.68,13.18,4.8,96.6,3.4,Leisure&Rec Products,,,29.3,29.52,1.7358490566037736
DBL GR Equity     ,Frankfurt,DEBITEL AG,Cellular Telecom,-23.621999999999993,-7.565836298932389,1150.77,1202.77,1120.77,82,199,52,229,2988,-9,90,131,54.37800000000001,87,78,0.3958,56,0.08206,0.7474600870827287,0.18969999999999998,0.06817596049119948,0.39285714285714285,1.4344036191106695,0.018741633199464525,0.018198795180722895,20.549464285714286,5.025196506550218,0.3851305220883534,8.555496183206106,12.453,4.280320284697509,0.3750903614457831,0.2445414847161572,0.27325628140703523,0.04323353592124845,0.04518713557009654,0.22707423580786026,22.5,18.97,8.206,0.515,1150770000,90,39.58,-32,41,56,52,4,2988,-87,Cellular Telecom,,-22,229,82,0.7474600870827287
DGX GR Equity     ,Xetra,DEGUSSA AG,Chemicals-Specialty,798.0653000000001,406.69249463902787,6579.955,8938.955,8754.955,184,6811,2359,4636,11244,-12,999,1755,634.0653000000001,-152,-164,0.3653,298,0.15811,1.1277213352685052,0.00,0.02058406155976845,0.7583892617449665,-0.2586484388910732,0.02650302383493419,0.05639143543223053,22.080385906040267,1.419317299396031,0.5851969939523302,4.988578347578348,8.763718718718719,1.2779063616869193,0.7786334934187122,0.0642795513373598,0.09309430333284394,0.2639010935842053,0.3585130901351149,0.5088438308886971,2.714673913043478,,15.811,0.777,6579955000,999,36.53,-744,756,298,2359,368,11244,152,Chemicals-Specialty,4,-226,4636,184,1.1277213352685052
LHA GR Equity     ,Xetra,DEUTSCHE LUFTHANSA-REG,Airlines,-438.9168,-34.97581521739124,4689.101,8075.101,5239.101,2836,4524,3386,3974,12869,477,496,1666,374.0832,336,813,0.2458,404,0.17911000000000002,1.798258345428157,0.00,0.3512030375842977,0,2.173313316395925,0.031393270650400186,0.02906855233506877,11.606685643564356,1.1799448917966784,0.3643718237625301,3.144718487394958,10.562703629032258,1.0971604619565216,0.40711018727173826,0.10166079516859587,0.08268859416445623,0.41931364078294503,0.7221000358064371,0.8520382486160041,0.9821782178217822,,17.911,1.239,4689101000,496,24.58,-1647,1170,404,3386,505,12869,-336,Airlines,12,,3974,2836,1.798258345428157
DEH GR Equity     ,Frankfurt,DEUTSCHER EISENHANDEL,Metal Products-Distrib,-1.7600000000000007,-4.149036827195468,66.69,69.94,69.31,0.63,24.080000000000002,3.25,21.46,274.8,-2.3499999999999996,-0.08,4.6,-0.08,4.03,1.6800000000000006,0,-2.69,0.31931,0.2438316400580552,0.00,0.009007720903631685,0.00,0.00,-0.013173216885007277,-0.00029112081513828236,0,3.1076421248835038,0.24268558951965064,15.067391304347828,0,2.8304330230675836,0.2522197962154294,-0.12534948741845292,-0.0033222591362126242,0.04646840148698885,0.04873294346978558,0.15144454799627213,0.00,,31.931,0.168,66690000,-0.08,-63.14,-2.33,4.68,-3.62,3.25,2.61,274.8,-4.03,Metal Products-Distrib,,,21.46,0.63,0.2438316400580552
DTE GR Equity     ,Xetra,DEUTSCHE TELEKOM AG-REG,Telephone-Integrated,12061.3212,7842.593266380222,62044.28,104704.28,96681.28,8023,68548,42660,33911,57880,-6708,6386,18434,4816.3212,-537,-7245,0.2458,4634,0.12648,1.088534107402032,0.00,0.07662532992920633,0,-1.5042601394607984,0.08006219765031099,0.08321218382861092,13.388925334484247,1.829621066910442,1.0719467864547338,5.244726049690788,15.139567804572502,1.3674142952292643,1.670374568071873,0.13665182389195246,0.07026202369142791,0.4074332013934865,0.6875734556029984,1.2579988794196573,1.767506227511763,,12.648,0.75,62044280000,6386,24.58,-5340,12048,4634,42660,3613,57880,537,Telephone-Integrated,13.638,0,33911,8023,1.088534107402032
DGR GR Equity     ,Xetra,DEUTSCHE GRUNDSTUECKSAUKTION,Auction House/Art Dealer,0.440862,0.434808,27.96,27.96,25.990000000000002,1.97,6.490000000000001,0,8.46,4.75,-0.12,0.53,0.65,0.320862,0,-0.12,0.3946,0.314808,0.27783,0.43831640058055155,-0.016200000000000003,0.07045779685264664,0.00,-0.3739925575481048,0,0.0675498947368421,0,3.304964539007092,5.886315789473684,39.98461538461539,49.0377358490566,3.304964539007092,5.471578947368421,0.03721134751773049,0.04943944530046224,0,0,0,53,-1.62,27.783,0.302,27960000,0.53,39.46,,0.12,,0,0.01,4.75,,Auction House/Art Dealer,,,8.46,1.97,0.43831640058055155
DPW GR Equity     ,Xetra,DEUTSCHE POST AG-REG,Transport-Services,3393.6908000000003,1648.549777082334,20408.75,140368.75,135523.75,4845,122332,119960,7217,43168,-59,2908,4710,2326.6908000000003,-1008,-1067,0.1999,1588,0.16901,1.2322206095791002,0.0742,0.0345162295738902,0.30856423173803527,-0.458591231804415,0.03678650852483321,0.05389850815418829,12.851857682619647,2.8278716918387143,0.47277497220163084,28.773619957537154,46.60376547455296,1.1037274821705183,3.139449360637509,0.2200360260496051,0.019019478141451135,0.8546061712453805,5.877871011208428,16.62186504087571,5.476459510357816,7.42,16.901,0.849,20408750000,2908,19.99,-1743,1802,1588,119960,531,43168,1008,Transport-Services,9.565,-490,7217,4845,1.2322206095791002
DEZ GR Equity     ,Xetra,DEUTZ AG,Machinery-General Indust,146.08818,53.013079932923425,332.6941,533.6940999999999,525.7941,7.9,349.90000000000003,201,156.8,1242.1,-19,44.1,101.2,44.1,-75.5,-94.5,0,11.600000000000001,0.389,1.335268505079826,0.00,0.014802487042671076,0.00,-2.142857142857143,-0.014974639723049675,0.035504387730456485,0,2.1217735969387754,0.2678480798647452,5.195593873517786,11.922768707482993,1.491598937954164,0.4233106030110297,0.07397959183673469,0.12603601028865388,0.3766202399464413,0.6041585949375117,1.2818877551020407,1.356923076923077,,38.9,0.92,332694100,44.1,-16.98,-38.1,57.1,-18.6,201,32.5,1242.1,75.5,Machinery-General Indust,,0,156.8,7.9,1.335268505079826
DLG GR Equity     ,Xetra,DIALOG SEMICONDUCTOR PLC,Electronic Compo-Semicon,-20.98,-20.98,86.8158,86.8158,72.83579999999999,13.98,107.16,0,121.14,116.04,-0.6999999999999993,-6.03,6.989999999999999,-6.03,15.65,14.950000000000001,0,-6.03,0.54984,1.7474600870827286,0.00,0.16103059581320453,0.00,0.00,-0.0494657014822475,-0.051964839710444674,0,0.7166567607726597,0.7481540847983453,10.42,0,0.7166567607726597,0.627678386763185,-0.049777117384843986,-0.056270996640537516,0,0,0,0.00,,54.984,1.204,86815800,-6.03,-1.13,-12.32,13.02,-5.74,0,,116.04,-15.65,Electronic Compo-Semicon,,,121.14,13.98,1.7474600870827286
DID GR Equity     ,Frankfurt,DIDIER-WERKE,Chemicals-Specialty,6.115780000000001,5.057842708902238,209.352,233.592,229.292,4.3,160.49,24.24,140.55,433.12,-6.379999999999999,21.85,42.64,11.335780000000002,11.6,5.220000000000001,0.48119999999999996,9.51,0.17507,0.409288824383164,0.00,0.018408164663173396,0.7875920084121977,0.4604888238833146,0.02195696342814924,0.026172377170299226,22.013880126182965,1.4895197438633938,0.4833579608422608,5.377392120075047,10.49391304347826,1.4175131986164209,0.5293960103435538,0.06766275346851654,0.07063231353978441,0.10377067707798211,0.11578585349077151,0.17246531483457841,2.3269435569755057,,17.507,0.282,209352000,21.85,48.12,-14.41,20.79,9.51,24.24,9.39,433.12,-11.6,Chemicals-Specialty,,-7.49,140.55,4.3,0.409288824383164
DIE GR Equity     ,Xetra,DIERIG HOLDING AG,Textile-Apparel,0.20124,0.18,46.158,46.158,46.158,0,18.24,0,18.24,1.46,0,0.18,0.18,0.18,0,0,0,0.18,0.32256999999999997,0.49927431059506533,-0.4549,0,0.00,0,0,0.1232876712328767,0,2.530592105263158,20,200,200,2.530592105263158,20,0.00986842105263158,0.00986842105263158,0,0,0,0.00,-45.49,32.257,0.344,46158000,0.18,-11.8,,,,0,,1.46,,Textile-Apparel,,,18.24,0,0.49927431059506533
DWB GR Equity     ,Frankfurt,DINKELACKER AG,Brewery,6.559074,5.296219512195122,153.3,154.59,133.64000000000001,20.95,33.17,1.29,52.83,107.98,-3.05,10.73,20.73,7.659074,4.15,1.1000000000000005,0.2862,6.37,0.27459,0.5616835994194486,0.009300000000000001,0.13551976195096707,0.47095761381475665,0.14362049511468364,0.05899240600111132,0.07093048712724578,24.065934065934066,2.9017603634298696,1.419707353213558,6.446695610226725,12.454799627213422,2.856430155210643,1.2376365993702538,0.12057543062653796,0.23090364787458548,0.00834465359984475,0.008414872798434442,0.02441794434980125,30.657142857142862,0.93,27.459,0.387,153300000,10.73,28.62,-6.95,10,6.37,1.29,0.35,107.98,-4.15,Brewery,,-3,52.83,20.95,0.5616835994194486
DDE GR Equity     ,Xetra,DIS DEUTSCHER INDUSTRIE SVC,Human Resources,19.057114999999996,19.11,425.04,425.04,402.58000000000004,22.46,28.39,0,50.85,265.01,-0.54,28.93,34.74,17.517114999999997,-1,-1.54,0.3945,17.57,0.22399999999999998,0.9013062409288825,0.20920000000000002,0.052842085450781104,0.28457598178713717,-0.08791402008835361,0.06629938492887061,0.06609982642164446,24.191235059760956,8.358702064896756,1.603864005131882,11.588370754173864,13.915658486000693,8.358702064896756,1.519112486321271,0.3455260570304818,0.6170170834800985,0,0,0,482.1666666666667,20.92,22.4,0.621,425040000,28.93,39.45,-5.27,5.81,17.57,0,0.06,265.01,1,Human Resources,30,-5,50.85,22.46,0.9013062409288825
DOU GR Equity     ,Xetra,DOUGLAS HOLDING AG,Retail-Perfume&Cosmetics,47.81088500000001,39.587277771877666,1046.425,1257.7549999999999,1087.235,170.52,582.7600000000001,211.33,541.95,2288.44,13.319999999999993,120.89,221.51,72.11088500000001,10.98,24.299999999999994,0.4035,57.07,0.19015,1.09288824383164,-0.059699999999999996,0.13557489336158474,0.513404590853338,0.3369810258187788,0.02493838597472514,0.03151093539703904,18.335815664972838,1.9308515545714546,0.45726564821450416,4.908288564850345,8.993589213334435,1.6697044923534405,0.4750987572320008,0.10530491742780698,0.12374027901709107,0.16802159403063396,0.20195427288147744,0.3899437217455485,12.725263157894737,-5.97,19.015,0.753,1046425000,120.89,40.35,-113.94,100.62,57.07,211.33,9.5,2288.44,-10.98,Retail-Perfume&Cosmetics,7.62,-29.3,541.95,170.52,1.09288824383164
HNL GR Equity     ,Xetra,DR HOENLE AG,Instruments-Scientific,1.7284319999999997,2.15054435483871,44.802,44.952,37.422,7.53,17.269999999999996,0.15,24.65,22.42,-0.12,2.87,3.34,1.8184319999999998,0.21,0.09,0.3664,2.24,0.31766,1.5515239477503628,0.00,0.16751201281366793,0.18749999999999997,0.04949318973709218,0.09991079393398751,0.08110758251561105,20.000892857142855,1.8175253549695742,1.9983050847457626,11.204191616766467,13.0390243902439,1.8125806451612905,1.6691347011596787,0.09087221095334687,0.10529426751592358,0.0033368926855312335,0.0033480648185348866,0.006085192697768763,57.4,,31.766,1.069,44802000,2.87,36.64,-0.35,0.47,2.24,0.15,0.05,22.42,-0.21,Instruments-Scientific,,-0.42,24.65,7.53,1.5515239477503628
DOS GR Equity     ,Xetra,DR. SCHELLER COSMETICS AG,Cosmetics&Toiletries,-5.529999999999999,-3.765809345794392,30.94,50.75,49.24,1.51,30.589999999999993,19.81,12.29,76.64,3.71,-1.27,2.65,-1.204976,0.55,4.26,0.0512,-2.1348,0.39924,0.667634252539913,0.00,0.029753694581280788,0.00,0.00,-0.03262004175365345,-0.015722546972860126,0,2.517493897477624,0.403705636743215,18.5811320754717,0,1.5809968847352027,0.6424843423799582,-0.17370219690805533,-0.03939117358613927,0.39034482758620687,0.6402714932126696,1.611879576891782,0.00,,39.924,0.46,30940000,-1.27,5.12,-7.63,3.92,-2.5,19.81,0.98,76.64,-0.55,Cosmetics&Toiletries,,-1.16,12.29,1.51,0.667634252539913
DRI GR Equity     ,Xetra,DRILLISCH AG,Wireless Equipment,15.149879,14.865206305955626,128.27029,128.54029,118.59029,9.95,41.43000000000001,0.27,51.11,350.4,-4.83,8.39,13.22,2.819879,-7.5,-12.33,0.6639,2.6,0.47774,1.570391872278665,0.00,0.07740763615828157,0,-4.372528041096799,0.007420091324200914,0.008047599885844749,49.334726923076914,2.509690667188417,0.3660681792237443,8.970521180030257,14.134718712753276,2.5017572985597507,0.3384426084474886,0.05087067110154569,0.068063697803524,0.0021005087198729677,0.002104930143995153,0.005282723537468206,9.755813953488373,,47.774,1.082,128270290,8.39,66.39,,4.83,2.6,0.27,0.86,350.4,7.5,Wireless Equipment,,,51.11,9.95,1.570391872278665
DKA GR Equity     ,Frankfurt,DUERKOPP ADLER AG,Machinery-General Indust,-1.1699999999999995,-3.8550870010235414,27.88,66.64,65.59,1.05,57.57,38.76,19.86,145.67,-2.8000000000000003,-2.07,3.6300000000000003,-2.07,1.9,-0.9000000000000004,0,-4.16,0.58884,0.5239477503628447,0.00,0.015756302521008403,0.00,0.00,-0.06816777648108739,-0.014210201139562024,0,1.403826787512588,0.19139150133864213,18.068870523415978,0,1.1368133742749915,0.450264296011533,-0.2094662638469285,-0.03595622720166753,0.5816326530612245,1.3902439024390243,1.9516616314199395,0.00,,58.884,0.361,27880000,-2.07,-7.11,-2.9,5.7,-9.93,38.76,2.09,145.67,-1.9,Machinery-General Indust,,,19.86,1.05,0.5239477503628447
DUE GR Equity     ,Xetra,DUERR AG,Machinery-General Indust,255.213952,43.230665182407634,205.8912,502.72119999999995,302.86119999999994,199.86,312.17999999999995,296.83,215.21,1903.3,-13.280000000000001,44.63,74.55000000000001,44.63,-42.42,-55.7,0,19.820000000000004,0.35680999999999996,0.8098693759071119,-0.2071,0.39755633937856616,0.00,-1.248039435357383,-0.016429359533441917,0.023448746913255925,0,0.9566990381487849,0.10817590500709294,4.06252448021462,6.786045261035176,0.9818006405749551,0.1591242578679136,0.09209609218902469,0.14296239349093476,0.5904465536762723,1.4416837630748667,1.3792574694484456,1.798871422813382,-20.71,35.681,0.558,205891200,44.63,-347.04,-16.64,29.92,-31.27,296.83,24.81,1903.3,42.42,Machinery-General Indust,5.7,-11.44,215.21,199.86,0.8098693759071119
DYK GR Equity     ,Xetra,DYCKERHOFF AG,Bldg Prod-Cement/Aggreg,109.21000000000001,250.07794419253574,1419.176,2532.8959999999997,2283.236,249.66,1900.59,1113.72,1036.53,1320.29,-74.92,96.56,236.71,96.56,62.27,-12.649999999999999,0,243.98,0.31276,1.011611030478955,0.1855,0.09856701577956617,0,-0.13100662800331397,0.1847927349294473,0.07313544751531861,5.816771866546438,1.3691605645760374,1.0748971816797825,9.645709940433441,23.645774647887322,1.177954191373096,1.7293443107196145,0.23538151331847607,0.050805276256320406,0.4397022222783723,0.7847652440571149,1.074469624612891,1.0632019378991413,18.55,31.276,0.697,1419176000,96.56,0,-65.23,140.15,243.98,1113.72,90.82,1320.29,-62.27,Bldg Prod-Cement/Aggreg,29,,1036.53,249.66,1.011611030478955
EOA GR Equity     ,Xetra,E.ON AG,Electric-Integrated,3358.7024,3740.777006058815,46059.52,66635.51999999999,62487.51999999999,4148,49988,20576,33560,44745,-168,6059,8939,4323.7024,1133,965,0.2864,4339,0.15976,1.0333817126269957,0.0215,0.06224908277147084,0.3023738188522701,0.22318834894834574,0.09697172868476925,0.09662984467538273,10.615238534224474,1.3724529201430273,1.0293780310649234,6.990437409106163,10.313173791054627,1.2308910891089107,1.3965251983461837,0.12929082240762813,0.08649480675362087,0.3087842640081446,0.44672632281013785,0.6131108462455304,5.310254163014899,2.15,15.976,0.712,46059520000,6059,28.64,-2712,2880,4339,20576,1141,44745,-1133,Electric-Integrated,11.213,-1312,33560,4148,1.0333817126269957
ESY GR Equity     ,Frankfurt,EASY SOFTWARE AG,Electronic Forms,0.470686,0.00,20.04513,25.72513,25.70513,0.02,3.8699999999999997,5.68,-1.79,14.64,-0.61,0.49,1.68,0.49,0.63,0.020000000000000018,0,0.14,0.52914,0.8635703918722787,0.00,0.0007774499098741192,0.00,0.04081632653061228,-0.04781420765027322,0.03346994535519125,0,0,1.369202868852459,15.30067261904762,52.45944897959184,0,1.7558148907103825,0.00,0.12661498708010338,0.22079577440424983,0.2833605968132908,0.00,1.4000000000000001,,52.914,0.595,20045130,0.49,-0.14,-0.58,1.19,-0.7,5.68,0.35,14.64,-0.63,Electronic Forms,,,-1.79,0.02,0.8635703918722787
EUZ GR Equity     ,Xetra,ECKERT & ZIEGLER STRAHLEN UN,Medical Instruments,2.62746,2.413608036253777,34.7425,39.0325,30.0925,8.94,24.160000000000004,4.29,28.81,35.53,-2.16,2.2,5.890000000000001,0.9774600000000001,0.51,-1.6500000000000001,0.5557,0.9774600000000001,0.41464,1.2481857764876634,0.00,0.22903990264523152,0.00,-1.688048615800135,-0.035462989023360536,0.027510835913312697,0,1.2059180839986117,0.9778356318603996,5.109083191850594,13.67840909090909,1.179229607250755,0.8469603152265691,0.03392780284623395,0.04045778145695364,0.10990840965861783,0.1234798877455566,0.14890662964248524,0.00,,41.464,0.86,34742500,2.2,55.57,-1.53,3.69,-1.26,4.29,,35.53,-0.51,Medical Instruments,,0,28.81,8.94,1.2481857764876634
EDL GR Equity     ,Frankfurt,EDEL MUSIC AG,Music,1.47,-0.6418771082012404,54.936,89.126,77.256,11.87,46.17,34.19,23.85,138.09,-2.5,-0.27,8.07,-0.15014700000000003,0.76,-1.74,0.4439,-1.356884,0.74606,1.5312046444121916,0.00,0.13318223638444449,0.00,0.00,-0.013831559128104859,-0.0010873126222029114,0,2.303396226415094,0.3978275038018683,9.573234200743494,0,1.5355961405926948,0.5594612209428633,-0.0568924109014675,-0.0032520467836257313,0.3836142090972331,0.6223605650211155,1.4335429769392032,0.00,,74.606,1.055,54936000,-0.27,44.39,-5.84,8.34,-1.91,34.19,2.17,138.09,-0.76,Music,,,23.85,11.87,1.5312046444121916
EHL GR Equity     ,Frankfurt,EHLEBRACHT AG,Bldg Prod-Light Fixtures,2.2101499999999996,0.00,11.5265,41.0965,40.6865,0.41,17.529999999999998,29.57,-11.63,58.2,-1.53,3.7,5.99,3.18015,2.5,0.97,0.1405,2,0.56863,0.4586357039187228,0.00,0.009976518681639556,0,0.3050170589437605,0.034364261168384876,0.05464175257731958,5.76325,0,0.19804982817869415,6.792404006677796,10.996351351351352,0,0.6990807560137458,0.00,0.1814118653736452,0.7195259936977602,2.565392790526179,0.00,1.93717277486911,,56.863,0.316,11526500,3.7,14.05,-0.76,2.29,2,29.57,1.91,58.2,-2.5,Bldg Prod-Light Fixtures,,,-11.63,0.41,0.4586357039187228
EIF GR Equity     ,Frankfurt,EIFELHOEHEN-KLINIK AG,Medical-Hospitals,3.29835,1.106459541563104,10.2024,31.9124,31.352400000000003,0.56,35.65,21.71,14.5,39.37,-1.23,2.35,4.34,2.25835,0.19,-1.04,0.039,0.69,0.45545,0.9346879535558782,0.00,0.017548037753349795,0.5507246376811594,-0.46051320654460115,0.017526035052070104,0.057362204724409456,14.786086956521741,0.7036137931034483,0.2591414782829566,7.224055299539171,13.34144680851064,0.8813145539906103,0.7963525527051055,0.04758620689655172,0.06334782608695652,0.6802998207593286,2.1279306829765545,1.497241379310345,1.4873417721518987,,45.545,0.644,10202400,2.35,3.9,-0.76,1.99,0.69,21.71,1.58,39.37,-0.19,Medical-Hospitals,,-0.38,14.5,0.56,0.9346879535558782
HAK GR Equity     ,Frankfurt,EINBECKER BRAUHAUS AG,Brewery,8.661224,5.709723481414325,39.312,46.622,46.212,0.41,21.65,7.31,14.75,39.59,-4.95,3.62,8.57,3.62,0,-4.95,0,2.4,0.27024000000000004,0.432510885341074,0.1963,0.008794131525889065,0,-1.3674033149171272,0.06062136903258398,0.0914372316241475,16.38,2.6652203389830507,0.9929780247537255,5.392298716452743,12.765745856353591,2.113417951042611,1.1672644607224045,0.16271186440677965,0.16720554272517324,0.15679293037621722,0.18594831094831096,0.495593220338983,7.541666666666667,19.63,27.024,0.298,39312000,3.62,-2.52,,4.95,2.4,7.31,0.48,39.59,,Brewery,,,14.75,0.41,0.432510885341074
ELK GR Equity     ,Hamburg,ELEKTRISCHE LICHT & KRAFT,Commercial Services,-1.789494,-0.5646314184036603,14.175,27.495,27.445,0.05,19.62,13.32,6.35,3.78,-1.11,0.02,1.1300000000000001,0,2.89,1.78,1,0.01,0.2687,0.8330914368650217,-0.6215999999999999,0.0018185124568103291,34,0.00,0.002645502645502646,0,200,2.232283464566929,3.7500000000000004,24.287610619469024,200,1.3978139298423995,7.260582010582011,0.0015748031496062994,0,0.48445171849427165,0.9396825396825397,2.097637795275591,0.00,-62.16,26.87,0.574,14175000,0.02,147.47,0,1.11,0.01,13.32,,3.78,-2.89,Commercial Services,,-0.34,6.35,0.05,0.8330914368650217
EEX GR Equity     ,Xetra,ELEXIS AG,Machinery-General Indust,10.92704,2.82012726054923,99.91199,129.79199,121.92199,7.87,36.92,29.88,14.91,125.1,-3.45,3.52,7.51,3.52,-3.73,-7.18,0,0.43,0.48336,1.1059506531204646,0.00,0.06063548297549025,0,-2.039772727272727,0.003437250199840128,0.028137490007993607,200,6.701005365526492,0.7986569944044765,16.234619174434087,34.636928977272724,2.8977894619334674,0.9745962430055956,0.028839704896042925,0.09534127843986999,0.23021451477860844,0.29906320552718446,2.004024144869215,1.1972789115646258,,48.336,0.762,99911990,3.52,-6.45,-0.54,3.99,0.43,29.88,2.94,125.1,3.73,Machinery-General Indust,,,14.91,7.87,1.1059506531204646
ELG GR Equity     ,Xetra,ELMOS SEMICONDUCTOR AG,Electronic Compo-Semicon,2.4766200000000005,4.420435410647958,237.39,295.02,279.72999999999996,15.29,178.55,57.63,136.21,143.31,20.849999999999998,29.55,42.25,19.39662,-3.93,16.919999999999998,0.3436,16.31,0.37868999999999997,1.6705370101596517,0.0793,0.051826994780014915,0.15389331698344574,0.8723169294444083,0.11380922475751866,0.13534728909357335,14.554874310239118,1.7428235812348578,1.656478961691438,6.620828402366863,9.4663282571912,1.5219768881551794,1.951922405973065,0.11974157550840613,0.10863410809297114,0.19534268863127927,0.24276507013774803,0.42309668893620145,0.00,7.93,37.869,1.151,237390000,29.55,34.36,-33.55,12.7,16.31,57.63,,143.31,3.93,Electronic Compo-Semicon,14.79,-2.51,136.21,15.29,1.6705370101596517
ZIL2 GR Equity     ,Xetra,ELRINGKLINGER AG,Auto/Trk Prts&Equip-Orig,21.328339999999997,19.636981278494517,547.2,651.48,643.0600000000001,8.42,197.76000000000002,104.28,101.9,453.52,3.8500000000000014,54.45,95.68,29.468339999999998,4.29,8.14,0.45880000000000004,23.66,0.32189999999999996,1.0740203193033382,0.33149999999999996,0.0129244182476822,0.5071851225697379,0.2762286576033805,0.05216969483153996,0.06497693596754277,23.12764158918005,5.369970559371933,1.2065620038807552,6.720944816053512,11.810101010101011,3.1597633136094676,1.417930852002117,0.23218842001962708,0.14901061893203882,0.1600663105544299,0.19057017543859647,1.0233562315996074,12.431506849315069,33.15,32.19,0.74,547200000,54.45,45.88,-45.08,41.23,23.66,104.28,4.38,453.52,-4.29,Auto/Trk Prts&Equip-Orig,5.34,-12,101.9,8.42,1.0740203193033382
EV4 GR Equity     ,Xetra,EM.TV AG,Broadcast Serv/Program,16.796962,137.62201913875597,330.3406,512.3106,414.3906,97.92,226.02999999999997,181.97,141.98,206.62,-11.17,9.66,25.490000000000002,9.376962,3.75,-7.42,0.029300000000000003,134.37,0.6104999999999999,0.00,0.00,0.19113405032025493,0,-0.7913010631801642,0.6503242667699158,0.04538264446810571,2.4584401280047627,2.3266699535145796,1.5987832736424352,16.256987053746567,42.89757763975155,1.5814496064207442,2.005568676797987,0.9464009015354277,0.04148547537937443,0.35519468072688715,0.5508556925791138,1.2816593886462884,2.215596330275229,,61.05,,330340600,9.66,2.93,-4.66,15.83,134.37,181.97,4.36,206.62,-3.75,Broadcast Serv/Program,,,141.98,97.92,0.00
ERI GR Equity     ,Xetra,EMPRISE MA0.00G CONSULT AG,Computer Services,50.641999999999996,0.4682321899736147,14.71701,16.43701,16.32701,0.11,3.68,1.72,2.07,24.77,-0.34,0.94,1.39,0.94,0.27,-0.07,0,0.42999999999999994,0.53315,1.4499274310595067,0.00,0.006692214703282409,0.00,-0.07446808510638299,-0.024626564392410174,0.03794913201453371,0,7.1096666666666675,0.5941465482438434,11.746050359712232,17.36915957446809,4.336941952506597,0.6591445296729916,0.2077294685990338,0.2554347826086956,0.10464190263314313,0.11687156562372383,0.8309178743961353,1.8431372549019607,,53.315,0.999,14717010,0.94,-5280,-0.11,0.45,-0.61,1.72,0.51,24.77,-0.27,Computer Services,,,2.07,0.11,1.4499274310595067
EMN GR Equity     ,Xetra,EMS NEW MEDIA AG,Multimedia,2.964557,2.0351351351351354,35.63375,42.87375,42.85375,0.02,17.74,7.24,10.52,18.26,-3.6300000000000003,1.51,5.23,1.284557,1.95,-1.6800000000000004,0.1493,1.04,0.3105,0.8751814223512338,0.00,0.00046648590337910724,0,-1.3078438714669731,0.05695509309967141,0.07034813800657173,34.26322115384615,3.3872385931558937,1.9514649507119384,8.193833652007648,28.37996688741722,2.4140625000000004,2.3468647316538878,0.09885931558935362,0.07241020293122886,0.16886789702323682,0.20317816676605746,0.688212927756654,3.282608695652174,,31.05,0.603,35633750,1.51,14.93,-0.09,3.72,1.04,7.24,0.46,18.26,-1.95,Multimedia,,,10.52,0.02,0.8751814223512338
EBK GR Equity     ,Frankfurt,ENERGIE BADEN-WUERTTEMBERG,Electric-Integrated,1224.22912,426.9441425160601,8459.232,14372.332,12444.932,1927.4,5653.5,5913.1,1667.8,9014.6,-270.79999999999995,1268.6,2194.6,684.0291199999999,-269.4,-540.1999999999999,0.4608,308.1,0.24667000000000003,0.497822931785196,0.00,0.13410488986755942,0,-0.7897324605127922,0.03417788920196126,0.07588014110443057,27.45612463485881,5.072090178678499,0.9383923856854436,5.6707062790485745,9.80997319880183,1.8958609136118403,1.3805306946508997,0.1847343806211776,0.12099214999557795,0.41142244696267805,0.6990114469020356,3.5454490946156616,2.975140712945591,,24.667,0.343,8459232000,1268.6,46.08,-655.2,926,308.1,5913.1,426.4,9014.6,269.4,Electric-Integrated,3,,1667.8,1927.4,0.497822931785196
EKT GR Equity     ,Frankfurt,ENERGIEKONTOR AG,Energy-Alter0.00te Sources,-14.99,-8.622529379858976,21.12819,64.97819,27.17819,37.8,72.82000000000001,43.85,66.77,69.5,-1.05,-0.39,0.84,-0.145977,15.65,14.6,0.6257,0.19,0.66731,1.04644412191582,0.00,0.5817336555542714,24.736842105263158,0.00,0.002733812949640288,-0.002100388489208633,111.201,0.3164323798112925,0.3040027338129496,32.3549880952381,0,0.5874000180799132,0.39105309352517986,0.002845589336528381,-0.0020046278494918975,0.6748418200014498,2.075426243327043,0.6567320652987869,0.00,,66.731,0.721,21128190,-0.39,62.57,-0.18,1.23,0.19,43.85,1.33,69.5,-15.65,Energy-Alter0.00te Sources,,-4.7,66.77,37.8,1.04644412191582
EPC GR Equity     ,Xetra,EPCOS AG,Electronic Compo-Misc,38.52238399999999,41.823388528917675,607.9431,928.4630999999999,690.0731,238.39,761.6899999999999,320.52,679.56,1362.22,-40.25999999999999,59.04,210.73,49.422383999999994,51.16,10.900000000000006,0.1629,49.23,0.34052,2.056603773584906,-0.0932,0.25675764604969226,0,0.22054783921390775,0.03613953693236041,0.036280765221476705,12.34903717245582,0.8946128377185237,0.4462884849730586,3.2746789730935317,11.688230013550134,0.9283888288936886,0.5065797741921275,0.07244393431043616,0.06488516850687287,0.34521565800514853,0.5272203928295264,0.47165813173229737,5.799607072691552,-9.32,34.052,1.417,607943100,59.04,16.29,-111.43,151.69,49.23,320.52,10.18,1362.22,-51.16,Electronic Compo-Misc,5.565,,679.56,238.39,2.056603773584906
ECX GR Equity     ,Xetra,EPIGENOMICS AG,Medical-Biomedical/Gene,-7.4,-7.424396479463537,96.64724,102.79724,84.37724,18.42,5.439999999999998,6.15,17.71,7.93,-0.33000000000000007,-5.71,-4.359999999999999,-5.71,2.02,1.69,0,-6.17,0.37914000000000003,0.00,0.00,0.17918769025316245,0.00,0.00,-0.8461538461538461,-0.7200504413619168,0,5.457212874082439,12.18754602774275,0,0,4.308350377200336,10.640257250945776,-0.3483907396950875,-1,0.05982650896074642,0.06363347778995035,0.34726143421795597,0.00,,37.914,,96647240,-5.71,-0.6,-1.02,1.35,-6.71,6.15,0.46,7.93,-2.02,Medical-Biomedical/Gene,,,17.71,18.42,0.00
DZE GR Equity     ,Munich,ERLUS AG,Bldg Prod-Cement/Aggreg,14.805515,12.14642737896494,48.5625,56.3925,39.272499999999994,17.12,18.819999999999997,7.83,28.11,99.87,-7.25,5.51,12.76,2.625515,-4.93,-12.18,0.5235,2.62,0.08321999999999999,0.4034833091436866,-0.0051,0.30358646983198123,0.5,-4.639089854752306,0.026234104335636325,0.02628932612396115,18.53530534351145,1.7275880469583778,0.4862571342745569,3.0777821316614418,7.127495462794918,1.5690734557595993,0.3932362070691899,0.09320526503023835,0.13950664187035072,0.13884825109722038,0.16123552123552123,0.27854855923159016,8.223880597014924,-0.51,8.322,0.278,48562500,5.51,52.35,,7.25,2.62,7.83,0.67,99.87,4.93,Bldg Prod-Cement/Aggreg,,-1.31,28.11,17.12,0.4034833091436866
EBB GR Equity     ,Munich,ERSTE BAYERISCHE BASALTSTEIN,Bldg Prod-Cement/Aggreg,2.720389,2.022362,34.15041,34.15041,34.15041,0,34.24,0,34.24,13.35,-2.54,0.23,2.77,0.180389,0,-2.54,0.2157,-0.517638,0.00,0.48330914368650224,0.00,0,0.00,-14.0806811945296,0,0.013512284644194756,0,0.9973834696261682,2.558083146067416,12.328667870036101,148.48004347826085,0.9973834696261682,2.558083146067416,-0.015117932242990654,0.005268370327102803,0,0,0,0.25842696629213485,,,0.333,34150410,0.23,21.57,,2.54,,0,0.89,13.35,,Bldg Prod-Cement/Aggreg,,,34.24,0,0.48330914368650224
ESC GR Equity     ,Xetra,ESCADA AG,Apparel Manufacturers,5.373887999999999,2.5006141769422534,297.8213,506.4913,493.96130000000005,12.53,284.29,208.67,88.15,412.73,-8.229999999999999,18.01,40.120000000000005,9.883888,12.74,4.510000000000002,0.4512,3.84,0.30068,1.0595065312046446,0.00,0.02473882572119205,0,0.45629816930341593,0.00930390327817217,0.023947588011532964,77.55763020833334,3.378574021554169,0.7215886899425774,12.312096211365903,27.42705719044975,1.706392089481841,1.1968146245729654,0.043562110039705046,0.03476692110169193,0.41199128198253354,0.7006550572440587,2.367214974475326,0.00,,30.068,0.73,297821300,18.01,45.12,-13.88,22.11,3.84,208.67,,412.73,-12.74,Apparel Manufacturers,,,88.15,12.53,1.0595065312046446
EHX GR Equity     ,Xetra,ESSANELLE HAIR GROUP AG,Retail-Hair Salons,0.22999999999999998,-0.19772165312610357,27,44.510000000000005,35.67,8.84,19.470000000000002,17.51,10.8,115.54,-3.16,2.19,7.970000000000001,2.19,5.12,1.96,0,0.55,0.58975,0.6879535558780842,0.00,0.19860705459447311,0,0.8949771689497716,0.004760256188333045,0.01895447464081703,49.090909090909086,2.5,0.23368530379089492,4.475533249686324,16.287671232876715,1.5722359590250796,0.30872425134152676,0.05092592592592593,0.11248073959938365,0.3933947427544372,0.6485185185185186,1.6212962962962962,1.6102941176470587,,58.975,0.474,27000000,2.19,0,-2.62,5.78,0.55,17.51,1.36,115.54,-5.12,Retail-Hair Salons,,,10.8,8.84,0.6879535558780842
AIG GR Equity     ,Dusseldorf,ETIENNE AIGNER AG,Footwear&Related Apparel,-3.8800000000000003,-3.8800000000000003,37.2,37.2,28.550000000000004,8.65,4.52,0,13.17,38.31,0.020000000000000018,-5.9,-4.73,-5.9,-2.04,-2.02,0,-5.9,0.33490000000000003,0.4426705370101597,0.00,0.2325268817204301,0.00,0.00,-0.1503523884103367,-0.15400678673975463,0,2.824601366742597,0.971025841816758,0,0,2.824601366742597,0.7452362307491517,-0.44798785117691725,-1,0,0,0,0.00,,33.49,0.305,37200000,-5.9,-0.3,-1.19,1.17,-5.76,0,0,38.31,2.04,Footwear&Related Apparel,,0,13.17,8.65,0.4426705370101597
EUC GR Equity     ,Frankfurt,EUROMICRON AG,Instruments-Controls,22.362592,23.529265572126832,72.7892,90.0392,57.639199999999995,32.4,47.38999999999999,17.25,62.54,110.8,-0.5499999999999998,8.58,11.96,7.742592,-14.07,-14.620000000000001,0.09759999999999999,12.07,0.45313000000000003,0.7837445573294631,-0.0947,0.35984326826537777,0,-1.8882565425118618,0.10893501805054152,0.0698789891696751,6.030588235294117,1.1638823153181963,0.6569422382671479,4.8193311036789295,6.717855477855477,1.128452186990851,0.5202093862815884,0.19299648225135912,0.16338029120067527,0.19158322153017798,0.23698570667076985,0.27582347297729454,2.8223684210526314,-9.47,45.313,0.54,72789200,8.58,9.76,-2.83,3.38,12.07,17.25,3.04,110.8,14.07,Instruments-Controls,,0,62.54,32.4,0.7837445573294631
EVT GR Equity     ,Xetra,EVOTEC OAI AG,Research&Development,-8.999999999999996,-9.097536737206083,98.44624,112.11624,96.83624,15.28,100.4,13.67,102.01,72.73,-17.740000000000002,-21.79,-2.5599999999999987,-19.637148,4.95,-12.790000000000003,0.09880000000000001,-20.376132,0.44399,1.8345428156748913,0.00,0.13628712486255334,0.00,0.00,-1,-0.2700006599752509,0,0.9650646015096559,1.3535850405609788,0,0,0.9691929460580913,1.3314483706860993,-0.19974641701793938,-0.19558912350597607,0.12192702859104086,0.1388575124860025,0.13400646995392607,0.00,,44.399,1.264,98446240,-21.79,9.88,-1.49,19.23,-84.2,13.67,0.82,72.73,-4.95,Research&Development,,0,102.01,15.28,1.8345428156748913
FEL GR Equity     ,Frankfurt,FELTEN & GUILLEAUME AG,Electronic Compo-Misc,7.099199999999998,15.205247261685281,390,431.99,423.01,8.98,175.44000000000003,41.99,142.43,300.63,0.39000000000000057,30.6,41.510000000000005,20.8692,13.38,13.770000000000001,0.318,25.84,0.5716,0.8374455732946299,0.33149999999999996,0.020787518229588648,0.04373065015479876,0.6598240469208212,0.08595283238532415,0.06941822173435784,15.092879256965944,2.7381871796672046,1.2972757209859296,10.190556492411465,13.823856209150327,2.3424248996855,1.4070784685493796,0.18142245313487326,0.118953488372093,0.09720132410472465,0.10766666666666667,0.29481148634416904,12.592592592592592,33.15,57.16,0.577,390000000,30.6,31.8,-11.3,10.91,25.84,41.99,2.43,300.63,-13.38,Electronic Compo-Misc,,-1.13,142.43,8.98,0.8374455732946299
FHW GR Equity     ,Frankfurt,FERNHEIZWERK NEUKOELLN AG,Water,4.797907,4.96,54.05,54.05,48.48,5.57,11.98,0,17.55,17.15,-2.44,4.11,6.550000000000001,2.357907,0,-2.44,0.4263,2.52,0.33695,0.4687953555878085,0.0582,0.10305272895467162,0,-1.0348160466040432,0.1469387755102041,0.1374872886297376,21.448412698412696,3.0797720797720793,3.1516034985422743,7.401526717557251,11.795620437956202,3.0797720797720793,2.8268221574344023,0.14358974358974358,0.1968202838063439,0,0,0,0.00,5.82,33.695,0.323,54050000,4.11,42.63,,2.44,2.52,0,0,17.15,,Water,,,17.55,5.57,0.4687953555878085
FIE GR Equity     ,Xetra,FIELMANN AG,Retail-Vision Serv Cntr,11.662336000000003,13.937594139864945,1110.48,1125.54,1085.84,39.7,309.78000000000003,15.06,334.42,641.99,-0.46000000000000085,69.12,106.14000000000001,42.702336,31.5,31.04,0.3822,43.64,0.19043,0.737300435413643,0.06860000000000001,0.03527195834888143,0.7699358386801101,0.7268923180221334,0.06797613669994859,0.06651557812426985,25.446379468377636,3.3206147957658034,1.7297465692612035,10.230261918221215,15.709490740740739,3.2206134828888633,1.6913659091263102,0.13049458764427965,0.13784729808251017,0.01338024414947492,0.013561703047330884,0.045033191794749114,55.741935483870975,6.86,19.043,0.508,1110480000,69.12,38.22,-36.56,37.02,43.64,15.06,1.24,641.99,-31.5,Retail-Vision Serv Cntr,2.06,-33.6,334.42,39.7,0.737300435413643
FJH GR Equity     ,Frankfurt,FJH AG,Applications Software,-12.908396999999999,-9.463390367553865,19.8924,48.6624,45.172399999999996,3.49,138.53,28.77,113.25,120.14,-4.0200000000000005,6.99,12.64,4.401603,21.33,17.31,0.3703,4.34,0.71089,1.7764876632801163,-0.013300000000000001,0.07171861642664563,1.2350230414746546,3.9326581702166234,0.03612452139170967,0.03663728150491093,4.583502304147466,0.1756503311258278,0.16557682703512566,3.5737658227848095,6.462432045779685,0.342644697929869,0.37599800233061426,0.038322295805739516,0.03177364469789937,0.5912162162162162,1.4462809917355373,0.25403973509933775,0.00,-1.33,71.089,1.224,19892400,6.99,37.03,-1.63,5.65,4.34,28.77,,120.14,-21.33,Applications Software,,-5.36,113.25,3.49,1.7764876632801163
FXX GR Equity     ,Xetra,FLUXX.COM AG,E-Services/Consulting,-1.5158449999999997,0.7628571428571429,114.435,123.11500000000001,121.17500000000001,1.94,13.25,8.68,6.51,17.69,-0.76,0.35,1.4500000000000002,0,0.45,-0.31,1,0.63,0.7634799999999999,1.6429608127721336,0.00,0.015757624984770336,0,0.00,0.03561334087054833,0,181.64285714285714,17.578341013824886,6.468908988128886,83.56896551724138,200,8.105003291639237,6.849915206331261,0.0967741935483871,0,0.07050318807618892,0.07585091973609472,1.3333333333333333,0.6862745098039215,,76.348,1.132,114435000,0.35,621.67,-0.34,1.1,0.63,8.68,0.51,17.69,-0.45,E-Services/Consulting,,,6.51,1.94,1.6429608127721336
FEB GR Equity     ,Frankfurt,FORST EB0.00TH AG,Forestry,0.23994300000000005,0.23994300000000005,20.52,20.52,19.64,0.88,1.56,0,2.44,1.14,0,0.33,0.33,0.23994300000000005,0,0,0.2729,0.23994300000000005,0.23881,0.47024673439767783,-0.0623,0.04288499025341131,0.00,0,0,0.21047631578947373,0,8.40983606557377,18,59.515151515151516,59.515151515151516,8.40983606557377,17.2280701754386,0.09833729508196723,0.1538096153846154,0,0,0,0.00,-6.23,23.881,0.324,20520000,0.33,27.29,,,,0,0,1.14,,Forestry,,,2.44,0.88,0.47024673439767783
FEV GR Equity     ,Frankfurt,FORTEC ELEKTRONIK AG,Electronic Compo-Semicon,1.1354990000000003,1.1600000000000001,26.1,26.1,23.1,3,9.44,0,12.44,32.87,-0.23000000000000004,2.33,2.97,1.3054990000000002,0.4,0.16999999999999998,0.4397,1.33,0.35143,0.521044992743106,0.12300000000000001,0.11494252873563218,0.5112781954887218,0.13021840690800987,0.04046242774566475,0.03971703681168239,19.62406015037594,2.0980707395498395,0.7940371159111653,7.777777777777778,9.914163090128756,2.0980707395498395,0.7027684818983877,0.10691318327974278,0.13829438559322035,0,0,0,233,12.3,35.143,0.359,26100000,2.33,43.97,-0.41,0.64,1.33,0,0.01,32.87,-0.4,Electronic Compo-Semicon,,-0.68,12.44,3,0.521044992743106
FRA GR Equity     ,Xetra,FRAPORT AG,Airport Develop/Maint,260.40161,213.96501579045142,2851.494,3512.1940000000004,2845.7940000000003,666.4,2025.1,660.7,2030.8,1998.1,17.5,295.3,509.9,157.60161,-120.3,-102.8,0.46630000000000005,136.4,0.17809999999999998,0.960812772133527,0.0398,0.18973894949994216,0.29105571847507333,-0.6522776004635993,0.06826485160902858,0.0788757369501026,20.905381231671555,1.4041234981288164,1.4271027476102298,5.581082565208866,9.636959024720623,1.3049206762028611,1.424250037535659,0.0671656490053181,0.07782411238951163,0.18811603231484364,0.23170310019940424,0.3253397675792791,6.867441860465116,3.98,17.81,0.662,2851494000,295.3,46.63,-232.1,214.6,136.4,660.7,43,1998.1,120.3,Airport Develop/Maint,12,-39.7,2030.8,666.4,0.960812772133527
FRN GR Equity     ,Xetra,FREENET.DE AG,Internet Content-Info/Ne,41.59691300000001,43.22080630117111,1110.689,1111.6090000000002,1010.7590000000001,100.85,92.13,0.92,192.06,471.58,-24.200000000000003,95.09,127.98,58.546913,41.15,16.949999999999996,0.3843,60.09,0.43292,1.9695210449927432,0.00,0.09072434642036901,0,0.2895114213792962,0.1274227066457441,0.12415054285593113,18.48375769678815,5.783031344371551,2.3552504347088514,7.89778871698703,10.629498369965297,5.760229039278683,2.143345773781755,0.31287097781943146,0.6354815261044178,0.0008276291393826426,0.0008283146767456956,0.004790169738623347,104.49450549450549,,43.292,1.357,1110689000,95.09,38.43,-8.69,32.89,60.09,0.92,0.91,471.58,-41.15,Internet Content-Info/Ne,20,,192.06,100.85,1.9695210449927432
FME GR Equity     ,Xetra,FRESENIUS MEDICAL CARE,Dialysis Centers,402.38514999999995,316.73902335738916,5654.772,7483.7919999999995,7440.2919999999995,43.5,4466.85,1829.02,2681.33,5005.63,37.09,685.05,871.99,413.08514999999994,-26.39,10.700000000000003,0.397,323.1,0.17118,0.7968069666182875,0.00,0.0058125613325437165,0.3037449705973383,0.025902649853184034,0.06454731971799754,0.08252410785455576,17.50161559888579,2.1089429499539407,1.1296823776427742,8.532542804389958,10.860947376103933,1.6592486170696286,1.4863847307931268,0.12049990116845,0.09247795426307127,0.24439749260802546,0.323447169930105,0.6821316287066493,4.322900233482678,,17.118,0.549,5654772000,685.05,39.7,-224.03,186.94,323.1,1829.02,158.47,5005.63,26.39,Dialysis Centers,12.623,-98.14,2681.33,43.5,0.7968069666182875
FRE GR Equity     ,Xetra,FRESENIUS AG,Dialysis Centers,645.2678000000001,217.51636698939603,3659.768,6394.768,6254.768,140,4198,2735,1603,7271,-3,849,1160,511.2678000000001,-131,-134,0.3978,168,0.22285,0.8345428156748912,0.0892,0.021892897443660193,0.30357142857142855,-0.26209356427297004,0.023105487553293908,0.0703160225553569,21.784333333333333,2.2830742358078604,0.5033376426901389,5.392041379310345,7.367217903415783,1.4741281696634394,0.8602349057901252,0.10480349344978165,0.12178842305859935,0.4276933893457902,0.7473151303579899,1.7061759201497193,3.7901785714285716,8.92,22.285,0.575,3659768000,849,39.78,-308,311,168,2735,224,7271,131,Dialysis Centers,18.205,-51,1603,140,0.8345428156748912
FKK GR Equity     ,Frankfurt,FRIATEC AG,Miscellaneous Manufactur,16.985975,19.14,411.2,411.2,409.40999999999997,1.79,116.85,0,118.64,165.41,-0.3899999999999997,14.75,22.009999999999998,13.895975,-2.7,-3.09,0.0579,16.05,0.24974,0.47169811320754723,0.0888,0.004353112840466926,0,-0.22236654858691096,0.09703161840275679,0.0840092799709812,25.61993769470405,3.465947403910991,2.4859440178949277,18.601090413448432,27.756610169491523,3.465947403910991,2.4751224230699473,0.1352832097100472,0.11892148053059479,0,0,0,77.63157894736842,8.88,24.974,0.325,411200000,14.75,5.79,-6.87,7.26,16.05,0,0.19,165.41,2.7,Miscellaneous Manufactur,,,118.64,1.79,0.47169811320754723
NLM GR Equity     ,Frankfurt,FROSTA AG,Food-Baking,2.790000000000001,-5.356612561861521,70.7945,113.4845,113.0745,0.41,70.07,42.69,27.79,262.39,-7.04,-6.17,5.65,-6.1558090000000005,-1.92,-8.96,0.0023,-8.889507,0.43282,0.039187227866473155,0.00,0.0036128281835845423,0.00,0.00,-0.029421852966957582,-0.023460532032470754,0,2.5474811083123425,0.2698063950607874,20.013185840707962,0,1.6101660045402952,0.43094058462593854,-0.31988150413817923,-0.08785227629513345,0.3761747198956686,0.6030129459209401,1.5361640878013674,0.00,,43.282,0.027,70794500,-6.17,0.23,-4.78,11.82,-7.72,42.69,2.74,262.39,1.92,Food-Baking,,-2.5,27.79,0.41,0.039187227866473155
FPE GR Equity     ,Xetra,FUCHS PETROLUB AG,Oil Refining&Marketing,88.29394000000002,41.75820105820106,564.3087,809.8087,780.4087000000001,29.4,348.6,245.5,132.5,1040.9,-19.300000000000004,90.7,128.4,53.89394000000001,-15.1,-34.400000000000006,0.4058,29.7,0.25521,0.8156748911465894,0.44689999999999996,0.03630487052065506,0.3703703703703704,-0.6382906872275436,0.02853300028821212,0.05177628974925545,19.000292929292932,4.258933584905661,0.5421353636276299,6.077949376947041,8.604285556780596,2.1423510582010583,0.7497441637044865,0.2241509433962264,0.15460109007458406,0.30315801744288495,0.4350455699158988,1.8528301886792453,4.0311111111111115,44.69,25.521,0.562,564308700,90.7,40.58,-18.4,37.7,29.7,245.5,22.5,1040.9,15.1,Oil Refining&Marketing,10.76,-11,132.5,29.4,0.8156748911465894
FEW GR Equity     ,Xetra,FUNKWERK AG,Electronic Compo-Misc,-12.439970999999998,-11.179999999999998,246.6046,246.6046,225.1646,21.44,80.72,0,102.16,249.11,-4.19,21.93,33.76,14.590029,31.22,27.029999999999998,0.3347,15.85,0.28052,0.9143686502177069,0.00,0.08694079510276775,0.1501577287066246,1.8526351112804504,0.0636265103769419,0.05856862028822608,15.558649842271294,2.4139056382145654,0.98994259564048,6.669567535545024,10.267423620611035,2.4139056382145654,0.903876199269399,0.15514878621769773,0.18074862487611495,0,0,0,109.64999999999999,,28.052,0.63,246604600,21.93,33.47,-7.64,11.83,15.85,0,0.2,249.11,-31.22,Electronic Compo-Misc,,-2.38,102.16,21.44,0.9143686502177069
GAK GR Equity     ,Frankfurt,GASANSTALT KAISERSLAUTERN AG,Gas-Distribution,2.758845,2.72918,89.1,89.1,76.24,12.86,9.030000000000001,0,21.89,65.95,0,4.65,4.65,2.758845,0,0,0.4067,2.72918,0.11877,0.6197387518142236,0.057,0.14433221099887766,0.00,0,0,0.04183237300985595,0,4.0703517587939695,1.3510235026535253,16.39569892473118,16.39569892473118,4.0703517587939695,1.1560272934040938,0.12467702147099131,0.3055199335548172,0,0,0,93,5.7,11.877,0.427,89100000,4.65,40.67,,,,0,0.05,65.95,,Gas-Distribution,,,21.89,12.86,0.6197387518142236
GSO9 GR Equity     ,Stuttgart,GAUSS INTERPRISE AG,Internet Applic Sftwr,-5.4,-5.780000000000001,11.80861,11.80861,10.768609999999999,1.04,0.6699999999999999,0,1.71,19.28,-7.09,-13.76,-6.55,-13.76,-1.27,-8.36,0,-14.14,1.00697,0.567489114658926,0.00,0.08807133100339498,0.00,0.00,-0.892116182572614,-0.7136929460580912,0,6.905619883040936,0.6124797717842323,0,0,6.905619883040936,0.5585378630705393,-1,-1,0,0,0,0.00,,100.697,0.391,11808610,-13.76,0,-0.12,7.21,-17.2,0,0.38,19.28,1.27,Internet Applic Sftwr,,,1.71,1.04,0.567489114658926
GCI GR Equity     ,Xetra,GCI MA0.00GEMENT,Consulting Services,-3.2640519999999995,-0.8124715056988603,55.5757,63.7557,60.9957,2.76,13.910000000000002,8.18,8.49,13.26,6.85,0.87,1.74,0.765948,-2.82,4.029999999999999,0.11960000000000001,1.24,0.61735,0.00,0.00,0.04329024698968092,0,5.261453780152177,0.09351432880844646,0.057763800904977375,44.81911290322581,6.546018845700824,4.191229260935144,35.055,70.11,3.824577084583083,4.599977375565611,0.14605418138987042,0.0550645578720345,0.12830225375927173,0.1471866301279156,0.9634864546525324,2.4857142857142858,,61.735,-0.108,55575700,0.87,11.96,-7.72,0.87,1.24,8.18,0.35,13.26,2.82,Consulting Services,,,8.49,2.76,-0.15674891146589262
WWG GR Equity     ,Frankfurt,GELSENWASSER AG,Water,38.089939999999984,50.909313154831196,1332.1,1340.3,1235.7,104.6,238.99999999999997,8.2,335.4,396.6,6.400000000000006,52.6,90.4,34.289939999999994,-10.2,-3.7999999999999936,0.3481,47.2,0.14615,0.4484760522496372,0.12869999999999998,0.0780422293516377,0.5466101694915254,-0.11081967480841302,0.11901159858799798,0.08645975794251133,28.22245762711864,3.971675611210495,3.3587997982854256,13.669247787610619,23.492395437262356,3.900756693830035,3.115733736762481,0.14072748956469888,0.14347255230125522,0.006118033276132209,0.006155694016965693,0.024448419797257006,18.78571428571429,12.87,14.615,0.309,1332100000,52.6,34.81,-44.2,37.8,47.2,8.2,2.8,396.6,10.2,Water,,-25.8,335.4,104.6,0.4484760522496372
GME GR Equity     ,Xetra,GERATHERM MEDICAL AG,Diagnostic Equipment,1.58407,2.0397087378640775,28.845,29.884999999999998,22.794999999999998,7.09,10.419999999999998,1.04,16.47,7.2,-0.32999999999999996,0.95,1.45,0.95,-0.18,-0.51,0,1.56,0.4326,0.48476052249637164,-0.0014000000000000002,0.2372427639283922,0.5769230769230769,-0.5368421052631579,0.21666666666666667,0.13194444444444445,18.490384615384613,1.7513661202185793,4.00625,15.720689655172412,23.99473684210526,1.7067390062821246,3.165972222222222,0.0947176684881603,0.09117082533589253,0.03480006692320563,0.03605477552435431,0.0631451123254402,13.57142857142857,-0.14,43.26,0.334,28845000,0.95,-13.06,-0.17,0.5,1.56,1.04,0.07,7.2,0.18,Diagnostic Equipment,,-0.9,16.47,7.09,0.48476052249637164
GWI1 GR Equity     ,Xetra,GERRY WEBER INTL AG,Apparel Manufacturers,17.934936000000004,14.201562500000001,236.7763,290.3263,281.5163,8.81,154.39,53.55,109.65,349.33,1.2299999999999995,26.64,32.13,15.714936000000003,-3.45,-2.2200000000000006,0.41009999999999996,12.71,0.24946000000000002,1.1727140783744558,-0.016,0.030345166800251993,0.6459480723839497,-0.1412668813923264,0.036383934961211464,0.044985933071880466,18.629134539732494,2.159382580939352,0.6778012194772851,8.761789604730781,10.567428678678679,1.7789601715686276,0.8058749606389375,0.11591427268581851,0.10178726601463828,0.18444763702082792,0.22616283808810256,0.48837209302325574,6.744303797468354,-1.6,24.946,0.808,236776300,26.64,41.01,-6.72,5.49,12.71,53.55,3.95,349.33,3.45,Apparel Manufacturers,15.73,-8.21,109.65,8.81,1.1727140783744558
GSC GR Equity     ,Frankfurt,GESCO AG,Diversified Operations,8.769766,5.5551983644601615,55,113,98.89,14.11,76.38000000000001,58,32.49,171.23,-3.16,7.94,16.36,4.159766,-1.45,-4.61,0.47609999999999997,3.9,0.24414999999999998,0.36574746008708275,-0.0646,0.12486725663716813,0.3076923076923077,-1.1082354151651799,0.022776382643228406,0.024293441569818375,14.102564102564102,1.6928285626346566,0.321205396250657,6.044621026894866,12.454659949622165,1.248756768703724,0.5775273024586813,0.12003693444136657,0.05446145587850222,0.5132743362831859,1.0545454545454545,1.7851646660510925,4.9937106918239,-6.46,24.415,0.252,55000000,7.94,47.61,-5.26,8.42,3.9,58,1.59,171.23,1.45,Diversified Operations,,-1.2,32.49,14.11,0.36574746008708275
GFK GR Equity     ,Xetra,GFK AG,Consulting Services,64.619304,58.87802435852707,978.2281,1045.0781,996.3780999999999,48.7,266.59,66.85,248.44,671.74,-7.959999999999999,84.36,106.38,56.639304,-0.02,-7.979999999999999,0.3286,52.59,0.27357,0.9027576197387519,0.2249,0.04659938812228484,0.1241680927933067,-0.14089156180308993,0.07828921904308214,0.08431730133682676,18.601028712683018,3.9374822894863954,1.4562600113139013,9.366216394059034,11.811025367472736,3.314656665292271,1.4832793938130824,0.21168088874577365,0.2124584718106456,0.0639665112109803,0.06833784472149183,0.26907905329254544,19.43778801843318,22.49,27.357,0.622,978228100,84.36,32.86,-14.06,22.02,52.59,66.85,4.34,671.74,0.02,Consulting Services,13.24,-6.53,248.44,48.7,0.9027576197387519
GFT GR Equity     ,Xetra,GFT TECHNOLOGIES AG,Computer Software,-0.5700000000000003,-0.6336114066822702,44.2276,44.2376,11.517600000000002,32.72,14.269999999999996,0.01,46.98,125.53,-11.74,-17.54,-5.1899999999999995,-17.54,-5.23,-16.97,0,-17.599999999999998,0.50257,2.014513788098694,0.00,0.7396422952420565,0.00,0.00,-0.14116147534453916,-0.13972755516609575,0,0.941413367390379,0.35232693380068514,0,0,0.9414258352841031,0.09175177248466503,-0.37462750106428266,-1,0.0002260520462231224,0.0002261031573044886,0.0002128565346956152,0.00,,50.257,1.388,44227600,-17.54,-31.9,-0.61,12.35,-17.72,0.01,0.06,125.53,5.23,Computer Software,,,46.98,32.72,2.014513788098694
GIL GR Equity     ,Xetra,GILDEMEISTER AG,Mach Tools&Rel Products,14.018239999999999,3.3243274285905637,229.5033,577.2633,516.9633,60.3,536.96,347.76,249.5,1051.5,-16.599999999999998,41.6,70.93,19.29824,21.88,5.280000000000001,0.5361,5.53,0.30279,1.1480406386066764,0.00,0.10445839879306376,0,0.2736000795927505,0.0052591535901093675,0.018353057536852117,41.50150090415913,0.9198529058116233,0.21826276747503565,7.288358945439165,12.427002403846153,0.9665192713391152,0.49164365192582027,0.02216432865731463,0.03593980929678188,0.6024287357259677,1.5152723294174855,1.3938276553106212,1.3688713392563343,,30.279,0.791,229503300,41.6,53.61,-12.73,29.33,5.53,347.76,30.39,1051.5,-21.88,Mach Tools&Rel Products,29,0,249.5,60.3,1.1480406386066764
GIR GR Equity     ,Xetra,GIRINDUS AG,Medical-Biomedical/Gene,-3.9400000000000004,-3.7966000104027744,29.25,36.69,22.79,13.9,23.590000000000003,7.44,30.05,31.52,-2.4899999999999998,-3.43,-0.5900000000000003,-3.387811,3,0.5100000000000002,0.0123,-3.387811,0.51943,1.3889695210449928,0.00,0.37884982284001095,0.00,0.00,-0.10215736040609137,-0.10748131345177665,0,0.9733777038269551,0.9279822335025381,0,0,0.978660976260336,0.7230329949238579,-0.11273913477537438,-0.14361216617210681,0.2027800490596893,0.25435897435897437,0.2475873544093178,0.00,,51.943,0.957,29250000,-3.43,1.23,-0.35,2.84,-3.22,7.44,,31.52,-3,Medical-Biomedical/Gene,,,30.05,13.9,1.3889695210449928
GLU GR Equity     ,Frankfurt,GLUNZ AG,Bldg Prod-Wood,-16.3,0.00,241.7792,361.80920000000003,349.91920000000005,11.89,107.84,120.03,-0.3,407.5,-17.09,-26.46,2.919999999999998,-26.412372,6.93,-10.16,0.0018,-37.302734,0.8939199999999999,0.43831640058055155,0.00,0.032862624830988264,0.00,0.00,-0.10939877300613496,-0.06481563680981596,0,0,0.5933231901840491,119.83534246575351,0,0,0.8586974233128836,0.00,-0.2449218471810089,0.3317494414182945,0.4964446900312351,0.00,0.00,,89.392,0.302,241779200,-26.46,0.18,-12.29,29.38,-44.58,120.03,10.91,407.5,-6.93,Bldg Prod-Wood,,,-0.3,11.89,0.43831640058055155
GPC GR Equity     ,Xetra,GPC BIOTECH AG,Medical-Biomedical/Gene,-44.160000000000004,-44.21428199052133,249.6279,251.39790000000002,191.97790000000003,59.42,67.17999999999999,1.77,124.83,12.65,-0.6599999999999999,-40.89,-39.160000000000004,-40.89,3.93,3.2700000000000005,0,-40.99,0.33384,0.8780841799709724,0.00,0.23635837849083066,0.00,0.00,-1,-1,0,1.9997428502763759,19.733430830039527,0,0,1.9857654028436023,15.176118577075101,-0.3283665785468237,-0.6086632926466211,0.0070406316043212765,0.007090553579948395,0.014179283826003366,0.00,,33.384,0.605,249627900,-40.89,0,-1.07,1.73,-39.93,1.77,0.1,12.65,-3.93,Medical-Biomedical/Gene,,,124.83,59.42,0.8780841799709724
GMM GR Equity     ,Frankfurt,GRAMMER AG,Auto/Trk Prts&Equip-Orig,30.204000999999998,19.66277596249467,262.379,343.79900000000004,335.999,7.8,203.37,81.42,129.75,786.5,-9.5,28.03,58.519999999999996,15.324000999999999,-5.38,-14.879999999999999,0.4533,10.52,0.43204,0.567489114658926,-0.053200000000000004,0.022687675065954233,0.3022813688212928,-0.971025778450419,0.013375715193897011,0.01948379020979021,24.94096958174905,2.0221888246628135,0.333603305785124,5.741609706083391,11.987120941848021,1.628067433821092,0.4272078830260649,0.08107899807321772,0.07535035157594532,0.23682442357307612,0.3103144687646496,0.627514450867052,3.602827763496144,-5.32,43.204,0.391,262379000,28.03,45.33,-20.99,30.49,10.52,81.42,7.78,786.5,5.38,Auto/Trk Prts&Equip-Orig,,-3.18,129.75,7.8,0.567489114658926
GKR GR Equity     ,Frankfurt,GRAPHIT KROPFMUEHL AG,Chemicals-Specialty,1.504375,0.40612508497620653,42.2496,71.8596,70.6096,1.25,42.879999999999995,29.61,14.52,73,-0.3799999999999999,1.25,4.77,0.6043750000000001,-0.52,-0.8999999999999999,0.5165,0.11,0.38348999999999994,1.0130624092888243,-0.0353,0.01739503142238476,0,-1.4891416752843842,0.0015068493150684932,0.008279109589041097,200,2.909752066115703,0.5787616438356165,14.802851153039834,56.48768,1.6283616587355543,0.967254794520548,0.007575757575757576,0.014094566231343288,0.4120535043334502,0.7008350374914791,2.0392561983471076,0.7022471910112359,-3.53,38.349,0.698,42249600,1.25,51.65,-3.14,3.52,0.11,29.61,1.78,73,0.52,Chemicals-Specialty,,0,14.52,1.25,1.0130624092888243
GRF GR Equity     ,Frankfurt,GREIFFENBERGER AG,Machinery-General Indust,-3.3340359999999998,-1.7941665018280584,16.5,91.7,88.81,2.89,92.84,75.2,20.53,156.5,3.1399999999999997,3.54,9.83,2.465964,2.66,5.8,0.3034,-0.550314,0.2918,0.2960812772133527,0.00,0.03151581243184297,0.00,2.3520213595981123,-0.026070287539936104,0.015756958466453676,0,0.8037018996590355,0.10543130990415335,9.034587995930824,25.087570621468927,0.957902433928758,0.5674760383386581,-0.02680535801266439,0.02656143903489875,0.8200654307524536,4.557575757575758,3.6629322942036042,0.8175519630484989,,29.18,0.204,16500000,3.54,30.34,-9.43,6.29,-4.08,75.2,4.33,156.5,-2.66,Machinery-General Indust,,,20.53,2.89,0.2960812772133527
BTU GR Equity     ,Dusseldorf,GTG DIENSTLEISTUNGSGRUPPE,Transport-Services,-0.49,-0.304878,12.6,12.639999999999999,12.639999999999999,0,12.54,0.04,12.5,0.37,0,-0.49,-0.49,-0.292922,0,0,0.4022,-0.304878,0.26459,0.5355587808417998,0.00,0,0.00,0.00,0,-0.7916810810810812,0,1.008,20,0,0,1.0079744816586922,20,-0.024390239999999997,-0.023359011164274326,0.003164556962025317,0.0031746031746031746,0.0032,0.00,,26.459,0.369,12600000,-0.49,40.22,,,,0.04,0.02,0.37,,Transport-Services,,,12.5,0,0.5355587808417998
WAS GR Equity     ,Xetra,H&R WASAG AG,Chemicals-Other,7.581244000000001,5.29613400472716,222.4522,240.3622,229.6022,10.76,86.55,17.91,79.4,211.15,-1.25,12.97,24.29,7.071244000000001,0.74,-0.51,0.4548,4.88,0.32481000000000004,1.4354136429608129,0.00,0.04476577431892369,1.7438524590163935,-0.07212309460683296,0.023111532086194646,0.033489197253137586,45.584467213114756,2.8016649874055415,1.0535268766279895,9.4525401399753,17.70255975327679,2.4700667968348577,1.0873890599100167,0.061460957178841306,0.08170125938763721,0.07451254814608953,0.08051167846395765,0.2255667506297229,4.699275362318841,,32.481,0.989,222452200,12.97,45.48,-10.07,11.32,4.88,17.91,2.76,211.15,-0.74,Chemicals-Other,,-8.51,79.4,10.76,1.4354136429608129
HAI GR Equity     ,Frankfurt,HAITEC AG,Applications Software,-0.7000000000000002,-3.491279069767442,14.96931,18.21931,17.66931,0.55,3.75,3.25,1.05,24.93,-0.5599999999999999,-3.93,-3.2,-3.93,-2.67,-3.23,0,-4.28,0.77298,1.2568940493468796,0.00,0.030187751347334233,0.00,0.00,-0.16927396710790213,-0.15764139590854392,0,14.256485714285715,0.600453670276775,0,0,4.2370488372093025,0.7087569193742479,-1,-1,0.17838216705242954,0.21711087551797645,3.095238095238095,0.00,,77.298,0.866,14969310,-3.93,-2.13,-0.17,0.73,-4.22,3.25,0.35,24.93,2.67,Applications Software,,,1.05,0.55,1.2568940493468796
HAP GR Equity     ,Frankfurt,HARPEN AG,Electric-Integrated,-29.053533,-13.018083355935275,673.09,999.1,971.33,27.77,635.89,326.01,337.65,264.47,77.59,40.27,103.61000000000001,39.146467,-9.39,68.2,0.0279,21.68,0.06099,0.42525399129172714,0.061,0.027795015513962566,0.7652214022140221,1.7421750984577995,0.0819752712973116,0.1480185540893107,31.04658671586716,1.9934547608470312,2.5450523688887206,9.374867290802046,24.120437049913086,1.5054395322906309,3.6727417098347637,0.06420849992595884,0.06156169620531853,0.3263036733059754,0.48434830409009194,0.9655264326965793,1.28864,6.1,6.099,0.293,673090000,40.27,2.79,-140.93,63.34,21.68,326.01,31.25,264.47,9.39,Electric-Integrated,,-16.59,337.65,27.77,0.42525399129172714
PHH2 GR Equity     ,Frankfurt,PAUL HARTMANN AG,Medical Products,55.686308,35.990713518194795,407.2563,629.1763,593.5463,35.63,587.9,221.92,401.61,1309.75,-7.940000000000005,64.21,128.69,39.476307999999996,-8.27,-16.210000000000004,0.38520000000000004,25.55,0.20227,0.49637155297532665,0.0258,0.05662959650578066,0.4031311154598826,-0.4106260392942523,0.01950753960679519,0.030140338232487112,15.93958121330724,1.0140591618734593,0.3109420118343195,4.612217732535551,9.243829621554276,1.0090553782496432,0.4531752624546669,0.06361893379148925,0.06714799795883654,0.3527151292888813,0.5449148361854684,0.5525758820746495,5.016406249999999,2.58,20.227,0.342,407256300,64.21,38.52,-56.54,64.48,25.55,221.92,12.8,1309.75,8.27,Medical Products,,-10.3,401.61,35.63,0.49637155297532665
HAW GR Equity     ,Xetra,HAWESKO HOLDING AG,Beverages-Wine/Spirits,15.807224,11.746029865604779,142.2995,176.6795,162.3595,14.32,86.13,34.38,66.07,278.77,-0.75,15.12,19.75,7.147224,-7.91,-8.66,0.5273,6.05,0.29797,0.7387518142235124,-0.1094,0.08105071612722473,0.7289256198347108,-1.2116592400070294,0.021702478745919577,0.02563842594253327,23.520578512396693,2.153768730134706,0.5104548552570219,8.22073417721519,10.738062169312169,1.7588800398208064,0.582413817842666,0.09156954744967459,0.08298181818181818,0.19458963829985937,0.24160309769184013,0.5203571969123658,7.375609756097561,-10.94,29.797,0.509,142299500,15.12,52.73,-3.88,4.63,6.05,34.38,2.05,278.77,7.91,Beverages-Wine/Spirits,9.53,-4.41,66.07,14.32,0.7387518142235124
STG GR Equity     ,Stuttgart,SHB STUTTGARTER FI0.000.00Z-UND,Brewery,-0.08249799999999752,22.139197840088478,409.5,423.11,403.65000000000003,19.46,134.24999999999997,13.61,140.1,81.5,7.8,23.49,31.189999999999998,18.317502,10.6,18.4,0.2202,38.91,0.22422999999999998,0.26850507982583455,0.3831,0.04599276783815084,0.31611410948342333,1.0045037800459908,0.47742331288343554,0.2247546257668712,10.524286815728605,2.922912205567452,5.024539877300613,12.941647964091057,17.183908045977013,2.752651096220155,4.9527607361963195,0.27773019271948607,0.136443217877095,0.03216657606768925,0.03323565323565324,0.09714489650249822,27.96428571428571,38.31,22.423,0.185,409500000,23.49,22.02,-15.5,7.7,38.91,13.61,0.84,81.5,-10.6,Brewery,,-12.3,140.1,19.46,0.26850507982583455
HEI GR Equity     ,Xetra,HEIDELBERGCEMENT AG,Bldg Prod-Cement/Aggreg,1559.031622,444.4264450585946,4911.372,8964.882000000001,8697.172000000002,267.71,7320.01,4053.51,3534.21,6929.41,-33.19999999999999,710.41,1194.59,710.41,32.95,-0.2499999999999858,0,444.30999999999995,0.28122,1.1625544267053702,0.00,0.029862077381498153,0.00,-0.0003519094607339224,-0.05278948712805275,0.10252099385084733,0,1.3896661488706106,0.7087720310964426,7.280466101340211,12.242468433721376,1.181498790150401,1.2551100310127417,0.12571692117899047,0.09705041386555482,0.4521543061024116,0.825331495964875,1.1469352415391276,2.669710635099586,,28.122,0.801,4911372000,710.41,-119.42,-450.98,484.18,-365.8,4053.51,266.1,6929.41,-32.95,Bldg Prod-Cement/Aggreg,2,-114.45,3534.21,267.71,1.1625544267053702
HDD GR Equity     ,Xetra,HEIDELBERGER DRUCKMASCHINEN,Machinery-Print Trade,137.21000000000006,-95.67940077845273,1858.2,2584.1800000000003,2492.36,91.82,1832.51,725.98,1198.35,3207,-5.77000000000001,-249.6,-79.44999999999999,-249.6,-381.04,-386.81000000000006,0,-336.56,0.20445,1.4136429608127723,0.00,0.035531580617449245,0.00,0.00,-0.21856251948861863,-0.07782974742750234,0,1.5506321191638504,0.5794200187090739,0,0,1.3428985672935516,0.7771624571250391,-0.2808528393207327,-0.13620662370191705,0.28093244278649315,0.39068991497147776,0.6058163307881671,0.00,,20.445,0.974,1858200000,-249.6,-37.23,-164.38,170.15,-700.93,725.98,86.96,3207,381.04,Machinery-Print Trade,4,-1.54,1198.35,91.82,1.4136429608127723
HLR GR Equity     ,Xetra,HEILER SOFTWARE AG,B2B/E-Commerce,-2.77,-2.77,16.97388,16.97388,0.08388000000000062,16.89,1.5300000000000011,0,18.42,5.31,-0.13,-2.63,-2.4099999999999997,-2.63,0.27,0.14,0,-2.63,0.37278,0.8867924528301887,0.00,0.9950582895601948,0.00,0.00,-0.9303201506591339,-0.4952919020715631,0,0.9214918566775244,3.1965875706214693,0,0,0.9214918566775244,0.015796610169491642,-0.14277958740499455,-1,0,0,0,0.00,,37.278,0.611,16973880,-2.63,-114.89,-0.09,0.22,-4.94,0,0,5.31,-0.27,B2B/E-Commerce,,,18.42,16.89,0.8867924528301887
HBB GR Equity     ,Frankfurt,HEINRICH INDUSTRIE AG,Electronic Compo-Misc,-1.46,4.2713515064562415,63.02,64.16,51.709999999999994,12.45,22.400000000000002,1.14,33.71,82.84,-1.04,-4.17,1.0499999999999998,-3.539079,-1.67,-2.71,0.15130000000000002,1.65,0.34909,0.714078374455733,1.4282,0.19404613466334164,0.6666666666666667,0.00,0.019917914051183,-0.04272186141960405,38.193939393939395,1.8694749332542273,0.7607436021245775,49.24761904761905,0,1.8410329985652796,0.6242153549010139,0.048946900029664786,-0.15799459821428571,0.017768079800498753,0.018089495398286255,0.03381785820231385,0.00,142.82,34.909,0.492,63020000,-4.17,15.13,-4.18,5.22,1.65,1.14,0.05,82.84,1.67,Electronic Compo-Misc,,-1.1,33.71,12.45,0.714078374455733
HEN GR Equity     ,Xetra,HENKEL KGAA,Soap&Cleaning Prepar,7.4191999999999325,1303.5081164648286,9698.868,12872.868,12735.868,137,7625,3174,4588,10592,-173,816,1333,737.4191999999999,903,730,0.09630000000000001,1735,0.17043,1.1277213352685052,0.3713,0.010642539020830477,0.0962536023054755,0.9899389655164933,0.16380287009063443,0.06962039274924471,5.590125648414986,2.1139642545771578,0.9156786253776436,9.554289572393099,15.60768137254902,1.6584473073950012,1.2024044561933536,0.37816041848299914,0.09671071475409836,0.2465651011103353,0.3272546858045702,0.6918047079337402,7.69811320754717,37.13,17.043,0.777,9698868000,816,9.63,-344,517,1735,3174,106,10592,-903,Soap&Cleaning Prepar,10,-167,4588,137,1.1277213352685052
HEZ GR Equity     ,Frankfurt,HERLITZ AG,Office Supplies&Forms,16.356048,6.338239095315023,49.6302,112.7002,100.7602,11.94,93.28999999999999,63.07,42.16,119.91,-1.7799999999999998,2.88,5.93,2.88,-10.97,-12.75,0,1.23,0.58295,0.991291727140784,0.00,0.10594479867826322,0,-4.427083333333334,0.010257693269952465,0.0240180135101326,40.34975609756098,1.177186907020873,0.41389542156617465,16.99160202360877,34.986180555555556,1.0709892616174095,0.8402985572512718,0.029174573055028463,0.03087147604244828,0.5596263360668393,1.2707988281328706,1.495967741935484,1.6842105263157894,,58.295,0.683,49630200,2.88,-25.21,-1.27,3.05,1.23,63.07,1.71,119.91,10.97,Office Supplies&Forms,,,42.16,11.94,0.991291727140784
HOT GR Equity     ,Xetra,HOCHTIEF AG,Building&Construct-Misc,-132.630807,-60.556129621787875,1642.9,2786.38,2016.77,769.61,1922.5300000000002,1143.48,1548.66,11943.66,168.19,102.03,374.15,44.189193,8.63,176.82,0.5669,41.16,0.20739999999999997,1.4194484760522497,-0.2621,0.276204250676505,2.055636540330418,4.001430847583028,0.003446179814227799,0.0036998033266184742,39.91496598639456,1.0608526080611627,0.13755415006790214,5.390271281571563,19.766441242771734,1.0350056089207842,0.168856950047138,0.02657781565998992,0.022984917270471722,0.41038192924152483,0.6960131474831092,0.7383673627523148,1.3576846307385229,-26.21,20.74,0.978,1642900000,102.03,56.69,-440.31,272.12,41.16,1143.48,75.15,11943.66,-8.63,Building&Construct-Misc,13.5,-84.61,1548.66,769.61,1.4194484760522497
HOE GR Equity     ,Frankfurt,HOECHST AG,Chemicals-Diversified,-284.8728000000001,802.0925726587728,32542.76,38532.759999999995,38432.759999999995,100,8261,5990,2371,4516,44,888,1070,561.1271999999999,802,846,0.36810000000000004,1042,0.019799999999999998,0.6690856313497824,0.024700000000000003,0.002595194322960515,0.41938579654510555,1.507679542178672,0.23073516386182463,0.12425314437555357,31.231055662188098,13.725331083930831,7.2061027457927365,35.91846728971962,43.280135135135126,4.608630546585336,8.510354295837022,0.439477013918178,0.06792485171286768,0.15545213994533486,0.18406551872060023,2.5263601855757063,5.6923076923076925,2.47,1.98,0.461,32542760000,888,36.81,-226,182,1042,5990,156,4516,-802,Chemicals-Diversified,,-437,2371,100,0.6690856313497824
HWS GR Equity     ,Xetra,HOEFT & WESSEL AG,Machinery-Electrical,7.2044,4.623333333333334,40.53303,55.13303,50.573029999999996,4.56,39.239999999999995,14.6,29.2,89.03,-4.61,3,9.24,3,0.66,-3.95,0,1.99,0.66191,1.5370101596516692,0.00,0.08270904029762195,0,-1.3166666666666667,0.022352016174323263,0.033696506795462204,20.368356783919598,1.3881174657534245,0.4552738402785577,5.4732716450216445,16.857676666666666,1.2587449771689498,0.5680448163540379,0.06815068493150685,0.07645259938837921,0.26481403253185976,0.36020006399718946,0.5,2.0408163265306123,,66.191,1.059,40533030,3,-8.48,-1.63,6.24,1.99,14.6,1.47,89.03,-0.66,Machinery-Electrical,,0,29.2,4.56,1.5370101596516692
BPC GR Equity     ,Frankfurt,HOLCIM DEUTSCHLAND AG,Bldg Prod-Cement/Aggreg,-54.68,-58.242646261477915,515.48,591.1700000000001,589.7400000000001,1.43,227.26999999999998,75.69,153.01,184,-6,-50.76,-20.089999999999996,-50.76,9.92,3.92,0,-55.62,0.3448,0.374455732946299,0.00,0.0024189319485088887,0.00,0.00,-0.3005434782608695,-0.2758695652173913,0,3.3689301352852756,2.801521739130435,0,0,2.5849147354613033,3.2051086956521746,-0.3635056532252794,-0.22334668016016193,0.1280342371906558,0.1468340187786141,0.4946735507483171,0.00,,34.48,0.258,515480000,-50.76,-8.02,-24.67,30.67,-55.3,75.69,4.86,184,-9.92,Bldg Prod-Cement/Aggreg,,0,153.01,1.43,0.374455732946299
HST GR Equity     ,Frankfurt,HOLSTEN-BRAUEREI AG,Brewery,92.09008,29.92949811273798,538.45,827.82,812.48,15.34,466.84000000000003,289.37,192.81,752.09,-17.97,46.4,137.45,25.97008,-48.15,-66.12,0.4403,3.49,0.08212,0.5791001451378811,-0.1503,0.018530598439274237,1.7736389684813754,-2.5460067893514386,0.004640402079538353,0.034530548205666874,154.28366762177652,2.7926456096675487,0.7159382520708958,5.911094943615861,17.51034482758621,1.7168277406777552,1.0802962411413528,0.01810072091696489,0.05562950903949961,0.3495566669082651,0.5374129445630977,1.5008039002126445,1.797752808988764,-15.03,8.212,0.399,538450000,46.4,44.03,-73.08,91.05,3.49,289.37,25.81,752.09,48.15,Brewery,,-6.19,192.81,15.34,0.5791001451378811
HORN GR Equity     ,Xetra,HORNBACH BAUMARKT AG,Retail-Building Products,-27.474472000000006,-3.521844794823078,464.9062,880.3661999999999,831.8062,48.56,730.28,415.46,363.38,1923.04,2.6700000000000017,64.29,126.57000000000001,40.065528,64.87,67.54,0.3768,27.99,0.32465000000000005,0.497822931785196,-0.0187,0.05515886457249268,0.46659521257592,1.6857384233149255,0.014555079457525584,0.020834474581911972,16.609724901750628,1.2793940227860643,0.2417558657126217,6.571906454926127,12.938344999222272,1.1303556571311182,0.4325475289125551,0.07702680389674721,0.054863241496412335,0.4719172544334392,0.8936426315674,1.1433210413341406,3.0000000000000004,-1.87,32.465,0.343,464906200,64.29,37.68,-64.95,62.28,27.99,415.46,21.43,1923.04,-64.87,Retail-Building Products,,-13.06,363.38,48.56,0.497822931785196
HOK GR Equity     ,Frankfurt,KONRAD HORNSCHUCH AG,Textile-Products,0.6664430000000001,0.9901812323801851,121.7216,123.96159999999999,122.63159999999999,1.33,23.5,2.24,22.59,121.93,-0.8099999999999996,4.51,9.19,4.326443,4.47,3.66,0.0407,4.32,0.51383,0.4470246734397678,0.10619999999999999,0.010729129020599928,0,0.8459605269270853,0.03543016484868367,0.03548300664315591,28.176296296296293,5.38829570606463,0.9982908226031328,13.344026115342764,27.191042128603105,4.992412404349577,1.0057541212170917,0.1912350597609562,0.18410395744680852,0.018070112034694618,0.018402649981597352,0.09915891987605135,10.738095238095237,10.62,51.383,0.308,121721600,4.51,4.07,-3.87,4.68,4.32,2.24,0.42,121.93,-4.47,Textile-Products,,,22.59,1.33,0.4470246734397678
HCK GR Equity     ,Frankfurt,HUCKE AG,Textile-Apparel,-4,-4.11,23.22555,23.22555,1.5855499999999978,21.64,34.44,0,56.08,154.19,-0.74,-4.09,-2.2399999999999998,-4.09,0.65,-0.08999999999999997,0,-4.2,0.3472,0.5515239477503628,0.00,0.9317325101020214,0.00,0.00,-0.02529346909656917,-0.026525715026914844,0,0.4141503209700428,0.15062941825021078,0,0,0.4141503209700428,0.010283092288734664,-0.07489300998573467,-0.11875725900116145,0,0,0,0.00,,34.72,0.38,23225550,-4.09,-0.72,-1.11,1.85,-3.9,0,0.11,154.19,-0.65,Textile-Apparel,,-1.73,56.08,21.64,0.5515239477503628
BOS GR Equity     ,Xetra,HUGO BOSS AG  -ORD,Apparel Manufacturers,74.64983999999998,76.70738094479661,1622.786,1828.6660000000002,1777.5660000000003,51.1,576.76,205.88,421.98,1168.36,19.880000000000003,135.28,172.68,91.71983999999999,-2.81,17.070000000000004,0.322,88.18,0.24431999999999998,0.8780841799709724,0.09269999999999999,0.02794386727811421,0.6263325017010659,0.18611022435276822,0.07547331301995962,0.07850306412407135,18.403107280562484,3.8456467131143657,1.3889434763257902,10.29398888116748,13.13990242460083,2.912537826904087,1.5214197678797634,0.208967249632684,0.1590260073514113,0.11258480225475838,0.1268682377097165,0.48789042134698324,19.21590909090909,9.27,24.432,0.605,1622786000,135.28,32.2,-57.28,37.4,88.18,205.88,7.04,1168.36,2.81,Apparel Manufacturers,7,-55.23,421.98,51.1,0.8780841799709724
HYM GR Equity     ,Frankfurt,HYMER AG,Bldg-Mobil Home/Mfd Hous,10.206991999999993,17.355955056179774,305,418.05,405.58,12.47,224.27,113.05,123.69,716.63,12.500000000000002,54.48,67.33,33.52699199999999,10.82,23.32,0.3846,29.54,0.21413000000000001,0.7227866473149492,0.10980000000000001,0.029828967826814975,0.17874069058903183,0.6955589693223897,0.04122071361790603,0.04678424291475377,10.32498307379824,2.4658420244158785,0.42560317039476436,6.023763552651121,7.444566813509545,1.7658612824195319,0.5659545372088804,0.2388228636106395,0.14949387791501312,0.27042219830163855,0.370655737704918,0.9139784946236559,7.463013698630137,10.98,21.413,0.498,305000000,54.48,38.46,-25.35,12.85,29.54,113.05,7.3,716.63,-10.82,Bldg-Mobil Home/Mfd Hous,,-5.28,123.69,12.47,0.7227866473149492
HYI GR Equity     ,Frankfurt,HYRICAN INFORMATIONSSYSTEMS,Computers,2.7574739999999998,3.33,32,32,12.02,19.98,3.009999999999998,0,22.99,61.57,-0.1,4.43,4.63,2.8874739999999997,0.23,0.13,0.3482,3.46,0.5405599999999999,0.6516690856313498,0.1818,0.624375,0.8092485549132947,0.04502205041499942,0.05619619944778301,0.046897417573493576,9.248554913294798,1.3919095258808178,0.519733636511288,2.5961123110151187,2.7133182844243793,1.3919095258808178,0.19522494721455252,0.15050021748586342,0.9592936877076417,0,0,0,29.53333333333333,18.18,54.056,0.449,32000000,4.43,34.82,-0.1,0.2,3.46,0,0.15,61.57,-0.23,Computers,,-2.8,22.99,19.98,0.6516690856313498
IDL GR Equity     ,Frankfurt,I-D MEDIA AG,Web Hosting/Design,0.19999999999999996,0.17469537815126035,18.513,18.563000000000002,17.103,1.46,8.060000000000002,0.05,9.47,9.23,-0.49,-0.81,-0.09000000000000008,-0.81,-0.52,-1.01,0,-0.8300000000000001,0.54278,0.7692307692307694,0.00,0.07865108010558637,0.00,0.00,-0.07908992416034669,-0.08775731310942579,0,1.954910242872228,2.005742145178765,0,0,1.9498949579831932,1.852979414951246,-0.08764519535374868,-0.10049627791563273,0.0026935301406022733,0.0027008048398422728,0.005279831045406547,0.00,,54.278,0.53,18513000,-0.81,-55.3,-0.23,0.72,-0.73,0.05,0.02,9.23,0.52,Web Hosting/Design,,,9.47,1.46,0.7692307692307694
IBB GR Equity     ,Xetra,IBS AG,Computer Software,1.1146960000000001,0.3181950774840475,10.65593,13.96593,12.48593,1.48,9.49,3.31,7.66,17.96,-1.04,2.48,3.7800000000000002,1.804696,1.73,0.69,0.2723,0.8,0.84902,1.3381712626995648,0.00,0.10597217657542318,0,0.3823358615523057,0.044543429844097995,0.10048418708240535,13.3199125,1.3911135770234986,0.5933145879732739,3.3031560846560843,5.034649193548387,1.273102096627165,0.6952076837416481,0.10443864229765014,0.190168177028451,0.23700534085449376,0.3106251636412777,0.4321148825065274,0.00,,84.902,0.922,10655930,2.48,27.23,-0.26,1.3,0.8,3.31,,17.96,-1.73,Computer Software,,,7.66,1.48,1.3381712626995648
IDS GR Equity     ,Xetra,IDS SCHEER AG,Consulting Services,-1.9457579999999979,1.214882425742573,447.2757,471.6857,404.09569999999997,67.59,126.32999999999998,24.41,169.51,280.23,-2.0699999999999994,32.74,39.13,20.734242000000002,24.75,22.68,0.3667,21.04,0.25046,1.7576197387518144,0.2346,0.14329457093992887,0.21150190114068443,1.0938427360884473,0.07508118331370658,0.07399008671448454,21.258350760456274,2.6386390183470003,1.5961021303928913,10.327004855609506,12.34256872327428,2.432372627887789,1.4420144167291151,0.12412247065069908,0.16412761814295895,0.051750561867786114,0.05457484052900706,0.14400330363990327,0.00,23.46,25.046,1.211,447275700,32.74,36.67,-4.32,6.39,21.04,24.41,,280.23,-24.75,Consulting Services,,-4.45,169.51,67.59,1.7576197387518144
IFA GR Equity     ,Frankfurt,IFA HOTEL & TOURISTIK AG,Hotels&Motels,12.01682,4.355092592592592,50.82,200.4,185.14000000000001,15.26,218.02000000000004,149.58,83.7,109.89,-5.1,11.7,26.299999999999997,4.616820000000001,-2.3,-7.3999999999999995,0.6053999999999999,1.7,0.18728999999999998,0.8142235123367201,-0.1512,0.07614770459081836,0,-1.602834851694456,0.01547001547001547,0.04201310401310402,29.894117647058824,0.6071684587813619,0.4624624624624625,7.039543726235743,15.823931623931626,0.8590534979423867,1.684775684775685,0.02031063321385902,0.02117613063021741,0.7464071856287425,2.9433293978748525,1.7870967741935484,1.4735516372795967,-15.12,18.729,0.561,50820000,11.7,60.54,-9.5,14.6,1.7,149.58,7.94,109.89,2.3,Hotels&Motels,,0,83.7,15.26,0.8142235123367201
IGL GR Equity     ,Frankfurt,IG FARBENINDUSTRIE,Chemicals-Diversified,0.632411,-1.0642177493138152,15.4,40.48,40.029999999999994,0.45,32.339999999999996,25.08,7.71,0,0.01,0.01,0.01,0.01,-0.63,-0.62,0,-1.21,0.86712,0.00,0.00,0.011116600790513836,0.00,-62,0.00,0.00,0,1.9974059662775616,0,200,200,1.2345227203415674,0,-0.1569390402075227,0.00030921459492888067,0.6195652173913043,1.6285714285714283,3.252918287937743,0.00819672131147541,,86.712,-0.731,15400000,0.01,-24.11,-0.01,0,-1.31,25.08,1.22,,0.63,Chemicals-Diversified,,,7.71,0.45,-1.060957910014514
INH GR Equity     ,Xetra,INDUS HOLDING AG,Diversified Manufact Op,49.22511,17.09724774683823,413.64,836.99,736.66,100.33,444.46,423.35,121.44,706.23,-18.71,52.7,109.65,24.205110000000005,-6.31,-25.02,0.5407,11.52,0.16443000000000002,0.9535558780841801,-0.0479,0.11987001039438941,1.796875,-1.033666031676782,0.01631196635656939,0.03427369270634213,35.90625,3.4061264822134385,0.5857015419905696,6.718285453716369,13.978368121442124,1.5363534572954718,1.0430879458533338,0.09486166007905138,0.05445959141430051,0.5058005471988913,1.0234745189053285,3.4860836627140976,2.1164658634538154,-4.79,16.443,0.657,413640000,52.7,54.07,-38.24,56.95,11.52,423.35,24.9,706.23,6.31,Diversified Manufact Op,,-20.7,121.44,100.33,0.9535558780841801
IFX GR Equity     ,Xetra,INFINEON TECHNOLOGIES AG,Electronic Compo-Semicon,388.54339999999996,254.37061183550654,5173.139,7171.139,6563.139,608,7368,1998,5978,7195,-157,598,1918,130.54339999999996,-101,-258,0.7817000000000001,61,0.25341,1.9767779390420903,0.00,0.08478429995569742,0,-1.9763542239592355,0.00847810979847116,0.01814362751911049,84.80555737704918,0.8653628303780528,0.7189908269631688,3.421866006256517,10.975148829431438,0.8990896439317954,0.9121805420430855,0.01020408163265306,0.017717616720955478,0.27861682781493985,0.38622584856119274,0.33422549347607894,4.746031746031746,,25.341,1.362,5173139000,598,78.17,-1163,1320,61,1998,126,7195,101,Electronic Compo-Semicon,33.305,0,5978,608,1.9767779390420903
IGI GR Equity     ,Frankfurt,INFO AG GES FUER INFORMATION,Telecom Services,12.374265,12.899999999999999,42.4,42.4,33.28,9.12,8.410000000000002,0,17.53,75.75,-0.5899999999999999,3.35,6.83,2.934265,-8.85,-9.44,0.1241,3.46,0.35448999999999997,0.725689404934688,0.00,0.2150943396226415,1.5028901734104048,-3.2171600042940907,0.04567656765676568,0.03873617161716172,12.254335260115607,2.4187107815173987,0.5597359735973597,4.8726207906295755,9.934328358208955,2.4187107815173987,0.4393399339933994,0.197375926982316,0.34890190249702724,0,0,0,335,,35.449,0.5,42400000,3.35,12.41,-2.89,3.48,3.46,0,0.01,75.75,8.85,Telecom Services,,-5.2,17.53,9.12,0.725689404934688
IFR GR Equity     ,Frankfurt,INFOR BUSINESS SOLUTIONS AG,Enterprise Software/Serv,5.6400000000000015,5.559060694645444,62.0103,63.210300000000004,56.0703,7.14,13.59,1.2,19.53,56.5,-7.73,-6.06,2.1000000000000005,-5.383704,-3.97,-11.700000000000001,0.1116,-5.463659999999999,0.23132000000000003,0.6661828737300436,0.00,0.11295627453120771,0.00,0.00,-0.23610619469026548,-0.09528679646017699,0,3.1751305683563746,1.0975274336283185,26.70014285714285,0,3.0492185238784373,0.9923946902654868,-0.27975729646697384,-0.39615187637969096,0.018984247820371045,0.019351623843135737,0.06144393241167434,0.00,,23.132,0.459,62010300,-6.06,11.16,-0.43,8.16,-13.34,1.2,0.09,56.5,3.97,Enterprise Software/Serv,,,19.53,7.14,0.6661828737300436
IXX GR Equity     ,Xetra,INIT INNOVATION IN TRAFFIC S,Telecommunication Equip,1.16,1.437358619988707,40.16,41.88999999999999,39.99999999999999,1.89,15.82,1.73,15.98,32.51,-2.62,-1.07,2.09,-0.5748040000000001,0.39,-2.23,0.4628,-0.5748040000000001,0.49679,1.0246734397677795,0.00,0.04511816662687993,0.00,0.00,-0.021839434020301446,-0.017680836665641346,0,2.513141426783479,1.2353122116271915,19.13875598086124,0,2.3653303218520607,1.2303906490310672,-0.03597021276595745,-0.036334007585335025,0.04129863929338745,0.04307768924302789,0.10826032540675845,0.00,,49.679,0.706,40160000,-1.07,46.28,-0.54,3.16,-0.71,1.73,,32.51,-0.39,Telecommunication Equip,,,15.98,1.89,1.0246734397677795
ITS GR Equity     ,Frankfurt,INTERSEROH AG,Recycling,7.972576,6.756759229010129,245.7048,289.7248,263.07480000000004,26.65,95.78999999999999,44.02,78.42,736.71,-4.540000000000001,24.48,39.78,11.412576,7.98,3.4399999999999995,0.5338,8.96,0.56572,0.8316400580551524,0.00,0.09198384121759683,0.9441964285714286,0.301421870049321,0.012162180505219151,0.015491273364010261,27.42241071428571,3.1331905126243305,0.33351630899539847,6.613242835595778,10.746519607843139,2.3662593923554396,0.3570941075864316,0.11425656720224434,0.11914162229877859,0.1519372866941318,0.17915807912584533,0.5613363937770977,7.948051948051948,,56.572,0.573,245704800,24.48,53.38,-10.76,15.3,8.96,44.02,3.08,736.71,-7.98,Recycling,,-8.46,78.42,26.65,0.8316400580551524
ITN GR Equity     ,Xetra,INTERTAINMENT AG,Broadcast Serv/Program,7.26,4.306867167919798,24.53453,24.54453,22.40453,2.14,57.71,0.01,59.84,6.03,-0.39,-11.49,-11.1,-11.49,-18.36,-18.75,0,-14.440000000000001,0.61929,1.1088534107402033,0.00,0.0871884692841949,0.00,0.00,-1,-1,0,0.410002172459893,4.068744610281923,0,0,0.41010075187969924,3.7155107794361526,-0.2413101604278075,-0.19909894299081615,0.00040742275366446206,0.0004075888146216781,0.00016711229946524063,0.00,,61.929,0.764,24534530,-11.49,-50.62,0,0.39,-14.06,0.01,2.95,6.03,18.36,Broadcast Serv/Program,,,59.84,2.14,1.1088534107402033
IS7 GR Equity     ,Xetra,INTICOM SYSTEMS AG,Electronic Compo-Misc,0.7470110000000001,0.6751111111111112,37.7,37.74,37.27,0.47,0.43000000000000005,0.04,0.86,19.46,-0.04000000000000001,0.33,0.47000000000000003,0.187011,-0.52,-0.56,0.43329999999999996,0.14,0.41345,0.00,0.00,0.012453630100688923,0,-2.9944762607547153,0.007194244604316547,0.009610020554984585,200,20,1.9373072970195273,79.29787234042553,112.93939393939394,20,1.9152106885919837,0.16279069767441862,0.4349093023255814,0.0010598834128245894,0.0010610079575596816,0.046511627906976744,16.5,,41.345,,37700000,0.33,43.33,-0.1,0.14,0.14,0.04,0.02,19.46,0.52,Electronic Compo-Misc,,,0.86,0.47,0.00
ISR GR Equity     ,Xetra,ISRA VISION AG,Electronic Measur Instr,4.389782,4.382603773584905,65.89017,66.17017,61.34017,4.83,37.57,0.28,42.12,40.44,-3.9299999999999997,5.66,10.120000000000001,3.2697820000000006,2.81,-1.1199999999999997,0.42229999999999995,3.27,0.34589,1.246734397677794,0.3385,0.07299361630777132,0,-0.3425304806253137,0.08086053412462908,0.08085514342235413,20.14989908256881,1.564344017094017,1.6293316023738873,6.061281620553359,10.837485865724382,1.560617216981132,1.5168192383778438,0.07763532763532764,0.08703172744210808,0.004231513988856309,0.0042494957897361635,0.006647673314339982,0.00,33.85,34.589,0.859,65890170,5.66,42.23,-0.53,4.46,3.27,0.28,,40.44,-2.81,Electronic Measur Instr,,,42.12,4.83,1.246734397677794
ILH GR Equity     ,Xetra,ITELLIGENCE AG,Enterprise Software/Serv,0.4795199999999995,1.2592844574780053,41.67768,54.86768,44.317679999999996,10.55,23.55,13.19,20.91,131.04,-0.69,6.32,9.7,4.01952,4.23,3.5400000000000005,0.364,3.43,0.43827,1.346879535558781,0.00,0.19228077440125044,0,0.8807021733938382,0.02617521367521368,0.030673992673992675,12.150927113702624,1.99319368723099,0.3180531135531136,4.568832989690722,7.012291139240506,1.6090228739002932,0.3381996336996337,0.1640363462458154,0.17068025477707005,0.2403965321661131,0.31647634897143984,0.6307986609277857,4.450704225352113,,43.827,0.928,41677680,6.32,36.4,-2.69,3.38,3.43,13.19,1.42,131.04,-4.23,Enterprise Software/Serv,,0,20.91,10.55,1.346879535558781
IWK GR Equity     ,Xetra,IWKA AG,Mach Tools&Rel Products,141.069894,95.24137286324788,472.682,754.312,618.8720000000001,135.44,501.04,281.63,354.85,2168.52,-10.899999999999999,96.46,155.06,57.769893999999994,-72.4,-83.30000000000001,0.4011,48.8,0.27743,1.0783744557329464,0.0759,0.1795543488636002,0.3606557377049181,-1.4419275202409065,0.022503827495250216,0.02664024034825595,9.68610655737705,1.3320614344089052,0.21797447106782508,3.9911776086676127,6.415840763010576,1.1851307189542484,0.2853891133123052,0.13752289699873185,0.11529996407472455,0.37336009502699147,0.5958128297671584,0.7936592926588699,4.445161290322581,7.59,27.743,0.743,472682000,96.46,40.11,-47.7,58.6,48.8,281.63,21.7,2168.52,72.4,Mach Tools&Rel Products,11.483,-17.6,354.85,135.44,1.0783744557329464
XOS GR Equity     ,Frankfurt,IXOS SOFTWARE AG,Enterprise Software/Serv,-3.4000000000000004,-4.042137989778537,222.105,223.905,191.425,32.48,14.479999999999997,1.8,45.16,134.34,-3.84,-19.37,-13.020000000000001,-19.37,-12.13,-15.97,0,-19.400000000000002,0.09944000000000001,0.7779390420899855,0.00,0.14506152162747593,0.00,0.00,-0.15051362215274675,-0.14418639273485187,0,4.91817980513729,1.6533050468959356,0,0,4.767994037478706,1.424929283906506,-0.42958370239149696,-1,0.00803912373551283,0.008104275005065173,0.03985828166519044,0.00,,9.944,0.536,222105000,-19.37,-2.91,-2.51,6.35,-20.22,1.8,0.03,134.34,12.13,Enterprise Software/Serv,,,45.16,32.48,0.7779390420899855
JWP GR Equity     ,Xetra,JACK WHITE PRODUCTIONS AG,Audio/Video Products,2.5235489999999996,1.4970871559633028,57.54,64.99,63.669999999999995,1.32,24.84,7.45,18.71,28.9,-0.42000000000000004,3.09,3.65,2.5835489999999997,0.48,0.05999999999999994,0.16390000000000002,1.54,0.54064,0.8563134978229318,0.5411,0.020310817048776738,0,0.02322386763324402,0.053287197231833915,0.08939615916955017,37.36363636363636,3.0753607696419025,1.9910034602076125,17.443835616438356,20.60517799352751,2.484327217125382,2.203114186851211,0.08230892570817744,0.10400760869565216,0.11463302046468689,0.12947514772332291,0.3981827899518974,0.00,54.11,54.064,0.59,57540000,3.09,16.39,-0.14,0.56,1.54,7.45,,28.9,-0.48,Audio/Video Products,,,18.71,1.32,0.8563134978229318
JEN GR Equity     ,Xetra,JENOPTIK AG,Miscellaneous Manufactur,27.23536,7.936356788584463,442.2945,860.3545,715.3045,145.05,609.01,418.06,336,2522.95,-13.64,75.04,125.63000000000001,38.19536,24.6,10.96,0.491,12.82,0.35686,1.381712626995646,-0.18989999999999999,0.16859329497317677,0.6365054602184087,0.2869458489198688,0.005081353177827544,0.015139166451970908,34.50035101404056,1.3163526785714286,0.17530846826136073,5.69373955265462,9.532309434968015,1.140962920722489,0.2835190947105571,0.03815476190476191,0.06271713108159144,0.48591597998266994,0.9452073222705686,1.2442261904761904,1.8601883986117997,-18.99,35.686,0.952,442294500,75.04,49.1,-36.95,50.59,12.82,418.06,40.34,2522.95,-24.6,Miscellaneous Manufactur,9.5,-8.16,336,145.05,1.381712626995646
JTT GR Equity     ,Xetra,JETTER AG,Instruments-Controls,-0.18999999999999995,0.3386680000000002,24.18095,24.18095,21.91095,2.27,5.34,0,7.61,13.55,-1.1600000000000001,-2.33,-1.05,-1.7936340000000002,-0.98,-2.14,0.2302,-1.801332,0.6004,1.161103047895501,0.00,0.09387555079515073,0.00,0.00,-0.12988929889298892,-0.13237151291512916,0,3.1775229960578186,1.784571955719557,0,0,3.1775229960578186,1.6170442804428042,-0.2367059132720105,-0.3358865168539326,0,0,0,0.00,,60.04,0.8,24180950,-2.33,23.02,-0.12,1.28,-1.76,0,0.01,13.55,0.98,Instruments-Controls,,,7.61,2.27,1.161103047895501
DEE GR Equity     ,Frankfurt,JOHN DEERE-LANZ VERWALTUNGS,Machinery-Farm,33.32338,33.142087,274.4,288.97999999999996,288.25999999999993,0.72,48.17,14.58,34.31,106.24,0,38.6,38.6,33.32338,0,0,0.1367,33.142087,0.2619,0.5137880986937591,0.08789999999999999,0.0024915219046300783,0.00,0,0,0.3136613328313253,0,7.997668318274554,2.5828313253012047,7.467875647668392,7.467875647668392,5.9108202086316215,2.7132906626506017,0.9659599825123869,0.6917870043595599,0.05045331856875909,0.05313411078717201,0.42494899446225587,183.80952380952382,8.79,26.19,0.354,274400000,38.6,13.67,,,,14.58,0.21,106.24,,Machinery-Farm,,,34.31,0.72,0.5137880986937591
SDF GR Equity     ,Xetra,K+S AG,Chemicals-Diversified,68.17427199999999,64.04330883871918,1730.175,1792.615,1695.7350000000001,96.88,580.82,62.44,615.26,2581.54,0.5,176.92,292.1,152.434272,83.76,84.26,0.1384,140.54,0.26796,0.8258345428156749,0.10880000000000001,0.054043952549766676,0.3024050092500356,0.55276283275719,0.05444037280073134,0.05904780557341741,12.310907926568948,2.81210382602477,0.6702104170378921,5.805323519342691,9.584755821840382,2.6451453445477346,0.6568695429859697,0.22842375581055163,0.26244666505974307,0.03483179600750858,0.03608883494444204,0.10148555082404187,30.55613126079447,10.88,26.796,0.569,1730175000,176.92,13.84,-115.68,115.18,140.54,62.44,5.79,2581.54,-83.76,Chemicals-Diversified,5.33,-42.5,615.26,96.88,0.8258345428156749
KAE GR Equity     ,Frankfurt,KAESSBOHRER GELAENDEFAHRZEUG,Miscellaneous Manufactur,8.957579999999998,8.715597003516283,98.7895,122.4295,120.60950000000001,1.82,63.589999999999996,23.64,41.77,154.4,-1.1,16.84,19.4,10.937579999999999,3.08,1.98,0.3505,9.98,0.24473,0.2365747460087083,0.20329999999999998,0.014865698218158205,0.0751503006012024,0.18102724734356232,0.06463730569948187,0.0708392487046632,9.89874749498998,2.3650825951639933,0.6398283678756477,6.216984536082475,7.16208432304038,1.871724506956123,0.7811496113989638,0.23892745989944936,0.17200157257430412,0.193090717514978,0.23929668638873564,0.5659564280584151,9.514124293785311,20.33,24.473,0.163,98789500,16.84,35.05,-1.46,2.56,9.98,23.64,1.77,154.4,-3.08,Miscellaneous Manufactur,,-0.75,41.77,1.82,0.2365747460087083
KCH GR Equity     ,Berlin,KALI-CHEMIE AG,Chemicals-Diversified,-31.049999999999997,-31.04464035411287,951,951.04,951.04,0,108.44000000000001,0.04,108.4,0.28,-0.08000000000000007,-16.52,-15.59,-16.52,14.61,14.53,0,-16.52,0.67362,0.521044992743106,0.00,0,0.00,0.00,-1,-1,0,8.773062730627306,20,0,0,8.770195499815564,20,-0.15239852398523984,-0.1523423091110291,4.205921938088829e-05,4.2060988433228184e-05,0.00036900369003690036,0.00,,67.362,0.359,951000000,-16.52,-8.79,-0.85,0.93,-1.03,0.04,,0.28,-14.61,Chemicals-Diversified,,-0.23,108.4,0,0.521044992743106
KPH GR Equity     ,Frankfurt,KAMPA AG,Bldg-Mobil Home/Mfd Hous,3.209136,3.6685281254712714,52,54.26,40.36,13.9,52.410000000000004,2.26,64.05,169.5,-4.34,2.66,9.21,2.579136,3.71,-0.6299999999999999,0.0304,3.06,0.22224,0.8330914368650217,0.00,0.2561739771470697,0,-0.24426784783741526,0.018053097345132742,0.015216141592920354,16.99346405228758,0.8118657298985168,0.30678466076696165,4.382193268186753,15.172932330827066,0.8182777861559342,0.23811209439528022,0.047775175644028105,0.04921076130509445,0.041651308514559525,0.043461538461538454,0.035284933645589385,9.851851851851851,,22.224,0.574,52000000,2.66,3.04,-2.21,6.55,3.06,2.26,0.27,169.5,-3.71,Bldg-Mobil Home/Mfd Hous,,0,64.05,13.9,0.8330914368650217
IUR GR Equity     ,Frankfurt,KAP BETEILIGUNGS AG,Textile-Apparel,19.562541,15.997138048115152,172.08,308.23,298.95000000000005,9.28,335.31000000000006,136.15,208.44,723.4,9.829999999999998,26.09,53.31,21.782541,-7.61,2.219999999999998,0.16510000000000002,17.34,0.14163,0.6589259796806968,-0.25670000000000004,0.03010738734062226,0,0.10191648439913406,0.023970141000829417,0.030111336743157312,9.923875432525952,0.8255613126079449,0.2378766933923141,5.607765897580192,11.458413185128403,0.8944832989930062,0.41325684268731,0.08318940702360392,0.0649623959917688,0.4417156019855303,0.7912017666201766,0.6531855689886779,2.276614310645724,-25.67,14.163,0.454,172080000,26.09,16.51,-37.05,27.22,17.34,136.15,11.46,723.4,7.61,Textile-Apparel,,0,208.44,9.28,0.6589259796806968
KAR GR Equity     ,Xetra,KARSTADTQUELLE AG,Retail-Major Dept Store,186.61707600000003,-237.20694199146396,1814.981,5469.701,4973.211,496.49,3710.38,3654.72,552.15,13447.18,-29.54000000000002,19.48,349.3,17.117076,-139.96,-169.50000000000003,0.1213,-259.453749,0.41493,1.4499274310595067,0.00,0.0907709580468841,0.00,-9.902392207641073,-0.12130721831640537,0.0012729119413884547,0,3.2871158199764556,0.13497112405723727,14.237649584884053,200,1.3001830339420994,0.3698330058792996,-0.46989721814724267,0.00461329459516276,0.6681754633388552,2.0136409141473104,6.6190709046454765,0.061890389197776015,,41.493,0.999,1814981000,19.48,12.13,-300.28,329.82,-1631.24,3654.72,314.75,13447.18,139.96,Retail-Major Dept Store,2,,552.15,496.49,1.4499274310595067
KER GR Equity     ,Frankfurt,KERAMAG KERAMISCHE WERKE AG,Home Furnishings,-0.3397520000000007,0.17041249263406044,273.6,273.63,272.6,1.03,32.91,0.03,33.91,132.85,2,21.48,24.82,11.440247999999999,9.78,11.78,0.46740000000000004,11.94,0.23457,0.3933236574746009,-0.049699999999999994,0.003764207141029858,1.0050251256281408,1.0296979575967236,0.0898757997741814,0.08611402333458787,22.91457286432161,8.068416396343263,2.0594655626646596,10.983078162771958,12.690875232774674,8.062168532704774,2.051938276251412,0.3521085225597169,0.34762224247948953,0.0001096371011950444,0.00010964912280701753,0.0008846947803007963,0.00,-4.97,23.457,0.271,273600000,21.48,46.74,-5.34,3.34,11.94,0.03,,132.85,-9.78,Home Furnishings,,-12,33.91,1.03,0.3933236574746009
KA8 GR Equity     ,Xetra,KLASSIK RADIO AG,Radio,0.75802,0.5875308641975309,24.75,26.8,25.2,1.6,2.4499999999999997,2.05,2,3.62,-0.08,0.51,0.6,0.35802,-0.32,-0.4,0.298,0.39,0.27027999999999996,0.00,0.00,0.05970149253731343,0,-1.1172560192168035,0.10773480662983426,0.09890055248618784,63.46153846153846,12.375,6.837016574585635,42,49.41176470588235,6.617283950617284,6.961325966850828,0.195,0.14613061224489798,0.07649253731343282,0.08282828282828282,1.025,12.75,,27.028,,24750000,0.51,29.8,-0.01,0.09,0.39,2.05,0.04,3.62,0.32,Radio,,,2,1.6,0.00
KLD GR Equity     ,Frankfurt,KLEINDIENST DATENTECHNIK,Electronic Forms,2.37318,1.1155168601437262,32.2,44.34,33.39,10.95,25.23,12.14,24.04,64.91,-2.5700000000000003,4.27,8.969999999999999,1.8531799999999996,2.05,-0.5200000000000005,0.5660000000000001,0.77,0.20201,0.00,0.00,0.24695534506089306,0,-0.2805987545732204,0.011862578955476814,0.028549992297026646,41.81818181818182,1.339434276206323,0.49607148359266684,3.7224080267558532,7.819672131147542,1.2255389718076286,0.5144045601602218,0.032029950083194675,0.07345144669044787,0.2737934145241317,0.3770186335403726,0.5049916805324459,4.313131313131313,,20.201,-0.031,32200000,4.27,56.6,-2.13,4.7,0.77,12.14,0.99,64.91,-2.05,Electronic Forms,,,24.04,10.95,-0.04499274310595066
KLK GR Equity     ,Xetra,KLOECKNER-WERKE AG,Machinery-General Indust,-48.441784,-33.58373039002914,495.7124,499.7524,452.91240000000005,46.84,598.2399999999999,4.04,641.04,751.74,7.359999999999999,8.44,28.54,6.848216,47.93,55.29,0.1886,21.36,0.36469999999999997,0.8505079825834543,-0.049400000000000006,0.09372641331987601,6.4344569288389515,8.07363552785134,0.028414079335940617,0.009109819884534546,23.20750936329588,0.7732940222139024,0.6594200122382738,15.8693903293623,53.6626066350711,0.7747138339430769,0.6024854337935989,0.03332085361287907,0.011447271997860392,0.00808400319838384,0.008149886910232627,0.006302258829402222,6.251851851851851,-4.94,36.47,0.586,495712400,8.44,18.86,-27.46,20.1,21.36,4.04,1.35,751.74,-47.93,Machinery-General Indust,,-137.44,641.04,46.84,0.8505079825834543
KNR GR Equity     ,Munich,KNUERR AG,Office Furnishings-Orig,0.41000000000000014,-2.180923607788595,21.07215,62.05215,55.11215,6.94,36.2,40.98,2.16,109.91,-2.62,-1.35,2.34,-0.69147,0.86,-1.7600000000000002,0.4878,-2.269046,0.1167,0.4020319303338172,0.00,0.11184141081332397,0.00,0.00,-0.02074424529160222,-0.006291238285870258,0,9.755625,0.19172186334273497,23.552200854700857,0,1.4383901251738525,0.5014298062050769,-1,-0.01910138121546961,0.6604122500187343,1.9447469764594498,18.972222222222218,0.00,,11.67,0.277,21072150,-1.35,48.78,-1.07,3.69,-2.28,40.98,3.08,109.91,-0.86,Office Furnishings-Orig,,0,2.16,6.94,0.4020319303338172
KKF GR Equity     ,Xetra,KOEHLER & KRENZER FASHION AG,Retail-Apparel/Shoe,2.0436039999999993,0.9069575923392609,28.94,49.1,47.97,1.13,35.419999999999995,20.16,16.39,82.6,-2.15,6.57,9.45,3.9236039999999996,4.03,1.8800000000000003,0.4028,1.75,0.39875,0.6153846153846154,0.2896,0.0230142566191446,0.2285714285714286,0.47915131088662377,0.021186440677966104,0.047501259079903144,16.537142857142857,1.7657107992678462,0.35036319612590805,5.076190476190477,7.301369863013698,1.3433652530779756,0.5807506053268765,0.10677242220866381,0.11077368718238284,0.4105906313645621,0.6966136834830684,1.230018303843807,6.19811320754717,28.96,39.875,0.424,28940000,6.57,40.28,-0.73,2.88,1.75,20.16,1.06,82.6,-4.03,Retail-Apparel/Shoe,,-0.4,16.39,1.13,0.6153846153846154
KDR GR Equity     ,Frankfurt,KOELN-DUSSELDORF DEUT RHEINS,Cruise Lines,-2.2700000000000005,-1.3256083086053412,27.81413,33.254129999999996,32.32413,0.93,5.8100000000000005,5.44,1.3,18.89,2.12,-0.53,0.8499999999999999,-0.53,-0.38,1.7400000000000002,0,-0.99,0.7293999999999999,0.8287373004354136,0.00,0.0279664510844217,0.00,0.00,-0.051349920592906294,-0.028057173107464268,0,20,1.4724261514028585,38.028388235294116,0,4.933847181008901,1.7111768131286393,-0.7615384615384615,-0.09122203098106713,0.16358870311747747,0.19558404307450927,4.184615384615385,0.00,,72.94,0.571,27814130,-0.53,0,-3.5,1.38,-0.97,5.44,0.46,18.89,0.38,Cruise Lines,,,1.3,0.93,0.8287373004354136
SKB GR Equity     ,Xetra,KOENIG & BAUER AG,Machinery-Print Trade,5.8236399999999975,-1.6804188829787243,299.9677,452.66769999999997,420.4677,32.2,569.3999999999999,152.7,448.9,1423,14.200000000000003,32.1,74.9,24.02364,4,18.200000000000003,0.2516,11.9,0.27773,0.9883889695210452,-0.2534,0.0711338582364061,0,0.7575871100299539,0.008362614195361912,0.01688238931834153,25.207369747899158,0.6682283359322789,0.2107995080815179,5.613720961281708,13.098682242990654,0.7524396609042554,0.2954797610681658,0.026509244820672757,0.04219114857744996,0.3373335451148823,0.5090548082343532,0.3401648474047672,2.1986301369863015,-25.34,27.773,0.681,299967700,32.1,25.16,-57,42.8,11.9,152.7,14.6,1423,-4,Machinery-Print Trade,,,448.9,32.2,0.9883889695210452
KPG GR Equity     ,Xetra,KOLBENSCHMIDT PIERBURG AG,Auto/Trk Prts&Equip-Orig,80.219,57.01266771902131,1049.007,1196.307,1153.607,42.7,464.1,147.3,359.5,1884.2,-18.799999999999997,100.2,236.2,59.619,-1.8,-20.599999999999998,0.405,42.4,0.19228,0.7648766328011612,-0.0453,0.03569317909198893,0.33490566037735847,-0.34552743252989815,0.02250291901072073,0.03164154548349432,24.740731132075474,2.917961057023644,0.5567386689311113,4.884026248941575,11.513043912175648,2.360511049723757,0.6122529455471818,0.11794158553546592,0.12846153846153846,0.12312892927985877,0.14041851007667253,0.40973574408901253,7.767441860465116,-4.53,19.228,0.527,1049007000,100.2,40.5,-117.2,136,42.4,147.3,12.9,1884.2,1.8,Auto/Trk Prts&Equip-Orig,,-14.2,359.5,42.7,0.7648766328011612
KBC GR Equity     ,Xetra,KONTRON AG,Electronic Compo-Semicon,4.316272,6.195305094154321,283.0555,326.9255,270.6255,56.3,177.89,43.87,190.32,262.13,1.2799999999999994,18.24,25.47,13.366271999999999,7.77,9.049999999999999,0.2672,13.55,0.2464,1.6748911465892597,0.0006,0.17221048832226302,0,0.6770773481192063,0.05169190859497196,0.05099100446343417,20.88970479704797,1.4872609289617487,1.079828710944951,10.625265017667845,14.836924342105263,1.3959840300610615,1.0324094914736963,0.07119588062211013,0.07513784923267187,0.13418959365359998,0.15498727281398877,0.2305065153425809,8.897560975609757,0.06,24.64,1.154,283055500,18.24,26.72,-8.51,7.23,13.55,43.87,2.05,262.13,-7.77,Electronic Compo-Semicon,14.07,,190.32,56.3,1.6748911465892597
KRO GR Equity     ,Frankfurt,G. KROMSCHROEDER AG,Bldg Prod-Air&Heating,10.222304,10.989402363908773,362.7936,368.58360000000005,352.09360000000004,16.49,43.58,5.79,54.28,220.26,-1.2599999999999998,22.44,32.510000000000005,12.602304,3.64,2.3800000000000003,0.4384,13.14,0.63686,0.6502177068214805,0.1206,0.044738832655603765,0.4901065449010655,0.1888543555210222,0.05965676927267775,0.05721558158539908,27.609863013698632,6.683743551952838,1.6471152274584584,10.830316825592124,15.690445632798575,6.135901448310306,1.5985362753109964,0.24207811348563008,0.2891763194125746,0.01570878357040302,0.015959487708713714,0.10666912306558585,39.36842105263158,12.06,63.686,0.448,362793600,22.44,43.84,-8.81,10.07,13.14,5.79,0.57,220.26,-3.64,Bldg Prod-Air&Heating,,-6.44,54.28,16.49,0.6502177068214805
KRN GR Equity     ,Xetra,KRONES AG,Machinery-General Indust,12.682380000000002,12.174074181757781,932.5222,933.3422,858.7522,74.59,406.92999999999995,0.82,480.7,1524.31,-12.040000000000003,94.52,136.79,62.05237999999999,61.41,49.36999999999999,0.3435,61.46,0.22999,0.9709724238026126,0.22219999999999998,0.0799170979304268,0.19427269768955416,0.7956181535663901,0.04031988243861157,0.040708504175659806,15.172831109664822,1.9399255252756398,0.611766766602594,6.277887272461438,9.085402031316125,1.9383248878551256,0.5633710990546543,0.12785521115040566,0.15248907674538617,0.0008785630822221473,0.0008793356340471036,0.0017058456417724153,10.827033218785795,22.22,22.999,0.669,932522200,94.52,34.35,-30.23,42.27,61.46,0.82,8.73,1524.31,-61.41,Machinery-General Indust,7.733,-11.94,480.7,74.59,0.9709724238026126
KSB GR Equity     ,Frankfurt,KSB AG,Machinery-Pumps,30.201086,13.882567906870575,219.2421,315.7221,180.40210000000002,135.32,258.97,96.48,297.81,1266.76,-4.819999999999997,34.18,66.37,22.651086000000003,-2.73,-7.549999999999997,0.3373,8.18,0.27460999999999997,0.5863570391872279,-0.0464,0.4286047761623275,0.784841075794621,-0.33331735175964616,0.006457418927026429,0.017881118759670342,26.80221271393643,0.7361811221920016,0.1730731156651615,2.7181271658882027,5.2780017554125225,0.8007357528722514,0.14241221699453727,0.02746717705919882,0.08746606170598911,0.305585196601695,0.4400614662968472,0.32396494409187065,6.412757973733584,-4.64,27.461,0.404,219242100,34.18,33.73,-27.37,32.19,8.18,96.48,5.33,1266.76,2.73,Machinery-Pumps,,-6.42,297.81,135.32,0.5863570391872279
KUZ GR Equity     ,Frankfurt,KUEHLHAUS ZENTRUM AG,Storage/Warehousing,0.669592,0.31877540996168585,10,12.99,12.99,0,5.220000000000001,2.99,2.23,2.87,-0.46,0.36,0.8200000000000001,0.209592,0,-0.46,0.4178,0.12226200000000001,0.11273,0.521044992743106,-0.0060999999999999995,0,0.00,-2.194740257261728,0,0.07302857142857143,0,4.484304932735426,3.484320557491289,15.841463414634145,36.083333333333336,2.4885057471264367,4.526132404181185,0.05482600896860987,0.04015172413793103,0.23017705927636645,0.29900000000000004,1.3408071748878925,2.4,-0.61,11.273,0.359,10000000,0.36,41.78,,0.46,,2.99,0.15,2.87,,Storage/Warehousing,,,2.23,0,0.521044992743106
KKK GR Equity     ,Frankfurt,KUEHNLE KOPP & KAUSCH AG,Machinery-General Indust,-2.913278,-0.5718962343096239,83.0648,99.2848,86.9648,12.32,47.43,16.22,43.53,186.03,2.71,12.38,17.48,7.946721999999999,8.15,10.86,0.35810000000000003,7.34,0.3091,0.32510885341074025,-0.36329999999999996,0.12408747361126779,0.09128065395095368,1.3666012224914876,0.039456001720152664,0.0427174219211955,11.316730245231609,1.908219618653802,0.44651292802236203,4.975102974828375,7.024620355411954,1.6616702928870293,0.46747728860936405,0.16861934298185158,0.16754632089394897,0.16336841087457493,0.19526923558474826,0.3726165862623478,5.0737704918032795,-36.33,30.91,0.224,83064800,12.38,35.81,-7.81,5.1,7.34,16.22,2.44,186.03,-8.15,Machinery-General Indust,,-0.67,43.53,12.32,0.32510885341074025
KUL GR Equity     ,Frankfurt,KULMBACHER BRAUEREI AG,Brewery,61.584700000000005,4.005198579986688,94.08,145.25,142.16,3.09,87.05,51.17,38.97,200.01,3.8999999999999986,71.17,94.09,64.7647,-0.72,3.179999999999999,0.09,5.38,0.22460000000000002,0.2859216255442671,0.00,0.021273666092943202,0.19330855018587362,0.049100821898348926,0.02689865506724664,0.3238073096345183,17.486988847583643,2.414164742109315,0.4703764811759412,1.5108938250611117,1.997470844456934,1.6113822942090081,0.7107644617769112,0.1380549140364383,0.7439942561746123,0.35228915662650606,0.5438988095238095,1.313061329227611,21.764525993883794,,22.46,0.197,94080000,71.17,9,-26.82,22.92,5.38,51.17,3.27,200.01,0.72,Brewery,,-1.04,38.97,3.09,0.2859216255442671
KWS GR Equity     ,Xetra,KWS SAAT AG,Agricultural Operations,29.412307000000006,26.245586017045028,475.86,486.23,435.41,50.82,214.36,10.37,254.81,443.71,3.4899999999999984,50.63,70.27000000000001,30.322307000000002,-2.58,0.9099999999999984,0.4011,27.12,0.19988,0.6981132075471699,0.0812,0.10451843777636098,0.26769911504424776,0.030010909130363937,0.06112100245655947,0.0683381194924613,17.54646017699115,1.8675091244456654,1.072457235581799,6.196243062473316,8.599841990914477,1.833584734897051,0.9812940884812154,0.1064322436325105,0.14145506157865273,0.021327355366801717,0.021792123733871304,0.040696989914053606,17.339041095890412,8.12,19.988,0.481,475860000,50.63,40.11,-23.13,19.64,27.12,10.37,2.92,443.71,2.58,Agricultural Operations,11.03,-7.26,254.81,50.82,0.6981132075471699
LBH GR Equity     ,Frankfurt,LANDSHUTER BRAU KOLLER-FLEIS,Brewery,0,0.00,23.04,23.04,23.04,0,0,0,0,0,0,0,0,0,0,0,0,0,0.00,0.4484760522496372,0.00,0,0.00,0.00,0.00,0.00,0,0,0,0,0,0,0,0.00,0.00,0,0,0.00,0.00,,,0.309,23040000,,,,,,,,,,Brewery,,,,,0.4484760522496372
LKM GR Equity     ,Frankfurt,LANDSHUTER KUNS C.A. MEYER'S,Food-Flour&Grain,0.28845600000000005,0.23189600000000005,10.08,11.26,10.57,0.69,2.4499999999999997,1.18,1.96,10.41,0,0.51,0.51,0.28845600000000005,0,0,0.43439999999999995,0.23189600000000005,0.10428000000000001,0.590711175616836,0.3849,0.06127886323268206,0.00,0,0,0.027709510086455336,0,5.142857142857143,0.968299711815562,20.725490196078432,20.725490196078432,3.585987261146497,1.015369836695485,0.11831428571428575,0.11773714285714289,0.10479573712255773,0.11706349206349205,0.6020408163265306,5.1,38.49,10.428,0.407,10080000,0.51,43.44,,,,1.18,0.1,10.41,,Food-Flour&Grain,,,1.96,0.69,0.590711175616836
LXS GR Equity     ,Xetra,LANXESS,Chemicals-Diversified,-1,-4.358431836091409,1207.255,2414.255,2342.255,72,2466,1207,1331,6773,27,80,332,28,2,29,0.65,10.85,0.00,0.00,0.00,0.029822864610407764,0.00,1.0357142857142858,-0.0017717407352724052,0.004134061715635612,0,0.9070285499624343,0.17824523844677398,7.054984939759036,29.2781875,0.9512431048069346,0.345822382991289,0.008151765589782119,0.0113544201135442,0.4999471886772524,0.9997887770189395,0.9068369646882044,1.6326530612244898,,,,1207255000,80,65,-279,252,-12,1207,49,6773,-2,Chemicals-Diversified,,,1331,72,0.00
LSN GR Equity     ,Xetra,LEASING.99 AG,Rental Auto/Equipment,0,0.00,44.18497,44.18497,44.18497,0,0,0,0,0,0,0,0,0,0,0,0,0,0.28162,0.00,0.00,0,0.00,0.00,0.00,0.00,0,0,0,0,0,0,0,0.00,0.00,0,0,0.00,0.00,,28.162,,44184970,,,,,,,,,,Rental Auto/Equipment,,,,,0.00
LEC GR Equity     ,Frankfurt,LECH-ELEKTRIZITAETSWERKE,Electric-Integrated,-29.236249999999995,-8.072328062488083,2126.436,2126.536,2081.186,45.35,164.61,0.1,209.86,625.32,53.199999999999996,44.75,84.35,28.86375,4.9,58.099999999999994,0.355,50,0.13115,0.3933236574746009,0.1613,0.02132576170824289,0.444,2.0129054610021218,0.07995906096078807,0.046158366916138935,42.52872,10.13264080815782,3.400556515064287,24.673218731475995,46.50694972067039,10.128291103067252,3.328193564894774,0.23825407414466787,0.1753462730089302,4.702483287374397e-05,4.702704431264331e-05,0.0004765081482893357,18.191056910569106,16.13,13.115,0.271,2126436000,44.75,35.5,-92.8,39.6,50,0.1,2.46,625.32,-4.9,Electric-Integrated,,-22.2,209.86,45.35,0.3933236574746009
LCA GR Equity     ,Frankfurt,LEICA CAMERA AG,Photo Equipment&Supplies,1.1462139999999987,1.8890622891837188,11.025,34.765,33.145,1.62,42.85,23.74,20.73,119.08,2.5100000000000007,5.66,11.96,5.66,2.19,4.700000000000001,0,4.08,1.0483,0.432510885341074,0.00,0.04659859053645909,0.00,0.8303886925795054,-0.028720188108834397,0.0475310715485388,0,0.5318379160636758,0.0925848169297951,2.7713210702341136,5.85600706713781,0.7817629862828873,0.27834229089687607,0.19681620839363242,0.13208868144690783,0.6828707032935423,2.1532879818594104,1.145200192957067,3.5822784810126582,,104.83,0.298,11025000,5.66,-3.29,-8.81,6.3,-3.42,23.74,1.58,119.08,-2.19,Photo Equipment&Supplies,,,20.73,1.62,0.432510885341074
LEI GR Equity     ,Xetra,LEIFHEIT AG,Appliances,-3.361985,-3.278562299168975,109.45,111.55,98.89,12.66,95.64,2.1,106.2,317.28,-2.789999999999999,13.89,26.93,6.438015000000001,12.59,9.8,0.5365,6.33141,0.29939,0.8171262699564587,0.00,0.11349170775437024,0.00,1.5222083204217447,-0.02300806858295512,0.020291272692889564,0,1.03060263653484,0.34496343923348466,3.6721128852580764,7.119510439164866,1.0300092336103417,0.3116805345436208,0.05961779661016949,0.0673150878293601,0.01882563872702824,0.019186843307446324,0.01977401129943503,60.391304347826086,,29.939,0.563,109450000,13.89,53.65,-10.25,13.04,-7.3,2.1,0.23,317.28,-12.59,Appliances,,-5.71,106.2,12.66,0.8171262699564587
LEO GR Equity     ,Xetra,LEONI AG,Wire&Cable Products,20.191415000000003,19.462110074088326,611.721,863.961,772.731,91.23,532.3499999999999,252.24,371.34,1247.25,24.21,60.55,110.03,43.311415000000004,-1.09,23.12,0.2847,33.23,0.25419,0.8476052249637156,0.0737,0.10559504422074607,0.22840806500150468,0.5338084659667665,0.026642613750250548,0.03472552816195631,18.408696960577792,1.6473339796412991,0.4904558027660854,7.022911933109152,12.76186622625929,1.3854854228807854,0.619547805171377,0.08948672375720364,0.08135890861275479,0.29195762308715323,0.41234484348256806,0.6792696719987075,3.7515489467162326,7.37,25.419,0.584,611721000,60.55,28.47,-73.69,49.48,33.23,252.24,16.14,1247.25,1.09,Wire&Cable Products,13.66,-7.59,371.34,91.23,0.8476052249637156
KGR GR Equity     ,Frankfurt,LEWAG HOLDING AG,Diversified Operations,1.8811200000000001,1.4766003752345216,30.888,41.858000000000004,40.278000000000006,1.58,25.07,10.97,15.68,30.98,-0.72,1.76,2.79,0.90112,-0.26,-0.98,0.488,0.9,0.18706,0.45718432510885343,-0.1364,0.03774666730374122,1.3222222222222222,-1.0875355113636362,0.029051000645577793,0.029087153001936733,34.32,1.9698979591836736,0.9970303421562299,14.436559139784949,22.885227272727278,1.5706566604127583,1.300129115558425,0.05739795918367347,0.03594415636218588,0.26207654450762097,0.35515410515410517,0.6996173469387755,2.6666666666666665,-13.64,18.706,0.315,30888000,1.76,48.8,-0.31,1.03,0.9,10.97,0.66,30.98,0.26,Diversified Operations,,-1.19,15.68,1.58,0.45718432510885343
LIN GR Equity     ,Xetra,LINDE AG,Engineering/R&D Services,795.7776,538.1813829038164,6330.317,9388.317,8824.317,564,6537,3058,4043,9421,-163,616,1513,331.7776,-301,-464,0.46140000000000003,274,0.19181,1.3193033381712629,-0.022400000000000003,0.06007466513966242,0.5,-1.3985272061766678,0.029083961362912643,0.035216813501751404,23.103346715328467,1.5657474647538956,0.6719368432225878,5.83233113020489,14.325189935064934,1.3221119560625263,0.9366645791317268,0.06777145683898095,0.05075380143796849,0.32572398226433985,0.4830721747425919,0.756369032896364,2.878504672897196,-2.24,19.181,0.909,6330317000,616,46.14,-734,897,274,3058,214,9421,301,Engineering/R&D Services,19.05,-137,4043,564,1.3193033381712629
LND GR Equity     ,Frankfurt,LINDNER HOLDING KGAA,Bldg&Construct Prod-Misc,-19.207844,-20.617000126470217,146.772,147.862,130.082,17.78,61.290000000000006,1.09,77.98,456.65,3.5700000000000003,12.84,28.14,2.772156,18.41,21.98,0.7841,1.06,0.30058,0.6095791001451379,-0.3734,0.12024725757801194,2.7547169811320753,7.928846717140018,0.002321252600459871,0.006070636154604183,138.46415094339622,1.8821749166452935,0.32141027044782655,4.622672352523098,10.130996884735202,1.8700139117237888,0.28486149129530275,0.013593229033085406,0.045230151737640716,0.00737173851293774,0.007426484615594256,0.013977943062323674,16.894736842105264,-37.34,30.058,0.42,146772000,12.84,78.41,-18.87,15.3,1.06,1.09,0.76,456.65,-18.41,Bldg&Construct Prod-Misc,,-2.92,77.98,17.78,0.6095791001451379
LIA GR Equity     ,Xetra,LINOS AG,Lasers-Syst/Components,3.96,-4.718139388731782,40.5,69.36,68.17,1.19,44.78,28.86,17.11,88.1,-7.390000000000001,-6.03,2.38,-5.6211660000000006,-2.6,-9.99,0.0678,-8.43641,0.51623,0.9462989840348331,0.00,0.017156862745098037,0.00,0.00,-0.10919409761634506,-0.06380438138479003,0,2.3670368205727645,0.45970488081725314,28.642857142857146,0,1.5088100935392648,0.7737797956867197,-0.49306896551724144,-0.12552849486377848,0.41608996539792387,0.7125925925925926,1.6867329047340736,0.00,,51.623,0.652,40500000,-6.03,6.78,-1.02,8.41,-9.62,28.86,3.02,88.1,2.6,Lasers-Syst/Components,,0,17.11,1.19,0.9462989840348331
LOE GR Equity     ,Xetra,LOEWE AG,Audio/Video Products,-11.940000000000005,-17.285766966935704,89.68512,121.80511999999999,118.86511999999999,2.94,73.88,32.12,44.7,267.81,-2.8999999999999986,-32.45,-8.840000000000003,-26.868600000000004,-17.61,-20.509999999999998,0.172,-29.22012000000001,0.46781,1.5921625544267055,0.00,0.024136916412052303,0.00,0.00,-0.11104887793585004,-0.10032709756917219,0,2.0063785234899325,0.3348833874761958,0,0,1.5855912522780526,0.4438412307232739,-0.6536939597315438,-0.3636789388197077,0.26369991671942855,0.3581419080445006,0.7185682326621923,0.00,,46.781,1.097,89685120,-32.45,17.2,-20.71,23.61,-29.74,32.12,2.84,267.81,17.61,Audio/Video Products,,-6.1,44.7,2.94,1.5921625544267055
LPK GR Equity     ,Xetra,LPKF LASER & ELECTRONICS,Lasers-Syst/Components,2.1248799999999997,1.690246382479468,38.11946,40.81946,35.18946,5.63,19.94,2.7,22.87,25.17,-1.1099999999999999,1.92,3.6399999999999997,1.2748799999999998,0.26,-0.8499999999999999,0.336,0.93,0.51865,1.4020319303338171,-0.15960000000000002,0.13792441154292584,0.3440860215053763,-0.6667294176706827,0.03694874851013111,0.05065077473182359,40.98866666666666,1.666788806296458,1.5144799364322603,9.667434065934065,18.32784375,1.5963809151349238,1.3980715137067936,0.040664626147791864,0.06393580742226679,0.0661449220543339,0.07082996453779776,0.11805859204197638,10.105263157894736,-15.96,51.865,0.966,38119460,1.92,33.6,-0.61,1.72,0.93,2.7,0.19,25.17,-0.26,Lasers-Syst/Components,36.14,-0.32,22.87,5.63,1.4020319303338171
LSX GR Equity     ,Frankfurt,LS TELCOM AG,Applications Software,-5.569999999999999,-5.364703323475046,10.5633,10.6133,9.913300000000001,0.7,10.120000000000001,0.05,10.77,9.63,-1.2200000000000002,-3.26,-0.3299999999999996,-3.065378,3.53,2.3099999999999996,0.059699999999999996,-3.065378,0.56955,1.1944847605224964,0.00,0.0659549810143876,0.00,0.00,-0.3052959501557632,-0.31831547248182757,0,0.980807799442897,1.0969158878504672,0,0,0.9808964879852126,1.0294184839044653,-0.28462191272051995,-0.3029029644268774,0.0047110700724562575,0.0047333693069400665,0.004642525533890437,0.00,,56.955,0.823,10563300,-3.26,5.97,-1.71,2.93,-2.94,0.05,,9.63,-3.53,Applications Software,,,10.77,0.7,1.1944847605224964
ECK GR Equity     ,Xetra,LUDWIG BECK AM RATHAUSECK,Retail-Major Dept Store,0.9757020000000003,-0.29688229449152537,19.488,78.21799999999999,77.62799999999999,0.59,74.92999999999999,58.73,16.79,86.66,0.9099999999999997,3.27,7.04,1.185702,-0.7,0.20999999999999974,0.6374,-0.250194,0.42512,0.8113207547169813,0.00,0.007543020788053901,0.00,0.1771102688533879,-0.009116085852757905,0.013682229402261714,0,1.1606908874329958,0.2248788368336026,11.026704545454544,23.7394495412844,1.0357256355932203,0.8957765981998614,-0.014901369863013702,0.015824129187241427,0.7508501879362807,3.013649425287356,3.4979154258487193,0.8257575757575758,,42.512,0.559,19488000,3.27,63.74,-4.68,3.77,-0.79,58.73,3.96,86.66,0.7,Retail-Major Dept Store,,0,16.79,0.59,0.8113207547169813
MTB GR Equity     ,Frankfurt,M-TECH TECHNOLOGIE UND BETEI,Traffic Ma0.00gement Sys,-0.9844900000000005,-1.0100457751545817,12.4644,44.4944,38.9644,5.53,47.84,32.03,21.34,82.86,-0.9299999999999997,2.05,5.619999999999999,1.6855099999999998,3.6,2.6700000000000004,0.1778,0.05755399999999987,0.7393000000000001,0.3759071117561684,0.00,0.12428530331906938,0.00,1.584090275346928,-0.021844074342264062,0.020341660632391984,0,0.5840862230552952,0.15042722664735697,6.933167259786478,19.007024390243902,0.8336968334270188,0.4702437846970794,0.0026970009372071168,0.03523223244147156,0.7198658707612644,2.5697185584544786,1.5009372071227742,1.0353535353535352,,73.93,0.259,12464400,2.05,17.78,-2.64,3.57,-1.81,32.03,1.98,82.86,-3.6,Traffic Ma0.00gement Sys,,,21.34,5.53,0.3759071117561684
MHK GR Equity     ,Frankfurt,H. MAIHAK AG,Electronic Measur Instr,-0.79,-0.9500000000000001,12.84,12.84,12.84,0,1.72,0,1.72,14.84,0,-0.79,-0.79,-0.79,0,0,0,-0.9500000000000001,0.15248,0.5181422351233672,0.00,0,0.00,0.00,0,-0.0532345013477089,0,7.465116279069767,0.8652291105121294,0,0,7.465116279069767,0.8652291105121294,-0.5523255813953489,-0.4593023255813954,0,0,0,0.00,,15.248,0.357,12840000,-0.79,0,,,,0,0.16,14.84,,Electronic Measur Instr,,,1.72,0,0.5181422351233672
MNV6 GR Equity     ,Frankfurt,MAINOVA AG,Gas-Distribution,67.635504,67.84020509575765,1584.6,1875.9099999999999,1872.81,3.1,644.89,291.31,356.68,1137.52,37.19,69.19,143.11,63.76550399999999,-41.06,-3.8700000000000045,0.0784,65.71,0.16862,0.40493468795355597,0.687,0.001652531304806734,0,-0.060691122272004704,0.057766017300794704,0.05605660032351079,24.115050981585757,4.442637658405293,1.393030452211829,13.086506882817412,27.067639832345716,2.894967514930786,1.6463974259793235,0.18422675787821013,0.09887810944502162,0.15528996593653216,0.1838381926038117,0.8167264775148593,3.551848049281314,68.7,16.862,0.279,1584600000,69.19,7.84,-111.11,73.92,65.71,291.31,19.48,1137.52,41.06,Gas-Distribution,,,356.68,3.1,0.40493468795355597
MAN GR Equity     ,Xetra,MAN AG,Machinery-General Indust,351.44100000000003,214.82395889670093,4893.484,5646.484,5042.484,604,3094,753,2945,14947,203,657,1146,468.44100000000003,-86,117,0.287,308,0.22489,1.6415094339622642,-0.013000000000000001,0.10696922190871345,0.35714285714285715,0.24976464485388766,0.02060614170067572,0.03134013514417609,15.887935064935066,1.6616244482173177,0.3273890412791865,4.400073298429319,7.675013698630138,1.5269021092482424,0.3373575968421757,0.10458404074702886,0.15140303813833225,0.13335732466433978,0.1538780958515446,0.2556876061120543,6.4411764705882355,-1.3,22.489,1.131,4893484000,657,28.7,-692,489,308,753,102,14947,86,Machinery-General Indust,15.69,-110,2945,604,1.6415094339622642
MNI GR Equity     ,Frankfurt,MANIA TECHNOLOGIE AG,Electronic Compo-Semicon,1.9800000000000004,0.00,18.5224,92.3824,90.3424,2.04,34.69,73.86,-37.13,69.58,-2.38,-12.14,-5.550000000000001,-12.14,-11.74,-14.120000000000001,0,-18.55,0.9569799999999999,2.121915820029028,0.00,0.02208212819757876,0.00,0.00,-0.3163265306122449,-0.17447542397240587,0,0,0.2662029318769762,0,0,0,1.2983960908306984,0.00,-0.3499567598731623,0.7995029356241016,3.9876041981600654,0.00,0.00,,95.698,1.462,18522400,-12.14,-18.64,-4.21,6.59,-22.01,73.86,6.41,69.58,11.74,Electronic Compo-Semicon,,,-37.13,2.04,2.121915820029028
MUK GR Equity     ,Frankfurt,MARKT-UND KUEHLHALLEN AG,Storage/Warehousing,32.729828,16.457793800917685,106.386,170.05599999999998,164.166,5.89,100.89999999999999,63.67,43.12,114.95,-3.6100000000000003,11.94,18.05,6.879828,-22.24,-25.849999999999998,0.4238,6.02,0.25256,0.5703918722786648,0.2554,0.03463564943312791,0.4119601328903655,-3.7573613758948623,0.05237059591126576,0.05985061331013484,17.672093023255815,2.4672077922077924,0.9254980426272291,9.095069252077561,13.749246231155778,1.592433748478322,1.4281513701609394,0.1396103896103896,0.06818461843409317,0.37440607799783604,0.5984810031395109,1.4765769944341374,3.532544378698225,25.54,25.256,0.393,106386000,11.94,42.38,-2.5,6.11,6.02,63.67,3.38,114.95,22.24,Storage/Warehousing,,-2.48,43.12,5.89,0.5703918722786648
MKA GR Equity     ,Xetra,MARSEILLE-KLINIKEN AG,Phys Therapy/Rehab Cntrs,40.393443000000005,0.12950827312980628,128.547,353.007,351.217,1.79,255.67000000000004,224.46,33,200.08,-5.970000000000001,10.81,26.840000000000003,10.81,-19.07,-25.04,0,-3.08,0.36082000000000003,1.200290275761974,0.00,0.005070720977204418,0.00,-2.316373728029602,-0.06027588964414234,0.05402838864454218,0,3.895363636363636,0.6424780087964813,13.08558122205663,32.4900092506938,1.3711139594500115,1.7553828468612553,-0.09333333333333334,0.04228106543591348,0.6358514137113428,1.7461317650353567,6.801818181818182,0.7782577393808495,,36.082,0.827,128547000,10.81,-42.03,-10.06,16.03,-12.06,224.46,13.89,200.08,19.07,Phys Therapy/Rehab Cntrs,,-4.82,33,1.79,1.200290275761974
MZX GR Equity     ,Xetra,MASTERFLEX AG,Rubber/Plastic Products,3.5275509999999994,2.8179352750809064,123.75,140.91,137.32,3.59,42.760000000000005,17.16,29.19,66.92,0.5499999999999998,7.97,10.57,5.007550999999999,0.93,1.48,0.37170000000000003,3.75,0.24480000000000002,0.7416545718432511,0.00,0.025477254985451708,0.464,0.29555365487041474,0.05603705917513449,0.07482891512253435,33,4.239465570400822,1.8492229527794382,12.991485335856195,17.22961104140527,3.0401294498381874,2.0520023909145246,0.12846865364850976,0.11710830215154347,0.12177985948477753,0.13866666666666666,0.5878725590955807,6.275590551181102,,24.48,0.511,123750000,7.97,37.17,-3.15,2.6,3.75,17.16,1.27,66.92,-0.93,Rubber/Plastic Products,,-1.74,29.19,3.59,0.7416545718432511
MAK GR Equity     ,Frankfurt,MATERNUS-KLINIKEN AG,Phys Therapy/Rehab Cntrs,13.872793999999999,-0.5843047246978385,19.60983,99.17983,95.95983,3.22,78.69,79.57,2.34,105.33,-5.140000000000001,7.38,13.620000000000001,7.38,-0.31,-5.45,0,-0.7399999999999993,1.02164,0.5965166908563135,0.00,0.03246627867783198,0.00,-0.7384823848238483,-0.30380708250261085,0.07006550840216462,0,8.380269230769231,0.1861751637710054,7.045508810572686,13.002686991869918,1.2108390916859968,0.9110398746795785,-0.31623931623931595,0.09378574151734655,0.802280060371146,4.0576588374300036,34.004273504273506,0.9088669950738917,,102.164,0.411,19609830,7.38,-14.13,-1.1,6.24,-32,79.57,8.12,105.33,0.31,Phys Therapy/Rehab Cntrs,,,2.34,3.22,0.5965166908563135
HOH GR Equity     ,Frankfurt,MATTHIAS HOHNER AG,Leisure&Rec Products,4.514034,2.931872065727699,13.5,18.95,11.04,7.91,9.129999999999999,5.45,11.59,62.32,-0.54,3.47,4.5,0.4240339999999999,-3.55,-4.09,0.8778,0.15,0.31737,0.30043541364296084,0.00,0.4174142480211082,0,-9.64545295896084,0.0024069319640564824,0.0068041399229781755,90,1.1647972389991372,0.21662387676508343,2.453333333333333,3.1815561959654173,1.1120892018779343,0.1771501925545571,0.012942191544434857,0.04644403066812705,0.287598944591029,0.40370370370370373,0.47023295944779986,3.0173913043478264,,31.737,0.207,13500000,3.47,87.78,-0.49,1.03,0.15,5.45,1.15,62.32,3.55,Leisure&Rec Products,,,11.59,7.91,0.30043541364296084
MXH GR Equity     ,Frankfurt,M.A.X. HOLDING AG,Miscellaneous Manufactur,3.544667999999999,2.3711871886120996,38.376,65.98599999999999,58.86599999999999,7.12,63.13,27.61,42.64,134,-1.7699999999999996,9.16,13.84,4.234667999999999,2.46,0.6900000000000004,0.5377000000000001,2.79,0.46059,0.656023222060958,0.4711,0.10790167611311492,0,0.1629407547415761,0.02082089552238806,0.03160199999999999,13.754838709677419,0.8999999999999999,0.2863880597014925,4.253323699421965,6.426419213973798,0.9393024911032027,0.4392985074626865,0.06543151969981238,0.06707853635355614,0.41842208953414367,0.7194600792161768,0.6475140712945591,3.271428571428572,47.11,46.059,0.452,38376000,9.16,53.77,-2.91,4.68,2.79,27.61,2.8,134,-2.46,Miscellaneous Manufactur,,,42.64,7.12,0.656023222060958
MXA GR Equity     ,Frankfurt,MAXDATA COMPUTER AG,Computers-Peripher Equip,-6.17,-5.8,101.79,101.79,48.50000000000001,53.29,113.4,0,166.69,660.02,-0.6600000000000001,-0.37,6.85,0,6.46,5.8,1,0,0.53628,0.6124818577648766,0.00,0.5235288338736614,0.00,0.00,-0.0022120541801763584,0,0,0.6106545083688284,0.1542225993151723,7.0802919708029215,0,0.6106545083688284,0.0734826217387352,0,0,0,0,0,0.00,,53.628,0.422,101790000,-0.37,279.88,-6.56,7.22,-1.46,0,0.77,660.02,-6.46,Computers-Peripher Equip,,,166.69,53.29,0.6124818577648766
MDB GR Equity     ,Berlin,MDB AG-BEARER SHS,Diversified Operations,5.026752999999999,1.909965719882468,20.38672,46.64672,42.206720000000004,4.44,36.400000000000006,26.26,14.58,116.66,-1.1800000000000002,3.21,7.29,0,-4.17,-5.35,1,0,0.44761,1.3134978229317853,0.00,0.09518354130794192,0.00,0.00,-0.005657466140922339,0,0,1.3982661179698217,0.1747533001885822,5.789673525377229,13.148510903426793,1.1421821743388834,0.3617925595748329,0,0,0.5629549087267015,1.2880934255240668,1.8010973936899863,1.5141509433962264,,44.761,0.905,20386720,3.21,110.07,-2.9,4.08,-0.66,26.26,2.12,116.66,4.17,Diversified Operations,,,14.58,4.44,1.3134978229317853
BDE GR Equity     ,Frankfurt,MEDIANTIS AG,E-Commerce/Services,-0.009999999999999981,1.3499999999999999,16,16,15.77,0.23,13.209999999999999,0,13.44,2.17,-0.05,-0.23,-0.07,-0.23,-0.17,-0.22000000000000003,0,1.13,0.15271,0.41654571843251087,0.00,0.014375,0,0.00,0.5207373271889401,-0.10599078341013826,14.15929203539823,1.1904761904761905,7.373271889400922,0,0,1.1904761904761905,7.267281105990784,0.08407738095238095,-0.017411052233156702,0,0,0,0.00,,15.271,0.287,16000000,-0.23,0,-0.11,0.16,1.13,0,0,2.17,0.17,E-Commerce/Services,,,13.44,0.23,0.41654571843251087
MED GR Equity     ,Xetra,MEDICLIN AG,Medical-Hospitals,26.68,-0.8277178911346397,58.275,150.925,127.53500000000001,23.39,163.63,92.65,94.37,357.9,-12.509999999999998,-12.96,8.509999999999998,-12.96,-27.13,-39.64,0,-20.830000000000002,0.45807000000000003,0.6371552975326561,0.00,0.15497763789961902,0.00,0.00,-0.046996367700474995,-0.03621123218776195,0,0.6175161597965455,0.16282481139983238,14.986486486486491,0,0.8069992514169607,0.3563425537859738,-0.2207269259298506,-0.07920308011978244,0.6138810667550108,1.58987558987559,0.9817738688142418,0.00,,45.807,0.439,58275000,-12.96,-3.71,-8.96,21.47,-16.82,92.65,7.87,357.9,27.13,Medical-Hospitals,,-3,94.37,23.39,0.6371552975326561
MDG GR Equity     ,Xetra,MEDIGENE AG,Medical-Biomedical/Gene,-24.869999999999997,-25.418681652490886,171.1496,174.84959999999998,153.40959999999998,21.44,11.48,3.7,29.22,12.5,-1.16,-29.04,-27.77,-29.04,-3.01,-4.17,0,-29.119999999999997,0.44187,2.142235123367199,0.00,0.12261966856086605,0.00,0.00,-1,-1,0,5.857275838466803,13.691968,0,0,5.311348724179829,12.272768,-0.9965776865160848,-1,0.021161043548283784,0.021618513861557376,0.1266255989048597,0.00,,44.187,1.476,171149600,-29.04,0,-0.11,1.27,-31.06,3.7,0.08,12.5,3.01,Medical-Biomedical/Gene,,,29.22,21.44,2.142235123367199
MDN GR Equity     ,Xetra,MEDION AG,Distribution/Wholesale,61.34773,58.815973130943036,572.3055,574.7855000000001,487.3855000000001,87.4,371.12,2.48,456.04,2624.11,13.370000000000001,90.03,97.07000000000001,53.20773,-21.51,-8.14,0.409,50.72,0.40692999999999996,0.6937590711175617,0.1525,0.15205672376912777,0.6681782334384858,-0.15298528991934068,0.01932845802957955,0.020276486122914054,11.283625788643535,1.2549458380843785,0.21809508747727802,5.020969403523231,5.413589914472954,1.253566910930821,0.18573363921481953,0.1112183141829664,0.14337068872601852,0.004314653031435204,0.004333349932859286,0.005438119463204982,16.922932330827066,15.25,40.693,0.478,572305500,90.03,40.9,-20.41,7.04,50.72,2.48,5.32,2624.11,21.51,Distribution/Wholesale,4.873,-33.89,456.04,87.4,0.6937590711175617
MHH GR Equity     ,Frankfurt,MEDISA0.00 AG,Medical-Outptnt/Home Med,0.27999999999999936,-2.1452153558052434,27.5184,31.7884,30.7984,0.99,9.69,4.27,6.41,18.75,-0.6,-3.91,-3.1900000000000004,-3.91,-3.59,-4.1899999999999995,0,-4.66,0.55504,0.88388969521045,0.00,0.031143435970353964,0.00,0.00,-0.3957333333333333,-0.20853333333333335,0,4.293042121684867,1.467648,0,0,2.9764419475655433,1.6425813333333334,-0.7269890795631825,-0.4035087719298246,0.13432572888223376,0.15516890516890516,0.6661466458658345,0.00,,55.504,0.609,27518400,-3.91,-63.93,-0.12,0.72,-7.42,4.27,0.75,18.75,3.59,Medical-Outptnt/Home Med,,,6.41,0.99,0.88388969521045
MUM GR Equity     ,Xetra,MENSCH UND MASCHINE SOFTWARE,Applications Software,11.36422,1.0856726094003246,45.714,73.994,72.874,1.12,35.900000000000006,28.28,8.74,135.48,-4.33,2.11,6.91,2.11,-2.81,-7.140000000000001,0,-0.6000000000000001,0.59619,1.2597968069666183,0.00,0.015136362407762793,0.00,-3.383886255924171,-0.06834957189253027,0.015574254502509596,0,5.230434782608695,0.33742249778565103,10.54616497829233,34.53744075829384,1.9987574284170717,0.5378948922350163,-0.06864988558352404,0.05877437325905291,0.3821931507960105,0.6186288664304153,3.2356979405034325,0.7785977859778598,,59.619,0.868,45714000,2.11,-100.2,-0.47,4.8,-9.26,28.28,2.71,135.48,2.81,Applications Software,,,8.74,1.12,1.2597968069666183
MC9 GR Equity     ,Frankfurt,MERCATURA COSMETICS BIOTECH,Cosmetics&Toiletries,0,0.00,10.17,10.17,10.17,0,0,0,0,0,0,0,0,0,0,0,0,0,0.8693500000000001,0.00,0.00,0,0.00,0.00,0.00,0.00,0,0,0,0,0,0,0,0.00,0.00,0,0,0.00,0.00,,86.935,,10170000,,,,,,,,,,Cosmetics&Toiletries,,,,,0.00
MRK GR Equity     ,Xetra,MERCK KGAA,Medical-Drugs,296.33835999999985,547.3694779771615,11666.06,11878.16,11557.76,320.4,2744.6,212.1,2852.9,5339.5,-104.59999999999997,746.3,1085.1999999999998,415.8383599999999,224.1,119.50000000000003,0.4428,658.6,0.31215,0.9114658925979682,0.0842,0.02697387474154246,0.06711205587610082,0.28737127570433874,0.12334488247963293,0.07787964416143832,17.71342241117522,4.08919345227663,2.1848600056185035,10.650350165868044,15.486747956585825,3.8754192495921695,2.1645772076037084,0.23085281643240213,0.15151146250819789,0.017856300975908727,0.018180945409161278,0.07434540292334116,17.15632183908046,8.42,31.215,0.628,11666060000,746.3,44.28,-234.3,338.9,658.6,212.1,43.5,5339.5,-224.1,Medical-Drugs,5,-44.2,2852.9,320.4,0.9114658925979682
MEO GR Equity     ,Xetra,METRO AG,Food-Retail,1500.5266000000001,915.7948493063308,13330.54,21133.54,19026.54,2107,10435,7803,4739,56409,299,1823,2992,1265.5266000000001,-534,-235,0.30579999999999996,827,0.17434000000000002,1.304789550072569,0.2444,0.09969934047963569,0.40386940749697703,-0.1856934496675139,0.01466078108103317,0.022434834866776582,16.119153567110036,2.812943658999789,0.23631938165895514,6.35913770053476,10.43693911135491,1.6850215276670388,0.337296176142105,0.17450939016670183,0.12127710589362722,0.36922351863436037,0.5853476303285537,1.6465499050432582,3.1376936316695354,24.44,17.434,0.899,13330540000,1823,30.58,-1468,1169,827,7803,581,56409,534,Food-Retail,9.278,-334,4739,2107,1.304789550072569
MFG GR Equity     ,Frankfurt,MFC INDUSTRIAL HOLDINGS AG,Diversified Operations,24.019999999999996,16.278954075498916,24.6031,33.2931,8.933100000000003,24.36,17.229999999999997,8.69,32.9,83.44,-1.06,-3.6,-1.74,-3.6,-26.56,-27.619999999999997,0,-5.57,1.25191,0.20899854862119013,0.00,0.731683141551853,0.00,0.00,-0.004554170661553212,-0.04314477468839885,0,0.7478145896656536,0.2948597794822627,0,0,0.8005073334936285,0.10706016299137108,-0.16930091185410337,-0.20893789901334886,0.26101504515950746,0.35320752262926214,0.2641337386018237,0.00,,125.191,0.144,24603100,-3.6,-3.61,-0.8,1.86,-0.38,8.69,1.97,83.44,26.56,Diversified Operations,,,32.9,24.36,0.20899854862119013
MGT GR Equity     ,Xetra,MG TECHNOLOGIES AG,Diversified Operations,-214.701648,18.13876853187483,1704.599,2030.7089999999998,1447.2389999999998,583.47,1413.09,326.11,1670.45,4058.7,-3.3100000000000023,52.07,126.61000000000001,0,55.22,51.91,1,61.57,0.24465,1.1915820029027577,0.00,0.2873232944749839,0,0.00,0.015169881981915392,0,27.68554490823453,1.0204429944027058,0.4199864488629364,11.43068478003317,27.794104090647203,1.017103918740233,0.3565769827777367,0.03685833158729684,0,0.16058923262761923,0.19131185692353453,0.1952228441437936,0.725613154960981,,24.465,0.821,1704599000,52.07,412.64,-71.23,74.54,61.57,326.11,71.76,4058.7,-55.22,Diversified Operations,5.5,,1670.45,583.47,1.1915820029027577
MK4 GR Equity     ,Frankfurt,MICROLOG LOGISTICS AG,Transport-Services,11.574298000000002,2.170739843193158,77.0722,136.60219999999998,125.78219999999999,10.82,129.48000000000002,59.53,80.77,262.39,-9.46,2.49,17.54,2.49,1.92,-7.540000000000001,0,-2.17,0.25476,0.7039187227866474,0.00,0.07920809474517981,0.00,-3.0281124497991967,-0.030336521971111707,0.009489690918099014,0,0.9542181503033305,0.29373146842486375,7.171163055872292,50.51493975903614,0.9736436208125443,0.479371165059644,-0.026866410796087658,0.01923076923076923,0.4357909316248202,0.7723926396288157,0.7370310758945153,0.5343347639484979,,25.476,0.485,77072200,2.49,-62.02,-5.59,15.05,-7.96,59.53,4.66,262.39,-1.92,Transport-Services,,,80.77,10.82,0.7039187227866474
FW1 GR Equity     ,Frankfurt,MIFA MITTELDEUTSCHE FAHRRADW,Bicycle Manufacturing,3.4667680000000005,2.6576480000000005,45.42,66.67,66.59,0.08,25.94,21.25,4.77,82.91,0,5.57,5.57,3.4667680000000005,0,0,0.3776,2.6576480000000005,0.2028,0.00,0.00,0.00119994000299985,0.00,0,0,0.041813629236521536,0,9.522012578616353,0.5478229405379328,11.955116696588869,11.955116696588869,2.5622598001537282,0.8031600530695936,0.5571589098532497,0.13364564379336932,0.3187340632968351,0.46785557023337737,4.454926624737946,4.2846153846153845,,20.28,,45420000,5.57,37.76,,,,21.25,1.3,82.91,,Bicycle Manufacturing,,,4.77,0.08,0.00
MUT GR Equity     ,Stuttgart,MINERALBRU UEBERKING-TEI0.00CH,Beverages-Non-alcoholic,12.730000000000004,5.545540647767442,132.3845,165.2845,158.7245,6.56,132.07,32.9,105.73,168.45,-8.990000000000002,-8.61,19.96,-8.61,-12.35,-21.340000000000003,0,-10.73,0.09343,0.9143686502177069,0.00,0.03968914205506263,0.00,0.00,-0.027129712080736126,-0.051113089937666965,0,1.2520996878842334,0.7858978925497181,7.952129258517034,0,1.1922707927577005,0.9422647669931732,-0.10148491440461553,-0.06519270084046339,0.19905072768468912,0.2485185199173619,0.3111699612219805,0.00,,9.343,0.63,132384500,-8.61,-1.11,-19.58,28.57,-4.57,32.9,2.12,168.45,12.35,Beverages-Non-alcoholic,,-0.27,105.73,6.56,0.9143686502177069
MIX GR Equity     ,Frankfurt,MIS AG,Decision Support Softwar,0.6401600000000001,0.4494695170229612,49.00002,49.70002,44.96002,4.74,7.889999999999999,0.7,11.93,44.65,-1.77,0.34,2.71,0.34,1.58,-0.18999999999999995,0,0.27,0.26476,0.7532656023222062,0.00,0.0953721950212495,0.00,-0.5588235294117645,-0.04344904815229563,0.007614781634938411,0,4.107294216261526,1.0974248600223964,16.590413284132843,132.23535294117647,3.9350768012668254,1.0069433370660694,0.022632020117351218,0.04309252217997466,0.014084501374446126,0.014285708454812874,0.0586756077116513,4.857142857142857,,26.476,0.519,49000020,0.34,-32.4,-0.6,2.37,-1.94,0.7,0.07,44.65,-1.58,Decision Support Softwar,,,11.93,4.74,0.7532656023222062
MME GR Equity     ,Xetra,MME ME MYSELF & EYE ENTERTAI,Broadcast Serv/Program,1.853657,1.9605594405594409,62.6585,62.7185,60.268499999999996,2.45,6.13,0.06,8.52,50.8,-0.26,0.77,1.15,0.5036569999999999,-1.09,-1.35,0.34590000000000004,0.62,0.58794,0.8505079825834543,0.00,0.039063434233918226,0,-2.68039558667903,0.012204724409448819,0.009914507874015746,101.06209677419355,7.354284037558686,1.2334350393700788,52.407391304347826,78.27077922077922,7.309848484848485,1.1863877952755906,0.0727699530516432,0.08216264274061989,0.0009566555322592218,0.0009575715984263907,0.007042253521126761,19.25,,58.794,0.586,62658500,0.77,34.59,-0.12,0.38,0.62,0.06,0.04,50.8,1.09,Broadcast Serv/Program,,,8.52,2.45,0.8505079825834543
MOB GR Equity     ,Xetra,MOBILCOM AG,Telephone-Integrated,180.91298,155.77418564371052,1141.897,1143.4569999999999,820.8969999999999,322.56,185.51,1.56,506.51,1897.32,-49.69,102.6,165.64,71.54298,-59.68,-109.37,0.30269999999999997,46.74,0.40348999999999996,1.7155297532656024,0.00,0.28209193699457,0.5622593068035944,-1.5287314003414452,0.02463474796028082,0.037707387262032765,24.43083012409071,2.254441175889913,0.6018473425674109,4.955910408113982,8.000945419103314,2.250589485700789,0.43266133282735647,0.09227853349390931,0.3856556519864158,0.001364283921476715,0.0013661477348657543,0.0030798997058300924,54.285714285714285,,40.349,1.182,1141897000,102.6,30.27,-13.35,63.04,46.74,1.56,1.89,1897.32,59.68,Telephone-Integrated,15,-26.28,506.51,322.56,1.7155297532656024
MWA GR Equity     ,Frankfurt,MOEBEL WALTHER AG,Retail-Home Furnishings,30.04,-3.650469635269121,90.6,273.13,238.93,34.2,191.72000000000003,182.53,43.39,495.9,-20.67,-1.25,19.42,-1.25,-10.62,-31.29,0,-9.66,0.43445,0.00,0.00,0.12521509903708858,0.00,0.00,-0.010828796128251664,-0.002520669489816495,0,2.0880387185987552,0.18269812462189958,12.303295571575694,0,1.208967776203966,0.4818108489614842,-0.22263194284397328,-0.006519924890465261,0.6682898253578882,2.0146799116997793,4.206729661212261,0.00,,43.445,-0.358,90600000,-1.25,-74.05,,20.67,-5.37,182.53,8.41,495.9,10.62,Retail-Home Furnishings,,0,43.39,34.2,-0.5195936139332366
MOK GR Equity     ,Frankfurt,A. MOKSEL AG,Food-Meat Products,21.752703000000004,2.496397849462366,97.80418,245.29418,216.90418,28.39,153.89,147.49,34.79,1811.19,-8.170000000000002,32.63,53,22.452703,8.87,0.6999999999999975,0.3119,2.63,0.36979999999999996,0.6153846153846154,0.00,0.11573857969235145,0,0.03117664719477194,0.0014520839889796211,0.012396657998332587,37.18790114068441,2.8112727795343493,0.05399995583014482,4.092531698113207,6.647385228317499,1.3456999122229538,0.11975782772652234,0.07559643575740155,0.14590098771850024,0.6012780246151784,1.5080132566931188,4.23943661971831,2.810508182601206,,36.98,0.424,97804180,32.63,31.19,-12.2,20.37,2.63,147.49,11.61,1811.19,-8.87,Food-Meat Products,,,34.79,28.39,0.6153846153846154
MGN GR Equity     ,Frankfurt,MOLOGEN AG,Medical-Biomedical/Gene,-2.63,-2.63,22.38763,22.38763,19.507630000000002,2.88,1.02,0,3.9,2.09,-0.19999999999999998,-3.53,-3.1599999999999997,-3.53,-0.7,-0.8999999999999999,0,-3.53,0.5832,1.462989840348331,0.00,0.1286424690777898,0.00,0.00,-1,-1,0,5.740417948717949,10.711784688995216,0,0,5.740417948717949,9.333794258373208,-0.9051282051282051,-1,0,0,0,0.00,,58.32,1.008,22387630,-3.53,-0.03,-0.17,0.37,-3.52,0,0,2.09,0.7,Medical-Biomedical/Gene,,,3.9,2.88,1.462989840348331
MOR GR Equity     ,Xetra,MORPHOSYS AG,Medical-Biomedical/Gene,5.39,4.473328938694792,166.3979,166.5579,159.90789999999998,6.65,23.689999999999998,0.16,30.18,22,-1.81,-3.46,-0.9699999999999998,-3.46,-7.04,-8.85,0,-4.33,0.46131,1.4804063860667636,0.00,0.03992605574397853,0.00,0.00,-0.18863636363636366,-0.15727272727272726,0,5.513515573227303,7.563540909090909,0,0,5.489713249835201,7.268540909090908,-0.1434724983432737,-0.14605318699873365,0.0009606269051182803,0.0009615505964919029,0.005301524188204109,0.00,,46.131,1.02,166397900,-3.46,0,-0.68,2.49,-4.15,0.16,0.87,22,7.04,Medical-Biomedical/Gene,105.47,,30.18,6.65,1.4804063860667636
MUB GR Equity     ,Xetra,MUEHLBAUER HOLDING AG & CO,Machinery-General Indust,7.819811,8.791505898681471,544.6053,547.5453000000001,534.9453000000001,12.6,88.27000000000001,2.94,97.93,128.2,-0.3800000000000008,7.97,14.16,5.469810999999999,-1.97,-2.3500000000000005,0.31370000000000003,6.51,0.36462000000000006,1.0972423802612483,0.0434,0.023011794640553022,0.9293394777265745,-0.42963093240333183,0.050780031201248056,0.042666232449297965,83.65672811059909,5.561169202491576,4.248091263650547,37.778622881355936,67.11986198243414,5.4282274214335295,4.172740249609985,0.0664760543245175,0.06196681771836409,0.005369418749462372,0.005398405046737518,0.03002144388849178,10.917808219178083,4.34,36.462,0.756,544605300,7.97,31.37,-5.81,6.19,6.51,2.94,0.73,128.2,1.97,Machinery-General Indust,12.57,-6.05,97.93,12.6,1.0972423802612483
MWE GR Equity     ,Munich,MUELLER WEINGARTEN AG,Engineering/R&D Services,23.820514000000003,16.77437884539861,142.8,157.55,112.87,44.68,31.71,14.75,61.64,372.96,0.5500000000000007,9.97,20.259999999999998,9.97,-7.26,-6.709999999999999,0,11.36,0.25059000000000003,0.5065312046444121,-0.022000000000000002,0.283592510314186,0.44366197183098594,-0.6730190571715144,0.030459030459030458,0.026732089232089234,12.57042253521127,2.316677482154445,0.3828828828828829,5.571076011846003,11.320962888665997,2.0624427281057733,0.30263299013299017,0.1842959117456197,0.3144118574582151,0.09362107267534116,0.10329131652661064,0.23929266709928618,7.440298507462686,-2.2,25.059,0.349,142800000,9.97,-71.62,-10.84,10.29,11.36,14.75,1.34,372.96,7.26,Engineering/R&D Services,,-5.04,61.64,44.68,0.5065312046444121
MLL GR Equity     ,Frankfurt,MUELLER-DIE LILA LOGISTIK AG,Consulting Services,2.955856,1.1749460873757154,13.706,38.966,38.086,0.88,32.309999999999995,25.26,7.93,70.54,-1.62,2.44,4.48,0.6158559999999998,-0.72,-2.34,0.7476,0.6158559999999998,0.32871,0.6197387518142236,0.00,0.02258379099727968,0.00,-3.799589514431946,-0.0008505812305075134,0.008730592571590584,0,1.728373266078184,0.19430110575559964,8.501339285714284,15.609016393442623,1.17402832178367,0.5399206124184859,0.07766153846153845,0.01906084803466419,0.648257455217369,1.8429884722019556,3.1853720050441363,0.00,,32.871,0.427,13706000,2.44,74.76,-0.42,2.04,-0.06,25.26,,70.54,0.72,Consulting Services,,,7.93,0.88,0.6197387518142236
MTP GR Equity     ,Frankfurt,MUENCHNER TIERPARK HELLABRAU,Leisure&Rec Products,0,0.00,16.83,16.83,16.83,0,0,0,0,0,0,0,0,0,0,0,0,0,0.34008000000000005,0.43976777939042094,0.00,0,0.00,0.00,0.00,0.00,0,0,0,0,0,0,0,0.00,0.00,0,0,0.00,0.00,,34.008,0.303,16830000,,,,,,,,,,Leisure&Rec Products,,,,,0.43976777939042094
MVV GR Equity     ,Xetra,MVV ENERGIE AG,Electric-Integrated,128.837764,17.55180887217592,798.5565,2178.0265,2052.8565,125.17,1863.9699999999998,1379.47,609.67,1518.69,10.859999999999985,89.77,244.55,89.77,8.71,19.569999999999986,0,23.549999999999997,0.20754999999999998,0.5399129172714079,0.00,0.05746945686840817,0.00,0.2180015595410492,-0.02865627613271965,0.05911015414600741,0,1.309817606246002,0.5258192916263359,8.394424453077079,22.867957001225353,1.0949588767004836,1.3517284633467,0.038627454196532546,0.048160646362334164,0.6333577667673006,1.7274544756695362,2.2626502862204143,1.3556327393536696,,20.755,0.372,798556500,89.77,-65.32,-165.64,154.78,-43.52,1379.47,66.22,1518.69,-8.71,Electric-Integrated,,-38.03,609.67,125.17,0.5399129172714079
NHB GR Equity     ,Frankfurt,NEBELHORNBAHN AG,Recreatio0.00l Centers,0.19845800000000002,0.11674000000000001,14.82,15.84,15.68,0.16,5.59,1.02,4.73,5.24,0,0.34,0.34,0.19845800000000002,0,0,0.4163,0.11674000000000001,0.19422999999999999,0.31059506531204645,0.40740000000000004,0.010101010101010102,0.00,0,0,0.037873664122137406,0,3.1331923890063424,2.82824427480916,46.11764705882352,46.11764705882352,2.754782608695652,2.99236641221374,0.02468076109936575,0.03550232558139536,0.06439393939393939,0.06882591093117409,0.21564482029598306,2.4285714285714284,40.74,19.423,0.214,14820000,0.34,41.63,,,,1.02,0.14,5.24,,Recreatio0.00l Centers,,,4.73,0.16,0.31059506531204645
NEM GR Equity     ,Frankfurt,NEMETSCHEK AG,Applications Software,11.129429,10.93837837837838,160.93,162.89000000000001,133.06,29.83,26.410000000000004,1.96,54.28,95.64,-4.300000000000001,5.49,13.39,3.909429,-2.92,-7.220000000000001,0.2879,3.97,0.57882,1.2597968069666183,0.00,0.1831297194425686,0,-1.8468170159887802,0.041509828523630284,0.04087650564617315,40.53652392947103,2.9648120854826825,1.682664157256378,9.937266616878267,24.2367941712204,2.896337126600285,1.391258887494772,0.07313927781871776,0.1480283604695191,0.012032660077352814,0.012179208351457154,0.03610906411201179,27.45,,57.882,0.868,160930000,5.49,28.79,-3.6,7.9,3.97,1.96,0.2,95.64,2.92,Applications Software,,,54.28,29.83,1.2597968069666183
NSN GR Equity     ,Frankfurt,NESCHEN AG,Miscellaneous Manufactur,6.37017,-2.2890921169176264,16.541,92.821,92.121,0.7,89.61999999999999,76.28,14.04,140.94,1.8200000000000003,1.9,8.16,1.9,-5.75,-3.9299999999999997,0,-2.9,0.6498900000000001,1.2380261248185778,0.00,0.00754139688217106,0.00,-2.068421052631579,-0.02724563644103874,0.013480913864055626,0,1.1781339031339033,0.11736199801333902,11.289338235294117,48.484736842105264,1.0276904340124005,0.6536185610898254,-0.20655270655270655,0.021200624860522207,0.8217967916742979,4.611571247203917,5.433048433048434,0.3958333333333333,,64.989,0.853,16541000,1.9,-28.43,-8.08,6.26,-3.84,76.28,4.8,140.94,5.75,Miscellaneous Manufactur,,,14.04,0.7,1.2380261248185778
NET GR Equity     ,Frankfurt,NET AG INFRASTRUCTURE SOFT,B2B/E-Commerce,0.29999999999999893,-7.757326987688098,21.83904,27.75904,26.60904,1.15,6.16,5.92,1.39,61.58,-5.949999999999999,-8.08,-1.4400000000000004,-8.012128,-2.43,-8.379999999999999,0.0084,-9.350788,0.90984,1.8998548621190132,0.00,0.04142794563500755,0.00,0.00,-0.1539460863916856,-0.1301092562520299,0,15.711539568345325,0.3546450146151348,0,0,3.797406292749658,0.43210522897044495,-1,-1,0.21326385926890845,0.2710741864111243,4.258992805755396,0.00,,90.984,1.309,21839040,-8.08,0.84,-0.69,6.64,-9.48,5.92,1.35,61.58,2.43,B2B/E-Commerce,,,1.39,1.15,1.8998548621190132
NF7 GR Equity     ,Xetra,NEUE SENTIMENTAL FILM AG,Advertising Services,-0.9300000000000002,-1.1900000000000004,13.3848,14.684800000000001,9.634800000000002,5.05,6.910000000000001,1.3,10.66,26.25,-0.34,-1.85,-1.33,-1.85,-0.58,-0.9199999999999999,0,-2.0100000000000002,0.48387,1.60522496371553,0.00,0.34389300501198516,0.00,0.00,-0.11923809523809524,-0.07047619047619048,0,1.255609756097561,0.5098971428571428,0,0,1.2278260869565216,0.3670400000000001,-0.18855534709193247,-0.26772793053545585,0.08852691218130311,0.09712509712509712,0.12195121951219512,0.00,,48.387,1.106,13384800,-1.85,-6.65,-0.18,0.52,-3.13,1.3,0.16,26.25,0.58,Advertising Services,,,10.66,5.05,1.60522496371553
NYH GR Equity     ,Frankfurt,NEW-YORK HAMBURGER GUMMI-WAA,Rubber/Plastic Products,0.06000000000000011,-0.7946357615894039,11.77898,16.40898,16.08898,0.32,7.2299999999999995,4.63,2.92,28.78,0.69,-0.29,0.49000000000000005,-0.29,-1.04,-0.3500000000000001,0,-0.9299999999999999,0.4885,0.5892597968069667,0.00,0.019501516852357674,0.00,0.00,-0.03266157053509381,-0.01007644197359277,0,4.033897260273973,0.4092765809589993,32.834653061224486,0,2.173374834437086,0.5590333564975677,-0.3184931506849315,-0.040110650069156296,0.28216257195755007,0.3930730844266651,1.5856164383561644,0.00,,48.85,0.406,11778980,-0.29,-3.19,-1.47,0.78,-0.94,4.63,0.64,28.78,1.04,Rubber/Plastic Products,,0,2.92,0.32,0.5892597968069667
NXU GR Equity     ,Frankfurt,NEXUS AG,Medical Information Sys,-2.0300000000000002,-2.0670271058000584,39.788,39.958,36.717999999999996,3.24,31.07,0.17,34.14,16.39,0.29000000000000004,-1.43,1.0799999999999998,-1.43,0.31,0.6000000000000001,0,-1.47,0.31979,0.3584905660377359,0.00,0.08108513939636619,0.00,0.00,-0.06650396583282489,-0.087248322147651,0,1.1654364381956648,2.4275777913361805,33.99814814814815,0,1.1646167298163799,2.240268456375839,-0.04305799648506151,-0.046025104602510455,0.004254467190550078,0.0042726450185985735,0.004979496192149971,0.00,,31.979,0.247,39788000,-1.43,-60.65,-2.8,2.51,-1.09,0.17,0.04,16.39,-0.31,Medical Information Sys,,,34.14,3.24,0.3584905660377359
NC5 GR Equity     ,Frankfurt,NORCOM INFORMATION TECHNOLOG,Applications Software,-0.9099999999999997,-0.9656555423122759,33.18314,33.39314,24.503140000000002,8.89,7.890000000000001,0.21,16.57,23,-3.2,-2.96,0.4700000000000002,-2.96,1.15,-2.0500000000000003,0,-2.9899999999999998,0.55561,0.07982583454281568,0.00,0.2662223438706273,0.00,0.00,-0.15956521739130433,-0.12869565217391304,0,2.0026035003017504,1.4427452173913045,52.134340425531896,0,1.9900560190703218,1.0653539130434784,-0.1804465902232951,-0.3751584283903675,0.006288716784345527,0.00632851502299059,0.012673506336753168,0.00,,55.561,0.055,33183140,-2.96,-13.88,-0.23,3.43,-3.67,0.21,0.03,23,-1.15,Applications Software,,,16.57,8.89,0.07982583454281568
NST GR Equity     ,Frankfurt,NORDDEUTSCHE STEINGUT AG,Miscellaneous Manufactur,-1.4916820000000006,-0.6143856541952627,17.16,37.480000000000004,36.45,1.03,44.14,20.32,24.85,61.08,-3.3899999999999997,2.18,7.390000000000001,1.188318,6.07,2.6800000000000006,0.4549,0.86,0.57423,0.6545718432510886,0.00,0.027481323372465314,0.41860465116279066,2.255288567538319,0.014079895219384414,0.019455108055009822,19.953488372093023,0.6905432595573441,0.28094302554027506,4.93234100135318,16.720183486238533,0.829754261678105,0.5967583497053046,0.03460764587525151,0.026921567739012234,0.5421558164354322,1.1841491841491842,0.8177062374245473,2.0373831775700935,,57.423,0.451,17160000,2.18,45.49,-1.82,5.21,0.86,20.32,1.07,61.08,-6.07,Miscellaneous Manufactur,,-0.36,24.85,1.03,0.6545718432510886
NDA GR Equity     ,Xetra,NORDDEUTSCHE AFFINERIE AG,Metal Processors&Fabrica,2.3475580000000065,-1.1781690949918975,497.7971,667.4571,651.6370999999999,15.82,558.65,169.66,404.81,2480.71,-34.28,69.58,131.85,39.667558,71.6,37.31999999999999,0.4299,25.12,0.28992,0.8911465892597968,0.0032,0.02370189784482029,0,0.9408191953737105,0.010126133244111565,0.015990405166262885,19.816763535031846,1.229705540871026,0.2006671880227838,4.942260902540766,9.365293187697613,1.1618658937803539,0.2626816919349702,0.062053803018700136,0.07100610042065694,0.2541886212612017,0.34082159176901594,0.4191101998468417,4.604897418927862,0.32,28.992,0.614,497797100,69.58,42.99,-27.99,62.27,25.12,169.66,15.11,2480.71,-71.6,Metal Processors&Fabrica,,0,404.81,15.82,0.8911465892597968
NDX1 GR Equity     ,Xetra,NORDEX AG,Power Conv/Supply Equip,5.159999999999997,-26.2350783554125,77.7627,126.6827,125.06269999999999,1.62,57.410000000000004,48.92,10.11,221.57,-5.009999999999999,-26.18,-14.06,-25.952233999999997,-26.33,-31.339999999999996,0.0087,-31.602643999999998,1.03925,1.1103047895500726,0.00,0.012787855010984138,0.00,0.00,-0.1510132238118879,-0.11712882610461704,0,7.691661721068249,0.35096222412781514,0,0,2.1460731831272235,0.5644387778128808,-1,-0.45205075770771636,0.38616164638107653,0.6290933828172119,4.838773491592483,0.00,,103.925,0.765,77762700,-26.18,0.87,-7.11,12.12,-33.46,48.92,5.7,221.57,26.33,Power Conv/Supply Equip,,,10.11,1.62,1.1103047895500726
NWX GR Equity     ,Frankfurt,NORDWEST HANDEL AG,Transport-Services,-10.646840000000001,-4.403954428106409,11.48952,64.50952000000001,58.72952000000001,5.78,83.31,53.02,36.07,263.51,-1.1399999999999997,4.85,9.62,3.7131599999999993,15.5,14.36,0.23440000000000003,1.41,0.55454,0.14368650217706824,-0.22949999999999998,0.08959917853984961,0,3.8673259434013083,0.005350840575310235,0.014091154035899963,8.148595744680852,0.3185339617410591,0.04360183674243862,6.10493970893971,12.109179381443301,0.7240938376922215,0.22287397062730072,0.039090657055724974,0.044570399711919326,0.8218941948413194,4.614640124217548,1.4699196007762685,0.5418994413407822,-22.95,55.454,0.099,11489520,4.85,23.44,-3.63,4.77,1.41,53.02,8.95,263.51,-15.5,Transport-Services,,0,36.07,5.78,0.14368650217706824
NS8 GR Equity     ,Xetra,NOVASOFT AG,Commercial Services,8.930928,8.975734416049677,73.42397,73.58397,59.823969999999996,13.76,28.11,0.16,41.71,60.1,-0.52,3.92,4.93,2.580928,-5.83,-6.35,0.34159999999999996,2.65,0.26167,0.9201741654571844,-0.056600000000000004,0.18699724953682167,0.7094339622641509,-2.460355345054182,0.04409317803660565,0.04294389351081531,27.707158490566037,1.7603445216974345,1.2216966722129783,12.134679513184585,15.261216836734693,1.7574389777883925,0.9954071547420964,0.06353392471829297,0.09181529704731413,0.0021743866225211825,0.002179124882514525,0.0038360105490290097,392,-5.66,26.167,0.634,73423970,3.92,34.16,-0.49,1.01,2.65,0.16,0.01,60.1,5.83,Commercial Services,,-1.88,41.71,13.76,0.9201741654571844
NBX GR Equity     ,Frankfurt,NOVEMBER AG,Drug Delivery Systems,1.7999999999999998,3.3058226799557033,37.56464,38.13464,26.674639999999997,11.46,15.629999999999999,0.57,26.52,5.59,-0.41,-4.48,-3.8900000000000006,-2.8044800000000003,-5.87,-6.28,0.374,-2.84204,0.3883,1.134978229317852,0.00,0.3005141781855028,0.00,0.00,-0.5044722719141324,-0.501695885509839,0,1.4164645550527903,6.719971377459749,0,0,1.407701734957549,4.771849731663685,-0.1071659125188537,-0.17942930262316062,0.014947040276242282,0.01517384433871854,0.021493212669683258,0.00,,38.83,0.782,37564640,-4.48,37.4,-0.18,0.59,-2.82,0.57,0.06,5.59,5.87,Drug Delivery Systems,,,26.52,11.46,1.134978229317852
OCQ GR Equity     ,Frankfurt,OCEANICA GMBH & CIE KGAA,Shipbuilding,1.5202980000000001,1.5202980000000001,29.0175,29.0175,29.007499999999997,0.01,28.9,0,28.91,2.27,0,2.19,2.19,1.5202980000000001,0,0,0.30579999999999996,1.5202980000000001,0.24789999999999998,0.3933236574746009,0.00,0.0003446196260877057,0.00,0,0,0.6697348017621146,0,1.0037184365271532,12.783039647577091,13.245433789954337,13.245433789954337,1.0037184365271532,12.778634361233479,0.05258727084053961,0.05260546712802769,0,0,0,0.00,,24.79,0.271,29017500,2.19,30.58,,,,0,,2.27,,Shipbuilding,,,28.91,0.01,0.3933236574746009
ODE GR Equity     ,Frankfurt,ODEON FILM AG,Motion Pictures&Services,-0.45997699999999986,-0.46999999999999975,26,26,12.88,13.12,8.459999999999999,0,21.58,37.85,-0.52,2.83,3.43,1.070023,2.05,1.5299999999999998,0.6219,1.06,0.5649000000000001,0.5413642960812772,0.00,0.5046153846153846,0,1.4298758064078996,0.028005284015852047,0.028270092470277407,24.528301886792452,1.2048192771084338,0.6869220607661822,3.7551020408163267,4.551236749116608,1.2048192771084338,0.3402906208718626,0.04911955514365154,0.12648026004728133,0,0,0,70.75,,56.49,0.373,26000000,2.83,62.19,-0.08,0.6,1.06,0,0.04,37.85,-2.05,Motion Pictures&Services,,,21.58,13.12,0.5413642960812772
OEL GR Equity     ,Frankfurt,OELMUEHLE HAMBURG AG,Food-Flour&Grain,85.32474400000001,57.96094211123723,366.261,401.461,400.341,1.12,86.97999999999999,35.2,52.9,1150.84,-4.789999999999999,50.64,70.18,34.794744,-45.74,-50.53,0.3129,27.62,0.16358,1.0333817126269957,0.4203,0.0027898102181781047,0,-1.4522308311853078,0.02399986097111675,0.03023421500816795,13.260716871832006,6.923648393194708,0.3182553613013104,5.704488458250213,7.905627962085308,4.556878547105562,0.34786851343366587,0.5221172022684311,0.4000315474821799,0.087679749714169,0.09610632854712896,0.665406427221172,5.146341463414634,42.03,16.358,0.712,366261000,50.64,31.29,-14.75,19.54,27.62,35.2,9.84,1150.84,45.74,Food-Flour&Grain,,,52.9,1.12,1.0333817126269957
OHB GR Equity     ,Xetra,OHB TECHNOLOGY AG,Telecommunication Equip,29.888788999999996,29.086412988330792,109.273,110.703,67.593,43.11,-3.6899999999999977,1.43,37.99,96.35,-0.8800000000000001,6.29,8.51,4.428789,-24.58,-25.459999999999997,0.2959,4.55,0.5887,1.1190130624092889,0.8773000000000001,0.38942034091217037,0,-5.748749827548794,0.04722366372599896,0.045965635703165544,24.016043956043955,2.8763622005790994,1.1341255838090296,7.9427732079906,10.74610492845787,2.8082952815829527,0.7015360664244941,0.11976836009476177,0.00,0.012917445778343856,0.013086489800774207,0.03764148460121084,48.38461538461538,87.73,58.87,0.771,109273000,6.29,29.59,-1.34,2.22,4.55,1.43,0.13,96.35,24.58,Telecommunication Equip,6.62,,37.99,43.11,1.1190130624092889
ONV GR Equity     ,Xetra,ONVISTA AG,Internet Content-Info/Ne,0.7299999999999995,10.879999999999999,41.138,41.138,37.988,3.15,42.72,0,45.87,6.95,-3.3,-4.36,-0.8600000000000003,-3.338016,-1.79,-5.09,0.23440000000000003,5.79,0.41878,1.300435413642961,0.00,0.07657153969565851,0,0.00,0.8330935251798561,-0.48029007194244605,7.105008635578583,0.8968388925223457,5.919136690647481,0,0,0.8968388925223457,5.465899280575539,0.1262262916939176,-0.0781370786516854,0,0,0,0.00,,41.878,0.896,41138000,-4.36,23.44,-0.2,3.5,5.79,0,,6.95,1.79,Internet Content-Info/Ne,,,45.87,3.15,1.300435413642961
PTA GR Equity     ,Frankfurt,P & T TECHNOLOGY AG,Power Conv/Supply Equip,-11.15,-12.953937676217764,16.1,24.14,21.66,2.48,14.969999999999999,8.04,9.41,53.57,-0.3600000000000001,-12.81,-11.030000000000001,-12.608883,-1.3,-1.6600000000000001,0.015700000000000002,-13.849101,1.08839,0.8766328011611031,0.00,0.10273405136702568,0.00,0.00,-0.26432704872129925,-0.23537209258913572,0,1.7109458023379385,0.3005413477692739,0,0,1.383381088825215,0.40433078215419077,-1,-0.8422767535070141,0.33305716652858325,0.4993788819875775,0.8544102019128585,0.00,,108.839,0.604,16100000,-12.81,1.57,-1.42,1.78,-14.16,8.04,1.26,53.57,1.3,Power Conv/Supply Equip,,,9.41,2.48,0.8766328011611031
PUI GR Equity     ,Xetra,P&I PERSO0.00L & INFORMATIK AG,Applications Software,6.323891,6.644217848659654,73.92001,75.17001,55.55001,19.62,9.849999999999998,1.25,28.22,40.1,-3.7199999999999998,3.79,7.97,1.9438909999999996,-0.66,-4.38,0.48710000000000003,2.45,0.29168,1.0333817126269957,0.00,0.261008346280651,0,-2.253212757299664,0.061097256857855366,0.048476084788029915,30.171432653061224,2.619419206236712,1.843391770573566,6.969888331242158,14.656994722955146,2.55072989480828,1.3852870324189526,0.08681785967399008,0.19734934010152286,0.016628972112681637,0.01691017087254182,0.04429482636428066,0.00,,29.168,0.712,73920010,3.79,48.71,-0.46,4.18,2.45,1.25,,40.1,0.66,Applications Software,8.82,,28.22,19.62,1.0333817126269957
ITE1 GR Equity     ,Frankfurt,P-D INTERGLAS TECHNOLOGIES,Miscellaneous Manufactur,-13.559999999999999,-1.7522187981510013,46.41701,62.04701,60.71701,1.33,18.14,15.63,3.84,72.87,-2.21,-1.38,1.04,-1.38,14.39,12.18,0,0.65,0.37323999999999996,1.81422351233672,0.00,0.02143536006005769,0,0.00,0.008919994510772609,-0.01893783449979415,71.41078461538461,12.087763020833334,0.6369838067791957,58.381740384615384,0,3.1868007190549563,0.8332236860161932,0.16927083333333334,-0.07607497243660419,0.25190577273586595,0.3367300047978101,4.0703125,0.00,,37.324,1.25,46417010,-1.38,-0.52,-0.21,2.42,0.65,15.63,1.8,72.87,-14.39,Miscellaneous Manufactur,,0,3.84,1.33,1.81422351233672
PA8 GR Equity     ,Munich,PAION AG,Medical-Biomedical/Gene,-11.67,-11.677398160315374,114.7004,114.7304,106.2804,8.45,-0.839999999999999,0.03,7.58,0.71,-0.15000000000000002,-11.01,-10.129999999999999,-11.01,0.81,0.66,0,-11.02,0.00,0.00,0.00,0.07365092425372874,0.00,0.00,-1,-1,0,15.13197889182058,20,0,0,15.076268068331142,20,-1,0.00,0.00026148257131501326,0.0002615509623331741,0.003957783641160949,0.00,,,,114700400,-11.01,0,-0.73,0.88,-10.86,0.03,0.01,0.71,-0.81,Medical-Biomedical/Gene,,,7.58,8.45,0.00
PGN GR Equity     ,Frankfurt,PARAGON AG,Electronic Measur Instr,-4.311640000000001,-1.8129039923954369,64.29445,73.22444999999999,70.77444999999999,2.45,18.59,8.93,12.11,64.7,2.7600000000000002,2.13,5.4,1.21836,2.77,5.53,0.428,1.37,0.42084000000000005,1.2989840348330917,0.00,0.03345876957764791,0,4.538888341705243,0.02117465224111283,0.018830911901081916,46.93025547445255,5.30920313790256,0.9937318392581143,13.106379629629627,33.227441314553985,3.4802495247148286,1.0938863987635237,0.11312964492155245,0.06553846153846155,0.12195380095036563,0.1388922371993228,0.7374071015689513,3.803571428571428,,42.084,0.895,64294450,2.13,42.8,-6.03,3.27,1.37,8.93,0.56,64.7,-2.77,Electronic Measur Instr,,,12.11,2.45,1.2989840348330917
PAQ GR Equity     ,Frankfurt,PARSYTEC AG,Applications Software,1.58387,1.698288959886404,36.12601,37.18601,25.486010000000004,11.7,16.47,1.06,27.11,25.03,-0.44999999999999996,0.06,1.02,0,-1.19,-1.64,1,0.12,0.49866999999999995,1.6008708272859218,0.00,0.3146344552696027,0,0.00,0.004794246903715541,0,200,1.3325713758760604,1.443308429884139,24.986284313725495,200,1.3200571529996452,1.0182185377546944,0.004426410918480265,0,0.028505343810750334,0.029341740203249683,0.03909996311324235,0.3333333333333333,,49.867,1.103,36126010,0.06,193.55,-0.51,0.96,0.12,1.06,0.18,25.03,1.19,Applications Software,,,27.11,11.7,1.6008708272859218
PCS GR Equity     ,Xetra,PC-SPEZIALIST FRANCHISE AG,Retail-Computer Equip,6.995008,7.32,30.0645,30.0645,23.8945,6.17,9.14,0,15.31,17.21,-0.06999999999999999,4.73,4.91,2.5050080000000006,-4.42,-4.49,0.4704,2.83,0.37956,1.258345428156749,0.1937,0.2052254319878927,0.5335689045936396,-1.7924094453989765,0.16443927948866938,0.14555537478210345,10.623498233215548,1.9637165251469626,1.7469203951191166,4.866496945010184,5.05169133192389,1.9637165251469626,1.388407902382336,0.18484650555192683,0.2740708971553611,0,0,0,0.00,19.37,37.956,0.867,30064500,4.73,47.04,-0.11,0.18,2.83,0,0,17.21,4.42,Retail-Computer Equip,,-1.51,15.31,6.17,1.258345428156749
PCW GR Equity     ,Xetra,PC-WARE AG,Computer Services,-16.612056,-13.103924955330555,60.63091,70.53091,33.45091000000001,37.08,30.08,9.9,57.26,404.52,-3.88,1.68,5.56,0.727944,21.22,17.34,0.5667,1.68,0.34631999999999996,0.7329462989840348,-0.1199,0.5257269472349073,1.0595238095238095,23.820513665886384,0.004153070305547316,0.001799525363393652,36.089827380952386,1.0588702410059379,0.14988359042816177,6.016350719424462,19.91125595238096,1.0501922275163789,0.08269284584198558,0.029339853300733496,0.02420026595744681,0.14036399076660147,0.16328305149963937,0.17289556409360812,3.2941176470588234,-11.99,34.632,0.505,60630910,1.68,56.67,,3.88,1.68,9.9,0.51,404.52,-21.22,Computer Services,,-1.78,57.26,37.08,0.7329462989840348
PFV GR Equity     ,Xetra,PFEIFFER VACUUM TECHNOLOGY,Machinery-Pumps,12.472052000000001,14.494580725907385,334.0428,334.8828,305.45279999999997,29.43,66.45000000000002,0.84,95.04,144.02,-2.04,19.48,23.44,10.712052000000002,0.28,-1.76,0.4501,12.75,0.26027,1.2989840348330917,0.0032,0.08788149167410211,0.3843137254901961,-0.16430092012249378,0.08852937092070545,0.07437891959450077,26.19943529411765,3.5147601010101006,2.319419525065963,13.03126279863481,15.680328542094454,3.492728410513141,2.1209054298014163,0.1341540404040404,0.16120469525959366,0.002508340231268969,0.0025146478235723085,0.008838383838383838,77.92,0.32,26.027,0.895,334042800,19.48,45.01,-1.92,3.96,12.75,0.84,0.25,144.02,-0.28,Machinery-Pumps,10.127,-4.9,95.04,29.43,1.2989840348330917
PFD4 GR Equity     ,Xetra,PFLEIDERER AG-REGISTERED SHS,Building&Construct-Misc,42.989200000000004,12.311128384588194,553.1976,882.6576,813.9276,68.73,355.61999999999995,329.46,94.89,901,-10.61,47.94,92.56,8.629200000000003,-23.75,-34.36,0.82,4.627800000000001,0.49829,0.7474600870827287,0.00,0.07786711404286328,0.00,-3.9818291382746938,-0.05078801331853496,0.00957735849056604,0,5.829883022447044,0.6139817980022197,8.793513396715644,16.978047559449312,2.080022622834924,0.9033602663706992,0.048770154916218784,0.02426522692761938,0.3732591210906698,0.5955557290921002,3.4720202339551056,2.156545209176788,,49.829,0.515,553197600,47.94,82,-34.01,44.62,-45.76,329.46,22.23,901,23.75,Building&Construct-Misc,8,,94.89,68.73,0.7474600870827287
PHO GR Equity     ,Xetra,PHOENIX AG,Retail-Auto Parts,14.663759999999996,4.5848781929213995,339.2529,640.8329,620.7229,20.11,436.76,301.58,155.29,1153,11.96,33.72,81.28,15.443759999999997,-11.18,0.7800000000000011,0.542,4.85,0.1148,0.7387518142235124,0.00,0.03138103552423729,0,0.050505835366517045,0.004206418039895923,0.013394414570685166,69.94905154639176,2.1846409942687877,0.2942349522983521,7.636846702755905,18.408152431791223,1.4026591809486286,0.5383546400693842,0.031231888724322233,0.035359831486399845,0.47060630001986475,0.8889533442455465,1.9420439178311546,2.042398546335554,,11.48,0.509,339252900,33.72,54.2,-59.52,47.56,4.85,301.58,16.51,1153,11.18,Retail-Auto Parts,,,155.29,20.11,0.7387518142235124
PS4 GR Equity     ,Frankfurt,PHOENIX SONNENSTROM AG,Power Conv/Supply Equip,-1.5,-1.5,64.06874,64.06874,61.97874,2.09,6.640000000000001,0,8.73,67.16,0,-1.5,-1.5,-1.5,0,0,0,-1.5,0.61513,0.00,0.00,0.032621212778649926,0.00,0.00,0,-0.022334723049434187,0,7.338916380297824,0.9539717093508042,0,0,7.338916380297824,0.9228519952352592,-0.1718213058419244,-0.2259036144578313,0,0,0,0.00,,61.513,,64068740,-1.5,0,,,,0,0,67.16,,Power Conv/Supply Equip,,,8.73,2.09,0.00
FDD GR Equity     ,Frankfurt,PILKINGTON DEUTSCHLAND AG,Miscellaneous Manufactur,6.872481,6.4162989999999995,1084.135,1084.135,1083.675,0.46,348.16,0,348.62,331.05,0,6.93,6.93,6.872481,0,0,0.0083,6.4162989999999995,0.10419,0.40493468795355597,-0.1489,0.0004243014015782168,0.00,0,0,0.020759646579066603,0,3.109790029258218,3.2748376378190605,156.37445887445887,156.37445887445887,3.109790029258218,3.2734481196193927,0.01840485055361138,0.019739433019301467,0,0,0,15.065217391304346,-14.89,10.419,0.279,1084135000,6.93,0.83,,,,0,0.46,331.05,,Miscellaneous Manufactur,,,348.62,0.46,0.40493468795355597
PNG GR Equity     ,Xetra,PIRONET NDH AG,Internet Applic Sftwr,-0.2500000000000001,0.76,64.4436,64.4436,31.783600000000007,32.66,4.040000000000006,0,36.7,35.2,0.06000000000000005,0.82,2.54,0.82,1.01,1.07,0,1.83,0.36201,1.2670537010159653,0.00,0.5067997442725111,0,1.3048780487804879,0.05198863636363636,0.023295454545454543,35.215081967213116,1.7559564032697548,1.8307840909090909,12.513228346456696,38.76048780487806,1.7559564032697548,0.9029431818181819,0.04986376021798365,0.20297029702970265,0,0,0,0.00,,36.201,0.873,64443600,0.82,0,-1.78,1.72,1.83,0,0,35.2,-1.01,Internet Applic Sftwr,,,36.7,32.66,1.2670537010159653
PXL1 GR Equity     ,Xetra,PIXELPARK AG,Consulting Services,-10.02,-10.059999999999999,16.33845,16.33845,12.198450000000001,4.14,1.3200000000000003,0,5.46,14.24,-1.27,-7.35,-6.08,-7.35,3.94,2.67,0,-7.39,0.56332,0.8171262699564587,0.00,0.2533900094562213,0.00,0.00,-0.46558988764044945,-0.5161516853932584,0,2.9923901098901102,1.1473630617977528,0,0,2.9923901098901102,0.8566327247191012,-1,-1,0,0,0,0.00,,56.332,0.563,16338450,-7.35,-2,,1.27,-6.63,0,0.04,14.24,-3.94,Consulting Services,,,5.46,4.14,0.8171262699564587
PM3 GR Equity     ,Xetra,PLASMASELECT AG,Medical Instruments,-17.68,-7.656052462526768,74.12475,94.91475,93.97475,0.94,92.46000000000001,20.79,72.61,60.26,14.080000000000002,-0.95,4,-0.95,2.65,16.73,0,5.35,0.42023000000000005,1.323657474600871,0.00,0.009903624041574148,0,0.00,0.08878194490540989,-0.015765018254231662,13.855093457943926,1.02086145159069,1.2300821440424827,23.4936875,0,1.016217880085653,1.5594880517756389,0.0736813111141716,-0.01027471338957387,0.2190386636429006,0.2804731213258729,0.28632419776890233,0.00,,42.023,0.912,74124750,-0.95,-36.01,-19.03,4.95,5.35,20.79,0.85,60.26,-2.65,Medical Instruments,,,72.61,0.94,1.323657474600871
PLE GR Equity     ,Xetra,PLENUM AG,Computer Services,-2.1945609999999998,-2.017549212598425,11.30086,11.49086,3.39086,8.1,2.0600000000000005,0.19,9.97,41.01,-0.6500000000000001,0.13,1.2400000000000002,0.075439,2.92,2.2699999999999996,0.41969999999999996,0.21,0.5288499999999999,1.253991291727141,0.00,0.7049080747655093,0,30.090536725036113,0.005120702267739576,0.0018395269446476472,53.81361904761905,1.1334864593781344,0.2755635210924165,2.7345645161290317,26.08353846153846,1.130990157480315,0.08268373567422581,0.021063189568706116,0.036620873786407764,0.01653488076610454,0.016812879727737536,0.01905717151454363,3.25,,52.885,0.864,11300860,0.13,41.97,-0.46,1.11,0.21,0.19,0.04,41.01,-2.92,Computer Services,,,9.97,8.1,1.253991291727141
PNO GR Equity     ,Xetra,PO0.00CHEM AG,Chemicals-Plastics,5.24,3.076203266787659,27,34.64,34.61,0.03,27.52,7.64,19.91,49.88,-0.95,0.25,1.72,0.25,-4.04,-4.99,0,-0.53,0.51789,0.00,0.00,0.0008660508083140877,0.00,-19.96,-0.0022052927024859663,0.005012028869286287,0,1.3561024610748367,0.541299117882919,20.122093023255815,138.44,1.2573502722323049,0.6938652766639936,-0.026619789050728277,0.009084302325581396,0.22055427251732102,0.28296296296296297,0.38372677046710196,0.3205128205128205,,51.789,,27000000,0.25,0,-0.52,1.47,-0.11,7.64,0.78,49.88,4.04,Chemicals-Plastics,,,19.91,0.03,0.00
PRE GR Equity     ,Xetra,PREMIERE AG,Cable TV,11.149999999999999,-93.52431251249605,2451.8,2883.17,2822.1800000000003,60.99,789.28,431.37,418.9,984.79,-66.47,-45.35,36.60999999999999,-45.35,9.97,-56.5,0,-121.36000000000001,0.00,0.00,0.00,0.021153799463784654,0.00,0.00,-0.08186516922389546,-0.04605042699458768,0,5.85294819766054,2.489667847967587,77.08768096148596,0,3.390887600409282,2.8657683363965925,-0.28971114824540467,-0.05745742955605109,0.1496165678749432,0.175940125621992,1.029768441155407,0.00,,,,2451800000,-45.35,-7.48,-15.49,81.96,-80.62,431.37,76.01,984.79,-9.97,Cable TV,30,,418.9,60.99,0.00
PRC GR Equity     ,Xetra,PRIMACOM AG,Cable TV,96.911249,0.00,70.68243,1016.2224299999999,1010.9724299999999,5.25,855.3599999999999,945.54,-84.93,197.95,-61.47,22.39,116.56,22.39,-7.25,-68.72,0,-90.71,1.27783,0.00,0.00,0.005166191814915954,0.00,-3.069227333631085,-0.5966153068956808,0.1131093710532963,0,0,0.3570721394291488,8.673407944406314,45.15285529254131,0,5.107211063399848,0.00,0.02617611298166854,0.9304459064144058,13.37729899778488,0.00,0.19796640141467728,,127.783,-0.158,70682430,22.39,-25.91,-32.7,94.17,-118.1,945.54,113.1,197.95,7.25,Cable TV,,,-84.93,5.25,-0.2293178519593614
PDA GR Equity     ,Xetra,PRO DV SOFTWARE AG,Software Tools,-2.73,-2.5649648467153283,16.985,17.875,3.8949999999999996,13.98,7.940000000000001,0.89,21.03,15.7,-0.56,-2.66,-1.8000000000000003,-2.451722,0.63,0.06999999999999995,0.0783,-2.497807,0.48253999999999997,1.1988388969521044,0.00,0.7820979020979021,0.00,0.00,-0.13821656050955414,-0.15616063694267518,0,0.8076557299096528,1.0818471337579618,0,0,0.8154653284671532,0.24808917197452227,-0.11877351402757963,-0.30878110831234257,0.04979020979020979,0.05239917574330292,0.04232049453162149,0.00,,48.254,0.826,16985000,-2.66,7.83,-0.3,0.86,-2.17,0.89,0.05,15.7,-0.63,Software Tools,,,21.03,13.98,1.1988388969521044
PMM GR Equity     ,Frankfurt,PROCON MULTIMEDIA AG,Audio/Video Products,8.54,-19.46012841025641,11.0771,55.637100000000004,55.08710000000001,0.55,48.2,44.56,4.19,69.1,-21.13,-17.13,6.25,-17.056341,-4.54,-25.669999999999998,0.0043,-21.666432,0.7277899999999999,0.6763425253991293,0.00,0.009885490077664006,0.00,0.00,-0.12981186685962376,-0.24683561505065124,0,2.6436992840095463,0.16030535455861072,8.813936000000002,0,1.1412738461538463,0.7972083936324169,-1,-0.3538659958506224,0.8009044324740147,4.022713526103403,10.634844868735083,0.00,,72.779,0.466,11077100,-17.13,0.43,-2.25,23.38,-8.97,44.56,4.63,69.1,4.54,Audio/Video Products,,,4.19,0.55,0.6763425253991293
POO GR Equity     ,Frankfurt,PROGEO HOLDING AG,Environ Monitoring&Det,0.24,0.15326145552560644,11.93631,12.27631,12.236310000000001,0.04,3.67,0.34,3.37,1.07,-0.2,-0.27,-0.07,-0.27,-0.31,-0.51,0,-0.31,0.90865,0.00,0.00,0.0032583080746576127,0.00,0.00,-0.29906542056074764,-0.25233644859813087,0,3.5419317507418397,11.155429906542055,0,0,3.308978436657682,11.435803738317757,-0.09198813056379822,-0.07356948228882834,0.027695618634589712,0.028484514896144623,0.10089020771513353,0.00,,90.865,-0.191,11936310,-0.27,-3.56,0,0.2,-0.32,0.34,0.04,1.07,0.31,Environ Monitoring&Det,,,3.37,0.04,-0.2772133526850508
PWO GR Equity     ,Xetra,PROGRESS-WERK OBERKIRCH AG,Metal Processors&Fabrica,4.925325000000001,5.025555555555556,62.98,102.37,102.16000000000001,0.21,81.60000000000001,39.39,42.42,201.09,5.52,14.37,25.659999999999997,8.945325,-1.5,4.02,0.3775,7.11,0.23323,0.8084179970972425,0.1423,0.002051382240890886,0.2812939521800281,0.4493967519346697,0.035357302700283456,0.04448418618529017,8.857946554149086,1.4846770391324846,0.313193097617982,3.981293842556509,7.109255393180238,1.251314020290918,0.5080312297976031,0.16760961810466762,0.10962408088235294,0.3847806974699619,0.6254366465544617,0.9285714285714285,4.85472972972973,14.23,23.323,0.557,62980000,14.37,37.75,-16.81,11.29,7.11,39.39,2.96,201.09,1.5,Metal Processors&Fabrica,,-2,42.42,0.21,0.8084179970972425
PSB GR Equity     ,Frankfurt,PSB AG FUER PROGRAMMIERUNG,Computer Services,3.152744,2.984341432225064,34.91124,35.24124,34.55124,0.69,14.950000000000001,0.33,15.31,122.08,-0.77,2.68,3.93,1.4627440000000003,-0.92,-1.69,0.4542,1.33,0.70573,0.41944847605224966,0.00,0.01957933375783599,0,-1.155362797591376,0.010894495412844037,0.011981847968545218,26.249052631578945,2.2802900065316787,0.28597018348623854,8.791664122137405,12.892253731343283,2.2532762148337593,0.28302129750982963,0.08687132593076421,0.09784240802675587,0.009364029188530257,0.009452543077816773,0.02155453951665578,0.00,,70.573,0.289,34911240,2.68,45.42,-0.48,1.25,1.33,0.33,,122.08,0.92,Computer Services,,,15.31,0.69,0.41944847605224966
PSA2 GR Equity     ,Xetra,PSI AG GESELLSCHAFT,Applications Software,-3.5819500000000004,-3.20730272861357,46.25405,52.00405,35.03405,16.97,37.27,5.75,48.49,115.2,-1.17,0.02,4.7299999999999995,0.02,4.78,3.6100000000000003,0,0.02,0.46926,1.6357039187227869,0.00,0.3263207384809452,0.00,180.5,-0.021961805555555554,0.00017361111111111112,0,0.9538884306042482,0.4015108506944444,7.4067758985200856,200,0.958776733038348,0.30411501736111113,0.00041245617653124357,0.0005366246310705661,0.11056831150650767,0.12431343849889902,0.11858115075273251,0.00,,46.926,1.127,46254050,0.02,-40.25,-3.54,4.71,-2.53,5.75,,115.2,-4.78,Applications Software,,,48.49,16.97,1.6357039187227869
PUS GR Equity     ,Xetra,PULSION MEDICAL SYSTEMS-REG,Patient Monitoring Equip,0.10000000000000009,-0.34970489985052305,40.60405,45.77405,41.17405,4.6,8.780000000000001,5.17,8.21,13.7,-0.08000000000000007,-0.36,0.7000000000000001,-0.27410399999999996,-0.38,-0.4600000000000001,0.2386,-0.6319619999999999,0.46107,0.9361393323657475,0.00,0.10049362029359428,0.00,0.00,-0.051824817518248176,-0.02000759124087591,0,4.94568209500609,2.9637992700729927,58.820071428571424,0,3.4210799701046337,3.0054051094890513,-0.07697466504263092,-0.031219134396355343,0.11294609063432227,0.12732720011919993,0.6297198538367843,0.00,,46.107,0.645,40604050,-0.36,23.86,-0.98,1.06,-0.71,5.17,0.47,13.7,0.38,Patient Monitoring Equip,,,8.21,4.6,0.9361393323657475
PUM GR Equity     ,Xetra,PUMA AG,Athletic Footwear,231.72549999999998,234.54778567523238,3065.842,3078.742,2709.442,369.3,179.39999999999992,12.9,535.8,1530.3,23.8,365,384.3,255.0255,-0.5,23.3,0.3013,257.3,0.24931999999999999,1.177068214804064,0.9172,0.11995159061720663,0.04352895452778857,0.09136341267834001,0.16813696660785468,0.16665065673397372,11.915437232802176,5.721989548338933,2.003425472129648,7.050330470986209,7.423128767123288,5.610975031893568,1.7705299614454684,0.48021649869354244,1,0.004190023067863432,0.004207653231966944,0.024076147816349387,280.7692307692308,91.72,24.932,0.811,3065842000,365,30.13,-43.1,19.3,257.3,12.9,1.3,1530.3,0.5,Athletic Footwear,13.333,-11.2,535.8,369.3,1.177068214804064
TPE GR Equity     ,Frankfurt,PVA TEPLA AG,Electronic Compo-Semicon,-3.9,-2.503161592814371,102.96,108.94999999999999,106.67999999999999,2.27,24.45,5.99,20.73,44.2,-1.8399999999999999,-4.26,-2.05,-2.5824119999999997,1.48,-0.3599999999999999,0.39380000000000004,-2.7824579999999997,0.9267,1.9259796806966618,0.00,0.020835245525470402,0.00,0.00,-0.06493212669683257,-0.0584256108597285,0,4.966714905933429,2.329411764705882,0,0,4.077470059880239,2.413574660633484,-0.13422373371924745,-0.10562012269938649,0.05497934832491969,0.05817793317793318,0.28895320791123974,0.00,,92.67,1.327,102960000,-4.26,39.38,-0.37,2.21,-2.87,5.99,0.33,44.2,-1.48,Electronic Compo-Semicon,,,20.73,2.27,1.9259796806966618
QSC GR Equity     ,Xetra,QSC AG,Telecom Services,-8.190000000000001,-10.105993788819879,370.3146,377.1246,354.58459999999997,22.54,54.74,6.81,70.47,145.87,-20.21,-22.67,0.8299999999999983,-22.67,5.73,-14.48,0,-23.310000000000002,0.39844999999999997,1.8925979680696663,0.00,0.05976804483186724,0.00,0.00,-0.14780283814355247,-0.1554123534654144,0,5.254925500212856,2.5386618221704254,200,0,4.879976708074534,2.4308260780146704,-0.330779054916986,-0.4141395688710267,0.018057692338288193,0.01838976913143581,0.09663686675180928,0.00,,39.845,1.304,370314600,-22.67,0,-3.29,23.5,-21.56,6.81,0.64,145.87,-5.73,Telecom Services,,,70.47,22.54,1.8925979680696663
RSL1 GR Equity     ,Xetra,R. STAHL AG,Machinery-Material Handl,10.613468000000001,8.54482933579336,97.0508,106.71079999999999,89.71079999999999,17,26.36,9.66,33.7,252.56,-4.140000000000001,10.49,18.64,5.383468,-1.09,-5.23,0.4868,4.48,0.31803000000000003,0.6690856313497824,0.00,0.15930908586572307,0.27232142857142855,-0.9714927255070525,0.017738359201773836,0.02131560025340513,21.663124999999997,2.8798456973293765,0.3842682926829268,4.812811158798283,8.552030505243088,2.4610424354243543,0.3552058916693063,0.13293768545994064,0.2042286798179059,0.09052504526252264,0.09953550099535502,0.286646884272997,6.59748427672956,,31.803,0.461,97050800,10.49,48.68,-4.01,8.15,4.48,9.66,1.59,252.56,1.09,Machinery-Material Handl,,-1.22,33.7,17,0.6690856313497824
RAA GR Equity     ,Xetra,RATIO0.00L AG,Appliances,28.8538,29.101151336372578,1025.574,1033.364,988.424,44.94,66.93,7.79,104.08,221.81,1.0899999999999999,54.26,58.89,34.1838,4.24,5.33,0.37,34.06,0.32165,0.6502177068214805,0.1568,0.04348903193840699,0.6177334116265414,0.155921810916282,0.1535548442360579,0.15411297957711553,30.11080446271286,9.853708685626442,4.62365988909427,16.784241806758363,18.216439366015482,9.237186019486904,4.456174203146837,0.3272482705611069,0.510739578664276,0.007538485954610379,0.007595746382026065,0.07484627209838586,113.04166666666667,15.68,32.165,0.448,1025574000,54.26,37,-5.72,4.63,34.06,7.79,0.48,221.81,-4.24,Appliances,,-21.04,104.08,44.94,0.6502177068214805
BJU GR Equity     ,Frankfurt,REAL AG,Environ Consulting&Eng,0.224576,0.00,14.28,21.119999999999997,20.31,0.81,4.029999999999999,6.84,-2,16.54,0,0.32,0.32,0.224576,0,0,0.2982,-0.35089999999999993,0.39757,0.7285921625544267,0.00,0.038352272727272735,0.00,0,0,0.013577750906892382,0,0,0.8633615477629988,63.46874999999999,63.46874999999999,0,1.2279322853688028,0.00,0.05572605459057073,0.3238636363636364,0.4789915966386555,0.00,0.3902439024390244,,39.757,0.502,14280000,0.32,29.82,,,,6.84,0.82,16.54,,Environ Consulting&Eng,,,-2,0.81,0.7285921625544267
RTC GR Equity     ,Xetra,REALTECH AG,Consulting Services,3.173296,3.265851619644723,32.1843,36.0143,30.9443,5.07,42.78,3.83,44.02,47.08,-2.24,1.44,4.29,0,-1.31,-3.5500000000000003,1,0,0.39951000000000003,0.5341074020319304,0.00,0.1407774134163374,0.00,0.00,-0.007009345794392524,0,0,0.7311290322580645,0.6836087510620221,7.213123543123543,21.48909722222222,0.752649947753396,0.6572706032285471,0,0,0.1063466456379827,0.11900212215272664,0.087005906406179,0.00,,39.951,0.368,32184300,1.44,126.16,-0.61,2.85,-0.33,3.83,,47.08,1.31,Consulting Services,,,44.02,5.07,0.5341074020319304
RGB GR Equity     ,Frankfurt,REGENBOGEN AG,Recreatio0.00l Centers,0.509594,0.3899815498154981,16.73299,18.902990000000003,18.842990000000004,0.06,5.36,2.17,3.25,8.46,0.6200000000000001,0.81,1.55,0.45959400000000006,-0.67,-0.04999999999999993,0.4326,0.36,0.44978999999999997,0.5195936139332366,0.00,0.0031741010284616344,0,-0.1087916726502085,0.042553191489361694,0.054325531914893616,46.48052777777778,5.148612307692308,1.9778947990543734,12.156767741935486,23.262950617283956,3.487636531365314,2.2273037825059103,0.11076923076923076,0.08574514925373135,0.11479665386269577,0.129683935746092,0.6676923076923077,3.5217391304347827,,44.979,0.358,16732990,0.81,43.26,-1.36,0.74,0.36,2.17,0.23,8.46,0.67,Recreatio0.00l Centers,,,3.25,0.06,0.5195936139332366
REG GR Equity     ,Frankfurt,REGENTALBAHN AG-VIECHTACH,Transport-Rail,0,0.00,66.8976,66.8976,66.8976,0,0,0,0,0,0,0,0,0,0,0,0,0,0.05976,0.5616835994194486,0.00,0,0.00,0.00,0.00,0.00,0,0,0,0,0,0,0,0.00,0.00,0,0,0.00,0.00,,5.976,0.387,66897600,,,,,,,,,,Transport-Rail,,,,,0.5616835994194486
ZAR GR Equity     ,Frankfurt,RENK AG,Machinery-General Indust,4.845108000000003,3.1251907885928514,192.5,193.22,191.93,1.29,73.39999999999999,0.72,73.97,266.81,-1.5600000000000005,21.66,29.87,12.645108000000002,9.36,7.799999999999999,0.41619999999999996,10.85,0.18731,0.5849056603773586,-0.0341,0.006676327502328952,0.752073732718894,0.6168393342310716,0.040665642217308194,0.04739368089651813,17.741935483870968,2.602406380965256,0.7214872006296615,6.425510545698025,8.861034164358264,2.586959432320257,0.7193508489187063,0.1466810869271326,0.17227667574931885,0.0037263223268812753,0.00374025974025974,0.009733675814519399,180.5,-3.41,18.731,0.403,192500000,21.66,41.62,-6.65,8.21,10.85,0.72,0.12,266.81,-9.36,Machinery-General Indust,,-8.16,73.97,1.29,0.5849056603773586
RPW GR Equity     ,Xetra,REPOWER SYSTEMS AG-REG'D,Power Conv/Supply Equip,-33.074062,-25.693547548813033,65.94862,96.79862,95.90862,0.89,141.49,30.85,111.53,320.7,11.24,13.47,18.200000000000003,7.615938000000001,29.45,40.69,0.4346,6.18,0.26519,0.9129172714078375,0.00,0.009194345952452629,0.5242718446601943,5.342743073801283,0.019270346117867165,0.023747857811038355,10.671297734627833,0.5913083475298127,0.20563960087309013,5.2697043956043945,7.120164810690423,0.6798610759938194,0.2990602432179607,0.055411100152425355,0.05382668739840272,0.3187028905990602,0.4677884086126442,0.2766071908903434,9.226027397260275,,26.519,0.629,65948620,13.47,43.46,-15.97,4.73,6.18,30.85,1.46,320.7,-29.45,Power Conv/Supply Equip,,-3.24,111.53,0.89,0.9129172714078375
RHM GR Equity     ,Xetra,RHEINMETALL AG,Machinery-General Indust,40.44200000000001,37.85889570552147,1424.16,1836.16,1578.16,258,883,412,729,3413,19,190,354,131.442,72,91,0.30820000000000003,96,0.23161,1.3425253991291728,0.7558,0.14051063088184035,0.25,0.69232056724639,0.028127746850278346,0.03851215939056549,14.835,1.9535802469135803,0.4172751245238793,4.458079096045198,8.306105263157896,1.6092550394390885,0.46239671842953417,0.13168724279835392,0.14885843714609287,0.2243813175322412,0.2892933378272104,0.5651577503429356,2.317073170731707,75.58,23.161,0.925,1424160000,190,30.82,-183,164,96,412,82,3413,-72,Machinery-General Indust,,-24,729,258,1.3425253991291728
RHK GR Equity     ,Xetra,RHOEN-KLINIKUM AG,Medical-Hospitals,80.25540799999999,68.51747831171465,1345.248,1637.338,1568.838,68.5,769.51,292.09,545.92,1044.75,8.600000000000001,128.88,182.48,92.355408,3.5,12.100000000000001,0.2834,76.4,0.25367,0.6211901306240929,0.1288,0.04183619997825739,0.23298429319371727,0.13101560874486096,0.07312754247427615,0.08839952907394114,17.607958115183244,2.464185228604924,1.287626704953338,8.597314774221832,12.172858472998138,1.9538406462930036,1.5016396267049532,0.13994724501758501,0.12001846369767774,0.17839322119195913,0.21712725088608195,0.5350417643610785,9.43484626647145,12.88,25.367,0.428,1345248000,128.88,28.34,-62.2,53.6,76.4,292.09,13.66,1044.75,-3.5,Medical-Hospitals,,-17.8,545.92,68.5,0.6211901306240929
RID GR Equity     ,Frankfurt,RICARDO.DE AG,E-Commerce/Services,6.340000000000001,6.293493975903615,12.31853,12.35853,11.59853,0.76,2.5599999999999996,0.04,3.28,1.68,-0.65,-0.01,0.64,-0.01,-5.7,-6.3500000000000005,0,0.02,1.37589,1.467343976777939,0.00,0.061495986982270545,0,0.00,0.011904761904761906,-0.005952380952380953,200,3.755649390243903,7.332458333333334,18.122703125,0,3.722448795180723,6.903886904761905,0.006097560975609756,-0.003906250000000001,0.003236630893803713,0.0032471406896764465,0.012195121951219513,0.00,,137.589,1.011,12318530,-0.01,0,0,0.65,0.02,0.04,0.14,1.68,5.7,E-Commerce/Services,,,3.28,0.76,1.467343976777939
RIL GR Equity     ,Frankfurt,RINOL AG,Bldg&Construct Prod-Misc,26.869999999999997,0.00,10.332,90.75200000000001,81.43200000000002,9.32,50.52,80.42,-20.58,255.89,-15.36,-8.88,9.499999999999998,-8.88,-20.39,-35.75,0,-14.63,0.68192,0.3613933236574746,0.00,0.10269746121297602,0.00,0.00,-0.2003204501934425,-0.0347024111923092,0,0,0.04037672437375435,8.571789473684214,0,0,0.3182304896635274,0.00,-0.17577197149643706,0.886151269393512,7.783584978706929,0.00,0.00,,68.192,0.249,10332000,-8.88,-17.63,-3.02,18.38,-51.26,80.42,5.75,255.89,20.39,Bldg&Construct Prod-Misc,,,-20.58,9.32,0.3613933236574746
RZS GR Equity     ,Stuttgart,ROEDER ZELTSYSTEME UND SERVI,Leisure&Rec Products,2.982716,2.4582182138143422,19.536,29.236,23.366,5.87,16.859999999999996,9.7,13.03,38.01,0.33000000000000007,2.04,4.5,2.04,-0.92,-0.59,0,2.12,0.60852,0.432510885341074,0.00,0.20077986044602544,0,-0.2892156862745098,0.05577479610628783,0.05367008681925809,9.215094339622642,1.4993092862624715,0.5139700078926599,5.192444444444444,11.45392156862745,1.2862296524417072,0.6147329650092082,0.16270145817344592,0.12099644128113882,0.33178273361608973,0.49651924651924645,0.7444359171143515,2.5185185185185186,,60.852,0.298,19536000,2.04,-17.29,-2.79,2.46,2.12,9.7,0.81,38.01,0.92,Leisure&Rec Products,,,13.03,5.87,0.432510885341074
RWD GR Equity     ,Xetra,ROHWEDDER AG,Industrial Automat/Robot,3.422065,2.1796728971962613,37.8,62.23,53.53,8.7,51.22,24.43,35.49,124.08,-0.7199999999999998,4.39,8.61,2.3420650000000003,-0.36,-1.0799999999999996,0.46649999999999997,1.54,0.7302200000000001,0.7111756168359943,0.00,0.1398039530772939,0,-0.46113152282280784,0.012411347517730497,0.018875443262411352,24.545454545454543,1.0650887573964496,0.304642166344294,6.217189314750291,12.19362186788155,1.0385514018691588,0.4314152159896841,0.04339250493096647,0.04572559547051933,0.3925759280089989,0.6462962962962964,0.6883629191321499,2.9863945578231292,,73.022,0.49,37800000,4.39,46.65,-3.5,4.22,1.54,24.43,1.47,124.08,0.36,Industrial Automat/Robot,,,35.49,8.7,0.7111756168359943
ROS1 GR Equity     ,Frankfurt,ROSENTHAL AG-REG,Housewares,2.26,-5.325833333333334,58.4832,72.2832,68.0432,4.24,24.560000000000002,13.8,15,188.29,-3.0199999999999996,-4.18,3.13,-4.18,-3.42,-6.4399999999999995,0,-8.68,0.35409,0.2235123367198839,0.00,0.05865816676627488,0.00,0.00,-0.021509373838228266,-0.022199798183652874,0,3.8988799999999997,0.31060173137182007,21.739041533546327,0,2.509833333333333,0.3613744755430453,-0.5786666666666667,-0.17019543973941365,0.19091573145627203,0.23596520026263956,0.92,0.00,,35.409,0.154,58483200,-4.18,-12.86,-4.29,7.31,-4.05,13.8,4.5,188.29,3.42,Housewares,,,15,4.24,0.2235123367198839
RUK GR Equity     ,Frankfurt,RUECKER AG,Computer Aided Design,8.95854,1.704860912981455,42.31493,66.60493,56.37492999999999,10.23,45.849999999999994,24.29,31.79,149.1,-2.4399999999999995,2.1,11.87,2.1,-1.82,-4.26,0,-0.71,0.70441,0.7314949201741655,0.00,0.15359223408837755,0.00,-2.0285714285714285,-0.007645875251509054,0.014084507042253521,0,1.3310767536961308,0.2838023474178404,4.749362257792755,26.845204761904757,1.187677068473609,0.37810147551978535,-0.02233406731676628,0.04580152671755726,0.36468771906223757,0.5740290720083905,0.7640767536961308,0.7473309608540926,,70.441,0.504,42314930,2.1,-123.74,-7.33,9.77,-1.14,24.29,2.81,149.1,1.82,Computer Aided Design,,0,31.79,10.23,0.7314949201741655
RWE GR Equity     ,Xetra,RWE AG,Electric-Integrated,2990.6256,1897.1576716434029,26497.28,53880.28,52354.28,1526,35513,27383,9656,37807,289,6256,9396,3910.6256,631,920,0.3749,2137,0.20424,1.0827285921625545,0.1418,0.028322050293725275,0.32896583996256434,0.2352564766108011,0.056523924141032085,0.10343654878726162,12.399288722508189,2.744125932062966,0.7008564551538075,5.571975308641975,8.368650895140664,1.4546904614055454,1.3847774221704976,0.22131317315658658,0.11011814265198659,0.5082193336782956,1.033426827206415,2.8358533554266776,2.7841566533155317,14.18,20.424,0.746,26497280000,6256,37.49,-3429,3140,2137,27383,2247,37807,-631,Electric-Integrated,9.99,-703,9656,1526,1.0827285921625545
SAH GR Equity     ,Frankfurt,SACHSENMILCH AG,Food-Dairy Products,-0.17999999999999994,64.69,53.985,53.985,19.115000000000002,34.87,70.50999999999999,0,105.38,1158.5,-1.02,-1.2,-0.17999999999999994,-1.2,0,-1.02,0,63.67,0.54035,0.5399129172714079,0.4447,0.645920163008243,0,0.00,0.05495899870522227,-0.0010358221838584376,0.8478875451547039,0.5122888593661037,0.046599050496331465,0,0,0.5122888593661037,0.016499784203711697,0.6041943442778517,-0.01701886257268473,0,0,0,0.00,44.47,54.035,0.372,53985000,-1.2,-311.57,,1.02,63.67,0,0,1158.5,,Food-Dairy Products,,,105.38,34.87,0.5399129172714079
SAG GR Equity     ,Frankfurt,S.A.G SOLARSTROM AG,Energy-Alter0.00te Sources,0.33000000000000007,-0.5323987635239567,76.60755,85.44755,76.18755,9.26,23.090000000000003,8.84,23.51,22.84,-1.61,-2.46,-0.6399999999999999,-2.46,-1.18,-2.79,0,-2.56,0.67991,0.5224963715529753,0.00,0.10837057352726906,0.00,0.00,-0.28108581436077057,-0.10770577933450087,0,3.2585091450446617,3.35409588441331,0,0,2.6413462132921177,3.335707092819615,-0.10888983411314333,-0.10653962754439149,0.10345527753575146,0.11539332611472367,0.3760102084219481,0.00,,67.991,0.36,76607550,-2.46,-1.93,-0.21,1.82,-6.42,8.84,0.1,22.84,1.18,Energy-Alter0.00te Sources,,,23.51,9.26,0.5224963715529753
OLG GR Equity     ,Frankfurt,SAINT-GOBAIN OBERLAND AG,Containers-Metal/Glass,32.343124,31.396185054522128,410,424.71,423.04999999999995,1.66,123.06,14.71,110.01,366.01,0.2699999999999996,41.93,71,25.443124,-7.17,-6.9,0.3932,25.31,0.20717,0.7590711175616837,0.1782,0.003908549363094818,1.0351639668115369,-0.2711931129211963,0.06915111608972432,0.06951483292806208,16.19913077834848,3.7269339150986274,1.120187973006202,5.958450704225352,10.089434772239446,3.405307889672867,1.155842736537253,0.23006999363694208,0.206753811149033,0.03463539827176191,0.03587804878048781,0.13371511680756296,182.30434782608694,17.82,20.717,0.523,410000000,41.93,39.32,-29.34,29.07,25.31,14.71,0.23,366.01,7.17,Containers-Metal/Glass,,-26.2,110.01,1.66,0.7590711175616837
SZG GR Equity     ,Xetra,SALZGITTER AG,Steel-Producers,119.10611600000001,127.01048410512465,1015.196,1380.4360000000001,1134.5660000000003,245.87,1228.19,365.24,1108.82,5941.52,8.049999999999983,347.64,558.01,275.296116,148.14,156.18999999999997,0.20809999999999998,244.5,0.27655,1.1756168359941948,0.5786,0.17811039410736895,0.06265848670756646,0.5673527192079963,0.041151085917408334,0.046334290888526836,4.152130879345603,0.9155642935733483,0.17086469455627515,2.0332359635131994,3.2636232884593266,0.9364856247371207,0.19095551306736328,0.22050468065150342,0.22414782403374067,0.26458307375350976,0.3597728911461432,0.32939521292905977,15.187418086500655,57.86,27.655,0.81,1015196000,347.64,20.81,-218.42,210.37,244.5,365.24,22.89,5941.52,-148.14,Steel-Producers,42.98,-15.32,1108.82,245.87,1.1756168359941948
SAP GR Equity     ,Xetra,SAP AG,Enterprise Software/Serv,1573.1824940000001,1596.2098214852754,39829.09,39864.149999999994,38351.02,1513.13,3116.1800000000003,35.06,4594.25,7514.49,2.190000000000026,2025.39,2235.06,1285.3124940000002,-290.06,-287.87,0.3654,1310.52,0.19612,1.648766328011611,0.17129999999999998,0.0379571620114815,0.1897872600189238,-0.22396888020914232,0.17439906101412073,0.171044541146505,30.391821567011565,8.669334494204712,5.30030514379552,17.15883242508031,18.935128543144774,8.611250920763567,5.103609160435372,0.2852522174457202,0.4124641368598733,0.0008794869575796802,0.0008802611357678523,0.007631278228220058,249.43226600985224,17.13,19.612,1.136,39829090000,2025.39,36.54,-211.86,209.67,1310.52,35.06,8.12,7514.49,290.06,Enterprise Software/Serv,10.664,-248.72,4594.25,1513.13,1.648766328011611
SSI GR Equity     ,Xetra,SAP SYSTEMS INTEGRATION AG,Computer Services,48.4533,49.98760196670019,991.66,994.61,834.04,160.57,107.89999999999998,2.95,265.52,280.25,7.260000000000001,40.55,45.69,24.573300000000003,-31.14,-23.88,0.39399999999999996,26.37,0.15027,1.3875181422351235,0.00,0.16144016247574425,0,-0.9717864511481973,0.09409455842997325,0.0876834968777877,37.605612438376944,3.7347845736667673,3.5384834968777876,18.25432260888597,20.56818742293465,3.7047342347375873,2.976057091882248,0.09931455257607714,0.22774142724745142,0.0029659866681412818,0.0029748099146885026,0.01111027417896957,86.27659574468085,,15.027,0.956,991660000,40.55,39.4,-12.4,5.14,26.37,2.95,0.47,280.25,31.14,Computer Services,,,265.52,160.57,1.3875181422351235
SRT GR Equity     ,Xetra,SARTORIUS AG,Electronic Measur Instr,37.6418,18.452207631828095,322.452,436.682,427.72200000000004,8.96,233.97,114.23,128.7,467.6,-13.709999999999999,21,44.019999999999996,11.0418,-12.89,-26.6,0.4742,4.36,0.23800999999999997,0.7126269956458636,0.1106,0.020518363477313013,0.9770642201834862,-2.4090275136300243,0.009324208725406331,0.023613772455089818,73.95688073394494,2.505454545454546,0.6895893926432848,9.71653793730123,20.36771428571429,1.7975630840159718,0.9147177074422583,0.03387723387723388,0.047193229901269396,0.2615862343765028,0.3542542766055103,0.8875679875679877,3.888888888888889,11.06,23.801,0.491,322452000,21,47.42,-9.31,23.02,4.36,114.23,5.4,467.6,12.89,Electronic Measur Instr,,-4.26,128.7,8.96,0.7126269956458636
PWA GR Equity     ,Frankfurt,SCA HYGIENE PRODUCTS AG,Paper&Related Products,-67.28707200000001,21.70546442982281,2056.67999,3023.7099900000003,2992.38999,31.32,2216.49,967.03,1280.78,3427.9,116,183.73,396.73,101.71292799999999,53,169,0.4464,118,0.10978,0.32220609579100146,-0.1855,0.010358136231180027,0.5254237288135594,1.661539032678324,0.03442340791738382,0.029672081449283814,17.429491440677968,1.6058027061634317,0.5999824936550074,7.54263602450029,16.286888314374355,1.345180415604522,0.8729513667259838,0.09213135745405145,0.045889188762412644,0.3198157241263736,0.47018982277354676,0.7550320898202658,3.31283808150018,-18.55,10.978,0.222,2056679990,183.73,44.64,-329,213,118,967.03,55.46,3427.9,-53,Paper&Related Products,,-62,1280.78,31.32,0.32220609579100146
SLT GR Equity     ,Munich,SCHALTBAU HOLDING AG,Miscellaneous Manufactur,27.79,0.00,26.58,110.09,96.75,13.34,39.14,83.51,-31.03,215,0.7300000000000004,-2.75,4.75,-2.55145,-31.27,-30.54,0.0722,-6.299761999999999,0.89496,0.7474600870827287,0.00,0.1211735852484331,0.00,0.00,-0.0672093023255814,-0.011867209302325581,0,0,0.12362790697674418,20.36842105263158,0,0,0.45,0.00,-0.0651877874297394,0.7585611772186394,3.1418359668924007,0.00,0.00,,89.496,0.515,26580000,-2.75,7.22,-8.23,7.5,-14.45,83.51,4.04,215,31.27,Miscellaneous Manufactur,,0,-31.03,13.34,0.7474600870827287
SCH GR Equity     ,Xetra,SCHERING AG,Medical-Drugs,459.9927,465.71204188481676,10152.02,10390.02,9605.02,785,2462,238,3009,4907,-15,743,1048,496.9927,52,37,0.3311,500,0.34334000000000003,0.7460087082728593,0.1405,0.07555327131227851,0.36,0.07444777357896806,0.10189525168127166,0.10128239250050948,20.30404,3.3738850116317716,2.068885265946607,9.16509541984733,12.92734858681023,3.199882968894364,1.9574118606072959,0.16616816218012628,0.2018654346060114,0.022906596907416924,0.02344361023717447,0.07909604519774012,67.54545454545455,14.05,34.334,0.514,10152020000,743,33.11,-290,305,500,238,11,4907,-52,Medical-Drugs,9.73,-180,3009,785,0.7460087082728593
SHT GR Equity     ,Xetra,SCHLOTT GRUPPE AG,Printing-Commercial,23.756138,16.363704760474544,154.441,351.871,350.041,1.83,331.12000000000006,197.43,135.52,580.95,-11.649999999999999,35.83,70.83,21.806138,9.7,-1.9499999999999993,0.3914,15.57,0.23678999999999997,1.0667634252539913,0.16570000000000001,0.005200769600222809,0.3179190751445087,-0.08942436299357544,0.026800929512006195,0.037535309407005765,9.919139370584457,1.1396177685950413,0.26584215509079956,4.941987858252153,9.769494836728999,1.056828352605496,0.6025320595576211,0.11489079102715466,0.06585569582024643,0.5610863071978084,1.2783522510214256,1.4568329397874853,2.661961367013373,16.57,23.679,0.735,154441000,35.83,39.14,-23.35,35,15.57,197.43,13.46,580.95,-9.7,Printing-Commercial,,-4.95,135.52,1.83,1.0667634252539913
SCC GR Equity     ,Munich,SCHOEN & CIE AG MASCHI-KONV,Machinery-General Indust,0.35806,-0.3040701145038168,10.60312,12.17312,11.76312,0.41,4.83,1.57,3.67,35.19,-0.18,0.2,0.8200000000000001,0.18806,0.01,-0.16999999999999998,0.059699999999999996,-0.42313500000000004,0.88201,0.6211901306240929,0.00,0.03368076548986619,0.00,-0.9039668191002871,-0.009661835748792272,0.005344131855640808,0,2.8891335149863764,0.3013105996021597,14.345268292682926,58.8156,2.323114503816794,0.3342745098039216,-0.1152956403269755,0.03893581780538302,0.12897268736363396,0.14806962478968455,0.4277929155313352,0.3076923076923077,,88.201,0.428,10603120,0.2,5.97,-0.44,0.62,-0.34,1.57,0.65,35.19,-0.01,Machinery-General Indust,,,3.67,0.41,0.6211901306240929
SFA GR Equity     ,Frankfurt,SCHOLZ & FRIENDS AG,Advertising Agencies,4.3886759999999985,5.620898110870237,56.869,63.739,55.778999999999996,7.96,24.33,6.87,25.42,64.61,-4.739999999999999,2.26,8.11,0,-2.4,-7.139999999999999,1,0,0.58016,0.9085631349782294,0.00,0.12488429376049201,0.00,0.00,-0.029871536913790433,0,0,2.237175452399685,0.8801888252592478,6.877805178791616,24.680973451327436,1.9739547847630845,0.863318371769076,0,0,0.10778330378575127,0.12080395294448645,0.2702596380802518,2.2376237623762374,,58.016,0.626,56869000,2.26,221.74,-1.11,5.85,-1.93,6.87,1.01,64.61,2.4,Advertising Agencies,,-0.49,25.42,7.96,0.9085631349782294
SSS GR Equity     ,Frankfurt,SCHULTE-SCHLAGBAUM (VELBERT),Instruments-Controls,0,0.00,19.544,19.544,19.544,0,0,0,0,0,0,0,0,0,0,0,0,0,0.48174,0.39767779390420904,0.00,0,0.00,0.00,0.00,0.00,0,0,0,0,0,0,0,0.00,0.00,0,0,0.00,0.00,,48.174,0.274,19544000,,,,,,,,,,Instruments-Controls,,,,,0.39767779390420904
SCM GR Equity     ,Frankfurt,SCHUMAG AG,Machinery-General Indust,2.1712579999999995,2.1599999999999993,34.4,34.4,21.369999999999997,13.03,19.67,0,32.7,109.1,1.7100000000000009,2.37,6.89,0.8612580000000002,-3.02,-1.3099999999999992,0.6365999999999999,0.85,0.45598,0.4107402031930334,0.00,0.37877906976744186,0,-1.521030864154526,0.007791017415215399,0.007894207149404218,40.470588235294116,1.0519877675840976,0.3153070577451879,3.101596516690856,9.0168776371308,1.0519877675840976,0.19587534372135654,0.025993883792048925,0.04378535841382817,0,0,0,6.076923076923077,,45.598,0.283,34400000,2.37,63.66,-6.23,4.52,0.85,0,0.39,109.1,3.02,Machinery-General Indust,,,32.7,13.03,0.4107402031930334
SMB GR Equity     ,Frankfurt,SCHWAELBCHEN MOLKEREI AG,Food-Dairy Products,0.9400159999999999,0.7762499999999999,15.96,18.44,16.490000000000002,1.95,17.89,2.48,17.36,223.85,1.3900000000000001,1.92,4.42,0.830016,-1.5,-0.10999999999999988,0.5677,0.68,0.31207999999999997,0.409288824383164,0.009300000000000001,0.10574837310195227,0.823529411764706,-0.13252756573367247,0.003037748492293947,0.003707911547911548,23.470588235294116,0.9193548387096775,0.07129774402501676,3.7307692307692313,8.588541666666668,0.9294354838709679,0.07366540093812822,0.0391705069124424,0.04639552822806037,0.13449023861171366,0.15538847117794485,0.14285714285714285,8,0.93,31.208,0.282,15960000,1.92,56.77,-3.89,2.5,0.68,2.48,0.24,223.85,1.5,Food-Dairy Products,,-0.56,17.36,1.95,0.409288824383164
SRZ GR Equity     ,Xetra,SCHWARZ PHARMA AG,Medical-Drugs,-37.768108,-32.141591258381034,1635.622,1698.932,1514.512,184.42,407.68999999999994,63.31,528.8,946.65,-33.75,2.78,55.56,0.2818920000000001,71.8,38.05,0.8986,1.84,0.26861,1.0754716981132075,-0.2631,0.10855054822676834,14.78804347826087,134.98077277822708,0.0019436961918343635,0.0002977784820155285,200,3.093082450832073,1.7278001373263614,27.259035277177823,200,2.8692844235023904,1.5998647863518725,0.003479576399394857,0.0006914371213421966,0.03726458739961341,0.03870698731124918,0.11972390317700456,0.407624633431085,-26.31,26.861,0.741,1635622000,2.78,89.86,-19.03,52.78,1.84,63.31,6.82,946.65,-71.8,Medical-Drugs,8,-27.21,528.8,184.42,1.0754716981132075
SCE GR Equity     ,Frankfurt,SCHWEIZER ELECTRONIC AG,Circuit Boards,4.06,-0.09503434065934058,21.6,54.59,53.06,1.53,56.71,32.99,25.25,82.22,-3.499999999999999,-0.38,8.159999999999998,-0.38,-0.94,-4.4399999999999995,0,-2.02,0.67719,0.39042089985486217,0.00,0.028027111192526103,0.00,0.00,-0.020189734857698857,-0.004621746533690099,0,0.8554455445544555,0.2627098029676478,6.502450980392158,0,0.9373282967032968,0.6453417659936755,-0.08,-0.006700758243695997,0.6043231361055138,1.5273148148148148,1.3065346534653466,0.00,,67.719,0.269,21600000,-0.38,-0.24,-5.04,8.54,-1.66,32.99,1.64,82.22,0.94,Circuit Boards,,,25.25,1.53,0.39042089985486217
YSN GR Equity     ,Frankfurt,SECUNET SECURITY AG,Computer Data Security,-0.9151649999999998,-0.8195959595959594,50.96,51.36,42.58,8.78,4.090000000000002,0.4,12.47,32.38,-0.21000000000000008,0.55,1.46,0.38483500000000004,1.51,1.2999999999999998,0.3003,0.44,0.55262,1.246734397677794,0.00,0.17095015576323985,0,3.3780711213896857,0.01358863495985176,0.011884959851760347,115.81818181818181,4.086607858861267,1.5738109944410128,29.164383561643834,77.41818181818181,3.99067599067599,1.3150092649783816,0.03528468323977546,0.09409168704156476,0.007788161993769471,0.007849293563579279,0.03207698476343224,27.5,,55.262,0.859,50960000,0.55,30.03,-0.7,0.91,0.44,0.4,0.02,32.38,-1.51,Computer Data Security,,,12.47,8.78,1.246734397677794
SPB GR Equity     ,Munich,GABRIEL SEDLMAYR SPATEN-FR,Brewery,2.529298999999998,9.77728162650602,814.6349,923.5349,898.1549,25.38,240.22000000000003,108.9,156.7,309.25,6.490000000000002,30.87,57.620000000000005,21.229299,12.21,18.700000000000003,0.3123,20.81,0.17965,0.37880986937590716,0.9940000000000001,0.027481365349593178,0.4843825084094186,0.8808581008727608,0.06729183508488278,0.06864769280517381,39.146319077366655,5.198691129546906,2.6342276475343573,15.587554668517875,29.094748947197925,3.47716453313253,2.9043004042037186,0.1328015315890236,0.08837440263092165,0.11791649671279343,0.1336795170449977,0.6949585194639439,3.1435845213849287,99.4,17.965,0.261,814634900,30.87,31.23,-33.24,26.75,20.81,108.9,9.82,309.25,-12.21,Brewery,,-10.08,156.7,25.38,0.37880986937590716
SWA GR Equity     ,Frankfurt,SEKTKELLEREI SCHLOSS WACHENH,Beverages-Wine/Spirits,10.976036,5.296629344690205,76.03201,188.38200999999998,183.92200999999997,4.46,141.11999999999998,112.35,33.23,297.71,-7.32,15.13,22.450000000000003,10.246036,6.59,-0.7300000000000004,0.32280000000000003,5.13,0.38567999999999997,0.991291727140784,0.0526,0.02367529680780028,0.38596491228070173,-0.07124706569447935,0.0172315340431964,0.03441616338047093,14.821054580896686,2.288053265121878,0.2553895065667932,8.192517149220487,12.156114342366157,1.2940102349223794,0.6177891572335493,0.1543785735780921,0.07260513038548755,0.5963945283310227,1.4776671036317466,3.3809810412278063,2.3064024390243905,5.26,38.568,0.683,76032010,15.13,32.28,,7.32,5.13,112.35,6.56,297.71,-6.59,Beverages-Wine/Spirits,,-1.98,33.23,4.46,0.991291727140784
SMN1 GR Equity     ,Frankfurt,SE0.00TOR ENTERTAINMENT AG,Broadcast Serv/Program,28.490000000000002,0.00,49.64,223.01,206.83999999999997,16.17,32.07000000000001,173.37,-125.13,55.39,-28.42,-8.07,20.35,-8.07,-8.14,-36.56,0,-17.43,0.45561999999999997,1.4963715529753265,0.00,0.07250795928433704,0.00,0.00,-1,-0.14569416862249504,0,0,0.8961906481314317,10.164127764127763,0,0,3.7342480592164646,0.00,-0.25163704396632364,0.7774090847944038,3.492546333601934,0.00,0.00,,45.562,1.031,49640000,-8.07,-23.51,,28.42,-150.26,173.37,9.36,55.39,8.14,Broadcast Serv/Program,,,-125.13,16.17,1.4963715529753265
SGL GR Equity     ,Xetra,SGL CARBON AG,Chemicals-Specialty,-17.891999999999996,5.227168027503225,522.28049,938.68049,873.9804899999999,64.7,633.3999999999999,416.4,281.7,926.2,-20.800000000000004,85.8,152.7,65.208,103.9,83.1,0.24,38.76,0.33777999999999997,1.6734397677793906,0.00,0.06892654176715658,0.00,1.2743835112256163,-0.08820988987259772,0.07040380047505938,0,1.8540308484203054,0.5638960159792701,5.7235133595284875,10.186252797202796,1.344621816358688,0.9436196177931331,0.13759318423855166,0.10294916324597413,0.443601421821391,0.7972727451488758,1.478168264110756,2.4655172413793105,,33.778,1.153,522280490,85.8,24,-46.1,66.9,-81.7,416.4,34.8,926.2,-103.9,Chemicals-Specialty,,0,281.7,64.7,1.6734397677793906
SHW GR Equity     ,Xetra,SHS INFORMATIONSSYSTEME AG,Computer Services,3.5999999999999996,-1.5439576369495165,29.0466,49.196600000000004,48.116600000000005,1.08,26.85,20.15,7.78,30.22,-4.14,-3.45,0.7699999999999996,-2.2494,-2.91,-7.05,0.348,-3.50776,0.75054,1.4571843251088534,0.00,0.021952736571226466,0.00,0.00,-0.18729318332230313,-0.07443414956982132,0,3.733496143958869,0.9611714096624753,62.48909090909095,0,1.7614249910490514,1.5922104566512245,-0.45086889460154245,-0.08377653631284916,0.4095811499168641,0.6937128614020228,2.5899742930591256,0.00,,75.054,1.004,29046600,-3.45,34.8,-0.08,4.22,-5.66,20.15,1.93,30.22,2.91,Computer Services,,,7.78,1.08,1.4571843251088534
SIE GR Equity     ,Xetra,SIEMENS AG-REG,Diversified Manufact Op,2305.8494,3476.23903451174,51165.96,62384.96,50194.96,12190,25884,11219,26855,75167,-580,2613,5957,2204.8494,479,-101,0.1562,3405,0.15355,1.632801161103048,0.1616,0.19539966043097567,0.2872246696035242,-0.045808117325382855,0.045299133928452646,0.02933267790386739,15.026713656387665,1.905267547942655,0.6806971144252132,8.426214537518884,19.209705319556065,1.6385186741608446,0.6677792116221214,0.12679203127909142,0.08518194251274919,0.17983501151559608,0.21926687195940425,0.41776205548315026,5.793791574279379,16.16,15.355,1.125,51165960000,2613,15.62,-2764,3344,3405,11219,451,75167,-479,Diversified Manufact Op,9.247,-978,26855,12190,1.632801161103048
SIS GR Equity     ,Xetra,SILICON SENSOR INTL AG,Electronic Compo-Misc,3.1932869999999998,2.7635732430143944,31.2399,33.2699,29.4899,3.78,8.03,2.03,9.78,13.84,-0.8,2.23,3.5,1.643287,-0.75,-1.55,0.2631,1.48,0.44171999999999995,1.200290275761974,0.00,0.11361621165077142,0,-0.9432314623069494,0.1069364161849711,0.1187346098265896,21.10804054054054,3.1942638036809816,2.2572182080924854,8.425685714285715,13.224170403587443,2.8170956816257413,2.1307731213872834,0.15132924335378323,0.20464346201743464,0.061016113664303165,0.06498100185980109,0.20756646216768915,11.736842105263158,,44.172,0.827,31239900,2.23,26.31,-0.47,1.27,1.48,2.03,0.19,13.84,0.75,Electronic Compo-Misc,,,9.78,3.78,1.200290275761974
SIM GR Equity     ,Frankfurt,SIMO0.00 AG,Chemicals-Plastics,10.5607,11.374845682219682,132,132.1,113.97999999999999,18.12,78.10999999999999,0.1,96.13,173.76,2.620000000000001,9.8,19.23,5.600700000000001,-7.58,-4.959999999999999,0.4285,6.42,0.2888,0.5515239477503628,-0.0083,0.13716881150643453,0.6059190031152648,-0.8856035852661271,0.0369475138121547,0.032232389502762436,20.560747663551403,1.3731405388536357,0.7596685082872928,5.927197087883514,11.630612244897957,1.3727527797983998,0.6559622467771639,0.06678456257151774,0.07170272692356935,0.0007570022710068131,0.0007575757575757576,0.0010402579839800272,98,-0.83,28.88,0.38,132000000,9.8,42.85,-12.05,9.43,6.42,0.1,0.1,173.76,7.58,Chemicals-Plastics,,-3.89,96.13,18.12,0.5515239477503628
SNG GR Equity     ,Xetra,SINGULUS TECHNOLOGIES,Machinery-General Indust,31.519616,33.20431234903381,346.0901,361.4701,284.3201,77.15,187.81000000000003,15.38,249.58,423.54,-2.6799999999999997,73.04,83.85000000000001,46.409616,17.57,14.89,0.36460000000000004,47.23,0.43784,1.5050798258345428,0.1427,0.21343397420699528,0,0.32083868136293137,0.11151248996552862,0.1095755206119847,7.327759898369681,1.3866900392659667,0.8171367521367521,3.390818127608825,3.8926629244249726,1.3642440368357487,0.6712945648581008,0.18923791970510456,0.2471093977956445,0.042548470814045204,0.044439294854143475,0.06162352752624409,25.099656357388316,14.27,43.784,1.037,346090100,73.04,36.46,-8.13,10.81,47.23,15.38,2.91,423.54,-17.57,Machinery-General Indust,5.333,0,249.58,77.15,1.5050798258345428
SZZ GR Equity     ,Xetra,SINNERSCHRADER AG,Web Hosting/Design,2.1,2.1753359999999997,15.35188,15.35188,14.02188,1.33,6.720000000000001,0,8.05,12.32,-0.48,-0.86,-0.22999999999999998,-0.784664,-2.48,-2.96,0.0876,-0.784664,0.62713,0.8374455732946299,0.00,0.08663434054982191,0.00,0.00,-0.04301948051948052,-0.06369025974025974,0,1.9070658385093164,1.2460941558441558,0,0,1.9070658385093164,1.1381396103896104,-0.09747378881987577,-0.11676547619047618,0,0,0,0.00,,62.713,0.577,15351880,-0.86,8.76,-0.15,0.63,-0.53,0,0,12.32,2.48,Web Hosting/Design,,,8.05,1.33,0.8374455732946299
XTP GR Equity     ,Frankfurt,SINO AG,Internet Brokers,0.6795620000000001,0.6795620000000001,18.67078,18.67078,18.67078,0,3.01,0,3.01,5.61,0,1.18,1.18,0.6795620000000001,0,0,0.4241,0.6795620000000001,0.33025,0.00,0.00,0,0.00,0,0,0.12113404634581107,0,6.202916943521595,3.3281247771836004,15.822694915254239,15.822694915254239,6.202916943521595,3.3281247771836004,0.2257681063122924,0.2257681063122924,0,0,0,0.00,,33.025,,18670780,1.18,42.41,,,,0,,5.61,,Internet Brokers,,,3.01,0,0.00
SIX2 GR Equity     ,Xetra,SIXT AG,Retail-Automobile,-503.95854,-154.3735204006045,322.5838,782.7038,768.5438,14.16,660.82,460.12,214.86,2280,383.61,72.1,325.02,39.12145999999999,159.47,543.08,0.45740000000000003,18.5,0.23429,0.8896952104499275,0.00,0.018091134858422817,0.6113513513513513,13.881895000851198,0.008114035087719297,0.017158535087719296,17.43696216216216,1.5013674020292282,0.14148412280701755,2.3646046397144795,10.659414701803053,1.1595955435716614,0.3370806140350877,0.08610257842315926,0.05920138615659331,0.5878596730972815,1.426358050218269,2.141487480219678,1.69169404035664,,23.429,0.613,322583800,72.1,45.74,-636.53,252.92,18.5,460.12,42.62,2280,-159.47,Retail-Automobile,8,-11.31,214.86,14.16,0.8896952104499275
NEP GR Equity     ,Frankfurt,SLOMAN NEPTUN SCHIFFAHRTS AG,Transport-Marine,12.954590000000001,6.129351827153908,37.1,98.84,91.17,7.67,67.31,61.74,13.24,67.37,-7.94,8.35,17.59,8.14459,3.13,-4.8100000000000005,0.0246,5.28,0.31406,0.5878084179970974,0.6115999999999999,0.07760016187778226,0.09848484848484848,-0.5905760756526726,0.07837316312898916,0.12089342437286626,7.026515151515151,2.802114803625378,0.550690218198011,5.183058555997726,10.918562874251498,1.318218191517738,1.3532729701647617,0.3987915407854985,0.12100118853067895,0.6246458923512748,1.6641509433962265,4.663141993957704,2.72875816993464,61.16,31.406,0.405,37100000,8.35,2.46,-1.3,9.24,5.28,61.74,3.06,67.37,-3.13,Transport-Marine,,-0.52,13.24,7.67,0.5878084179970974
SYT GR Equity     ,Frankfurt,SOFTING AG,Instruments-Controls,2.9499999999999997,2.8699999999999997,12.43,12.43,9.2,3.23,8.709999999999999,0,11.94,20.4,-2.83,-0.39,2.81,-0.39,-0.51,-3.34,0,-0.47000000000000003,0.38375,1.0972423802612483,0.00,0.2598551890587289,0.00,0.00,-0.02450980392156863,-0.01911764705882353,0,1.0410385259631492,0.6093137254901961,3.274021352313167,0,1.0410385259631492,0.45098039215686275,-0.039363484087102184,-0.04477611940298508,0,0,0,0.00,,38.375,0.756,12430000,-0.39,-40.45,-0.37,3.2,-0.5,0,0.08,20.4,0.51,Instruments-Controls,,,11.94,3.23,1.0972423802612483
FTM GR Equity     ,Frankfurt,SOFTM SOFTWARE UND BERATUNG,Computer Software,4.3066,2.9906254343293956,20.8164,31.126400000000004,26.836400000000005,4.29,24.490000000000002,10.31,18.47,87.5,-5.6000000000000005,0.19,6.220000000000001,0,0.94,-4.66,1,0,0.40590000000000004,0.567489114658926,0.00,0.1378251259381104,0.00,0.00,-0.006971428571428571,0,0,1.1270384407146725,0.2379017142857143,4.314533762057878,141.2442105263158,1.0815288394718556,0.30670171428571436,0,0,0.33123008121723035,0.49528256566937606,0.558202490525176,1.0555555555555556,,40.59,0.391,20816400,0.19,286,-0.43,6.03,-0.61,10.31,0.18,87.5,-0.94,Computer Software,,,18.47,4.29,0.567489114658926
SOW GR Equity     ,Xetra,SOFTWARE AG-BEARER,Enterprise Software/Serv,7.94824599999999,29.169914654962206,755.2891,760.0091,670.6091,89.4,238.68000000000004,4.72,323.36,411.37,-5.12,80.82,91.97,56.598245999999996,53.77,48.650000000000006,0.29969999999999997,77.12,0.28914,1.58200290275762,0.13140000000000002,0.11763017048085346,0,0.8595672735158614,0.18747113304324575,0.13758476797044022,9.7936864626556,2.335753030677882,1.8360334978243429,7.291607045775796,8.297563721851027,2.316535905876615,1.6301847485232273,0.23849579416130628,0.2371302413273001,0.006210451953798974,0.006249262699541142,0.014596734289955466,34.24576271186441,13.14,28.914,1.09,755289100,80.82,29.97,-6.03,11.15,77.12,4.72,2.36,411.37,-53.77,Enterprise Software/Serv,3.355,,323.36,89.4,1.58200290275762
SFX GR Equity     ,Xetra,SOLAR-FABRIK AG,Power Conv/Supply Equip,2.09,2.443132953168044,89.91,90.07,87.75999999999999,2.31,4.949999999999999,0.16,7.1,29.71,-1.05,-4.16,-2.85,-3.484832,-5.2,-6.25,0.1623,-3.669126,0.62259,0.7663280116110306,0.00,0.025646719218385704,0.00,0.00,-0.12622012790306295,-0.1172949175361831,0,12.663380281690142,3.026253786603837,0,0,12.40633608815427,2.9538875799394138,-0.516778309859155,-0.7040064646464648,0.0017763961363384036,0.0017795573351128907,0.022535211267605635,0.00,,62.259,0.528,89910000,-4.16,16.23,-0.26,1.31,-3.75,0.16,0.22,29.71,5.2,Power Conv/Supply Equip,,,7.1,2.31,0.7663280116110306
SWV GR Equity     ,Xetra,SOLARWORLD AG,Energy-Alter0.00te Sources,34.005972,26.435329678935005,728.98,796.04,769,27.04,164.51000000000002,67.06,124.49,199.93,15.839999999999996,33.39,49.85,21.195972,-28.65,-12.810000000000002,0.3652,18.11,0.62316,1.5486211901306242,0.00,0.03396814230440681,0.05742683600220873,-0.6043601114400416,0.09058170359625868,0.10601696593807833,40.25289895085589,5.855731384046912,3.6461761616565798,15.426278836509528,23.030847559149446,4.155781780214043,3.846346221177412,0.14547353201060326,0.12884306121208436,0.08424199788955329,0.09199154983675821,0.5386778054462206,6.678,,62.316,1.067,728980000,33.39,36.52,-32.3,16.46,18.11,67.06,5,199.93,28.65,Energy-Alter0.00te Sources,,-1.04,124.49,27.04,1.5486211901306242
SOO1 GR Equity     ,Xetra,SOLON AG FUER SOLARTECHNIK,Power Conv/Supply Equip,-0.79,-1.6,239.7943,247.5043,247.2243,0.28,7.449999999999999,7.71,0.02,104.2,0.6,-0.79,0.06999999999999995,-0.79,-0.6,0,0,-1.6,0.58285,0.683599419448476,0.00,0.0011312934765173779,0.00,0.00,-0.015163147792706335,-0.007581573896353167,0,20,2.3012888675623797,200,0,20,2.3725940499040306,-1,-0.10604026845637586,0.031150973942674937,0.03215255742108966,385.5,0.00,,58.285,0.471,239794300,-0.79,0,-1.46,0.86,-1.58,7.71,0.81,104.2,0.6,Power Conv/Supply Equip,,,0.02,0.28,0.683599419448476
EMH GR Equity     ,Xetra,SPORTWETTEN.DE AG,Internet Content-Entmnt,-4.8500000000000005,-4.550000000000001,26.08667,26.08667,25.89667,0.19,3.9099999999999997,0,4.1,33.1,1.84,-0.28,0.48,-0.28,2.73,4.57,0,0.02,1.08355,0.6763425253991293,0.00,0.007283413329489735,0,0.00,0.0006042296072507553,-0.008459214501510574,200,6.362602439024391,0.788116918429003,53.951395833333336,0,6.362602439024391,0.7823767371601208,0.004878048780487806,-0.07161125319693096,0,0,0,0.00,,108.355,0.466,26086670,-0.28,0,-2.6,0.76,0.02,0,0.05,33.1,-2.73,Internet Content-Entmnt,,,4.1,0.19,0.6763425253991293
SLB GR Equity     ,Munich,STAATL MINERALBRUNNEN AG,Beverages-Non-alcoholic,-1.15,-1.6588109999999998,28.26128,37.64128,36.481280000000005,1.16,22.06,9.38,13.84,12.4,0,-1.15,-1.15,-1.1422949999999998,0,0,0.0067,-1.6588109999999998,0.51674,0.7474600870827287,0.00,0.030817230444873285,0.00,0.00,0,-0.09212056451612902,0,2.042,2.2791354838709674,0,0,1.621071490094746,2.9420387096774197,-0.11985628612716762,-0.0517812783318223,0.24919450135595814,0.33190287205675045,0.6777456647398844,0.00,,51.674,0.515,28261280,-1.15,0.67,,,,9.38,0.52,12.4,,Beverages-Non-alcoholic,,,13.84,1.16,0.7474600870827287
SAZ GR Equity     ,Xetra,STADA ARZNEIMITTEL AG,Medical-Drugs,30.473232999999993,25.60294932222587,1288.854,1471.0240000000001,1395.2440000000001,75.78,745.29,182.17,638.9,813.52,-18.72,95.69,121.44,59.87323299999999,48.12,29.4,0.3743,48.48,0.29452,0.8534107402031931,0.1931,0.05151513503518637,0.38820132013201325,0.4910374557525565,0.05959288032254892,0.07359773945324023,26.585272277227727,2.017301612145876,1.5842929491592095,11.489163372859027,14.580875744591912,1.7915938957701538,1.7150703117317339,0.07588041947096572,0.0803354841739457,0.12383890405595012,0.14134261910193086,0.28513069337924557,7.540583136327817,19.31,29.452,0.588,1288854000,95.69,37.43,-7.03,25.75,48.48,182.17,12.69,813.52,-48.12,Medical-Drugs,10,-18.82,638.9,75.78,0.8534107402031931
DVD GR Equity     ,Frankfurt,STEAG HAMATECH AG,Machinery-General Indust,-11.342515,-10.195392647842302,52.5,60.53,59.63,0.9,92.94999999999999,8.03,85.82,135.61,-1.43,6.29,8.46,3.437485,16.21,14.780000000000001,0.4535,3.32,0.8928400000000001,1.7053701015965168,0.00,0.014868660168511481,0,4.2996551257678215,0.02448197035616842,0.025348315021016147,15.813253012048193,0.6117455138662317,0.3871395914755549,7.048463356973995,9.48012718600954,0.6449653702717102,0.4397168350416636,0.03868562106735027,0.03698208714362561,0.13266149017016354,0.15295238095238095,0.09356793288277791,12.83673469387755,,89.284,1.175,52500000,6.29,45.35,-0.74,2.17,3.32,8.03,0.49,135.61,-16.21,Machinery-General Indust,,,85.82,0.9,1.7053701015965168
STR GR Equity     ,Frankfurt,STOEHR & CO AG,Textile-Products,8.36,4.789633474304755,22.39976,41.72976,39.57976,2.15,75.88,19.33,58.7,124.08,-2.6599999999999997,-1.37,4.22,-1.37,-7.07,-9.73,0,-2.5300000000000002,0.38505,0.4934687953555879,0.00,0.051521983351929174,0.00,0.00,-0.0029013539651837525,-0.01104126370083817,0,0.38159727427597956,0.18052675693101225,9.379090047393365,0,0.534791234140715,0.3189858156028369,-0.043100511073253835,-0.018054823405376914,0.46321857590362364,0.8629556745250841,0.32930153321976147,0.00,,38.505,0.34,22399760,-1.37,-36.94,-2.93,5.59,-0.36,19.33,1.16,124.08,7.07,Textile-Products,,0,58.7,2.15,0.4934687953555879
STB GR Equity     ,Frankfurt,STRABAG AG,Building&Construct-Misc,-89.72000000000001,-45.38388873588544,203.515,378.835,203.635,175.2,260.52,175.32,260.4,1717.44,0.8999999999999986,-6.92,36.18,-5.772664000000001,81.9,82.80000000000001,0.16579999999999998,4.1,0.29120999999999997,0.8243831640058055,0.00,0.462470468673697,0,0.00,0.002387274082355133,-0.0033612027203279303,49.63780487804878,0.781547619047619,0.11849904509036704,5.628385848535102,0,0.8694459744790233,0.11856891652692378,0.01574500768049155,-0.022158237371411028,0.462787229268679,0.861459843254797,0.6732718894009216,0.00,,29.121,0.568,203515000,-6.92,16.58,-44,43.1,4.1,175.32,9.4,1717.44,-81.9,Building&Construct-Misc,,,260.4,175.2,0.8243831640058055
SBS GR Equity     ,Frankfurt,STRATEC BIOMEDICAL AG,Diagnostic Equipment,-0.867728,-0.20463808463251643,82.5,87.59,86.69,0.9,17.060000000000002,5.09,12.87,40.44,0.55,2.88,3.83,1.7622719999999998,2.08,2.63,0.3881,1.68,0.41891,1.335268505079826,0.3115,0.010275145564562164,0,1.4923916398830601,0.04154302670623145,0.043577448071216614,49.10714285714286,6.410256410256411,2.040059347181009,22.634464751958223,30.100694444444446,4.876948775055679,2.1436696340257173,0.13053613053613053,0.10329847596717466,0.05811165658180157,0.061696969696969695,0.3954933954933955,10.666666666666666,31.15,41.891,0.92,82500000,2.88,38.81,-1.5,0.95,1.68,5.09,0.27,40.44,-2.08,Diagnostic Equipment,,,12.87,0.9,1.335268505079826
BG1 GR Equity     ,Frankfurt,STUDIO BABELSBERG,Motion Pictures&Services,0,0.00,28.65,28.65,28.65,0,0,0,0,0,0,0,0,0,0,0,0,0,0.00,0.00,0.00,0,0.00,0.00,0.00,0.00,0,0,0,0,0,0,0,0.00,0.00,0,0,0.00,0.00,,,,28650000,,,,,,,,,,Motion Pictures&Services,,,,,0.00
SUC GR Equity     ,Berlin,SUED-CHEMIE AG,Chemicals-Diversified,24.880060999999998,12.91824401368301,385.984,647.9839999999999,637.3839999999999,10.6,427.9,262,176.5,763.04,-6.200000000000003,43.29,91.39,25.580060999999997,6.9,0.6999999999999975,0.40909999999999996,13.2,0.21018,0.5297532656023223,-0.1,0.01635842860317539,0.5530303030303031,0.027365063750238814,0.01729922415600755,0.03352387948207171,29.241212121212122,2.1868781869688383,0.5058502830782134,6.974329795382426,14.72358512358512,1.477728620296465,0.8353218704130844,0.07478753541076487,0.059780465061930355,0.4043309711350898,0.6787846128336926,1.4844192634560907,2.6871508379888267,-10,21.018,0.365,385984000,43.29,40.91,-41.9,48.1,13.2,262,16.11,763.04,-6.9,Chemicals-Diversified,,-7.3,176.5,10.6,0.5297532656023223
SSH GR Equity     ,Frankfurt,SUEDWESTDEUTSCHE SALZWERKE A,Diversified Minerals,8.961974000000001,8.124576113861387,257.4337,345.8637,341.2837,4.58,157.02,88.43,73.17,237.08,-3.990000000000002,19.81,41.79,10.011974,5.04,1.049999999999998,0.4946,8.6,0.88416,0.4920174165457185,0.2865,0.013242210732146797,0.6139534883720931,0.104874423365462,0.03627467521511726,0.04223036105955796,29.934151162790698,3.5182957496241625,1.085851611270457,8.166635558746112,17.227849570923777,2.1402456683168314,1.4395296946178504,0.11753450867842011,0.06376241243153738,0.2556787543763627,0.34350592016507553,1.2085554188875223,4.382743362831858,28.65,88.416,0.339,257433700,19.81,49.46,-17.99,21.98,8.6,88.43,4.52,237.08,-5.04,Diversified Minerals,,-5.28,73.17,4.58,0.4920174165457185
SZU GR Equity     ,Xetra,SUEDZUCKER AG,Food-Misc/Diversified,204.24125999999998,154.1259593212322,2558.895,3964.395,3763.295,201.1,3181.5,1405.5,1977.1,4575,112.80000000000001,481.8,675.5,376.14126,59.1,171.9,0.2193,254.6,0.16699999999999998,0.8142235123367201,-0.0487,0.050726529520897894,0.3432835820895523,0.4570091566131299,0.055650273224043714,0.08221666885245901,10.050648075412411,1.2942668554954226,0.5593213114754099,5.571125092524056,7.81090701535907,1.1719963933069237,0.8225781420765027,0.1287744676546457,0.11822764733616219,0.3545307669896668,0.5492605206544231,0.7108896869151788,4.579847908745247,-4.87,16.7,0.561,2558895000,481.8,21.93,-306.5,193.7,254.6,1405.5,105.2,4575,-59.1,Food-Misc/Diversified,6,-87.4,1977.1,201.1,0.8142235123367201
SMH GR Equity     ,Xetra,SUESS MICROTEC,Semiconductor Equipment,5.020000000000001,2.7849714078681416,58.05085,84.26085,57.470850000000006,26.79,101.83000000000001,26.21,102.41,92.61,-5.0600000000000005,-13.62,-7.549999999999999,-11.043095999999998,-13.58,-18.64,0.1892,-12.056595999999999,0.41452,3.0362844702467346,0.00,0.31794125029595594,0.00,0.00,-0.15711046323291222,-0.11924301911240685,0,0.5668474758324382,0.6268313357088867,0,0,0.6551146788990826,0.6205685131195336,-0.11772869836929986,-0.10844639104389667,0.31105786376472583,0.4515007101532536,0.25593203788692515,0.00,,41.452,2.092,58050850,-13.62,18.92,-1.01,6.07,-14.55,26.21,1.25,92.61,13.58,Semiconductor Equipment,20,,102.41,26.79,3.0362844702467346
SWW GR Equity     ,Frankfurt,SUNWAYS AG,Electric Products-Misc,1.0346080000000006,1.1358867412682268,131.29419,144.92418999999998,131.81419,13.11,16.380000000000003,13.63,15.86,66.92,4.1899999999999995,3.12,4.970000000000001,1.8046080000000002,-3.42,0.7699999999999996,0.4216,1.55,0.79486,1.420899854862119,0.00,0.090461088656076,0,0.42668546299251664,0.02316198445905559,0.02696664674237896,84.70592903225806,8.278322194199243,1.9619574118350267,26.521969818913476,42.24813782051282,4.914350288233298,1.9697278840406454,0.09773013871374528,0.11017142857142857,0.0940491715013208,0.10381266680574366,0.8593947036569988,5.672727272727273,,79.486,0.979,131294190,3.12,42.16,-6.04,1.85,1.55,13.63,0.55,66.92,3.42,Electric Products-Misc,,,15.86,13.11,1.420899854862119
SUR GR Equity     ,Xetra,SURTECO AG,Miscellaneous Manufactur,49.35176800000001,25.89278435355092,327.8411,504.8511,502.38109999999995,2.47,283.09,177.01,108.55,380.43,-12.220000000000002,37.02,63.78,20.301768000000003,-16.83,-29.05,0.45159999999999995,14.85,0.35912999999999995,0.6110304789550073,0.0003,0.004892531679142623,0.46262626262626266,-1.4309098596733052,0.03903477643718949,0.05336531819257157,22.07684175084175,3.0201851681252876,0.8617645821833189,7.876781122608968,13.570532144786599,1.7679335341084184,1.3205612070551742,0.136803316444035,0.07171488925783322,0.3506182317915124,0.5399262020533728,1.6306771073238138,3.5872093023255816,0.03,35.913,0.421,327841100,37.02,45.16,-14.54,26.76,14.85,177.01,10.32,380.43,16.83,Miscellaneous Manufactur,,-6.87,108.55,2.47,0.6110304789550073
SYS GR Equity     ,Xetra,SYSKOPLAN AG,Enterprise Software/Serv,-0.7499999999999996,-0.4486679999999995,25.83,28.659999999999997,2.3699999999999974,26.29,2.009999999999998,2.83,25.47,40.14,2.0999999999999996,-1.46,0.45999999999999996,-0.980244,-2.81,-0.7100000000000004,0.3286,-1.0876679999999999,0.30109,0.6153846153846154,0.00,0.9173063503140266,0.00,0.00,-0.039860488290981565,-0.024420627802690584,0,1.0141342756183744,0.6434977578475336,5.152173913043473,0,1.012720848056537,0.05904334828101638,-0.04270388692579505,-0.4876835820895527,0.09874389392882067,0.10956252419667055,0.11111111111111112,0.00,,30.109,0.424,25830000,-1.46,32.86,-4.02,1.92,-1.6,2.83,0.16,40.14,2.81,Enterprise Software/Serv,,-1.09,25.47,26.29,0.6153846153846154
SYZ GR Equity     ,Frankfurt,SYZYGY AG,E-Services/Consulting,2.977354,5.1899999999999995,58.73379,58.73379,57.34379,1.39,50.26,0,51.65,15.65,-0.039999999999999925,1.09,1.67,0.6873540000000001,-2.25,-2.29,0.36939999999999995,2.9,0.39914,1.0972423802612483,0.00,0.02366610429873502,0,-3.3316166051263245,0.1853035143769968,0.043920383386581476,20.25303103448276,1.1371498547918684,3.7529578274760382,34.33759880239521,52.60898165137614,1.1371498547918684,3.664139936102236,0.05614714424007745,0.01367596498209312,0,0,0,54.5,,39.914,0.756,58733790,1.09,36.94,-0.54,0.58,2.9,0,0.02,15.65,2.25,E-Services/Consulting,,,51.65,1.39,1.0972423802612483
TOI GR Equity     ,Xetra,T-ONLINE INTER0.00TIO0.00L AG,Web Portals/ISP,246.72392000000005,318.29999999999995,9950.23,9950.23,9678.63,271.6,5508.5,0,5780.1,2011.8,-25.900000000000006,365.3,462.5,228.82392000000004,8,-17.900000000000006,0.3736,300.4,0.18899999999999997,1.4891146589259798,0.00,0.02729585145267999,0,-0.07822608755238526,0.14931901779500945,0.11374088875633763,33.1232689747004,1.7214632964827596,4.945933989462173,20.926767567567566,26.495017793594304,1.7214632964827596,4.810930509991053,0.05197141917959896,0.041540150676227655,0,0,0,260.92857142857144,,18.9,1.026,9950230000,365.3,37.36,-71.3,97.2,300.4,0,1.4,2011.8,-8,Web Portals/ISP,20,,5780.1,271.6,1.4891146589259798
TWN GR Equity     ,Xetra,TA TRIUMPH-ADLER AG,Office Automation&Equip,26.479999999999997,-9.708068821581042,74.89424,228.31423999999998,218.22423999999998,10.09,193.7,153.42,50.37,385.8,-10.21,-10.32,23.04,-7.982520000000001,-26.59,-36.8,0.22649999999999998,-18.803785000000005,0.42642,0.6661828737300436,0.00,0.04419347649975753,0.00,0.00,-0.06653706583722135,-0.020690824261275276,0,1.4868818741314274,0.19412711249351994,9.471538194444443,0,1.120340742921635,0.5656408501814411,-0.37331318244987105,-0.04121073825503357,0.6719685990676709,2.048488642117204,3.0458606313281713,0.00,,42.642,0.459,74894240,-10.32,22.65,-23.15,33.36,-25.67,153.42,13.99,385.8,26.59,Office Automation&Equip,,0,50.37,10.09,0.6661828737300436
TTK GR Equity     ,Xetra,TAKKT AG,Retail-Mail Order,53.686527999999996,39.12801491805956,568.62,754.9,750.93,3.97,363.37,186.28,181.06,727.63,-16.130000000000003,62.44,87.13,40.036528,2.48,-13.650000000000002,0.3588,32.4,0.29113,0.7431059506531206,0.0292,0.005258974698635581,0.25771604938271603,-0.3409386548204181,0.044528125558319476,0.05502319585503621,17.55,3.140505909643212,0.7814686035485068,8.618501090324802,12.02642536835362,2.0550443730603796,1.0320217693058285,0.17894620567767588,0.11018115969947986,0.2467611604185985,0.3276001547606486,1.0288302220258478,5.6252252252252255,2.92,29.113,0.512,568620000,62.44,35.88,-8.56,24.69,32.4,186.28,11.1,727.63,-2.48,Retail-Mail Order,,-8.35,181.06,3.97,0.7431059506531206
TAG GR Equity     ,Frankfurt,TARKETT AG,Bldg&Construct Prod-Misc,53.22979000000001,42.86370257966616,718.7229,1035.3229000000001,999.1229000000001,36.2,622.8,316.6,342.4,1384.8,-7.5,83.9,144.9,52.529790000000006,6.8,-0.7000000000000002,0.3739,42.5,0.20675999999999997,0.667634252539913,0.2915,0.03496493702592689,0.2423529411764706,-0.013325771909615479,0.03069035239745812,0.0379331239168111,16.911127058823528,2.099073890186916,0.5190084488734835,6.895258109040718,11.908497020262217,1.571051441578149,0.7214925621028309,0.12412383177570094,0.08434455684007709,0.30579831664111745,0.44050356542138847,0.9246495327102805,6.2611940298507465,29.15,20.676,0.46,718722900,83.9,37.39,-53.5,61,42.5,316.6,13.4,1384.8,-6.8,Bldg&Construct Prod-Misc,,-10.3,342.4,36.2,0.667634252539913
TDS GR Equity     ,Xetra,TDS INFORMATIONSTECHNOLOGIE,Computer Services,5.503198,2.3843251430494785,67.30932,94.28932,87.49932,6.79,52.63,26.98,32.44,96.74,-3.1799999999999997,2.74,15.35,2.74,3.63,0.4500000000000002,0,2.6300000000000003,0.2532,0.7285921625544267,0.00,0.07201239758649229,0.00,0.16423357664233582,-0.033181724209220595,0.028323340913789543,0,2.074886559802713,0.6957754806698367,5.700281433224756,31.93405839416058,1.5868280040390441,0.9044792226586728,0.08107274969173861,0.052061561846855405,0.28614057244235086,0.40083602092548254,0.8316892725030827,24.90909090909091,,25.32,0.502,67309320,2.74,-117.27,-9.43,12.61,-3.21,26.98,0.11,96.74,-3.63,Computer Services,,,32.44,6.79,0.7285921625544267
TNH GR Equity     ,Xetra,TECHEM AG,Electronic Measur Instr,40.88377,37.86286022761915,803.3665,1030.9365,1016.4965,14.44,379.2,227.57,166.07,432.01,4.119999999999997,87.3,138.32999999999998,54.55377,9.55,13.669999999999998,0.3751,43.63,0.37152999999999997,1.1567489114658926,0.4633,0.014006682273835488,0,0.25057846597952804,0.10099303256869055,0.126278951876114,18.413167545267015,4.837517311976877,1.8596016295919076,7.348344538422613,11.643717067583047,2.6189830809877046,2.3529466910488184,0.26272053953152286,0.14386542721518988,0.22074104467151953,0.28327046248505505,1.3703257662431505,5.894665766374072,46.33,37.153,0.797,803366500,87.3,37.51,-55.15,51.03,43.63,227.57,14.81,432.01,-9.55,Electronic Measur Instr,11,,166.07,14.44,1.1567489114658926
TTR GR Equity     ,Xetra,TECHNOTRANS,Machinery-Print Trade,10.330784000000001,8.902851711026615,111.21,125.77,113.16,12.61,42.620000000000005,14.56,40.67,117.26,-1.44,11.23,14.96,7.420784000000001,-1.47,-2.91,0.3392,6.76,0.35905000000000004,1.5384615384615388,0.0767,0.10026238371630754,0.29289940828402367,-0.3921418545533733,0.057649667405764965,0.06328487122633465,16.45118343195266,2.734447996065896,0.9484052532833019,7.564171122994652,10.076580587711486,2.277204417888828,0.965034965034965,0.16621588394393902,0.17411506335053967,0.11576687604357161,0.130923478104487,0.35800344234079173,9.516949152542374,7.67,35.905,1.06,111210000,11.23,33.92,-2.29,3.73,6.76,14.56,1.18,117.26,1.47,Machinery-Print Trade,9.67,-1.98,40.67,12.61,1.5384615384615388
TGT GR Equity     ,Xetra,TELEGATE AG,Telecom Services,23.935741999999998,18.257277277277275,294.4088,299.1388,289.8088,9.33,10.65,4.73,15.25,167.4,-7.959999999999999,10.26,20.7,9.815742,-6.16,-14.12,0.0433,7.48,0.22243,1.0638606676342526,0.00,0.031189534757777995,0,-1.4385056167939214,0.044683393070489845,0.05863645161290323,39.359465240641704,19.305495081967212,1.7587144563918755,14.000425120772949,28.24647173489279,14.971911911911912,1.7312353643966547,0.4904918032786886,0.9216659154929577,0.015812057813964622,0.016066095850395777,0.3101639344262295,14.657142857142858,,22.243,0.733,294408800,10.26,4.33,-2.48,10.44,7.48,4.73,0.7,167.4,6.16,Telecom Services,1.18,,15.25,9.33,1.0638606676342526
TLI GR Equity     ,Xetra,TELES AG,Web Portals/ISP,17.264878,18.148305439330542,208.3485,209.8885,159.4485,50.44,6.920000000000002,1.54,55.82,76.5,0.29000000000000004,12.59,17.39,10.124878,-7.43,-7.14,0.19579999999999997,11.2,0.27186,1.9753265602322208,0.00,0.2403180736438633,0,-0.7051936823337525,0.14640522875816991,0.13235134640522878,18.602544642857143,3.7325062701540666,2.723509803921569,9.168976423231742,12.664694201747418,3.6591440027894,2.0842941176470586,0.20064493013256895,1,0.007337229052568388,0.007391461901573565,0.027588677893228233,50.36,,27.186,1.361,208348500,12.59,19.58,-5.09,4.8,11.2,1.54,0.25,76.5,7.43,Web Portals/ISP,,0,55.82,50.44,1.9753265602322208
TWE6 GR Equity     ,Frankfurt,TEUTOBURGER WALD-EISENBAHN-B,Transport-Rail,-0.05,-0.09,11.6375,11.6375,11.567499999999999,0.07,2.33,0,2.4,0.53,0,-0.05,-0.05,-0.05,0,0,0,-0.09,0.09976000000000002,0.4034833091436866,0.00,0.006015037593984964,0.00,0.00,0,-0.09433962264150944,0,4.848958333333333,20,0,0,4.848958333333333,20,-0.0375,-0.02145922746781116,0,0,0,0.00,,9.976,0.278,11637500,-0.05,0,,,,0,0.04,0.53,,Transport-Rail,,,2.4,0.07,0.4034833091436866
TWE GR Equity     ,Frankfurt,TEUTOBURGER WALD-EISENBAHN-A,Transport-Rail,-0.05,-0.09,11.6375,11.6375,11.567499999999999,0.07,2.33,0,2.4,0.53,0,-0.05,-0.05,-0.05,0,0,0,-0.09,0.06881999999999999,0.3439767779390421,0.00,0.006015037593984964,0.00,0.00,0,-0.09433962264150944,0,4.848958333333333,20,0,0,4.848958333333333,20,-0.0375,-0.02145922746781116,0,0,0,0.00,,6.882,0.237,11637500,-0.05,0,,,,0,0.04,0.53,,Transport-Rail,,,2.4,0.07,0.3439767779390421
NBH GR Equity     ,Frankfurt,TEXTILGRUPPE HOF AG,Textile-Apparel,-2.0299999999999994,-6.395390854324735,35.64,91.47,88.96,2.51,116.11,55.83,62.79,192.2,-8.06,-6.02,12.21,-6.018193999999999,4.07,-3.99,0.0003,-8.507447,0.19768,0.8156748911465894,0.00,0.027440690936919206,0.00,0.00,-0.049895941727367325,-0.03131214360041623,0,0.5676063067367415,0.1854318418314256,7.285831285831285,0,0.7711178553363682,0.46285119667013525,-0.13549047619047622,-0.051831831883558686,0.6103640537881272,1.5664983164983164,0.8891543239369326,0.00,,19.768,0.562,35640000,-6.02,0.03,-10.17,18.23,-9.59,55.83,2.49,192.2,-4.07,Textile-Apparel,,-0.89,62.79,2.51,0.8156748911465894
TKA GR Equity     ,Xetra,THYSSENKRUPP AG,Steel-Producers,1137.6074999999998,930.5212198423442,7459.176,11691.176,10341.176,1350,11209,4232,8327,39342,-185,1837,3353,1097.6074999999998,145,-40,0.4025,904,0.16985,1.8519593613933238,0.2639,0.11547170276112514,0.2754424778761062,-0.03644289967041953,0.022977987900970973,0.027899128158202426,8.251300884955752,0.8957819142548337,0.18959829190178437,3.0841562779600356,5.62938268916712,0.9309002309101043,0.2628533374002338,0.10856250750570434,0.09792198233562315,0.3619824045074679,0.5673548928192604,0.5082262519514831,6.1644295302013425,26.39,16.985,1.276,7459176000,1837,40.25,-1331,1516,904,4232,298,39342,-145,Steel-Producers,5.705,-249,8327,1350,1.8519593613933238
TBB GR Equity     ,Frankfurt,TIAG TABBERT-INDUSTRIE AG,Auto-Cars/Light Trucks,-0.24683500000000014,-0.07993265993266019,21,24.1,24.01,0.09,14.76,3.1,11.75,51.64,1.06,0.95,1.41,0.903165,0.09,1.1500000000000001,0.0493,0.83,1.38136,0.9550072568940494,0.00,0.003734439834024896,0,1.2733000060896957,0.016072811773818745,0.0174896398140976,25.30120481927711,1.7872340425531914,0.4066615027110767,17.028368794326244,25.27368421052632,1.622895622895623,0.4649496514329977,0.07063829787234042,0.06119004065040651,0.12863070539419086,0.14761904761904762,0.26382978723404255,2.3749999999999996,,138.136,0.658,21000000,0.95,4.93,-1.52,0.46,0.83,3.1,0.4,51.64,-0.09,Auto-Cars/Light Trucks,,,11.75,0.09,0.9550072568940494
TIS GR Equity     ,Frankfurt,TISCON AG INFOSYSTEMS,Applications Software,-1.1300000000000001,-1.09613,11.25,11.25,8.42,2.83,6.529999999999999,0,9.36,9.96,-0.6,-1.06,-0.44000000000000006,-1.01654,0.67,0.07000000000000006,0.040999999999999995,-1.02613,0.65704,1.4571843251088534,0.00,0.2515555555555556,0.00,0.00,-0.07228915662650602,-0.10206224899598393,0,1.201923076923077,1.1295180722891565,0,0,1.201923076923077,0.8453815261044176,-0.10962927350427351,-0.15567228177641657,0,0,0,0.00,,65.704,1.004,11250000,-1.06,4.1,-0.02,0.62,-0.72,0,0.01,9.96,-0.67,Applications Software,,,9.36,2.83,1.4571843251088534
TFA GR Equity     ,Xetra,TOMORROW FOCUS AG,Internet Content-Info/Ne,-11.200000000000001,-10.856743902439025,83.5692,83.6092,80.7092,2.9,29.9,0.04,32.76,49.46,1.7100000000000004,-0.33,1.9499999999999997,0,9.16,10.870000000000001,1,0,0.49377000000000004,1.2612481857764877,0.00,0.03468517818613263,0.00,0.00,-0.004852405984634048,0,0,2.550952380952381,1.6896320258794983,41.38933333333334,0,2.5490609756097564,1.631807521229276,0,0,0.0004784162508432086,0.00047864524250561214,0.001221001221001221,0.00,,49.377,0.869,83569200,-0.33,169.28,-3.99,2.28,-0.24,0.04,0.07,49.46,-9.16,Internet Content-Info/Ne,,,32.76,2.9,1.2612481857764877
TRI GR Equity     ,Frankfurt,TRIUMPH INTER0.00TIO0.00L AG,Apparel Manufacturers,13.42112,12.51,167.3524,167.3524,166.8424,0.51,68.72999999999999,0,69.24,269.26,-0.31000000000000005,16.32,19.92,13.52112,0.41,0.09999999999999992,0.17149999999999999,12.61,0.95592,0.5486211901306242,0.00,0.0030474615243044024,0,0.007395837031251844,0.04683205823367748,0.05021585085047909,13.271403647898493,2.416990179087233,0.6215271484810221,8.375622489959838,10.223186274509803,2.416990179087233,0.6196330684097155,0.1821201617562103,0.19672806634657358,0,0,0,1632,,95.592,0.378,167352400,16.32,17.15,-3.29,3.6,12.61,0,0.01,269.26,-0.41,Apparel Manufacturers,,,69.24,0.51,0.5486211901306242
TTO GR Equity     ,Frankfurt,TTL INFORMATION TECHNOLOGY,Computer Services,5.928239999999999,1.0711823397355944,17.816,77.756,68.496,9.26,70.91999999999999,59.94,20.24,46.52,-1.9699999999999989,2.89,34.43,2.3582400000000003,-1.6,-3.569999999999999,0.184,0.17,0.31727,0.9303338171262701,0.00,0.11909048819383714,0,-1.5138408304498263,0.003654342218400688,0.050693035253654345,104.79999999999998,0.8802371541501977,0.382975064488392,1.9894278245715944,23.701038062283736,0.9697680219506112,1.4723989681857264,0.00839920948616601,0.03325211505922167,0.770872987293585,3.3643915581499777,2.9614624505928857,0.857566765578635,,31.727,0.641,17816000,2.89,18.4,-29.57,31.54,0.17,59.94,3.37,46.52,1.6,Computer Services,,,20.24,9.26,0.9303338171262701
TUI GR Equity     ,Xetra,TUI AG,Travel Services,311.32469000000003,403.64540155440415,3382.074,7113.773999999999,6632.673999999999,481.1,6003.699999999999,3731.7,2753.1,18046.2,146.5,636.1,1156.1,510.72469,52.9,199.4,0.1971,488.3,0.22506,1.8200290275761974,0.019799999999999998,0.06762936241719235,0.28138439483923816,0.3904256126720641,0.02705832806906717,0.028300954771641674,6.926221585091133,1.2284602811376268,0.1874119759284503,5.737110976559121,10.427093224335794,1.0969920429311621,0.3675385399696334,0.17736369910282954,0.08506832286756502,0.5245738759763805,1.103376212347808,1.3554538520213577,2.5162183544303796,1.98,22.506,1.254,3382074000,636.1,19.71,-666.5,520,488.3,3731.7,252.8,18046.2,-52.9,Travel Services,5.667,-137.4,2753.1,481.1,1.8200290275761974
TUR GR Equity     ,Frankfurt,TURBON AG,Office Automation&Equip,9.644739999999999,6.9644179229480745,38.2,57.59,56.510000000000005,1.08,46.68000000000001,19.39,28.37,122.8,-0.4800000000000004,6.7,9.690000000000001,4.704739999999999,-4.46,-4.94,0.2978,4.03,0.50849,0.9216255442670538,0.0875,0.0187532557735718,0.3573200992555831,-1.050004888686729,0.032817589576547235,0.03831221498371335,9.478908188585608,1.3464927740571027,0.31107491856677527,5.831785345717234,8.434328358208957,1.205820770519263,0.4601791530944626,0.14205146281283046,0.10078706083976004,0.3366903976384789,0.5075916230366492,0.6834684525907649,6.767676767676768,8.75,50.849,0.635,38200000,6.7,29.78,-2.51,2.99,4.03,19.39,0.99,122.8,4.46,Office Automation&Equip,,-1.44,28.37,1.08,0.9216255442670538
TVO GR Equity     ,Xetra,TV-LOONLAND AG,Broadcast Serv/Program,24.071423,6.036716718549716,12.73946,33.96946,28.119459999999997,5.85,48.76,21.23,33.38,20.03,-7.9399999999999995,1.81,9.91,1.81,-0.84,-8.78,0,0.6700000000000002,0.6185,1.2554426705370103,0.00,0.17221351178381994,0.00,-4.850828729281767,-0.3729405891163255,0.09036445332001997,0,0.38164949071300175,0.6360189715426859,2.837483350151362,15.535613259668507,0.6220373557956418,1.403867199201198,0.02007189934092271,0.037120590648072195,0.6249731376359825,1.6664756590938707,0.6360095865787897,1.5877192982456143,,61.85,0.865,12739460,1.81,-744.83,-0.16,8.1,-7.47,21.23,1.14,20.03,0.84,Broadcast Serv/Program,,,33.38,5.85,1.2554426705370103
HVB GR Equity     ,Frankfurt,UESTRA HANNOVERSCHE VERKEHRS,Transport-Services,18.03,7.389077406303233,124.344,177.954,166.734,11.22,176.61999999999998,53.61,134.23,151.57,-24.53,-6.5,18.03,-6.5,0,-24.53,0,-10.14,0.46941000000000005,0.5152394775036284,0.00,0.06305000168582893,0.00,0.00,0,-0.04288447581975325,0,0.9263502942710273,0.820373424820215,9.247587354409317,0,0.9473701022146509,1.1000461832816522,-0.07554198018326753,-0.03680217415921187,0.3012576283758724,0.4311426365566493,0.3993891082470387,0.00,,46.941,0.355,124344000,-6.5,-0.01,,24.53,,53.61,3.64,151.57,,Transport-Services,,,134.23,11.22,0.5152394775036284
UMS GR Equity     ,Xetra,UMS UNITED MEDICAL SYS INTL,Medical Imaging Systems,3.2580460000000007,0.4470033750936613,15.88293,60.372930000000004,56.012930000000004,4.36,62.370000000000005,44.49,22.24,62.74,-1.7100000000000009,2.63,12.600000000000001,2.378046,0.83,-0.8800000000000009,0.0958,0.15371399999999993,0.6693300000000001,1.339622641509434,0.00,0.07221779694972565,0.00,-0.3700517147271335,-0.040484539368823715,0.03790318775900542,0,0.7141605215827339,0.25315476569971307,4.4454706349206345,21.29769201520913,0.9047344522703432,0.8927786101370737,0.006911600719424458,0.03812804232804232,0.7369196757553427,2.801120448179272,2.00044964028777,1.0691056910569106,,66.933,0.923,15882930,2.63,9.58,-8.26,9.97,-2.54,44.49,2.46,62.74,-0.83,Medical Imaging Systems,,0,22.24,4.36,1.339622641509434
ITR GR Equity     ,Stuttgart,UNILOG INTEGRATA TRAINING AG,Commercial Services,-4.53,-3.8836790763968074,14.7,16.38,12.79,3.59,5.18,1.68,7.09,31.19,-1.49,-1.86,0.4099999999999999,-1.7251500000000002,4.16,2.67,0.0725,-1.7251500000000002,0.27953,0.7939042089985487,0.00,0.21916971916971917,0.00,0.00,-0.05546649567168964,-0.05531099711445977,0,2.073342736248237,0.4713049054184033,31.195121951219516,0,1.8677309007981755,0.4100673292722026,-0.24332157968970383,-0.3330405405405406,0.10256410256410256,0.11428571428571428,0.23695345557122707,0.00,,27.953,0.547,14700000,-1.86,7.25,-0.78,2.27,-1.73,1.68,0,31.19,-4.16,Commercial Services,,-0.09,7.09,3.59,0.7939042089985487
UTDI GR Equity     ,Xetra,UNITED INTERNET AG-REG SHARE,Internet Fi0.00ncial Svcs,46.369127999999996,46.3476285046729,1218.84,1224.84,1171.98,52.86,84.10000000000001,6,130.96,415.02,3.5500000000000007,62.48,86.1,37.869127999999996,-12.05,-8.5,0.39390000000000003,38.22,0.31707,1.8055152394775038,0.00,0.043156657196041934,0.7480376766091053,-0.22445724126523328,0.09209194737603008,0.09124651342103994,31.89010989010989,9.306963958460598,2.936822321815816,13.611846689895472,18.757682458386686,8.94304906542056,2.8239121006216568,0.2918448381185094,0.45028689655172405,0.004898599000685804,0.0049227133996258745,0.04581551618814905,138.84444444444443,,31.707,1.244,1218840000,62.48,39.39,-27.17,23.62,38.22,6,0.45,415.02,12.05,Internet Fi0.00ncial Svcs,20,-28.59,130.96,52.86,1.8055152394775038
ULC GR Equity     ,Xetra,UNITED LABELS AG,Commercial Services,1.21,0.9805245998814462,27.4,32.15,29.61,2.54,31.199999999999996,4.75,28.99,39.2,-0.5599999999999999,-0.42,0.8,-0.42,-1.07,-1.63,0,-0.42,0.6267900000000001,1.034833091436865,0.00,0.07900466562986004,0.00,0.00,-0.026785714285714284,-0.010714285714285713,0,0.9451535012073129,0.6989795918367346,37.012499999999996,0,0.9528749259039716,0.7553571428571428,-0.014487754398068299,-0.013461538461538462,0.14774494556765164,0.17335766423357665,0.16384960331148674,0.00,,62.679,0.713,27400000,-0.42,-38.91,-0.66,1.22,-1.05,4.75,,39.2,1.07,Commercial Services,,,28.99,2.54,1.034833091436865
OSP2 GR Equity     ,Xetra,USU SOFTWARE AG,B2B/E-Commerce,-7.859999999999999,-7.824095999999999,33.47733,33.47733,25.817330000000002,7.66,59,0,66.66,19.06,-0.8099999999999999,-4.08,-3.13,-4.044096,4.59,3.78,0.0088,-4.044096,0.42103,0.6531204644412192,0.00,0.2288115569551096,0.00,0.00,-0.3798530954879329,-0.21217712486883525,0,0.5022101710171017,1.75641815320042,0,0,0.5022101710171017,1.3545293809024137,-0.06066750675067507,-0.068544,0,0,0,0.00,,42.103,0.45,33477330,-4.08,0.88,-0.14,0.95,-7.24,0,,19.06,-4.59,B2B/E-Commerce,,,66.66,7.66,0.6531204644412192
USA GR Equity     ,Xetra,UTIMACO SAFEWARE AG,Computer Data Security,2.8463179999999997,2.8409423076923077,86.53716,86.60716,70.17715999999999,16.43,4.370000000000001,0.07,20.73,26.92,0.3700000000000001,2.98,3.69,2.98,-0.09,0.28000000000000014,0,3.12,0.54927,1.2525399129172714,0.00,0.1897071789445584,0,0.0939597315436242,0.11589895988112926,0.11069836552748885,27.73626923076923,4.174489146164978,3.2146047548291232,19.018200542005417,23.549382550335565,4.163805769230769,2.606878157503714,0.15050651230101303,0.6819221967963385,0.0008082472626974492,0.0008089010547607526,0.0033767486734201644,5.228070175438597,,54.927,0.863,86537160,2.98,-4.91,-1.08,0.71,3.12,0.07,0.57,26.92,0.09,Computer Data Security,,,20.73,16.43,1.2525399129172714
UZU GR Equity     ,Frankfurt,UZIN UTZ AG,Bldg&Construct Prod-Misc,5.023111999999999,4.045875232774674,58,70.85,66.86999999999999,3.98,38.980000000000004,12.85,30.11,103.39,-1.2399999999999998,4.88,7.49,2.9031119999999997,-0.88,-2.1199999999999997,0.40509999999999996,2.56,0.38826,0.4339622641509434,-0.1379,0.056175017642907554,0.9375,-0.7302508480554659,0.024760615146532546,0.0280792339684689,22.65625,1.9262703420790435,0.560982686913628,8.927903871829104,13.702868852459014,1.6492085661080074,0.6467743495502466,0.08502158751245434,0.0744769625448948,0.18136908962597037,0.22155172413793103,0.4267685154433743,7.072463768115942,-13.79,38.826,0.299,58000000,4.88,40.51,-1.37,2.61,2.56,12.85,0.69,103.39,0.88,Bldg&Construct Prod-Misc,,-2.4,30.11,3.98,0.4339622641509434
VRI GR Equity     ,Xetra,VARETIS AG,Telecom Services,12.969999999999999,12.945022476501839,26.22,26.259999999999998,10.059999999999999,16.2,8.27,0.04,24.43,17.07,-0.69,-2.31,-1.44,-2.31,-14.59,-15.28,0,-2.31,0.40895000000000004,1.149492017416546,0.00,0.6169078446306169,0.00,0.00,-0.27006444053895723,-0.13532513181019332,0,1.0732705689725748,1.5360281195079086,0,0,1.073150796894156,0.5893380199179847,-0.09455587392550144,-0.27932285368802906,0.0015232292460015235,0.0015255530129672007,0.001637331150225133,0.00,,40.895,0.792,26220000,-2.31,-62.32,-0.18,0.87,-4.61,0.04,,17.07,14.59,Telecom Services,,,24.43,16.2,1.149492017416546
VAR GR Equity     ,Frankfurt,VARTA AG,Batteries/Battery Sys,9.75,-5.373129389729984,193.7245,203.7545,68.93450000000001,134.82,-70.75,10.03,54.04,190.17,-2.9400000000000013,-7.07,5.140000000000001,-7.07,-13.88,-16.82,0,-19.560000000000002,0.18981,0.5820029027576198,0.00,0.6616786377724172,0.00,0.00,-0.006310143555765894,-0.03717726244938739,0,3.584835307179867,1.018691171057475,13.4113813229572,0,3.180185734353052,0.36248882578745345,-0.36195410806809775,0.00,0.04922590666709201,0.05177455613513004,0.18560325684678014,0.00,,18.981,0.401,193724500,-7.07,-147.09,-9.27,12.21,-1.2,10.03,12.49,190.17,13.88,Batteries/Battery Sys,,-267.15,54.04,134.82,0.5820029027576198
VTT GR Equity     ,Frankfurt,VATTENFALL EUROPE AG,Electric-Integrated,1126.7356,552.8035435733285,6238.169,7374.5689999999995,7266.468999999999,108.1,4328.1,1136.4,3299.8,8455.9,-738.5,321.2,1484.4,321.2,33.5,-705,0,28.399999999999977,0.10926999999999999,0.5834542815674892,0.00,0.014658483770373563,0.00,-2.1948941469489416,-0.016414574439149,0.037985312030653154,0,1.8904688162918963,0.7377297508248679,4.895222985718134,22.622879825653797,1.662361705964564,0.8593371492094277,0.00860658221710406,0.07421270303366373,0.15409714113462092,0.1821688383241942,0.3443845081520092,1.0969945355191255,,10.927,0.402,6238169000,321.2,-31.3,-424.7,1163.2,-138.8,1136.4,292.8,8455.9,-33.5,Electric-Integrated,,-83.2,3299.8,108.1,0.5834542815674892
VBH GR Equity     ,Frankfurt,VBH HOLDING AG,Distribution/Wholesale,38.660887,0.00,99.53304,313.90304000000003,305.13304000000005,8.77,155.98,214.37,-49.62,613.39,-2.5999999999999996,15.33,21.93,15.33,-10.4,-13,0,-3.0699999999999985,0.42518,1.134978229317852,0.00,0.027938563449401443,0.00,-0.8480104370515329,-0.02983420010107762,0.02499225615024699,0,0,0.16226713836221654,13.913955312357503,19.904307893020224,0,0.4974535613557444,0.00,0.09828183100397488,0.6829178844524729,2.15375718454897,0.00,0.8331521739130435,,42.518,0.782,99533040,15.33,-67.39,-4,6.6,-18.3,214.37,18.4,613.39,10.4,Distribution/Wholesale,,,-49.62,8.77,1.134978229317852
VEC GR Equity     ,Frankfurt,VECTRON SYSTEMS AG,Computers-Integrated Sys,2.85,0.9400000000000004,13.0113,13.0213,12.5413,0.48,-0.44999999999999996,0.01,0.02,11.62,-0.5500000000000002,-0.75,0.3700000000000001,-0.75,-3.05,-3.6,0,-1.46,0.7792,0.632801161103048,0.00,0.036862678841590314,0.00,0.00,-0.17211703958691912,-0.06454388984509467,0,20,1.1197332185886404,33.89540540540539,0,20,1.0792857142857144,-1,0.00,0.000767972475866465,0.0007685627108743938,0.5,0.00,,77.92,0.436,13011300,-0.75,0,-0.57,1.12,-2,0.01,0.71,11.62,3.05,Computers-Integrated Sys,,,0.02,0.48,0.632801161103048
VFF GR Equity     ,Frankfurt,VEREIN FILZFABRIKEN AG,Textile-Products,0.35542,0.307575,10.395,10.865,10.785,0.08,2.5,0.47,2.11,16.11,0,0.52,0.52,0.35542,0,0,0.3165,0.307575,0.052590000000000005,0.6211901306240929,-0.1678,0.007363092498849517,0.00,0,0,0.02206207324643079,0,4.92654028436019,0.6452513966480447,20.740384615384613,20.740384615384613,4.211240310077519,0.6694599627560521,0.1457701421800948,0.14216800000000002,0.04325816843074091,0.04521404521404521,0.22274881516587677,7.428571428571428,-16.78,5.259,0.428,10395000,0.52,31.65,,,,0.47,0.07,16.11,,Textile-Products,,,2.11,0.08,0.6211901306240929
VER GR Equity     ,Frankfurt,VERITAS AG,Rubber/Plastic Products,-1.5099999999999993,-4.2652643403002655,100,155.95,153.48999999999998,2.46,65.48,55.95,11.99,287.97,2.6099999999999994,-0.9,15.26,-0.8389800000000001,-2,0.6099999999999994,0.0678,-4.157612,0.08818,0.5094339622641509,0.00,0.015774286630330234,0.00,0.00,-0.05257492099871514,-0.0029134284821335553,0,8.340283569641368,0.3472583949716984,10.05832241153342,0,2.2954077126876653,0.5330069104420598,-0.34675663052543787,-0.012812767257177764,0.3587688361654377,0.5595,4.666388657214346,0.00,,8.818,0.351,100000000,-0.9,6.78,-18.77,16.16,-15.14,55.95,3.56,287.97,2,Rubber/Plastic Products,,-0.6,11.99,2.46,0.5094339622641509
VVM GR Equity     ,Frankfurt,VIVA MEDIA AG,Television,-9.220000000000002,-9.8730995066779,332.0183,332.3483,318.0983,14.25,68.86,0.33,82.78,113.84,-30.72,-27.63,5.129999999999999,-27.63,12.31,-18.409999999999997,0,-28.209999999999997,0.12064,0.7677793904208999,0.00,0.04287670495080011,0.00,0.00,-0.3713984539704849,-0.24270906535488404,0,4.0108516549891275,2.916534609978918,62.007465886939585,0,3.9988966430032487,2.7942577301475753,-0.34078279777724085,-0.40124891083357533,0.0009929342199132658,0.0009939211182034243,0.003986470161874849,0.00,,12.064,0.529,332018300,-27.63,-25.14,-2.04,32.76,-42.28,0.33,0.58,113.84,-12.31,Television,,,82.78,14.25,0.7677793904208999
VKL GR Equity     ,Frankfurt,VK MUEHLEN AG,Food-Misc/Diversified,-1.6613480000000003,-1.0239301416707374,135.142,213.582,210.97199999999998,2.61,161.14999999999998,78.44,85.32,441.09,-1.6999999999999993,11.16,26.509999999999998,7.808652,11.17,9.47,0.3003,3.91,0.1769,0.41654571843251087,-0.2291,0.012220130909908138,1.0127877237851661,1.212757336349475,0.008864404089868282,0.017703081003876762,34.56317135549872,1.5839428035630567,0.3063819175225011,7.958204451150509,18.904301075268815,1.30423790913532,0.47829694620145546,0.04582747304266292,0.04845579894508223,0.36725941324643463,0.5804265143330719,0.9193624003750587,2.7487684729064044,-22.91,17.69,0.287,135142000,11.16,30.03,-13.65,15.35,3.91,78.44,4.06,441.09,-11.17,Food-Misc/Diversified,,-3.96,85.32,2.61,0.41654571843251087
VOE GR Equity     ,Frankfurt,VOGT ELECTRONIC AG,Electronic Compo-Misc,9.149999999999999,-34.87289627080554,15.8264,132.2464,115.98639999999999,16.26,126.12999999999998,116.42,25.97,534.7,-51.730000000000004,-27.35,32.18,-27.35,15.23,-36.5,0,-41.53,0.6961700000000001,1.921625544267054,0.00,0.12295230720836259,0.00,0.00,-0.029025621844024685,-0.05115017766972134,0,0.6094108586830959,0.029598653450533006,3.6043008079552514,0,0.9287618512535993,0.2169186459697026,-1,-0.2168397684928249,0.8803264209838605,7.356063286660264,4.4828648440508285,0.00,,69.617,1.324,15826400,-27.35,-2.3,-7.8,59.53,-15.52,116.42,14.18,534.7,-15.23,Electronic Compo-Misc,,0,25.97,16.26,1.921625544267054
VOW GR Equity     ,Xetra,VOLKSWAGEN AG,Auto-Cars/Light Trucks,2921.2345,1218.9266492442434,13244.27,74327.27,64106.270000000004,10221,74727,61083,23865,88963,-1064,1523,10079,992.2344999999999,-865,-1929,0.34850000000000003,677,0.18169000000000002,1.455732946298984,-0.022099999999999998,0.13751345905748993,0.6750369276218612,-1.9440968843554625,0.007609905241504895,0.011153339028584916,19.563175775480058,0.5549662685941756,0.1488739138743073,6.360379998015676,42.092101116218,0.8749737486462307,0.7205947416341626,0.028367902786507436,0.013278125710921084,0.82181142937175,4.612032222236484,2.5595223130106852,2.3075757575757576,-2.21,18.169,1.003,13244270000,1523,34.85,-7492,8556,677,61083,660,88963,865,Auto-Cars/Light Trucks,10.502,-457,23865,10221,1.455732946298984
VOS GR Equity     ,Xetra,VOSSLOH AG,Electric Products-Misc,-3.312359999999998,23.75603515931565,571.1151,882.9150999999999,742.9150999999999,140,497.1,311.8,325.3,922.2,12.799999999999997,96.4,120.9,62.18764,52.7,65.5,0.3549,57.2,0.21369,0.6371552975326561,0.2611,0.15856564238169674,0.33216783216783213,1.0532639604911844,0.06202559097809586,0.06743400563869009,9.984529720279719,1.7556566246541652,0.6192963565387117,6.144872622001653,7.706588174273858,1.3858344059017422,0.8055900021687269,0.1758376882877344,0.12510086501709916,0.3531483378186646,0.5459494942438048,0.958499846295727,5.385474860335196,26.11,21.369,0.439,571115100,96.4,35.49,-37.3,24.5,57.2,311.8,17.9,922.2,-52.7,Electric Products-Misc,2.68,-19,325.3,140,0.6371552975326561
VSM GR Equity     ,Frankfurt,VSM VEREINIGTE SCHMIRGEL-UN,Chemicals-Diversified,7.230312,7.197292490118577,72.1875,73.9375,61.0375,12.9,32.64,1.75,43.79,102.32,1.2499999999999998,13.32,14.85,7.680312,-0.8,0.44999999999999973,0.42340000000000005,7.63,0.78399,0.6095791001451379,0.1373,0.17447168216398987,0.28571428571428575,0.058591369725604865,0.07456997654417515,0.07506168881939015,9.461009174311927,1.648492806576844,0.7055072322126662,4.110269360269361,4.582394894894895,1.6235726833552921,0.596535379202502,0.17424069422242522,0.23530367647058822,0.023668639053254437,0.024242424242424242,0.03996346197762046,78.35294117647058,13.73,78.399,0.42,72187500,13.32,42.34,-2.78,1.53,7.63,1.75,0.17,102.32,0.8,Chemicals-Diversified,,-2.18,43.79,12.9,0.6095791001451379
WAT GR Equity     ,Frankfurt,WALTER AG,Mach Tools&Rel Products,25.54018,19.356201212986086,385.35,424.13,416.90999999999997,7.22,132.93,38.78,101.37,256.72,0.17999999999999972,18.2,29.79,12.01018,-13.71,-13.530000000000001,0.34009999999999996,9.57,0.75173,0.12481857764876633,-0.087,0.01702308254544597,0.008359456635318703,-1.126544314906188,0.03727796821439701,0.046783187909005916,40.26645768025079,3.801420538620894,1.5010517295107508,13.99496475327291,22.907142857142855,3.0262575811630397,1.6239872234340913,0.09440662918023084,0.09034965771458663,0.0914342300709688,0.10063578564940963,0.38255894248791555,5.069637883008356,-8.7,75.173,0.086,385350000,18.2,34.01,-11.77,11.59,9.57,38.78,3.59,256.72,13.71,Mach Tools&Rel Products,,-0.08,101.37,7.22,0.12481857764876633
WAN GR Equity     ,Frankfurt,WANDERER-WERKE AG,Machinery-General Indust,51.654844000000004,0.00,80.693,355.203,330.563,24.64,241.01,274.51,-8.86,444.78,-9.290000000000001,30.34,49,21.134844,-21.23,-30.520000000000003,0.3034,4.64,0.45237,0.6153846153846154,0.00,0.06936878348437372,0.2801724137931035,-1.4440608125614744,0.01043212374657134,0.04751752326993121,17.39073275862069,0,0.181422276181483,6.746183673469387,10.895286750164798,0,0.7432056297495391,0.00,0.08769280942699474,0.7728256799632887,3.4019059893671075,0.00,1.4635793535938253,,45.237,0.424,80693000,30.34,30.34,-9.37,18.66,4.64,274.51,20.73,444.78,21.23,Machinery-General Indust,,-1.3,-8.86,24.64,0.6153846153846154
WPM GR Equity     ,Xetra,WAPME SYSTEMS AG,Internet Applic Sftwr,-0.62,-0.7302275077559462,22.00711,22.017110000000002,20.677110000000003,1.34,8.33,0.01,9.66,66.32,-1.32,-0.84,0.65,-0.84,1.1,-0.21999999999999997,0,-0.95,0.85399,1.4687953555878086,0.00,0.06086175706075865,0.00,0.00,-0.05398069963811822,-0.012665862484921592,0,2.2781687370600414,0.3318321773220748,31.810938461538463,0,2.276846949327818,0.31177789505428233,-0.09834368530020704,-0.10084033613445377,0.0004541922168713332,0.0004543986011793461,0.0010351966873706005,0.00,,85.399,1.012,22007110,-0.84,-18.78,-0.17,1.49,-3.58,0.01,0.11,66.32,-1.1,Internet Applic Sftwr,,,9.66,1.34,1.4687953555878086
MSH GR Equity     ,Frankfurt,WASGAU PRODUKTIONS & HAN-REG,Food-Retail,8.399172,3.21990231990232,33.66,117.22,108.67,8.55,122.49,83.56,47.48,470.71,-6.9799999999999995,7.54,18.74,4.839172,3.42,-3.5599999999999996,0.3582,1.93,0.28898,0.4223512336719884,0.00,0.07293977137007338,0,-0.7356630431817675,0.004100189076076565,0.010280580399821545,17.44041450777202,0.7089300758213984,0.07150899704701408,5.798826040554963,14.412466843501326,0.8945360195360196,0.23086401393639397,0.040648694187026116,0.03950666993223936,0.712847636922027,2.4824717765894238,1.7598989048020222,1.3937153419593344,,28.898,0.291,33660000,7.54,35.82,-4.22,11.2,1.93,83.56,5.41,470.71,-3.42,Food-Retail,,,47.48,8.55,0.4223512336719884
WSU GR Equity     ,Frankfurt,WASHTEC AG,Machinery-General Indust,12.209999999999999,-13.471801944532485,36.1,123.53,119.76,3.77,90.88000000000001,87.43,7.22,211.8,-6.48,-10.83,-0.1999999999999993,-8.169069,-16.56,-23.04,0.2457,-15.229316999999998,0.41025,0.6937590711175617,0.00,0.030518902290941473,0.00,0.00,-0.0852219074598678,-0.03856973087818697,0,5,0.1704438149197356,0,0,1.3051241415742207,0.5654390934844192,-1,-0.08988852332746479,0.7077632963652555,2.4218836565096953,12.109418282548479,0.00,,41.025,0.478,36100000,-10.83,24.57,-4.15,10.63,-18.05,87.43,9.36,211.8,16.56,Machinery-General Indust,,0,7.22,3.77,0.6937590711175617
WLT GR Equity     ,Xetra,WAVELIGHT LASER TECHNOLOGIE,Medical Laser Systems,-7.527654999999999,-3.3341370418124887,89.42905,113.49905000000001,109.97905000000002,3.52,50.769999999999996,24.07,30.22,62.04,0.6800000000000002,5.15,7.61,2.4323449999999998,9.28,9.959999999999999,0.5277000000000001,2.21,0.28531,1.177068214804064,0.00,0.031013475443186524,0,4.094813852475697,0.03562217923920052,0.03920607672469374,40.4656334841629,2.9592670416942424,1.4414740490006448,14.451911957950067,21.355155339805826,2.0906069257690185,1.7727119600257901,0.07313037723362012,0.0479090998621233,0.21207225963565332,0.2691519142828868,0.7964923891462607,3.9615384615384617,,28.531,0.811,89429050,5.15,52.77,-3.14,2.46,2.21,24.07,1.3,62.04,-9.28,Medical Laser Systems,,,30.22,3.52,1.177068214804064
WE2 GR Equity     ,Xetra,WEB.DE AG,Web Portals/ISP,2.0300000000000007,1.6876242168148043,341.1554,351.30539999999996,335.1654,16.14,121.11999999999999,10.15,127.11,42.97,1.4799999999999995,-2.6,4.43,-2.6,-6.11,-4.630000000000001,0,-2.6,0.61442,1.2917271407837447,0.00,0.04594293170557584,0.00,0.00,-0.05655108215033745,-0.060507330695834305,0,2.6839383211391707,7.939385617872935,75.65810383747178,0,2.5594157074165818,7.799986036769839,-0.020454724254582647,-0.021466314398943198,0.028892240198983565,0.029751837432442814,0.0798520966092361,0.00,,61.442,0.89,341155400,-2.6,0,-8.51,7.03,-2.43,10.15,,42.97,6.11,Web Portals/ISP,,,127.11,16.14,1.2917271407837447
WEO GR Equity     ,Frankfurt,WEBER & OTT AG,Apparel Manufacturers,2.193676,1.823878274905422,20,23.29,22.5,0.79,15.07,3.29,12.57,59.69,-1.24,4.49,5.73,0.9536759999999997,0,-1.24,0.7876000000000001,0.8411039999999996,0.18937,0.486211901306241,0.00,0.03392013739802491,0.00,-1.300231944601731,0,0.01597714860110571,0,1.5910898965791567,0.3350644999162339,3.926701570680628,5.011135857461024,1.4684741488020177,0.3769475624057631,0.06691360381861572,0.06328307896483078,0.14126234435379992,0.1645,0.2617342879872713,8.471698113207546,,18.937,0.335,20000000,4.49,78.76,,1.24,,3.29,0.53,59.69,,Apparel Manufacturers,,,12.57,0.79,0.486211901306241
WDO GR Equity     ,Frankfurt,WEDECO AG,Water Treatment Systems,4.399999999999999,-0.6976558785578764,213.5788,254.5288,252.7488,1.78,103.62,40.95,64.45,125.9,-1.3599999999999994,-7.74,-0.15000000000000036,-5.693544,-10.78,-12.139999999999999,0.2644,-8.121024,0.12836,0.8476052249637156,0.00,0.006993314705447871,0.00,0.00,-0.064813343923749,-0.045222748212867356,0,3.313868114817688,1.6964162033359809,0,0,2.4148842504743833,2.0075361397934866,-0.12600502715283166,-0.0549463810075275,0.1608855265101631,0.19173251277748543,0.6353762606671839,0.00,,12.836,0.584,213578800,-7.74,26.44,-6.23,7.59,-8.16,40.95,3.3,125.9,10.78,Water Treatment Systems,,,64.45,1.78,0.8476052249637156
WAD GR Equity     ,Frankfurt,WELLA AG,Cosmetics&Toiletries,109.154817,94.85550517366374,5395.398,6257.578,6157.388000000001,100.19,1417.11,862.18,655.12,3311.64,-31.599999999999994,315.89,452.49,172.254817,94.7,63.10000000000001,0.4547,122.1,0.09167,0.5457184325108854,0.141,0.016010986998484078,0.3013923013923014,0.36631776747352157,0.0368699496322064,0.052014958449589935,44.18835380835381,8.235740017096104,1.629222379244121,13.607788017414752,19.49219031941499,4.124153430435642,1.859316833955382,0.18637806814018804,0.12155359640394889,0.13778174239298333,0.1597991473474246,1.3160642325070215,3.4820326278659612,14.1,9.167,0.376,5395398000,315.89,45.47,-105,136.6,122.1,862.18,90.72,3311.64,-94.7,Cosmetics&Toiletries,,-36.8,655.12,100.19,0.5457184325108854
WRU GR Equity     ,Frankfurt,WERU AG,Bldg Prod-Doors&Windows,5.720000000000001,0.20298853996130273,153.4645,178.9645,171.09449999999998,7.87,59.32,25.5,41.69,134.5,-5.86,-3.02,4.380000000000001,-3.02,-2.88,-8.74,0,-5.220000000000001,0.1445,0.37880986937590716,0.00,0.04397520178582904,0.00,0.00,-0.013011152416356878,-0.022453531598513012,0,3.681086591508755,1.1409999999999998,39.0626712328767,0,2.663558565262688,1.272078066914498,-0.12520988246581916,-0.050910316925151716,0.14248635902651086,0.16616220689475417,0.6116574718157832,0.00,,14.45,0.261,153464500,-3.02,-3.55,-1.54,7.4,-1.75,25.5,2.2,134.5,2.88,Bldg Prod-Doors&Windows,,,41.69,7.87,0.37880986937590716
WUG GR Equity     ,Frankfurt,WESTAG & GETALIT AG,Bldg Prod-Wood,-1.2066149999999984,-0.8496435643564344,67.5532,69.89320000000001,61.77320000000001,8.12,62.580000000000005,2.34,68.36,167.39,-6.860000000000001,2.91,13.540000000000001,1.5233850000000002,9.59,2.7299999999999986,0.4765,1.79,0.44283,0.5239477503628447,-0.046900000000000004,0.11617725329502725,0.1899441340782123,1.7920617572051702,0.010693589820180418,0.009100812473863434,37.73921787709497,0.9881977764774723,0.40356771611207365,4.562274741506648,21.22790378006873,0.9885884016973127,0.36903757691618383,0.026184903452311295,0.024343000958772773,0.03347965181162115,0.034639365714725576,0.0342305441778818,12.125000000000002,-4.69,44.283,0.361,67553200,2.91,47.65,-3.77,10.63,1.79,2.34,0.24,167.39,-9.59,Bldg Prod-Wood,,-0.34,68.36,8.12,0.5239477503628447
WET GR Equity     ,Frankfurt,W.E.T. AUTOMOTIVE SYSTEMS AG,Auto/Trk Prts&Equip-Orig,5.77952,142.63415140721418,186.912,204.732,200.922,3.81,195.51999999999998,17.82,181.51,97.95,-2.75,3.12,5.87,3.02952,0,-2.75,0.028999999999999998,140.13,0.20296,0.5471698113207548,0.0169,0.018609694625168514,0,-0.9077345586099448,1,0.03092924961715161,1.3338471419396276,1.0297614456503774,1.9082388973966309,34.22862010221465,64.39807692307691,1.0271007876385894,2.051271056661562,0.7720235799680458,0.015494680851063833,0.08704061895551257,0.09533898305084745,0.09817640901327751,1.3744493392070485,1.69,20.296,0.377,186912000,3.12,2.9,,2.75,140.13,17.82,2.27,97.95,,Auto/Trk Prts&Equip-Orig,,,181.51,3.81,0.5471698113207548
WIN GR Equity     ,Xetra,WINCOR NIXDORF AG,Computers,20.062064,28.767666300641512,1060.374,1385.454,1323.754,61.7,457.38999999999993,325.08,194.01,1575.95,0.9800000000000004,89.44,115.74,60.202064,39.16,40.14,0.32689999999999997,43.77,0.20242000000000002,0.00,0.00,0.044534138268033444,0,0.6667545484819258,0.0277737237856531,0.03820049113233288,24.22604523646333,5.465563630740684,0.6728474888162695,11.437307758769656,14.800469588550984,2.669005374790499,0.8399720803324978,0.22560692747796507,0.13162085747392818,0.23463788765271168,0.3065710777518121,1.6755837327972785,4.467532467532467,,20.242,,1060374000,89.44,32.69,-27.28,26.3,43.77,325.08,20.02,1575.95,-39.16,Computers,4.5,,194.01,61.7,0.00
WNT GR Equity     ,Frankfurt,WINDWELT AG,Power Conv/Supply Equip,6.0030399999999995,0.6770928979591841,125.04,161.99,152.47,9.52,49.28,36.95,21.85,8.2,-0.9799999999999995,0.8,5.609999999999999,0.7830400000000001,-4.24,-5.22,0.0212,-1.2626519999999999,1.1388,0.9346879535558782,0.00,0.05876905981850731,0.00,-6.666326113608499,-0.275609756097561,0.09549268292682929,0,5.722654462242563,15.248780487804881,27.17825311942959,190.58749999999998,2.7549319727891155,18.59390243902439,-0.057787276887871844,0.01588961038961039,0.2281005000308661,0.2955054382597569,1.6910755148741419,0.38277511961722493,,113.88,0.644,125040000,0.8,2.12,-3.83,4.81,-2.26,36.95,2.09,8.2,4.24,Power Conv/Supply Equip,,,21.85,9.52,0.9346879535558782
WDB GR Equity     ,Frankfurt,WINKLER + DUENNEBIER,Machinery-General Indust,-4.45,-5.820335584535488,50.7778,80.3978,72.7278,7.67,61.650000000000006,29.62,39.7,133.12,-9.9,-5.47,4.430000000000001,-4.502904,8.88,-1.0199999999999996,0.17679999999999998,-6.404496,0.2187,1.7953555878084182,0.00,0.09540062041498648,0.00,0.00,-0.09247295673076923,-0.03382590144230769,0,1.2790377833753148,0.3814438100961538,16.41711060948081,0,1.159806693594922,0.5463326322115385,-0.16132231738035263,-0.07303980535279805,0.368418041289687,0.5833257841025015,0.746095717884131,0.00,,21.87,1.237,50777800,-5.47,17.68,0,9.9,-12.31,29.62,2.31,133.12,-8.88,Machinery-General Indust,,,39.7,7.67,1.7953555878084182
IGP GR Equity     ,Frankfurt,WIRE CARD AG,Commercial Services,22.820000000000004,-0.32906220984215384,127.3538,127.49380000000001,127.0638,0.43,10.340000000000002,0.14,10.63,6.83,-0.26999999999999996,0.1,0.39,0.1,2.65,2.38,0,2.02,0.32354999999999995,0.5863570391872279,0.00,0.003372713026045188,0,23.799999999999997,0.2957540263543192,0.014641288433382138,63.04643564356436,11.9806020696143,18.64623718887262,200,200,11.83786443825441,18.603777452415812,0.19002822201317027,0.00967117988394584,0.0010980926131309915,0.0010992997460617588,0.01317027281279398,0.00,,32.355,0.404,127353800,0.1,-25100,-0.02,0.29,2.02,0.14,0,6.83,-2.65,Commercial Services,,,10.63,0.43,0.5863570391872279
WMF GR Equity     ,Stuttgart,WMF*WUERTTEMEB METALLW-AKT,Appliances,3.535036999999998,6.000000000000001,179.7088,179.7088,158.3988,21.31,206.04,0,227.35,581.56,4,12.99,30.950000000000003,8.915036999999998,1.38,5.38,0.31370000000000003,11.38,0.2728,0.7721335268505081,-0.0723,0.11858072615253121,0.9472759226713531,0.6034747808674267,0.019568058325882112,0.015329522319279178,15.791634446397186,0.7904499670112162,0.30901162390810927,5.117893376413569,12.193903002309469,0.7904499670112162,0.27236880115551276,0.05005498130635584,0.04326847699475829,0,0,0,16.2375,-7.23,27.28,0.532,179708800,12.99,31.37,-21.96,17.96,11.38,0,0.8,581.56,-1.38,Appliances,,-10.78,227.35,21.31,0.7721335268505081
WOM GR Equity     ,Frankfurt,W.O.M. WORLD OF MEDICINE AG,Medical Products,1.3800000000000001,0.6493358688524589,27.72,33.5,31.27,2.23,28.27,5.78,24.72,31.29,-0.33000000000000007,-1.32,1.18,-1.116192,-2.37,-2.7,0.15439999999999998,-1.5389920000000001,0.47142,0.8301886792452831,0.00,0.06656716417910448,0.00,0.00,-0.11888782358581017,-0.035672483221476516,0,1.1213592233009708,0.8859060402684563,26.5,0,1.098360655737705,0.9993608181527645,-0.0622569579288026,-0.03948326848249028,0.17253731343283582,0.20851370851370854,0.23381877022653724,0.00,,47.142,0.572,27720000,-1.32,15.44,-2.17,2.5,-3.72,5.78,0.5,31.29,2.37,Medical Products,,,24.72,2.23,0.8301886792452831
WHB GR Equity     ,Munich,WUERZBURGER HOFBRAEU AG,Brewery,3.3528399999999996,2.4862839614373353,42.6,49.57,48.74,0.83,21.990000000000002,6.97,15.85,28.42,-1.4499999999999997,3.12,6.4,1.9328400000000001,0.03,-1.4199999999999997,0.38049999999999995,1.5,0.34531,0.3149492017416546,0.344,0.016743998386120635,0.4066666666666667,-0.7346702261956497,0.05277973258268825,0.06800985221674877,28.400000000000002,2.687697160883281,1.4989444053483463,7.615625,15.621794871794872,2.172217353198948,1.7149894440534834,0.09463722397476342,0.0878963165075034,0.14060923945935042,0.1636150234741784,0.43974763406940065,6,34.4,34.531,0.217,42600000,3.12,38.05,-1.83,3.28,1.5,6.97,0.52,28.42,-0.03,Brewery,,-0.61,15.85,0.83,0.3149492017416546
ZPF GR Equity     ,Xetra,ZAPF CREATION AG,Toys,-7.212927999999999,-2.6214233907524926,86.64,159.93,142.89000000000001,17.04,104.29000000000002,73.29,48.04,173.77,1.5600000000000005,7.58,14.75,1.8070720000000005,7.46,9.02,0.7615999999999999,0.95,0.47033,0.6502177068214805,-0.3868,0.10654661414368785,7.821052631578947,4.991500061978713,0.005466996604707371,0.010399217356275539,91.2,1.803497085761865,0.4985900903493123,9.687457627118645,18.850923482849606,1.3181406082584686,0.8222938366806699,0.019775187343880098,0.01732737558730463,0.45826299005815047,0.8459141274238228,1.5256036636136554,1.9739583333333335,-38.68,47.033,0.448,86640000,7.58,76.16,-8.73,7.17,0.95,73.29,3.84,173.77,-7.46,Toys,0.267,-7.43,48.04,17.04,0.6502177068214805
WPC GR Equity     ,Frankfurt,ZEAG ZEMENTWERK LAUFFEN-ELEK,Electric-Integrated,19.341468,18.829428,336.242,336.242,330.392,5.85,69.84,0,75.69,83.11,-5.67,16.02,21.689999999999998,13.671467999999999,0,-5.67,0.1466,13.159427999999998,0.36124,0.35558780841799714,0.16820000000000002,0.017398183451204786,0.00,-0.4147323462264623,0,0.1644984719047046,0,4.442356982428326,4.045746600890387,15.23245735361918,20.623720349563047,4.442356982428326,3.975357959331007,0.1738595323028141,0.19575412371134018,0,0,0,26.7,16.82,36.124,0.245,336242000,16.02,14.66,,5.67,,0,0.6,83.11,,Electric-Integrated,,,75.69,5.85,0.35558780841799714
ZOO GR Equity     ,Berlin,ZOOLOGISCHER GARTEN BERLIN,Leisure&Rec Products,-3.06,-3.06,19.855,19.855,4.225,15.63,-13.790000000000001,0,1.84,9.52,0,-3.06,-3.06,-3.06,0,0,0,-3.06,0.38500999999999996,0.7285921625544267,0.00,0.7872072525812138,0.00,0.00,0,-0.32142857142857145,0,10.790760869565217,2.085609243697479,0,0,10.790760869565217,0.44380252100840334,-1,0.00,0,0,0,0.00,,38.501,0.502,19855000,-3.06,-1.58,,,,0,0,9.52,,Leisure&Rec Products,,,1.84,15.63,0.7285921625544267
,,,,,,,,,,,,,,,,,,,,,,,,,,,,,,,,,,,,,,,,,,,,,,,,,,,,,,,,,,,,,
,,,,,,,,,,,,,,,,,,,,,,,,,,,,,,0.01,0.25,0.01,,,,,,,,,,,,,,,,,,,,,,,,,,,,,
,,,,,,,,,,,,,,,,,,,,,,,,,,,,,,4,0.5,2,,,,,,,,,,,,,,,,,,,,,,,,,,,,,
,,,,,,,,,,,,,,,,,,,,,,,,,,,,,,8,0.75,4,,,,,,,,,,,,,,,,,,,,,,,,,,,,,
,,,,,,,,,,,,,,,,,,,,,,,,,,,,,,12,1,6,,,,,,,,,,,,,,,,,,,,,,,,,,,,,
,,,,,,,,,,,,,,,,,,,,,,,,,,,,,,16,1.25,8,,,,,,,,,,,,,,,,,,,,,,,,,,,,,
,,,,,,,,,,,,,,,,,,,,,,,,,,,,,,20,1.5,10,,,,,,,,,,,,,,,,,,,,,,,,,,,,,
,,,,,,,,,,,,,,,,,,,,,,,,,,,,,,24,1.75,12,,,,,,,,,,,,,,,,,,,,,,,,,,,,,
,,,,,,,,,,,,,,,,,,,,,,,,,,,,,,28,2,14,,,,,,,,,,,,,,,,,,,,,,,,,,,,,
,,,,,,,,,,,,,,,,,,,,,,,,,,,,,,32,3,16,,,,,,,,,,,,,,,,,,,,,,,,,,,,,
,,,,,,,,,,,,,,,,,,,,,,,,,,,,,,36,4,18,,,,,,,,,,,,,,,,,,,,,,,,,,,,,
,,,,,,,,,,,,,,,,,,,,,,,,,,,,,,40,,20,,,,,,,,,,,,,,,,,,,,,,,,,,,,,
