Mature Market ERP +,0.0433,"Updated January 1, 2025"
Changing this number will update all your country equity risk premiums.,,
Country,Moody's rating,Adj. Default Spread
Abu Dhabi,Aa2,0.0049
Albania,Ba3,0.0356
Algeria,NR,0.0298
Andorra (Principality of),Baa1,0.0158
Angola,B3,0.0644
Anguilla,NR,0.0601
Antigua & Barbuda,NR,0.0601
Argentina,Ca,0.1188
Armenia,Ba3,0.0356
Aruba,Baa3,0.0218
Australia,Aaa,0
Austria,Aa1,0.004
Azerbaijan,Ba1,0.0248
Bahamas,B1,0.0446
Bahrain,B2,0.0545
Bangladesh,B2,0.0545
Barbados,B3,0.0644
Belarus,C,0.175
Belgium,Aa3,0.0059
Belize,Caa1,0.0743
Benin,B1,0.0446
Bermuda,A2,0.0084
Bolivia,Caa3,0.0991
Bosnia and Herzegovina,B3,0.0644
Botswana,A3,0.0119
Brazil,Ba1,0.0248
British Virgin Islands,NR,0.0601
Brunei,NR,0.0059
Bulgaria,Baa1,0.0158
Burkina Faso,Caa1,0.0743
Cambodia,B2,0.0545
Cameroon,Caa1,0.0743
Canada,Aaa,0
Cape Verde,B2,0.0545
Cayman Islands,Aa3,0.0059
Channel Islands,NR,0.0083
Chile,A2,0.0084
China,A1,0.007
Colombia,Baa2,0.0189
Congo (Democratic Republic of),B3,0.0644
Congo (Republic of),Caa2,0.0892
Cook Islands,B1,0.0446
Costa Rica,Ba3,0.0356
Croatia,A3,0.0119
Cuba,Ca,0.1188
Curaçao,Baa3,0.0218
Cyprus,A3,0.0119
Czech Republic,Aa3,0.0059
Denmark,Aaa,0
Dominican Republic,Ba3,0.0356
Ecuador,Caa3,0.0991
Egypt,Caa1,0.0743
El Salvador,B3,0.0644
Estonia,A1,0.007
Ethiopia,Caa2,0.0892
Falkland Islands,NR,0.0358
Fiji,B1,0.0446
Finland,Aa1,0.004
France,Aa3,0.0059
French Guiana,NR,0.0358
Gabon,Caa2,0.0892
Gambia,NR,0.0446
Georgia,Ba2,0.0298
Germany,Aaa,0
Ghana,Caa2,0.0892
Gibraltar,NR,0.0083
Greece,Ba1,0.0248
Greenland,NR,0.0083
Guatemala,Ba1,0.0248
Guernsey (States of),A1,0.007
Guinea,NR,0.0892
Guinea-Bissau,NR,0.0644
Guyana,NR,0.0158
Haiti,NR,0.1188
Honduras,B1,0.0446
Hong Kong,Aa3,0.0059
Hungary,Baa2,0.0189
Iceland,A1,0.007
India,Baa3,0.0218
Indonesia,Baa2,0.0189
Iran,NR,0.0644
Iraq,Caa1,0.0743
Ireland,Aa3,0.0059
Isle of Man,Aa3,0.0059
Israel,Baa1,0.0158
Italy,Baa3,0.0218
Ivory Coast,Ba2,0.0298
Jamaica,B1,0.0446
Japan,A1,0.007
Jersey (States of),Aa2,0.0049
Jordan,Ba3,0.0356
Kazakhstan,Baa1,0.0158
Kenya,Caa1,0.0743
"Korea, D.P.R.",NR,0.1188
Kuwait,A1,0.007
Kyrgyzstan,B3,0.0644
Laos,Caa3,0.0991
Latvia,A3,0.0119
Lebanon,C,0.175
Liberia,NR,0.0892
Libya,NR,0.0158
Liechtenstein,Aaa,0
Lithuania,A2,0.0084
Luxembourg,Aaa,0
Macau,Aa3,0.0059
Macedonia,Ba3,0.0356
Madagascar,NR,0.0545
Malawi,NR,0.0892
Malaysia,A3,0.0119
Maldives,Caa2,0.0892
Mali,Caa2,0.0892
Malta,A2,0.0084
Martinique,NR,0.0601
Mauritius,Baa3,0.0218
Mexico,Baa2,0.0189
Moldova,B3,0.0644
Monaco,Aaa,0
Mongolia,B2,0.0545
Montenegro,B1,0.0446
Montserrat,Baa3,0.0218
Morocco,Ba1,0.0248
Mozambique,Caa2,0.0892
Myanmar,NR,0.0991
Namibia,B1,0.0446
Nepal,Ba3,0.0356
Netherlands,Aaa,0
Netherlands Antilles,NR,0.0601
New Zealand,Aaa,0
Nicaragua,B2,0.0545
Niger,Caa3,0.0991
Nigeria,Caa1,0.0743
Norway,Aaa,0
Oman,Ba1,0.0248
Pakistan,Caa2,0.0892
Palestinian Authority,NR,0.175
Panama,Baa3,0.0218
Papua New Guinea,B2,0.0545
Paraguay,Baa3,0.0218
Peru,Baa1,0.0158
Philippines,Baa2,0.0189
Poland,A2,0.0084
Portugal,A3,0.0119
Qatar,Aa2,0.0049
Ras Al Khaimah (Emirate of),A3,0.0119
Reunion,NR,0.0107
Romania,Baa3,0.0218
Russia,NR,0.0298
Rwanda,B2,0.0545
Saint Lucia,NR,0.0601
Saudi Arabia,Aa3,0.0059
Senegal,B1,0.0446
Serbia,Ba2,0.0298
Sharjah,Ba1,0.0248
Sierra Leone,NR,0.0892
Singapore,Aaa,0
Slovakia,A3,0.0119
Slovenia,A3,0.0119
Solomon Islands,Caa1,0.0743
Somalia,NR,0.0991
South Africa,Ba2,0.0298
South Korea,Aa2,0.0049
Spain,Baa1,0.0158
Sri Lanka,Ca,0.1188
St. Maarten,Ba2,0.0298
St. Vincent & the Grenadines,B3,0.0644
Sudan,NR,0.175
Suriname,Caa1,0.0743
Swaziland,B2,0.0545
Sweden,Aaa,0
Switzerland,Aaa,0
Syria,NR,0.175
Taiwan,Aa3,0.0059
Tajikistan,B3,0.0644
Tanzania,B1,0.0446
Thailand,Baa1,0.0158
Togo,B3,0.0644
Trinidad &' Tobago,Ba2,0.0298
Tunisia,Caa2,0.0892
Turkey,B1,0.0446
Turks & Caicos Islands,Baa1,0.0158
Uganda,B3,0.0644
Ukraine,Ca,0.1188
United Arab Emirates,Aa2,0.0049
United Kingdom,Aa3,0.0059
United States,Aaa,0
Uruguay,Baa1,0.0158
Uzbekistan,Ba3,0.0356
Venezuela,C,0.175
Vietnam,Ba2,0.0298
Yemen,NR,0.1188
Zambia,Caa2,0.0892
Zimbabwe,NR,0.0892
Region,ERP,Weighted Average: Default Spreads
Africa,0.1264,0.0616
Asia,0.0587,0.0107
Australia & New Zealand,0.0433,0
Caribbean,0.1243,0.0601
Central and South America,0.0915,0.0358
Eastern Europe,0.0773,0.0252
Middle East,0.0643,0.0156
North America,0.0433,0
Western Europe,0.0545,0.0083
Global,0.0576,0.0104
,ERP,Default Spread
Africa & Mid East,0.0989,0.0353
"Australia, NZ & Canada",0.0433,0
Latin America & Caribbean,0.0932,0.0371
Japan,0.0499,0.0049
US,0.0433,0
Europe,0.0545,0.0083
Emerging Markets,0.0679,0.0185
"Small Asia (No India, China & Japan)",0.0608,0.013
India,0.0726,0.0218
China,0.0527,0.007
Global,0.0576,0.0104
For other regional groupings,,
,ERP,Default Spread
EMEA,0.0617,0.0137
Mature Market ERP +,0.046,"Updated January 1, 2024"
Changing this number will update all your country equity risk premiums.,,
Country,Moody's rating,Adj. Default Spread
Abu Dhabi,Aa2,0.005377876270766179
Albania,B1,0.04904110980246301
Algeria,NR,0.04904110980246301
Andorra (Principality of),Baa2,0.020743237044383835
Angola,B3,0.07080870423175468
Anguilla,NR,0.1054310997313879
Antigua & Barbuda,NR,0.1054310997313879
Argentina,Ca,0.13073361124886354
Armenia,Ba3,0.03918166997272502
Aruba,Baa2,0.020743237044383835
Australia,Aaa,0
Austria,Aa1,0.004353518885858335
Azerbaijan,Ba1,0.027273515373171343
Bahamas,B1,0.04904110980246301
Bahrain,B2,0.059924907017108855
Bangladesh,B1,0.04904110980246301
Barbados,B3,0.07080870423175468
Belarus,C,0.175
Belgium,Aa3,0.006530278328787503
Belize,Caa2,0.09808221960492602
Benin,B1,0.04904110980246301
Bermuda,A2,0.009219216464170593
Bolivia,Caa1,0.08169250144640053
Bosnia and Herzegovina,B3,0.07080870423175468
Botswana,A3,0.013060556657575006
Brazil,Ba2,0.032779436317051
British Virgin Islands,Ba2,0.032779436317051
Brunei,NR,0.006530278328787503
Bulgaria,Baa1,0.01741407554343334
Burkina Faso,Caa1,0.08169250144640053
Cambodia,B2,0.059924907017108855
Cameroon,Caa1,0.08169250144640053
Canada,Aaa,0
Cape Verde,B3,0.07080870423175468
Cayman Islands,Aa3,0.006530278328787503
Channel Islands,NR,0.009588220147283357
Chile,A2,0.009219216464170593
China,A1,0.007682680386808828
Colombia,Baa2,0.020743237044383835
Congo (Democratic Republic of),B3,0.07080870423175468
Congo (Republic of),Caa2,0.09808221960492602
Cook Islands,B1,0.04904110980246301
Costa Rica,B1,0.04904110980246301
Croatia,Baa2,0.020743237044383835
Cuba,Ca,0.13073361124886354
Curaçao,Baa2,0.020743237044383835
Cyprus,Baa2,0.020743237044383835
Czech Republic,Aa3,0.006530278328787503
Denmark,Aaa,0
Dominican Republic,Ba3,0.03918166997272502
Ecuador,Caa3,0.10896601681957188
Egypt,Caa1,0.08169250144640053
El Salvador,Caa3,0.10896601681957188
Estonia,A1,0.007682680386808828
Ethiopia,Caa2,0.09808221960492602
Falkland Islands,NR,0.04291508619362226
Fiji,B1,0.04904110980246301
Finland,Aa1,0.004353518885858335
France,Aa2,0.005377876270766179
French Guiana,NR,0.04291508619362226
Gabon,Caa1,0.08169250144640053
Gambia,NR,0.04904110980246301
Georgia,Ba2,0.032779436317051
Germany,Aaa,0
Ghana,Caa3,0.10896601681957188
Gibraltar,NR,0.009588220147283357
Greece,Ba1,0.027273515373171343
Greenland,NR,0
Guatemala,Ba1,0.027273515373171343
Guernsey (States of),A1,0.007682680386808828
Guinea,NR,0.09808221960492602
Guinea-Bissau,NR,0.05992490701710884
Guyana,NR,0.017414075543433345
Haiti,NR,0.10896601681957191
Honduras,B1,0.04904110980246301
Hong Kong,Aa3,0.006530278328787503
Hungary,Baa2,0.020743237044383835
Iceland,A2,0.009219216464170593
India,Baa3,0.023944353872220846
Indonesia,Baa2,0.020743237044383835
Iran,NR,0.07080870423175468
Iraq,Caa1,0.08169250144640053
Ireland,Aa3,0.006530278328787503
Isle of Man,Aa3,0.006530278328787503
Israel,A1,0.007682680386808828
Italy,Baa3,0.023944353872220846
Ivory Coast,Ba3,0.03918166997272502
Jamaica,B1,0.04904110980246301
Japan,A1,0.007682680386808828
Jersey (States of),Aa3,0.006530278328787503
Jordan,B1,0.04904110980246301
Kazakhstan,Baa2,0.020743237044383835
Kenya,B3,0.07080870423175468
"Korea, D.P.R.",NR,0.175
Kuwait,A1,0.007682680386808828
Kyrgyzstan,B3,0.07080870423175468
Laos,Caa3,0.10896601681957188
Latvia,A3,0.013060556657575006
Lebanon,C,0.175
Liberia,NR,0.13073361124886354
Libya,NR,0.020743237044383835
Liechtenstein,Aaa,0
Lithuania,A2,0.009219216464170593
Luxembourg,Aaa,0
Macau,Aa3,0.006530278328787503
Macedonia,Ba3,0.03918166997272502
Madagascar,NR,0.07080870423175468
Malawi,NR,0.13073361124886354
Malaysia,A3,0.013060556657575006
Maldives,Caa1,0.08169250144640053
Mali,Caa2,0.09808221960492602
Malta,A2,0.009219216464170593
Martinique,NR,0
Mauritius,Baa3,0.023944353872220846
Mexico,Baa2,0.020743237044383835
Monaco,NR,0.009588220147283357
Moldova,B3,0.07080870423175468
Mongolia,B3,0.07080870423175468
Montenegro,B1,0.04904110980246301
Montserrat,Baa3,0.023944353872220846
Morocco,Ba1,0.027273515373171343
Mozambique,Caa2,0.09808221960492602
Myanmar,NR,0.10896601681957191
Namibia,B1,0.04904110980246301
Netherlands,Aaa,0
Netherlands Antilles,NR,0.1054310997313879
New Zealand,Aaa,0
Nicaragua,B3,0.07080870423175468
Niger,Caa2,0.09808221960492602
Nigeria,Caa1,0.08169250144640053
Norway,Aaa,0
Oman,Ba1,0.027273515373171343
Pakistan,Caa3,0.10896601681957188
Palestinian Authority,NR,0.016082653627874467
Panama,Baa2,0.020743237044383835
Papua New Guinea,B2,0.059924907017108855
Paraguay,Ba1,0.027273515373171343
Peru,Baa1,0.01741407554343334
Philippines,Baa2,0.020743237044383835
Poland,A2,0.009219216464170593
Portugal,A3,0.013060556657575006
Qatar,Aa3,0.006530278328787503
Ras Al Khaimah (Emirate of),A3,0.013060556657575006
Reunion,NR,0.012518555898193178
Romania,Baa3,0.023944353872220846
Russia,NR,0.04904110980246301
Rwanda,B2,0.059924907017108855
Saint Lucia,NR,0.1054310997313879
Saudi Arabia,A1,0.007682680386808828
Senegal,Ba3,0.03918166997272502
Serbia,Ba2,0.032779436317051
Sharjah,Ba1,0.027273515373171343
Sierra Leone,NR,0.10896601681957191
Singapore,Aaa,0
Slovakia,A2,0.009219216464170593
Slovenia,A3,0.013060556657575006
Solomon Islands,Caa1,0.08169250144640053
Somalia,NR,0.13073361124886354
South Africa,Ba2,0.032779436317051
South Korea,Aa2,0.005377876270766179
Spain,Baa1,0.01741407554343334
Sri Lanka,Ca,0.13073361124886354
St. Maarten,Ba2,0.032779436317051
St. Vincent & the Grenadines,B3,0.07080870423175468
Sudan,NR,0.175
Suriname,Caa3,0.10896601681957188
Swaziland,B3,0.07080870423175468
Sweden,Aaa,0
Switzerland,Aaa,0
Syria,NR,0.175
Taiwan,Aa3,0.006530278328787503
Tajikistan,B3,0.07080870423175468
Tanzania,B2,0.059924907017108855
Thailand,Baa1,0.01741407554343334
Togo,B3,0.07080870423175468
Trinidad &' Tobago,Ba2,0.032779436317051
Tunisia,Caa2,0.09808221960492602
Turkey,B3,0.07080870423175468
Turks & Caicos Islands,Baa1,0.01741407554343334
Uganda,B2,0.059924907017108855
Ukraine,Ca,0.13073361124886354
United Arab Emirates,Aa2,0.005377876270766179
United Kingdom,Aa3,0.006530278328787503
United States,Aaa,0
Uruguay,Baa2,0.020743237044383835
Uzbekistan,Ba3,0.03918166997272502
Venezuela,C,0.175
Vietnam,Ba2,0.032779436317051
Yemen,NR,0.10896601681957191
Zambia,Caa3,0.10896601681957188
Zimbabwe,NR,0.09808221960492602
Region,ERP,Default Spread
Africa,0.13493852306889545,0.06826267935109193
Asia,0.06010540500857857,0.012518555898193178
Australia & New Zealand,0.04334792361864193,3.5698901544265913e-05
Caribbean,0.1848348819700155,0.1054310997313879
Central and South America,0.10091091058162495,0.04291508619362226
Eastern Europe & Russia,0.09387938347719227,0.037670398345457844
Middle East,0.06488999089248985,0.016082653627874467
North America,0.0433,0
Western Europe,0.05617160629364337,0.009588220147283357
Global,0.061399999999999996,0.0135
Mature Market ERP +,0.046,"Updated January 1, 2024"
Changing this number will update all your country equity risk premiums.,,
Country,Moody's rating,Adj. Default Spread
Abu Dhabi,Aa2,0.005377876270766179
Albania,B1,0.04904110980246301
Algeria,NR,0.04904110980246301
Andorra (Principality of),Baa2,0.020743237044383835
Angola,B3,0.07080870423175468
Anguilla,NR,0.1054310997313879
Antigua & Barbuda,NR,0.1054310997313879
Argentina,Ca,0.13073361124886354
Armenia,Ba3,0.03918166997272502
Aruba,Baa2,0.020743237044383835
Australia,Aaa,0
Austria,Aa1,0.004353518885858335
Azerbaijan,Ba1,0.027273515373171343
Bahamas,B1,0.04904110980246301
Bahrain,B2,0.059924907017108855
Bangladesh,B1,0.04904110980246301
Barbados,B3,0.07080870423175468
Belarus,C,0.175
Belgium,Aa3,0.006530278328787503
Belize,Caa2,0.09808221960492602
Benin,B1,0.04904110980246301
Bermuda,A2,0.009219216464170593
Bolivia,Caa1,0.08169250144640053
Bosnia and Herzegovina,B3,0.07080870423175468
Botswana,A3,0.013060556657575006
Brazil,Ba2,0.032779436317051
British Virgin Islands,Ba2,0.032779436317051
Brunei,NR,0.006530278328787503
Bulgaria,Baa1,0.01741407554343334
Burkina Faso,Caa1,0.08169250144640053
Cambodia,B2,0.059924907017108855
Cameroon,Caa1,0.08169250144640053
Canada,Aaa,0
Cape Verde,B3,0.07080870423175468
Cayman Islands,Aa3,0.006530278328787503
Channel Islands,NR,0.009588220147283357
Chile,A2,0.009219216464170593
China,A1,0.007682680386808828
Colombia,Baa2,0.020743237044383835
Congo (Democratic Republic of),B3,0.07080870423175468
Congo (Republic of),Caa2,0.09808221960492602
Cook Islands,B1,0.04904110980246301
Costa Rica,B1,0.04904110980246301
Croatia,Baa2,0.020743237044383835
Cuba,Ca,0.13073361124886354
Curaçao,Baa2,0.020743237044383835
Cyprus,Baa2,0.020743237044383835
Czech Republic,Aa3,0.006530278328787503
Denmark,Aaa,0
Dominican Republic,Ba3,0.03918166997272502
Ecuador,Caa3,0.10896601681957188
Egypt,Caa1,0.08169250144640053
El Salvador,Caa3,0.10896601681957188
Estonia,A1,0.007682680386808828
Ethiopia,Caa2,0.09808221960492602
Falkland Islands,NR,0.04291508619362226
Fiji,B1,0.04904110980246301
Finland,Aa1,0.004353518885858335
France,Aa2,0.005377876270766179
French Guiana,NR,0.04291508619362226
Gabon,Caa1,0.08169250144640053
Gambia,NR,0.04904110980246301
Georgia,Ba2,0.032779436317051
Germany,Aaa,0
Ghana,Caa3,0.10896601681957188
Gibraltar,NR,0.009588220147283357
Greece,Ba1,0.027273515373171343
Greenland,NR,0
Guatemala,Ba1,0.027273515373171343
Guernsey (States of),A1,0.007682680386808828
Guinea,NR,0.09808221960492602
Guinea-Bissau,NR,0.05992490701710884
Guyana,NR,0.017414075543433345
Haiti,NR,0.10896601681957191
Honduras,B1,0.04904110980246301
Hong Kong,Aa3,0.006530278328787503
Hungary,Baa2,0.020743237044383835
Iceland,A2,0.009219216464170593
India,Baa3,0.023944353872220846
Indonesia,Baa2,0.020743237044383835
Iran,NR,0.07080870423175468
Iraq,Caa1,0.08169250144640053
Ireland,Aa3,0.006530278328787503
Isle of Man,Aa3,0.006530278328787503
Israel,A1,0.007682680386808828
Italy,Baa3,0.023944353872220846
Ivory Coast,Ba3,0.03918166997272502
Jamaica,B1,0.04904110980246301
Japan,A1,0.007682680386808828
Jersey (States of),Aa3,0.006530278328787503
Jordan,B1,0.04904110980246301
Kazakhstan,Baa2,0.020743237044383835
Kenya,B3,0.07080870423175468
"Korea, D.P.R.",NR,0.175
Kuwait,A1,0.007682680386808828
Kyrgyzstan,B3,0.07080870423175468
Laos,Caa3,0.10896601681957188
Latvia,A3,0.013060556657575006
Lebanon,C,0.175
Liberia,NR,0.13073361124886354
Libya,NR,0.020743237044383835
Liechtenstein,Aaa,0
Lithuania,A2,0.009219216464170593
Luxembourg,Aaa,0
Macau,Aa3,0.006530278328787503
Macedonia,Ba3,0.03918166997272502
Madagascar,NR,0.07080870423175468
Malawi,NR,0.13073361124886354
Malaysia,A3,0.013060556657575006
Maldives,Caa1,0.08169250144640053
Mali,Caa2,0.09808221960492602
Malta,A2,0.009219216464170593
Martinique,NR,0
Mauritius,Baa3,0.023944353872220846
Mexico,Baa2,0.020743237044383835
Monaco,NR,0.009588220147283357
Moldova,B3,0.07080870423175468
Mongolia,B3,0.07080870423175468
Montenegro,B1,0.04904110980246301
Montserrat,Baa3,0.023944353872220846
Morocco,Ba1,0.027273515373171343
Mozambique,Caa2,0.09808221960492602
Myanmar,NR,0.10896601681957191
Namibia,B1,0.04904110980246301
Netherlands,Aaa,0
Netherlands Antilles,NR,0.1054310997313879
New Zealand,Aaa,0
Nicaragua,B3,0.07080870423175468
Niger,Caa2,0.09808221960492602
Nigeria,Caa1,0.08169250144640053
Norway,Aaa,0
Oman,Ba1,0.027273515373171343
Pakistan,Caa3,0.10896601681957188
Palestinian Authority,NR,0.016082653627874467
Panama,Baa2,0.020743237044383835
Papua New Guinea,B2,0.059924907017108855
Paraguay,Ba1,0.027273515373171343
Peru,Baa1,0.01741407554343334
Philippines,Baa2,0.020743237044383835
Poland,A2,0.009219216464170593
Portugal,A3,0.013060556657575006
Qatar,Aa3,0.006530278328787503
Ras Al Khaimah (Emirate of),A3,0.013060556657575006
Reunion,NR,0.012518555898193178
Romania,Baa3,0.023944353872220846
Russia,NR,0.04904110980246301
Rwanda,B2,0.059924907017108855
Saint Lucia,NR,0.1054310997313879
Saudi Arabia,A1,0.007682680386808828
Senegal,Ba3,0.03918166997272502
Serbia,Ba2,0.032779436317051
Sharjah,Ba1,0.027273515373171343
Sierra Leone,NR,0.10896601681957191
Singapore,Aaa,0
Slovakia,A2,0.009219216464170593
Slovenia,A3,0.013060556657575006
Solomon Islands,Caa1,0.08169250144640053
Somalia,NR,0.13073361124886354
South Africa,Ba2,0.032779436317051
South Korea,Aa2,0.005377876270766179
Spain,Baa1,0.01741407554343334
Sri Lanka,Ca,0.13073361124886354
St. Maarten,Ba2,0.032779436317051
St. Vincent & the Grenadines,B3,0.07080870423175468
Sudan,NR,0.175
Suriname,Caa3,0.10896601681957188
Swaziland,B3,0.07080870423175468
Sweden,Aaa,0
Switzerland,Aaa,0
Syria,NR,0.175
Taiwan,Aa3,0.006530278328787503
Tajikistan,B3,0.07080870423175468
Tanzania,B2,0.059924907017108855
Thailand,Baa1,0.01741407554343334
Togo,B3,0.07080870423175468
Trinidad &' Tobago,Ba2,0.032779436317051
Tunisia,Caa2,0.09808221960492602
Turkey,B3,0.07080870423175468
Turks & Caicos Islands,Baa1,0.01741407554343334
Uganda,B2,0.059924907017108855
Ukraine,Ca,0.13073361124886354
United Arab Emirates,Aa2,0.005377876270766179
United Kingdom,Aa3,0.006530278328787503
United States,Aaa,0
Uruguay,Baa2,0.020743237044383835
Uzbekistan,Ba3,0.03918166997272502
Venezuela,C,0.175
Vietnam,Ba2,0.032779436317051
Yemen,NR,0.10896601681957191
Zambia,Caa3,0.10896601681957188
Zimbabwe,NR,0.09808221960492602
Region,ERP,Default Spread
Africa,0.13493852306889545,0.06826267935109193
Asia,0.06010540500857857,0.012518555898193178
Australia & New Zealand,0.04334792361864193,3.5698901544265913e-05
Caribbean,0.1848348819700155,0.1054310997313879
Central and South America,0.10091091058162495,0.04291508619362226
Eastern Europe & Russia,0.09387938347719227,0.037670398345457844
Middle East,0.06488999089248985,0.016082653627874467
North America,0.0433,0
Western Europe,0.05617160629364337,0.009588220147283357
Global,0.061399999999999996,0.0135
Mature Market ERP +,0.046,"Updated January 1, 2024"
Changing this number will update all your country equity risk premiums.,,
Country,Moody's rating,Adj. Default Spread
Abu Dhabi,Aa2,0.005377876270766179
Albania,B1,0.04904110980246301
Algeria,NR,0.04904110980246301
Andorra (Principality of),Baa2,0.020743237044383835
Angola,B3,0.07080870423175468
Anguilla,NR,0.1054310997313879
Antigua & Barbuda,NR,0.1054310997313879
Argentina,Ca,0.13073361124886354
Armenia,Ba3,0.03918166997272502
Aruba,Baa2,0.020743237044383835
Australia,Aaa,0
Austria,Aa1,0.004353518885858335
Azerbaijan,Ba1,0.027273515373171343
Bahamas,B1,0.04904110980246301
Bahrain,B2,0.059924907017108855
Bangladesh,B1,0.04904110980246301
Barbados,B3,0.07080870423175468
Belarus,C,0.175
Belgium,Aa3,0.006530278328787503
Belize,Caa2,0.09808221960492602
Benin,B1,0.04904110980246301
Bermuda,A2,0.009219216464170593
Bolivia,Caa1,0.08169250144640053
Bosnia and Herzegovina,B3,0.07080870423175468
Botswana,A3,0.013060556657575006
Brazil,Ba2,0.032779436317051
British Virgin Islands,Ba2,0.032779436317051
Brunei,NR,0.006530278328787503
Bulgaria,Baa1,0.01741407554343334
Burkina Faso,Caa1,0.08169250144640053
Cambodia,B2,0.059924907017108855
Cameroon,Caa1,0.08169250144640053
Canada,Aaa,0
Cape Verde,B3,0.07080870423175468
Cayman Islands,Aa3,0.006530278328787503
Channel Islands,NR,0.009588220147283357
Chile,A2,0.009219216464170593
China,A1,0.007682680386808828
Colombia,Baa2,0.020743237044383835
Congo (Democratic Republic of),B3,0.07080870423175468
Congo (Republic of),Caa2,0.09808221960492602
Cook Islands,B1,0.04904110980246301
Costa Rica,B1,0.04904110980246301
Croatia,Baa2,0.020743237044383835
Cuba,Ca,0.13073361124886354
Curaçao,Baa2,0.020743237044383835
Cyprus,Baa2,0.020743237044383835
Czech Republic,Aa3,0.006530278328787503
Denmark,Aaa,0
Dominican Republic,Ba3,0.03918166997272502
Ecuador,Caa3,0.10896601681957188
Egypt,Caa1,0.08169250144640053
El Salvador,Caa3,0.10896601681957188
Estonia,A1,0.007682680386808828
Ethiopia,Caa2,0.09808221960492602
Falkland Islands,NR,0.04291508619362226
Fiji,B1,0.04904110980246301
Finland,Aa1,0.004353518885858335
France,Aa2,0.005377876270766179
French Guiana,NR,0.04291508619362226
Gabon,Caa1,0.08169250144640053
Gambia,NR,0.04904110980246301
Georgia,Ba2,0.032779436317051
Germany,Aaa,0
Ghana,Caa3,0.10896601681957188
Gibraltar,NR,0.009588220147283357
Greece,Ba1,0.027273515373171343
Greenland,NR,0
Guatemala,Ba1,0.027273515373171343
Guernsey (States of),A1,0.007682680386808828
Guinea,NR,0.09808221960492602
Guinea-Bissau,NR,0.05992490701710884
Guyana,NR,0.017414075543433345
Haiti,NR,0.10896601681957191
Honduras,B1,0.04904110980246301
Hong Kong,Aa3,0.006530278328787503
Hungary,Baa2,0.020743237044383835
Iceland,A2,0.009219216464170593
India,Baa3,0.023944353872220846
Indonesia,Baa2,0.020743237044383835
Iran,NR,0.07080870423175468
Iraq,Caa1,0.08169250144640053
Ireland,Aa3,0.006530278328787503
Isle of Man,Aa3,0.006530278328787503
Israel,A1,0.007682680386808828
Italy,Baa3,0.023944353872220846
Ivory Coast,Ba3,0.03918166997272502
Jamaica,B1,0.04904110980246301
Japan,A1,0.007682680386808828
Jersey (States of),Aa3,0.006530278328787503
Jordan,B1,0.04904110980246301
Kazakhstan,Baa2,0.020743237044383835
Kenya,B3,0.07080870423175468
"Korea, D.P.R.",NR,0.175
Kuwait,A1,0.007682680386808828
Kyrgyzstan,B3,0.07080870423175468
Laos,Caa3,0.10896601681957188
Latvia,A3,0.013060556657575006
Lebanon,C,0.175
Liberia,NR,0.13073361124886354
Libya,NR,0.020743237044383835
Liechtenstein,Aaa,0
Lithuania,A2,0.009219216464170593
Luxembourg,Aaa,0
Macau,Aa3,0.006530278328787503
Macedonia,Ba3,0.03918166997272502
Madagascar,NR,0.07080870423175468
Malawi,NR,0.13073361124886354
Malaysia,A3,0.013060556657575006
Maldives,Caa1,0.08169250144640053
Mali,Caa2,0.09808221960492602
Malta,A2,0.009219216464170593
Martinique,NR,0
Mauritius,Baa3,0.023944353872220846
Mexico,Baa2,0.020743237044383835
Monaco,NR,0.009588220147283357
Moldova,B3,0.07080870423175468
Mongolia,B3,0.07080870423175468
Montenegro,B1,0.04904110980246301
Montserrat,Baa3,0.023944353872220846
Morocco,Ba1,0.027273515373171343
Mozambique,Caa2,0.09808221960492602
Myanmar,NR,0.10896601681957191
Namibia,B1,0.04904110980246301
Netherlands,Aaa,0
Netherlands Antilles,NR,0.1054310997313879
New Zealand,Aaa,0
Nicaragua,B3,0.07080870423175468
Niger,Caa2,0.09808221960492602
Nigeria,Caa1,0.08169250144640053
Norway,Aaa,0
Oman,Ba1,0.027273515373171343
Pakistan,Caa3,0.10896601681957188
Palestinian Authority,NR,0.016082653627874467
Panama,Baa2,0.020743237044383835
Papua New Guinea,B2,0.059924907017108855
Paraguay,Ba1,0.027273515373171343
Peru,Baa1,0.01741407554343334
Philippines,Baa2,0.020743237044383835
Poland,A2,0.009219216464170593
Portugal,A3,0.013060556657575006
Qatar,Aa3,0.006530278328787503
Ras Al Khaimah (Emirate of),A3,0.013060556657575006
Reunion,NR,0.012518555898193178
Romania,Baa3,0.023944353872220846
Russia,NR,0.04904110980246301
Rwanda,B2,0.059924907017108855
Saint Lucia,NR,0.1054310997313879
Saudi Arabia,A1,0.007682680386808828
Senegal,Ba3,0.03918166997272502
Serbia,Ba2,0.032779436317051
Sharjah,Ba1,0.027273515373171343
Sierra Leone,NR,0.10896601681957191
Singapore,Aaa,0
Slovakia,A2,0.009219216464170593
Slovenia,A3,0.013060556657575006
Solomon Islands,Caa1,0.08169250144640053
Somalia,NR,0.13073361124886354
South Africa,Ba2,0.032779436317051
South Korea,Aa2,0.005377876270766179
Spain,Baa1,0.01741407554343334
Sri Lanka,Ca,0.13073361124886354
St. Maarten,Ba2,0.032779436317051
St. Vincent & the Grenadines,B3,0.07080870423175468
Sudan,NR,0.175
Suriname,Caa3,0.10896601681957188
Swaziland,B3,0.07080870423175468
Sweden,Aaa,0
Switzerland,Aaa,0
Syria,NR,0.175
Taiwan,Aa3,0.006530278328787503
Tajikistan,B3,0.07080870423175468
Tanzania,B2,0.059924907017108855
Thailand,Baa1,0.01741407554343334
Togo,B3,0.07080870423175468
Trinidad &' Tobago,Ba2,0.032779436317051
Tunisia,Caa2,0.09808221960492602
Turkey,B3,0.07080870423175468
Turks & Caicos Islands,Baa1,0.01741407554343334
Uganda,B2,0.059924907017108855
Ukraine,Ca,0.13073361124886354
United Arab Emirates,Aa2,0.005377876270766179
United Kingdom,Aa3,0.006530278328787503
United States,Aaa,0
Uruguay,Baa2,0.020743237044383835
Uzbekistan,Ba3,0.03918166997272502
Venezuela,C,0.175
Vietnam,Ba2,0.032779436317051
Yemen,NR,0.10896601681957191
Zambia,Caa3,0.10896601681957188
Zimbabwe,NR,0.09808221960492602
Region,ERP,Default Spread
Africa,0.13493852306889545,0.06826267935109193
Asia,0.06010540500857857,0.012518555898193178
Australia & New Zealand,0.04334792361864193,3.5698901544265913e-05
Caribbean,0.1848348819700155,0.1054310997313879
Central and South America,0.10091091058162495,0.04291508619362226
Eastern Europe & Russia,0.09387938347719227,0.037670398345457844
Middle East,0.06488999089248985,0.016082653627874467
North America,0.0433,0
Western Europe,0.05617160629364337,0.009588220147283357
Global,0.061399999999999996,0.0135
Mature Market ERP +,0.046,"Updated January 1, 2024"
Changing this number will update all your country equity risk premiums.,,
Country,Moody's rating,Adj. Default Spread
Abu Dhabi,Aa2,0.005377876270766179
Albania,B1,0.04904110980246301
Algeria,NR,0.04904110980246301
Andorra (Principality of),Baa2,0.020743237044383835
Angola,B3,0.07080870423175468
Anguilla,NR,0.1054310997313879
Antigua & Barbuda,NR,0.1054310997313879
Argentina,Ca,0.13073361124886354
Armenia,Ba3,0.03918166997272502
Aruba,Baa2,0.020743237044383835
Australia,Aaa,0
Austria,Aa1,0.004353518885858335
Azerbaijan,Ba1,0.027273515373171343
Bahamas,B1,0.04904110980246301
Bahrain,B2,0.059924907017108855
Bangladesh,B1,0.04904110980246301
Barbados,B3,0.07080870423175468
Belarus,C,0.175
Belgium,Aa3,0.006530278328787503
Belize,Caa2,0.09808221960492602
Benin,B1,0.04904110980246301
Bermuda,A2,0.009219216464170593
Bolivia,Caa1,0.08169250144640053
Bosnia and Herzegovina,B3,0.07080870423175468
Botswana,A3,0.013060556657575006
Brazil,Ba2,0.032779436317051
British Virgin Islands,Ba2,0.032779436317051
Brunei,NR,0.006530278328787503
Bulgaria,Baa1,0.01741407554343334
Burkina Faso,Caa1,0.08169250144640053
Cambodia,B2,0.059924907017108855
Cameroon,Caa1,0.08169250144640053
Canada,Aaa,0
Cape Verde,B3,0.07080870423175468
Cayman Islands,Aa3,0.006530278328787503
Channel Islands,NR,0.009588220147283357
Chile,A2,0.009219216464170593
China,A1,0.007682680386808828
Colombia,Baa2,0.020743237044383835
Congo (Democratic Republic of),B3,0.07080870423175468
Congo (Republic of),Caa2,0.09808221960492602
Cook Islands,B1,0.04904110980246301
Costa Rica,B1,0.04904110980246301
Croatia,Baa2,0.020743237044383835
Cuba,Ca,0.13073361124886354
Curaçao,Baa2,0.020743237044383835
Cyprus,Baa2,0.020743237044383835
Czech Republic,Aa3,0.006530278328787503
Denmark,Aaa,0
Dominican Republic,Ba3,0.03918166997272502
Ecuador,Caa3,0.10896601681957188
Egypt,Caa1,0.08169250144640053
El Salvador,Caa3,0.10896601681957188
Estonia,A1,0.007682680386808828
Ethiopia,Caa2,0.09808221960492602
Falkland Islands,NR,0.04291508619362226
Fiji,B1,0.04904110980246301
Finland,Aa1,0.004353518885858335
France,Aa2,0.005377876270766179
French Guiana,NR,0.04291508619362226
Gabon,Caa1,0.08169250144640053
Gambia,NR,0.04904110980246301
Georgia,Ba2,0.032779436317051
Germany,Aaa,0
Ghana,Caa3,0.10896601681957188
Gibraltar,NR,0.009588220147283357
Greece,Ba1,0.027273515373171343
Greenland,NR,0
Guatemala,Ba1,0.027273515373171343
Guernsey (States of),A1,0.007682680386808828
Guinea,NR,0.09808221960492602
Guinea-Bissau,NR,0.05992490701710884
Guyana,NR,0.017414075543433345
Haiti,NR,0.10896601681957191
Honduras,B1,0.04904110980246301
Hong Kong,Aa3,0.006530278328787503
Hungary,Baa2,0.020743237044383835
Iceland,A2,0.009219216464170593
India,Baa3,0.023944353872220846
Indonesia,Baa2,0.020743237044383835
Iran,NR,0.07080870423175468
Iraq,Caa1,0.08169250144640053
Ireland,Aa3,0.006530278328787503
Isle of Man,Aa3,0.006530278328787503
Israel,A1,0.007682680386808828
Italy,Baa3,0.023944353872220846
Ivory Coast,Ba3,0.03918166997272502
Jamaica,B1,0.04904110980246301
Japan,A1,0.007682680386808828
Jersey (States of),Aa3,0.006530278328787503
Jordan,B1,0.04904110980246301
Kazakhstan,Baa2,0.020743237044383835
Kenya,B3,0.07080870423175468
"Korea, D.P.R.",NR,0.175
Kuwait,A1,0.007682680386808828
Kyrgyzstan,B3,0.07080870423175468
Laos,Caa3,0.10896601681957188
Latvia,A3,0.013060556657575006
Lebanon,C,0.175
Liberia,NR,0.13073361124886354
Libya,NR,0.020743237044383835
Liechtenstein,Aaa,0
Lithuania,A2,0.009219216464170593
Luxembourg,Aaa,0
Macau,Aa3,0.006530278328787503
Macedonia,Ba3,0.03918166997272502
Madagascar,NR,0.07080870423175468
Malawi,NR,0.13073361124886354
Malaysia,A3,0.013060556657575006
Maldives,Caa1,0.08169250144640053
Mali,Caa2,0.09808221960492602
Malta,A2,0.009219216464170593
Martinique,NR,0
Mauritius,Baa3,0.023944353872220846
Mexico,Baa2,0.020743237044383835
Monaco,NR,0.009588220147283357
Moldova,B3,0.07080870423175468
Mongolia,B3,0.07080870423175468
Montenegro,B1,0.04904110980246301
Montserrat,Baa3,0.023944353872220846
Morocco,Ba1,0.027273515373171343
Mozambique,Caa2,0.09808221960492602
Myanmar,NR,0.10896601681957191
Namibia,B1,0.04904110980246301
Netherlands,Aaa,0
Netherlands Antilles,NR,0.1054310997313879
New Zealand,Aaa,0
Nicaragua,B3,0.07080870423175468
Niger,Caa2,0.09808221960492602
Nigeria,Caa1,0.08169250144640053
Norway,Aaa,0
Oman,Ba1,0.027273515373171343
Pakistan,Caa3,0.10896601681957188
Palestinian Authority,NR,0.016082653627874467
Panama,Baa2,0.020743237044383835
Papua New Guinea,B2,0.059924907017108855
Paraguay,Ba1,0.027273515373171343
Peru,Baa1,0.01741407554343334
Philippines,Baa2,0.020743237044383835
Poland,A2,0.009219216464170593
Portugal,A3,0.013060556657575006
Qatar,Aa3,0.006530278328787503
Ras Al Khaimah (Emirate of),A3,0.013060556657575006
Reunion,NR,0.012518555898193178
Romania,Baa3,0.023944353872220846
Russia,NR,0.04904110980246301
Rwanda,B2,0.059924907017108855
Saint Lucia,NR,0.1054310997313879
Saudi Arabia,A1,0.007682680386808828
Senegal,Ba3,0.03918166997272502
Serbia,Ba2,0.032779436317051
Sharjah,Ba1,0.027273515373171343
Sierra Leone,NR,0.10896601681957191
Singapore,Aaa,0
Slovakia,A2,0.009219216464170593
Slovenia,A3,0.013060556657575006
Solomon Islands,Caa1,0.08169250144640053
Somalia,NR,0.13073361124886354
South Africa,Ba2,0.032779436317051
South Korea,Aa2,0.005377876270766179
Spain,Baa1,0.01741407554343334
Sri Lanka,Ca,0.13073361124886354
St. Maarten,Ba2,0.032779436317051
St. Vincent & the Grenadines,B3,0.07080870423175468
Sudan,NR,0.175
Suriname,Caa3,0.10896601681957188
Swaziland,B3,0.07080870423175468
Sweden,Aaa,0
Switzerland,Aaa,0
Syria,NR,0.175
Taiwan,Aa3,0.006530278328787503
Tajikistan,B3,0.07080870423175468
Tanzania,B2,0.059924907017108855
Thailand,Baa1,0.01741407554343334
Togo,B3,0.07080870423175468
Trinidad &' Tobago,Ba2,0.032779436317051
Tunisia,Caa2,0.09808221960492602
Turkey,B3,0.07080870423175468
Turks & Caicos Islands,Baa1,0.01741407554343334
Uganda,B2,0.059924907017108855
Ukraine,Ca,0.13073361124886354
United Arab Emirates,Aa2,0.005377876270766179
United Kingdom,Aa3,0.006530278328787503
United States,Aaa,0
Uruguay,Baa2,0.020743237044383835
Uzbekistan,Ba3,0.03918166997272502
Venezuela,C,0.175
Vietnam,Ba2,0.032779436317051
Yemen,NR,0.10896601681957191
Zambia,Caa3,0.10896601681957188
Zimbabwe,NR,0.09808221960492602
Region,ERP,Default Spread
Africa,0.13493852306889545,0.06826267935109193
Asia,0.06010540500857857,0.012518555898193178
Australia & New Zealand,0.04334792361864193,3.5698901544265913e-05
Caribbean,0.1848348819700155,0.1054310997313879
Central and South America,0.10091091058162495,0.04291508619362226
Eastern Europe & Russia,0.09387938347719227,0.037670398345457844
Middle East,0.06488999089248985,0.016082653627874467
North America,0.0433,0
Western Europe,0.05617160629364337,0.009588220147283357
Global,0.061399999999999996,0.0135
Mature Market ERP +,0.046,"Updated January 1, 2024"
Changing this number will update all your country equity risk premiums.,,
Country,Moody's rating,Adj. Default Spread
Abu Dhabi,Aa2,0.005377876270766179
Albania,B1,0.04904110980246301
Algeria,NR,0.04904110980246301
Andorra (Principality of),Baa2,0.020743237044383835
Angola,B3,0.07080870423175468
Anguilla,NR,0.1054310997313879
Antigua & Barbuda,NR,0.1054310997313879
Argentina,Ca,0.13073361124886354
Armenia,Ba3,0.03918166997272502
Aruba,Baa2,0.020743237044383835
Australia,Aaa,0
Austria,Aa1,0.004353518885858335
Azerbaijan,Ba1,0.027273515373171343
Bahamas,B1,0.04904110980246301
Bahrain,B2,0.059924907017108855
Bangladesh,B1,0.04904110980246301
Barbados,B3,0.07080870423175468
Belarus,C,0.175
Belgium,Aa3,0.006530278328787503
Belize,Caa2,0.09808221960492602
Benin,B1,0.04904110980246301
Bermuda,A2,0.009219216464170593
Bolivia,Caa1,0.08169250144640053
Bosnia and Herzegovina,B3,0.07080870423175468
Botswana,A3,0.013060556657575006
Brazil,Ba2,0.032779436317051
British Virgin Islands,Ba2,0.032779436317051
Brunei,NR,0.006530278328787503
Bulgaria,Baa1,0.01741407554343334
Burkina Faso,Caa1,0.08169250144640053
Cambodia,B2,0.059924907017108855
Cameroon,Caa1,0.08169250144640053
Canada,Aaa,0
Cape Verde,B3,0.07080870423175468
Cayman Islands,Aa3,0.006530278328787503
Channel Islands,NR,0.009588220147283357
Chile,A2,0.009219216464170593
China,A1,0.007682680386808828
Colombia,Baa2,0.020743237044383835
Congo (Democratic Republic of),B3,0.07080870423175468
Congo (Republic of),Caa2,0.09808221960492602
Cook Islands,B1,0.04904110980246301
Costa Rica,B1,0.04904110980246301
Croatia,Baa2,0.020743237044383835
Cuba,Ca,0.13073361124886354
Curaçao,Baa2,0.020743237044383835
Cyprus,Baa2,0.020743237044383835
Czech Republic,Aa3,0.006530278328787503
Denmark,Aaa,0
Dominican Republic,Ba3,0.03918166997272502
Ecuador,Caa3,0.10896601681957188
Egypt,Caa1,0.08169250144640053
El Salvador,Caa3,0.10896601681957188
Estonia,A1,0.007682680386808828
Ethiopia,Caa2,0.09808221960492602
Falkland Islands,NR,0.04291508619362226
Fiji,B1,0.04904110980246301
Finland,Aa1,0.004353518885858335
France,Aa2,0.005377876270766179
French Guiana,NR,0.04291508619362226
Gabon,Caa1,0.08169250144640053
Gambia,NR,0.04904110980246301
Georgia,Ba2,0.032779436317051
Germany,Aaa,0
Ghana,Caa3,0.10896601681957188
Gibraltar,NR,0.009588220147283357
Greece,Ba1,0.027273515373171343
Greenland,NR,0
Guatemala,Ba1,0.027273515373171343
Guernsey (States of),A1,0.007682680386808828
Guinea,NR,0.09808221960492602
Guinea-Bissau,NR,0.05992490701710884
Guyana,NR,0.017414075543433345
Haiti,NR,0.10896601681957191
Honduras,B1,0.04904110980246301
Hong Kong,Aa3,0.006530278328787503
Hungary,Baa2,0.020743237044383835
Iceland,A2,0.009219216464170593
India,Baa3,0.023944353872220846
Indonesia,Baa2,0.020743237044383835
Iran,NR,0.07080870423175468
Iraq,Caa1,0.08169250144640053
Ireland,Aa3,0.006530278328787503
Isle of Man,Aa3,0.006530278328787503
Israel,A1,0.007682680386808828
Italy,Baa3,0.023944353872220846
Ivory Coast,Ba3,0.03918166997272502
Jamaica,B1,0.04904110980246301
Japan,A1,0.007682680386808828
Jersey (States of),Aa3,0.006530278328787503
Jordan,B1,0.04904110980246301
Kazakhstan,Baa2,0.020743237044383835
Kenya,B3,0.07080870423175468
"Korea, D.P.R.",NR,0.175
Kuwait,A1,0.007682680386808828
Kyrgyzstan,B3,0.07080870423175468
Laos,Caa3,0.10896601681957188
Latvia,A3,0.013060556657575006
Lebanon,C,0.175
Liberia,NR,0.13073361124886354
Libya,NR,0.020743237044383835
Liechtenstein,Aaa,0
Lithuania,A2,0.009219216464170593
Luxembourg,Aaa,0
Macau,Aa3,0.006530278328787503
Macedonia,Ba3,0.03918166997272502
Madagascar,NR,0.07080870423175468
Malawi,NR,0.13073361124886354
Malaysia,A3,0.013060556657575006
Maldives,Caa1,0.08169250144640053
Mali,Caa2,0.09808221960492602
Malta,A2,0.009219216464170593
Martinique,NR,0
Mauritius,Baa3,0.023944353872220846
Mexico,Baa2,0.020743237044383835
Monaco,NR,0.009588220147283357
Moldova,B3,0.07080870423175468
Mongolia,B3,0.07080870423175468
Montenegro,B1,0.04904110980246301
Montserrat,Baa3,0.023944353872220846
Morocco,Ba1,0.027273515373171343
Mozambique,Caa2,0.09808221960492602
Myanmar,NR,0.10896601681957191
Namibia,B1,0.04904110980246301
Netherlands,Aaa,0
Netherlands Antilles,NR,0.1054310997313879
New Zealand,Aaa,0
Nicaragua,B3,0.07080870423175468
Niger,Caa2,0.09808221960492602
Nigeria,Caa1,0.08169250144640053
Norway,Aaa,0
Oman,Ba1,0.027273515373171343
Pakistan,Caa3,0.10896601681957188
Palestinian Authority,NR,0.016082653627874467
Panama,Baa2,0.020743237044383835
Papua New Guinea,B2,0.059924907017108855
Paraguay,Ba1,0.027273515373171343
Peru,Baa1,0.01741407554343334
Philippines,Baa2,0.020743237044383835
Poland,A2,0.009219216464170593
Portugal,A3,0.013060556657575006
Qatar,Aa3,0.006530278328787503
Ras Al Khaimah (Emirate of),A3,0.013060556657575006
Reunion,NR,0.012518555898193178
Romania,Baa3,0.023944353872220846
Russia,NR,0.04904110980246301
Rwanda,B2,0.059924907017108855
Saint Lucia,NR,0.1054310997313879
Saudi Arabia,A1,0.007682680386808828
Senegal,Ba3,0.03918166997272502
Serbia,Ba2,0.032779436317051
Sharjah,Ba1,0.027273515373171343
Sierra Leone,NR,0.10896601681957191
Singapore,Aaa,0
Slovakia,A2,0.009219216464170593
Slovenia,A3,0.013060556657575006
Solomon Islands,Caa1,0.08169250144640053
Somalia,NR,0.13073361124886354
South Africa,Ba2,0.032779436317051
South Korea,Aa2,0.005377876270766179
Spain,Baa1,0.01741407554343334
Sri Lanka,Ca,0.13073361124886354
St. Maarten,Ba2,0.032779436317051
St. Vincent & the Grenadines,B3,0.07080870423175468
Sudan,NR,0.175
Suriname,Caa3,0.10896601681957188
Swaziland,B3,0.07080870423175468
Sweden,Aaa,0
Switzerland,Aaa,0
Syria,NR,0.175
Taiwan,Aa3,0.006530278328787503
Tajikistan,B3,0.07080870423175468
Tanzania,B2,0.059924907017108855
Thailand,Baa1,0.01741407554343334
Togo,B3,0.07080870423175468
Trinidad &' Tobago,Ba2,0.032779436317051
Tunisia,Caa2,0.09808221960492602
Turkey,B3,0.07080870423175468
Turks & Caicos Islands,Baa1,0.01741407554343334
Uganda,B2,0.059924907017108855
Ukraine,Ca,0.13073361124886354
United Arab Emirates,Aa2,0.005377876270766179
United Kingdom,Aa3,0.006530278328787503
United States,Aaa,0
Uruguay,Baa2,0.020743237044383835
Uzbekistan,Ba3,0.03918166997272502
Venezuela,C,0.175
Vietnam,Ba2,0.032779436317051
Yemen,NR,0.10896601681957191
Zambia,Caa3,0.10896601681957188
Zimbabwe,NR,0.09808221960492602
Region,ERP,Default Spread
Africa,0.13493852306889545,0.06826267935109193
Asia,0.06010540500857857,0.012518555898193178
Australia & New Zealand,0.04334792361864193,3.5698901544265913e-05
Caribbean,0.1848348819700155,0.1054310997313879
Central and South America,0.10091091058162495,0.04291508619362226
Eastern Europe & Russia,0.09387938347719227,0.037670398345457844
Middle East,0.06488999089248985,0.016082653627874467
North America,0.0433,0
Western Europe,0.05617160629364337,0.009588220147283357
Global,0.061399999999999996,0.0135
Mature Market ERP +,0.046,"Updated January 1, 2024"
Changing this number will update all your country equity risk premiums.,,
Country,Moody's rating,Adj. Default Spread
Abu Dhabi,Aa2,0.005377876270766179
Albania,B1,0.04904110980246301
Algeria,NR,0.04904110980246301
Andorra (Principality of),Baa2,0.020743237044383835
Angola,B3,0.07080870423175468
Anguilla,NR,0.1054310997313879
Antigua & Barbuda,NR,0.1054310997313879
Argentina,Ca,0.13073361124886354
Armenia,Ba3,0.03918166997272502
Aruba,Baa2,0.020743237044383835
Australia,Aaa,0
Austria,Aa1,0.004353518885858335
Azerbaijan,Ba1,0.027273515373171343
Bahamas,B1,0.04904110980246301
Bahrain,B2,0.059924907017108855
Bangladesh,B1,0.04904110980246301
Barbados,B3,0.07080870423175468
Belarus,C,0.175
Belgium,Aa3,0.006530278328787503
Belize,Caa2,0.09808221960492602
Benin,B1,0.04904110980246301
Bermuda,A2,0.009219216464170593
Bolivia,Caa1,0.08169250144640053
Bosnia and Herzegovina,B3,0.07080870423175468
Botswana,A3,0.013060556657575006
Brazil,Ba2,0.032779436317051
British Virgin Islands,Ba2,0.032779436317051
Brunei,NR,0.006530278328787503
Bulgaria,Baa1,0.01741407554343334
Burkina Faso,Caa1,0.08169250144640053
Cambodia,B2,0.059924907017108855
Cameroon,Caa1,0.08169250144640053
Canada,Aaa,0
Cape Verde,B3,0.07080870423175468
Cayman Islands,Aa3,0.006530278328787503
Channel Islands,NR,0.009588220147283357
Chile,A2,0.009219216464170593
China,A1,0.007682680386808828
Colombia,Baa2,0.020743237044383835
Congo (Democratic Republic of),B3,0.07080870423175468
Congo (Republic of),Caa2,0.09808221960492602
Cook Islands,B1,0.04904110980246301
Costa Rica,B1,0.04904110980246301
Croatia,Baa2,0.020743237044383835
Cuba,Ca,0.13073361124886354
Curaçao,Baa2,0.020743237044383835
Cyprus,Baa2,0.020743237044383835
Czech Republic,Aa3,0.006530278328787503
Denmark,Aaa,0
Dominican Republic,Ba3,0.03918166997272502
Ecuador,Caa3,0.10896601681957188
Egypt,Caa1,0.08169250144640053
El Salvador,Caa3,0.10896601681957188
Estonia,A1,0.007682680386808828
Ethiopia,Caa2,0.09808221960492602
Falkland Islands,NR,0.04291508619362226
Fiji,B1,0.04904110980246301
Finland,Aa1,0.004353518885858335
France,Aa2,0.005377876270766179
French Guiana,NR,0.04291508619362226
Gabon,Caa1,0.08169250144640053
Gambia,NR,0.04904110980246301
Georgia,Ba2,0.032779436317051
Germany,Aaa,0
Ghana,Caa3,0.10896601681957188
Gibraltar,NR,0.009588220147283357
Greece,Ba1,0.027273515373171343
Greenland,NR,0
Guatemala,Ba1,0.027273515373171343
Guernsey (States of),A1,0.007682680386808828
Guinea,NR,0.09808221960492602
Guinea-Bissau,NR,0.05992490701710884
Guyana,NR,0.017414075543433345
Haiti,NR,0.10896601681957191
Honduras,B1,0.04904110980246301
Hong Kong,Aa3,0.006530278328787503
Hungary,Baa2,0.020743237044383835
Iceland,A2,0.009219216464170593
India,Baa3,0.023944353872220846
Indonesia,Baa2,0.020743237044383835
Iran,NR,0.07080870423175468
Iraq,Caa1,0.08169250144640053
Ireland,Aa3,0.006530278328787503
Isle of Man,Aa3,0.006530278328787503
Israel,A1,0.007682680386808828
Italy,Baa3,0.023944353872220846
Ivory Coast,Ba3,0.03918166997272502
Jamaica,B1,0.04904110980246301
Japan,A1,0.007682680386808828
Jersey (States of),Aa3,0.006530278328787503
Jordan,B1,0.04904110980246301
Kazakhstan,Baa2,0.020743237044383835
Kenya,B3,0.07080870423175468
"Korea, D.P.R.",NR,0.175
Kuwait,A1,0.007682680386808828
Kyrgyzstan,B3,0.07080870423175468
Laos,Caa3,0.10896601681957188
Latvia,A3,0.013060556657575006
Lebanon,C,0.175
Liberia,NR,0.13073361124886354
Libya,NR,0.020743237044383835
Liechtenstein,Aaa,0
Lithuania,A2,0.009219216464170593
Luxembourg,Aaa,0
Macau,Aa3,0.006530278328787503
Macedonia,Ba3,0.03918166997272502
Madagascar,NR,0.07080870423175468
Malawi,NR,0.13073361124886354
Malaysia,A3,0.013060556657575006
Maldives,Caa1,0.08169250144640053
Mali,Caa2,0.09808221960492602
Malta,A2,0.009219216464170593
Martinique,NR,0
Mauritius,Baa3,0.023944353872220846
Mexico,Baa2,0.020743237044383835
Monaco,NR,0.009588220147283357
Moldova,B3,0.07080870423175468
Mongolia,B3,0.07080870423175468
Montenegro,B1,0.04904110980246301
Montserrat,Baa3,0.023944353872220846
Morocco,Ba1,0.027273515373171343
Mozambique,Caa2,0.09808221960492602
Myanmar,NR,0.10896601681957191
Namibia,B1,0.04904110980246301
Netherlands,Aaa,0
Netherlands Antilles,NR,0.1054310997313879
New Zealand,Aaa,0
Nicaragua,B3,0.07080870423175468
Niger,Caa2,0.09808221960492602
Nigeria,Caa1,0.08169250144640053
Norway,Aaa,0
Oman,Ba1,0.027273515373171343
Pakistan,Caa3,0.10896601681957188
Palestinian Authority,NR,0.016082653627874467
Panama,Baa2,0.020743237044383835
Papua New Guinea,B2,0.059924907017108855
Paraguay,Ba1,0.027273515373171343
Peru,Baa1,0.01741407554343334
Philippines,Baa2,0.020743237044383835
Poland,A2,0.009219216464170593
Portugal,A3,0.013060556657575006
Qatar,Aa3,0.006530278328787503
Ras Al Khaimah (Emirate of),A3,0.013060556657575006
Reunion,NR,0.012518555898193178
Romania,Baa3,0.023944353872220846
Russia,NR,0.04904110980246301
Rwanda,B2,0.059924907017108855
Saint Lucia,NR,0.1054310997313879
Saudi Arabia,A1,0.007682680386808828
Senegal,Ba3,0.03918166997272502
Serbia,Ba2,0.032779436317051
Sharjah,Ba1,0.027273515373171343
Sierra Leone,NR,0.10896601681957191
Singapore,Aaa,0
Slovakia,A2,0.009219216464170593
Slovenia,A3,0.013060556657575006
Solomon Islands,Caa1,0.08169250144640053
Somalia,NR,0.13073361124886354
South Africa,Ba2,0.032779436317051
South Korea,Aa2,0.005377876270766179
Spain,Baa1,0.01741407554343334
Sri Lanka,Ca,0.13073361124886354
St. Maarten,Ba2,0.032779436317051
St. Vincent & the Grenadines,B3,0.07080870423175468
Sudan,NR,0.175
Suriname,Caa3,0.10896601681957188
Swaziland,B3,0.07080870423175468
Sweden,Aaa,0
Switzerland,Aaa,0
Syria,NR,0.175
Taiwan,Aa3,0.006530278328787503
Tajikistan,B3,0.07080870423175468
Tanzania,B2,0.059924907017108855
Thailand,Baa1,0.01741407554343334
Togo,B3,0.07080870423175468
Trinidad &' Tobago,Ba2,0.032779436317051
Tunisia,Caa2,0.09808221960492602
Turkey,B3,0.07080870423175468
Turks & Caicos Islands,Baa1,0.01741407554343334
Uganda,B2,0.059924907017108855
Ukraine,Ca,0.13073361124886354
United Arab Emirates,Aa2,0.005377876270766179
United Kingdom,Aa3,0.006530278328787503
United States,Aaa,0
Uruguay,Baa2,0.020743237044383835
Uzbekistan,Ba3,0.03918166997272502
Venezuela,C,0.175
Vietnam,Ba2,0.032779436317051
Yemen,NR,0.10896601681957191
Zambia,Caa3,0.10896601681957188
Zimbabwe,NR,0.09808221960492602
Region,ERP,Default Spread
Africa,0.13493852306889545,0.06826267935109193
Asia,0.06010540500857857,0.012518555898193178
Australia & New Zealand,0.04334792361864193,3.5698901544265913e-05
Caribbean,0.1848348819700155,0.1054310997313879
Central and South America,0.10091091058162495,0.04291508619362226
Eastern Europe & Russia,0.09387938347719227,0.037670398345457844
Middle East,0.06488999089248985,0.016082653627874467
North America,0.0433,0
Western Europe,0.05617160629364337,0.009588220147283357
Global,0.061399999999999996,0.0135
Mature Market ERP +,0.046,"Updated January 1, 2024"
Changing this number will update all your country equity risk premiums.,,
Country,Moody's rating,Adj. Default Spread
Abu Dhabi,Aa2,0.005377876270766179
Albania,B1,0.04904110980246301
Algeria,NR,0.04904110980246301
Andorra (Principality of),Baa2,0.020743237044383835
Angola,B3,0.07080870423175468
Anguilla,NR,0.1054310997313879
Antigua & Barbuda,NR,0.1054310997313879
Argentina,Ca,0.13073361124886354
Armenia,Ba3,0.03918166997272502
Aruba,Baa2,0.020743237044383835
Australia,Aaa,0
Austria,Aa1,0.004353518885858335
Azerbaijan,Ba1,0.027273515373171343
Bahamas,B1,0.04904110980246301
Bahrain,B2,0.059924907017108855
Bangladesh,B1,0.04904110980246301
Barbados,B3,0.07080870423175468
Belarus,C,0.175
Belgium,Aa3,0.006530278328787503
Belize,Caa2,0.09808221960492602
Benin,B1,0.04904110980246301
Bermuda,A2,0.009219216464170593
Bolivia,Caa1,0.08169250144640053
Bosnia and Herzegovina,B3,0.07080870423175468
Botswana,A3,0.013060556657575006
Brazil,Ba2,0.032779436317051
British Virgin Islands,Ba2,0.032779436317051
Brunei,NR,0.006530278328787503
Bulgaria,Baa1,0.01741407554343334
Burkina Faso,Caa1,0.08169250144640053
Cambodia,B2,0.059924907017108855
Cameroon,Caa1,0.08169250144640053
Canada,Aaa,0
Cape Verde,B3,0.07080870423175468
Cayman Islands,Aa3,0.006530278328787503
Channel Islands,NR,0.009588220147283357
Chile,A2,0.009219216464170593
China,A1,0.007682680386808828
Colombia,Baa2,0.020743237044383835
Congo (Democratic Republic of),B3,0.07080870423175468
Congo (Republic of),Caa2,0.09808221960492602
Cook Islands,B1,0.04904110980246301
Costa Rica,B1,0.04904110980246301
Croatia,Baa2,0.020743237044383835
Cuba,Ca,0.13073361124886354
Curaçao,Baa2,0.020743237044383835
Cyprus,Baa2,0.020743237044383835
Czech Republic,Aa3,0.006530278328787503
Denmark,Aaa,0
Dominican Republic,Ba3,0.03918166997272502
Ecuador,Caa3,0.10896601681957188
Egypt,Caa1,0.08169250144640053
El Salvador,Caa3,0.10896601681957188
Estonia,A1,0.007682680386808828
Ethiopia,Caa2,0.09808221960492602
Falkland Islands,NR,0.04291508619362226
Fiji,B1,0.04904110980246301
Finland,Aa1,0.004353518885858335
France,Aa2,0.005377876270766179
French Guiana,NR,0.04291508619362226
Gabon,Caa1,0.08169250144640053
Gambia,NR,0.04904110980246301
Georgia,Ba2,0.032779436317051
Germany,Aaa,0
Ghana,Caa3,0.10896601681957188
Gibraltar,NR,0.009588220147283357
Greece,Ba1,0.027273515373171343
Greenland,NR,0
Guatemala,Ba1,0.027273515373171343
Guernsey (States of),A1,0.007682680386808828
Guinea,NR,0.09808221960492602
Guinea-Bissau,NR,0.05992490701710884
Guyana,NR,0.017414075543433345
Haiti,NR,0.10896601681957191
Honduras,B1,0.04904110980246301
Hong Kong,Aa3,0.006530278328787503
Hungary,Baa2,0.020743237044383835
Iceland,A2,0.009219216464170593
India,Baa3,0.023944353872220846
Indonesia,Baa2,0.020743237044383835
Iran,NR,0.07080870423175468
Iraq,Caa1,0.08169250144640053
Ireland,Aa3,0.006530278328787503
Isle of Man,Aa3,0.006530278328787503
Israel,A1,0.007682680386808828
Italy,Baa3,0.023944353872220846
Ivory Coast,Ba3,0.03918166997272502
Jamaica,B1,0.04904110980246301
Japan,A1,0.007682680386808828
Jersey (States of),Aa3,0.006530278328787503
Jordan,B1,0.04904110980246301
Kazakhstan,Baa2,0.020743237044383835
Kenya,B3,0.07080870423175468
"Korea, D.P.R.",NR,0.175
Kuwait,A1,0.007682680386808828
Kyrgyzstan,B3,0.07080870423175468
Laos,Caa3,0.10896601681957188
Latvia,A3,0.013060556657575006
Lebanon,C,0.175
Liberia,NR,0.13073361124886354
Libya,NR,0.020743237044383835
Liechtenstein,Aaa,0
Lithuania,A2,0.009219216464170593
Luxembourg,Aaa,0
Macau,Aa3,0.006530278328787503
Macedonia,Ba3,0.03918166997272502
Madagascar,NR,0.07080870423175468
Malawi,NR,0.13073361124886354
Malaysia,A3,0.013060556657575006
Maldives,Caa1,0.08169250144640053
Mali,Caa2,0.09808221960492602
Malta,A2,0.009219216464170593
Martinique,NR,0
Mauritius,Baa3,0.023944353872220846
Mexico,Baa2,0.020743237044383835
Monaco,NR,0.009588220147283357
Moldova,B3,0.07080870423175468
Mongolia,B3,0.07080870423175468
Montenegro,B1,0.04904110980246301
Montserrat,Baa3,0.023944353872220846
Morocco,Ba1,0.027273515373171343
Mozambique,Caa2,0.09808221960492602
Myanmar,NR,0.10896601681957191
Namibia,B1,0.04904110980246301
Netherlands,Aaa,0
Netherlands Antilles,NR,0.1054310997313879
New Zealand,Aaa,0
Nicaragua,B3,0.07080870423175468
Niger,Caa2,0.09808221960492602
Nigeria,Caa1,0.08169250144640053
Norway,Aaa,0
Oman,Ba1,0.027273515373171343
Pakistan,Caa3,0.10896601681957188
Palestinian Authority,NR,0.016082653627874467
Panama,Baa2,0.020743237044383835
Papua New Guinea,B2,0.059924907017108855
Paraguay,Ba1,0.027273515373171343
Peru,Baa1,0.01741407554343334
Philippines,Baa2,0.020743237044383835
Poland,A2,0.009219216464170593
Portugal,A3,0.013060556657575006
Qatar,Aa3,0.006530278328787503
Ras Al Khaimah (Emirate of),A3,0.013060556657575006
Reunion,NR,0.012518555898193178
Romania,Baa3,0.023944353872220846
Russia,NR,0.04904110980246301
Rwanda,B2,0.059924907017108855
Saint Lucia,NR,0.1054310997313879
Saudi Arabia,A1,0.007682680386808828
Senegal,Ba3,0.03918166997272502
Serbia,Ba2,0.032779436317051
Sharjah,Ba1,0.027273515373171343
Sierra Leone,NR,0.10896601681957191
Singapore,Aaa,0
Slovakia,A2,0.009219216464170593
Slovenia,A3,0.013060556657575006
Solomon Islands,Caa1,0.08169250144640053
Somalia,NR,0.13073361124886354
South Africa,Ba2,0.032779436317051
South Korea,Aa2,0.005377876270766179
Spain,Baa1,0.01741407554343334
Sri Lanka,Ca,0.13073361124886354
St. Maarten,Ba2,0.032779436317051
St. Vincent & the Grenadines,B3,0.07080870423175468
Sudan,NR,0.175
Suriname,Caa3,0.10896601681957188
Swaziland,B3,0.07080870423175468
Sweden,Aaa,0
Switzerland,Aaa,0
Syria,NR,0.175
Taiwan,Aa3,0.006530278328787503
Tajikistan,B3,0.07080870423175468
Tanzania,B2,0.059924907017108855
Thailand,Baa1,0.01741407554343334
Togo,B3,0.07080870423175468
Trinidad &' Tobago,Ba2,0.032779436317051
Tunisia,Caa2,0.09808221960492602
Turkey,B3,0.07080870423175468
Turks & Caicos Islands,Baa1,0.01741407554343334
Uganda,B2,0.059924907017108855
Ukraine,Ca,0.13073361124886354
United Arab Emirates,Aa2,0.005377876270766179
United Kingdom,Aa3,0.006530278328787503
United States,Aaa,0
Uruguay,Baa2,0.020743237044383835
Uzbekistan,Ba3,0.03918166997272502
Venezuela,C,0.175
Vietnam,Ba2,0.032779436317051
Yemen,NR,0.10896601681957191
Zambia,Caa3,0.10896601681957188
Zimbabwe,NR,0.09808221960492602
Region,ERP,Default Spread
Africa,0.13493852306889545,0.06826267935109193
Asia,0.06010540500857857,0.012518555898193178
Australia & New Zealand,0.04334792361864193,3.5698901544265913e-05
Caribbean,0.1848348819700155,0.1054310997313879
Central and South America,0.10091091058162495,0.04291508619362226
Eastern Europe & Russia,0.09387938347719227,0.037670398345457844
Middle East,0.06488999089248985,0.016082653627874467
North America,0.0433,0
Western Europe,0.05617160629364337,0.009588220147283357
Global,0.061399999999999996,0.0135
Mature Market ERP +,0.046,"Updated January 1, 2024"
Changing this number will update all your country equity risk premiums.,,
Country,Moody's rating,Adj. Default Spread
Abu Dhabi,Aa2,0.005377876270766179
Albania,B1,0.04904110980246301
Algeria,NR,0.04904110980246301
Andorra (Principality of),Baa2,0.020743237044383835
Angola,B3,0.07080870423175468
Anguilla,NR,0.1054310997313879
Antigua & Barbuda,NR,0.1054310997313879
Argentina,Ca,0.13073361124886354
Armenia,Ba3,0.03918166997272502
Aruba,Baa2,0.020743237044383835
Australia,Aaa,0
Austria,Aa1,0.004353518885858335
Azerbaijan,Ba1,0.027273515373171343
Bahamas,B1,0.04904110980246301
Bahrain,B2,0.059924907017108855
Bangladesh,B1,0.04904110980246301
Barbados,B3,0.07080870423175468
Belarus,C,0.175
Belgium,Aa3,0.006530278328787503
Belize,Caa2,0.09808221960492602
Benin,B1,0.04904110980246301
Bermuda,A2,0.009219216464170593
Bolivia,Caa1,0.08169250144640053
Bosnia and Herzegovina,B3,0.07080870423175468
Botswana,A3,0.013060556657575006
Brazil,Ba2,0.032779436317051
British Virgin Islands,Ba2,0.032779436317051
Brunei,NR,0.006530278328787503
Bulgaria,Baa1,0.01741407554343334
Burkina Faso,Caa1,0.08169250144640053
Cambodia,B2,0.059924907017108855
Cameroon,Caa1,0.08169250144640053
Canada,Aaa,0
Cape Verde,B3,0.07080870423175468
Cayman Islands,Aa3,0.006530278328787503
Channel Islands,NR,0.009588220147283357
Chile,A2,0.009219216464170593
China,A1,0.007682680386808828
Colombia,Baa2,0.020743237044383835
Congo (Democratic Republic of),B3,0.07080870423175468
Congo (Republic of),Caa2,0.09808221960492602
Cook Islands,B1,0.04904110980246301
Costa Rica,B1,0.04904110980246301
Croatia,Baa2,0.020743237044383835
Cuba,Ca,0.13073361124886354
Curaçao,Baa2,0.020743237044383835
Cyprus,Baa2,0.020743237044383835
Czech Republic,Aa3,0.006530278328787503
Denmark,Aaa,0
Dominican Republic,Ba3,0.03918166997272502
Ecuador,Caa3,0.10896601681957188
Egypt,Caa1,0.08169250144640053
El Salvador,Caa3,0.10896601681957188
Estonia,A1,0.007682680386808828
Ethiopia,Caa2,0.09808221960492602
Falkland Islands,NR,0.04291508619362226
Fiji,B1,0.04904110980246301
Finland,Aa1,0.004353518885858335
France,Aa2,0.005377876270766179
French Guiana,NR,0.04291508619362226
Gabon,Caa1,0.08169250144640053
Gambia,NR,0.04904110980246301
Georgia,Ba2,0.032779436317051
Germany,Aaa,0
Ghana,Caa3,0.10896601681957188
Gibraltar,NR,0.009588220147283357
Greece,Ba1,0.027273515373171343
Greenland,NR,0
Guatemala,Ba1,0.027273515373171343
Guernsey (States of),A1,0.007682680386808828
Guinea,NR,0.09808221960492602
Guinea-Bissau,NR,0.05992490701710884
Guyana,NR,0.017414075543433345
Haiti,NR,0.10896601681957191
Honduras,B1,0.04904110980246301
Hong Kong,Aa3,0.006530278328787503
Hungary,Baa2,0.020743237044383835
Iceland,A2,0.009219216464170593
India,Baa3,0.023944353872220846
Indonesia,Baa2,0.020743237044383835
Iran,NR,0.07080870423175468
Iraq,Caa1,0.08169250144640053
Ireland,Aa3,0.006530278328787503
Isle of Man,Aa3,0.006530278328787503
Israel,A1,0.007682680386808828
Italy,Baa3,0.023944353872220846
Ivory Coast,Ba3,0.03918166997272502
Jamaica,B1,0.04904110980246301
Japan,A1,0.007682680386808828
Jersey (States of),Aa3,0.006530278328787503
Jordan,B1,0.04904110980246301
Kazakhstan,Baa2,0.020743237044383835
Kenya,B3,0.07080870423175468
"Korea, D.P.R.",NR,0.175
Kuwait,A1,0.007682680386808828
Kyrgyzstan,B3,0.07080870423175468
Laos,Caa3,0.10896601681957188
Latvia,A3,0.013060556657575006
Lebanon,C,0.175
Liberia,NR,0.13073361124886354
Libya,NR,0.020743237044383835
Liechtenstein,Aaa,0
Lithuania,A2,0.009219216464170593
Luxembourg,Aaa,0
Macau,Aa3,0.006530278328787503
Macedonia,Ba3,0.03918166997272502
Madagascar,NR,0.07080870423175468
Malawi,NR,0.13073361124886354
Malaysia,A3,0.013060556657575006
Maldives,Caa1,0.08169250144640053
Mali,Caa2,0.09808221960492602
Malta,A2,0.009219216464170593
Martinique,NR,0
Mauritius,Baa3,0.023944353872220846
Mexico,Baa2,0.020743237044383835
Monaco,NR,0.009588220147283357
Moldova,B3,0.07080870423175468
Mongolia,B3,0.07080870423175468
Montenegro,B1,0.04904110980246301
Montserrat,Baa3,0.023944353872220846
Morocco,Ba1,0.027273515373171343
Mozambique,Caa2,0.09808221960492602
Myanmar,NR,0.10896601681957191
Namibia,B1,0.04904110980246301
Netherlands,Aaa,0
Netherlands Antilles,NR,0.1054310997313879
New Zealand,Aaa,0
Nicaragua,B3,0.07080870423175468
Niger,Caa2,0.09808221960492602
Nigeria,Caa1,0.08169250144640053
Norway,Aaa,0
Oman,Ba1,0.027273515373171343
Pakistan,Caa3,0.10896601681957188
Palestinian Authority,NR,0.016082653627874467
Panama,Baa2,0.020743237044383835
Papua New Guinea,B2,0.059924907017108855
Paraguay,Ba1,0.027273515373171343
Peru,Baa1,0.01741407554343334
Philippines,Baa2,0.020743237044383835
Poland,A2,0.009219216464170593
Portugal,A3,0.013060556657575006
Qatar,Aa3,0.006530278328787503
Ras Al Khaimah (Emirate of),A3,0.013060556657575006
Reunion,NR,0.012518555898193178
Romania,Baa3,0.023944353872220846
Russia,NR,0.04904110980246301
Rwanda,B2,0.059924907017108855
Saint Lucia,NR,0.1054310997313879
Saudi Arabia,A1,0.007682680386808828
Senegal,Ba3,0.03918166997272502
Serbia,Ba2,0.032779436317051
Sharjah,Ba1,0.027273515373171343
Sierra Leone,NR,0.10896601681957191
Singapore,Aaa,0
Slovakia,A2,0.009219216464170593
Slovenia,A3,0.013060556657575006
Solomon Islands,Caa1,0.08169250144640053
Somalia,NR,0.13073361124886354
South Africa,Ba2,0.032779436317051
South Korea,Aa2,0.005377876270766179
Spain,Baa1,0.01741407554343334
Sri Lanka,Ca,0.13073361124886354
St. Maarten,Ba2,0.032779436317051
St. Vincent & the Grenadines,B3,0.07080870423175468
Sudan,NR,0.175
Suriname,Caa3,0.10896601681957188
Swaziland,B3,0.07080870423175468
Sweden,Aaa,0
Switzerland,Aaa,0
Syria,NR,0.175
Taiwan,Aa3,0.006530278328787503
Tajikistan,B3,0.07080870423175468
Tanzania,B2,0.059924907017108855
Thailand,Baa1,0.01741407554343334
Togo,B3,0.07080870423175468
Trinidad &' Tobago,Ba2,0.032779436317051
Tunisia,Caa2,0.09808221960492602
Turkey,B3,0.07080870423175468
Turks & Caicos Islands,Baa1,0.01741407554343334
Uganda,B2,0.059924907017108855
Ukraine,Ca,0.13073361124886354
United Arab Emirates,Aa2,0.005377876270766179
United Kingdom,Aa3,0.006530278328787503
United States,Aaa,0
Uruguay,Baa2,0.020743237044383835
Uzbekistan,Ba3,0.03918166997272502
Venezuela,C,0.175
Vietnam,Ba2,0.032779436317051
Yemen,NR,0.10896601681957191
Zambia,Caa3,0.10896601681957188
Zimbabwe,NR,0.09808221960492602
Region,ERP,Default Spread
Africa,0.13493852306889545,0.06826267935109193
Asia,0.06010540500857857,0.012518555898193178
Australia & New Zealand,0.04334792361864193,3.5698901544265913e-05
Caribbean,0.1848348819700155,0.1054310997313879
Central and South America,0.10091091058162495,0.04291508619362226
Eastern Europe & Russia,0.09387938347719227,0.037670398345457844
Middle East,0.06488999089248985,0.016082653627874467
North America,0.0433,0
Western Europe,0.05617160629364337,0.009588220147283357
Global,0.061399999999999996,0.0135
Mature Market ERP +,0.046,"Updated January 1, 2024"
Changing this number will update all your country equity risk premiums.,,
Country,Moody's rating,Adj. Default Spread
Abu Dhabi,Aa2,0.005377876270766179
Albania,B1,0.04904110980246301
Algeria,NR,0.04904110980246301
Andorra (Principality of),Baa2,0.020743237044383835
Angola,B3,0.07080870423175468
Anguilla,NR,0.1054310997313879
Antigua & Barbuda,NR,0.1054310997313879
Argentina,Ca,0.13073361124886354
Armenia,Ba3,0.03918166997272502
Aruba,Baa2,0.020743237044383835
Australia,Aaa,0
Austria,Aa1,0.004353518885858335
Azerbaijan,Ba1,0.027273515373171343
Bahamas,B1,0.04904110980246301
Bahrain,B2,0.059924907017108855
Bangladesh,B1,0.04904110980246301
Barbados,B3,0.07080870423175468
Belarus,C,0.175
Belgium,Aa3,0.006530278328787503
Belize,Caa2,0.09808221960492602
Benin,B1,0.04904110980246301
Bermuda,A2,0.009219216464170593
Bolivia,Caa1,0.08169250144640053
Bosnia and Herzegovina,B3,0.07080870423175468
Botswana,A3,0.013060556657575006
Brazil,Ba2,0.032779436317051
British Virgin Islands,Ba2,0.032779436317051
Brunei,NR,0.006530278328787503
Bulgaria,Baa1,0.01741407554343334
Burkina Faso,Caa1,0.08169250144640053
Cambodia,B2,0.059924907017108855
Cameroon,Caa1,0.08169250144640053
Canada,Aaa,0
Cape Verde,B3,0.07080870423175468
Cayman Islands,Aa3,0.006530278328787503
Channel Islands,NR,0.009588220147283357
Chile,A2,0.009219216464170593
China,A1,0.007682680386808828
Colombia,Baa2,0.020743237044383835
Congo (Democratic Republic of),B3,0.07080870423175468
Congo (Republic of),Caa2,0.09808221960492602
Cook Islands,B1,0.04904110980246301
Costa Rica,B1,0.04904110980246301
Croatia,Baa2,0.020743237044383835
Cuba,Ca,0.13073361124886354
Curaçao,Baa2,0.020743237044383835
Cyprus,Baa2,0.020743237044383835
Czech Republic,Aa3,0.006530278328787503
Denmark,Aaa,0
Dominican Republic,Ba3,0.03918166997272502
Ecuador,Caa3,0.10896601681957188
Egypt,Caa1,0.08169250144640053
El Salvador,Caa3,0.10896601681957188
Estonia,A1,0.007682680386808828
Ethiopia,Caa2,0.09808221960492602
Falkland Islands,NR,0.04291508619362226
Fiji,B1,0.04904110980246301
Finland,Aa1,0.004353518885858335
France,Aa2,0.005377876270766179
French Guiana,NR,0.04291508619362226
Gabon,Caa1,0.08169250144640053
Gambia,NR,0.04904110980246301
Georgia,Ba2,0.032779436317051
Germany,Aaa,0
Ghana,Caa3,0.10896601681957188
Gibraltar,NR,0.009588220147283357
Greece,Ba1,0.027273515373171343
Greenland,NR,0
Guatemala,Ba1,0.027273515373171343
Guernsey (States of),A1,0.007682680386808828
Guinea,NR,0.09808221960492602
Guinea-Bissau,NR,0.05992490701710884
Guyana,NR,0.017414075543433345
Haiti,NR,0.10896601681957191
Honduras,B1,0.04904110980246301
Hong Kong,Aa3,0.006530278328787503
Hungary,Baa2,0.020743237044383835
Iceland,A2,0.009219216464170593
India,Baa3,0.023944353872220846
Indonesia,Baa2,0.020743237044383835
Iran,NR,0.07080870423175468
Iraq,Caa1,0.08169250144640053
Ireland,Aa3,0.006530278328787503
Isle of Man,Aa3,0.006530278328787503
Israel,A1,0.007682680386808828
Italy,Baa3,0.023944353872220846
Ivory Coast,Ba3,0.03918166997272502
Jamaica,B1,0.04904110980246301
Japan,A1,0.007682680386808828
Jersey (States of),Aa3,0.006530278328787503
Jordan,B1,0.04904110980246301
Kazakhstan,Baa2,0.020743237044383835
Kenya,B3,0.07080870423175468
"Korea, D.P.R.",NR,0.175
Kuwait,A1,0.007682680386808828
Kyrgyzstan,B3,0.07080870423175468
Laos,Caa3,0.10896601681957188
Latvia,A3,0.013060556657575006
Lebanon,C,0.175
Liberia,NR,0.13073361124886354
Libya,NR,0.020743237044383835
Liechtenstein,Aaa,0
Lithuania,A2,0.009219216464170593
Luxembourg,Aaa,0
Macau,Aa3,0.006530278328787503
Macedonia,Ba3,0.03918166997272502
Madagascar,NR,0.07080870423175468
Malawi,NR,0.13073361124886354
Malaysia,A3,0.013060556657575006
Maldives,Caa1,0.08169250144640053
Mali,Caa2,0.09808221960492602
Malta,A2,0.009219216464170593
Martinique,NR,0
Mauritius,Baa3,0.023944353872220846
Mexico,Baa2,0.020743237044383835
Monaco,NR,0.009588220147283357
Moldova,B3,0.07080870423175468
Mongolia,B3,0.07080870423175468
Montenegro,B1,0.04904110980246301
Montserrat,Baa3,0.023944353872220846
Morocco,Ba1,0.027273515373171343
Mozambique,Caa2,0.09808221960492602
Myanmar,NR,0.10896601681957191
Namibia,B1,0.04904110980246301
Netherlands,Aaa,0
Netherlands Antilles,NR,0.1054310997313879
New Zealand,Aaa,0
Nicaragua,B3,0.07080870423175468
Niger,Caa2,0.09808221960492602
Nigeria,Caa1,0.08169250144640053
Norway,Aaa,0
Oman,Ba1,0.027273515373171343
Pakistan,Caa3,0.10896601681957188
Palestinian Authority,NR,0.016082653627874467
Panama,Baa2,0.020743237044383835
Papua New Guinea,B2,0.059924907017108855
Paraguay,Ba1,0.027273515373171343
Peru,Baa1,0.01741407554343334
Philippines,Baa2,0.020743237044383835
Poland,A2,0.009219216464170593
Portugal,A3,0.013060556657575006
Qatar,Aa3,0.006530278328787503
Ras Al Khaimah (Emirate of),A3,0.013060556657575006
Reunion,NR,0.012518555898193178
Romania,Baa3,0.023944353872220846
Russia,NR,0.04904110980246301
Rwanda,B2,0.059924907017108855
Saint Lucia,NR,0.1054310997313879
Saudi Arabia,A1,0.007682680386808828
Senegal,Ba3,0.03918166997272502
Serbia,Ba2,0.032779436317051
Sharjah,Ba1,0.027273515373171343
Sierra Leone,NR,0.10896601681957191
Singapore,Aaa,0
Slovakia,A2,0.009219216464170593
Slovenia,A3,0.013060556657575006
Solomon Islands,Caa1,0.08169250144640053
Somalia,NR,0.13073361124886354
South Africa,Ba2,0.032779436317051
South Korea,Aa2,0.005377876270766179
Spain,Baa1,0.01741407554343334
Sri Lanka,Ca,0.13073361124886354
St. Maarten,Ba2,0.032779436317051
St. Vincent & the Grenadines,B3,0.07080870423175468
Sudan,NR,0.175
Suriname,Caa3,0.10896601681957188
Swaziland,B3,0.07080870423175468
Sweden,Aaa,0
Switzerland,Aaa,0
Syria,NR,0.175
Taiwan,Aa3,0.006530278328787503
Tajikistan,B3,0.07080870423175468
Tanzania,B2,0.059924907017108855
Thailand,Baa1,0.01741407554343334
Togo,B3,0.07080870423175468
Trinidad &' Tobago,Ba2,0.032779436317051
Tunisia,Caa2,0.09808221960492602
Turkey,B3,0.07080870423175468
Turks & Caicos Islands,Baa1,0.01741407554343334
Uganda,B2,0.059924907017108855
Ukraine,Ca,0.13073361124886354
United Arab Emirates,Aa2,0.005377876270766179
United Kingdom,Aa3,0.006530278328787503
United States,Aaa,0
Uruguay,Baa2,0.020743237044383835
Uzbekistan,Ba3,0.03918166997272502
Venezuela,C,0.175
Vietnam,Ba2,0.032779436317051
Yemen,NR,0.10896601681957191
Zambia,Caa3,0.10896601681957188
Zimbabwe,NR,0.09808221960492602
Region,ERP,Default Spread
Africa,0.13493852306889545,0.06826267935109193
Asia,0.06010540500857857,0.012518555898193178
Australia & New Zealand,0.04334792361864193,3.5698901544265913e-05
Caribbean,0.1848348819700155,0.1054310997313879
Central and South America,0.10091091058162495,0.04291508619362226
Eastern Europe & Russia,0.09387938347719227,0.037670398345457844
Middle East,0.06488999089248985,0.016082653627874467
North America,0.0433,0
Western Europe,0.05617160629364337,0.009588220147283357
Global,0.061399999999999996,0.0135
Mature Market ERP +,0.046,"Updated January 1, 2024"
Changing this number will update all your country equity risk premiums.,,
Country,Moody's rating,Adj. Default Spread
Abu Dhabi,Aa2,0.005377876270766179
Albania,B1,0.04904110980246301
Algeria,NR,0.04904110980246301
Andorra (Principality of),Baa2,0.020743237044383835
Angola,B3,0.07080870423175468
Anguilla,NR,0.1054310997313879
Antigua & Barbuda,NR,0.1054310997313879
Argentina,Ca,0.13073361124886354
Armenia,Ba3,0.03918166997272502
Aruba,Baa2,0.020743237044383835
Australia,Aaa,0
Austria,Aa1,0.004353518885858335
Azerbaijan,Ba1,0.027273515373171343
Bahamas,B1,0.04904110980246301
Bahrain,B2,0.059924907017108855
Bangladesh,B1,0.04904110980246301
Barbados,B3,0.07080870423175468
Belarus,C,0.175
Belgium,Aa3,0.006530278328787503
Belize,Caa2,0.09808221960492602
Benin,B1,0.04904110980246301
Bermuda,A2,0.009219216464170593
Bolivia,Caa1,0.08169250144640053
Bosnia and Herzegovina,B3,0.07080870423175468
Botswana,A3,0.013060556657575006
Brazil,Ba2,0.032779436317051
British Virgin Islands,Ba2,0.032779436317051
Brunei,NR,0.006530278328787503
Bulgaria,Baa1,0.01741407554343334
Burkina Faso,Caa1,0.08169250144640053
Cambodia,B2,0.059924907017108855
Cameroon,Caa1,0.08169250144640053
Canada,Aaa,0
Cape Verde,B3,0.07080870423175468
Cayman Islands,Aa3,0.006530278328787503
Channel Islands,NR,0.009588220147283357
Chile,A2,0.009219216464170593
China,A1,0.007682680386808828
Colombia,Baa2,0.020743237044383835
Congo (Democratic Republic of),B3,0.07080870423175468
Congo (Republic of),Caa2,0.09808221960492602
Cook Islands,B1,0.04904110980246301
Costa Rica,B1,0.04904110980246301
Croatia,Baa2,0.020743237044383835
Cuba,Ca,0.13073361124886354
Curaçao,Baa2,0.020743237044383835
Cyprus,Baa2,0.020743237044383835
Czech Republic,Aa3,0.006530278328787503
Denmark,Aaa,0
Dominican Republic,Ba3,0.03918166997272502
Ecuador,Caa3,0.10896601681957188
Egypt,Caa1,0.08169250144640053
El Salvador,Caa3,0.10896601681957188
Estonia,A1,0.007682680386808828
Ethiopia,Caa2,0.09808221960492602
Falkland Islands,NR,0.04291508619362226
Fiji,B1,0.04904110980246301
Finland,Aa1,0.004353518885858335
France,Aa2,0.005377876270766179
French Guiana,NR,0.04291508619362226
Gabon,Caa1,0.08169250144640053
Gambia,NR,0.04904110980246301
Georgia,Ba2,0.032779436317051
Germany,Aaa,0
Ghana,Caa3,0.10896601681957188
Gibraltar,NR,0.009588220147283357
Greece,Ba1,0.027273515373171343
Greenland,NR,0
Guatemala,Ba1,0.027273515373171343
Guernsey (States of),A1,0.007682680386808828
Guinea,NR,0.09808221960492602
Guinea-Bissau,NR,0.05992490701710884
Guyana,NR,0.017414075543433345
Haiti,NR,0.10896601681957191
Honduras,B1,0.04904110980246301
Hong Kong,Aa3,0.006530278328787503
Hungary,Baa2,0.020743237044383835
Iceland,A2,0.009219216464170593
India,Baa3,0.023944353872220846
Indonesia,Baa2,0.020743237044383835
Iran,NR,0.07080870423175468
Iraq,Caa1,0.08169250144640053
Ireland,Aa3,0.006530278328787503
Isle of Man,Aa3,0.006530278328787503
Israel,A1,0.007682680386808828
Italy,Baa3,0.023944353872220846
Ivory Coast,Ba3,0.03918166997272502
Jamaica,B1,0.04904110980246301
Japan,A1,0.007682680386808828
Jersey (States of),Aa3,0.006530278328787503
Jordan,B1,0.04904110980246301
Kazakhstan,Baa2,0.020743237044383835
Kenya,B3,0.07080870423175468
"Korea, D.P.R.",NR,0.175
Kuwait,A1,0.007682680386808828
Kyrgyzstan,B3,0.07080870423175468
Laos,Caa3,0.10896601681957188
Latvia,A3,0.013060556657575006
Lebanon,C,0.175
Liberia,NR,0.13073361124886354
Libya,NR,0.020743237044383835
Liechtenstein,Aaa,0
Lithuania,A2,0.009219216464170593
Luxembourg,Aaa,0
Macau,Aa3,0.006530278328787503
Macedonia,Ba3,0.03918166997272502
Madagascar,NR,0.07080870423175468
Malawi,NR,0.13073361124886354
Malaysia,A3,0.013060556657575006
Maldives,Caa1,0.08169250144640053
Mali,Caa2,0.09808221960492602
Malta,A2,0.009219216464170593
Martinique,NR,0
Mauritius,Baa3,0.023944353872220846
Mexico,Baa2,0.020743237044383835
Monaco,NR,0.009588220147283357
Moldova,B3,0.07080870423175468
Mongolia,B3,0.07080870423175468
Montenegro,B1,0.04904110980246301
Montserrat,Baa3,0.023944353872220846
Morocco,Ba1,0.027273515373171343
Mozambique,Caa2,0.09808221960492602
Myanmar,NR,0.10896601681957191
Namibia,B1,0.04904110980246301
Netherlands,Aaa,0
Netherlands Antilles,NR,0.1054310997313879
New Zealand,Aaa,0
Nicaragua,B3,0.07080870423175468
Niger,Caa2,0.09808221960492602
Nigeria,Caa1,0.08169250144640053
Norway,Aaa,0
Oman,Ba1,0.027273515373171343
Pakistan,Caa3,0.10896601681957188
Palestinian Authority,NR,0.016082653627874467
Panama,Baa2,0.020743237044383835
Papua New Guinea,B2,0.059924907017108855
Paraguay,Ba1,0.027273515373171343
Peru,Baa1,0.01741407554343334
Philippines,Baa2,0.020743237044383835
Poland,A2,0.009219216464170593
Portugal,A3,0.013060556657575006
Qatar,Aa3,0.006530278328787503
Ras Al Khaimah (Emirate of),A3,0.013060556657575006
Reunion,NR,0.012518555898193178
Romania,Baa3,0.023944353872220846
Russia,NR,0.04904110980246301
Rwanda,B2,0.059924907017108855
Saint Lucia,NR,0.1054310997313879
Saudi Arabia,A1,0.007682680386808828
Senegal,Ba3,0.03918166997272502
Serbia,Ba2,0.032779436317051
Sharjah,Ba1,0.027273515373171343
Sierra Leone,NR,0.10896601681957191
Singapore,Aaa,0
Slovakia,A2,0.009219216464170593
Slovenia,A3,0.013060556657575006
Solomon Islands,Caa1,0.08169250144640053
Somalia,NR,0.13073361124886354
South Africa,Ba2,0.032779436317051
South Korea,Aa2,0.005377876270766179
Spain,Baa1,0.01741407554343334
Sri Lanka,Ca,0.13073361124886354
St. Maarten,Ba2,0.032779436317051
St. Vincent & the Grenadines,B3,0.07080870423175468
Sudan,NR,0.175
Suriname,Caa3,0.10896601681957188
Swaziland,B3,0.07080870423175468
Sweden,Aaa,0
Switzerland,Aaa,0
Syria,NR,0.175
Taiwan,Aa3,0.006530278328787503
Tajikistan,B3,0.07080870423175468
Tanzania,B2,0.059924907017108855
Thailand,Baa1,0.01741407554343334
Togo,B3,0.07080870423175468
Trinidad &' Tobago,Ba2,0.032779436317051
Tunisia,Caa2,0.09808221960492602
Turkey,B3,0.07080870423175468
Turks & Caicos Islands,Baa1,0.01741407554343334
Uganda,B2,0.059924907017108855
Ukraine,Ca,0.13073361124886354
United Arab Emirates,Aa2,0.005377876270766179
United Kingdom,Aa3,0.006530278328787503
United States,Aaa,0
Uruguay,Baa2,0.020743237044383835
Uzbekistan,Ba3,0.03918166997272502
Venezuela,C,0.175
Vietnam,Ba2,0.032779436317051
Yemen,NR,0.10896601681957191
Zambia,Caa3,0.10896601681957188
Zimbabwe,NR,0.09808221960492602
Region,ERP,Default Spread
Africa,0.13493852306889545,0.06826267935109193
Asia,0.06010540500857857,0.012518555898193178
Australia & New Zealand,0.04334792361864193,3.5698901544265913e-05
Caribbean,0.1848348819700155,0.1054310997313879
Central and South America,0.10091091058162495,0.04291508619362226
Eastern Europe & Russia,0.09387938347719227,0.037670398345457844
Middle East,0.06488999089248985,0.016082653627874467
North America,0.0433,0
Western Europe,0.05617160629364337,0.009588220147283357
Global,0.061399999999999996,0.0135
Mature Market ERP +,0.046,"Updated January 1, 2024"
Changing this number will update all your country equity risk premiums.,,
Country,Moody's rating,Adj. Default Spread
Abu Dhabi,Aa2,0.005377876270766179
Albania,B1,0.04904110980246301
Algeria,NR,0.04904110980246301
Andorra (Principality of),Baa2,0.020743237044383835
Angola,B3,0.07080870423175468
Anguilla,NR,0.1054310997313879
Antigua & Barbuda,NR,0.1054310997313879
Argentina,Ca,0.13073361124886354
Armenia,Ba3,0.03918166997272502
Aruba,Baa2,0.020743237044383835
Australia,Aaa,0
Austria,Aa1,0.004353518885858335
Azerbaijan,Ba1,0.027273515373171343
Bahamas,B1,0.04904110980246301
Bahrain,B2,0.059924907017108855
Bangladesh,B1,0.04904110980246301
Barbados,B3,0.07080870423175468
Belarus,C,0.175
Belgium,Aa3,0.006530278328787503
Belize,Caa2,0.09808221960492602
Benin,B1,0.04904110980246301
Bermuda,A2,0.009219216464170593
Bolivia,Caa1,0.08169250144640053
Bosnia and Herzegovina,B3,0.07080870423175468
Botswana,A3,0.013060556657575006
Brazil,Ba2,0.032779436317051
British Virgin Islands,Ba2,0.032779436317051
Brunei,NR,0.006530278328787503
Bulgaria,Baa1,0.01741407554343334
Burkina Faso,Caa1,0.08169250144640053
Cambodia,B2,0.059924907017108855
Cameroon,Caa1,0.08169250144640053
Canada,Aaa,0
Cape Verde,B3,0.07080870423175468
Cayman Islands,Aa3,0.006530278328787503
Channel Islands,NR,0.009588220147283357
Chile,A2,0.009219216464170593
China,A1,0.007682680386808828
Colombia,Baa2,0.020743237044383835
Congo (Democratic Republic of),B3,0.07080870423175468
Congo (Republic of),Caa2,0.09808221960492602
Cook Islands,B1,0.04904110980246301
Costa Rica,B1,0.04904110980246301
Croatia,Baa2,0.020743237044383835
Cuba,Ca,0.13073361124886354
Curaçao,Baa2,0.020743237044383835
Cyprus,Baa2,0.020743237044383835
Czech Republic,Aa3,0.006530278328787503
Denmark,Aaa,0
Dominican Republic,Ba3,0.03918166997272502
Ecuador,Caa3,0.10896601681957188
Egypt,Caa1,0.08169250144640053
El Salvador,Caa3,0.10896601681957188
Estonia,A1,0.007682680386808828
Ethiopia,Caa2,0.09808221960492602
Falkland Islands,NR,0.04291508619362226
Fiji,B1,0.04904110980246301
Finland,Aa1,0.004353518885858335
France,Aa2,0.005377876270766179
French Guiana,NR,0.04291508619362226
Gabon,Caa1,0.08169250144640053
Gambia,NR,0.04904110980246301
Georgia,Ba2,0.032779436317051
Germany,Aaa,0
Ghana,Caa3,0.10896601681957188
Gibraltar,NR,0.009588220147283357
Greece,Ba1,0.027273515373171343
Greenland,NR,0
Guatemala,Ba1,0.027273515373171343
Guernsey (States of),A1,0.007682680386808828
Guinea,NR,0.09808221960492602
Guinea-Bissau,NR,0.05992490701710884
Guyana,NR,0.017414075543433345
Haiti,NR,0.10896601681957191
Honduras,B1,0.04904110980246301
Hong Kong,Aa3,0.006530278328787503
Hungary,Baa2,0.020743237044383835
Iceland,A2,0.009219216464170593
India,Baa3,0.023944353872220846
Indonesia,Baa2,0.020743237044383835
Iran,NR,0.07080870423175468
Iraq,Caa1,0.08169250144640053
Ireland,Aa3,0.006530278328787503
Isle of Man,Aa3,0.006530278328787503
Israel,A1,0.007682680386808828
Italy,Baa3,0.023944353872220846
Ivory Coast,Ba3,0.03918166997272502
Jamaica,B1,0.04904110980246301
Japan,A1,0.007682680386808828
Jersey (States of),Aa3,0.006530278328787503
Jordan,B1,0.04904110980246301
Kazakhstan,Baa2,0.020743237044383835
Kenya,B3,0.07080870423175468
"Korea, D.P.R.",NR,0.175
Kuwait,A1,0.007682680386808828
Kyrgyzstan,B3,0.07080870423175468
Laos,Caa3,0.10896601681957188
Latvia,A3,0.013060556657575006
Lebanon,C,0.175
Liberia,NR,0.13073361124886354
Libya,NR,0.020743237044383835
Liechtenstein,Aaa,0
Lithuania,A2,0.009219216464170593
Luxembourg,Aaa,0
Macau,Aa3,0.006530278328787503
Macedonia,Ba3,0.03918166997272502
Madagascar,NR,0.07080870423175468
Malawi,NR,0.13073361124886354
Malaysia,A3,0.013060556657575006
Maldives,Caa1,0.08169250144640053
Mali,Caa2,0.09808221960492602
Malta,A2,0.009219216464170593
Martinique,NR,0
Mauritius,Baa3,0.023944353872220846
Mexico,Baa2,0.020743237044383835
Monaco,NR,0.009588220147283357
Moldova,B3,0.07080870423175468
Mongolia,B3,0.07080870423175468
Montenegro,B1,0.04904110980246301
Montserrat,Baa3,0.023944353872220846
Morocco,Ba1,0.027273515373171343
Mozambique,Caa2,0.09808221960492602
Myanmar,NR,0.10896601681957191
Namibia,B1,0.04904110980246301
Netherlands,Aaa,0
Netherlands Antilles,NR,0.1054310997313879
New Zealand,Aaa,0
Nicaragua,B3,0.07080870423175468
Niger,Caa2,0.09808221960492602
Nigeria,Caa1,0.08169250144640053
Norway,Aaa,0
Oman,Ba1,0.027273515373171343
Pakistan,Caa3,0.10896601681957188
Palestinian Authority,NR,0.016082653627874467
Panama,Baa2,0.020743237044383835
Papua New Guinea,B2,0.059924907017108855
Paraguay,Ba1,0.027273515373171343
Peru,Baa1,0.01741407554343334
Philippines,Baa2,0.020743237044383835
Poland,A2,0.009219216464170593
Portugal,A3,0.013060556657575006
Qatar,Aa3,0.006530278328787503
Ras Al Khaimah (Emirate of),A3,0.013060556657575006
Reunion,NR,0.012518555898193178
Romania,Baa3,0.023944353872220846
Russia,NR,0.04904110980246301
Rwanda,B2,0.059924907017108855
Saint Lucia,NR,0.1054310997313879
Saudi Arabia,A1,0.007682680386808828
Senegal,Ba3,0.03918166997272502
Serbia,Ba2,0.032779436317051
Sharjah,Ba1,0.027273515373171343
Sierra Leone,NR,0.10896601681957191
Singapore,Aaa,0
Slovakia,A2,0.009219216464170593
Slovenia,A3,0.013060556657575006
Solomon Islands,Caa1,0.08169250144640053
Somalia,NR,0.13073361124886354
South Africa,Ba2,0.032779436317051
South Korea,Aa2,0.005377876270766179
Spain,Baa1,0.01741407554343334
Sri Lanka,Ca,0.13073361124886354
St. Maarten,Ba2,0.032779436317051
St. Vincent & the Grenadines,B3,0.07080870423175468
Sudan,NR,0.175
Suriname,Caa3,0.10896601681957188
Swaziland,B3,0.07080870423175468
Sweden,Aaa,0
Switzerland,Aaa,0
Syria,NR,0.175
Taiwan,Aa3,0.006530278328787503
Tajikistan,B3,0.07080870423175468
Tanzania,B2,0.059924907017108855
Thailand,Baa1,0.01741407554343334
Togo,B3,0.07080870423175468
Trinidad &' Tobago,Ba2,0.032779436317051
Tunisia,Caa2,0.09808221960492602
Turkey,B3,0.07080870423175468
Turks & Caicos Islands,Baa1,0.01741407554343334
Uganda,B2,0.059924907017108855
Ukraine,Ca,0.13073361124886354
United Arab Emirates,Aa2,0.005377876270766179
United Kingdom,Aa3,0.006530278328787503
United States,Aaa,0
Uruguay,Baa2,0.020743237044383835
Uzbekistan,Ba3,0.03918166997272502
Venezuela,C,0.175
Vietnam,Ba2,0.032779436317051
Yemen,NR,0.10896601681957191
Zambia,Caa3,0.10896601681957188
Zimbabwe,NR,0.09808221960492602
Region,ERP,Default Spread
Africa,0.13493852306889545,0.06826267935109193
Asia,0.06010540500857857,0.012518555898193178
Australia & New Zealand,0.04334792361864193,3.5698901544265913e-05
Caribbean,0.1848348819700155,0.1054310997313879
Central and South America,0.10091091058162495,0.04291508619362226
Eastern Europe & Russia,0.09387938347719227,0.037670398345457844
Middle East,0.06488999089248985,0.016082653627874467
North America,0.0433,0
Western Europe,0.05617160629364337,0.009588220147283357
Global,0.061399999999999996,0.0135
Mature Market ERP +,0.046,"Updated January 1, 2024"
Changing this number will update all your country equity risk premiums.,,
Country,Moody's rating,Adj. Default Spread
Abu Dhabi,Aa2,0.005377876270766179
Albania,B1,0.04904110980246301
Algeria,NR,0.04904110980246301
Andorra (Principality of),Baa2,0.020743237044383835
Angola,B3,0.07080870423175468
Anguilla,NR,0.1054310997313879
Antigua & Barbuda,NR,0.1054310997313879
Argentina,Ca,0.13073361124886354
Armenia,Ba3,0.03918166997272502
Aruba,Baa2,0.020743237044383835
Australia,Aaa,0
Austria,Aa1,0.004353518885858335
Azerbaijan,Ba1,0.027273515373171343
Bahamas,B1,0.04904110980246301
Bahrain,B2,0.059924907017108855
Bangladesh,B1,0.04904110980246301
Barbados,B3,0.07080870423175468
Belarus,C,0.175
Belgium,Aa3,0.006530278328787503
Belize,Caa2,0.09808221960492602
Benin,B1,0.04904110980246301
Bermuda,A2,0.009219216464170593
Bolivia,Caa1,0.08169250144640053
Bosnia and Herzegovina,B3,0.07080870423175468
Botswana,A3,0.013060556657575006
Brazil,Ba2,0.032779436317051
British Virgin Islands,Ba2,0.032779436317051
Brunei,NR,0.006530278328787503
Bulgaria,Baa1,0.01741407554343334
Burkina Faso,Caa1,0.08169250144640053
Cambodia,B2,0.059924907017108855
Cameroon,Caa1,0.08169250144640053
Canada,Aaa,0
Cape Verde,B3,0.07080870423175468
Cayman Islands,Aa3,0.006530278328787503
Channel Islands,NR,0.009588220147283357
Chile,A2,0.009219216464170593
China,A1,0.007682680386808828
Colombia,Baa2,0.020743237044383835
Congo (Democratic Republic of),B3,0.07080870423175468
Congo (Republic of),Caa2,0.09808221960492602
Cook Islands,B1,0.04904110980246301
Costa Rica,B1,0.04904110980246301
Croatia,Baa2,0.020743237044383835
Cuba,Ca,0.13073361124886354
Curaçao,Baa2,0.020743237044383835
Cyprus,Baa2,0.020743237044383835
Czech Republic,Aa3,0.006530278328787503
Denmark,Aaa,0
Dominican Republic,Ba3,0.03918166997272502
Ecuador,Caa3,0.10896601681957188
Egypt,Caa1,0.08169250144640053
El Salvador,Caa3,0.10896601681957188
Estonia,A1,0.007682680386808828
Ethiopia,Caa2,0.09808221960492602
Falkland Islands,NR,0.04291508619362226
Fiji,B1,0.04904110980246301
Finland,Aa1,0.004353518885858335
France,Aa2,0.005377876270766179
French Guiana,NR,0.04291508619362226
Gabon,Caa1,0.08169250144640053
Gambia,NR,0.04904110980246301
Georgia,Ba2,0.032779436317051
Germany,Aaa,0
Ghana,Caa3,0.10896601681957188
Gibraltar,NR,0.009588220147283357
Greece,Ba1,0.027273515373171343
Greenland,NR,0
Guatemala,Ba1,0.027273515373171343
Guernsey (States of),A1,0.007682680386808828
Guinea,NR,0.09808221960492602
Guinea-Bissau,NR,0.05992490701710884
Guyana,NR,0.017414075543433345
Haiti,NR,0.10896601681957191
Honduras,B1,0.04904110980246301
Hong Kong,Aa3,0.006530278328787503
Hungary,Baa2,0.020743237044383835
Iceland,A2,0.009219216464170593
India,Baa3,0.023944353872220846
Indonesia,Baa2,0.020743237044383835
Iran,NR,0.07080870423175468
Iraq,Caa1,0.08169250144640053
Ireland,Aa3,0.006530278328787503
Isle of Man,Aa3,0.006530278328787503
Israel,A1,0.007682680386808828
Italy,Baa3,0.023944353872220846
Ivory Coast,Ba3,0.03918166997272502
Jamaica,B1,0.04904110980246301
Japan,A1,0.007682680386808828
Jersey (States of),Aa3,0.006530278328787503
Jordan,B1,0.04904110980246301
Kazakhstan,Baa2,0.020743237044383835
Kenya,B3,0.07080870423175468
"Korea, D.P.R.",NR,0.175
Kuwait,A1,0.007682680386808828
Kyrgyzstan,B3,0.07080870423175468
Laos,Caa3,0.10896601681957188
Latvia,A3,0.013060556657575006
Lebanon,C,0.175
Liberia,NR,0.13073361124886354
Libya,NR,0.020743237044383835
Liechtenstein,Aaa,0
Lithuania,A2,0.009219216464170593
Luxembourg,Aaa,0
Macau,Aa3,0.006530278328787503
Macedonia,Ba3,0.03918166997272502
Madagascar,NR,0.07080870423175468
Malawi,NR,0.13073361124886354
Malaysia,A3,0.013060556657575006
Maldives,Caa1,0.08169250144640053
Mali,Caa2,0.09808221960492602
Malta,A2,0.009219216464170593
Martinique,NR,0
Mauritius,Baa3,0.023944353872220846
Mexico,Baa2,0.020743237044383835
Monaco,NR,0.009588220147283357
Moldova,B3,0.07080870423175468
Mongolia,B3,0.07080870423175468
Montenegro,B1,0.04904110980246301
Montserrat,Baa3,0.023944353872220846
Morocco,Ba1,0.027273515373171343
Mozambique,Caa2,0.09808221960492602
Myanmar,NR,0.10896601681957191
Namibia,B1,0.04904110980246301
Netherlands,Aaa,0
Netherlands Antilles,NR,0.1054310997313879
New Zealand,Aaa,0
Nicaragua,B3,0.07080870423175468
Niger,Caa2,0.09808221960492602
Nigeria,Caa1,0.08169250144640053
Norway,Aaa,0
Oman,Ba1,0.027273515373171343
Pakistan,Caa3,0.10896601681957188
Palestinian Authority,NR,0.016082653627874467
Panama,Baa2,0.020743237044383835
Papua New Guinea,B2,0.059924907017108855
Paraguay,Ba1,0.027273515373171343
Peru,Baa1,0.01741407554343334
Philippines,Baa2,0.020743237044383835
Poland,A2,0.009219216464170593
Portugal,A3,0.013060556657575006
Qatar,Aa3,0.006530278328787503
Ras Al Khaimah (Emirate of),A3,0.013060556657575006
Reunion,NR,0.012518555898193178
Romania,Baa3,0.023944353872220846
Russia,NR,0.04904110980246301
Rwanda,B2,0.059924907017108855
Saint Lucia,NR,0.1054310997313879
Saudi Arabia,A1,0.007682680386808828
Senegal,Ba3,0.03918166997272502
Serbia,Ba2,0.032779436317051
Sharjah,Ba1,0.027273515373171343
Sierra Leone,NR,0.10896601681957191
Singapore,Aaa,0
Slovakia,A2,0.009219216464170593
Slovenia,A3,0.013060556657575006
Solomon Islands,Caa1,0.08169250144640053
Somalia,NR,0.13073361124886354
South Africa,Ba2,0.032779436317051
South Korea,Aa2,0.005377876270766179
Spain,Baa1,0.01741407554343334
Sri Lanka,Ca,0.13073361124886354
St. Maarten,Ba2,0.032779436317051
St. Vincent & the Grenadines,B3,0.07080870423175468
Sudan,NR,0.175
Suriname,Caa3,0.10896601681957188
Swaziland,B3,0.07080870423175468
Sweden,Aaa,0
Switzerland,Aaa,0
Syria,NR,0.175
Taiwan,Aa3,0.006530278328787503
Tajikistan,B3,0.07080870423175468
Tanzania,B2,0.059924907017108855
Thailand,Baa1,0.01741407554343334
Togo,B3,0.07080870423175468
Trinidad &' Tobago,Ba2,0.032779436317051
Tunisia,Caa2,0.09808221960492602
Turkey,B3,0.07080870423175468
Turks & Caicos Islands,Baa1,0.01741407554343334
Uganda,B2,0.059924907017108855
Ukraine,Ca,0.13073361124886354
United Arab Emirates,Aa2,0.005377876270766179
United Kingdom,Aa3,0.006530278328787503
United States,Aaa,0
Uruguay,Baa2,0.020743237044383835
Uzbekistan,Ba3,0.03918166997272502
Venezuela,C,0.175
Vietnam,Ba2,0.032779436317051
Yemen,NR,0.10896601681957191
Zambia,Caa3,0.10896601681957188
Zimbabwe,NR,0.09808221960492602
Region,ERP,Default Spread
Africa,0.13493852306889545,0.06826267935109193
Asia,0.06010540500857857,0.012518555898193178
Australia & New Zealand,0.04334792361864193,3.5698901544265913e-05
Caribbean,0.1848348819700155,0.1054310997313879
Central and South America,0.10091091058162495,0.04291508619362226
Eastern Europe & Russia,0.09387938347719227,0.037670398345457844
Middle East,0.06488999089248985,0.016082653627874467
North America,0.0433,0
Western Europe,0.05617160629364337,0.009588220147283357
Global,0.061399999999999996,0.0135
Mature Market ERP +,0.046,"Updated January 1, 2024"
Changing this number will update all your country equity risk premiums.,,
Country,Moody's rating,Adj. Default Spread
Abu Dhabi,Aa2,0.005377876270766179
Albania,B1,0.04904110980246301
Algeria,NR,0.04904110980246301
Andorra (Principality of),Baa2,0.020743237044383835
Angola,B3,0.07080870423175468
Anguilla,NR,0.1054310997313879
Antigua & Barbuda,NR,0.1054310997313879
Argentina,Ca,0.13073361124886354
Armenia,Ba3,0.03918166997272502
Aruba,Baa2,0.020743237044383835
Australia,Aaa,0
Austria,Aa1,0.004353518885858335
Azerbaijan,Ba1,0.027273515373171343
Bahamas,B1,0.04904110980246301
Bahrain,B2,0.059924907017108855
Bangladesh,B1,0.04904110980246301
Barbados,B3,0.07080870423175468
Belarus,C,0.175
Belgium,Aa3,0.006530278328787503
Belize,Caa2,0.09808221960492602
Benin,B1,0.04904110980246301
Bermuda,A2,0.009219216464170593
Bolivia,Caa1,0.08169250144640053
Bosnia and Herzegovina,B3,0.07080870423175468
Botswana,A3,0.013060556657575006
Brazil,Ba2,0.032779436317051
British Virgin Islands,Ba2,0.032779436317051
Brunei,NR,0.006530278328787503
Bulgaria,Baa1,0.01741407554343334
Burkina Faso,Caa1,0.08169250144640053
Cambodia,B2,0.059924907017108855
Cameroon,Caa1,0.08169250144640053
Canada,Aaa,0
Cape Verde,B3,0.07080870423175468
Cayman Islands,Aa3,0.006530278328787503
Channel Islands,NR,0.009588220147283357
Chile,A2,0.009219216464170593
China,A1,0.007682680386808828
Colombia,Baa2,0.020743237044383835
Congo (Democratic Republic of),B3,0.07080870423175468
Congo (Republic of),Caa2,0.09808221960492602
Cook Islands,B1,0.04904110980246301
Costa Rica,B1,0.04904110980246301
Croatia,Baa2,0.020743237044383835
Cuba,Ca,0.13073361124886354
Curaçao,Baa2,0.020743237044383835
Cyprus,Baa2,0.020743237044383835
Czech Republic,Aa3,0.006530278328787503
Denmark,Aaa,0
Dominican Republic,Ba3,0.03918166997272502
Ecuador,Caa3,0.10896601681957188
Egypt,Caa1,0.08169250144640053
El Salvador,Caa3,0.10896601681957188
Estonia,A1,0.007682680386808828
Ethiopia,Caa2,0.09808221960492602
Falkland Islands,NR,0.04291508619362226
Fiji,B1,0.04904110980246301
Finland,Aa1,0.004353518885858335
France,Aa2,0.005377876270766179
French Guiana,NR,0.04291508619362226
Gabon,Caa1,0.08169250144640053
Gambia,NR,0.04904110980246301
Georgia,Ba2,0.032779436317051
Germany,Aaa,0
Ghana,Caa3,0.10896601681957188
Gibraltar,NR,0.009588220147283357
Greece,Ba1,0.027273515373171343
Greenland,NR,0
Guatemala,Ba1,0.027273515373171343
Guernsey (States of),A1,0.007682680386808828
Guinea,NR,0.09808221960492602
Guinea-Bissau,NR,0.05992490701710884
Guyana,NR,0.017414075543433345
Haiti,NR,0.10896601681957191
Honduras,B1,0.04904110980246301
Hong Kong,Aa3,0.006530278328787503
Hungary,Baa2,0.020743237044383835
Iceland,A2,0.009219216464170593
India,Baa3,0.023944353872220846
Indonesia,Baa2,0.020743237044383835
Iran,NR,0.07080870423175468
Iraq,Caa1,0.08169250144640053
Ireland,Aa3,0.006530278328787503
Isle of Man,Aa3,0.006530278328787503
Israel,A1,0.007682680386808828
Italy,Baa3,0.023944353872220846
Ivory Coast,Ba3,0.03918166997272502
Jamaica,B1,0.04904110980246301
Japan,A1,0.007682680386808828
Jersey (States of),Aa3,0.006530278328787503
Jordan,B1,0.04904110980246301
Kazakhstan,Baa2,0.020743237044383835
Kenya,B3,0.07080870423175468
"Korea, D.P.R.",NR,0.175
Kuwait,A1,0.007682680386808828
Kyrgyzstan,B3,0.07080870423175468
Laos,Caa3,0.10896601681957188
Latvia,A3,0.013060556657575006
Lebanon,C,0.175
Liberia,NR,0.13073361124886354
Libya,NR,0.020743237044383835
Liechtenstein,Aaa,0
Lithuania,A2,0.009219216464170593
Luxembourg,Aaa,0
Macau,Aa3,0.006530278328787503
Macedonia,Ba3,0.03918166997272502
Madagascar,NR,0.07080870423175468
Malawi,NR,0.13073361124886354
Malaysia,A3,0.013060556657575006
Maldives,Caa1,0.08169250144640053
Mali,Caa2,0.09808221960492602
Malta,A2,0.009219216464170593
Martinique,NR,0
Mauritius,Baa3,0.023944353872220846
Mexico,Baa2,0.020743237044383835
Monaco,NR,0.009588220147283357
Moldova,B3,0.07080870423175468
Mongolia,B3,0.07080870423175468
Montenegro,B1,0.04904110980246301
Montserrat,Baa3,0.023944353872220846
Morocco,Ba1,0.027273515373171343
Mozambique,Caa2,0.09808221960492602
Myanmar,NR,0.10896601681957191
Namibia,B1,0.04904110980246301
Netherlands,Aaa,0
Netherlands Antilles,NR,0.1054310997313879
New Zealand,Aaa,0
Nicaragua,B3,0.07080870423175468
Niger,Caa2,0.09808221960492602
Nigeria,Caa1,0.08169250144640053
Norway,Aaa,0
Oman,Ba1,0.027273515373171343
Pakistan,Caa3,0.10896601681957188
Palestinian Authority,NR,0.016082653627874467
Panama,Baa2,0.020743237044383835
Papua New Guinea,B2,0.059924907017108855
Paraguay,Ba1,0.027273515373171343
Peru,Baa1,0.01741407554343334
Philippines,Baa2,0.020743237044383835
Poland,A2,0.009219216464170593
Portugal,A3,0.013060556657575006
Qatar,Aa3,0.006530278328787503
Ras Al Khaimah (Emirate of),A3,0.013060556657575006
Reunion,NR,0.012518555898193178
Romania,Baa3,0.023944353872220846
Russia,NR,0.04904110980246301
Rwanda,B2,0.059924907017108855
Saint Lucia,NR,0.1054310997313879
Saudi Arabia,A1,0.007682680386808828
Senegal,Ba3,0.03918166997272502
Serbia,Ba2,0.032779436317051
Sharjah,Ba1,0.027273515373171343
Sierra Leone,NR,0.10896601681957191
Singapore,Aaa,0
Slovakia,A2,0.009219216464170593
Slovenia,A3,0.013060556657575006
Solomon Islands,Caa1,0.08169250144640053
Somalia,NR,0.13073361124886354
South Africa,Ba2,0.032779436317051
South Korea,Aa2,0.005377876270766179
Spain,Baa1,0.01741407554343334
Sri Lanka,Ca,0.13073361124886354
St. Maarten,Ba2,0.032779436317051
St. Vincent & the Grenadines,B3,0.07080870423175468
Sudan,NR,0.175
Suriname,Caa3,0.10896601681957188
Swaziland,B3,0.07080870423175468
Sweden,Aaa,0
Switzerland,Aaa,0
Syria,NR,0.175
Taiwan,Aa3,0.006530278328787503
Tajikistan,B3,0.07080870423175468
Tanzania,B2,0.059924907017108855
Thailand,Baa1,0.01741407554343334
Togo,B3,0.07080870423175468
Trinidad &' Tobago,Ba2,0.032779436317051
Tunisia,Caa2,0.09808221960492602
Turkey,B3,0.07080870423175468
Turks & Caicos Islands,Baa1,0.01741407554343334
Uganda,B2,0.059924907017108855
Ukraine,Ca,0.13073361124886354
United Arab Emirates,Aa2,0.005377876270766179
United Kingdom,Aa3,0.006530278328787503
United States,Aaa,0
Uruguay,Baa2,0.020743237044383835
Uzbekistan,Ba3,0.03918166997272502
Venezuela,C,0.175
Vietnam,Ba2,0.032779436317051
Yemen,NR,0.10896601681957191
Zambia,Caa3,0.10896601681957188
Zimbabwe,NR,0.09808221960492602
Region,ERP,Default Spread
Africa,0.13493852306889545,0.06826267935109193
Asia,0.06010540500857857,0.012518555898193178
Australia & New Zealand,0.04334792361864193,3.5698901544265913e-05
Caribbean,0.1848348819700155,0.1054310997313879
Central and South America,0.10091091058162495,0.04291508619362226
Eastern Europe & Russia,0.09387938347719227,0.037670398345457844
Middle East,0.06488999089248985,0.016082653627874467
North America,0.0433,0
Western Europe,0.05617160629364337,0.009588220147283357
Global,0.061399999999999996,0.0135
Mature Market ERP +,0.046,"Updated January 1, 2024"
Changing this number will update all your country equity risk premiums.,,
Country,Moody's rating,Adj. Default Spread
Abu Dhabi,Aa2,0.005377876270766179
Albania,B1,0.04904110980246301
Algeria,NR,0.04904110980246301
Andorra (Principality of),Baa2,0.020743237044383835
Angola,B3,0.07080870423175468
Anguilla,NR,0.1054310997313879
Antigua & Barbuda,NR,0.1054310997313879
Argentina,Ca,0.13073361124886354
Armenia,Ba3,0.03918166997272502
Aruba,Baa2,0.020743237044383835
Australia,Aaa,0
Austria,Aa1,0.004353518885858335
Azerbaijan,Ba1,0.027273515373171343
Bahamas,B1,0.04904110980246301
Bahrain,B2,0.059924907017108855
Bangladesh,B1,0.04904110980246301
Barbados,B3,0.07080870423175468
Belarus,C,0.175
Belgium,Aa3,0.006530278328787503
Belize,Caa2,0.09808221960492602
Benin,B1,0.04904110980246301
Bermuda,A2,0.009219216464170593
Bolivia,Caa1,0.08169250144640053
Bosnia and Herzegovina,B3,0.07080870423175468
Botswana,A3,0.013060556657575006
Brazil,Ba2,0.032779436317051
British Virgin Islands,Ba2,0.032779436317051
Brunei,NR,0.006530278328787503
Bulgaria,Baa1,0.01741407554343334
Burkina Faso,Caa1,0.08169250144640053
Cambodia,B2,0.059924907017108855
Cameroon,Caa1,0.08169250144640053
Canada,Aaa,0
Cape Verde,B3,0.07080870423175468
Cayman Islands,Aa3,0.006530278328787503
Channel Islands,NR,0.009588220147283357
Chile,A2,0.009219216464170593
China,A1,0.007682680386808828
Colombia,Baa2,0.020743237044383835
Congo (Democratic Republic of),B3,0.07080870423175468
Congo (Republic of),Caa2,0.09808221960492602
Cook Islands,B1,0.04904110980246301
Costa Rica,B1,0.04904110980246301
Croatia,Baa2,0.020743237044383835
Cuba,Ca,0.13073361124886354
Curaçao,Baa2,0.020743237044383835
Cyprus,Baa2,0.020743237044383835
Czech Republic,Aa3,0.006530278328787503
Denmark,Aaa,0
Dominican Republic,Ba3,0.03918166997272502
Ecuador,Caa3,0.10896601681957188
Egypt,Caa1,0.08169250144640053
El Salvador,Caa3,0.10896601681957188
Estonia,A1,0.007682680386808828
Ethiopia,Caa2,0.09808221960492602
Falkland Islands,NR,0.04291508619362226
Fiji,B1,0.04904110980246301
Finland,Aa1,0.004353518885858335
France,Aa2,0.005377876270766179
French Guiana,NR,0.04291508619362226
Gabon,Caa1,0.08169250144640053
Gambia,NR,0.04904110980246301
Georgia,Ba2,0.032779436317051
Germany,Aaa,0
Ghana,Caa3,0.10896601681957188
Gibraltar,NR,0.009588220147283357
Greece,Ba1,0.027273515373171343
Greenland,NR,0
Guatemala,Ba1,0.027273515373171343
Guernsey (States of),A1,0.007682680386808828
Guinea,NR,0.09808221960492602
Guinea-Bissau,NR,0.05992490701710884
Guyana,NR,0.017414075543433345
Haiti,NR,0.10896601681957191
Honduras,B1,0.04904110980246301
Hong Kong,Aa3,0.006530278328787503
Hungary,Baa2,0.020743237044383835
Iceland,A2,0.009219216464170593
India,Baa3,0.023944353872220846
Indonesia,Baa2,0.020743237044383835
Iran,NR,0.07080870423175468
Iraq,Caa1,0.08169250144640053
Ireland,Aa3,0.006530278328787503
Isle of Man,Aa3,0.006530278328787503
Israel,A1,0.007682680386808828
Italy,Baa3,0.023944353872220846
Ivory Coast,Ba3,0.03918166997272502
Jamaica,B1,0.04904110980246301
Japan,A1,0.007682680386808828
Jersey (States of),Aa3,0.006530278328787503
Jordan,B1,0.04904110980246301
Kazakhstan,Baa2,0.020743237044383835
Kenya,B3,0.07080870423175468
"Korea, D.P.R.",NR,0.175
Kuwait,A1,0.007682680386808828
Kyrgyzstan,B3,0.07080870423175468
Laos,Caa3,0.10896601681957188
Latvia,A3,0.013060556657575006
Lebanon,C,0.175
Liberia,NR,0.13073361124886354
Libya,NR,0.020743237044383835
Liechtenstein,Aaa,0
Lithuania,A2,0.009219216464170593
Luxembourg,Aaa,0
Macau,Aa3,0.006530278328787503
Macedonia,Ba3,0.03918166997272502
Madagascar,NR,0.07080870423175468
Malawi,NR,0.13073361124886354
Malaysia,A3,0.013060556657575006
Maldives,Caa1,0.08169250144640053
Mali,Caa2,0.09808221960492602
Malta,A2,0.009219216464170593
Martinique,NR,0
Mauritius,Baa3,0.023944353872220846
Mexico,Baa2,0.020743237044383835
Monaco,NR,0.009588220147283357
Moldova,B3,0.07080870423175468
Mongolia,B3,0.07080870423175468
Montenegro,B1,0.04904110980246301
Montserrat,Baa3,0.023944353872220846
Morocco,Ba1,0.027273515373171343
Mozambique,Caa2,0.09808221960492602
Myanmar,NR,0.10896601681957191
Namibia,B1,0.04904110980246301
Netherlands,Aaa,0
Netherlands Antilles,NR,0.1054310997313879
New Zealand,Aaa,0
Nicaragua,B3,0.07080870423175468
Niger,Caa2,0.09808221960492602
Nigeria,Caa1,0.08169250144640053
Norway,Aaa,0
Oman,Ba1,0.027273515373171343
Pakistan,Caa3,0.10896601681957188
Palestinian Authority,NR,0.016082653627874467
Panama,Baa2,0.020743237044383835
Papua New Guinea,B2,0.059924907017108855
Paraguay,Ba1,0.027273515373171343
Peru,Baa1,0.01741407554343334
Philippines,Baa2,0.020743237044383835
Poland,A2,0.009219216464170593
Portugal,A3,0.013060556657575006
Qatar,Aa3,0.006530278328787503
Ras Al Khaimah (Emirate of),A3,0.013060556657575006
Reunion,NR,0.012518555898193178
Romania,Baa3,0.023944353872220846
Russia,NR,0.04904110980246301
Rwanda,B2,0.059924907017108855
Saint Lucia,NR,0.1054310997313879
Saudi Arabia,A1,0.007682680386808828
Senegal,Ba3,0.03918166997272502
Serbia,Ba2,0.032779436317051
Sharjah,Ba1,0.027273515373171343
Sierra Leone,NR,0.10896601681957191
Singapore,Aaa,0
Slovakia,A2,0.009219216464170593
Slovenia,A3,0.013060556657575006
Solomon Islands,Caa1,0.08169250144640053
Somalia,NR,0.13073361124886354
South Africa,Ba2,0.032779436317051
South Korea,Aa2,0.005377876270766179
Spain,Baa1,0.01741407554343334
Sri Lanka,Ca,0.13073361124886354
St. Maarten,Ba2,0.032779436317051
St. Vincent & the Grenadines,B3,0.07080870423175468
Sudan,NR,0.175
Suriname,Caa3,0.10896601681957188
Swaziland,B3,0.07080870423175468
Sweden,Aaa,0
Switzerland,Aaa,0
Syria,NR,0.175
Taiwan,Aa3,0.006530278328787503
Tajikistan,B3,0.07080870423175468
Tanzania,B2,0.059924907017108855
Thailand,Baa1,0.01741407554343334
Togo,B3,0.07080870423175468
Trinidad &' Tobago,Ba2,0.032779436317051
Tunisia,Caa2,0.09808221960492602
Turkey,B3,0.07080870423175468
Turks & Caicos Islands,Baa1,0.01741407554343334
Uganda,B2,0.059924907017108855
Ukraine,Ca,0.13073361124886354
United Arab Emirates,Aa2,0.005377876270766179
United Kingdom,Aa3,0.006530278328787503
United States,Aaa,0
Uruguay,Baa2,0.020743237044383835
Uzbekistan,Ba3,0.03918166997272502
Venezuela,C,0.175
Vietnam,Ba2,0.032779436317051
Yemen,NR,0.10896601681957191
Zambia,Caa3,0.10896601681957188
Zimbabwe,NR,0.09808221960492602
Region,ERP,Default Spread
Africa,0.13493852306889545,0.06826267935109193
Asia,0.06010540500857857,0.012518555898193178
Australia & New Zealand,0.04334792361864193,3.5698901544265913e-05
Caribbean,0.1848348819700155,0.1054310997313879
Central and South America,0.10091091058162495,0.04291508619362226
Eastern Europe & Russia,0.09387938347719227,0.037670398345457844
Middle East,0.06488999089248985,0.016082653627874467
North America,0.0433,0
Western Europe,0.05617160629364337,0.009588220147283357
Global,0.061399999999999996,0.0135
Mature Market ERP +,0.046,"Updated January 1, 2024"
Changing this number will update all your country equity risk premiums.,,
Country,Moody's rating,Adj. Default Spread
Abu Dhabi,Aa2,0.005377876270766179
Albania,B1,0.04904110980246301
Algeria,NR,0.04904110980246301
Andorra (Principality of),Baa2,0.020743237044383835
Angola,B3,0.07080870423175468
Anguilla,NR,0.1054310997313879
Antigua & Barbuda,NR,0.1054310997313879
Argentina,Ca,0.13073361124886354
Armenia,Ba3,0.03918166997272502
Aruba,Baa2,0.020743237044383835
Australia,Aaa,0
Austria,Aa1,0.004353518885858335
Azerbaijan,Ba1,0.027273515373171343
Bahamas,B1,0.04904110980246301
Bahrain,B2,0.059924907017108855
Bangladesh,B1,0.04904110980246301
Barbados,B3,0.07080870423175468
Belarus,C,0.175
Belgium,Aa3,0.006530278328787503
Belize,Caa2,0.09808221960492602
Benin,B1,0.04904110980246301
Bermuda,A2,0.009219216464170593
Bolivia,Caa1,0.08169250144640053
Bosnia and Herzegovina,B3,0.07080870423175468
Botswana,A3,0.013060556657575006
Brazil,Ba2,0.032779436317051
British Virgin Islands,Ba2,0.032779436317051
Brunei,NR,0.006530278328787503
Bulgaria,Baa1,0.01741407554343334
Burkina Faso,Caa1,0.08169250144640053
Cambodia,B2,0.059924907017108855
Cameroon,Caa1,0.08169250144640053
Canada,Aaa,0
Cape Verde,B3,0.07080870423175468
Cayman Islands,Aa3,0.006530278328787503
Channel Islands,NR,0.009588220147283357
Chile,A2,0.009219216464170593
China,A1,0.007682680386808828
Colombia,Baa2,0.020743237044383835
Congo (Democratic Republic of),B3,0.07080870423175468
Congo (Republic of),Caa2,0.09808221960492602
Cook Islands,B1,0.04904110980246301
Costa Rica,B1,0.04904110980246301
Croatia,Baa2,0.020743237044383835
Cuba,Ca,0.13073361124886354
Curaçao,Baa2,0.020743237044383835
Cyprus,Baa2,0.020743237044383835
Czech Republic,Aa3,0.006530278328787503
Denmark,Aaa,0
Dominican Republic,Ba3,0.03918166997272502
Ecuador,Caa3,0.10896601681957188
Egypt,Caa1,0.08169250144640053
El Salvador,Caa3,0.10896601681957188
Estonia,A1,0.007682680386808828
Ethiopia,Caa2,0.09808221960492602
Falkland Islands,NR,0.04291508619362226
Fiji,B1,0.04904110980246301
Finland,Aa1,0.004353518885858335
France,Aa2,0.005377876270766179
French Guiana,NR,0.04291508619362226
Gabon,Caa1,0.08169250144640053
Gambia,NR,0.04904110980246301
Georgia,Ba2,0.032779436317051
Germany,Aaa,0
Ghana,Caa3,0.10896601681957188
Gibraltar,NR,0.009588220147283357
Greece,Ba1,0.027273515373171343
Greenland,NR,0
Guatemala,Ba1,0.027273515373171343
Guernsey (States of),A1,0.007682680386808828
Guinea,NR,0.09808221960492602
Guinea-Bissau,NR,0.05992490701710884
Guyana,NR,0.017414075543433345
Haiti,NR,0.10896601681957191
Honduras,B1,0.04904110980246301
Hong Kong,Aa3,0.006530278328787503
Hungary,Baa2,0.020743237044383835
Iceland,A2,0.009219216464170593
India,Baa3,0.023944353872220846
Indonesia,Baa2,0.020743237044383835
Iran,NR,0.07080870423175468
Iraq,Caa1,0.08169250144640053
Ireland,Aa3,0.006530278328787503
Isle of Man,Aa3,0.006530278328787503
Israel,A1,0.007682680386808828
Italy,Baa3,0.023944353872220846
Ivory Coast,Ba3,0.03918166997272502
Jamaica,B1,0.04904110980246301
Japan,A1,0.007682680386808828
Jersey (States of),Aa3,0.006530278328787503
Jordan,B1,0.04904110980246301
Kazakhstan,Baa2,0.020743237044383835
Kenya,B3,0.07080870423175468
"Korea, D.P.R.",NR,0.175
Kuwait,A1,0.007682680386808828
Kyrgyzstan,B3,0.07080870423175468
Laos,Caa3,0.10896601681957188
Latvia,A3,0.013060556657575006
Lebanon,C,0.175
Liberia,NR,0.13073361124886354
Libya,NR,0.020743237044383835
Liechtenstein,Aaa,0
Lithuania,A2,0.009219216464170593
Luxembourg,Aaa,0
Macau,Aa3,0.006530278328787503
Macedonia,Ba3,0.03918166997272502
Madagascar,NR,0.07080870423175468
Malawi,NR,0.13073361124886354
Malaysia,A3,0.013060556657575006
Maldives,Caa1,0.08169250144640053
Mali,Caa2,0.09808221960492602
Malta,A2,0.009219216464170593
Martinique,NR,0
Mauritius,Baa3,0.023944353872220846
Mexico,Baa2,0.020743237044383835
Monaco,NR,0.009588220147283357
Moldova,B3,0.07080870423175468
Mongolia,B3,0.07080870423175468
Montenegro,B1,0.04904110980246301
Montserrat,Baa3,0.023944353872220846
Morocco,Ba1,0.027273515373171343
Mozambique,Caa2,0.09808221960492602
Myanmar,NR,0.10896601681957191
Namibia,B1,0.04904110980246301
Netherlands,Aaa,0
Netherlands Antilles,NR,0.1054310997313879
New Zealand,Aaa,0
Nicaragua,B3,0.07080870423175468
Niger,Caa2,0.09808221960492602
Nigeria,Caa1,0.08169250144640053
Norway,Aaa,0
Oman,Ba1,0.027273515373171343
Pakistan,Caa3,0.10896601681957188
Palestinian Authority,NR,0.016082653627874467
Panama,Baa2,0.020743237044383835
Papua New Guinea,B2,0.059924907017108855
Paraguay,Ba1,0.027273515373171343
Peru,Baa1,0.01741407554343334
Philippines,Baa2,0.020743237044383835
Poland,A2,0.009219216464170593
Portugal,A3,0.013060556657575006
Qatar,Aa3,0.006530278328787503
Ras Al Khaimah (Emirate of),A3,0.013060556657575006
Reunion,NR,0.012518555898193178
Romania,Baa3,0.023944353872220846
Russia,NR,0.04904110980246301
Rwanda,B2,0.059924907017108855
Saint Lucia,NR,0.1054310997313879
Saudi Arabia,A1,0.007682680386808828
Senegal,Ba3,0.03918166997272502
Serbia,Ba2,0.032779436317051
Sharjah,Ba1,0.027273515373171343
Sierra Leone,NR,0.10896601681957191
Singapore,Aaa,0
Slovakia,A2,0.009219216464170593
Slovenia,A3,0.013060556657575006
Solomon Islands,Caa1,0.08169250144640053
Somalia,NR,0.13073361124886354
South Africa,Ba2,0.032779436317051
South Korea,Aa2,0.005377876270766179
Spain,Baa1,0.01741407554343334
Sri Lanka,Ca,0.13073361124886354
St. Maarten,Ba2,0.032779436317051
St. Vincent & the Grenadines,B3,0.07080870423175468
Sudan,NR,0.175
Suriname,Caa3,0.10896601681957188
Swaziland,B3,0.07080870423175468
Sweden,Aaa,0
Switzerland,Aaa,0
Syria,NR,0.175
Taiwan,Aa3,0.006530278328787503
Tajikistan,B3,0.07080870423175468
Tanzania,B2,0.059924907017108855
Thailand,Baa1,0.01741407554343334
Togo,B3,0.07080870423175468
Trinidad &' Tobago,Ba2,0.032779436317051
Tunisia,Caa2,0.09808221960492602
Turkey,B3,0.07080870423175468
Turks & Caicos Islands,Baa1,0.01741407554343334
Uganda,B2,0.059924907017108855
Ukraine,Ca,0.13073361124886354
United Arab Emirates,Aa2,0.005377876270766179
United Kingdom,Aa3,0.006530278328787503
United States,Aaa,0
Uruguay,Baa2,0.020743237044383835
Uzbekistan,Ba3,0.03918166997272502
Venezuela,C,0.175
Vietnam,Ba2,0.032779436317051
Yemen,NR,0.10896601681957191
Zambia,Caa3,0.10896601681957188
Zimbabwe,NR,0.09808221960492602
Region,ERP,Default Spread
Africa,0.13493852306889545,0.06826267935109193
Asia,0.06010540500857857,0.012518555898193178
Australia & New Zealand,0.04334792361864193,3.5698901544265913e-05
Caribbean,0.1848348819700155,0.1054310997313879
Central and South America,0.10091091058162495,0.04291508619362226
Eastern Europe & Russia,0.09387938347719227,0.037670398345457844
Middle East,0.06488999089248985,0.016082653627874467
North America,0.0433,0
Western Europe,0.05617160629364337,0.009588220147283357
Global,0.061399999999999996,0.0135
