Name,Turnover Ratio,Tax Cost Ratio - 1 yr,Tax Cost Ratio - 3 yr,Tax Cost Ratio - 5 yr
American Beacon Balanced Y,0.47,0.0083,NA,NA
American Beacon Balanced A,0.47,0.0109,NA,NA
American Beacon Balanced C,0.47,0.0045000000000000005,NA,NA
American Beacon Balanced A Load Waived,0.47,0.0109,NA,NA
American Beacon Balanced Instl,0.47,0.0089,0.0105,0.013500000000000002
American Beacon Balanced Inv,0.47,0.0088,0.01,0.013600000000000001
American Beacon Balanced AMR,0.47,0.0105,0.012,0.0151
American AAdvantage Balanced Milg,0.47,NA,NA,NA
American Beacon Balanced Adv,0.47,0.0075,0.0092,0.0097
Vanguard Tax-Managed Balanced Adm,0.12,0.0044,0.005,0.005
UBS Global Allocation Y,0.68,0.0175,0.018799999999999997,0.0231
UBS Global Balanced,0.68,NA,NA,NA
UBS Global Allocation A,0.68,0.016399999999999998,0.0179,0.022400000000000003
UBS Global Allocation C,0.68,0.0132,0.015,0.0199
UBS Global Allocation B,0.68,0.006500000000000001,0.0102,0.017
UBS Global Allocation A Load Waived,0.68,0.016399999999999998,0.0179,0.022400000000000003
MainStay Balanced A Load Waived,2.21,0.0039000000000000003,0.0045000000000000005,0.0076
MainStay Balanced R3,2.21,0.0027,0.0033,0.006500000000000001
MainStay Balanced Inv,2.21,0.0032,0.0038,NA
MainStay Balanced I,2.21,0.0048,0.0054,0.0086
MainStay Balanced S,2.21,0.0074,NA,NA
MainStay Balanced C,2.21,0.0006,0.0012,0.0044
MainStay Balanced A,2.21,0.0039000000000000003,0.0045000000000000005,0.0076
MainStay Balanced B,2.21,0.0006,0.0012,0.0045000000000000005
MainStay Balanced R1,2.21,0.0044,0.005,0.0083
MainStay Balanced R2,2.21,0.0036,0.0042,0.0074
Fidelity Advisor Global Balanced A,1.97,0.0045000000000000005,0.004699999999999999,NA
Fidelity Advisor Global Balanced B,1.97,0.0014000000000000002,0.0026,NA
Fidelity Advisor Global Balanced C,1.97,0.0022,0.0033,NA
Fidelity Advisor Global Balanced T,1.97,0.0040999999999999995,0.0044,NA
Fidelity Advisor Global Balanced I,1.97,0.0055000000000000005,0.0053,NA
Fidelity Advisor Global Balanced A LW,1.97,0.0045000000000000005,0.004699999999999999,NA
Fidelity Global Balanced,1.97,0.0052,0.0051,0.0098
Schwab MarketTrack Growth Investor,0.17,0.0087,0.0068000000000000005,0.0092
Greenspring,0.5832,0.0158,0.0137,0.0121
JHancock Balanced B,0.67,0.0017000000000000001,0.0028000000000000004,0.005
JHancock Balanced A,0.67,0.0039000000000000003,0.0051,0.0072
JHancock Balanced R6,0.67,NA,NA,NA
JHancock Balanced R2,0.67,NA,NA,NA
JHancock Balanced I,0.67,0.0055000000000000005,0.0066,0.0087
JHancock Balanced C,0.67,0.0017000000000000001,0.0028000000000000004,0.0049
JHancock Balanced A Load Waived,0.67,0.0039000000000000003,0.0051,0.0072
JHancock Balanced R,0.67,NA,NA,NA
JHancock Balanced R1,0.67,0.0031,0.0039000000000000003,NA
JHancock Balanced R2(obs),0.67,NA,NA,NA
JHancock Balanced R3,0.67,0.0034999999999999996,0.0044,NA
JHancock Balanced R4,0.67,0.0044,0.0052,NA
JHancock Balanced R5,0.67,0.0054,0.0063,NA
DWS Lifecycle Long Range S,2.22,0.0055000000000000005,0.0075,0.016200000000000003
DWS Lifecycle Long Range Inst,2.22,0.006500000000000001,0.0084,0.0169
Columbia Strategic Allocation A LW,1.42,0.008199999999999999,0.008,0.0105
Columbia Strategic Allocation I,1.42,0.0097,0.0095,0.012
Columbia Strategic Allocation R,1.42,0.0074,0.006999999999999999,0.0097
RiverSource Strategic Allocation R3,1.42,0.006,0.011699999999999999,NA
RiverSource Strategic Allocation R5,1.42,0.0077,0.0129,NA
Columbia Strategic Allocation C,1.42,0.005699999999999999,0.0054,0.008100000000000001
Strategist Total Return,1.42,0.0206,0.0233,NA
Columbia Strategic Allocation R4,1.42,0.0087,0.008199999999999999,0.011000000000000001
Columbia Strategic Allocation B,1.42,0.0058,0.0053,0.008
Columbia Strategic Allocation A,1.42,0.008199999999999999,0.008,0.0105
Columbia Strategic Allocation Z,1.42,0.009300000000000001,NA,NA
DWS Global Income Builder A Load Waived,1.37,0.0055000000000000005,0.0068000000000000005,0.0079
DWS Balanced AARP,1.37,0.0088,NA,NA
DWS Global Income Builder S,1.37,0.0062,0.0076,0.0086
DWS Balanced R,1.37,NA,NA,NA
DWS Global Income Builder B,1.37,0.0021,0.0039000000000000003,0.0059
DWS Global Income Builder Instl,1.37,0.0067,0.008100000000000001,0.009000000000000001
DWS Global Income Builder C,1.37,0.0027,0.0039000000000000003,0.0049
DWS Global Income Builder A,1.37,0.0055000000000000005,0.0068000000000000005,0.0079
T. Rowe Price Personal Strat Income,0.563,0.0096,0.0092,0.011399999999999999
MainStay Income Builder A Load Waived,0.33,0.014499999999999999,0.013000000000000001,0.0152
MainStay Income Builder Inv,0.33,0.013300000000000001,0.011899999999999999,NA
MainStay Income Builder B,0.33,0.0111,0.009399999999999999,0.011899999999999999
MainStay Income Builder A,0.33,0.014499999999999999,0.013000000000000001,0.0152
MainStay Income Builder C,0.33,0.010700000000000001,0.0092,0.011699999999999999
MainStay Income Builder I,0.33,0.0152,0.0139,0.016200000000000003
Wells Fargo Advantage DJ Target Today C,0.46,0.0052,0.0053,0.006999999999999999
Wells Fargo Advantage DJ Target Today B,0.46,0.0046,0.0048,0.0066
Wells Fargo Advantage DJ Target Tod Adm,0.46,0.0085,0.0087,0.0104
Wells Fargo Advantage DJ Target Today A,0.46,0.008100000000000001,0.008100000000000001,0.0097
Wells Fargo Advantage DJ Target Tod Inv,0.46,0.0083,0.0086,0.0103
Wells Fargo Advantage DJ Target Today I,0.46,0.0097,0.0097,0.011200000000000002
Wells Fargo Advantage DJ Target Tod A LW,0.46,0.008100000000000001,0.008100000000000001,0.0097
MFS Global Total Return R5,0.46,NA,NA,NA
MFS Global Total Return A,0.46,0.009399999999999999,0.0083,0.0132
MFS Global Total Return C,0.46,0.0068000000000000005,0.005699999999999999,0.0106
MFS Global Total Return B,0.46,0.0068000000000000005,0.005699999999999999,0.0106
MFS Global Total Return I,0.46,0.0104,0.0092,0.0143
MFS Global Total Return R2,0.46,0.0086,0.0075,0.0125
MFS Global Total Return R,0.46,0.0227,0.019799999999999998,0.019299999999999998
MFS Global Total Return R1,0.46,0.0068000000000000005,0.005699999999999999,0.010700000000000001
MFS Global Total Return R2,0.46,0.022000000000000002,NA,NA
MFS Global Total Return R3,0.46,0.0095,0.0084,0.013300000000000001
MFS Global Total Return R4,0.46,0.0103,0.0092,0.0141
MFS Global Total Return A Load Waived,0.46,0.009399999999999999,0.0083,0.0132
BlackRock Managed Volatility Inv A LW,4.01,0.01,0.0077,0.0101
BlackRock Managed Volatility Svc,4.01,0.01,0.0079,0.0104
BlackRock Managed Volatility Inv A,4.01,0.01,0.0077,0.0101
State Street Research Asset Alloc B,4.01,0.0167,0.0115,0.0179
BlackRock Managed Volatility Instl,4.01,0.011000000000000001,0.0089,0.011200000000000002
BlackRock Managed Volatility Inv C,4.01,0.0079,0.005,0.0078000000000000005
BlackRock Managed Volatility Inv B,4.01,0.0075,0.0044,0.0074
JPMorgan Diversified Instl,0.76,0.0095,0.0089,0.0132
JP Morgan Balanced Sel,0.76,0.0072,0.0216,0.018000000000000002
JPMorgan Diversified Sel,0.76,0.0087,0.008100000000000001,0.0118
JP Morgan Balanced B,0.76,0.0039000000000000003,NA,NA
JP Morgan Balanced C,0.76,0.0036,NA,NA
JPMorgan Diversified A,0.76,0.0079,0.0073,0.0115
JPMorgan Diversified B,0.76,0.0062,0.0055000000000000005,0.0097
JPMorgan Diversified C,0.76,0.0063,0.005699999999999999,0.009899999999999999
JP Morgan Balanced A,0.76,0.0063,0.0208,NA
JPMorgan Diversified A Load Waived,0.76,0.0079,0.0073,0.0115
AllianceBern Balanced Shares K,0.87,0.006,0.0067,0.0096
AllianceBern Balanced Shares I,0.87,0.0074,0.008100000000000001,0.0109
AllianceBern Balanced Shares A LW,0.87,0.0059,0.006500000000000001,0.0095
AllianceBern Balanced Shares Adv,0.87,0.0068000000000000005,0.0075,0.0104
AllianceBern Balanced Shares R,0.87,0.004699999999999999,0.005600000000000001,0.0086
AllianceBern Balanced Shares A,0.87,0.0059,0.006500000000000001,0.0095
AllianceBern Balanced Shares B,0.87,0.0036,0.0043,0.0074
AllianceBern Balanced Shares C,0.87,0.0038,0.0044,0.0074
Wells Fargo Advantage DJ Target 2010 A,0.43,0.006500000000000001,0.0077,0.009300000000000001
Wells Fargo Advantage DJ Target 2010 Adm,0.43,0.006999999999999999,0.0083,0.01
Wells Fargo Advantage DJ Target 2010 C,0.43,0.0039000000000000003,0.005,0.0067
Wells Fargo Advantage DJ Target 2010 B,0.43,0.0033,0.004699999999999999,0.0066
Wells Fargo Advantage DJ Target 2010 I,0.43,0.008199999999999999,0.009399999999999999,0.011000000000000001
Wells Fargo Advantage DJ Target 201 A LW,0.43,0.006500000000000001,0.0077,0.009300000000000001
Wells Fargo Advantage DJ Target 2010 Inv,0.43,0.0068000000000000005,0.008100000000000001,0.009899999999999999
Oppenheimer Balanced A Load Waived,0.55,0.0036,0.0027,0.008
Oppenheimer Balanced N,0.55,0.0023,0.0019,0.0070999999999999995
Oppenheimer Balanced A,0.55,0.0036,0.0027,0.008
Oppenheimer Balanced C,0.55,0.001,0.0011,0.0060999999999999995
Oppenheimer Balanced B,0.55,0.0007000000000000001,0.001,0.0060999999999999995
Virtus Balanced A Load Waived,1.09,0.005600000000000001,0.0062,0.0102
Virtus Balanced C,1.09,0.003,0.0037,0.0076
Virtus Balanced A,1.09,0.005600000000000001,0.0062,0.0102
Virtus Balanced B,1.09,0.0032,0.0038,0.0078000000000000005
Putnam Dynamic Asset Allocation: Cn A LW,2.88,0.0059,0.0132,0.013300000000000001
Putnam Dynamic Asset Allocation: Cnsrv C,2.88,0.0033,0.0108,0.0108
Putnam Dynamic Asset Allocation: Cnsrv Y,2.88,0.0068000000000000005,0.0141,0.014199999999999999
Putnam Dynamic Asset Allocation: Cnsrv A,2.88,0.0059,0.0132,0.013300000000000001
Putnam Dynamic Asset Allocation: Cnsrv M,2.88,0.0040999999999999995,0.0116,0.0116
Putnam Dynamic Asset Allocation: Cnsrv B,2.88,0.0034000000000000002,0.011000000000000001,0.0109
Putnam Dynamic Asset Allocation: Cnsrv R,2.88,0.0049,0.0121,0.012199999999999999
American Century Balanced Inv,0.87,0.006500000000000001,0.0066,0.0098
American Century Balanced Instl,0.87,0.0072,0.0072,0.0104
American Century Balanced Adv,0.87,0.013000000000000001,0.011200000000000002,0.009000000000000001
Waddell & Reed Continental Inc A,0.32,0.0078000000000000005,0.0079,0.0088
Waddell & Reed Continental Inc Y,0.32,0.0088,0.009000000000000001,0.009899999999999999
Waddell & Reed Continental Inc B,0.32,0.0040999999999999995,0.0043,0.0054
Waddell & Reed Continental Inc C,0.32,0.0045000000000000005,0.004699999999999999,0.005699999999999999
Waddell & Reed Continental Inc A LW,0.32,0.0078000000000000005,0.0079,0.0088
Wells Fargo Advantage Idx Asst Allo A,0.18,0.0053,0.005699999999999999,0.0087
Wells Fargo Advantage Idx Asst Allo B,0.18,0.0024,0.0026,0.005699999999999999
Wells Fargo Advantage Idx Asst Allo C,0.18,0.0026,0.0028000000000000004,0.0059
Wells Fargo Advantage Idx Asst Allo Adm,0.18,0.0062,0.0066,0.0096
Wells Fargo Advantage Idx Asst Allo A LW,0.18,0.0053,0.005699999999999999,0.0087
USAA Cornerstone Moderate,1.45,0.0106,0.0118,0.0147
GE Instl Strategic Investment Inv,1.87,0.0075,0.0063,0.0075
GE Instl Strategic Investment Svc,1.87,0.006999999999999999,0.005,0.0066
Wells Fargo Advantage WB Growth Balanced,1.4,0.0038,0.0034000000000000002,0.008100000000000001
Fidelity Asset Manager 85%,0.2,0.0054,0.004699999999999999,0.005600000000000001
Fidelity Advisor Asset Manager 85% A,0.2,0.0045000000000000005,0.0040999999999999995,0.0051
Fidelity Advisor Asset Manager 85% B,0.2,0.001,0.0011,0.0024
Fidelity Advisor Asset Manager 85% C,0.2,0.002,0.0019,0.0029
Fidelity Advisor Asset Manager 85% I,0.2,0.0054,0.005,0.006
Fidelity Advisor Asset Manager 85% T,0.2,0.0034999999999999996,0.0032,0.0044
Fidelity Advisor Asset Manager 85% A LW,0.2,0.0045000000000000005,0.0040999999999999995,0.0051
Leuthold Core Investment I,0.8315,0.0098,0.0040999999999999995,0.0127
Leuthold Core Investment Retail,0.8315,0.009300000000000001,0.0037,0.0124
Goldman Sachs Balanced Strat A LW,0.38,0.005600000000000001,0.009000000000000001,0.011200000000000002
Goldman Sachs Balanced Strat IR,0.38,0.0066,0.009899999999999999,NA
Goldman Sachs Balanced Strat R,0.38,0.0048,0.0083,NA
Goldman Sachs Balanced Strat A,0.38,0.005600000000000001,0.009000000000000001,0.011200000000000002
Goldman Sachs Balanced Strat C,0.38,0.0029,0.0063,0.0086
Goldman Sachs Balanced Strat Instl,0.38,0.006999999999999999,0.0103,0.0126
Goldman Sachs Balanced Strategy Svc,0.38,0.0052,0.0086,0.0108
Goldman Sachs Balanced Strat B,0.38,0.003,0.0064,0.0087
Goldman Sachs Growth Strat B,0.35,0.0052,0.0055000000000000005,0.009399999999999999
Goldman Sachs Growth Strat Svc,0.35,0.0079,0.0078000000000000005,0.0118
Goldman Sachs Growth Strat Instl,0.35,0.009899999999999999,0.0097,0.0137
Goldman Sachs Growth Strat A,0.35,0.008199999999999999,0.008199999999999999,0.012199999999999999
Goldman Sachs Growth Strat C,0.35,0.0052,0.0055000000000000005,0.009300000000000001
Goldman Sachs Growth Strat IR,0.35,0.0097,0.0095,NA
Goldman Sachs Growth Strat R,0.35,0.008,0.0085,NA
Goldman Sachs Growth Strat A LW,0.35,0.008199999999999999,0.008199999999999999,0.012199999999999999
Russell LifePoints Cnsrv Strat A LW,0.19,0.0092,0.0115,0.013999999999999999
Russell LifePoints Cnsrv Strat R1,0.19,0.010700000000000001,0.0126,0.015
Russell LifePoints Cnsrv Strat R2,0.19,0.009899999999999999,0.0118,0.014199999999999999
Russell LifePoints Cnsrv Strat C,0.19,0.0068000000000000005,0.0091,0.011699999999999999
Russell LifePoints Cnsrv Strat S,0.19,0.01,0.0123,0.0148
Russell LifePoints Cnsrv Strat E,0.19,0.009000000000000001,0.011399999999999999,0.0139
Russell LifePoints Cnsrv Strat R3,0.19,0.0089,0.0108,0.0132
Russell LifePoints Cnsrv Strat A,0.19,0.0092,0.0115,0.013999999999999999
American Century Strat Alloc: Con A LW,0.78,0.0144,0.0146,NA
American Century Strat Alloc: Con A,0.78,0.0144,0.0146,NA
American Century Strat Allc Cnsrv B,0.78,0.0052,0.0036,0.0070999999999999995
American Century Strat Allc Cnsrv C,0.78,0.005,0.0034999999999999996,0.006999999999999999
American Century Strat Allc Cnsrv R,0.78,0.006500000000000001,0.0052,0.0087
American Century Strat Allc Cnsrv A LW,0.78,0.0074,0.0060999999999999995,0.0096
American Century Strat Allc Cnsrv Inv,0.78,0.008199999999999999,0.006999999999999999,0.0104
American Century Strat Allc Cnsrv A,0.78,0.0074,0.0060999999999999995,0.0096
American Century Strat Allc Cnsrv Instl,0.78,0.0089,0.0076,0.0111
Maxim Moderate Profile II,0.34,0.018600000000000002,0.0129,0.016
Maxim Moderate Profile II L,0.34,NA,NA,NA
Legg Mason Lifestyle Allocation 85% A,0.36,0.0036,0.0042,0.0105
Legg Mason Lifestyle Allocation 85% C,0.36,0.0018,0.0031,0.0095
Legg Mason Lifestyle Allocation 85% B,0.36,0.0009,0.0018,0.0085
Legg Mason Lifestyle Allocation 85% A LW,0.36,0.0036,0.0042,0.0105
Legg Mason Lifestyle Allocation 85% I,0.36,0.0045000000000000005,0.005600000000000001,NA
Loomis Sayles Global Equity and Income Y,0.65,0.0060999999999999995,0.0070999999999999995,0.0092
Loomis Sayles Global Equity and Income C,0.65,0.0029,0.004,0.0063
Loomis Sayles Global Equity and Income A,0.65,0.0054,0.0064,0.0086
Loomis Sayles Global Equity and Inc A LW,0.65,0.0054,0.0064,0.0086
Janus Aspen Balanced Svc,1.08,0.0152,0.013000000000000001,0.0131
Janus Aspen Balanced Instl,1.08,0.016399999999999998,0.014199999999999999,0.0143
Hartford Balanced A Load Waived,0.43,0.0048,0.0045000000000000005,0.012
Hartford Balanced R3,0.43,0.0040999999999999995,0.0039000000000000003,0.011200000000000002
Hartford Balanced R4,0.43,0.005,0.0048,0.0121
Hartford Balanced R5,0.43,0.0060999999999999995,0.0058,0.0131
Hartford Balanced A,0.43,0.0048,0.0045000000000000005,0.012
Hartford Balanced B,0.43,0.0015,0.0014000000000000002,0.0091
Hartford Balanced Y,0.43,0.0063,0.006,0.0134
Hartford Balanced C,0.43,0.0022,0.0019,0.009399999999999999
Vantagepoint Mdl Port Cnsrv Growth,0.14,0.0063,0.0063,0.0097
Principal LifeTime Strategic Inc R3,0.198,0.008199999999999999,0.0096,0.0128
Principal LifeTime Strategic Inc R5,0.198,0.0092,0.0105,0.0138
Principal LifeTime Strategic Inc Instl,0.198,0.0101,0.0113,0.0147
Principal LifeTime Strategic Inc R2,0.198,0.0075,0.0086,0.011899999999999999
Principal LifeTime Strategic Inc R4,0.198,0.009000000000000001,0.0102,0.013500000000000002
Principal LifeTime Strategic Inc J,0.198,0.0089,0.009899999999999999,0.013000000000000001
Principal LifeTime Strategic Inc B,0.198,0.005699999999999999,0.0077,0.0109
Principal LifeTime Strategic Inc R1,0.198,0.0069,0.0086,0.0116
Principal LifeTime Strategic Inc A,0.198,0.0088,0.0101,0.013300000000000001
Principal LifeTime Strategic Inc A LW,0.198,0.0088,0.0101,0.013300000000000001
Principal LifeTime Strategic Inc C,0.198,0.0176,NA,NA
Nationwide Inv Dest Mod Cnsrv A,0.1789,0.0079,0.0077,0.0105
Nationwide Inv Dest Mod Cnsrv C,0.1789,0.0055000000000000005,0.0053,0.008100000000000001
Nationwide Inv Dest Mod Cnsrv Svc,0.1789,0.0074,0.0072,0.0101
Nationwide Inv Dest Mod Cnsrv B,0.1789,0.0055000000000000005,0.0052,0.008100000000000001
Nationwide Inv Dest Mod Cnsrv A LW,0.1789,0.0079,0.0077,0.0105
Nationwide Inv Dest Mod Cnsrv Instl,0.1789,0.0088,0.0086,0.011399999999999999
Nationwide Inv Dest Mod Cnsrv R2,0.1789,0.0066,0.006500000000000001,0.009399999999999999
ING Balanced Port I,2.59,0.0105,0.0096,0.0152
ING Balanced Port S,2.59,0.0095,0.0088,0.0143
ING Balanced Port Adv,2.59,0.0137,0.0196,NA
ING Balanced Port S2,2.59,0.017,NA,NA
BlackRock Balanced Capital Inv A LW,0.94,0.0066,0.0074,0.0124
BlackRock Balanced Capital R,0.94,0.0055000000000000005,0.0064,0.011699999999999999
BlackRock Balanced Capital Instl,0.94,0.0077,0.0084,0.013500000000000002
BlackRock Balanced Capital Inv A,0.94,0.0066,0.0074,0.0124
BlackRock Balanced Capital Inv C,0.94,0.0045000000000000005,0.0053,0.0106
BlackRock Balanced Capital Inv B,0.94,0.0029,0.0038,0.0091
ING MFS Total Return Port S2,0.19,0.0078000000000000005,0.0058,0.0149
ING MFS Total Return Port I,0.19,0.0091,0.0066,0.0163
ING MFS Total Return Port S,0.19,0.008199999999999999,0.006,0.015300000000000001
ING MFS Total Return Port Adv,0.19,0.008,0.005600000000000001,0.0138
ING Invesco VanKampen Eq & Inc Port S2,0.2,0.0072,0.0060999999999999995,NA
ING Invesco VanKampen Eq & Inc Port I,0.2,0.0083,0.006999999999999999,0.013000000000000001
ING Invesco VanKampen Eq & Inc Port Adv,0.2,0.0068000000000000005,0.0055000000000000005,0.0111
ING Invesco VanKampen Eq & Inc Port S,0.2,0.0074,0.0062,0.012199999999999999
State Farm LifePath Retirement R1,0.04,0.0046,0.0055000000000000005,0.0069
State Farm LifePath Retirement R2,0.04,0.0051,0.006,0.0075
State Farm LifePath Retirement R3,0.04,0.0060999999999999995,0.0069,0.0083
State Farm LifePath Retirement A LW,0.04,0.005699999999999999,0.006500000000000001,0.008100000000000001
State Farm LifePath Retirement Lega A LW,0.04,0.0055000000000000005,0.0063,0.0078000000000000005
State Farm LifePath Retirement A,0.04,0.005699999999999999,0.006500000000000001,0.008100000000000001
State Farm LifePath Retirement B,0.04,0.0036,0.0045000000000000005,0.0059
State Farm LifePath Retirement Legacy A,0.04,0.0055000000000000005,0.0063,0.0078000000000000005
State Farm LifePath Retirement Legacy B,0.04,0.0042,0.0052,0.006500000000000001
State Farm LifePath Retirement Inst,0.04,0.0063,0.0070999999999999995,0.0087
State Farm LifePath 2040 Legacy A,0.08,0.0022,0.0024,0.0043
State Farm LifePath 2040 Legacy B,0.08,0.0014000000000000002,0.0017000000000000001,0.0034000000000000002
State Farm LifePath 2040 Inst,0.08,0.0026,0.0029,0.0049
State Farm LifePath 2040 A,0.08,0.0022,0.0025,0.0044
State Farm LifePath 2040 B,0.08,0.0012,0.0014000000000000002,0.0031
State Farm LifePath 2040 Legacy A LW,0.08,0.0022,0.0024,0.0043
State Farm LifePath 2040 A Load Waived,0.08,0.0022,0.0025,0.0044
State Farm LifePath 2040 R1,0.08,0.0016,0.0019,0.0037
State Farm LifePath 2040 R2,0.08,0.002,0.0023,0.0042
State Farm LifePath 2040 R3,0.08,0.0024,0.0027,0.0048
Fidelity Advisor Freedom 2010 A LW,0.25,0.0095,0.009000000000000001,0.0105
Fidelity Advisor Freedom 2010 A,0.25,0.0095,0.009000000000000001,0.0105
Fidelity Advisor Freedom 2010 B,0.25,0.0066,0.0062,0.0077
Fidelity Advisor Freedom 2010 C,0.25,0.0068000000000000005,0.006500000000000001,0.0079
Fidelity Advisor Freedom 2010 I,0.25,0.0103,0.0098,0.0113
Fidelity Advisor Freedom 2010 T,0.25,0.0086,0.008100000000000001,0.0096
PL Port Optimization Mod-Agrsv 529 A LW,0.07519999999999999,0.0045000000000000005,0.009899999999999999,0.009300000000000001
PL Port Optimization Mod-Agrsv 529 A LW,0.07519999999999999,0.0101,0.0067,NA
PL Port Optimization Mod-Agrsv A LW,0.07519999999999999,0.0039000000000000003,0.0045000000000000005,0.0076
PL Port Optimization Mod-Agrsv R,0.07519999999999999,0.003,0.0038,0.0069
PL Port Optimization Mod-Agrsv A,0.07519999999999999,0.0039000000000000003,0.0045000000000000005,0.0076
PL Port Optimization Mod-Agrsv B,0.07519999999999999,0.0014000000000000002,0.0022,0.0054
PL Port Optimization Mod-Agrsv C,0.07519999999999999,0.0013,0.0022,0.0053
PL Port Optimization Mod-Agrsv 529 MT A,0.07519999999999999,0.0045000000000000005,0.009899999999999999,0.009300000000000001
PL Port Optimization Mod-Agrsv 529 MT B,0.07519999999999999,0.0023,0.0078000000000000005,0.0076
PL Port Optimization Mod-Agrsv 529 MT C,0.07519999999999999,0.0023,0.0075,0.0075
PL Port Optimization Mod-Agrsv 529 AZ A,0.07519999999999999,0.0101,0.0067,NA
PL Port Optimization Mod-Agrsv 529 AZ B,0.07519999999999999,0.0095,0.0058,NA
PL Port Optimization Mod-Agrsv 529 AZ C,0.07519999999999999,0.0091,0.005699999999999999,NA
Columbia Portfolio Builder Aggressive Z,0.83,0.0063,NA,NA
Columbia Portfolio Builder Aggressive R,0.83,0.0042,NA,NA
Columbia Port Builder Aggressive A,0.83,0.0051,0.005699999999999999,0.0104
Columbia Port Builder Aggressive B,0.83,0.0017000000000000001,0.0028000000000000004,0.0075
Columbia Port Builder Aggressive C,0.83,0.0027,0.0034999999999999996,0.008100000000000001
Columbia Port Builder Aggressive R4,0.83,0.005600000000000001,0.0060999999999999995,0.011200000000000002
Columbia Port Builder Aggressive A LW,0.83,0.0051,0.005699999999999999,0.0104
Columbia Port Builder Mod Cnsrv A LW,0.88,0.0095,0.0096,0.012199999999999999
Columbia Port Builder Mod Cnsrv A,0.88,0.0095,0.0096,0.012199999999999999
Columbia Port Builder Mod Cnsrv B,0.88,0.0072,0.006999999999999999,0.0098
Columbia Port Builder Mod Cnsrv C,0.88,0.0070999999999999995,0.0070999999999999995,0.0098
Columbia Port Builder Mod Cnsrv R4,0.88,0.0095,0.0098,0.0129
Columbia Port Bldr Mod Conservative Z,0.88,0.0104,NA,NA
Columbia Port Bldr Mod Conservative R,0.88,0.0086,NA,NA
AllianceBern Cnsrv Wlth Strat K,0.04,0.0079,0.0079,0.0108
AllianceBern Cnsrv Wlth Strat I,0.04,0.0089,0.0089,0.0118
AllianceBern Cnsrv Wlth Strat A LW,0.04,0.0079,0.008,0.0109
AllianceBern Cnsrv Wlth Strat R,0.04,0.006500000000000001,0.0067,0.0096
AllianceBern Cnsrv Wlth Strat C,0.04,0.0053,0.0055000000000000005,0.0084
AllianceBern Cnsrv Wlth Strat A,0.04,0.0079,0.008,0.0109
AllianceBern Cnsrv Wlth Strat Adv,0.04,0.009000000000000001,0.009000000000000001,0.011899999999999999
AllianceBern Cnsrv Wlth Strat B,0.04,0.0054,0.005600000000000001,0.0084
Fidelity Freedom 2005,0.29,0.0097,0.0096,0.0116
Hartford Growth Allocation I,0.36,0.0048,0.0038,0.0095
Hartford Growth Allocation R3,0.36,0.003,0.0025,0.0079
Hartford Growth Allocation R4,0.36,0.0037,0.0027,0.0086
Hartford Growth Allocation R5,0.36,0.004699999999999999,0.0037,0.009399999999999999
Hartford Growth Allocation A,0.36,0.0036,0.0026,0.008199999999999999
Hartford Growth Allocation B,0.36,0.0004,0.0001,0.005600000000000001
Hartford Growth Allocation C,0.36,0.0008,0.0003,0.005600000000000001
Hartford Growth Allocation A LW,0.36,0.0036,0.0026,0.008199999999999999
Hartford Balanced Allocation A LW,0.36,0.0062,0.005600000000000001,0.0095
Hartford Balanced Allocation A,0.36,0.0062,0.005600000000000001,0.0095
Hartford Balanced Allocation B,0.36,0.0036,0.0029,0.0068000000000000005
Hartford Balanced Allocation C,0.36,0.0037,0.0031,0.0069
Hartford Balanced Allocation R3,0.36,0.0052,0.0048,0.0086
Hartford Balanced Allocation R4,0.36,0.0060999999999999995,0.0055000000000000005,0.0095
Hartford Balanced Allocation R5,0.36,0.0070999999999999995,0.006500000000000001,0.0104
Hartford Balanced Allocation I,0.36,0.0072,0.0066,0.0105
GuideStone Funds Capital Opp GS8,0.1,0.018600000000000002,NA,NA
GuideStone Funds Growth Allocation GS4,0.1,0.0079,0.0068000000000000005,0.0144
GuideStone Funds Growth Allocation GS6,0.1,0.0475,0.0333,0.024399999999999998
PMFM Managed Portfolio Trust Advisor,10.18,NA,NA,NA
Stadion Managed Portfolio A,10.18,0.004,0.0025,0.0073
Stadion Managed Portfolio A Load Waived,10.18,0.004,0.0025,0.0073
PMFM Managed Portfolio Trust,10.18,0.0149,0.0152,NA
Stadion Managed Portfolio C,10.18,0.0040999999999999995,NA,NA
Stadion Managed Portfolio I,10.18,0.004,NA,NA
Invesco Growth Allocation S,0.28,0.0026,NA,NA
Invesco Growth Allocation A,0.28,0.0023,0.0067,0.008199999999999999
Invesco Growth Allocation B,0.28,0.0001,0.0033,0.0058
Invesco Growth Allocation C,0.28,0.0001,0.0033,0.005699999999999999
Invesco Growth Allocation I,0.28,0.0031,0.008100000000000001,0.009300000000000001
Invesco Growth Allocation R,0.28,0.0016,0.005600000000000001,0.0074
Invesco Growth Allocation A Load Waived,0.28,0.0023,0.0067,0.008199999999999999
Invesco Growth Allocation Y,0.28,0.0031,0.0078000000000000005,NA
BlackRock LifePath Retirement K,0.04,0.013000000000000001,0.010700000000000001,NA
BlackRock LifePath Retirement Investor A,0.04,0.012,0.0095,0.0111
BlackRock LifePath Retirement R,0.04,0.0102,NA,NA
BlackRock LifePath Retirement Investor C,0.04,0.0092,NA,NA
BlackRock LifePath Retirement Inves A LW,0.04,0.012,0.0095,0.0111
BlackRock LifePath Retirement Instl,0.04,0.011699999999999999,0.009399999999999999,0.011000000000000001
BlackRock LifePath 2030 Institutional,0.03,0.008,0.0072,0.0092
BlackRock LifePath 2030 Investor A LW,0.03,0.0074,0.0066,0.0087
BlackRock LifePath 2030 Investor C,0.03,0.0059,NA,NA
BlackRock LifePath 2030 R,0.03,0.0064,NA,NA
BlackRock LifePath 2030 Investor A,0.03,0.0074,0.0066,0.0087
BlackRock LifePath 2030 K,0.03,0.009300000000000001,0.0084,NA
BlackRock LifePath 2040 K,0.04,0.008,0.0073,NA
BlackRock LifePath 2040 Investor A,0.04,0.0062,0.006,0.0072
BlackRock LifePath 2040 R,0.04,0.0052,NA,NA
BlackRock LifePath 2040 Investor C,0.04,0.0046,NA,NA
BlackRock LifePath 2040 Investor A LW,0.04,0.0062,0.006,0.0072
BlackRock LifePath 2040 Institutional,0.04,0.0067,0.006500000000000001,0.0077
Wells Fargo Advantage WB Cons Allocation,1.68,0.0105,0.0083,0.0104
Wells Fargo Advantage WB Mod Balanced,1.42,0.0062,0.0059,0.0085
Invesco Moderate Allocation A LW,0.26,0.0026,0.009899999999999999,0.0125
Invesco Moderate Allocation Y,0.26,0.0034000000000000002,0.010700000000000001,NA
Invesco Moderate Allocation A,0.26,0.0026,0.009899999999999999,0.0125
Invesco Moderate Allocation B,0.26,0.0001,0.0077,0.0101
Invesco Moderate Allocation C,0.26,0.0001,0.0075,0.009899999999999999
Invesco Moderate Allocation Instl,0.26,0.0034999999999999996,0.010700000000000001,0.0134
Invesco Moderate Allocation R,0.26,0.0018,0.0091,0.011699999999999999
Invesco Moderate Allocation S,0.26,0.003,NA,NA
TIAA-CREF Lifecycle 2010 Premier,0.08,0.0111,NA,NA
TIAA-CREF Lifecycle 2010 Retire,0.08,0.0092,0.008100000000000001,0.009000000000000001
TIAA-CREF Lifecycle 2010 Instl,0.08,0.0115,0.0101,0.011000000000000001
Oppenheimer Moderate Inv A,0.12,0.0085,0.0053,0.01
Oppenheimer Moderate Inv B,0.12,0.005600000000000001,0.0033,0.0077
Oppenheimer Moderate Inv C,0.12,0.006,0.0036,0.0079
Oppenheimer Moderate Inv N,0.12,0.0075,0.0046,0.009300000000000001
Oppenheimer Moderate Inv Y,0.12,0.009300000000000001,0.0064,0.011200000000000002
Oppenheimer Moderate Inv A Load Waived,0.12,0.0085,0.0053,0.01
American Century One Choice Agrsv Inv,0.11,0.0058,0.0052,0.0089
American Century One Choice Cnsrv Inv,0.1,0.0079,0.0078000000000000005,0.0106
American Century One Choice Mod Inv,0.11,0.0067,0.006500000000000001,0.0098
American Century LIVESTRONG 2015 Inv,0.04,0.008,0.0070999999999999995,0.01
American Century LIVESTRONG 2015 Instl,0.04,0.0087,0.0078000000000000005,0.0106
American Century LIVESTRONG 2015 A,0.04,0.0072,0.0063,0.0091
American Century LIVESTRONG 2015 R,0.04,0.0063,0.0054,0.0083
American Century LIVESTRONG 2015 C,0.04,0.0046,NA,NA
American Century LIVESTRONG 2015 A LW,0.04,0.0072,0.0063,0.0091
American Century LIVESTRONG 2035 A LW,0.03,0.005699999999999999,0.0046,0.0073
American Century LIVESTRONG 2035 C,0.03,0.0031,NA,NA
American Century LIVESTRONG 2035 A,0.03,0.005699999999999999,0.0046,0.0073
American Century LIVESTRONG 2035 R,0.03,0.0048,0.0037,0.006500000000000001
American Century LIVESTRONG 2035 Inv,0.03,0.006500000000000001,0.0055000000000000005,0.008199999999999999
American Century LIVESTRONG 2035 Instl,0.03,0.0072,0.0060999999999999995,0.0089
American Century LIVESTRONG 2045 Inv,0.02,0.006,0.005,0.0078000000000000005
American Century LIVESTRONG 2045 Instl,0.02,0.0067,0.005699999999999999,0.0085
American Century LIVESTRONG 2045 A,0.02,0.0051,0.0040999999999999995,0.0069
American Century LIVESTRONG 2045 R,0.02,0.0043,0.0032,0.0060999999999999995
American Century LIVESTRONG 2045 C,0.02,0.0026,NA,NA
American Century LIVESTRONG 2045 A LW,0.02,0.0051,0.0040999999999999995,0.0069
Thrivent Moderately Cnsrv Allocation A,0.46,0.0040999999999999995,0.0039000000000000003,0.0048
Thrivent Moderately Cnsrv Allocation I,0.46,0.0046,0.0043,0.0052
Thrivent Moderately Cnsrv Allocatio A LW,0.46,0.0040999999999999995,0.0039000000000000003,0.0048
Lord Abbett Growth & Inc Strat A,0.25,0.009300000000000001,0.0085,0.0137
Lord Abbett Growth & Inc Strat B,0.25,0.006999999999999999,0.0064,0.011699999999999999
Lord Abbett Growth & Inc Strat C,0.25,0.0069,0.0063,0.0115
Lord Abbett Growth & Inc Strat P,0.25,0.0087,0.0079,0.0132
Lord Abbett Growth & Inc Strat I,0.25,0.0102,0.0095,0.0148
Lord Abbett Growth & Inc Strat A LW,0.25,0.009300000000000001,0.0085,0.0137
Lord Abbett Growth & Inc Strat F,0.25,0.0098,0.0092,NA
Lord Abbett Growth & Inc Strat R2,0.25,0.008,0.0075,NA
Lord Abbett Growth & Inc Strat R3,0.25,0.0085,0.008,NA
Lord Abbett Div Income Strategy F,0.4647,0.0184,0.0196,NA
Lord Abbett Div Income Strategy R2,0.4647,0.0165,0.0177,NA
Lord Abbett Div Income Strategy R3,0.4647,0.0171,0.0183,NA
Lord Abbett Div Income Strategy A LW,0.4647,0.0179,0.0189,0.0207
Lord Abbett Div Income Strategy A,0.4647,0.0179,0.0189,0.0207
Lord Abbett Div Income Strategy B,0.4647,0.0158,0.0168,0.018500000000000003
Lord Abbett Div Income Strategy C,0.4647,0.015300000000000001,0.0165,0.0182
Lord Abbett Div Income Strategy P,0.4647,0.017,0.0183,0.020099999999999996
Lord Abbett Div Income Strategy I,0.4647,0.018799999999999997,0.02,0.0218
ING Solution 2045 Port Adv,0.77,0.0039000000000000003,0.005,0.0053
ING Solution 2045 Port S,0.77,0.004699999999999999,0.005699999999999999,0.0058
ING Solution 2045 Port I,0.77,0.0055000000000000005,0.0064,0.0063
ING Solution 2045 Port T,0.77,0.0026,0.0037,0.004
ING Solution 2045 Port S2,0.77,0.0048,0.0062,NA
ING Solution 2015 Port S2,0.74,0.012,0.012199999999999999,NA
ING Solution 2015 Port Adv,0.74,0.0111,0.0108,0.009000000000000001
ING Solution 2015 Port S,0.74,0.0118,0.0115,0.009399999999999999
ING Solution 2015 Port I,0.74,0.0126,0.012199999999999999,0.01
ING Solution 2015 Port T,0.74,0.0101,0.0097,0.0073
Templeton Global Balanced A1,0.1902,0.0149,0.012,0.0184
Templeton Global Balanced C1,0.1902,0.013600000000000001,0.0106,0.017
Templeton Global Balanced R,0.1902,0.0139,0.0111,0.0176
Templeton Global Balanced Adv,0.1902,0.015700000000000002,0.0128,0.0192
Templeton Global Balanced A1 LW,0.1902,0.0149,0.012,0.0184
Templeton Global Balanced A,0.1902,NA,NA,NA
Templeton Global Balanced C,0.1902,NA,NA,NA
Templeton Global Balanced A Load Waived,0.1902,NA,NA,NA
Westwood Income Opportunity Instl,0.26,0.0089,0.0097,0.011399999999999999
Westwood Income Opportunity A,0.26,0.008199999999999999,0.009000000000000001,NA
Westwood Income Opportunity A LW,0.26,0.008199999999999999,0.009000000000000001,NA
JHVIT Core Strategy Trust Ser II,0.08,0.0072,0.006500000000000001,0.0072
JHVIT Core Strategy Trust Ser NAV,0.08,0.008100000000000001,0.0073,NA
JHVIT Core Strategy Trust Ser I,0.08,0.0079,0.0072,NA
Columbia Income Builder R,0.31,0.011699999999999999,NA,NA
Columbia Income Builder Z,0.31,0.0134,NA,NA
Columbia Income Builder A Load Waived,0.31,0.0124,0.0134,0.0144
Columbia Income Builder A,0.31,0.0124,0.0134,0.0144
Columbia Income Builder B,0.31,0.0102,0.0103,0.0115
Columbia Income Builder C,0.31,0.01,0.0103,0.0115
Columbia Income Builder R4,0.31,0.0126,0.013500000000000002,0.015300000000000001
JPMorgan SmartRetirement 2040 Instl,0.13,0.0073,0.0075,0.010700000000000001
JPMorgan SmartRetirement 2040 A,0.13,0.006500000000000001,0.0067,0.0098
JPMorgan SmartRetirement 2040 C,0.13,0.0046,0.0048,0.0083
JPMorgan SmartRetirement 2040 Select,0.13,0.0068000000000000005,0.006999999999999999,0.0103
JPMorgan SmartRetirement 2040 A LW,0.13,0.006500000000000001,0.0067,0.0098
JPMorgan SmartRetirement 2040 R2,0.13,0.0059,0.006,NA
JPMorgan SmartRetirement 2015 R2,0.12,0.0086,0.0092,NA
JPMorgan SmartRetirement 2015 A LW,0.12,0.0092,0.009899999999999999,0.012
JPMorgan SmartRetirement 2015 A,0.12,0.0092,0.009899999999999999,0.012
JPMorgan SmartRetirement 2015 C,0.12,0.0070999999999999995,0.008,0.0103
JPMorgan SmartRetirement 2015 Select,0.12,0.0095,0.0102,0.0125
JPMorgan SmartRetirement 2015 Instl,0.12,0.01,0.010700000000000001,0.013000000000000001
MFS Diversified Income A Load Waived,0.64,0.012,0.014499999999999999,0.0163
MFS Diversified Income A,0.64,0.012,0.014499999999999999,0.0163
MFS Diversified Income C,0.64,0.0095,0.011899999999999999,0.0138
MFS Diversified Income I,0.64,0.0129,0.015300000000000001,0.0172
MFS Diversified Income R1,0.64,0.009399999999999999,0.011899999999999999,NA
MFS Diversified Income R2,0.64,0.011200000000000002,0.013600000000000001,NA
MFS Diversified Income R3,0.64,0.012,0.014499999999999999,NA
MFS Diversified Income R4,0.64,0.0129,0.015300000000000001,NA
TIAA-CREF Managed Allc Inst,0.1,0.0098,0.0097,0.0101
TIAA-CREF Managed Allc R,0.1,0.0089,0.0088,0.009300000000000001
TIAA-CREF Managed Allc Retail,0.1,0.0089,0.0091,0.0098
ING Franklin Income Port S,0.25,0.018799999999999997,0.0204,0.015600000000000001
ING Franklin Income Port I,0.25,0.0194,0.021099999999999997,0.016200000000000003
ING Franklin Income Port Adv,0.25,0.0195,0.0202,0.0151
ING Franklin Income Port S2,0.25,0.018500000000000003,0.0199,0.0152
Fidelity Advisor Freedom 2045 A,0.11,0.011699999999999999,0.0089,0.0088
Fidelity Advisor Freedom 2045 B,0.11,0.0096,0.0066,0.006500000000000001
Fidelity Advisor Freedom 2045 C,0.11,0.0096,0.0067,0.0066
Fidelity Advisor Freedom 2045 T,0.11,0.0108,0.008100000000000001,0.008100000000000001
Fidelity Advisor Freedom 2045 I,0.11,0.0125,0.0096,0.0095
Fidelity Advisor Freedom 2045 A LW,0.11,0.011699999999999999,0.0089,0.0088
Franklin Balanced A Load Waived,0.7076,0.0126,0.0134,0.0159
Franklin Balanced A,0.7076,0.0126,0.0134,0.0159
Franklin Balanced C,0.7076,0.0104,0.011000000000000001,0.0137
Franklin Balanced R,0.7076,0.011899999999999999,0.0127,0.0152
Franklin Balanced Adv,0.7076,0.013600000000000001,0.0144,0.017
JHancock2 Retirement Living 2015 A LW,0.3,0.0098,0.0095,0.0105
JHancock2 Retirement Living 2015 A,0.3,0.0098,0.0095,0.0105
JHancock2 Lifecycle 2015 B,0.3,0.013300000000000001,NA,NA
JHancock2 Lifecycle 2015 C,0.3,0.0128,NA,NA
JHancock2 Lifecycle 2015 R,0.3,0.013300000000000001,NA,NA
JHancock2 Retirement Living 2015 R1,0.3,0.0092,0.009000000000000001,0.009899999999999999
JHancock2 Lifecycle 2015 R2 (obs),0.3,0.015600000000000001,NA,NA
JHancock2 Retirement Living 2015 R3,0.3,0.009399999999999999,0.0092,0.0101
JHancock2 Retirement Living 2015 R4,0.3,0.0105,0.0102,0.0111
JHancock2 Retirement Living 2015 R5,0.3,0.0115,0.0111,0.0121
JHancock2 Retirement Living 2015 1,0.3,0.0113,0.011000000000000001,0.0121
JHancock2 Retirement Living 2015 R6,0.3,NA,NA,NA
JHancock2 Lifecycle 2015 R2,0.3,NA,NA,NA
JHancock2 Lifecycle 2020 R2,0.24,NA,NA,NA
JHancock2 Retirement Living 2020 R6,0.24,NA,NA,NA
JHancock2 Retirement Living 2020 A,0.24,0.008100000000000001,0.0078000000000000005,0.0087
JHancock2 Lifecycle 2020 B,0.24,0.0101,NA,NA
JHancock2 Lifecycle 2020 C,0.24,0.0097,NA,NA
JHancock2 Lifecycle 2020 R,0.24,0.0102,NA,NA
JHancock2 Retirement Living 2020 R1,0.24,0.0076,0.0074,0.008100000000000001
JHancock2 Lifecycle 2020 R2 (obs),0.24,0.0126,NA,NA
JHancock2 Retirement Living 2020 R3,0.24,0.0078000000000000005,0.0075,0.0083
JHancock2 Retirement Living 2020 R4,0.24,0.0089,0.0085,0.009300000000000001
JHancock2 Retirement Living 2020 R5,0.24,0.009899999999999999,0.009399999999999999,0.0103
JHancock2 Retirement Living 2020 1,0.24,0.0097,0.009300000000000001,0.0103
JHancock2 Retirement Living 2020 A LW,0.24,0.008100000000000001,0.0078000000000000005,0.0087
JHancock2 Retirement Living 2025 A LW,0.22,0.006500000000000001,0.0063,0.0070999999999999995
JHancock2 Retirement Living 2025 A,0.22,0.006500000000000001,0.0063,0.0070999999999999995
JHancock2 Lifecycle 2025 B,0.22,0.0069,NA,NA
JHancock2 Lifecycle 2025 C,0.22,0.0067,NA,NA
JHancock2 Lifecycle 2025 R,0.22,0.0072,NA,NA
JHancock2 Retirement Living 2025 R1,0.22,0.006,0.0059,0.006500000000000001
JHancock2 Lifecycle 2025 R2 (obs),0.22,0.0097,NA,NA
JHancock2 Retirement Living 2025 R3,0.22,0.0062,0.006,0.0067
JHancock2 Retirement Living 2025 R4,0.22,0.0072,0.006999999999999999,0.0077
JHancock2 Retirement Living 2025 1,0.22,0.008100000000000001,0.0078000000000000005,0.0088
JHancock2 Retirement Living 2025 R5,0.22,0.0083,0.0079,0.0088
JHancock2 Retirement Living 2025 R6,0.22,NA,NA,NA
JHancock2 Lifecycle 2025 R2,0.22,NA,NA,NA
JHancock2 Lifecycle 2030 R2,0.19,NA,NA,NA
JHancock2 Retirement Living 2030 R6,0.19,NA,NA,NA
JHancock2 Retirement Living 2030 A,0.19,0.0055000000000000005,0.0054,0.0060999999999999995
JHancock2 Lifecycle 2030 B,0.19,0.004699999999999999,NA,NA
JHancock2 Lifecycle 2030 C,0.19,0.0045000000000000005,NA,NA
JHancock2 Lifecycle 2030 R,0.19,0.0051,NA,NA
JHancock2 Retirement Living 2030 R1,0.19,0.005,0.0049,0.0055000000000000005
JHancock2 Lifecycle 2030 R2 (obs),0.19,0.0076,NA,NA
JHancock2 Retirement Living 2030 R3,0.19,0.0052,0.0051,0.005699999999999999
JHancock2 Retirement Living 2030 R4,0.19,0.0063,0.006,0.0067
JHancock2 Retirement Living 2030 R5,0.19,0.0073,0.006999999999999999,0.0078000000000000005
JHancock2 Retirement Living 2030 1,0.19,0.0072,0.0068000000000000005,0.0077
JHancock2 Retirement Living 2030 A LW,0.19,0.0055000000000000005,0.0054,0.0060999999999999995
JHancock2 Retirement Living 2035 A,0.17,0.005,0.0051,0.006
JHancock2 Lifecycle 2035 B,0.17,0.0045000000000000005,NA,NA
JHancock2 Lifecycle 2035 C,0.17,0.0043,NA,NA
JHancock2 Lifecycle 2035 R,0.17,0.005,NA,NA
JHancock2 Retirement Living 2035 R1,0.17,0.0045000000000000005,0.0046,0.0054
JHancock2 Lifecycle 2035 R2 (obs),0.17,0.0075,NA,NA
JHancock2 Retirement Living 2035 R3,0.17,0.004699999999999999,0.004699999999999999,0.005600000000000001
JHancock2 Retirement Living 2035 R5,0.17,0.0068000000000000005,0.0066,0.0075
JHancock2 Retirement Living 2035 R4,0.17,0.0058,0.005699999999999999,0.006500000000000001
JHancock2 Retirement Living 2035 1,0.17,0.0067,0.006500000000000001,0.0074
JHancock2 Retirement Living 2035 A LW,0.17,0.005,0.0051,0.006
JHancock2 Retirement Living 2035 R6,0.17,NA,NA,NA
JHancock2 Lifecycle 2035 R2,0.17,NA,NA,NA
JHancock2 Lifecycle 2040 R2,0.16,NA,NA,NA
JHancock2 Retirement Living 2040 R6,0.16,NA,NA,NA
JHancock2 Retirement Living 2040 A LW,0.16,0.005,0.005,0.0059
JHancock2 Retirement Living 2040 A,0.16,0.005,0.005,0.0059
JHancock2 Lifecycle 2040 B,0.16,0.0044,NA,NA
JHancock2 Lifecycle 2040 C,0.16,0.0042,NA,NA
JHancock2 Lifecycle 2040 R,0.16,0.0049,NA,NA
JHancock2 Retirement Living 2040 R1,0.16,0.0045000000000000005,0.0045000000000000005,0.0053
JHancock2 Lifecycle 2040 R2 (obs),0.16,0.0074,NA,NA
JHancock2 Retirement Living 2040 R3,0.16,0.0048,0.0049,0.005600000000000001
JHancock2 Retirement Living 2040 R4,0.16,0.005699999999999999,0.005699999999999999,0.006500000000000001
JHancock2 Retirement Living 2040 R5,0.16,0.0068000000000000005,0.0066,0.0074
JHancock2 Retirement Living 2040 1,0.16,0.0066,0.0064,0.0073
JHancock2 Retirement Living 2045 A,0.16,0.005,0.005,0.0058
JHancock2 Lifecycle 2045 B,0.16,0.0039000000000000003,NA,NA
JHancock2 Lifecycle 2045 C,0.16,0.0037,NA,NA
JHancock2 Lifecycle 2045 R,0.16,0.0045000000000000005,NA,NA
JHancock2 Retirement Living 2045 R1,0.16,0.0045000000000000005,0.0045000000000000005,0.0052
JHancock2 Lifecycle 2045 R2 (obs),0.16,0.006999999999999999,NA,NA
JHancock2 Retirement Living 2045 R3,0.16,0.0048,0.0049,0.0055000000000000005
JHancock2 Retirement Living 2045 R4,0.16,0.005699999999999999,0.005699999999999999,0.0063
JHancock2 Retirement Living 2045 R5,0.16,0.0068000000000000005,0.0066,0.0072
JHancock2 Retirement Living 2045 1,0.16,0.0066,0.0064,0.0072
JHancock2 Retirement Living 2045 A LW,0.16,0.005,0.005,0.0058
JHancock2 Retirement Living 2045 R6,0.16,NA,NA,NA
JHancock2 Lifecycle 2045 R2,0.16,NA,NA,NA
Leuthold Asset Allocation Instl,1.0562,0.011699999999999999,0.0063,0.0078000000000000005
Leuthold Asset Allocation Retail,1.0562,0.0108,0.0058,0.0072
RiverNorth Core Opportunity,0.38,0.0213,0.0149,0.013300000000000001
American Funds Trgt Date Ret 2010 A LW,0.19,0.0137,0.011699999999999999,0.011200000000000002
American Funds Trgt Date Ret 2010 A,0.19,0.0137,0.011699999999999999,0.011200000000000002
American Funds Trgt Date Ret 2010 R1,0.19,0.011200000000000002,0.0096,0.009000000000000001
American Funds Trgt Date Ret 2010 R2,0.19,0.011399999999999999,0.0096,0.009399999999999999
American Funds Trgt Date Ret 2010 R3,0.19,0.0126,0.010700000000000001,0.0104
American Funds Trgt Date Ret 2010 R4,0.19,0.0137,0.011699999999999999,0.0113
American Funds Trgt Date Ret 2010 R5,0.19,0.0146,0.0125,0.012
American Funds Trgt Date Ret 2010 R6,0.19,0.0148,NA,NA
American Funds Trgt Date Ret 2045 R6,0.01,0.0076,NA,NA
American Funds Trgt Date Ret 2045 A,0.01,0.006500000000000001,0.0070999999999999995,0.0073
American Funds Trgt Date Ret 2045 R1,0.01,0.0042,0.0051,0.0054
American Funds Trgt Date Ret 2045 R2,0.01,0.0044,0.0052,0.005600000000000001
American Funds Trgt Date Ret 2045 R3,0.01,0.0055000000000000005,0.0060999999999999995,0.006500000000000001
American Funds Trgt Date Ret 2045 R4,0.01,0.0066,0.0070999999999999995,0.0073
American Funds Trgt Date Ret 2045 R5,0.01,0.0074,0.0078000000000000005,0.0079
American Funds Trgt Date Ret 2045 A LW,0.01,0.006500000000000001,0.0070999999999999995,0.0073
American Funds Trgt Date Ret 2050 A LW,0.02,0.0068000000000000005,0.0077,0.008
American Funds Trgt Date Ret 2050 A,0.02,0.0068000000000000005,0.0077,0.008
American Funds Trgt Date Ret 2050 R1,0.02,0.0042,0.0055000000000000005,0.0062
American Funds Trgt Date Ret 2050 R2,0.02,0.0044,0.005600000000000001,0.0060999999999999995
American Funds Trgt Date Ret 2050 R3,0.02,0.005699999999999999,0.0067,0.0072
American Funds Trgt Date Ret 2050 R4,0.02,0.0068000000000000005,0.0077,0.008
American Funds Trgt Date Ret 2050 R5,0.02,0.0077,0.0084,0.0087
American Funds Trgt Date Ret 2050 R6,0.02,0.0079,NA,NA
Wells Fargo Advantage DJ Target 2015 Adm,0.4,0.0085,0.0078000000000000005,NA
Wells Fargo Advantage DJ Target 2015 I,0.4,0.0098,0.009000000000000001,NA
Wells Fargo Advantage DJ Target 2015 Inv,0.4,0.0083,0.0076,NA
Wells Fargo Advantage DJ Target 2050 Adm,0.19,0.009399999999999999,0.0091,NA
Wells Fargo Advantage DJ Target 2050 I,0.19,0.0106,0.0101,NA
Wells Fargo Advantage DJ Target 2050 Inv,0.19,0.0092,0.0088,NA
ING Franklin Templeton Fdng Str Port Adv,0.11,0.008199999999999999,0.009399999999999999,0.005699999999999999
ING Franklin Templeton Fdng Str Port I,0.11,0.0086,0.0106,0.006500000000000001
ING Franklin Templeton Fdng Str Port S,0.11,0.0078000000000000005,0.009899999999999999,0.006
Allianz AGIC Income & Growth A LW,1.92,0.030899999999999997,0.030699999999999998,0.0352
Allianz AGIC Income & Growth A,1.92,0.030899999999999997,0.030699999999999998,0.0352
Allianz AGIC Income & Growth C,1.92,0.030899999999999997,0.0305,0.0344
Allianz AGIC Income & Growth D,1.92,0.0308,0.030899999999999997,0.0349
Allianz AGIC Income & Growth Instl,1.92,0.0311,0.031200000000000002,0.035699999999999996
Allianz AGIC Income & Growth P,1.92,0.0311,0.031200000000000002,NA
Allianz AGIC Income & Growth R,1.92,0.0304,NA,NA
JPMorgan SmartRetirement 2025 A LW,0.13,0.008199999999999999,0.008,NA
JPMorgan SmartRetirement 2025 Select,0.13,0.0085,0.0083,NA
JPMorgan SmartRetirement 2025 A,0.13,0.008199999999999999,0.008,NA
JPMorgan SmartRetirement 2025 C,0.13,0.0060999999999999995,0.0059,NA
JPMorgan SmartRetirement 2025 Instl,0.13,0.009000000000000001,0.0088,NA
JPMorgan SmartRetirement 2025 R2,0.13,0.0075,0.0073,NA
JPMorgan SmartRetirement 2035 R2,0.12,0.0066,0.0060999999999999995,NA
JPMorgan SmartRetirement 2035 A,0.12,0.0072,0.0068000000000000005,NA
JPMorgan SmartRetirement 2035 C,0.12,0.0051,0.0048,NA
JPMorgan SmartRetirement 2035 Instl,0.12,0.0079,0.0076,NA
JPMorgan SmartRetirement 2035 Select,0.12,0.0074,0.0070999999999999995,NA
JPMorgan SmartRetirement 2035 A LW,0.12,0.0072,0.0068000000000000005,NA
JHVIT Global Diversification Tr Ser I,0.04,0.0069,0.0064,NA
JHVIT Global Diversification Tr Ser II,0.04,0.0064,0.0059,NA
JHVIT Global Diversification Tr Ser III,0.04,0.008199999999999999,0.0075,NA
Fidelity Advisor Asset Manager 60% I,0.14,0.004699999999999999,0.0073,NA
Fidelity Advisor Asset Manager 60% A LW,0.14,0.0039000000000000003,0.0067,NA
Fidelity Asset Manager 60%,0.14,0.0051,0.0074,NA
Fidelity Advisor Asset Manager 60% A,0.14,0.0039000000000000003,0.0067,NA
Fidelity Advisor Asset Manager 60% B,0.14,0.0006,0.0042,NA
Fidelity Advisor Asset Manager 60% C,0.14,0.0016,0.004699999999999999,NA
Fidelity Advisor Asset Manager 60% T,0.14,0.0032,0.006,NA
Principal LifeTime 2015 R1,0.14,0.0076,0.0078000000000000005,NA
Principal LifeTime 2015 R2,0.14,0.0076,0.008,NA
Principal LifeTime 2015 R3,0.14,0.0087,0.0087,NA
Principal LifeTime 2015 R4,0.14,0.0092,0.0091,NA
Principal LifeTime 2015 R5,0.14,0.0096,0.009399999999999999,NA
Principal LifeTime 2015 Instl,0.14,0.0103,0.0101,NA
Principal LifeTime 2025 R1,0.127,0.0059,0.0064,NA
Principal LifeTime 2025 R2,0.127,0.0062,0.0067,NA
Principal LifeTime 2025 R3,0.127,0.0070999999999999995,0.0074,NA
Principal LifeTime 2025 R4,0.127,0.0076,0.0078000000000000005,NA
Principal LifeTime 2025 R5,0.127,0.0079,0.008100000000000001,NA
Principal LifeTime 2025 Instl,0.127,0.0087,0.0087,NA
Principal LifeTime 2035 R1,0.061,0.0052,0.005699999999999999,NA
Principal LifeTime 2035 R2,0.061,0.0054,0.006,NA
Principal LifeTime 2035 R3,0.061,0.0063,0.0066,NA
Principal LifeTime 2035 R4,0.061,0.0068000000000000005,0.006999999999999999,NA
Principal LifeTime 2035 R5,0.061,0.0073,0.0073,NA
Principal LifeTime 2035 Instl,0.061,0.008,0.008,NA
American Century LIVESTRONG 2020 A,0.04,0.0074,0.0060999999999999995,NA
American Century LIVESTRONG 2020 Inv,0.04,0.0083,0.0069,NA
American Century LIVESTRONG 2020 Instl,0.04,0.009000000000000001,0.0076,NA
American Century LIVESTRONG 2020 R,0.04,0.0066,0.0052,NA
American Century LIVESTRONG 2020 C,0.04,0.0049,NA,NA
American Century LIVESTRONG 2020 A LW,0.04,0.0074,0.0060999999999999995,NA
American Century LIVESTRONG 2030 A LW,0.04,0.0063,0.0049,NA
American Century LIVESTRONG 2030 C,0.04,0.0037,NA,NA
American Century LIVESTRONG 2030 R,0.04,0.0054,0.0040999999999999995,NA
American Century LIVESTRONG 2030 Inv,0.04,0.0070999999999999995,0.0058,NA
American Century LIVESTRONG 2030 Instl,0.04,0.0078000000000000005,0.006500000000000001,NA
American Century LIVESTRONG 2030 A,0.04,0.0063,0.0049,NA
Vanguard Managed Payout Dis Focus Inv,0.43,0.0321,0.023700000000000002,NA
ING Retirement Conservative Port Instl,0.47,0.009399999999999999,0.0167,NA
ING LifeStyle Conservative S2,0.47,0.0023,NA,NA
ING Retirement Conservative Port Adv,0.47,0.0089,0.0165,NA
ING LifeStyle Conservative S,0.47,0.0022,NA,NA
USAA Target Retirement 2020,0.17,0.011000000000000001,0.0104,NA
USAA Target Retirement 2030,0.16,0.0092,0.0085,NA
USAA Target Retirement 2040,0.14,0.0067,0.0062,NA
Putnam Absolute Return 500 A LW,1.44,0.0105,0.008199999999999999,NA
Putnam Absolute Return 500 A,1.44,0.0105,0.008199999999999999,NA
Putnam Absolute Return 500 B,1.44,0.0085,0.0066,NA
Putnam Absolute Return 500 C,1.44,0.0083,0.0066,NA
Putnam Absolute Return 500 M,1.44,0.009000000000000001,0.0070999999999999995,NA
Putnam Absolute Return 500 R,1.44,0.0098,0.0078000000000000005,NA
Putnam Absolute Return 500 Y,1.44,0.0113,0.0089,NA
Putnam Absolute Return 700 A,1.74,0.013600000000000001,0.0103,NA
Putnam Absolute Return 700 B,1.74,0.011899999999999999,0.0088,NA
Putnam Absolute Return 700 C,1.74,0.0115,0.0087,NA
Putnam Absolute Return 700 M,1.74,0.011899999999999999,0.009000000000000001,NA
Putnam Absolute Return 700 R,1.74,0.0128,0.0098,NA
Putnam Absolute Return 700 Y,1.74,0.0144,0.0109,NA
Putnam Absolute Return 700 A LW,1.74,0.013600000000000001,0.0103,NA
Maxim Lifetime 2015 II L,0.52,0.0229,NA,NA
Maxim Lifetime 2015 II T,0.52,0.016399999999999998,0.0104,NA
Maxim Lifetime 2015 II T1,0.52,0.016399999999999998,0.0104,NA
Maxim Lifetime 2025 II T,0.5,0.0154,0.0092,NA
Maxim Lifetime 2025 II T1,0.5,0.0159,0.0095,NA
Maxim Lifetime 2025 II L,0.5,0.0235,NA,NA
Fidelity Freedom K 2000,0.22,0.0087,NA,NA
Fidelity Freedom Index 2020 W,0.2,0.009899999999999999,NA,NA
Fidelity Freedom Index 2025 W,0.18,0.01,NA,NA
Fidelity Freedom Index 2030 W,0.18,0.0103,NA,NA
MassMutual Select BlackRock Glbl Al A LW,0.43,0.0097,NA,NA
MassMutual Select BlackRock Glbl Allc L,0.43,0.0037,NA,NA
MassMutual Select BlackRock Glbl Allc A,0.43,0.0097,NA,NA
MassMutual Select BlackRock Glbl Allc Y,0.43,0.011000000000000001,NA,NA
MassMutual Select BlackRock Glbl Allc S,0.43,0.0116,NA,NA
Wells Fargo Advantage DJ Target 2035 Adm,0.22,0.0073,0.0067,NA
Wells Fargo Advantage DJ Target 2035 I,0.22,0.0085,0.0078000000000000005,NA
Wells Fargo Advantage DJ Target 2035 Inv,0.22,0.0070999999999999995,0.006500000000000001,NA
Hartford Global All-Asset A Load Waived,2.06,0.0022,NA,NA
Hartford Global All-Asset Y,2.06,0.0036,NA,NA
Hartford Global All-Asset R5,2.06,0.0034000000000000002,NA,NA
Hartford Global All-Asset R4,2.06,NA,NA,NA
Hartford Global All-Asset R3,2.06,0.0011,NA,NA
Hartford Global All-Asset I,2.06,0.0033,NA,NA
Hartford Global All-Asset C,2.06,NA,NA,NA
Hartford Global All-Asset A,2.06,0.0022,NA,NA
Goldman Sachs Dynamic Allocation A LW,2.97,0.0023,NA,NA
Goldman Sachs Dynamic Allocation Inst,2.97,0.0031,NA,NA
Goldman Sachs Dynamic Allocation R,2.97,0.0008,NA,NA
Goldman Sachs Dynamic Allocation IR,2.97,0.0028000000000000004,NA,NA
Goldman Sachs Dynamic Allocation A,2.97,0.0023,NA,NA
Goldman Sachs Dynamic Allocation C,2.97,0.0012,NA,NA
USAA Managed Allocation,2.49,0.0245,NA,NA
JNL/BlackRock Global Allocation B,0.33,0.0016,NA,NA
JNL/BlackRock Global Allocation A,0.33,0.0016,NA,NA
Wells Fargo Advantage Absolute Ret A,NA,NA,NA,NA
Wells Fargo Advantage Absolute Ret C,NA,NA,NA,NA
Wells Fargo Advantage Absolute Ret Adm,NA,NA,NA,NA
Wells Fargo Advantage Absolute Ret A LW,NA,NA,NA,NA
SEI Instl Mgd Multi-Asset Accumulation A,NA,NA,NA,NA
Wells Fargo Advantage DJ Target 2020 Inv,0.35,0.0064,0.0068000000000000005,0.009000000000000001
Wells Fargo Advantage DJ Target 202 A LW,0.35,0.0060999999999999995,0.0063,0.0084
Wells Fargo Advantage DJ Target 2020 I,0.35,0.0079,0.008,0.01
Wells Fargo Advantage DJ Target 2020 A,0.35,0.0060999999999999995,0.0063,0.0084
Wells Fargo Advantage DJ Target 2020 B,0.35,0.0026,0.0034999999999999996,0.0058
Wells Fargo Advantage DJ Target 2020 Adm,0.35,0.0066,0.0069,0.0091
Wells Fargo Advantage DJ Target 2020 C,0.35,0.0036,0.0040999999999999995,0.0060999999999999995
Lord Abbett Balanced Strategy B,0.2786,0.0108,0.01,0.013300000000000001
Lord Abbett Balanced Strategy A,0.2786,0.013000000000000001,0.0121,0.0155
Lord Abbett Balanced Strategy I,0.2786,0.0138,0.0132,0.0166
Lord Abbett Balanced Strategy A LW,0.2786,0.013000000000000001,0.0121,0.0155
Lord Abbett Balanced Strategy C,0.2786,0.0106,0.009899999999999999,0.0132
Lord Abbett Balanced Strategy P,0.2786,0.012199999999999999,0.011699999999999999,0.0151
Lord Abbett Balanced Strategy F,0.2786,0.013500000000000002,0.0129,NA
Lord Abbett Balanced Strategy R2,0.2786,0.0116,0.0111,NA
Lord Abbett Balanced Strategy R3,0.2786,0.0121,0.0115,NA
T. Rowe Price Balanced,0.579,0.0086,0.008199999999999999,0.0115
Vanguard LifeStrategy Income Inv,0.43,0.0096,0.0096,0.0111
Berwyn Income,0.71,0.0155,0.015300000000000001,0.0176
Putnam Dynamic Asset Allocation Bal B,1.58,0.0037,0.011000000000000001,0.0108
Putnam Dynamic Asset Allocation Bal A,1.58,0.0060999999999999995,0.0134,0.0132
Putnam Dynamic Asset Allocation Bal M,1.58,0.0045000000000000005,0.011699999999999999,0.0115
Putnam Dynamic Asset Allocation Bal Y,1.58,0.006999999999999999,0.014199999999999999,0.0141
Putnam Dynamic Asset Allocation Bal C,1.58,0.0037,0.0111,0.0109
Putnam Dynamic Asset Allocation Bal A LW,1.58,0.0060999999999999995,0.0134,0.0132
Putnam Dynamic Asset Allocation Bal R,1.58,0.0053,0.0127,0.0124
Columbia Balanced A Load Waived,0.99,0.009300000000000001,0.0069,0.0077
Columbia Balanced B,0.99,0.0069,0.0044,0.0052
Columbia Balanced D,0.99,0.0044,0.0042,NA
Columbia Balanced A,0.99,0.009300000000000001,0.0069,0.0077
Columbia Balanced C,0.99,0.0067,0.0043,0.0051
Columbia Balanced Z,0.99,0.0101,0.0077,0.0086
Columbia Balanced R,0.99,0.0084,NA,NA
Columbia Balanced R4,0.99,0.009399999999999999,NA,NA
Columbia Balanced R5,0.99,0.0104,NA,NA
Fidelity Asset Manager 70%,0.16,0.0062,0.0058,0.0072
Fidelity Advisor Asset Manager 70% A LW,0.16,0.005,0.0048,NA
Fidelity Advisor Asset Manager 70% A,0.16,0.005,0.0048,NA
Fidelity Advisor Asset Manager 70% B,0.16,0.0013,0.0016,NA
Fidelity Advisor Asset Manager 70% C,0.16,0.0021,0.0023,NA
Fidelity Advisor Asset Manager 70% I,0.16,0.0060999999999999995,0.005600000000000001,NA
Fidelity Advisor Asset Manager 70% T,0.16,0.0039000000000000003,0.0038,NA
Fidelity Advisor Asset Manager 20% A,0.19,0.0077,0.0069,0.0102
Fidelity Advisor Asset Manager 20% B,0.19,0.0052,0.0043,0.0076
Fidelity Advisor Asset Manager 20% C,0.19,0.0052,0.0044,0.0077
Fidelity Advisor Asset Manager 20% T,0.19,0.0068000000000000005,0.0060999999999999995,0.009300000000000001
Fidelity Advisor Asset Manager 20% I,0.19,0.0086,0.0079,0.0111
Fidelity Advisor Asset Manager 20% A LW,0.19,0.0077,0.0069,0.0102
Fidelity Asset Manager 20%,0.19,0.0087,0.0079,0.011200000000000002
Putnam Dynamic Asset Allocation: Gr A,0.98,0.0011,0.0095,0.01
Putnam Dynamic Asset Allocation: Gr B,0.98,NA,0.0078000000000000005,0.0075
Putnam Dynamic Asset Allocation: Gr C,0.98,NA,0.0079,0.0078000000000000005
Putnam Dynamic Asset Allocation: Gr Y,0.98,0.0021,0.0103,0.0108
Putnam Dynamic Asset Allocation: Gr M,0.98,NA,0.0083,0.0084
Putnam Dynamic Asset Allocation: Gr R,0.98,0.0002,0.009000000000000001,0.009300000000000001
Putnam Dynamic Asset Allocation: Gr A LW,0.98,0.0011,0.0095,0.01
Wells Fargo Advantage DJ Target 2030 A,0.26,0.0070999999999999995,0.0055000000000000005,0.0076
Wells Fargo Advantage DJ Target 2030 C,0.26,0.0049,0.0031,0.0053
Wells Fargo Advantage DJ Target 2030 B,0.26,0.0039000000000000003,0.0026,0.005
Wells Fargo Advantage DJ Target 2030 Adm,0.26,0.0076,0.006,0.008199999999999999
Wells Fargo Advantage DJ Target 203 A LW,0.26,0.0070999999999999995,0.0055000000000000005,0.0076
Wells Fargo Advantage DJ Target 2030 I,0.26,0.0088,0.0072,0.0092
Wells Fargo Advantage DJ Target 2030 Inv,0.26,0.0074,0.006,0.008199999999999999
Waddell & Reed Asset Strategy Y,0.72,0.0054,0.004,0.0173
Waddell & Reed Asset Strategy A,0.72,0.0040999999999999995,0.0029,0.016399999999999998
Waddell & Reed Asset Strategy C,0.72,0.0012,0.0007000000000000001,0.014199999999999999
Waddell & Reed Asset Strategy B,0.72,0.0009,0.0005,0.0143
Waddell & Reed Asset Strategy A LW,0.72,0.0040999999999999995,0.0029,0.016399999999999998
T. Rowe Price Personal Strat Balanced,0.551,0.0073,0.0075,0.011000000000000001
Calamos Growth & Income A,0.551,0.0067,0.0070999999999999995,0.0087
Calamos Growth & Income I,0.551,0.0078000000000000005,0.008100000000000001,0.0097
Calamos Growth & Income C,0.551,0.004,0.004699999999999999,0.0063
Calamos Growth & Income A Load Waived,0.551,0.0067,0.0070999999999999995,0.0087
Calamos Growth & Income B,0.551,0.003,0.0037,0.0053
Calamos Growth & Income R,0.551,0.0059,0.006500000000000001,0.008100000000000001
Oppenheimer Capital Income N,0.92,0.013000000000000001,0.01,0.0139
Oppenheimer Capital Income A LW,0.92,0.0138,0.011000000000000001,0.0149
Oppenheimer Capital Income A,0.92,0.0138,0.011000000000000001,0.0149
Oppenheimer Capital Income C,0.92,0.0113,0.0087,0.0126
Oppenheimer Capital Income B,0.92,0.011200000000000002,0.0084,0.0125
Oppenheimer Capital Income Y,0.92,0.015,NA,NA
Pax World Balanced Instl,0.38,0.0053,0.006,0.0076
Pax World Balanced R,0.38,0.0037,0.0046,0.0063
Pax World Balanced Individual Inv,0.38,0.0045000000000000005,0.0052,0.0073
Fidelity Advisor Balanced A,1.46,0.005600000000000001,0.0060999999999999995,0.009399999999999999
Fidelity Advisor Balanced C,1.46,0.0029,0.0034999999999999996,0.0068000000000000005
Fidelity Advisor Balanced I,1.46,0.0066,0.006999999999999999,0.0103
Fidelity Advisor Balanced T,1.46,0.0048,0.0053,0.0086
Fidelity Advisor Balanced A Load Waived,1.46,0.005600000000000001,0.0060999999999999995,0.009399999999999999
Fidelity Advisor Balanced B,1.46,0.0025,0.0032,0.0066
Putnam Balanced Retirement A LW,1.76,0.0166,0.0197,0.0245
George Putnam Balanced A Load Waived,1.76,0.0058,0.0066,0.0147
Putnam Balanced A Load Waived,1.76,0.0064,0.0149,0.0215
George Putnam Balanced R,1.76,0.0049,0.005699999999999999,0.0139
Putnam Balanced Retirement C,1.76,0.014199999999999999,0.018600000000000002,NA
George Putnam Balanced C,1.76,0.0032,0.004,0.0121
George Putnam Balanced A,1.76,0.0058,0.0066,0.0147
George Putnam Balanced B,1.76,0.0032,0.004,0.0123
Putnam Balanced Retirement A,1.76,0.0166,0.0197,0.0245
Putnam Balanced Retirement M,1.76,0.0147,0.019,0.023
George Putnam Balanced M,1.76,0.0040999999999999995,0.0049,0.0131
Putnam Balanced Y,1.76,0.0074,NA,NA
Putnam Balanced B,1.76,0.0038,NA,NA
Putnam Balanced C,1.76,0.0034999999999999996,NA,NA
Putnam Balanced M,1.76,0.0043,NA,NA
Putnam Balanced Retirement Y,1.76,0.0175,0.0217,NA
Putnam Balanced A,1.76,0.0064,0.0149,0.0215
Putnam Balanced Retirement B,1.76,0.0146,0.018600000000000002,0.0225
George Putnam Balanced Y,1.76,0.0067,0.0075,0.015600000000000001
Oppenheimer Global Allocation A,0.77,0.010700000000000001,0.0058,0.013300000000000001
Oppenheimer Global Allocation B,0.77,0.009000000000000001,0.0038,0.011200000000000002
Oppenheimer Global Allocation C,0.77,0.0089,0.0039000000000000003,0.0113
Oppenheimer Global Allocation I,0.77,NA,NA,NA
Oppenheimer Global Allocation Y,0.77,0.012,0.0072,0.0146
Oppenheimer Global Allocation N,0.77,0.0102,0.0051,0.0126
Oppenheimer Global Allocation A LW,0.77,0.010700000000000001,0.0058,0.013300000000000001
Oppenheimer Flexible Strategies A LW,1.81,0.019299999999999998,0.0074,0.0155
Oppenheimer Flexible Strategies N,1.81,0.020099999999999996,0.0077,0.015600000000000001
Oppenheimer Flexible Strategies Y,1.81,0.019,0.0073,0.0155
Oppenheimer Flexible Strategies C,1.81,0.021099999999999997,0.008,0.0158
Oppenheimer Flexible Strategies A,1.81,0.019299999999999998,0.0074,0.0155
Oppenheimer Flexible Strategies B,1.81,0.0219,0.0083,0.0159
Wells Fargo Advantage DJ Target 204 A LW,0.2,0.0068000000000000005,0.004699999999999999,0.0084
Wells Fargo Advantage DJ Target 2040 I,0.2,0.0085,0.0064,0.009899999999999999
Wells Fargo Advantage DJ Target 2040 C,0.2,0.0048,0.0026,0.006500000000000001
Wells Fargo Advantage DJ Target 2040 A,0.2,0.0068000000000000005,0.004699999999999999,0.0084
Wells Fargo Advantage DJ Target 2040 Adm,0.2,0.0073,0.0054,0.009000000000000001
Wells Fargo Advantage DJ Target 2040 B,0.2,0.0043,0.0021,0.0063
Wells Fargo Advantage DJ Target 2040 Inv,0.2,0.0072,0.0052,0.0089
State Farm Balanced,0.06,0.0075,0.0079,0.0097
T. Rowe Price Personal Strat Growth,0.49,0.0059,0.005600000000000001,0.009000000000000001
USAA Cornerstone Moderately Agrsv,1.17,0.0104,0.01,0.0147
Vanguard Asset Allocation Inv,0.38,0.0025,0.0029,0.0037
Vanguard Asset Allocation Adm,0.38,0.0029,0.0031,0.0039000000000000003
Principal SAM Conservative Growth A,0.319,0.0052,0.0052,0.0115
Principal SAM Conservative Growth A LW,0.319,0.0052,0.0052,0.0115
Principal SAM Conservative Growth C,0.319,0.0027,0.0028000000000000004,0.009300000000000001
Principal SAM Conservative Growth B,0.319,0.0016,0.0021,0.0087
WM Str Asset Mgmt Conservative Gr R1,0.319,NA,NA,NA
WM Str Asset Mgmt Conservative Gr R2,0.319,NA,NA,NA
Principal SAM Conservative Growth J,0.319,0.0055000000000000005,0.0053,0.0116
Principal SAM Conservative Growth Inst,0.319,0.0066,0.006500000000000001,0.013000000000000001
Principal SAM Conservative Growth R3,0.319,0.0052,0.0052,0.0115
Principal SAM Conservative Growth R2,0.319,0.0040999999999999995,0.0044,0.011000000000000001
Principal SAM Conservative Growth R5,0.319,0.0059,0.0058,0.0124
Principal SAM Conservative Growth R4,0.319,0.0055000000000000005,0.0054,0.0118
Principal SAM Conservative Growth R1,0.319,0.0034000000000000002,0.0039000000000000003,0.0105
Columbia LifeGoal Balanced Growth A LW,0.42,0.005600000000000001,0.0067,0.011899999999999999
Columbia LifeGoal Balanced Growth A,0.42,0.005600000000000001,0.0067,0.011899999999999999
Columbia LifeGoal Balanced Growth T,0.42,0.0055000000000000005,NA,NA
Columbia LifeGoal Balanced Growth B,0.42,0.0032,0.0042,0.0095
Nations LifeGoal Balanced Grth Prim B,0.42,0.002,0.0121,0.0175
Columbia LifeGoal Balanced Growth Z,0.42,0.006500000000000001,0.0075,0.0128
Columbia LifeGoal Balanced Growth C,0.42,0.003,0.0040999999999999995,0.009300000000000001
Columbia LifeGoal Balanced Growth R,0.42,0.0048,0.0058,0.0111
JPMorgan Investor Conservative Grow A LW,0.03,0.0072,0.0083,0.011399999999999999
JPMorgan Investor Conservative Growth B,0.03,0.005699999999999999,0.0066,0.0097
JPMorgan Investor Conservative Growth S,0.03,0.008,0.0091,0.012199999999999999
JPMorgan Investor Conservative Growth C,0.03,0.0055000000000000005,0.006500000000000001,0.0096
JPMorgan Investor Conservative Growth A,0.03,0.0072,0.0083,0.011399999999999999
Fidelity Freedom Income,0.2,0.008,0.0089,0.011399999999999999
Principal SAM Balanced A,0.29600000000000004,0.0075,0.0079,0.013300000000000001
Principal SAM Balanced B,0.29600000000000004,0.004699999999999999,0.0051,0.0106
Principal SAM Balanced A Load Waived,0.29600000000000004,0.0075,0.0079,0.013300000000000001
WM Str Asset Mgmt Balanced R1,0.29600000000000004,NA,NA,NA
WM Str Asset Mgmt Balanced R2,0.29600000000000004,NA,NA,NA
Principal SAM Balanced C,0.29600000000000004,0.0051,0.0054,0.0108
Principal SAM Balanced J,0.29600000000000004,0.0078000000000000005,0.0079,0.0131
Principal SAM Balanced Inst,0.29600000000000004,0.0089,0.0092,0.0146
Principal SAM Balanced R3,0.29600000000000004,0.0070999999999999995,0.0075,0.0128
Principal SAM Balanced R2,0.29600000000000004,0.0063,0.006999999999999999,0.0123
Principal SAM Balanced R5,0.29600000000000004,0.008100000000000001,0.0084,0.0138
Principal SAM Balanced R4,0.29600000000000004,0.0077,0.008,0.0134
Principal SAM Balanced R1,0.29600000000000004,0.0059,0.0063,0.011699999999999999
Goldman Sachs Growth & Inc Strat B,0.35,0.0045000000000000005,0.0068000000000000005,0.009899999999999999
Goldman Sachs Growth & Inc Strat Svc,0.35,0.0060999999999999995,0.0087,0.0118
Goldman Sachs Growth & Inc Strat A,0.35,0.0064,0.009000000000000001,0.012199999999999999
Goldman Sachs Growth & Inc Strat Inst,0.35,0.0079,0.0104,0.013500000000000002
Goldman Sachs Growth & Inc Strat C,0.35,0.0043,0.0067,0.0097
Goldman Sachs Growth & Inc Strat A LW,0.35,0.0064,0.009000000000000001,0.012199999999999999
Goldman Sachs Growth & Inc Strat IR,0.35,0.0075,0.009899999999999999,NA
Goldman Sachs Growth & Inc Strat R,0.35,0.005699999999999999,0.0084,NA
JPMorgan Investor Balanced A LW,0.05,0.006500000000000001,0.0072,0.011399999999999999
JPMorgan Investor Balanced B,0.05,0.0048,0.0054,0.0096
JPMorgan Investor Balanced A,0.05,0.006500000000000001,0.0072,0.011399999999999999
JPMorgan Investor Balanced C,0.05,0.0048,0.0055000000000000005,0.0097
JPMorgan Investor Balanced Select,0.05,0.0073,0.008,0.012199999999999999
JPMorgan Investor Growth & Income C,0.09,0.0032,0.0037,0.009399999999999999
JPMorgan Investor Growth & Income A,0.09,0.0049,0.0054,0.0111
JPMorgan Investor Growth & Income B,0.09,0.0031,0.0034999999999999996,0.009300000000000001
JPMorgan Investor Growth & Income Sel,0.09,0.0059,0.0063,0.0121
JPMorgan Investor Growth & Income A LW,0.09,0.0049,0.0054,0.0111
Principal SAM Conservative Bal J,0.214,0.0102,0.0102,0.013500000000000002
Principal SAM Conservative Bal Inst,0.214,0.0113,0.0116,0.0151
Principal SAM Conservative Bal R3,0.214,0.0095,0.009899999999999999,0.013300000000000001
Principal SAM Conservative Bal R2,0.214,0.0085,0.0089,0.0124
Principal SAM Conservative Bal R5,0.214,0.0105,0.0108,0.0143
Principal SAM Conservative Bal R4,0.214,0.0101,0.0104,0.0139
Principal SAM Conservative Bal R1,0.214,0.0084,0.0089,0.0123
Principal SAM Conservative Bal A LW,0.214,0.01,0.0104,0.0138
WM Str Asset Mgmt Conservative Bal R1,0.214,NA,NA,NA
WM Str Asset Mgmt Conservative Bal R2,0.214,NA,NA,NA
Principal SAM Conservative Bal C,0.214,0.0076,0.0079,0.011399999999999999
Principal SAM Conservative Bal A,0.214,0.01,0.0104,0.0138
Principal SAM Conservative Bal B,0.214,0.0072,0.0076,0.0111
Fidelity Freedom 2000,0.19,0.0086,0.009000000000000001,0.011699999999999999
Manning & Napier Pro-Blend Mod Term S,0.52,0.010700000000000001,0.006999999999999999,0.009899999999999999
Manning & Napier Pro-Blend Mod Term R,0.52,0.0128,NA,NA
Manning & Napier Pro-Blend Mod Term I,0.52,0.0143,0.0097,NA
Manning & Napier Pro-Blend Mod Term C,0.52,0.011000000000000001,NA,NA
Manning & Napier Pro-Blend Cnsrv Term C,0.25,0.009000000000000001,NA,NA
Manning & Napier Pro-Blend Cnsrv Term I,0.25,0.0115,0.011000000000000001,NA
Manning & Napier Pro-Blend Cnsrv Term R,0.25,0.0111,NA,NA
Manning & Napier Pro-Blend Cnsrv Term S,0.25,0.0087,0.0083,0.0095
Russell LifePoints Bal Strat C,0.09,0.0052,0.0066,0.010700000000000001
Russell LifePoints Bal Strat E,0.09,0.0072,0.0087,0.013000000000000001
Russell LifePoints Bal Strat S,0.09,0.0083,0.0097,0.0139
Russell LifePoints Bal Strat R3,0.09,0.0072,0.0083,0.0124
Russell LifePoints Bal Strat A,0.09,0.0075,0.0089,0.0131
Russell LifePoints Bal Strat A LW,0.09,0.0075,0.0089,0.0131
Russell LifePoints Bal Strat R1,0.09,0.009000000000000001,0.01,0.0141
Russell LifePoints Bal Strat R2,0.09,0.008199999999999999,0.0091,0.013300000000000001
Manning & Napier Pro-Blend Extnd Term C,0.65,0.011000000000000001,NA,NA
Manning & Napier Pro-Blend Extnd Term I,0.65,0.0147,0.0097,NA
Manning & Napier Pro-Blend Extnd Term S,0.65,0.009000000000000001,0.005600000000000001,0.009399999999999999
Manning & Napier Pro-Blend Extnd Term R,0.65,0.0125,NA,NA
Russell LifePoints Growth Strategy C,0.07,0.0043,0.0049,0.009899999999999999
Russell LifePoints Growth Strategy S,0.07,0.0062,0.0070999999999999995,0.0125
Russell LifePoints Growth Strategy R3,0.07,0.0054,0.006,0.0111
Russell LifePoints Growth Strategy E,0.07,0.0054,0.0064,0.011699999999999999
Russell LifePoints Growth Strategy A LW,0.07,0.005699999999999999,0.006500000000000001,0.0118
Russell LifePoints Growth Strategy A,0.07,0.005699999999999999,0.006500000000000001,0.0118
Russell LifePoints Growth Strategy R1,0.07,0.0066,0.0074,0.0126
Russell LifePoints Growth Strategy R2,0.07,0.0060999999999999995,0.0067,0.011899999999999999
Russell LifePoints Mod Strat R1,0.15,0.0103,0.011899999999999999,0.015
Russell LifePoints Mod Strat R2,0.15,0.0095,0.0109,0.014199999999999999
Russell LifePoints Mod Strat A,0.15,0.0089,0.010700000000000001,0.013999999999999999
Russell LifePoints Mod Strat A LW,0.15,0.0089,0.010700000000000001,0.013999999999999999
Russell LifePoints Mod Strat E,0.15,0.0087,0.010700000000000001,0.013999999999999999
Russell LifePoints Mod Strat C,0.15,0.0063,0.0084,0.0116
Russell LifePoints Mod Strat S,0.15,0.0097,0.0116,0.0148
Russell LifePoints Mod Strat R3,0.15,0.0085,0.0101,0.013300000000000001
Principal SAM Flexible Income A,0.196,0.0115,0.013000000000000001,0.015
Principal SAM Flexible Income B,0.196,0.0088,0.0102,0.0123
Principal SAM Flexible Income C,0.196,0.009000000000000001,0.0104,0.0125
Principal SAM Flexible Income A LW,0.196,0.0115,0.013000000000000001,0.015
WM Str Asset Mgmt Flexible Income R1,0.196,NA,NA,NA
WM Str Asset Mgmt Flexible Income R2,0.196,NA,NA,NA
Principal SAM Flexible Income J,0.196,0.0116,0.0128,0.0146
Principal SAM Flexible Income Inst,0.196,0.0126,0.014199999999999999,0.016200000000000003
Principal SAM Flexible Income R3,0.196,0.0108,0.0124,0.0144
Principal SAM Flexible Income R2,0.196,0.0101,0.011699999999999999,0.0137
Principal SAM Flexible Income R5,0.196,0.0118,0.0134,0.0154
Principal SAM Flexible Income R4,0.196,0.011399999999999999,0.013000000000000001,0.015
Principal SAM Flexible Income R1,0.196,0.0097,0.0113,0.0134
Franklin Templeton Cnsrv Allocation A,0.1867,0.0075,0.0073,0.0104
Franklin Templeton Cnsrv Allocation C,0.1867,0.0051,0.005,0.008100000000000001
Franklin Templeton Cnsrv Allocation A LW,0.1867,0.0075,0.0073,0.0104
Franklin Templeton Cnsrv Allocation Adv,0.1867,0.0084,0.008199999999999999,0.011200000000000002
Franklin Templeton Cnsrv Allocation B,0.1867,0.0048,0.0048,0.0079
Franklin Templeton Cnsrv Allocation R,0.1867,0.0068000000000000005,0.0066,0.0096
Franklin Templeton Growth Allocation R,0.20190000000000002,0.0044,0.004699999999999999,0.0083
Franklin Templeton Growth Allocation B,0.20190000000000002,0.0017000000000000001,0.0026,0.0064
Franklin Templeton Growth Allocation Adv,0.20190000000000002,0.006,0.0060999999999999995,0.0096
Franklin Templeton Growth Allocatio A LW,0.20190000000000002,0.0052,0.0053,0.0088
Franklin Templeton Growth Allocation A,0.20190000000000002,0.0052,0.0053,0.0088
Franklin Templeton Growth Allocation C,0.20190000000000002,0.0027,0.0031,0.0067
Fidelity Four-in-One Index,0.16,0.0086,0.0077,0.0086
American Century Strat Allc: Agrsv A LW,0.91,0.003,0.0026,0.0088
American Century Strat Allc: Agrsv A,0.91,0.003,0.0026,0.0088
American Century Strat Allc: Agrsv Inv,0.91,0.004699999999999999,0.0043,0.0102
American Century Strat Allc: Agrsv Inst,0.91,0.0060999999999999995,0.005699999999999999,0.0113
American Century Strat Allc: Agrsv C,0.91,NA,NA,0.0063
American Century Strat Alloc: Agg A LW,0.91,0.0181,0.011399999999999999,NA
American Century Strat Alloc: Agg A,0.91,0.0181,0.011399999999999999,NA
American Century Strat Allc: Agrsv B,0.91,NA,NA,0.0064
American Century Strat Allc: Agrsv R,0.91,0.0016,0.001,0.0076
GMO Global Asset Allocation III,0.4,0.0092,0.0095,0.0195
American Century Strat Allc: Mod Inv,0.86,0.0063,0.005699999999999999,0.011200000000000002
American Century Strat Allc: Mod Inst,0.86,0.006999999999999999,0.0064,0.011899999999999999
American Century Strat Allc: Mod C,0.86,0.0034999999999999996,0.0024,0.0079
American Century Strat Allc: Mod R,0.86,0.0049,0.0040999999999999995,0.0096
American Century Strat Alloc: Mod A LW,0.86,0.018500000000000003,0.0143,NA
American Century Strat Alloc: Mod A,0.86,0.018500000000000003,0.0143,NA
American Century Strat Allc: Mod B,0.86,0.0037,0.0025,0.008
American Century Strat Allc: Mod A,0.86,0.0055000000000000005,0.0049,0.0104
American Century Strat Allc: Mod A LW,0.86,0.0055000000000000005,0.0049,0.0104
Franklin Templeton Moderate Allc A,0.19760000000000003,0.0076,0.0075,0.010700000000000001
Franklin Templeton Moderate Allc R,0.19760000000000003,0.0068000000000000005,0.0067,0.009899999999999999
Franklin Templeton Moderate Allc Adv,0.19760000000000003,0.0085,0.0083,0.0115
Franklin Templeton Moderate Allc A LW,0.19760000000000003,0.0076,0.0075,0.010700000000000001
Franklin Templeton Moderate Allc B,0.19760000000000003,0.0048,0.0049,0.008199999999999999
Franklin Templeton Moderate Allc C,0.19760000000000003,0.0053,0.0052,0.0084
Calamos Global Growth & Income I,0.731,0.006500000000000001,0.0046,0.0067
Calamos Global Growth & Income A LW,0.731,0.0053,0.0040999999999999995,0.0064
Calamos Global Growth & Income A,0.731,0.0053,0.0040999999999999995,0.0064
Calamos Global Growth & Income B,0.731,0.0034000000000000002,0.0029,0.0055000000000000005
Calamos Global Growth & Income C,0.731,0.0036,0.0032,0.0059
Calamos Global Growth & Income R,0.731,0.0043,0.0036,0.0060999999999999995
Vantagepoint Mdl Port Traditional Growth,0.13,0.0079,0.0060999999999999995,0.0098
Vantagepoint Mdl Port Long-Term Growth,0.11,0.0086,0.006,0.01
James Balanced: Golden Rainbow Instl,0.36,0.0078000000000000005,0.0072,NA
James Balanced: Golden Rainbow R,0.36,0.0059,0.0058,0.0068000000000000005
Principal LifeTime 2050 A Load Waived,0.155,0.005600000000000001,0.0051,0.0084
Principal LifeTime 2050 A,0.155,0.005600000000000001,0.0051,0.0084
Principal LifeTime 2050 R1,0.155,0.0039000000000000003,0.0037,0.0069
Principal LifeTime 2050 R3,0.155,0.0051,0.0046,0.0079
Principal LifeTime 2050 R5,0.155,0.0060999999999999995,0.0055000000000000005,0.0089
Principal LifeTime 2050 Instl,0.155,0.006999999999999999,0.0063,0.0097
Principal LifeTime 2050 R4,0.155,0.005699999999999999,0.0052,0.0085
Principal LifeTime 2050 R2,0.155,0.0040999999999999995,0.0039000000000000003,0.0072
Principal LifeTime 2050 J,0.155,0.0054,0.0046,0.0078000000000000005
Principal LifeTime 2050 B,0.155,0.0026,0.0025,0.005699999999999999
Principal LifeTime 2050 C,0.155,0.0104,NA,NA
Principal LifeTime 2030 C,0.107,0.011399999999999999,NA,NA
Principal LifeTime 2030 R5,0.107,0.0072,0.0069,0.009899999999999999
Principal LifeTime 2030 R3,0.107,0.006,0.0059,0.0089
Principal LifeTime 2030 R2,0.107,0.0052,0.0052,0.008199999999999999
Principal LifeTime 2030 Instl,0.107,0.008100000000000001,0.0077,0.0108
Principal LifeTime 2030 R4,0.107,0.0066,0.0064,0.009300000000000001
Principal LifeTime 2030 J,0.107,0.0069,0.0064,0.0092
Principal LifeTime 2030 R1,0.107,0.0049,0.005,0.008
Principal LifeTime 2030 A,0.107,0.0068000000000000005,0.0066,0.0095
Principal LifeTime 2030 B,0.107,0.0038,0.004,0.0068000000000000005
Principal LifeTime 2030 A Load Waived,0.107,0.0068000000000000005,0.0066,0.0095
Principal LifeTime 2040 A Load Waived,0.126,0.0062,0.0058,0.0088
Principal LifeTime 2040 A,0.126,0.0062,0.0058,0.0088
Principal LifeTime 2040 B,0.126,0.0033,0.0032,0.0060999999999999995
Principal LifeTime 2040 R1,0.126,0.0043,0.0042,0.0070999999999999995
Principal LifeTime 2040 J,0.126,0.0060999999999999995,0.0054,0.008199999999999999
Principal LifeTime 2040 R4,0.126,0.0062,0.005699999999999999,0.0087
Principal LifeTime 2040 Instl,0.126,0.0074,0.0069,0.009899999999999999
Principal LifeTime 2040 R3,0.126,0.0054,0.0051,0.008100000000000001
Principal LifeTime 2040 R2,0.126,0.0046,0.0044,0.0073
Principal LifeTime 2040 R5,0.126,0.006500000000000001,0.0060999999999999995,0.0091
Principal LifeTime 2040 C,0.126,0.0098,NA,NA
Principal LifeTime 2010 C,0.16399999999999998,0.0139,NA,NA
Principal LifeTime 2010 R3,0.16399999999999998,0.0067,0.0076,0.0108
Principal LifeTime 2010 R5,0.16399999999999998,0.008,0.0087,0.0118
Principal LifeTime 2010 Instl,0.16399999999999998,0.009000000000000001,0.0095,0.0127
Principal LifeTime 2010 R2,0.16399999999999998,0.0058,0.0069,0.01
Principal LifeTime 2010 R4,0.16399999999999998,0.0076,0.0084,0.0115
Principal LifeTime 2010 J,0.16399999999999998,0.0078000000000000005,0.008199999999999999,0.0111
Principal LifeTime 2010 R1,0.16399999999999998,0.005699999999999999,0.0066,0.0098
Principal LifeTime 2010 A,0.16399999999999998,0.0075,0.0083,0.0113
Principal LifeTime 2010 A Load Waived,0.16399999999999998,0.0075,0.0083,0.0113
Nationwide Inv Destinations Mod Agr A LW,0.1388,0.006500000000000001,0.0073,0.0111
Nationwide Inv Dest Mod Agrsv R2,0.1388,0.005600000000000001,0.0064,0.0102
Nationwide Inv Destinations Mod Agrsv I,0.1388,0.0072,0.008199999999999999,0.012
Nationwide Inv Destinations Mod Agrsv C,0.1388,0.0046,0.0053,0.0089
Nationwide Inv Destinations Mod Agrsv B,0.1388,0.0048,0.0054,0.009000000000000001
Nationwide Inv Destinations Mod Agrsv A,0.1388,0.006500000000000001,0.0073,0.0111
Nationwide Inv Dest Mod Agrsv Svc,0.1388,0.0062,0.006999999999999999,0.010700000000000001
Nationwide Inv Dest Mod A,0.14279999999999998,0.0066,0.006,0.0111
Nationwide Inv Dest Mod B,0.14279999999999998,0.0045000000000000005,0.004699999999999999,0.009300000000000001
Nationwide Inv Dest Mod Svc,0.14279999999999998,0.0062,0.0066,0.011200000000000002
Nationwide Inv Dest Mod C,0.14279999999999998,0.0045000000000000005,0.004699999999999999,0.0092
Nationwide Inv Dest Mod I,0.14279999999999998,0.0077,0.008,0.0127
Nationwide Inv Dest Mod R2,0.14279999999999998,0.0055000000000000005,0.006,0.011000000000000001
Nationwide Inv Dest Mod A Load Waived,0.14279999999999998,0.0066,0.006,0.0111
Hartford Advisers HLS IB,0.34,0.005,0.0051,0.0132
Hartford Advisers HLS IA,0.34,0.0060999999999999995,0.006,0.0143
JHVIT Lifestyle Conservative Tr Ser NAV,0.17,0.0146,0.0138,0.0152
JHT Lifestyle Conservative 280 Trust III,0.17,0.006,NA,NA
JHVIT Lifestyle Conservative Tr Ser I,0.17,0.014499999999999999,0.0137,0.0151
JHVIT Lifestyle Conservative Tr Ser II,0.17,0.0139,0.0131,0.0144
JHTrust Lifestyle Cons Series IIIA,0.17,NA,NA,NA
JHVIT Lifestyle Moderate Trust Ser NAV,0.12,0.013000000000000001,0.0123,0.0141
JHVIT Lifestyle Moderate Ser I,0.12,0.0128,0.012199999999999999,0.0139
JHVIT Lifestyle Moderate Trust Ser II,0.12,0.012199999999999999,0.0116,0.013300000000000001
JHTrust Lifestyle Moderate Series IIIA,0.12,NA,NA,NA
JHT Lifestyle Moderate 460 Trust III,0.12,0.004699999999999999,NA,NA
Transamerica Asset Allc Cnsrv R,0.29,0.0074,0.0085,0.0113
Transamerica Asset Allc Cnsrv I,0.29,0.0097,NA,NA
Transamerica Asset Allc Cnsrv A LW,0.29,0.0086,0.009399999999999999,0.0121
Transamerica Asset Allc Cnsrv C,0.29,0.0069,0.0078000000000000005,0.0103
Transamerica Asset Allc Cnsrv A,0.29,0.0086,0.009399999999999999,0.0121
Transamerica Asset Allc Cnsrv B,0.29,0.0068000000000000005,0.0077,0.0101
Transamerica Asset Allocation-Conserv C2,0.29,NA,NA,NA
Transamerica Asset Allocation-Conserv M,0.29,NA,NA,NA
Transamerica Asset Allc Moderate A,0.23,0.0073,0.0087,0.0109
Transamerica Asset Allc Moderate B,0.23,0.0040999999999999995,0.006,0.008100000000000001
Transamerica Asset Alloc - Mod C2,0.23,NA,NA,NA
Transamerica Asset Alloc - Mod M,0.23,NA,NA,NA
Transamerica Asset Allc Moderate C,0.23,0.005,0.0066,0.0088
Transamerica Asset Allc Moderate A LW,0.23,0.0073,0.0087,0.0109
Transamerica Asset Allc Moderate I,0.23,0.0086,NA,NA
Transamerica Asset Allc Moderate R,0.23,0.006500000000000001,0.008100000000000001,0.0104
Transamerica Asset Allc Mod Gr R,0.3,0.0046,0.0059,0.008
Transamerica Asset Allc Mod Gr I,0.3,0.0067,NA,NA
Transamerica Asset Allc Mod Gr A LW,0.3,0.0053,0.0063,0.0083
Transamerica Asset Allc Mod Gr C,0.3,0.0028000000000000004,0.0040999999999999995,0.006
Transamerica Asset Allc Mod Gr A,0.3,0.0053,0.0063,0.0083
Transamerica Asset Allc Mod Gr B,0.3,0.002,0.0037,0.005600000000000001
Transamerica Asset Allocation-Mod Gr C2,0.3,NA,NA,NA
Transamerica Asset Alloc - Mod Gr M,0.3,NA,NA,NA
Lord Abbett Capital Structure A LW,0.22,0.0095,0.0097,0.0125
Lord Abbett Capital Structure A,0.22,0.0095,0.0097,0.0125
Lord Abbett Capital Structure B,0.22,0.0076,0.0076,0.0105
Lord Abbett Capital Structure C,0.22,0.0074,0.0075,0.0103
Lord Abbett Capital Structure P,0.22,0.0091,0.009300000000000001,0.0121
Lord Abbett Capital Structure I,0.22,0.010700000000000001,0.0108,0.013600000000000001
Lord Abbett Capital Structure F,0.22,0.0104,0.0106,NA
Lord Abbett Capital Structure R2,0.22,0.0087,0.0089,NA
Lord Abbett Capital Structure R3,0.22,0.0091,0.009300000000000001,NA
MFS Moderate Allocation 529A LW,0.12,0.008100000000000001,0.0085,0.0101
MFS Moderate Allocation R1,0.12,0.0063,0.006500000000000001,0.0087
MFS Moderate Allocation R2,0.12,0.0126,NA,NA
MFS Moderate Allocation R3,0.12,0.0083,0.0088,0.010700000000000001
MFS Moderate Allocation R4,0.12,0.0091,0.0096,0.0115
MFS Moderate Allocation A Load Waived,0.12,0.008199999999999999,0.0087,0.0106
MFS Moderate Allocation R2,0.12,0.0076,0.008100000000000001,0.0101
MFS Moderate Allocation B,0.12,0.0063,0.0064,0.0083
MFS Moderate Allocation 529A,0.12,0.008100000000000001,0.0085,0.0101
MFS Moderate Allocation 529B,0.12,0.0060999999999999995,0.0062,0.0079
MFS Moderate Allocation 529C,0.12,0.0060999999999999995,0.0064,0.008100000000000001
MFS Moderate Allocation A,0.12,0.008199999999999999,0.0087,0.0106
MFS Moderate Allocation C,0.12,0.0063,0.006500000000000001,0.0083
MFS Moderate Allocation I,0.12,0.009000000000000001,0.0095,0.011399999999999999
MFS Moderate Allocation R,0.12,0.0078000000000000005,0.0087,0.0072
MFS Growth Allocation R,0.13,0.0063,0.0077,0.0060999999999999995
MFS Growth Allocation A,0.13,0.0079,0.0074,0.0098
MFS Growth Allocation C,0.13,0.0054,0.0051,0.0074
MFS Growth Allocation I,0.13,0.0086,0.008100000000000001,0.0108
MFS Growth Allocation B,0.13,0.0051,0.0049,0.0073
MFS Growth Allocation 529B,0.13,0.0048,0.0048,0.0072
MFS Growth Allocation 529C,0.13,0.0052,0.0051,0.0073
MFS Growth Allocation 529A,0.13,0.0077,0.0072,0.0095
MFS Growth Allocation R2,0.13,0.006999999999999999,0.0067,0.009399999999999999
MFS Growth Allocation A Load Waived,0.13,0.0079,0.0074,0.0098
MFS Growth Allocation R1,0.13,0.0055000000000000005,0.0052,0.0079
MFS Growth Allocation R2,0.13,0.0138,NA,NA
MFS Growth Allocation R3,0.13,0.008,0.0075,0.01
MFS Growth Allocation R4,0.13,0.0087,0.008100000000000001,0.0108
MFS Growth Allocation 529A Load Waived,0.13,0.0077,0.0072,0.0095
MFS Conservative Allocation 529A LW,0.12,0.0092,0.0095,0.0108
MFS Conservative Allocation R1,0.12,0.0070999999999999995,0.0074,0.009300000000000001
MFS Conservative Allocation R2,0.12,0.0126,NA,NA
MFS Conservative Allocation R3,0.12,0.0095,0.009899999999999999,0.011399999999999999
MFS Conservative Allocation R4,0.12,0.0102,0.0106,0.0121
MFS Conservative Allocation A LW,0.12,0.009399999999999999,0.0098,0.011200000000000002
MFS Conservative Allocation R2,0.12,0.0087,0.0092,0.0108
MFS Conservative Allocation 529A,0.12,0.0092,0.0095,0.0108
MFS Conservative Allocation 529B,0.12,0.0068000000000000005,0.0072,0.0089
MFS Conservative Allocation 529C,0.12,0.0069,0.0072,0.0085
MFS Conservative Allocation A,0.12,0.009399999999999999,0.0098,0.011200000000000002
MFS Conservative Allocation B,0.12,0.0070999999999999995,0.0072,0.0087
MFS Conservative Allocation C,0.12,0.0070999999999999995,0.0074,0.0089
MFS Conservative Allocation I,0.12,0.0101,0.0105,0.0121
MFS Conservative Allocation R,0.12,0.0078000000000000005,0.009300000000000001,0.0079
T. Rowe Price Retirement Income,0.125,0.0077,0.0088,0.011200000000000002
T. Rowe Price Retirement Income Adv,0.125,0.0068000000000000005,0.0079,0.0103
T. Rowe Price Retirement Income R,0.125,0.006,0.0070999999999999995,0.0095
ING T. Rowe Price Cap Apprec Port S2,0.85,0.006,0.0055000000000000005,0.0138
ING T. Rowe Price Cap Apprec Port I,0.85,0.0074,0.0068000000000000005,0.0154
ING T. Rowe Price Cap Apprec Port S,0.85,0.006500000000000001,0.006,0.0144
ING T. Rowe Price Cap Apprec Port Adv,0.85,0.0058,0.0053,0.0131
Hussman Strategic Total Return,2.54,0.0068000000000000005,0.0101,0.0134
State Farm LifePath 2020 R1,0.05,0.0034000000000000002,0.0034999999999999996,0.0055000000000000005
State Farm LifePath 2020 R2,0.05,0.0039000000000000003,0.0040999999999999995,0.006
State Farm LifePath 2020 R3,0.05,0.0045000000000000005,0.0046,0.0066
State Farm LifePath 2020 Legacy A LW,0.05,0.0040999999999999995,0.0043,0.0060999999999999995
State Farm LifePath 2020 Legacy A,0.05,0.0040999999999999995,0.0043,0.0060999999999999995
State Farm LifePath 2020 Legacy B,0.05,0.0029,0.0032,0.005
State Farm LifePath 2020 Inst,0.05,0.0048,0.0049,0.0068000000000000005
State Farm LifePath 2020 A Load Waived,0.05,0.0042,0.0044,0.0063
State Farm LifePath 2020 A,0.05,0.0042,0.0044,0.0063
State Farm LifePath 2020 B,0.05,0.0026,0.0028000000000000004,0.004699999999999999
State Farm LifePath 2030 A,0.07,0.0032,0.0034000000000000002,0.0052
State Farm LifePath 2030 B,0.07,0.0018,0.002,0.0037
State Farm LifePath 2030 A Load Waived,0.07,0.0032,0.0034000000000000002,0.0052
State Farm LifePath 2030 Legacy A,0.07,0.0032,0.0033,0.005
State Farm LifePath 2030 Legacy B,0.07,0.0021,0.0024,0.0040999999999999995
State Farm LifePath 2030 Inst,0.07,0.0037,0.0039000000000000003,0.005699999999999999
State Farm LifePath 2030 Legacy A LW,0.07,0.0032,0.0033,0.005
State Farm LifePath 2030 R1,0.07,0.0025,0.0027,0.0045000000000000005
State Farm LifePath 2030 R2,0.07,0.0029,0.0032,0.0049
State Farm LifePath 2030 R3,0.07,0.0034999999999999996,0.0037,0.005600000000000001
Fidelity Advisor Freedom 2020 A LW,0.18,0.01,0.0091,0.0102
Fidelity Advisor Freedom 2020 A,0.18,0.01,0.0091,0.0102
Fidelity Advisor Freedom 2020 B,0.18,0.0073,0.0064,0.0075
Fidelity Advisor Freedom 2020 C,0.18,0.0074,0.0066,0.0076
Fidelity Advisor Freedom 2020 I,0.18,0.0108,0.0098,0.011000000000000001
Fidelity Advisor Freedom 2020 T,0.18,0.009000000000000001,0.008100000000000001,0.009300000000000001
Fidelity Advisor Freedom 2030 A,0.16,0.0103,0.0088,0.0095
Fidelity Advisor Freedom 2030 B,0.16,0.0079,0.0063,0.0069
Fidelity Advisor Freedom 2030 C,0.16,0.0079,0.0064,0.006999999999999999
Fidelity Advisor Freedom 2030 I,0.16,0.0111,0.0096,0.0103
Fidelity Advisor Freedom 2030 T,0.16,0.009399999999999999,0.0079,0.0086
Fidelity Advisor Freedom 2030 A LW,0.16,0.0103,0.0088,0.0095
Fidelity Advisor Freedom 2040 A LW,0.14,0.0101,0.0085,0.009300000000000001
Fidelity Advisor Freedom 2040 A,0.14,0.0101,0.0085,0.009300000000000001
Fidelity Advisor Freedom 2040 B,0.14,0.0079,0.0062,0.0068000000000000005
Fidelity Advisor Freedom 2040 C,0.14,0.0079,0.0062,0.0068000000000000005
Fidelity Advisor Freedom 2040 I,0.14,0.0109,0.009300000000000001,0.0101
Fidelity Advisor Freedom 2040 T,0.14,0.0092,0.0076,0.0084
Vanguard Target Retirement 2005 Inv,0.27,0.0088,0.008100000000000001,0.009300000000000001
PL Port Optimization Moderate A,0.0677,0.0054,0.0067,0.0095
PL Port Optimization Moderate B,0.0677,0.0032,0.0045000000000000005,0.0073
PL Port Optimization Moderate C,0.0677,0.0029,0.0044,0.0072
PL Port Optimization Moderate 529 MT A,0.0677,0.0066,0.012,0.0109
PL Port Optimization Moderate 529 MT B,0.0677,0.0046,0.009899999999999999,0.009000000000000001
PL Port Optimization Moderate 529 MT C,0.0677,0.0045000000000000005,0.0096,0.0088
PL Port Optimization Moderate 529 AZ B,0.0677,0.0096,0.0064,NA
PL Port Optimization Moderate 529 AZ A,0.0677,0.0108,0.0075,NA
PL Port Optimization Moderate 529 AZ C,0.0677,0.009300000000000001,0.0062,NA
PL Port Optimization Moderate A LW,0.0677,0.0054,0.0067,0.0095
PL Port Optimization Moderate 529 M A LW,0.0677,0.0066,0.012,0.0109
PL Port Optimization Moderate 529 A A LW,0.0677,0.0108,0.0075,NA
PL Port Optimization Moderate R,0.0677,0.0043,0.0058,0.0088
MFS Meridian Glob Bal I1 Acc,0.44,NA,NA,NA
MFS Meridian Glob Bal I2 Inc,0.44,NA,NA,NA
Columbia Port Builder Moderate A,0.58,0.0084,0.0087,0.0121
Columbia Port Builder Moderate B,0.58,0.006,0.0063,0.0097
Columbia Port Builder Moderate C,0.58,0.0059,0.0063,0.0097
Columbia Port Builder Moderate R4,0.58,0.0086,0.0091,0.0128
Columbia Port Builder Moderate A LW,0.58,0.0084,0.0087,0.0121
Columbia Portfolio Builder Moderate R,0.58,0.008100000000000001,NA,NA
Columbia Portfolio Builder Moderate Z,0.58,0.009300000000000001,NA,NA
Columbia Port Bldr Moderate Agrsv Z,0.85,0.0074,NA,NA
Columbia Port Bldr Moderate Agrsv R,0.85,0.0053,NA,NA
Columbia Portfolio Bldr Mod Agrsv A LW,0.85,0.0064,0.0069,0.011200000000000002
Columbia Portfolio Bldr Mod Agrsv A,0.85,0.0064,0.0069,0.011200000000000002
Columbia Portfolio Bldr Mod Agrsv B,0.85,0.0038,0.0044,0.0087
Columbia Portfolio Bldr Mod Agrsv C,0.85,0.0039000000000000003,0.0045000000000000005,0.0087
Columbia Portfolio Bldr Mod Agrsv R4,0.85,0.0069,0.0074,0.011899999999999999
AllianceBern Balance Wealth Strat Adv,0.04,0.0091,0.0097,0.0124
AllianceBern Balance Wealth Strat B,0.04,0.0055000000000000005,0.0063,0.0089
AllianceBern Balance Wealth Strat C,0.04,0.0053,0.0062,0.0089
AllianceBern Balance Wealth Strat A,0.04,0.008,0.0087,0.011399999999999999
AllianceBern Balance Wealth Strat A LW,0.04,0.008,0.0087,0.011399999999999999
AllianceBern Balance Wealth Strat R,0.04,0.0067,0.0075,0.0103
AllianceBern Balance Wealth Strat K,0.04,0.008100000000000001,0.0087,0.011399999999999999
AllianceBern Balance Wealth Strat I,0.04,0.0091,0.0097,0.0124
T. Rowe Price Retirement 2005,0.175,0.0098,0.0098,0.011899999999999999
T. Rowe Price Retirement 2005 Advisor,0.175,0.0089,0.0089,0.0113
T. Rowe Price Retirement 2005 R,0.175,0.008,0.0078000000000000005,0.0104
Fidelity Advisor Freedom 2015 A LW,0.19,0.0095,0.0088,0.0102
Fidelity Advisor Freedom 2015 A,0.19,0.0095,0.0088,0.0102
Fidelity Advisor Freedom 2015 B,0.19,0.0068000000000000005,0.0063,0.0076
Fidelity Advisor Freedom 2015 C,0.19,0.0069,0.0063,0.0076
Fidelity Advisor Freedom 2015 I,0.19,0.0102,0.0096,0.011000000000000001
Fidelity Advisor Freedom 2015 T,0.19,0.0085,0.008,0.009300000000000001
Fidelity Advisor Freedom 2025 A,0.14,0.0102,0.0089,0.009899999999999999
Fidelity Advisor Freedom 2025 B,0.14,0.0078000000000000005,0.006500000000000001,0.0073
Fidelity Advisor Freedom 2025 C,0.14,0.0078000000000000005,0.0066,0.0075
Fidelity Advisor Freedom 2025 I,0.14,0.0109,0.0097,0.0106
Fidelity Advisor Freedom 2025 T,0.14,0.009300000000000001,0.008100000000000001,0.009000000000000001
Fidelity Advisor Freedom 2025 A LW,0.14,0.0102,0.0089,0.009899999999999999
Fidelity Advisor Freedom 2035 A LW,0.13,0.01,0.0084,0.009000000000000001
Fidelity Advisor Freedom 2035 A,0.13,0.01,0.0084,0.009000000000000001
Fidelity Advisor Freedom 2035 B,0.13,0.0078000000000000005,0.006,0.0066
Fidelity Advisor Freedom 2035 C,0.13,0.0078000000000000005,0.0060999999999999995,0.0066
Fidelity Advisor Freedom 2035 I,0.13,0.010700000000000001,0.0091,0.0097
Fidelity Advisor Freedom 2035 T,0.13,0.0091,0.0075,0.008199999999999999
ING Retirement Moderate Port Adv,0.32,0.0048,0.0104,0.0097
ING Retirement Moderate Port I,0.32,0.0059,0.0111,0.011000000000000001
ING LifeStyle Moderate S2,0.32,0.0146,0.0129,NA
ING LifeStyle Moderate S,0.32,0.0174,0.0139,0.01
ING LifeStyle Moderate Growth S,0.31,0.015300000000000001,0.0128,0.01
ING Retirement Moderate Growth Port Adv,0.31,0.0036,0.0075,0.0084
ING Retirement Moderate Growth Port I,0.31,0.0049,0.0096,0.0106
ING LifeStyle Moderate Growth S2,0.31,0.0147,0.0126,NA
ING Retirement Growth Port Adv,0.3,0.0028000000000000004,0.0072,0.008100000000000001
ING Retirement Growth Port I,0.3,0.0042,0.0085,0.0098
ING LifeStyle Growth S2,0.3,0.013300000000000001,0.011899999999999999,NA
ING LifeStyle Growth S,0.3,0.0138,0.012199999999999999,0.0091
GuideStone Funds Balanced Allocation GS6,0.16,0.057,0.0368,0.0287
GuideStone Funds Balanced Allocation GS4,0.16,0.0103,0.0087,0.0163
GuideStone Funds Growth & Income GS8,0.16,0.018799999999999997,NA,NA
DFA Global Allocation 60/40 I,NA,0.008100000000000001,0.0070999999999999995,0.0076
DFA Global Allocation 60/40 R2,NA,0.0070999999999999995,0.0060999999999999995,0.0062
BlackRock LifePath 2020 Institutional,0.04,0.0125,0.009000000000000001,0.0105
BlackRock LifePath 2020 Investor A LW,0.04,0.0124,0.0087,0.0103
BlackRock LifePath 2020 Investor C,0.04,0.0101,NA,NA
BlackRock LifePath 2020 R,0.04,0.0108,NA,NA
BlackRock LifePath 2020 Investor A,0.04,0.0124,0.0087,0.0103
BlackRock LifePath 2020 K,0.04,0.0138,0.0102,NA
TIAA-CREF Lifecycle 2015 Instl,0.05,0.0144,0.0108,0.011200000000000002
TIAA-CREF Lifecycle 2015 Retire,0.05,0.0116,0.0086,0.0091
TIAA-CREF Lifecycle 2015 Premier,0.05,0.0141,NA,NA
TIAA-CREF Lifecycle 2020 Premier,0.04,0.013300000000000001,NA,NA
TIAA-CREF Lifecycle 2020 Retire,0.04,0.0108,0.008100000000000001,0.0085
TIAA-CREF Lifecycle 2020 Instl,0.04,0.013600000000000001,0.0103,0.010700000000000001
TIAA-CREF Lifecycle 2025 Instl,0.04,0.013000000000000001,0.009899999999999999,0.0102
TIAA-CREF Lifecycle 2025 Retirement,0.04,0.0101,0.0076,0.008100000000000001
TIAA-CREF Lifecycle 2025 Premier,0.04,0.0126,NA,NA
TIAA-CREF Lifecycle 2030 Premier,0.04,0.0116,NA,NA
TIAA-CREF Lifecycle 2030 Retirement,0.04,0.009000000000000001,0.006999999999999999,0.0077
TIAA-CREF Lifecycle 2030 Instl,0.04,0.011899999999999999,0.0092,0.009899999999999999
TIAA-CREF Lifecycle 2035 Instl,0.07,0.0113,0.0088,0.0098
TIAA-CREF Lifecycle 2035 Retire,0.07,0.0084,0.0066,0.0075
TIAA-CREF Lifecycle 2035 Premier,0.07,0.011000000000000001,NA,NA
TIAA-CREF Lifecycle 2040 Premier,0.08,0.0113,NA,NA
TIAA-CREF Lifecycle 2040 Retire,0.08,0.0086,0.0066,0.0074
TIAA-CREF Lifecycle 2040 Instl,0.08,0.0116,0.009000000000000001,0.0097
Oppenheimer Active Allc A,0.21,0.008,0.0049,0.0074
Oppenheimer Active Allc B,0.21,0.005,0.0021,0.0053
Oppenheimer Active Allc C,0.21,0.0053,0.0024,0.0055000000000000005
Oppenheimer Active Allc N,0.21,0.0072,0.0043,0.0069
Oppenheimer Active Allc Y,0.21,0.0092,0.0060999999999999995,0.0083
Oppenheimer Active Allc A Load Waived,0.21,0.008,0.0049,0.0074
T. Rowe Price Retirement 2045,0.168,0.0053,0.0049,0.0073
T. Rowe Price Retirement 2045 Adv,0.168,0.0044,0.0042,0.0068000000000000005
T. Rowe Price Retirement 2045 R,0.168,0.0038,0.0038,0.0064
American Century LIVESTRONG 2025 A,0.03,0.0067,0.005600000000000001,0.0083
American Century LIVESTRONG 2025 R,0.03,0.0059,0.004699999999999999,0.0075
American Century LIVESTRONG 2025 Inv,0.03,0.0076,0.0064,0.0092
American Century LIVESTRONG 2025 Instl,0.03,0.008199999999999999,0.0070999999999999995,0.009899999999999999
American Century LIVESTRONG 2025 A LW,0.03,0.0067,0.005600000000000001,0.0083
American Century LIVESTRONG 2025 C,0.03,0.0042,NA,NA
Thrivent Moderate Allocation A LW,0.46,0.0029,0.0031,0.0054
Thrivent Moderate Allocation I,0.46,0.0034999999999999996,0.0036,0.006
Thrivent Moderate Allocation A,0.46,0.0029,0.0031,0.0054
Thrivent Moderately Agrsv Allocation I,0.58,0.0026,0.0026,0.0046
Thrivent Moderately Agrsv Allocation A,0.58,0.002,0.0021,0.0042
Thrivent Moderately Agrsv Allocatio A LW,0.58,0.002,0.0021,0.0042
ING Solution 2025 Port S2,0.71,0.008199999999999999,0.0089,NA
ING Solution 2025 Port Adv,0.71,0.0073,0.0075,0.006999999999999999
ING Solution 2025 Port S,0.71,0.008,0.008199999999999999,0.0074
ING Solution 2025 Port I,0.71,0.0088,0.0089,0.008
ING Solution 2025 Port T,0.71,0.0062,0.0063,0.005600000000000001
ING Solution 2035 Port Adv,0.71,0.0053,0.006,0.0063
ING Solution 2035 Port I,0.71,0.0069,0.0074,0.0073
ING Solution 2035 Port S,0.71,0.0060999999999999995,0.0067,0.0067
ING Solution 2035 Port T,0.71,0.0040999999999999995,0.0043,0.0044
ING Solution 2035 Port S2,0.71,0.0063,0.0073,NA
Old Westbury Real Return,1.09,0.0075,0.0088,0.0121
GMO Strategic Opportunities Allc III,0.35,0.0087,0.0088,0.0169
Fidelity Advisor Strategic Real Return A,0.35,0.0206,0.0121,0.0175
Fidelity Advisor Strategic Real Return B,0.35,0.019,0.01,0.0155
Fidelity Advisor Strategic Real Return C,0.35,0.0183,0.0098,0.015300000000000001
Fidelity Advisor Strategic Real Return I,0.35,0.0213,0.013000000000000001,0.0183
Fidelity Advisor Strategic Real Return T,0.35,0.020499999999999997,0.012,0.0174
Fidelity Strategic Real Return,0.35,0.021400000000000002,0.013000000000000001,0.0183
Fidelity Advisor Strategic Real Ret A LW,0.35,0.0206,0.0121,0.0175
Fidelity Strategic Real Return F,0.35,0.0097,NA,NA
JHancock2 Lifestyle Conservative 1,0.15,0.014199999999999999,0.016,0.018799999999999997
JHancock2 Lifestyle Conservative A,0.15,0.0126,0.014499999999999999,0.0173
JHancock2 Lifestyle Conservative B,0.15,0.0106,0.012199999999999999,0.015
JHancock2 Lifestyle Conservative C,0.15,0.0103,0.0121,0.0149
JHancock2 Lifestyle Conservative R3,0.15,0.0116,0.013500000000000002,0.016399999999999998
JHancock2 Lifestyle Conservative R4,0.15,0.0126,0.014199999999999999,0.0172
JHancock2 Lifestyle Conservative R5,0.15,0.0137,0.0155,0.0183
JHancock2 Lifestyle Conservative A LW,0.15,0.0126,0.014499999999999999,0.0173
JHancock2 Lifestyle Conservative R2,0.15,NA,NA,NA
JHancock2 Lifestyle Conservative R6,0.15,NA,NA,NA
JHancock2 Lifestyle Conservative R,0.15,0.0246,NA,NA
JHancock2 Lifestyle Conservative R1,0.15,0.011200000000000002,0.013000000000000001,0.0161
JHancock2 Lifestyle Cons R2 (obs),0.15,0.026699999999999998,NA,NA
JHancock2 Lifestyle Moderate R,0.19,0.021099999999999997,NA,NA
JHancock2 Lifestyle Moderate R1,0.19,0.0104,0.0116,0.0144
JHancock2 Lifestyle Moderate R2 (obs),0.19,0.023399999999999997,NA,NA
JHancock2 Lifestyle Moderate 5,0.19,0.0137,0.0149,0.0173
JHancock2 Lifestyle Moderate R6,0.19,NA,NA,NA
JHancock2 Lifestyle Moderate R2,0.19,NA,NA,NA
JHancock2 Lifestyle Moderate A LW,0.19,0.0118,0.0132,0.015700000000000002
JHancock2 Lifestyle Moderate 1,0.19,0.013500000000000002,0.0147,0.0172
JHancock2 Lifestyle Moderate A,0.19,0.0118,0.0132,0.015700000000000002
JHancock2 Lifestyle Moderate B,0.19,0.0098,0.0108,0.0132
JHancock2 Lifestyle Moderate C,0.19,0.0095,0.0108,0.013300000000000001
JHancock2 Lifestyle Moderate R3,0.19,0.011000000000000001,0.0121,0.0147
JHancock2 Lifestyle Moderate R4,0.19,0.012,0.0131,0.015600000000000001
JHancock2 Lifestyle Moderate R5,0.19,0.0131,0.014199999999999999,0.0167
JPMorgan SmartRetirement 2030 R2,0.12,0.0066,0.0064,NA
JPMorgan SmartRetirement 2030 A,0.12,0.0072,0.0070999999999999995,0.0102
JPMorgan SmartRetirement 2030 C,0.12,0.0052,0.0052,0.0085
JPMorgan SmartRetirement 2030 Select,0.12,0.0075,0.0074,0.010700000000000001
JPMorgan SmartRetirement 2030 A LW,0.12,0.0072,0.0070999999999999995,0.0102
JPMorgan SmartRetirement 2030 Instl,0.12,0.008,0.0079,0.0111
JPMorgan SmartRetirement 2020 Instl,0.12,0.009300000000000001,0.0097,0.0124
JPMorgan SmartRetirement 2020 A LW,0.12,0.0085,0.0089,0.011399999999999999
JPMorgan SmartRetirement 2020 A,0.12,0.0085,0.0089,0.011399999999999999
JPMorgan SmartRetirement 2020 C,0.12,0.0064,0.0069,0.0096
JPMorgan SmartRetirement 2020 Select,0.12,0.0088,0.0092,0.011899999999999999
JPMorgan SmartRetirement 2020 R2,0.12,0.0078000000000000005,0.008100000000000001,NA
Fidelity Freedom 2045,0.4,0.011899999999999999,0.0098,0.009899999999999999
Fidelity Freedom 2050,0.41,0.011899999999999999,0.0096,0.0095
Vanguard Target Retirement 2050 Inv,0.15,0.0043,0.004699999999999999,0.0045000000000000005
Hartford Balanced Income A,0.29,0.0104,0.0113,0.0128
Hartford Balanced Income B,0.29,0.008100000000000001,0.0089,0.0105
Hartford Balanced Income C,0.29,0.0084,0.009300000000000001,0.0106
Hartford Balanced Income Y,0.29,0.011399999999999999,0.0124,0.0139
Hartford Balanced Income A Load Waived,0.29,0.0104,0.0113,0.0128
Hartford Balanced Income I,0.29,0.0111,NA,NA
Hartford Balanced Income R5,0.29,0.0111,NA,NA
Hartford Balanced Income R4,0.29,0.0102,NA,NA
Hartford Balanced Income R3,0.29,0.0092,NA,NA
T. Rowe Price Retirement 2050,0.228,0.0053,0.0049,0.006
T. Rowe Price Retirement 2050 Adv,0.228,0.005,0.0043,0.0055000000000000005
T. Rowe Price Retirement 2050 R,0.228,0.0042,0.0037,0.0051
JHVIT American Asset Allc Tr Ser I,0.02,0.0054,0.005600000000000001,NA
JHVIT American Asset Allc Tr Ser II,0.02,0.0049,0.0052,0.0072
JHVIT American Asset Allc Tr Ser III,0.02,0.0066,0.0068000000000000005,NA
JHVIT Frkln Templ Fdng Allc Tr Ser NAV,0.03,0.0109,0.0121,NA
JHVIT Frkln Templ Fdng Allc Tr Ser I,0.03,0.010700000000000001,0.011899999999999999,NA
JHVIT Frkln Templ Fdng Allc Tr Ser II,0.03,0.01,0.0113,0.01
Hartford Checks and Balances A,0.19,0.0083,0.0060999999999999995,0.0073
Hartford Checks and Balances B,0.19,0.0058,0.0034000000000000002,0.0049
Hartford Checks and Balances C,0.19,0.005699999999999999,0.0034999999999999996,0.0049
Hartford Checks and Balances A LW,0.19,0.0083,0.0060999999999999995,0.0073
Hartford Checks and Balances I,0.19,0.0092,0.006999999999999999,NA
Hartford Checks and Balances R3,0.19,0.0073,0.0051,NA
Hartford Checks and Balances R4,0.19,0.008199999999999999,0.0060999999999999995,NA
Hartford Checks and Balances R5,0.19,0.009300000000000001,0.006999999999999999,NA
American Funds Trgt Date Ret 2015 A LW,0.07,0.0098,0.0103,0.01
American Funds Trgt Date Ret 2015 A,0.07,0.0098,0.0103,0.01
American Funds Trgt Date Ret 2015 R1,0.07,0.0074,0.0084,0.0083
American Funds Trgt Date Ret 2015 R2,0.07,0.0076,0.0084,0.0083
American Funds Trgt Date Ret 2015 R3,0.07,0.0088,0.009399999999999999,0.0092
American Funds Trgt Date Ret 2015 R4,0.07,0.009899999999999999,0.0103,0.01
American Funds Trgt Date Ret 2015 R5,0.07,0.0108,0.0111,0.0108
American Funds Trgt Date Ret 2015 R6,0.07,0.011000000000000001,NA,NA
American Funds Trgt Date Ret 2020 R6,0.07,0.01,NA,NA
American Funds Trgt Date Ret 2020 A,0.07,0.0088,0.0089,0.0089
American Funds Trgt Date Ret 2020 R1,0.07,0.006500000000000001,0.0069,0.0070999999999999995
American Funds Trgt Date Ret 2020 R2,0.07,0.0066,0.006999999999999999,0.0072
American Funds Trgt Date Ret 2020 R3,0.07,0.0078000000000000005,0.008,0.008100000000000001
American Funds Trgt Date Ret 2020 R4,0.07,0.0088,0.0089,0.0089
American Funds Trgt Date Ret 2020 R5,0.07,0.0098,0.0097,0.0097
American Funds Trgt Date Ret 2020 A LW,0.07,0.0088,0.0089,0.0089
American Funds Trgt Date Ret 2025 A LW,0.03,0.0078000000000000005,0.0079,0.0083
American Funds Trgt Date Ret 2025 A,0.03,0.0078000000000000005,0.0079,0.0083
American Funds Trgt Date Ret 2025 R1,0.03,0.0054,0.006,0.0064
American Funds Trgt Date Ret 2025 R2,0.03,0.005600000000000001,0.006,0.006500000000000001
American Funds Trgt Date Ret 2025 R3,0.03,0.0068000000000000005,0.006999999999999999,0.0074
American Funds Trgt Date Ret 2025 R4,0.03,0.0079,0.0079,0.008199999999999999
American Funds Trgt Date Ret 2025 R5,0.03,0.0088,0.0087,0.009000000000000001
American Funds Trgt Date Ret 2025 R6,0.03,0.009000000000000001,NA,NA
American Funds Trgt Date Ret 2030 R6,0.02,0.0085,NA,NA
American Funds Trgt Date Ret 2030 A,0.02,0.0073,0.0069,0.0074
American Funds Trgt Date Ret 2030 R1,0.02,0.0049,0.0049,0.0055000000000000005
American Funds Trgt Date Ret 2030 R2,0.02,0.0051,0.0049,0.005699999999999999
American Funds Trgt Date Ret 2030 R3,0.02,0.0063,0.0059,0.0066
American Funds Trgt Date Ret 2030 R4,0.02,0.0074,0.0069,0.0074
American Funds Trgt Date Ret 2030 R5,0.02,0.0083,0.0077,0.008100000000000001
American Funds Trgt Date Ret 2030 A LW,0.02,0.0073,0.0069,0.0074
American Funds Trgt Date Ret 2035 A LW,0.01,0.006999999999999999,0.0072,0.0076
American Funds Trgt Date Ret 2035 A,0.01,0.006999999999999999,0.0072,0.0076
American Funds Trgt Date Ret 2035 R1,0.01,0.0048,0.0055000000000000005,0.006
American Funds Trgt Date Ret 2035 R2,0.01,0.0048,0.0053,0.0058
American Funds Trgt Date Ret 2035 R3,0.01,0.006,0.0063,0.0068000000000000005
American Funds Trgt Date Ret 2035 R4,0.01,0.006999999999999999,0.0072,0.0076
American Funds Trgt Date Ret 2035 R5,0.01,0.008,0.008,0.0083
American Funds Trgt Date Ret 2035 R6,0.01,0.008100000000000001,NA,NA
American Funds Trgt Date Ret 2040 R6,0.01,0.0079,NA,NA
American Funds Trgt Date Ret 2040 A,0.01,0.0068000000000000005,0.0066,0.0072
American Funds Trgt Date Ret 2040 R1,0.01,0.0045000000000000005,0.0046,0.0054
American Funds Trgt Date Ret 2040 R2,0.01,0.0045000000000000005,0.0046,0.0054
American Funds Trgt Date Ret 2040 R3,0.01,0.005699999999999999,0.005699999999999999,0.0063
American Funds Trgt Date Ret 2040 R4,0.01,0.0068000000000000005,0.0066,0.0072
American Funds Trgt Date Ret 2040 R5,0.01,0.0077,0.0074,0.0079
American Funds Trgt Date Ret 2040 A LW,0.01,0.0068000000000000005,0.0066,0.0072
Wells Fargo Advantage DJ Target 2025 Adm,0.31,0.0106,0.0086,NA
Wells Fargo Advantage DJ Target 2025 I,0.31,0.0118,0.0097,NA
Wells Fargo Advantage DJ Target 2025 Inv,0.31,0.0104,0.0084,NA
Goldman Sachs Satellite Strategies A LW,0.35,0.0128,0.0154,0.0158
Goldman Sachs Satellite Strategies A,0.35,0.0128,0.0154,0.0158
Goldman Sachs Satellite Strategies C,0.35,0.0104,0.0131,0.013500000000000002
Goldman Sachs Satellite Strategies Instl,0.35,0.014199999999999999,0.0168,0.017
Goldman Sachs Satellite Strategies IR,0.35,0.0138,0.0163,NA
Goldman Sachs Satellite Strategies R,0.35,0.0121,0.0148,NA
Goldman Sachs Satellite Strategies Svc,0.35,0.0126,0.0152,NA
JHVIT Fundamental Holdings Trust Ser I,0.03,0.0055000000000000005,0.0053,NA
JHVIT Fundamental Holdings Trust Ser II,0.03,0.005,0.0048,NA
JHVIT Fundamental Holdings Trust Ser III,0.03,0.0067,0.0064,NA
JPMorgan Income Builder A,0.38,0.0183,0.0196,0.0191
JPMorgan Income Builder C,0.38,0.0168,0.018000000000000002,0.0175
JPMorgan Income Builder Select,0.38,0.018799999999999997,0.020099999999999996,0.0197
JPMorgan Income Builder A Load Waived,0.38,0.0183,0.0196,0.0191
Principal Global Div Inc A Load Waived,0.47600000000000003,0.0192,0.0301,NA
Principal Global Div Inc Instl,0.47600000000000003,0.0206,0.0313,NA
Principal Global Div Inc A,0.47600000000000003,0.0192,0.0301,NA
Principal Global Div Inc C,0.47600000000000003,0.0171,0.0278,NA
Principal Global Div Inc P,0.47600000000000003,0.020499999999999997,NA,NA
Putnam Capital Spectrum A,1.17,0.0111,0.011699999999999999,NA
Putnam Capital Spectrum M,1.17,0.01,0.0106,NA
Putnam Capital Spectrum R,1.17,0.010700000000000001,0.0111,NA
Putnam Capital Spectrum Y,1.17,0.0115,0.0123,NA
Putnam Capital Spectrum B,1.17,0.0104,0.0102,NA
Putnam Capital Spectrum C,1.17,0.0098,0.0102,NA
Putnam Capital Spectrum A Load Waived,1.17,0.0111,0.011699999999999999,NA
Fidelity Freedom K Income,0.2,0.0087,NA,NA
Fidelity Freedom K 2010,0.28,0.011699999999999999,NA,NA
Fidelity Freedom K 2035,0.17,0.012,NA,NA
Fidelity Freedom K 2045,0.14,0.0116,NA,NA
Fidelity Freedom K 2050,0.14,0.0115,NA,NA
Principal Diversified Real Asset A,0.597,0.0059,NA,NA
Principal Diversified Real Asset C,0.597,0.0053,NA,NA
Principal Diversified Real Asset Inst,0.597,0.006500000000000001,NA,NA
Principal Diversified Real Asset A LW,0.597,0.0059,NA,NA
Principal Diversified Real Asset P,0.597,0.0062,NA,NA
American Funds Global Balanced A LW,0.38,0.0052,NA,NA
American Funds Global Balanced 529A LW,0.38,0.0052,NA,NA
American Funds Global Balanced A,0.38,0.0052,NA,NA
American Funds Global Balanced 529F1,0.38,0.0058,NA,NA
American Funds Global Balanced B,0.38,0.0029,NA,NA
American Funds Global Balanced C,0.38,0.0028000000000000004,NA,NA
American Funds Global Balanced F1,0.38,0.0053,NA,NA
American Funds Global Balanced F2,0.38,0.0060999999999999995,NA,NA
American Funds Global Balanced 529A,0.38,0.0052,NA,NA
American Funds Global Balanced 529B,0.38,0.0026,NA,NA
American Funds Global Balanced 529C,0.38,0.0028000000000000004,NA,NA
American Funds Global Balanced 529E,0.38,0.0044,NA,NA
American Funds Global Balanced R1,0.38,0.003,NA,NA
American Funds Global Balanced R2,0.38,0.0034000000000000002,NA,NA
American Funds Global Balanced R3,0.38,0.0045000000000000005,NA,NA
American Funds Global Balanced R4,0.38,0.0054,NA,NA
American Funds Global Balanced R5,0.38,0.0062,NA,NA
American Funds Global Balanced R6,0.38,0.0063,NA,NA
JHFunds2 Capital Appreciation Value NAV,0.44,0.0024,NA,NA
American Funds American Balanced F-2,0.47,0.008199999999999999,0.0077,NA
American Funds American Balanced A LW,0.47,0.0075,0.006999999999999999,0.0095
American Funds American Balanced 529A LW,0.47,0.0072,0.0068000000000000005,0.009300000000000001
American Funds American Balanced 529F,0.47,0.008,0.0075,0.01
American Funds American Balanced R4,0.47,0.0074,0.006999999999999999,0.009399999999999999
American Funds American Balanced R2,0.47,0.0049,0.0046,0.0069
American Funds American Balanced R5,0.47,0.0084,0.0079,0.0104
American Funds American Balanced R1,0.47,0.0048,0.0046,0.006999999999999999
American Funds American Balanced R3,0.47,0.0064,0.006,0.0085
American Funds American Balanced 529A,0.47,0.0072,0.0068000000000000005,0.009300000000000001
American Funds American Balanced 529B,0.47,0.0045000000000000005,0.0043,0.0067
American Funds American Balanced 529C,0.47,0.0045000000000000005,0.0043,0.0067
American Funds American Balanced 529E,0.47,0.0063,0.0059,0.0083
American Funds American Balanced F-1,0.47,0.0075,0.006999999999999999,0.0095
American Funds American Balanced C,0.47,0.004699999999999999,0.0045000000000000005,0.0069
American Funds American Balanced B,0.47,0.005,0.004699999999999999,0.0070999999999999995
American Funds American Balanced A,0.47,0.0075,0.006999999999999999,0.0095
American Funds American Balanced R6,0.47,0.0086,0.008100000000000001,NA
American Funds Capital Inc Bldr A,0.47,0.0146,0.0146,0.0165
American Funds Capital Inc Bldr R6,0.47,0.015600000000000001,0.015600000000000001,NA
American Funds Capital Inc Bldr 529F,0.47,0.015,0.0151,0.0169
American Funds Capital Inc Bldr R1,0.47,0.0118,0.011899999999999999,0.0137
American Funds Capital Inc Bldr R2,0.47,0.0118,0.0118,0.013500000000000002
American Funds Capital Inc Bldr R4,0.47,0.0144,0.014499999999999999,0.0163
American Funds Capital Inc Bldr R5,0.47,0.0154,0.0154,0.0173
American Funds Capital Inc Bldr R3,0.47,0.013300000000000001,0.0134,0.0152
American Funds Capital Inc Bldr 529A,0.47,0.0143,0.0144,0.016200000000000003
American Funds Capital Inc Bldr 529B,0.47,0.012,0.011899999999999999,0.013600000000000001
American Funds Capital Inc Bldr 529C,0.47,0.011699999999999999,0.011699999999999999,0.013500000000000002
American Funds Capital Inc Bldr 529E,0.47,0.0134,0.0134,0.0152
American Funds Capital Inc Bldr C,0.47,0.011899999999999999,0.0118,0.013600000000000001
American Funds Capital Inc Bldr F-1,0.47,0.014499999999999999,0.014499999999999999,0.016399999999999998
American Funds Capital Inc Bldr B,0.47,0.0124,0.0123,0.013999999999999999
American Funds Capital Inc Bldr F-2,0.47,0.015300000000000001,0.0154,NA
American Funds Capital Inc Bldr 529A LW,0.47,0.0143,0.0144,0.016200000000000003
American Funds Capital Inc Bldr A LW,0.47,0.0146,0.0146,0.0165
Dodge & Cox Balanced,0.19,0.0085,0.008199999999999999,0.0105
Fidelity Asset Manager 50%,0.14,0.0069,0.006999999999999999,0.0123
Fidelity Advisor Asset Manager 50% A,0.14,0.0058,0.0062,0.0115
Fidelity Advisor Asset Manager 50% B,0.14,0.0032,0.0034999999999999996,0.0089
Fidelity Advisor Asset Manager 50% C,0.14,0.0033,0.0037,0.0089
Fidelity Advisor Asset Manager 50% I,0.14,0.0066,0.0070999999999999995,0.0124
Fidelity Advisor Asset Manager 50% T,0.14,0.005,0.0054,0.0106
Fidelity Advisor Asset Manager 50% A LW,0.14,0.0058,0.0062,0.0115
Fidelity Balanced,1.93,0.0069,0.0074,0.0098
Fidelity Balanced K,1.93,0.0073,0.0079,NA
Fidelity Puritan K,1.54,0.0072,0.0083,NA
Fidelity Puritan,1.54,0.0068000000000000005,0.0078000000000000005,0.011200000000000002
Franklin Income A Load Waived,0.3583,0.022799999999999997,0.0239,0.0254
Franklin Income B,0.3583,0.0206,0.0215,0.0229
Franklin Income Adv,0.3583,0.0235,0.0245,0.026000000000000002
Franklin Income A,0.3583,0.022799999999999997,0.0239,0.0254
Franklin Income C,0.3583,0.0212,0.022000000000000002,0.0235
Franklin Income R,0.3583,0.0219,0.023,0.0245
Franklin Income B1,0.3583,0.0217,0.0225,0.0239
Ivy Asset Strategy Y,0.47,0.0043,0.0022,0.0095
Ivy Asset Strategy C,0.47,0.0018,0.0006,0.0078000000000000005
Ivy Asset Strategy B,0.47,0.0017000000000000001,0.0005,0.0079
Ivy Asset Strategy A,0.47,0.0043,0.0021,0.0096
Waddell&Reed Asset Strategy C {dupe},0.47,NA,NA,NA
Ivy Asset Strategy R,0.47,0.0032,0.0015,NA
Ivy Asset Strategy I,0.47,0.005,0.0026,0.01
Ivy Asset Strategy A Load Waived,0.47,0.0043,0.0021,0.0096
Ivy Asset Strategy E,0.47,0.0042,0.0022,0.009000000000000001
American Funds Inc Fund of Amer F-2,0.38,0.0149,0.0159,NA
American Funds Inc Fund of Amer 529A LW,0.38,0.013999999999999999,0.015,0.0172
American Funds Inc Fund of Amer A LW,0.38,0.0143,0.0152,0.0175
American Funds Inc Fund of Amer F-1,0.38,0.014199999999999999,0.0151,0.0174
American Funds Inc Fund of Amer C,0.38,0.0118,0.0126,0.0149
American Funds Inc Fund of Amer B,0.38,0.012199999999999999,0.013000000000000001,0.0151
American Funds Inc Fund of Amer 529F-1,0.38,0.0148,0.015700000000000002,0.018000000000000002
American Funds Inc Fund of Amer R5,0.38,0.0151,0.016,0.0183
American Funds Inc Fund of Amer R2,0.38,0.0116,0.0125,0.0147
American Funds Inc Fund of Amer R1,0.38,0.0116,0.0126,0.0147
American Funds Inc Fund of Amer R4,0.38,0.0141,0.015,0.0173
American Funds Inc Fund of Amer R3,0.38,0.0131,0.013999999999999999,0.016200000000000003
American Funds Inc Fund of Amer 529A,0.38,0.013999999999999999,0.015,0.0172
American Funds Inc Fund of Amer 529B,0.38,0.011699999999999999,0.0126,0.0147
American Funds Inc Fund of Amer 529C,0.38,0.0115,0.0124,0.0146
American Funds Inc Fund of Amer 529E,0.38,0.0132,0.0141,0.0163
American Funds Inc Fund of Amer A,0.38,0.0143,0.0152,0.0175
American Funds Inc Fund of Amer R6,0.38,0.015300000000000001,0.016200000000000003,NA
Vanguard LifeStrategy Growth Inv,0.22,0.0045000000000000005,0.0043,0.004699999999999999
Janus Balanced T,0.94,0.0095,0.009300000000000001,0.0111
Berger Balanced,0.94,NA,NA,NA
Janus Balanced C,0.94,0.0072,NA,NA
Janus Balanced I,0.94,0.0101,NA,NA
Janus Balanced R,0.94,0.008199999999999999,NA,NA
Janus Balanced S,0.94,0.0088,NA,NA
Janus Balanced A,0.94,0.009300000000000001,NA,NA
Janus Balanced A Load Waived,0.94,0.009300000000000001,NA,NA
Janus Balanced D,0.94,0.009899999999999999,0.0095,0.011200000000000002
Janus Balanced N,0.94,NA,NA,NA
MFS Total Return C,0.24,0.0063,0.0060999999999999995,0.0096
MFS Total Return A,0.24,0.0089,0.0086,0.012
MFS Total Return B,0.24,0.006500000000000001,0.0062,0.0098
MFS Total Return I,0.24,0.0097,0.0096,0.0131
MFS Total Return R5,0.24,NA,NA,NA
MFS Total Return R,0.24,0.0223,0.0178,0.0147
MFS Total Return 529A,0.24,0.0087,0.0083,0.0116
MFS Total Return 529B,0.24,0.0062,0.006,0.009399999999999999
MFS Total Return 529C,0.24,0.0060999999999999995,0.0058,0.0092
MFS Total Return R2,0.24,0.008,0.0079,0.0113
MFS Total Return R1,0.24,0.0063,0.0062,0.0096
MFS Total Return R2,0.24,0.0219,NA,NA
MFS Total Return R3,0.24,0.0089,0.0087,0.012199999999999999
MFS Total Return R4,0.24,0.0097,0.0096,0.0131
MFS Total Return A Load Waived,0.24,0.0089,0.0086,0.012
MFS Total Return 529A Load Waived,0.24,0.0087,0.0083,0.0116
BlackRock Global Allocation R,0.31,0.0072,0.0053,0.0096
BlackRock Global Allocation Inv A LW,0.31,0.008,0.0060999999999999995,0.0103
BlackRock Global Allocation Inv C,0.31,0.0060999999999999995,0.0040999999999999995,0.0086
BlackRock Global Allocation Inv A,0.31,0.008,0.0060999999999999995,0.0103
BlackRock Global Allocation Instl,0.31,0.0089,0.006999999999999999,0.011200000000000002
BlackRock Global Allocation Inv B,0.31,0.0052,0.0034999999999999996,0.0078000000000000005
Vanguard LifeStrategy Cnsrv Gr Inv,0.46,0.0078000000000000005,0.0077,0.0089
Permanent Portfolio,0.08869999999999999,0.004,0.003,0.0028000000000000004
T. Rowe Price Capital Appreciation,0.813,0.005699999999999999,0.0067,0.009899999999999999
T. Rowe Price Capital Appreciation Adv,0.813,0.004699999999999999,0.0058,0.009000000000000001
Invesco Van Kampen Equity and Incom A LW,0.22,0.0068000000000000005,0.0067,0.0091
Invesco Van Kampen Equity and Income Y,0.22,0.0077,0.0076,0.01
Invesco Van Kampen Equity and Income R,0.22,0.006,0.0058,0.008199999999999999
Invesco Van Kampen Equity and Income A,0.22,0.0068000000000000005,0.0067,0.0091
Invesco Van Kampen Equity and Income C,0.22,0.0043,0.0042,0.0066
Invesco Van Kampen Equity and Income B,0.22,0.0068000000000000005,0.0066,0.009000000000000001
Invesco Van Kampen Equity and Income I,0.22,0.008199999999999999,NA,NA
FPA Crescent,0.32,0.0067,0.006999999999999999,0.0098
UAM FPA Crescent Instl Svc,0.32,NA,NA,NA
First Eagle Global I,0.1157,0.0069,0.006,0.0105
First Eagle Global C,0.1157,0.0037,0.0032,0.0077
First Eagle Global A,0.1157,0.006,0.0053,0.0096
First Eagle Global A Load Waived,0.1157,0.006,0.0053,0.0096
Vanguard LifeStrategy Moderate Gr Inv,0.32,0.0060999999999999995,0.0060999999999999995,0.006999999999999999
Vanguard Balanced Index Signal,0.67,0.005699999999999999,0.0064,0.0074
Vanguard Balanced Index Instl,0.67,0.0058,0.006500000000000001,0.0075
Vanguard Balanced Index Adm,0.67,0.005699999999999999,0.0064,0.0074
Vanguard Balanced Index Inv,0.67,0.0054,0.006,0.0070999999999999995
Vanguard STAR Inv,0.24,0.0072,0.0075,0.0109
Vanguard Wellesley Income Inv,0.48,0.01,0.0108,0.0128
Vanguard Wellesley Income Adm,0.48,0.0102,0.011000000000000001,0.0131
Vanguard Wellington Adm,0.38,0.0075,0.0076,0.0097
Vanguard Wellington Inv,0.38,0.0073,0.0074,0.0095
GMO Global Balanced Allocation II,0.01,NA,NA,NA
Wells Fargo Advantage Asset Alloc C,0.01,0.006,0.0048,0.0155
Wells Fargo Advantage Asset Alloc Adm,0.01,0.0069,0.0073,0.018500000000000003
Wells Fargo Advantage Asset Alloc B,0.01,0.0063,0.0048,0.015600000000000001
Wells Fargo Advantage Asset Alloc A,0.01,0.0067,0.0066,0.0177
Wells Fargo Advantage Asset Alloc A LW,0.01,0.0067,0.0066,0.0177
Wells Fargo Advantage Asset Alloc R,0.01,0.006500000000000001,0.0062,0.0171
Fidelity Freedom 2020,0.24,0.0121,0.010700000000000001,0.012
Oakmark Equity & Income II,0.47,0.0063,0.0037,0.0068000000000000005
Oakmark Equity & Income I,0.47,0.0074,0.0048,0.0079
Fidelity Freedom 2040,0.27,0.0121,0.01,0.0109
Fidelity Freedom 2010,0.18,0.011399999999999999,0.0106,0.0124
Fidelity Freedom 2030,0.26,0.0125,0.0104,0.011200000000000002
Principal LifeTime 2020 R3,0.08800000000000001,0.0062,0.0067,0.0097
Principal LifeTime 2020 R2,0.08800000000000001,0.0052,0.0059,0.0089
Principal LifeTime 2020 R5,0.08800000000000001,0.0073,0.0077,0.010700000000000001
Principal LifeTime 2020 Instl,0.08800000000000001,0.008199999999999999,0.0085,0.0115
Principal LifeTime 2020 R4,0.08800000000000001,0.0069,0.0073,0.0104
Principal LifeTime 2020 J,0.08800000000000001,0.0070999999999999995,0.0072,0.01
Principal LifeTime 2020 C,0.08800000000000001,0.0126,NA,NA
Principal LifeTime 2020 A Load Waived,0.08800000000000001,0.0069,0.0072,0.0102
Principal LifeTime 2020 A,0.08800000000000001,0.0069,0.0072,0.0102
Principal LifeTime 2020 B,0.08800000000000001,0.0040999999999999995,0.004699999999999999,0.0076
Principal LifeTime 2020 R1,0.08800000000000001,0.0051,0.005699999999999999,0.0087
JHVIT Lifestyle Growth Tr Ser NAV,0.09,0.01,0.0095,0.0118
JHT Lifestyle Growth 820 Trust Ser III,0.09,0.0021,NA,NA
JHTrust Lifestyle Growth Series IIIA,0.09,NA,NA,NA
JHVIT Lifestyle Growth Tr Ser I,0.09,0.009899999999999999,0.009300000000000001,0.011699999999999999
JHVIT Lifestyle Growth Tr Ser II,0.09,0.0092,0.0087,0.0109
JHVIT Lifestyle Balanced Ser I,0.1,0.011899999999999999,0.0115,0.013300000000000001
JHVIT Lifestyle Balanced Ser II,0.1,0.0113,0.0109,0.0127
JHTrust Lifestyle Balanced Series IIIA,0.1,NA,NA,NA
JHVIT Lifestyle Balanced Ser NAV,0.1,0.0121,0.0116,0.013500000000000002
JHT Lifestyle Balanced 640 Trust III,0.1,0.0034000000000000002,NA,NA
PIMCO All Asset P,0.56,0.024300000000000002,0.0255,NA
PIMCO All Asset A Load Waived,0.56,0.0231,0.0242,0.0232
PIMCO All Asset R,0.56,0.0225,0.023700000000000002,0.022799999999999997
PIMCO All Asset Admin,0.56,0.023799999999999998,0.025,0.0242
PIMCO All Asset A,0.56,0.0231,0.0242,0.0232
PIMCO All Asset B,0.56,0.0212,0.022000000000000002,0.0208
PIMCO All Asset C,0.56,0.0212,0.022099999999999998,0.021
PIMCO All Asset D,0.56,0.0235,0.024700000000000003,0.0236
PIMCO All Asset Instl,0.56,0.0246,0.0258,0.024900000000000002
T. Rowe Price Retirement 2010 Adv,0.19,0.0083,0.0083,0.0102
T. Rowe Price Retirement 2010 R,0.19,0.0074,0.0075,0.0095
T. Rowe Price Retirement 2010,0.19,0.0092,0.0091,0.011000000000000001
T. Rowe Price Retirement 2020,0.156,0.0072,0.0069,0.009300000000000001
T. Rowe Price Retirement 2020 R,0.156,0.005699999999999999,0.0055000000000000005,0.008
T. Rowe Price Retirement 2020 Adv,0.156,0.0064,0.0062,0.0086
T. Rowe Price Retirement 2030 Adv,0.162,0.0049,0.0049,0.0074
T. Rowe Price Retirement 2030 R,0.162,0.0043,0.0042,0.0067
T. Rowe Price Retirement 2030,0.162,0.005699999999999999,0.0055000000000000005,0.008100000000000001
T. Rowe Price Retirement 2040,0.159,0.005,0.0049,0.0076
T. Rowe Price Retirement 2040 R,0.159,0.0034000000000000002,0.0036,0.0062
T. Rowe Price Retirement 2040 Adv,0.159,0.0042,0.0043,0.0069
Thornburg Investment Income Builder I,0.3034,0.0245,0.0225,0.0248
Thornburg Investment Income Builder R3,0.3034,0.0225,0.020499999999999997,0.0226
Thornburg Investment Income Builder A,0.3034,0.023399999999999997,0.021400000000000002,0.0236
Thornburg Investment Income Builder C,0.3034,0.0213,0.0191,0.021099999999999997
Thornburg Investment Income Builder R5,0.3034,0.0242,0.022099999999999998,0.0227
Thornburg Investment Income Builder A LW,0.3034,0.023399999999999997,0.021400000000000002,0.0236
Thornburg Investment Income Builder R4,0.3034,0.022799999999999997,0.0209,NA
Vanguard Target Retirement 2015 Inv,0.27,0.0070999999999999995,0.0066,0.0073
Vanguard Target Retirement 2025 Inv,0.23,0.0058,0.0052,0.0058
Vanguard Target Retirement 2035 Inv,0.18,0.0046,0.0042,0.0046
Vanguard Target Retirement 2045 Inv,0.16,0.0044,0.0045000000000000005,0.004699999999999999
Vanguard Target Retirement Income Inv,0.14,0.0085,0.0083,0.009899999999999999
PIMCO All Asset All Authority A LW,0.55,0.0275,0.024900000000000002,0.0236
PIMCO All Asset All Authority Inst,0.55,0.0288,0.0265,0.0253
PIMCO All Asset All Authority A,0.55,0.0275,0.024900000000000002,0.0236
PIMCO All Asset All Authority C,0.55,0.0258,0.023,0.0216
PIMCO All Asset All Authority D,0.55,0.0279,0.0255,0.0241
PIMCO All Asset All Authority P,0.55,0.0285,0.0262,NA
T. Rowe Price Retirement 2015 Adv,0.152,0.0072,0.0069,0.009399999999999999
T. Rowe Price Retirement 2015 R,0.152,0.0066,0.0064,0.0091
T. Rowe Price Retirement 2015,0.152,0.008,0.0076,0.01
T. Rowe Price Retirement 2025,0.16699999999999998,0.0063,0.0060999999999999995,0.0087
T. Rowe Price Retirement 2025 Adv,0.16699999999999998,0.0054,0.0053,0.008100000000000001
T. Rowe Price Retirement 2025 R,0.16699999999999998,0.0049,0.005,0.0077
T. Rowe Price Retirement 2035 Adv,0.171,0.0045000000000000005,0.0043,0.006999999999999999
T. Rowe Price Retirement 2035 R,0.171,0.0039000000000000003,0.0039000000000000003,0.0066
T. Rowe Price Retirement 2035,0.171,0.0051,0.0049,0.0076
Fidelity Freedom 2015,0.24,0.011200000000000002,0.0103,0.011699999999999999
Fidelity Freedom 2025,0.28,0.012199999999999999,0.0105,0.0113
Fidelity Freedom 2035,0.3,0.011899999999999999,0.009899999999999999,0.0104
Franklin Templeton Founding Allc A,0.0369,0.0129,0.0137,0.0149
Franklin Templeton Founding Allc B,0.0369,0.0104,0.0113,0.012199999999999999
Franklin Templeton Founding Allc C,0.0369,0.0105,0.0113,0.0124
Franklin Templeton Founding Allc R,0.0369,0.0121,0.0129,0.013999999999999999
Franklin Templeton Founding Allc Adv,0.0369,0.0137,0.014499999999999999,0.0158
Franklin Templeton Founding Allc A LW,0.0369,0.0129,0.0137,0.0149
JHancock2 Lifestyle Balanced R2,0.23,NA,NA,NA
JHancock2 Lifestyle Balanced R6,0.23,NA,NA,NA
JHancock2 Lifestyle Balanced A LW,0.23,0.0098,0.0106,0.0138
JHancock2 Lifestyle Balanced 5,0.23,0.011699999999999999,0.0123,0.0155
JHancock2 Lifestyle Balanced R,0.23,0.0195,NA,NA
JHancock2 Lifestyle Balanced R1,0.23,0.0088,0.009399999999999999,0.0126
JHancock2 Lifestyle Balanced R2 (obs),0.23,0.0218,NA,NA
JHancock2 Lifestyle Balanced 1,0.23,0.0115,0.0121,0.015300000000000001
JHancock2 Lifestyle Balanced A,0.23,0.0098,0.0106,0.0138
JHancock2 Lifestyle Balanced B,0.23,0.0078000000000000005,0.008199999999999999,0.0113
JHancock2 Lifestyle Balanced C,0.23,0.0075,0.008199999999999999,0.011399999999999999
JHancock2 Lifestyle Balanced R3,0.23,0.0092,0.009899999999999999,0.013000000000000001
JHancock2 Lifestyle Balanced R4,0.23,0.0103,0.011000000000000001,0.013999999999999999
JHancock2 Lifestyle Balanced R5,0.23,0.011200000000000002,0.011899999999999999,0.015
JHancock2 Lifestyle Growth 1,0.24,0.0088,0.009000000000000001,0.0129
JHancock2 Lifestyle Growth A,0.24,0.0070999999999999995,0.0075,0.011200000000000002
JHancock2 Lifestyle Growth B,0.24,0.004699999999999999,0.0052,0.0087
JHancock2 Lifestyle Growth C,0.24,0.0046,0.0053,0.0087
JHancock2 Lifestyle Growth R3,0.24,0.0064,0.0068000000000000005,0.0104
JHancock2 Lifestyle Growth R4,0.24,0.0075,0.0078000000000000005,0.0115
JHancock2 Lifestyle Growth R5,0.24,0.0085,0.0087,0.0125
JHancock2 Lifestyle Growth 5,0.24,0.009000000000000001,0.0092,0.0131
JHancock2 Lifestyle Growth A LW,0.24,0.0070999999999999995,0.0075,0.011200000000000002
JHancock2 Lifestyle Growth R,0.24,0.0168,NA,NA
JHancock2 Lifestyle Growth R1,0.24,0.0062,0.0064,0.0102
JHancock2 Lifestyle Growth R2 (obs),0.24,0.0197,NA,NA
JHancock2 Lifestyle Growth R6,0.24,NA,NA,NA
JHancock2 Lifestyle Growth R2,0.24,NA,NA,NA
Vanguard Target Retirement 2010 Inv,0.27,0.0079,0.0072,0.0075
Vanguard Target Retirement 2020 Inv,0.23,0.0062,0.005600000000000001,0.0058
Vanguard Target Retirement 2030 Inv,0.19,0.005,0.0044,0.0045000000000000005
Vanguard Target Retirement 2040 Inv,0.15,0.0043,0.0040999999999999995,0.0042
IVA Worldwide A,0.508,0.0137,0.0106,NA
IVA Worldwide C,0.508,0.0113,0.0086,NA
IVA Worldwide I,0.508,0.0146,0.011399999999999999,NA
IVA Worldwide A Load Waived,0.508,0.0137,0.0106,NA
PIMCO Global Multi-Asset R,0.94,0.019299999999999998,0.0182,NA
PIMCO Global Multi-Asset A Load Waived,0.94,0.0197,0.018500000000000003,NA
PIMCO Global Multi-Asset A,0.94,0.0197,0.018500000000000003,NA
PIMCO Global Multi-Asset C,0.94,0.0183,0.017,NA
PIMCO Global Multi-Asset D,0.94,0.0197,0.018500000000000003,NA
PIMCO Global Multi-Asset Instl,0.94,0.021099999999999997,0.019799999999999998,NA
PIMCO Global Multi-Asset P,0.94,0.0209,0.0197,NA
PIMCO Global Multi-Asset Adm,0.94,NA,NA,NA
PIMCO VIT Global Multi-Asset Instl,0.94,NA,NA,NA
Old Westbury Global Opportunities,0.84,0.019,0.016200000000000003,NA
Fidelity Freedom K 2015,0.23,0.0115,NA,NA
Fidelity Freedom K 2020,0.21,0.011899999999999999,NA,NA
Fidelity Freedom K 2025,0.2,0.012199999999999999,NA,NA
Fidelity Freedom K 2030,0.19,0.0125,NA,NA
Fidelity Freedom K 2040,0.18,0.0123,NA,NA
Invesco Balanced-Risk Allc A,0.33,0.0111,NA,NA
Invesco Balanced-Risk Allc Instl,0.33,0.0113,NA,NA
Invesco Balanced-Risk Allc R,0.33,0.0108,NA,NA
Invesco Balanced-Risk Allc Y,0.33,0.0113,NA,NA
Invesco Balanced-Risk Allc B,0.33,0.0109,NA,NA
Invesco Balanced-Risk Allc C,0.33,0.0105,NA,NA
Invesco Balanced-Risk Allc A LW,0.33,0.0111,NA,NA
Robeco Long/Short Eq Inv,1.03,0.0296,0.0189,0.0311
Robeco Long/Short Eq I,1.03,0.028399999999999998,0.0182,0.030299999999999997
Federated Market Opportunity A,1.29,0.0019,0.0079,0.012
Federated Market Opportunity B,1.29,NA,0.0055000000000000005,0.0096
Federated Market Opportunity C,1.29,NA,0.0055000000000000005,0.0096
Federated Market Opportunity A LW,1.29,0.0019,0.0079,0.012
Federated Market Opportunity Instl,1.29,0.0029,0.0086,NA
JPMorgan Research Market Neutral A,2.31,NA,0.0012,0.0032
JPMorgan Research Market Neutral B,2.31,NA,0.0012,0.0029
JPMorgan Research Market Neutral Instl,2.31,NA,0.0011,0.0034999999999999996
JPMorgan Research Market Neutral C,2.31,NA,NA,NA
JPMorgan Research Market Neutral Select,2.31,NA,NA,NA
JPMorgan Research Market Neutral A LW,2.31,NA,0.0012,0.0032
Aberdeen Equity Long-Short B,0.6265,NA,NA,0.0008
Aberdeen Equity Long-Short A,0.6265,0.0015,0.0005,0.0009
Aberdeen Equity Long-Short C,0.6265,0.0021,0.0007000000000000001,0.0008
Aberdeen Equity Long-Short R,0.6265,0.0016,0.0005,0.0006
Aberdeen Equity Long-Short A LW,0.6265,0.0015,0.0005,0.0009
Aberdeen Equity Long-Short Inst,0.6265,0.0015,0.0005,0.001
Aberdeen Equity Long-Short I/S,0.6265,0.0015,NA,NA
JPMorgan Multi-Cap Market Neutral C,3.39,NA,NA,0.0029
JPMorgan Multi-Cap Market Neutral Sel,3.39,NA,NA,0.004
JPMorgan Multi-Cap Market Neutral A,3.39,NA,NA,0.0037
JPMorgan Multi-Cap Market Neutral B,3.39,NA,NA,0.003
JPMorgan Multi-Cap Market Neutral A LW,3.39,NA,NA,0.0037
Highbridge Statistical Mkt Neutral A LW,6.73,NA,NA,0.0034000000000000002
Highbridge Statistical Mkt Neutral A,6.73,NA,NA,0.0034000000000000002
Highbridge Statistical Mkt Neutral C,6.73,NA,NA,0.0029
Highbridge Statistical Mkt Neutral Sel,6.73,NA,NA,0.0036
Pyxis Long/Short Equity A,6.84,0.0021,0.004699999999999999,0.005600000000000001
Pyxis Long/Short Equity C,6.84,0.0022,0.0049,0.005600000000000001
Pyxis Long/Short Equity Z,6.84,0.0021,0.004699999999999999,0.005600000000000001
Pyxis Long/Short Equity A Load Waived,6.84,0.0021,0.004699999999999999,0.005600000000000001
DWS Alternative Asset Allocation R,0.32,NA,NA,NA
DWS Alternative Asset Allocation A,0.32,0.013600000000000001,0.0101,NA
DWS Alternative Asset Allocation C,0.32,0.0105,0.0074,NA
DWS Alternative Asset Allocation Instl,0.32,0.0147,0.0111,NA
DWS Alternative Asset Allocation S,0.32,0.0147,0.0111,NA
DWS Alternative Asset Allocation A LW,0.32,0.013600000000000001,0.0101,NA
Vantagepoint Diversifying Strategies,0.73,0.0028000000000000004,0.0036,NA
Turner Spectrum Instl,11.53,0.014499999999999999,0.005699999999999999,NA
Turner Spectrum Inv,11.53,0.0146,0.005699999999999999,NA
Turner Spectrum C,11.53,0.015,NA,NA
Forward Tactical Growth C,3.87,0.0008,NA,NA
Forward Tactical Growth Investor,3.87,0.0008,NA,NA
Forward Tactical Growth Inst,3.87,0.0008,NA,NA
Forward Tactical Growth M,3.87,0.0008,NA,NA
Forward Tactical Growth A,3.87,0.0008,NA,NA
Forward Tactical Growth A Load Waived,3.87,0.0008,NA,NA
Merger,0.4813,0.009899999999999999,0.0054,0.0096
Calamos Market Neutral Income R,0.985,0.0042,0.0042,0.0096
Calamos Market Neutral Income B,0.985,0.002,0.0021,0.0073
Calamos Market Neutral Income C,0.985,0.0022,0.0023,0.0076
Calamos Market Neutral Income A LW,0.985,0.005,0.005,0.0103
Calamos Market Neutral Income I,0.985,0.0059,0.0059,0.0113
Calamos Market Neutral Income A,0.985,0.005,0.005,0.0103
Federated Prudent Bear A,4.73,NA,NA,0.0113
Federated Prudent Bear C,4.73,NA,NA,0.0115
Federated Prudent Bear A Load Waived,4.73,NA,NA,0.0113
Federated Prudent Bear Instl,4.73,NA,NA,NA
GMO Alpha Only III,1.25,0.004699999999999999,0.0026,0.044000000000000004
GMO Alpha Only IV,1.25,0.0049,0.0027,0.0441
Diamond Hill Long-Short Y,0.5,NA,NA,NA
Diamond Hill Long-Short A Load Waived,0.5,NA,NA,0.0034000000000000002
Diamond Hill Long-Short I,0.5,0.0006,0.0003,0.0040999999999999995
Diamond Hill Long-Short A,0.5,NA,NA,0.0034000000000000002
Diamond Hill Long-Short C,0.5,NA,NA,0.0025
Arbitrage C,3.89,NA,NA,NA
Arbitrage R,3.89,0.0078000000000000005,0.0079,0.0123
Arbitrage I,3.89,0.0077,0.008199999999999999,0.0124
Wasatch Long/Short,0.82,0.0001,0.0001,0.0052
TFS Market Neutral,7.51,0.0052,0.012199999999999999,0.0106
Absolute Strategies R,1.12,0.0007000000000000001,0.0016,0.004
Absolute Strategies I,1.12,0.0014000000000000002,0.0025,0.0053
Absolute Strategies C,1.12,0.011399999999999999,0.0049,NA
Marketfield,1.3822,NA,0.0002,NA
Goldman Sachs Absolute Return Track A LW,1.05,0.0024,0.0016,NA
Goldman Sachs Absolute Return Tracker A,1.05,0.0024,0.0016,NA
Goldman Sachs Absolute Return Tracker C,1.05,0.0025,0.0016,NA
Goldman Sachs Absolute Return Tracker I,1.05,0.0024,0.0018,NA
Goldman Sachs Absolute Return Tracker R,1.05,0.0024,0.0015,NA
Goldman Sachs Absolute Return Tracker IR,1.05,0.0024,0.0018,NA
AQR Diversified Arbitrage N,2.98,0.0108,0.0063,NA
AQR Diversified Arbitrage I,2.98,0.0115,0.0069,NA
Gateway A,0.03,0.0058,0.005699999999999999,0.0054
Gateway C,0.03,0.0032,0.0031,NA
Gateway Y,0.03,0.0066,0.006500000000000001,NA
Gateway A Load Waived,0.03,0.0058,0.005699999999999999,0.0054
Hussman Strategic Growth,0.67,0.0017000000000000001,0.001,0.0069
AllianceBern Global Thematic Gr A LW,1.64,0.0023,0.0024,0.0014000000000000002
AllianceBern Global Thematic Gr R,1.64,0.0023,0.0024,0.0014000000000000002
AllianceBern Global Thematic Gr K,1.64,0.0043,0.0033,0.002
AllianceBern Global Thematic Gr I,1.64,0.005,0.0038,0.0023
AllianceBern Global Thematic Gr B,1.64,NA,0.0017000000000000001,0.001
AllianceBern Global Thematic Gr C,1.64,NA,0.0017000000000000001,0.001
AllianceBern Global Thematic Gr A,1.64,0.0023,0.0024,0.0014000000000000002
AllianceBern Global Thematic Gr Adv,1.64,0.0039000000000000003,0.0032,0.0019
Acadian Emerging Markets Instl,0.49,0.0070999999999999995,0.0038,0.0213
State Farm S&P 500 Index B Legacy,0.05,0.0012,0.0011,0.0026
State Farm S&P 500 Index A Legacy,0.05,0.002,0.0018,0.0038
Transamerica Partners Instl Stock Index,0.05,0.0062,0.0063,0.0067
State Farm S&P 500 Index Instl,0.05,0.0024,0.0022,0.0044
State Farm S&P 500 Index A,0.05,0.0021,0.0019,0.004
State Farm S&P 500 Index B,0.05,0.0011,0.0009,0.0022
State Farm S&P 500 Index A Legacy LW,0.05,0.002,0.0018,0.0038
State Farm S&P 500 Index A Load Waived,0.05,0.0021,0.0019,0.004
State Farm S&P 500 Index R1,0.05,0.0016,0.0014000000000000002,0.0031
State Farm S&P 500 Index R2,0.05,0.002,0.0018,0.0037
State Farm S&P 500 Index R3,0.05,0.0024,0.0021,0.0043
Fidelity International Capital Apprec,2.54,0.0039000000000000003,0.0054,0.012199999999999999
FBR Gas Utility Index Investor,0.17,0.011000000000000001,0.0121,0.0148
FBR Gas Utility Index R,0.17,0.0286,NA,NA
Gabelli ABC Advisor,2.76,0.0086,0.0073,0.010700000000000001
Gabelli ABC AAA,2.76,0.0096,0.0076,0.011699999999999999
Wells Fargo Advantage Spec SmCp Val A LW,0.54,NA,0.0004,0.008
Evergreen Special Values R,0.54,0.0005,0.0125,0.0168
Wells Fargo Advantage Spec SmCp Val C,0.54,NA,NA,0.0064
Wells Fargo Advantage Spec SmCp Val Adm,0.54,NA,0.0007000000000000001,0.0086
Wells Fargo Advantage Spec SmCp Val B,0.54,NA,NA,0.0066
Wells Fargo Advantage Spec SmCp Val A,0.54,NA,0.0004,0.008
Wells Fargo Advantage Spec SmCp Val I,0.54,NA,NA,NA
Olstein All Cap Value C,0.39280000000000004,NA,0.0002,0.0060999999999999995
Olstein All Cap Value Adv,0.39280000000000004,NA,0.0002,0.005600000000000001
Meridian Value,0.38,0.0016,0.002,0.0105
Putnam International Equity A,0.8,0.02,0.011699999999999999,0.016399999999999998
Putnam International Equity B,0.8,0.0176,0.0089,0.0146
Putnam International Equity M,0.8,0.0184,0.0102,0.015300000000000001
Putnam Asia Pacific Growth A,0.8,NA,0.001,0.0101
Putnam Asia Pacific Growth B,0.8,NA,0.0005,0.0092
Putnam Asia Pacific Growth M,0.8,NA,0.0007000000000000001,0.009300000000000001
Putnam International Equity Y,0.8,0.0208,0.0125,0.017
Putnam Asia Pacific Growth C,0.8,NA,0.0009,NA
Putnam International Equity C,0.8,0.0175,0.009300000000000001,0.0147
Putnam Emerging Markets A,0.8,0.0014000000000000002,0.0014000000000000002,0.003
Putnam Emerging Markets Y,0.8,0.0025,NA,NA
Putnam International Equity R,0.8,0.019299999999999998,0.0111,0.016
Putnam International Equity A LW,0.8,0.02,0.011699999999999999,0.016399999999999998
Putnam Asia Pacific Growth A LW,0.8,NA,0.001,0.0101
Putnam Emerging Markets A Load Waived,0.8,0.0014000000000000002,0.0014000000000000002,0.003
Northern Institutional Equity Index D,0.0365,0.0054,0.009300000000000001,0.0118
Northern Institutional Equity Index C,0.0365,0.006,0.0098,0.0123
Northern Institutional Equity Index A,0.0365,0.006999999999999999,0.0066,0.0118
American Century Global Gold A LW,0.32,0.0095,0.0132,0.0123
American Century Global Gold B,0.32,0.0277,0.0154,NA
American Century Global Gold C,0.32,0.0097,0.0121,NA
American Century Global Gold R,0.32,0.0095,0.0126,NA
American Century Global Gold Instl,0.32,0.009399999999999999,0.0141,NA
American Century Global Gold A,0.32,0.0095,0.0132,0.0123
American Century Global Gold Inv,0.32,0.009399999999999999,0.0137,0.0128
Brandywine Blue,2.34,NA,0.0004,0.0058
Stratton Small-Cap Value,0.1558,NA,NA,0.0009
Thrivent Mid Cap Stock A,0.35,NA,NA,0.0062
Thrivent Mid Cap Stock B,0.35,NA,0.0259,0.0197
Thrivent Mid Cap Stock I,0.35,NA,0.0003,0.0063
Thrivent Mid Cap Stock A Load Waived,0.35,NA,NA,0.0062
AllianceBern S/M Cap Growth Adv,0.9,NA,NA,0.004
AllianceBern S/M Cap Growth A,0.9,NA,NA,0.0040999999999999995
AllianceBern S/M Cap Growth B,0.9,NA,NA,0.0051
AllianceBern S/M Cap Growth C,0.9,NA,NA,0.0051
AllianceBern S/M Cap Growth A LW,0.9,NA,NA,0.0040999999999999995
AllianceBern S/M Cap Growth R,0.9,NA,NA,0.0040999999999999995
AllianceBern S/M Cap Growth I,0.9,NA,NA,0.0040999999999999995
AllianceBern S/M Cap Growth K,0.9,NA,NA,0.0040999999999999995
Federated Clover Value A,0.98,0.0027,0.0029,0.006
Federated Clover Value A Load Waived,0.98,0.0027,0.0029,0.006
Touchstone Value Opportunities A,0.98,0.0062,NA,NA
Federated Clover Value C,0.98,0.0004,0.0006,0.0039000000000000003
Federated Clover Value B,0.98,0.0004,0.0006,NA
Federated Clover Value Instl,0.98,0.0036,0.0034999999999999996,NA
Federated Clover Value R,0.98,0.0019,0.0017000000000000001,NA
Touchstone Value Opportunities A LW,0.98,0.0062,NA,NA
TCW Dividend Focused K,0.3751,0.0073,NA,NA
TCW Dividend Focused I,0.3751,0.0068000000000000005,0.0072,0.009899999999999999
TCW Dividend Focused N,0.3751,0.0049,0.0055000000000000005,0.0079
SG Cowen Income+Growth B,0.3751,0.0108,0.0182,0.032
SG Cowen Income+Growth I,0.3751,0.0127,0.0208,0.0315
Fidelity Large Cap Stock,1.08,0.0034999999999999996,0.0026,0.0034999999999999996
Dreyfus Opportunistic Small Cap,0.91,0.0276,0.0105,0.020099999999999996
Delaware Large Cap Value C,0.19,0.0039000000000000003,0.0042,0.0075
Delaware Large Cap Value A,0.19,0.0063,0.0066,0.01
Delaware Large Cap Value B,0.19,0.004,0.0043,0.0077
Delaware Large Cap Value Instl,0.19,0.0073,0.0076,0.011000000000000001
Delaware Large Cap Value R,0.19,0.005600000000000001,0.0059,0.009300000000000001
Delaware Large Cap Value A Load Waived,0.19,0.0063,0.0066,0.01
Delaware Small Cap Value A Load Waived,0.29,0.009000000000000001,0.0033,0.005
Delaware Small Cap Value R,0.29,0.0092,0.0033,0.0048
Delaware Small Cap Value C,0.29,0.0103,0.0036,0.0053
Delaware Small Cap Value A,0.29,0.009000000000000001,0.0033,0.005
Delaware Small Cap Value B,0.29,0.0106,0.0037,0.0054
Delaware Small Cap Value Instl,0.29,0.0086,0.0033,0.0052
Dreyfus Fund Incorporated,0.6759999999999999,0.0017000000000000001,0.0015,0.0059
AllianceBern Intl Growth A,0.67,0.0033,0.0076,0.0088
AllianceBern Intl Growth B,0.67,NA,0.0055000000000000005,0.006999999999999999
AllianceBern Intl Growth C,0.67,NA,0.0053,0.006999999999999999
AllianceBern Intl Growth Adv,0.67,0.0044,0.0085,0.0096
AllianceBern Intl Growth K,0.67,0.0034000000000000002,0.008,0.0091
AllianceBern Intl Growth I,0.67,0.0053,0.0092,0.0101
AllianceBern Intl Growth R,0.67,0.0017000000000000001,0.0068000000000000005,0.008100000000000001
AllianceBern Intl Growth A Load Waived,0.67,0.0033,0.0076,0.0088
Dreyfus Research Growth Z,0.8806999999999999,0.0005,0.0005,0.0053
Dreyfus Research Growth A Load Waived,0.8806999999999999,0.0006,0.0006,NA
Dreyfus Research Growth C,0.8806999999999999,0.0005,0.0002,NA
Dreyfus Research Growth I,0.8806999999999999,0.0007000000000000001,0.0007000000000000001,NA
Dreyfus Research Growth A,0.8806999999999999,0.0006,0.0006,NA
LKCM Small Cap Equity Instl,0.5,NA,NA,0.0025
LKCM Small Cap Equity Advisor,0.5,NA,NA,0.0025
Neuberger Berman Focus Adv,1.13,0.0031,0.0029,0.0128
Neuberger Berman Focus Inv,1.13,0.0019,0.0021,0.0121
Neuberger Berman Focus Tr,1.13,0.0019,0.0022,0.0121
Neuberger Berman Focus C,1.13,0.0034000000000000002,NA,NA
Neuberger Berman Focus A,1.13,0.0031,NA,NA
Neuberger Berman Focus A Load Waived,1.13,0.0031,NA,NA
Neuberger Berman Focus Inst,1.13,0.0027,NA,NA
AllianceBern Growth A Load Waived,1.45,NA,NA,NA
AllianceBern Growth K,1.45,NA,NA,NA
AllianceBern Growth R,1.45,NA,NA,NA
AllianceBern Growth I,1.45,NA,NA,NA
AllianceBern Growth C,1.45,NA,NA,NA
AllianceBern Growth A,1.45,NA,NA,NA
AllianceBern Growth B,1.45,NA,NA,NA
AllianceBern Growth Adv,1.45,NA,NA,NA
Wells Fargo Advantage Classic Value R,0.21,0.0012,0.0036,0.0116
Wells Fargo Advantage Classic Value Adm,0.21,0.0016,0.005,0.0132
Wells Fargo Advantage Classic Value A,0.21,0.0015,0.0044,0.0124
Wells Fargo Advantage Classic Value B,0.21,0.0001,0.0025,0.0105
Wells Fargo Advantage Classic Value C,0.21,0.0003,0.0025,0.0104
Wells Fargo Advantage Classic Value I,0.21,0.0022,NA,NA
Wells Fargo Advantage Classic Value A LW,0.21,0.0015,0.0044,0.0124
Wells Fargo Advantage Core Equity A LW,0.98,0.0017000000000000001,0.0023,0.0038
Wells Fargo Advantage Core Equity I,0.98,0.0024,NA,NA
Wells Fargo Advantage Core Equity B,0.98,0.0004,0.0013,0.0028000000000000004
Wells Fargo Advantage Core Equity C,0.98,0.0005,0.0013,0.0028000000000000004
Wells Fargo Advantage Core Equity Adm,0.98,0.0021,0.0029,0.0045000000000000005
Wells Fargo Advantage Core Equity A,0.98,0.0017000000000000001,0.0023,0.0038
Federated Capital Appreciation A LW,1.75,0.0022,0.0022,0.012199999999999999
Federated Capital Appreciation Instl,1.75,0.0033,0.0032,NA
Federated Capital Appreciation R,1.75,0.0016,0.001,0.011200000000000002
Federated Capital Appreciation A,1.75,0.0022,0.0022,0.012199999999999999
Federated Capital Appreciation B,1.75,NA,NA,0.0104
FirstMerit Equity,1.75,NA,0.0070999999999999995,0.0078000000000000005
Federated Capital Appreciation C,1.75,NA,NA,0.0104
Federated Mid-Cap Index Svc,0.08,0.009300000000000001,0.006,0.0104
Federated Mid-Cap Index Instl,0.08,NA,NA,NA
Federated Max-Cap Index Instl,0.53,0.010700000000000001,0.0128,0.023799999999999998
Federated Max-Cap Index Svc,0.53,0.0097,0.0118,0.022799999999999997
Federated Max-Cap Index R,0.53,0.008100000000000001,0.0103,0.0213
Federated Max-Cap Index C,0.53,0.006999999999999999,0.0092,0.0203
FAM Value Adv,0.07780000000000001,NA,0.0007000000000000001,0.003
FAM Value Inv,0.07780000000000001,NA,0.001,0.0039000000000000003
Rydex NASDAQ-100 Inv,0.94,NA,NA,NA
Rydex NASDAQ-100 Adv,0.94,NA,NA,NA
Rydex NASDAQ-100 A,0.94,NA,NA,NA
Rydex NASDAQ-100 C,0.94,NA,NA,NA
Rydex NASDAQ-100 A Load Waived,0.94,NA,NA,NA
Fidelity Europe,1.17,0.008100000000000001,0.0072,0.0102
Fidelity Europe F,1.17,0.0064,NA,NA
SEI Instl Intl Tr Emerging Markets Eq A,0.98,0.001,0.0016,0.018500000000000003
Fidelity Pacific Basin,0.59,0.0032,0.0096,0.0101
Fidelity Telecom and Utilities,1.6,0.0106,0.0106,0.009899999999999999
Fidelity Select Chemicals,1.19,0.0034999999999999996,0.0046,0.005699999999999999
Fidelity Select Defense & Aerospace,0.56,0.0029,0.0031,0.006
Fidelity Select Computers,1.93,NA,NA,NA
Fidelity Select Electronics,1.37,0.0003,0.0012,0.002
Fidelity Select Medical Delivery,0.86,NA,NA,0.0019
Fidelity Select Retailing,2.17,0.0046,0.0123,0.0115
Fidelity Select Utilities Portfolio,2.02,0.0085,0.0088,0.008199999999999999
Fidelity Value Strategies,0.34,0.0027,0.0014000000000000002,0.009399999999999999
Fidelity Advisor Value Strategies I,0.34,0.0029,0.0015,0.0102
Fidelity Advisor Value Strategies T,0.34,0.001,0.0004,0.0085
Fidelity Advisor Value Strategies B,0.34,NA,NA,0.0085
Fidelity Advisor Value Strategies C,0.34,NA,NA,0.0085
Fidelity Advisor Value Strategies A,0.34,0.0019,0.0009,0.0096
Fidelity Advisor Value Strategies A LW,0.34,0.0019,0.0009,0.0096
Fidelity Value Strategies K,0.34,0.0034999999999999996,0.0019,NA
Invesco Dynamics Y,1.41,0.0105,0.0034999999999999996,NA
Invesco Dynamics R,1.41,0.0091,0.003,0.0018
INVESCO Endea A Load Waived,1.41,NA,NA,NA
Invesco Dynamics A Load Waived,1.41,0.0097,0.0033,0.002
Invesco Dynamics C,1.41,0.008100000000000001,0.0027,0.0016
INVESCO Endea C,1.41,NA,NA,NA
INVESCO Endea Inv,1.41,NA,0.0018,NA
Invesco Dynamics Instl,1.41,0.0105,0.0034999999999999996,0.0021
Invesco Dynamics A,1.41,0.0097,0.0033,0.002
Invesco Dynamics B,1.41,0.0083,0.0027,0.0016
INVESCO Endea A,1.41,NA,NA,NA
INVESCO Endea B,1.41,NA,NA,NA
AIM Dynamics K,1.41,NA,NA,NA
INVESCO Endea K,1.41,NA,NA,NA
Invesco Dynamics Inv,1.41,0.0097,0.0033,0.002
Invesco Technology Investor,0.42,NA,NA,NA
AIM Technology K,0.42,NA,NA,NA
Invesco Technology A,0.42,NA,NA,NA
Invesco Technology B,0.42,NA,NA,NA
Invesco Technology Institutional,0.42,NA,NA,NA
Invesco Technology C,0.42,NA,NA,NA
Invesco Technology A Load Waived,0.42,NA,NA,NA
Invesco Technology Y,0.42,NA,NA,NA
Osterweis,0.31,0.0018,0.0021,0.0034000000000000002
First Investors Opportunity A LW,0.37,0.0070999999999999995,0.0026,0.0053
First Investors Opportunity A,0.37,0.0070999999999999995,0.0026,0.0053
First Investors Opportunity B,0.37,0.0079,0.0026,0.0059
CRM Small Cap Value Inv,1.15,0.0264,0.0089,0.0124
CRM Small Cap Value Instl,1.15,0.0258,0.0087,0.0124
Nuveen Equity Index A Load Waived,0.02,0.0168,0.012199999999999999,0.0103
Nuveen Equity Index C,0.02,0.0144,0.0097,0.0079
Nuveen Equity Index R3,0.02,0.016,0.011399999999999999,0.0095
Nuveen Equity Index A,0.02,0.0168,0.012199999999999999,0.0103
Nuveen Equity Index I,0.02,0.0177,0.0131,0.011200000000000002
Nuveen Equity Index B,0.02,0.0151,0.01,0.008
JHancock Regional Bank B,0.16,0.010700000000000001,0.0088,0.0218
JHancock Regional Bank A,0.16,0.011699999999999999,0.0097,0.023
JHancock Regional Bank C,0.16,0.0103,0.0085,0.0216
JHancock Regional Bank A Load Waived,0.16,0.011699999999999999,0.0097,0.023
Invesco Global Small & Mid Cap Gr B,0.58,0.0131,0.0043,0.0104
Invesco Global Small & Mid Cap Gr A,0.58,0.0143,0.005699999999999999,0.0116
Invesco Global Small & Mid Cap Gr C,0.58,0.0126,0.0042,0.0103
Invesco Global Small & Mid Cap Gr A LW,0.58,0.0143,0.005699999999999999,0.0116
Invesco Global Small & Mid Cap Gr Y,0.58,0.0154,0.0066,NA
Invesco Global Small & Mid Cap Gr Instl,0.58,0.0166,0.0077,NA
Dreyfus/The Boston Co Sm/Md Cp Gr I,1.8082,0.0121,0.004,0.014199999999999999
Dreyfus/The Boston Co Sm/Md Cp Gr A LW,1.8082,0.0121,0.0040999999999999995,NA
Dreyfus/The Boston Co Sm/Md Cp Gr A,1.8082,0.0121,0.0040999999999999995,NA
Dreyfus/The Boston Co Sm/Md Cp Gr C,1.8082,0.0126,0.0042,NA
Goldman Sachs Capital Growth A,0.58,0.0006,0.0002,0.0024
Goldman Sachs Capital Growth B,0.58,NA,NA,0.0025
Goldman Sachs Capital Growth Instl,0.58,0.002,0.001,0.0028000000000000004
Goldman Sachs Capital Growth C,0.58,NA,NA,0.0025
Goldman Sachs Capital Growth Svc,0.58,0.0003,0.0001,0.0024
Goldman Sachs Capital Growth A LW,0.58,0.0006,0.0002,0.0024
Goldman Sachs Capital Growth R,0.58,0.0003,0.0001,NA
Goldman Sachs Capital Growth IR,0.58,0.0024,0.001,NA
RS Large Cap Alpha Y,0.41,0.0037,0.0036,0.0038
RS Large Cap Alpha A Load Waived,0.41,0.0022,0.0028000000000000004,0.0028000000000000004
RS Large Cap Alpha C,0.41,NA,0.0019,0.0016
RS Large Cap Alpha K,0.41,NA,0.0017000000000000001,0.0016
RS Large Cap Alpha A,0.41,0.0022,0.0028000000000000004,0.0028000000000000004
RS Large Cap Alpha B,0.41,NA,0.0019,0.0012
JPMorgan Large Cap Value R6,0.65,0.0053,NA,NA
JPMorgan Large Cap Value Select,0.65,0.0045000000000000005,0.004,0.0169
JPMorgan Large Cap Value A,0.65,0.0039000000000000003,0.0033,0.016
JPMorgan Large Cap Value B,0.65,0.0022,0.0017000000000000001,0.0146
JPMorgan Large Cap Value C,0.65,0.0022,0.0018,0.0146
JPMorgan Large Cap Value R2,0.65,0.003,0.0026,NA
JPMorgan Large Cap Value A Load Waived,0.65,0.0039000000000000003,0.0033,0.016
JPMorgan Large Cap Value Ultra,0.65,0.0605,NA,NA
JPMorgan Large Cap Value R5,0.65,0.0051,0.0043,0.0173
Homestead Value,0.06,0.0054,0.0053,0.006999999999999999
JPMorgan International Equity Index Sel,0.4,0.0101,0.0084,0.0148
JPMorgan International Equity Index A,0.4,0.0091,0.0076,0.013999999999999999
JPMorgan International Equity Index B,0.4,0.0067,0.0055000000000000005,0.0121
JPMorgan International Equity Index C,0.4,0.006500000000000001,0.0055000000000000005,0.0118
JPMorgan International Equity Index A LW,0.4,0.0091,0.0076,0.013999999999999999
JPMorgan International Equity Index R2,0.4,0.0091,0.0074,NA
Columbia Equity Value Z,0.21,0.005600000000000001,NA,NA
Columbia Equity Value B,0.21,0.0016,0.0017000000000000001,0.0063
Columbia Equity Value A,0.21,0.0045000000000000005,0.0045000000000000005,0.0091
Columbia Equity Value R4,0.21,0.0048,0.005,0.0096
Columbia Equity Value C,0.21,0.0018,0.0019,0.006500000000000001
Columbia Equity Value R,0.21,0.0034999999999999996,0.0036,0.0084
Columbia Equity Value R3,0.21,0.005699999999999999,0.0044,0.009000000000000001
Columbia Equity Value R5,0.21,0.006,0.006,0.0105
Columbia Equity Value W,0.21,0.0009,0.0034000000000000002,0.0084
Columbia Equity Value A Load Waived,0.21,0.0045000000000000005,0.0045000000000000005,0.0091
Columbia Equity Value I,0.21,0.013000000000000001,0.0084,0.012
Weitz Partners Value,0.31,NA,0.0001,0.0040999999999999995
Columbia Mid Cap Growth Opportunity A,1.57,0.0064,0.0023,0.008
Columbia Mid Cap Growth Opportunity B,1.57,0.008199999999999999,0.0029,0.009399999999999999
Columbia Mid Cap Growth Opportunity R4,1.57,0.0062,0.0022,0.0078000000000000005
Columbia Mid Cap Growth Opportunity Z,1.57,0.006,NA,NA
Columbia Mid Cap Growth Opportunity R,1.57,0.0064,NA,NA
Columbia Mid Cap Growth Opportunity R3,1.57,0.0064,NA,NA
RiverSource Mid Cap Growth R5,1.57,NA,NA,NA
Columbia Mid Cap Growth Opportunity C,1.57,0.0079,0.0028000000000000004,0.009300000000000001
Columbia Mid Cap Growth Opportunity A LW,1.57,0.0064,0.0023,0.008
Columbia Mid Cap Growth Opportunity I,1.57,0.006,0.0022,0.0077
Putnam Global Equity A,0.87,0.0091,0.0074,0.006500000000000001
Putnam Global Equity B,0.87,0.006999999999999999,0.0053,0.0046
Putnam Global Equity M,0.87,0.0076,0.006,0.0052
Putnam Global Growth Y,0.87,NA,NA,NA
Putnam Global Growth M,0.87,NA,NA,NA
Putnam Global Growth A,0.87,NA,NA,NA
Putnam Global Growth B,0.87,NA,NA,NA
Putnam Global Equity Y,0.87,0.0098,0.008100000000000001,0.0073
Putnam Global Equity R,0.87,0.008100000000000001,0.0067,0.0059
Putnam Global Growth & Income C,0.87,NA,0.0124,NA
Putnam Global Equity C,0.87,0.0067,0.0052,0.0046
Putnam Global Growth & Income A,0.87,0.0007000000000000001,0.016200000000000003,0.0138
Putnam Global Growth & Income M,0.87,NA,0.0125,NA
Putnam Global Growth & Income B,0.87,NA,0.0128,NA
Putnam Global Growth C,0.87,NA,NA,NA
Putnam Global Equity A Load Waived,0.87,0.0091,0.0074,0.006500000000000001
Putnam Global Growth A Load Waived,0.87,NA,NA,NA
Putnam Global Growth & Income A LW,0.87,0.0007000000000000001,0.016200000000000003,0.0138
Dreyfus Disciplined Stock,0.8419,0.0012,0.0011,0.0059
Dreyfus Disciplined Stock Inv,0.8419,NA,NA,NA
Legg Mason Cap Mgmt Special Inv C,0.57,NA,NA,0.0040999999999999995
Legg Mason Cap Mgmt Special Inv I,0.57,NA,0.0001,0.0034000000000000002
Legg Mason Cap Mgmt Special Inv R,0.57,NA,NA,0.0033
Legg Mason Cap Mgmt Special Inv FI,0.57,NA,NA,0.0033
Legg Mason Cap Mgmt Special Inv A,0.57,NA,NA,NA
Legg Mason Cap Mgmt Special Inv A LW,0.57,NA,NA,NA
Legg Mason ClearBridge Large Cap Value I,0.16,0.0072,0.0072,0.0103
Legg Mason ClearBridge Large Cap Value B,0.16,0.0022,0.0058,0.008
Legg Mason ClearBridge Large Cap Value C,0.16,0.0034000000000000002,0.004,0.006999999999999999
Legg Mason ClearBridge Large Cap Value A,0.16,0.006,0.0064,0.009300000000000001
Legg Mason Partners Investors Value I,0.16,0.0315,0.018500000000000003,0.013300000000000001
Legg Mason ClearBridge Large Cap Va A LW,0.16,0.006,0.0064,0.009300000000000001
ING Corporate Leaders Trust Series B,NA,0.0059,0.009300000000000001,0.0111
American Century Intl Discovery Inv,1.67,0.0001,0.0003,0.0115
American Century Intl Discovery A LW,1.67,NA,NA,0.0111
American Century Intl Discovery C,1.67,NA,NA,NA
American Century Intl Discovery R,1.67,NA,NA,NA
American Century Intl Discovery A,1.67,NA,NA,0.0111
American Century Intl Discovery Instl,1.67,0.0008,0.001,0.0121
Dreyfus Worldwide Growth A,0.0785,0.0062,0.006,0.0042
Dreyfus Worldwide Growth B,0.0785,0.0044,0.0043,0.0027
Dreyfus Worldwide Growth C,0.0785,0.0055000000000000005,0.0054,0.0034999999999999996
Dreyfus Worldwide Growth T,0.0785,0.0003,0.0015,0.0017000000000000001
Dreyfus Worldwide Growth I,0.0785,0.0067,0.0064,0.004699999999999999
Dreyfus Worldwide Growth A Load Waived,0.0785,0.0062,0.006,0.0042
Loomis Sayles Small Cap Value Retail,0.42,NA,0.0006,0.0040999999999999995
Loomis Sayles Small Cap Value Admin,0.42,NA,0.0002,0.0038
Loomis Sayles Small Cap Value Instl,0.42,0.0007000000000000001,0.0014000000000000002,0.004699999999999999
Fidelity Fifty,2.57,0.001,0.0014000000000000002,0.0102
Neuberger Berman Mid Cap Growth Tr,0.49,0.0001,NA,NA
Neuberger Berman Mid Cap Growth Inv,0.49,0.0007000000000000001,0.0002,0.0001
Neuberger Berman Mid Cap Growth Adv,0.49,NA,NA,NA
Neuberger Berman Mid Cap Growth A,0.49,0.0002,0.0001,NA
Neuberger Berman Mid Cap Growth C,0.49,NA,NA,NA
Neuberger Berman Mid Cap Growth R3,0.49,NA,NA,NA
Neuberger Berman Mid Cap Growth A LW,0.49,0.0002,0.0001,NA
Neuberger Berman Mid Cap Growth Inst,0.49,0.0016,0.0005,0.0003
Morgan Stanley Inst US Real Estate P,0.21,0.0025,0.0040999999999999995,0.0192
Morgan Stanley Inst US Real Estate I,0.21,0.0031,0.004699999999999999,0.0197
Morgan Stanley Inst US Real Estate H,0.21,NA,NA,NA
Morgan Stanley Inst US Real Estate L,0.21,NA,NA,NA
MFS Global Equity R5,0.16,NA,NA,NA
MFS Global Equity B,0.16,0.0011,0.0006,0.0062
MFS Global Equity A,0.16,0.0040999999999999995,0.0028000000000000004,0.0085
MFS Global Equity C,0.16,0.0018,0.001,0.0068000000000000005
MFS Global Equity I,0.16,0.0049,0.0036,0.0092
MFS Global Equity R,0.16,0.016399999999999998,0.015700000000000002,0.0095
MFS Global Equity R2,0.16,0.0033,0.0021,0.0079
MFS Global Equity A Load Waived,0.16,0.0040999999999999995,0.0028000000000000004,0.0085
MFS Global Equity R1,0.16,0.0013,0.0009,0.006999999999999999
MFS Global Equity R2,0.16,0.018799999999999997,NA,NA
MFS Global Equity R3,0.16,0.0040999999999999995,0.0029,0.0085
MFS Global Equity R4,0.16,0.005,0.0036,0.009300000000000001
Eaton Vance Worldwide Health Sci A LW,0.43,0.013999999999999999,0.0078000000000000005,0.014499999999999999
Eaton Vance Worldwide Health Sci R,0.43,0.013500000000000002,0.0075,0.013999999999999999
Eaton Vance Worldwide Health Sci D,0.43,NA,NA,NA
Eaton Vance Worldwide Health Sci B,0.43,0.0143,0.0078000000000000005,0.014199999999999999
Eaton Vance Worldwide Health Sci C,0.43,0.0138,0.0076,0.013999999999999999
Eaton Vance Worldwide Health Sci A,0.43,0.013999999999999999,0.0078000000000000005,0.014499999999999999
Eaton Vance Worldwide Health Sci I,0.43,0.0139,NA,NA
Ivy Pacific Opportunities A,0.97,0.0074,0.0025,0.0129
Ivy Pacific Opportunities B,0.97,0.0072,0.0024,0.013300000000000001
Ivy Pacific Opportunities Adv,0.97,0.0006,0.0204,0.0155
Ivy Pacific Opportunities C,0.97,0.0067,0.0022,0.0131
Ivy Pacific Opportunities Y,0.97,0.0089,0.003,0.0132
Ivy Pacific Opportunities A Load Waived,0.97,0.0074,0.0025,0.0129
Ivy Pacific Opportunities I,0.97,0.0105,0.0034999999999999996,0.0138
Morgan Stanley Institutional Growth I,0.26,0.0007000000000000001,0.0006,0.0013
Morgan Stanley Institutional Growth H,0.26,NA,NA,NA
Morgan Stanley Institutional Growth L,0.26,NA,NA,NA
Morgan Stanley Institutional Growth P,0.26,0.0002,0.0002,0.0006
Delaware Select Growth C,0.41,NA,NA,NA
Delaware Select Growth A,0.41,NA,NA,NA
Delaware Select Growth B,0.41,NA,NA,NA
Delaware Select Growth R,0.41,NA,NA,NA
Delaware Select Growth Instl,0.41,NA,NA,NA
Delaware Select Growth A Load Waived,0.41,NA,NA,NA
Mercury Small Cap Value A Load Waived,0.52,NA,NA,NA
BlackRock Value Opportunities Inv A LW,0.52,NA,0.0001,0.0070999999999999995
BlackRock Value Opportunities R,0.52,NA,NA,0.008
Mercury Small Cap Value A,0.52,NA,NA,NA
Mercury Small Cap Value I,0.52,NA,NA,NA
Mercury Small Cap Value C,0.52,NA,NA,NA
Mercury Small Cap Value B,0.52,NA,NA,NA
BlackRock Value Opportunities Inv A,0.52,NA,0.0001,0.0070999999999999995
BlackRock Value Opportunities Inv B,0.52,NA,NA,0.0076
BlackRock Value Opportunities Instl,0.52,NA,0.0007000000000000001,0.0076
BlackRock Value Opportunities Inv C,0.52,NA,NA,0.0078000000000000005
BlackRock Latin America Inv B,0.33,NA,0.0018,0.0063
BlackRock Latin America Inv A,0.33,0.0019,0.0040999999999999995,0.0077
BlackRock Latin America Instl,0.33,0.0034000000000000002,0.0049,0.0083
BlackRock Latin America Inv C,0.33,NA,0.0025,0.0068000000000000005
BlackRock Latin America Inv A LW,0.33,0.0019,0.0040999999999999995,0.0077
MainStay ICAP Equity A Load Waived,0.74,0.0051,0.004,0.0096
MainStay ICAP Equity A,0.74,0.0051,0.004,0.0096
MainStay ICAP Equity C,0.74,0.0025,0.0013,0.006999999999999999
MainStay ICAP Equity R1,0.74,0.005699999999999999,0.004699999999999999,0.0103
MainStay ICAP Equity R2,0.74,0.0048,0.0038,0.0095
MainStay ICAP Equity R3,0.74,0.0042,0.0031,0.0088
MainStay ICAP Equity Inv,0.74,0.0043,0.0032,NA
MainStay ICAP Equity I,0.74,0.006,0.005,0.010700000000000001
BlackRock Mid-Cap Value Equity Inv B,1.37,NA,0.0001,0.0083
State Street Research Mid Cap Val R,1.37,0.01,NA,NA
State Street Research Mid Cap Val B,1.37,0.009399999999999999,0.009399999999999999,0.018000000000000002
BlackRock Mid-Cap Value Equity Instl,1.37,0.0032,0.0029,0.01
BlackRock Mid-Cap Value Equity Inv C,1.37,NA,0.0002,0.0083
BlackRock Mid-Cap Value Equity Inv A,1.37,0.002,0.002,0.009399999999999999
BlackRock Mid-Cap Value Equity Svc,1.37,0.0023,0.0018,0.0092
BlackRock Mid-Cap Value Equity Inv A LW,1.37,0.002,0.002,0.009399999999999999
BlackRock Mid-Cap Value Equity R,1.37,0.0009,NA,NA
BlackRock Energy & Resources Inv A LW,0.4,0.011000000000000001,0.0048,0.0191
BlackRock Energy & Resources Inv A,0.4,0.011000000000000001,0.0048,0.0191
BlackRock Energy & Resources Inv C,0.4,0.0127,0.0051,0.0219
State Street Research Global Res B,0.4,NA,NA,NA
BlackRock Energy & Resources Instl,0.4,0.0108,0.005,0.0181
State Street Research Global Res R,0.4,0.0063,NA,NA
BlackRock Energy & Resources Inv B,0.4,0.011899999999999999,0.0044,0.0215
Delaware US Growth R,0.25,NA,NA,NA
Delaware US Growth B,0.25,NA,NA,NA
Delaware US Growth A,0.25,NA,NA,NA
Delaware US Growth Instl,0.25,0.0005,0.0004,0.0004
Delaware US Growth C,0.25,NA,NA,NA
Delaware US Growth A Load Waived,0.25,NA,NA,NA
Allianz RCM Technology A Load Waived,1.71,NA,NA,0.0044
Allianz RCM Technology Admin,1.71,NA,NA,0.0044
Allianz RCM Technology P,1.71,NA,NA,NA
Allianz RCM Technology Instl,1.71,NA,NA,0.0043
Allianz RCM Technology A,1.71,NA,NA,0.0044
Allianz RCM Technology B,1.71,NA,NA,0.0048
Allianz RCM Technology C,1.71,NA,NA,0.004699999999999999
Allianz RCM Technology D,1.71,NA,NA,0.0045000000000000005
MFS Emerging Markets Equity A,0.36,0.0019,0.0022,0.011200000000000002
MFS Emerging Markets Equity B,0.36,NA,0.0006,0.009899999999999999
MFS Emerging Markets Equity I,0.36,0.0028000000000000004,0.003,0.011699999999999999
MFS Emerging Markets Equity C,0.36,NA,0.0008,0.0102
MFS Emerging Markets Equity R1,0.36,NA,0.0015,NA
MFS Emerging Markets Equity R2,0.36,0.0017000000000000001,0.0024,NA
MFS Emerging Markets Equity R3,0.36,0.0018,0.0023,NA
MFS Emerging Markets Equity R4,0.36,0.003,0.0031,NA
MFS Emerging Markets Equity R5,0.36,NA,NA,NA
MFS Emerging Markets Equity A LW,0.36,0.0019,0.0022,0.011200000000000002
RS International Growth A Load Waived,0.15,0.0001,0.0025,0.0042
RS International Growth B,0.15,0.0001,0.0017000000000000001,0.0025
RS International Growth K,0.15,0.0001,0.0022,0.0034999999999999996
RS International Growth C,0.15,0.0001,0.0021,0.0032
RS International Growth A,0.15,0.0001,0.0025,0.0042
RS International Growth Y,0.15,0.0011,0.0032,NA
Columbia Large Cap Value A Load Waived,0.74,0.004,0.0039000000000000003,0.008100000000000001
Columbia Large Cap Value R,0.74,0.0031,0.003,0.0072
Columbia Large Cap Value C,0.74,0.0014000000000000002,0.0016,0.0058
Columbia Large Cap Value A,0.74,0.004,0.0039000000000000003,0.008100000000000001
Columbia Large Cap Value B,0.74,0.0015,0.0016,0.0059
Columbia Large Cap Value Z,0.74,0.0049,0.004699999999999999,0.0089
Columbia Large Cap Value Y,0.74,0.0052,NA,NA
Columbia Large Cap Value I,0.74,0.0052,NA,NA
Columbia Large Cap Value W,0.74,0.0043,NA,NA
Nationwide D,0.24309999999999998,0.0040999999999999995,0.0033,0.013500000000000002
Nationwide B,0.24309999999999998,0.0019,0.0009,0.011200000000000002
Nationwide A,0.24309999999999998,0.0033,0.0025,0.0126
Nationwide Instl Svc,0.24309999999999998,NA,NA,NA
Nationwide C,0.24309999999999998,0.0019,0.001,0.011200000000000002
Nationwide A Load Waived,0.24309999999999998,0.0033,0.0025,0.0126
Nationwide R2,0.24309999999999998,0.0021,0.002,0.012
Nationwide Instl,0.24309999999999998,0.0029,0.02,0.0258
Natixis CGM Advisor Targeted Equity A LW,2.36,0.0019,0.0018,0.009399999999999999
Natixis CGM Advisor Targeted Equity Y,2.36,0.0029,0.0027,0.01
Natixis CGM Advisor Targeted Equity C,2.36,NA,NA,0.0086
Natixis CGM Advisor Targeted Equity A,2.36,0.0019,0.0018,0.009399999999999999
Natixis CGM Advisor Targeted Equity B,2.36,NA,NA,0.0085
JHancock US Global Leaders Gr A,0.5,0.0049,0.0017000000000000001,0.0027
JHancock US Global Leaders Gr R6,0.5,NA,NA,NA
JHancock US Global Leaders Growth R2,0.5,NA,NA,NA
JHancock US Global Leaders Gr R1,0.5,0.0024,0.0027,0.0017000000000000001
JHancock US Global Leaders Gr B,0.5,0.0055000000000000005,0.0018,0.0028000000000000004
JHancock US Global Leaders Gr C,0.5,0.0053,0.0018,0.0027
JHancock US Global Leaders Gr I,0.5,0.004699999999999999,0.0019,0.0028000000000000004
JHancock US Global Leaders Gr A LW,0.5,0.0049,0.0017000000000000001,0.0027
JPMorgan Small Cap Value R6,0.43,0.004,0.0034999999999999996,0.0109
JPMorgan Small Cap Value A Load Waived,0.43,0.0028000000000000004,0.0025,0.0101
JPMorgan Small Cap Value R5,0.43,0.0038,0.0034000000000000002,0.010700000000000001
JPMorgan Small Cap Value R2,0.43,0.002,0.002,NA
JPMorgan Small Cap Value C,0.43,0.0013,0.0013,0.0097
JPMorgan Small Cap Value A,0.43,0.0028000000000000004,0.0025,0.0101
JPMorgan Small Cap Value Select,0.43,0.0034999999999999996,0.0031,0.0104
JPMorgan Small Cap Value B,0.43,0.0011,0.0011,0.0097
Nicholas II I,0.2793,0.0052,0.0031,0.0085
Nicholas II N,0.2793,0.0039000000000000003,0.0025,0.008
TCW Select Equities I,0.2813,0.0018,0.0006,0.0088
TCW Select Equities N,0.2813,0.0019,0.0006,0.0091
TCW Select Equities K,0.2813,0.0197,0.006999999999999999,0.0042
MainStay Epoch US All Cap Inv,0.42,0.0060999999999999995,0.0021,NA
MainStay Epoch US All Cap A Load Waived,0.42,0.0074,0.003,0.0042
MainStay Epoch US All Cap A,0.42,0.0074,0.003,0.0042
MainStay Epoch US All Cap B,0.42,0.0068000000000000005,0.0023,0.0039000000000000003
MainStay Epoch US All Cap C,0.42,0.006500000000000001,0.0023,0.0038
MainStay Epoch U.S. All Cap S,0.42,NA,NA,0.0095
MainStay Epoch US All Cap I,0.42,0.0078000000000000005,0.0037,0.0045000000000000005
Wells Fargo Advantage Omega Growth A,1.23,NA,0.0007000000000000001,0.0004
Wells Fargo Advantage Omega Growth B,1.23,NA,NA,NA
Wells Fargo Advantage Omega Growth C,1.23,NA,0.0001,0.0001
Wells Fargo Advantage Omega Growth I,1.23,NA,NA,NA
Wells Fargo Advantage Omega Growth R,1.23,NA,0.0007000000000000001,0.0004
Wells Fargo Advantage Omega Growth Adm,1.23,NA,0.0009,0.0006
Wells Fargo Advantage Omega Growth A LW,1.23,NA,0.0007000000000000001,0.0004
BlackRock International Value Inv A LW,0.9,NA,0.0053,0.013600000000000001
BlackRock International Value Inv A,0.9,NA,0.0053,0.013600000000000001
BlackRock International Value Inv C,0.9,NA,0.0034999999999999996,0.011699999999999999
BlackRock International Value Inv B,0.9,NA,0.0031,0.0115
BlackRock International Value R,0.9,NA,0.004699999999999999,0.0131
BlackRock International Value Instl,0.9,0.0006,0.006,0.0144
Hotchkis and Wiley Large Cap Value I,0.43,0.0075,0.0068000000000000005,0.0096
Hotchkis and Wiley Large Cap Value R,0.43,0.006500000000000001,0.0059,0.008100000000000001
Hotchkis and Wiley Large Cap Value A,0.43,0.0068000000000000005,0.0063,0.0088
Hotchkis and Wiley Large Cap Value B,0.43,NA,NA,NA
Hotchkis and Wiley Large Cap Value C,0.43,0.005699999999999999,0.005600000000000001,0.0073
Hotchkis and Wiley Large Cap Value A LW,0.43,0.0068000000000000005,0.0063,0.0088
Fidelity Select Natural Gas,0.63,0.0038,0.0025,0.0048
JPMorgan Small Cap Growth R6,0.79,0.003,NA,NA
JPMorgan Small Cap Growth B,0.79,0.004,0.0013,0.0073
JPMorgan Small Cap Growth A,0.79,0.0031,0.001,0.0062
JPMorgan Small Cap Growth Select,0.79,0.003,0.001,0.006
JPMorgan Small Cap Growth C,0.79,0.0037,0.0012,0.0069
JPMorgan Small Cap Growth A Load Waived,0.79,0.0031,0.001,0.0062
JPMorgan Small Cap Growth Inst,0.79,0.003,0.001,0.0059
JPMorgan Small Cap Growth R2,0.79,0.0032,0.0011,NA
Managers Cadence Capital Apprec P,0.75,0.0008,0.0014000000000000002,NA
Managers Cadence Capital Apprec A LW,0.75,0.0001,0.0005,0.004
Managers Cadence Capital Apprec C,0.75,NA,NA,0.0039000000000000003
Managers Cadence Capital Apprec A,0.75,0.0001,0.0005,0.004
Managers Cadence Capital Apprec D,0.75,0.0003,0.001,0.0046
Managers Cadence Capital Apprec R,0.75,NA,NA,0.0036
Managers Cadence Capital Apprec Instl,0.75,0.0009,0.0014000000000000002,0.004699999999999999
Managers Cadence Capital Apprec B,0.75,NA,NA,0.004
Managers Cadence Capital Apprec Adm,0.75,0.0001,0.0008,0.0045000000000000005
Managers Cadence Mid Cap Instl,0.85,NA,0.0002,0.0043
Managers Cadence Mid Cap Admin,0.85,NA,0.0001,0.0043
Managers Cadence Mid Cap R,0.85,NA,NA,0.0043
Managers Cadence Mid Cap C,0.85,NA,NA,0.0048
Managers Cadence Mid Cap A,0.85,NA,0.0001,0.0044
Managers Cadence Mid Cap D,0.85,NA,NA,0.0043
Managers Cadence Mid Cap B,0.85,NA,NA,0.0048
Managers Cadence Mid Cap A Load Waived,0.85,NA,0.0001,0.0044
Managers Cadence Mid Cap P,0.85,NA,0.0002,NA
BlackRock Index Equity Instl,0.06,0.0069,0.0067,0.0072
BlackRock Index Equity Svc,0.06,0.0063,0.006,0.0066
BlackRock Index Equity Inv B,0.06,0.0021,0.0024,0.0031
BlackRock Index Equity Inv A,0.06,0.0060999999999999995,0.0059,0.006500000000000001
BlackRock Index Equity Inv C,0.06,0.0034000000000000002,0.0032,0.0037
BlackRock Index Equity Inv A LW,0.06,0.0060999999999999995,0.0059,0.006500000000000001
Columbia Real Estate Equity A LW,0.72,0.0106,0.0104,0.019299999999999998
Columbia Real Estate Equity C,0.72,0.008,0.0078000000000000005,0.0168
Columbia Real Estate Equity A,0.72,0.0106,0.0104,0.019299999999999998
Columbia Real Estate Equity B,0.72,0.0083,0.0079,0.017
Columbia Real Estate Equity D,0.72,0.049800000000000004,0.0323,NA
Columbia Real Estate Equity Z,0.72,0.0113,0.011200000000000002,0.020099999999999996
Columbia Real Estate Equity I,0.72,0.012,NA,NA
Columbia Real Estate Equity R,0.72,0.0098,NA,NA
Columbia Real Estate Equity R4,0.72,0.0109,NA,NA
Columbia Real Estate Equity R5,0.72,0.011899999999999999,NA,NA
Columbia Real Estate Equity W,0.72,0.0105,NA,NA
Fidelity Advisor Overseas T,0.44,0.0044,0.0043,0.0067
Fidelity Advisor Overseas B,0.44,0.0015,0.0022,0.0044
Fidelity Advisor Overseas I,0.44,0.0063,0.0059,0.0087
Fidelity Advisor Overseas C,0.44,0.0022,0.0025,0.004699999999999999
Fidelity Advisor Overseas A,0.44,0.0053,0.0051,0.0076
Fidelity Advisor Overseas A Load Waived,0.44,0.0053,0.0051,0.0076
Fidelity Advisor Energy A Load Waived,0.91,0.0021,0.001,0.0078000000000000005
Fidelity Advisor Energy C,0.91,0.0012,0.0004,0.0072
Fidelity Advisor Energy A,0.91,0.0021,0.001,0.0078000000000000005
Fidelity Advisor Energy T,0.91,0.0017000000000000001,0.0008,0.0073
Fidelity Advisor Energy I,0.91,0.0024,0.0013,0.008
Fidelity Advisor Energy B,0.91,0.0012,0.0004,0.0074
Wells Fargo Advantage Precious Meta A LW,0.04,0.006999999999999999,0.0111,0.0101
Wells Fargo Advantage Precious Metals B,0.04,0.0017000000000000001,0.0089,0.009000000000000001
Wells Fargo Advantage Precious Metals C,0.04,0.0028000000000000004,0.009300000000000001,0.0092
Wells Fargo Advantage Prciou Metals Adm,0.04,0.0072,NA,NA
Wells Fargo Advantage Precious Metals A,0.04,0.006999999999999999,0.0111,0.0101
Wells Fargo Advantage Precious Metals I,0.04,0.0085,0.0118,0.0106
T. Rowe Price European Stock,0.5760000000000001,0.0091,0.0091,0.0144
U.S. Global Investors Global Res,2.32,0.011699999999999999,0.0068000000000000005,0.0197
U.S. Global Inv Global Resources Instl,2.32,0.014499999999999999,NA,NA
Prudential Jennison Blend B,1.43,NA,NA,0.0060999999999999995
Prudential Jennison Blend A,1.43,0.0006,0.0004,0.0068000000000000005
Prudential Jennison Blend C,1.43,NA,NA,0.006
Prudential Jennison Blend Z,1.43,0.0017000000000000001,0.0012,0.0077
Prudential Jennison Blend A Load Waived,1.43,0.0006,0.0004,0.0068000000000000005
Prudential Jennison Value A Load Waived,0.56,0.0012,0.001,0.011000000000000001
Prudential Jennison Value R,0.56,0.0004,0.0004,0.0102
Prudential Jennison Value L,0.56,0.0004,0.0004,0.0102
Prudential Jennison Value M,0.56,0.0015,0.0011,0.0101
Prudential Jennison Value X,0.56,0.0015,0.0013,0.0108
Prudential Jennison Value Z,0.56,0.0023,0.002,0.012
Prudential Jennison Value B,0.56,NA,NA,0.009399999999999999
Prudential Jennison Value A,0.56,0.0012,0.001,0.011000000000000001
Prudential Jennison Value Q,0.56,NA,NA,NA
Prudential Jennison Value C,0.56,NA,NA,0.009300000000000001
Nuveen Large Cap Growth Opp A LW,0.88,0.005699999999999999,0.0021,0.004699999999999999
First American Large Cap Growth A LW,0.88,NA,NA,NA
First American Health Sciences A LW,0.88,NA,NA,NA
First American Health Sciences S,0.88,NA,NA,NA
Nuveen Large Cap Growth Opp C,0.88,0.0062,0.002,0.0048
First American Large Cap Growth C,0.88,NA,NA,NA
First American Large Cap Growth A,0.88,NA,NA,NA
First American Large Cap Growth S,0.88,NA,NA,NA
First American Health Sciences Y,0.88,NA,NA,NA
Nuveen Large Cap Growth Opp R3,0.88,0.0058,0.0019,0.0046
Nuveen Large Cap Growth Opp B,0.88,0.0066,0.0021,0.0049
First American Health Sciences A,0.88,NA,NA,NA
First American Health Sciences B,0.88,NA,NA,NA
First American Health Sciences C,0.88,NA,NA,NA
First American Large Cap Growth Y,0.88,NA,NA,NA
First American Large Cap Growth B,0.88,NA,NA,NA
Nuveen Large Cap Growth Opp I,0.88,0.0055000000000000005,0.0023,0.005
Nuveen Large Cap Growth Opp A,0.88,0.005699999999999999,0.0021,0.004699999999999999
Putnam Global Health Care B,0.35,0.028300000000000002,0.0143,0.0168
Putnam Global Health Care A,0.35,0.024700000000000003,0.0124,0.015
Putnam Global Health Care M,0.35,0.0256,0.013000000000000001,0.0155
Putnam Global Health Care Y,0.35,0.024900000000000002,0.0123,0.015
Putnam Global Health Care C,0.35,0.0252,0.0129,0.0154
Putnam Global Health Care R,0.35,0.0248,0.0125,0.0151
Putnam Global Health Care A Load Waived,0.35,0.024700000000000003,0.0124,0.015
AllianceBern Small Cap Growth C,1.07,0.0022,0.0007000000000000001,0.0004
AllianceBern Small Cap Growth A,1.07,0.0034999999999999996,0.0012,0.0007000000000000001
AllianceBern Small Cap Growth B,1.07,0.0015,0.0005,0.0003
AllianceBern Small Cap Growth Adv,1.07,0.0045000000000000005,0.0015,0.0009
AllianceBern Small Cap Growth A LW,1.07,0.0034999999999999996,0.0012,0.0007000000000000001
AllianceBern Small Cap Growth R,1.07,0.003,0.001,0.0006
AllianceBern Small Cap Growth K,1.07,0.0034999999999999996,0.0012,0.0007000000000000001
AllianceBern Small Cap Growth I,1.07,0.0046,0.0015,0.0009
Oppenheimer International Value A LW,0.33,0.0038,0.0085,0.0105
Oppenheimer International Value Y,0.33,0.0066,0.0106,NA
Oppenheimer International Value N,0.33,0.0026,0.0075,0.0087
Oppenheimer International Value A,0.33,0.0038,0.0085,0.0105
Oppenheimer International Value B,0.33,NA,0.0062,0.0077
Oppenheimer International Value C,0.33,0.0007000000000000001,0.006500000000000001,0.008
RS Small Cap Growth A,1.05,NA,NA,NA
RS Small Cap Growth K,1.05,NA,NA,NA
RS Small Cap Growth A Load Waived,1.05,NA,NA,NA
RS Small Cap Growth C,1.05,NA,NA,NA
RS Small Cap Growth Y,1.05,NA,NA,NA
Pioneer Growth Opportunities A LW,1.12,NA,NA,0.0033
Pioneer Growth Opportunities Y,1.12,NA,NA,0.0033
Pioneer Growth Opportunities Inv,1.12,NA,NA,NA
Pioneer Growth Opportunities R,1.12,NA,NA,0.0033
Pioneer Growth Opportunities A,1.12,NA,NA,0.0033
Pioneer Growth Opportunities C,1.12,NA,NA,0.0037
Pioneer Growth Opportunities B,1.12,NA,NA,0.0038
Hartford Growth A Load Waived,0.47,NA,NA,0.0027
Hartford Growth R3,0.47,NA,0.0001,0.0027
Hartford Growth R4,0.47,NA,0.0002,0.0028000000000000004
Hartford Growth R5,0.47,NA,0.0005,0.0029
Hartford Growth I,0.47,NA,0.0005,0.003
Hartford Growth L,0.47,NA,NA,NA
Hartford Growth M,0.47,NA,NA,NA
Hartford Growth N,0.47,NA,NA,NA
Hartford Growth H,0.47,NA,NA,NA
Hartford Growth A,0.47,NA,NA,0.0027
Hartford Growth B,0.47,NA,NA,0.0032
Hartford Growth C,0.47,NA,NA,0.0031
Hartford Growth Y,0.47,NA,0.0005,0.003
DWS Global Thematic B,1.37,0.0016,0.0005,0.011000000000000001
DWS Global Thematic A,1.37,0.0042,0.0027,0.0124
DWS Global Thematic C,1.37,0.0017000000000000001,0.0006,0.0108
DWS Global Thematic R,1.37,0.0033,0.0017000000000000001,0.0115
DWS Global Thematic AARP,1.37,NA,NA,NA
DWS Global Thematic S,1.37,0.0053,0.0037,0.0134
DWS Global Thematic A Load Waived,1.37,0.0042,0.0027,0.0124
DWS Global Thematic Instl,1.37,0.0054,0.004,NA
BlackRock Global SmallCap Inv A LW,0.82,0.0040999999999999995,0.002,0.011399999999999999
BlackRock Global SmallCap Inv B,0.82,NA,NA,0.0096
BlackRock Global SmallCap Instl,0.82,0.005,0.0025,0.012
BlackRock Global SmallCap Inv C,0.82,0.0006,0.0002,0.01
BlackRock Global SmallCap Inv A,0.82,0.0040999999999999995,0.002,0.011399999999999999
BlackRock Global SmallCap R,0.82,0.0021,0.001,0.0108
DWS International C,2.02,0.0059,0.0045000000000000005,0.0051
DWS International Inst,2.02,0.0101,0.0087,0.009300000000000001
DWS International A,2.02,0.0086,0.0072,0.0078000000000000005
DWS International B,2.02,0.0060999999999999995,0.0046,0.0051
Scudder International Barrett Intl,2.02,0.0043,0.0031,0.009399999999999999
DWS International AARP,2.02,NA,NA,NA
DWS International S,2.02,0.0097,0.0083,0.0089
DWS International A Load Waived,2.02,0.0086,0.0072,0.0078000000000000005
DWS Latin America Equity A Load Waived,0.35,0.013999999999999999,0.0126,0.017
DWS Latin America Equity M,0.35,NA,NA,NA
DWS Latin America Equity S,0.35,0.0151,0.013999999999999999,0.0183
DWS Latin America Equity AARP,0.35,NA,NA,NA
DWS Latin America Equity C,0.35,0.0143,0.010700000000000001,0.0152
DWS Latin America Equity A,0.35,0.013999999999999999,0.0126,0.017
DWS Latin America Equity B,0.35,0.0147,0.0111,0.0154
Lord Abbett Classic Stock A,0.27,0.0028000000000000004,0.0021,0.0046
Lord Abbett Classic Stock I,0.27,0.0042,0.0033,0.0058
Lord Abbett Classic Stock C,0.27,0.0003,0.0002,0.0027
Lord Abbett Classic Stock P,0.27,0.0022,0.0016,0.0040999999999999995
Lord Abbett Classic Stock B,0.27,0.0001,0.0001,0.0026
Lord Abbett Classic Stock A Load Waived,0.27,0.0028000000000000004,0.0021,0.0046
Lord Abbett Classic Stock F,0.27,0.0037,0.0029,NA
Lord Abbett Classic Stock R2,0.27,0.0022,0.0018,NA
Lord Abbett Classic Stock R3,0.27,0.0026,0.0021,NA
Thomas White International,0.41,0.006500000000000001,0.005,0.008
Touchstone Mid Cap Growth A Load Waived,0.64,0.010700000000000001,0.0036,0.0067
Touchstone Mid Cap Growth Y,0.64,0.0106,0.0034999999999999996,NA
Touchstone Mid Cap Growth C,0.64,0.013000000000000001,0.0043,0.0078000000000000005
Touchstone Mid Cap Growth Inst,0.64,0.0106,NA,NA
Touchstone Mid Cap Growth A,0.64,0.010700000000000001,0.0036,0.0067
Touchstone Mid Cap Growth B,0.64,0.013300000000000001,0.0044,0.0078000000000000005
PACE International Equity A Load Waived,0.66,0.0105,0.0078000000000000005,0.0132
PACE International Equity P,0.66,0.0116,0.0087,0.014199999999999999
PACE International Equity A,0.66,0.0105,0.0078000000000000005,0.0132
PACE International Equity B,0.66,NA,0.0009,0.0066
PACE International Equity C,0.66,0.0072,0.0049,0.0101
PACE International Equity Y,0.66,0.0116,0.0089,0.0144
Columbia Small Cap Core G,0.33,0.0192,0.013600000000000001,0.011200000000000002
Columbia Small Cap Core C,0.33,0.0064,0.0021,0.011699999999999999
Columbia Small Cap Core B,0.33,0.0067,0.0022,0.0118
Columbia Small Cap Core A,0.33,0.005600000000000001,0.0019,0.0109
Columbia Small Cap Core Z,0.33,0.0055000000000000005,0.0018,0.0109
Columbia Small Cap Core T,0.33,0.005699999999999999,0.0019,0.011000000000000001
Columbia Small Cap Core I,0.33,0.0054,NA,NA
Columbia Small Cap Core W,0.33,0.005600000000000001,NA,NA
Columbia Small Cap Core A Load Waived,0.33,0.005600000000000001,0.0019,0.0109
Federated Kaufmann Small Cap A LW,0.55,0.010700000000000001,0.0036,0.0034999999999999996
Federated Kaufmann Small Cap R,0.55,0.010700000000000001,0.0036,0.0034999999999999996
Federated Kaufmann Small Cap B,0.55,0.0118,0.0038,0.0037
Federated Kaufmann Small Cap A,0.55,0.010700000000000001,0.0036,0.0034999999999999996
Federated Kaufmann Small Cap C,0.55,0.0113,0.0037,0.0036
JHancock Sovereign Investors A LW,0.52,0.005699999999999999,0.0043,0.008
JHancock Sovereign Investors R1,0.52,0.0063,0.013000000000000001,0.011000000000000001
JHancock Sovereign Investors I,0.52,0.0073,0.0058,0.0096
JHancock Sovereign Investors C,0.52,0.0032,0.0018,0.005600000000000001
JHancock Sovereign Investors A,0.52,0.005699999999999999,0.0043,0.008
JHancock Sovereign Investors B,0.52,0.0034000000000000002,0.0019,0.005699999999999999
JHancock Sovereign Investors Y,0.52,NA,NA,NA
Prudential Stock Index Z,0.05,0.0066,0.0064,0.0076
Prudential Stock Index I,0.05,0.0068000000000000005,0.0066,0.0078000000000000005
Prudential Stock Index C,0.05,0.0034000000000000002,0.0033,0.004
Prudential Stock Index B,0.05,0.0004,0.0019,0.0032
Prudential Stock Index A,0.05,0.005600000000000001,0.0054,0.0066
Prudential Stock Index A Load Waived,0.05,0.005600000000000001,0.0054,0.0066
Consulting Group Emerging Mkts Equity,0.42,0.0084,0.005600000000000001,0.0087
Calvert Large Cap Growth I,1.39,NA,0.0009,0.0009
Calvert Large Cap Growth B,1.39,NA,NA,0.0004
Calvert Large Cap Growth A,1.39,NA,0.0002,0.0005
Calvert Large Cap Growth C,1.39,NA,NA,0.0003
Calvert Large Cap Growth A Load Waived,1.39,NA,0.0002,0.0005
Calvert Large Cap Growth Y,1.39,NA,NA,NA
MFS Mid-Cap Growth 529A Load Waived,0.86,NA,NA,NA
MFS Mid-Cap Growth A Load Waived,0.86,NA,NA,NA
MFS Mid-Cap Growth R1,0.86,NA,NA,NA
MFS Mid-Cap Growth R2,0.86,NA,NA,NA
MFS Mid-Cap Growth R3,0.86,NA,NA,NA
MFS Mid-Cap Growth R4,0.86,NA,NA,NA
MFS Mid-Cap Growth A,0.86,NA,NA,NA
MFS Mid-Cap Growth B,0.86,NA,NA,NA
MFS Mid-Cap Growth C,0.86,NA,NA,NA
MFS Mid-Cap Growth 529B,0.86,NA,NA,NA
MFS Mid-Cap Growth 529A,0.86,NA,NA,NA
MFS Mid-Cap Growth 529C,0.86,NA,NA,NA
MFS Mid-Cap Growth R,0.86,NA,NA,NA
MFS Mid-Cap Growth R2,0.86,NA,NA,NA
MFS Mid-Cap Growth I,0.86,NA,NA,NA
Wells Fargo Advantage Large Cap Gr Inv,0.47,NA,0.0001,NA
Wells Fargo Advantage Large Cap Gr R,0.47,NA,NA,NA
Wells Fargo Advantage Large Cap Gr A,0.47,NA,NA,NA
Wells Fargo Advantage Large Cap Gr Adm,0.47,NA,NA,NA
Wells Fargo Advantage Large Cap Gr C,0.47,NA,NA,NA
Wells Fargo Advantage Large Cap Gr I,0.47,NA,NA,NA
Wells Fargo Advantage Large Cap Gr A LW,0.47,NA,NA,NA
DWS Technology S,0.17,NA,0.0001,0.0001
DWS Technology AARP,0.17,NA,NA,NA
DWS Technology A Load Waived,0.17,NA,0.0001,NA
Scudder Technology I,0.17,NA,NA,0.0083
DWS Technology Inst,0.17,NA,0.0006,0.0003
DWS Technology A,0.17,NA,0.0001,NA
DWS Technology C,0.17,NA,NA,NA
DWS Technology B,0.17,NA,NA,NA
Templeton Global Smaller Comp A,0.23309999999999997,0.0037,0.0028000000000000004,0.0106
Templeton Global Smaller Comp C,0.23309999999999997,0.0014000000000000002,0.0014000000000000002,0.0084
Templeton Global Smaller Comp Ad,0.23309999999999997,0.0044,0.0034999999999999996,0.011399999999999999
Templeton Global Smaller Comp B,0.23309999999999997,0.0003,0.0011,0.0084
Templeton Global Smaller Comp A LW,0.23309999999999997,0.0037,0.0028000000000000004,0.0106
Templeton Global Opportunities A LW,0.273,0.006500000000000001,0.0052,0.0067
Templeton Global Opportunities B,0.273,0.0012,0.0014000000000000002,0.0034000000000000002
Templeton Global Opportunities A,0.273,0.006500000000000001,0.0052,0.0067
Templeton Global Opportunities C,0.273,0.0036,0.0027,0.0043
Templeton Global Opportunities Adv,0.273,0.0075,0.0060999999999999995,NA
Allianz NFJ Mid-Cap Value P,0.55,0.0074,NA,NA
Allianz NFJ Mid-Cap Value A,0.55,0.0040999999999999995,0.0045000000000000005,0.013600000000000001
Allianz NFJ Mid-Cap Value C,0.55,0.0022,0.0029,0.0131
Allianz NFJ Mid-Cap Value B,0.55,NA,0.0013,0.011899999999999999
Allianz NFJ Mid-Cap Value Admin,0.55,0.0040999999999999995,0.004699999999999999,0.0134
Allianz NFJ Mid-Cap Value Instl,0.55,0.0051,0.005,0.0138
Allianz NFJ Mid-Cap Value D,0.55,0.0029,0.0042,0.0132
Allianz NFJ Mid-Cap Value R,0.55,0.0040999999999999995,0.0044,0.0144
Allianz NFJ Mid-Cap Value A Load Waived,0.55,0.0040999999999999995,0.0045000000000000005,0.013600000000000001
PIMCO Select Growth A Load Waived,0.92,NA,NA,NA
Allianz AGIC Growth A Load Waived,0.92,NA,0.0001,NA
Allianz AGIC Growth P,0.92,NA,0.0002,NA
Allianz AGIC Growth R,0.92,NA,0.0001,0.0001
Allianz AGIC Growth Admin,0.92,NA,0.0001,0.0001
PIMCO Select Growth B,0.92,NA,NA,NA
PIMCO Select Growth A,0.92,NA,NA,NA
PIMCO Select Growth D,0.92,NA,NA,NA
PIMCO Select Growth C,0.92,NA,NA,NA
Allianz AGIC Growth D,0.92,NA,0.0002,0.0001
Allianz AGIC Growth Instl,0.92,NA,0.0002,0.0001
PIMCO Select Growth Admin,0.92,NA,0.018600000000000002,0.0159
PIMCO Select Growth Instl,0.92,NA,0.0183,0.015700000000000002
Allianz AGIC Growth B,0.92,NA,NA,NA
Allianz AGIC Growth C,0.92,NA,NA,NA
Allianz AGIC Growth A,0.92,NA,0.0001,NA
Ivy Small Cap Growth R,0.65,0.005699999999999999,0.0019,0.0059
Ivy Small Cap Growth E,0.65,0.005699999999999999,0.0019,0.0058
Ivy Small Cap Growth A Load Waived,0.65,0.005699999999999999,0.0019,0.006
Ivy Small Cap Growth I,0.65,0.0049,0.0016,0.005600000000000001
Ivy Small Cap Growth A,0.65,0.005699999999999999,0.0019,0.006
Ivy Small Cap Growth B,0.65,0.0069,0.0022,0.006
Ivy Small Cap Growth C,0.65,0.0063,0.0021,0.0059
Ivy Small Cap Growth Y,0.65,0.0051,0.0017000000000000001,0.0055000000000000005
Rainier Large Cap Equity,0.857,0.001,0.0013,0.0043
Rainier Large Cap Equity Instl,0.857,0.0014000000000000002,0.0016,0.0048
Vanguard Growth Equity Inv,0.44,0.0007000000000000001,0.001,0.0009
American Century All Cap Growth Inv,0.75,0.0039000000000000003,0.0013,0.001
American Century All Cap Growth Instl,0.75,NA,NA,NA
American Century All Cap Growth A,0.75,NA,NA,NA
American Century All Cap Growth C,0.75,NA,NA,NA
American Century All Cap Growth R,0.75,NA,NA,NA
American Century All Cap Growth A LW,0.75,NA,NA,NA
USAA World Growth,0.17,0.0033,0.0026,0.006
USAA World Growth Adv,0.17,0.0023,NA,NA
Weitz Value,0.31,0.0008,0.0006,0.0054
Wasatch Core Growth,0.27,NA,NA,0.0069
Wasatch Core Growth Institutional,0.27,NA,NA,NA
Fidelity Advisor Technology A LW,1.67,NA,NA,NA
Fidelity Advisor Technology B,1.67,NA,NA,NA
Fidelity Advisor Technology A,1.67,NA,NA,NA
Fidelity Advisor Technology I,1.67,NA,NA,NA
Fidelity Advisor Technology C,1.67,NA,NA,NA
Fidelity Advisor Technology T,1.67,NA,NA,NA
JPMorgan Tax Aware Equity Instl,0.6,0.0051,0.0046,0.0055000000000000005
JPMorgan Tax Aware Equity A Load Waived,0.6,0.0040999999999999995,NA,NA
JPMorgan Tax Aware Equity A,0.6,0.0040999999999999995,NA,NA
JPMorgan Tax Aware Equity C,0.6,0.003,NA,NA
JPMorgan Tax Aware Equity Select,0.6,0.004699999999999999,NA,NA
ING Real Estate R,0.43,NA,NA,NA
ING Real Estate Instl,0.43,0.008,0.0097,0.0137
ING Real Estate A,0.43,0.0075,0.0092,0.0134
ING Real Estate B,0.43,0.0049,0.0067,0.0108
ING Real Estate C,0.43,0.0046,0.0064,0.0104
ING Real Estate Q,0.43,0.018500000000000003,NA,NA
ING Real Estate O,0.43,0.0075,0.0092,0.0134
ING Real Estate A Load Waived,0.43,0.0075,0.0092,0.0134
ING Real Estate W,0.43,0.006999999999999999,0.0085,NA
Transamerica Growth Opportunities A LW,1.25,0.0337,0.011399999999999999,0.0068000000000000005
Transamerica Growth Opportunities I2,1.25,0.0331,0.011699999999999999,0.0070999999999999995
IDEX Janus Capital Appreciation A LW,1.25,NA,NA,0.0077
Transamerica Growth Opportunities C,1.25,0.037000000000000005,0.0124,0.0075
Transamerica Premier Growth Opp Inv,1.25,NA,0.0023,0.0014000000000000002
IDEX Janus Capital Appreciation C,1.25,NA,NA,NA
IDEX Janus Capital Appreciation A,1.25,NA,NA,0.0077
IDEX Janus Capital Appreciation B,1.25,NA,NA,0.0079
IDEX Janus Capital Appreciation M,1.25,NA,NA,0.0078000000000000005
Transamerica Growth Opportunities A,1.25,0.0337,0.011399999999999999,0.0068000000000000005
Transamerica Growth Opportunities B,1.25,0.0383,0.0127,0.0075
Transamerica Growth Opport C2,1.25,NA,NA,NA
Transamerica Growth Opport M,1.25,NA,NA,NA
Transamerica Morgan Stanley Gr Oppots P,1.25,0.0335,NA,NA
Transamerica Growth Opportunities I,1.25,0.0331,NA,NA
Loomis Sayles Small Cap Growth Instl,0.76,NA,NA,NA
Loomis Sayles Small Cap Growth Retail,0.76,NA,NA,NA
Loomis Sayles Small Cap Growth Adm,0.76,NA,NA,NA
Touchstone Focused A,0.99,0.0040999999999999995,0.0073,0.0077
Old Mutual Focused C,0.99,0.0062,0.005600000000000001,0.0033
Old Mutual Focused R,0.99,NA,NA,NA
Touchstone Focused Instl,0.99,0.006,0.0089,0.0089
Old Mutual Focused Adv,0.99,NA,NA,NA
Touchstone Focused A Load Waived,0.99,0.0040999999999999995,0.0073,0.0077
Touchstone Focused C,0.99,NA,NA,NA
Touchstone Focused Y,0.99,0.0055000000000000005,0.0083,0.0084
JPMorgan Intl Opp A Load Waived,0.76,0.0105,0.0089,0.0079
JPMorgan Intl Opp C,0.76,0.0072,0.0073,NA
JPMorgan Intl Opp Sel,0.76,0.0106,0.009300000000000001,0.0085
JPMorgan Intl Opp Instl,0.76,0.011200000000000002,0.009899999999999999,0.0092
JPMorgan Intl Opp A,0.76,0.0105,0.0089,0.0079
JPMorgan Intl Opp B,0.76,0.006999999999999999,0.006500000000000001,0.0055000000000000005
JPMorgan Intl Opp R6,0.76,0.0116,NA,NA
Columbia International Value A LW,0.19,0.0139,0.0097,0.0203
Columbia International Value A,0.19,0.0139,0.0097,0.0203
Columbia International Value B,0.19,0.012,0.0077,0.0187
Columbia International Value C,0.19,0.0116,0.0075,0.018500000000000003
Columbia International Value Z,0.19,0.0147,0.0104,0.021
Columbia International Value I,0.19,0.015600000000000001,NA,NA
Columbia International Value R,0.19,0.0129,NA,NA
T. Rowe Price Total Equity Market Idx,0.062,0.0053,0.0052,0.006
Thrivent Large Cap Value I,0.74,0.0028000000000000004,0.0025,0.0045000000000000005
Thrivent Large Cap Value B,0.74,NA,0.0063,0.0043
Thrivent Large Cap Value A,0.74,0.002,0.0017000000000000001,0.0036
Thrivent Large Cap Value A Load Waived,0.74,0.002,0.0017000000000000001,0.0036
Transamerica Capital Growth I2,0.9,NA,NA,NA
Transamerica Capital Growth A LW,0.9,0.0049,0.0018,0.005
Transamerica Capital Growth I,0.9,0.0051,NA,NA
Transamerica Premier Focus A,0.9,NA,NA,0.0143
Transamerica Capital Growth C,0.9,0.0054,0.0019,0.0045000000000000005
Transamerica Morgan Stanley Cptl Gr P,0.9,0.0049,0.0018,0.0032
Transamerica Premier Focus M,0.9,0.011200000000000002,0.0259,NA
Transamerica Capital Growth B,0.9,0.005600000000000001,0.0019,0.0044
Transamerica Capital Growth A,0.9,0.0049,0.0018,0.005
Janus Global Technology D,0.89,NA,NA,0.0003
Janus Global Technology A,0.89,NA,NA,NA
Janus Global Technology C,0.89,NA,NA,NA
Janus Global Technology I,0.89,NA,NA,NA
Janus Global Technology S,0.89,NA,NA,NA
Janus Global Technology A Load Waived,0.89,NA,NA,NA
Janus Global Technology T,0.89,NA,NA,0.0003
Berger Information Technology Instl,0.89,NA,NA,0.0007000000000000001
Berger Information Technology Inv,0.89,NA,NA,0.0001
Legg Mason ClearBridge Large Cap Gr A,0.41,0.0219,0.0074,0.0044
Legg Mason ClearBridge Large Cap Gr C,0.41,0.024399999999999998,0.008100000000000001,0.0049
Legg Mason ClearBridge Large Cap Gr I,0.41,0.0208,0.006999999999999999,0.0042
Legg Mason ClearBridge Large Cap Gr B,0.41,0.024700000000000003,0.008100000000000001,0.0048
Smith Barney Large Cap Growth Z,0.41,NA,NA,NA
Smith Barney Peachtree Growth L,0.41,NA,0.030600000000000002,0.025
Smith Barney Peachtree Growth A,0.41,NA,0.0294,0.0242
Smith Barney Peachtree Growth Y,0.41,NA,0.028999999999999998,0.0239
Smith Barney Peachtree Growth B,0.41,NA,0.0313,0.0253
Legg Mason ClearBridge Large Cap Gr R,0.41,0.0222,0.0074,0.0045000000000000005
Smith Barney Peachtree Growth A LW,0.41,NA,0.0294,0.0242
Legg Mason ClearBridge Large Cap Gr A LW,0.41,0.0219,0.0074,0.0044
Manning & Napier International S,0.07,0.0048,0.013000000000000001,0.0139
Manning & Napier International I,0.07,NA,NA,NA
Columbia LifeGoal Growth R4,0.86,0.0034999999999999996,NA,NA
Columbia LifeGoal Growth C,0.86,0.0022,0.0011,0.009300000000000001
Nations LifeGoal Growth Prim B,0.86,NA,0.0203,0.0175
Columbia LifeGoal Growth A,0.86,0.0034000000000000002,0.0022,0.0098
Columbia LifeGoal Growth B,0.86,0.0023,0.0011,0.009399999999999999
Columbia LifeGoal Growth Z,0.86,0.004,0.0026,0.0102
Columbia LifeGoal Growth A Load Waived,0.86,0.0034000000000000002,0.0022,0.0098
Columbia LifeGoal Growth R,0.86,0.0029,0.0017000000000000001,0.0095
Putnam International Capital Opp A LW,0.23,0.011000000000000001,0.0051,0.0077
Putnam International Capital Opp A,0.23,0.011000000000000001,0.0051,0.0077
Putnam International Capital Opp C,0.23,0.0076,0.0027,0.0048
Putnam International Capital Opp M,0.23,0.0088,0.0034000000000000002,0.0055000000000000005
Putnam International Capital Opp B,0.23,0.0074,0.0024,0.0039000000000000003
Putnam International Capital Opp Y,0.23,0.0121,0.006,0.0087
Putnam International Capital Opp R,0.23,0.0106,0.004699999999999999,0.0075
JPMorgan Mid Cap Equity Select,0.88,0.0017000000000000001,0.0018,0.0111
JPMorgan Mid Cap Equity C,0.88,0.0001,NA,NA
JPMorgan Mid Cap Equity A Load Waived,0.88,0.0006,NA,NA
JPMorgan Mid Cap Equity A,0.88,0.0006,NA,NA
Westport Select Cap I,0.02,0.0097,0.0039000000000000003,0.005600000000000001
Westport Select Cap R,0.02,0.01,0.0040999999999999995,0.005699999999999999
ICON Energy S,0.8831,0.0062,0.004699999999999999,0.022400000000000003
ICON Energy A Load Waived,0.8831,0.0051,NA,NA
ICON Energy A,0.8831,0.0051,NA,NA
ICON Energy C,0.8831,0.0043,NA,NA
DWS S&P 500 Index S,0.03,0.0063,0.006,0.0063
DWS S&P 500 Index AARP,0.03,0.0051,0.0051,0.0049
DWS S&P 500 Index A Load Waived,0.03,0.0053,0.0051,0.0054
DWS S&P 500 Index A,0.03,0.0053,0.0051,0.0054
DWS S&P 500 Index B,0.03,0.0028000000000000004,0.0025,0.0028000000000000004
DWS S&P 500 Index C,0.03,0.0028000000000000004,0.0025,0.0028000000000000004
Nuveen Tradewinds International Val A LW,0.23,0.0068000000000000005,0.0036,0.0149
Nuveen Tradewinds International Value R3,0.23,0.0058,0.0028000000000000004,NA
Nuveen Tradewinds International Value A,0.23,0.0068000000000000005,0.0036,0.0149
Nuveen Tradewinds International Value C,0.23,0.0038,0.0015,0.0129
Nuveen Tradewinds International Value I,0.23,0.0078000000000000005,0.0045000000000000005,0.0158
Nuveen Tradewinds International Value B,0.23,0.004,0.0016,0.0131
DFA Tax-Managed US Marketwide Value II,0.2,0.0063,0.005699999999999999,0.008
Janus Aspen Janus Instl,0.9,0.002,0.0026,0.0026
Janus Aspen Janus Svc,0.9,0.0015,0.0014000000000000002,0.0017000000000000001
Berger IPT Growth,0.9,NA,0.0036,NA
TCW Relative Value Large Cap I,0.2676,0.0033,0.0040999999999999995,0.0053
TCW Relative Value Large Cap N,0.2676,0.0017000000000000001,0.0032,0.0045000000000000005
SG Cowen Large Cap Value I,0.2676,NA,0.0005,NA
SG Cowen Large Cap Value B,0.2676,NA,0.0002,NA
MainStay ICAP International I,0.62,0.0064,0.006999999999999999,0.0131
MainStay ICAP International A,0.62,0.0052,0.006,0.0121
MainStay ICAP International C,0.62,0.0036,0.0039000000000000003,0.009899999999999999
MainStay ICAP International R1,0.62,0.0060999999999999995,0.0066,0.0127
MainStay ICAP International R2,0.62,0.0049,0.005600000000000001,0.0118
MainStay ICAP International R3,0.62,0.0045000000000000005,0.0051,0.0113
MainStay ICAP International A LW,0.62,0.0052,0.006,0.0121
MainStay ICAP International Inv,0.62,0.0048,0.0053,NA
Lord Abbett Alpha Strategy F,0.0678,0.0005,0.0006,NA
Lord Abbett Alpha Strategy R2,0.0678,0.0005,0.0002,NA
Lord Abbett Alpha Strategy R3,0.0678,0.0005,0.0002,NA
Lord Abbett Alpha Strategy A LW,0.0678,0.0005,0.0003,0.006999999999999999
Lord Abbett Alpha Strategy I,0.0678,0.0005,0.0006,0.0077
Lord Abbett Alpha Strategy A,0.0678,0.0005,0.0003,0.006999999999999999
Lord Abbett Alpha Strategy C,0.0678,0.0005,0.0002,0.0067
Lord Abbett Alpha Strategy B,0.0678,0.0005,0.0002,0.0067
Waddell & Reed Small Cap B,0.65,0.0177,0.0058,0.0077
Waddell & Reed Small Cap A,0.65,0.0148,0.0049,0.0074
Waddell & Reed Small Cap Y,0.65,0.0139,0.0046,0.0074
Waddell & Reed Small Cap C,0.65,0.0166,0.0055000000000000005,0.0074
Waddell & Reed Small Cap A Load Waived,0.65,0.0148,0.0049,0.0074
William Blair Small Cap Growth A,0.97,NA,NA,NA
William Blair Small Cap Growth I,0.97,NA,NA,0.0051
William Blair Small Cap Growth N,0.97,NA,NA,0.0052
Wells Fargo Advantage Capital Growth Inv,1.16,NA,NA,0.0040999999999999995
Wells Fargo Advantage Capital Growth Adm,1.16,NA,0.0003,0.0042
Wells Fargo Advantage Capital Growth I,1.16,NA,0.0005,0.0043
Wells Fargo Advantage Capital Growth A,1.16,NA,NA,NA
Wells Fargo Advantage Capital Growth C,1.16,NA,NA,NA
Wells Fargo Advantage Capital Growt A LW,1.16,NA,NA,NA
BBH International Equity I,0.13,0.0109,0.0077,0.011200000000000002
BBH International Equity N,0.13,0.0098,0.0068000000000000005,0.0103
Vantagepoint Aggressive Opportunities,0.53,0.0173,0.006,0.0115
Wells Fargo Advantage Enterprise Inv,1.04,NA,NA,NA
Wells Fargo Advantage Enterprise A,1.04,NA,NA,NA
Wells Fargo Advantage Enterprise I,1.04,NA,NA,NA
Wells Fargo Advantage Enterprise Adm,1.04,NA,NA,NA
Wells Fargo Advantage Enterprise B,1.04,NA,NA,NA
Wells Fargo Advantage Enterprise C,1.04,NA,NA,NA
Wells Fargo Advantage Enterprise A LW,1.04,NA,NA,NA
Vanguard US Value Inv,0.6,0.0033,0.0029,0.0085
Touchstone Large Cap Growth A,0.91,NA,0.0003,0.0002
Touchstone Large Cap Growth B,0.91,NA,NA,NA
Touchstone Large Cap Growth C,0.91,NA,NA,NA
Touchstone Large Cap Growth Y,0.91,NA,0.0006,0.0006
Touchstone Large Cap Growth A LW,0.91,NA,0.0003,0.0002
Invesco Small Cap Equity R,0.42,NA,NA,0.004
Invesco Small Cap Equity C,0.42,NA,NA,0.0042
Invesco Small Cap Equity A,0.42,NA,NA,0.004
Invesco Small Cap Equity B,0.42,NA,NA,0.0043
Invesco Small Cap Equity A Load Waived,0.42,NA,NA,0.004
Invesco Small Cap Equity Institutional,0.42,NA,NA,0.0039000000000000003
Invesco Small Cap Equity Y,0.42,NA,NA,NA
Invesco European Growth Y,0.21,0.0125,0.0076,NA
AIM Euroland Growth A Load Waived,0.21,NA,NA,NA
Invesco European Growth A Load Waived,0.21,0.0113,0.0067,0.0116
Invesco European Growth Investor,0.21,0.0116,0.0069,0.011699999999999999
Invesco European Growth R,0.21,0.0101,0.0058,0.0105
Invesco European Growth A,0.21,0.0113,0.0067,0.0116
Invesco European Growth B,0.21,0.0086,0.0042,0.0089
AIM Euroland Growth C,0.21,NA,NA,NA
Invesco European Growth C,0.21,0.008199999999999999,0.0040999999999999995,0.0087
AIM Euroland Growth B,0.21,NA,NA,NA
AIM Euroland Growth A,0.21,NA,NA,NA
GMO Foreign IV,0.58,0.0177,0.010700000000000001,0.014499999999999999
GMO Foreign III,0.58,0.0177,0.0134,0.016
GMO Foreign II,0.58,0.0176,0.0132,0.0158
GMO Foreign M,0.58,0.0168,0.0124,0.015
Wells Fargo Advantage Strat LgCp Gr A,1.65,0.0003,0.0008,0.0044
Wells Fargo Advantage Strat LgCp Gr C,1.65,NA,0.0001,0.0036
Evergreen Strategic Growth B,1.65,NA,0.0060999999999999995,0.0036
Wells Fargo Advantage Strat LgCp Gr R,1.65,0.0009,0.001,0.0042
Evergreen Strategic Growth InSvc,1.65,0.0017000000000000001,0.006999999999999999,0.0043
Wells Fargo Advantage Strat LgCp Gr Inst,1.65,0.0012,0.0015,0.0052
Wells Fargo Advantage Strat LgCp Gr Adm,1.65,0.001,NA,NA
Wells Fargo Advantage Strat LgCp Gr A LW,1.65,0.0003,0.0008,0.0044
Driehaus Emerging Markets Growth,3.42,0.0208,0.0176,0.0273
Manning & Napier Pro-Blend Max Term S,0.65,0.0018,0.0014000000000000002,0.0068000000000000005
Manning & Napier Pro-Blend Max Term R,0.65,0.003,NA,NA
Manning & Napier Pro-Blend Maxm Term C,0.65,0.0008,NA,NA
Manning & Napier Pro-Blend Max Term I,0.65,0.0042,0.0037,NA
FBR Focus Investor,0.13,0.015700000000000002,0.006999999999999999,0.0091
FBR Small Cap Value B,0.13,NA,NA,NA
FBR Small Cap Value C,0.13,NA,NA,NA
FBR Focus I,0.13,0.015700000000000002,0.008,NA
FBR Focus R,0.13,0.0006,NA,NA
GE Instl US Equity Inv,0.44,0.0043,0.0042,0.0075
GE Instl US Equity Svc,0.44,0.0033,0.0022,0.006
Vanguard FTSE Social Index Inv,0.11,0.0018,0.0015,0.0021
Vanguard FTSE Social Index Instl,0.11,0.002,0.0017000000000000001,0.0023
Old Westbury Large Cap Core,0.72,0.0011,0.0013,0.0029
Invesco Asia Pacific Growth A,0.27,0.014499999999999999,0.0076,0.011000000000000001
Invesco Asia Pacific Growth B,0.27,0.0129,0.0058,0.0086
Invesco Asia Pacific Growth C,0.27,0.0124,0.005699999999999999,0.0085
Invesco Asia Pacific Growth Y,0.27,0.0155,0.0083,NA
Invesco Asia Pacific Growth A LW,0.27,0.014499999999999999,0.0076,0.011000000000000001
Nationwide Mid Cap Market Index A,0.23579999999999998,0.0129,0.0068000000000000005,0.0083
Nationwide Mid Cap Market Index Instl,0.23579999999999998,0.0141,0.008,0.0096
Nationwide Mid Cap Market Index B,0.23579999999999998,0.0134,0.0058,0.0070999999999999995
Nationwide Mid Cap Market Index R2,0.23579999999999998,0.013300000000000001,0.0068000000000000005,0.0084
Nationwide Mid Cap Market Index A LW,0.23579999999999998,0.0129,0.0068000000000000005,0.0083
Nationwide Mid Cap Market Index C,0.23579999999999998,0.013000000000000001,0.0059,0.0072
JPMorgan Realty Income A,1.41,0.0063,0.0076,0.0191
JPMorgan Realty Income B,1.41,0.0051,0.0063,0.0178
JPMorgan Realty Income C,1.41,0.0051,0.0064,0.0178
JPMorgan Realty Income A Load Waived,1.41,0.0063,0.0076,0.0191
JPMorgan Realty Income R5,1.41,0.0075,0.0089,0.0206
JPMorgan Realty Income Instl,1.41,0.0074,0.0088,0.020499999999999997
Marsico Growth,0.67,0.0001,0.0003,0.0017000000000000001
Maxim T. Rowe Price MidCap Growth,0.42,0.0174,0.0078000000000000005,0.011000000000000001
Maxim T. Rowe Price MidCap Growth L,0.42,NA,NA,NA
T. Rowe Price Global Stock,0.7140000000000001,0.0027,0.0026,0.0079
T. Rowe Price Global Stock Adv,0.7140000000000001,NA,0.0012,0.0069
USAA Small Cap Stock Instl,0.41,0.0014000000000000002,0.0011,NA
USAA Small Cap Stock,0.41,0.0001,0.0002,0.0052
Legg Mason Batterymarch Emerging Mkts C,0.99,NA,0.0003,0.009300000000000001
Legg Mason Batterymarch Emerging Mkts I,0.99,0.0027,0.0039000000000000003,0.0118
Legg Mason Batterymarch Emerging Mkts A,0.99,0.0019,0.0026,NA
Legg Mason Batterymarch Emerging Mkts R,0.99,0.001,NA,NA
Legg Mason Batterymarch Emerging Mk A LW,0.99,0.0019,0.0026,NA
Legg Mason Batterymarch Emerging Mkts IS,0.99,0.0027,0.0039000000000000003,NA
Legg Mason Batterymarch Emerging Mkts FI,0.99,0.0018,0.0026,NA
HighMark Geneva Mid Cap Growth A,0.23,0.0029,0.001,0.0023
HighMark Geneva Mid Cap Growth C,0.23,0.0032,0.0011,0.0024
HighMark Geneva Mid Cap Growth B,0.23,0.0034000000000000002,0.0012,0.0025
HighMark Geneva Mid Cap Growth Fiduciary,0.23,0.0029,NA,NA
HighMark Geneva Mid Cap Growth A LW,0.23,0.0029,0.001,0.0023
Columbia Small Cap Growth I A,1.13,0.0144,0.0048,0.0072
Columbia Small Cap Growth I B,1.13,0.0148,0.0048,0.0068000000000000005
Columbia Small Cap Growth I C,1.13,0.0143,0.004699999999999999,0.0067
Columbia Small Cap Growth I A LW,1.13,0.0144,0.0048,0.0072
Columbia Small Cap Growth I Y,1.13,0.015700000000000002,NA,NA
Columbia Small Cap Growth I I,1.13,0.015700000000000002,NA,NA
Columbia Small Cap Growth I R,1.13,0.013600000000000001,NA,NA
Columbia Small Cap Growth I Z,1.13,0.0151,0.0051,0.0075
Maxim T. Rowe Price Equity/Income L,0.28,NA,NA,NA
Maxim T. Rowe Price Equity Income,0.28,0.0066,0.006500000000000001,0.0126
Hartford Small Company A Load Waived,1.11,0.008199999999999999,0.0027,0.008100000000000001
Hartford Small Company R3,1.11,0.0078000000000000005,0.0026,0.0077
Hartford Small Company R4,1.11,0.0077,0.0026,0.0076
Hartford Small Company R5,1.11,0.0075,0.0025,0.0076
Hartford Small Company I,1.11,0.008100000000000001,0.0027,0.008100000000000001
Hartford Small Company A,1.11,0.008199999999999999,0.0027,0.008100000000000001
Hartford Small Company Y,1.11,0.0075,0.0025,0.0076
Hartford Small Company C,1.11,0.0095,0.0031,0.009000000000000001
Hartford Small Company B,1.11,0.0098,0.0032,0.0091
Heritage Mid Cap Stock B,2.42,0.026699999999999998,0.0141,0.0084
Eagle Mid Cap Stock C,2.42,NA,NA,0.0059
Eagle Mid Cap Stock A,2.42,NA,NA,0.0054
Eagle Mid Cap Stock R6,2.42,NA,NA,NA
Eagle Mid Cap Stock A Load Waived,2.42,NA,NA,0.0054
Eagle Mid Cap Stock I,2.42,NA,NA,0.0053
Eagle Mid Cap Stock R3,2.42,NA,NA,0.0054
Eagle Mid Cap Stock R5,2.42,NA,NA,0.0053
JPMorgan International Equity R5,0.18,0.0069,0.0070999999999999995,0.0301
JPMorgan International Eq A Load Waived,0.18,0.0055000000000000005,0.005699999999999999,0.028900000000000002
JPMorgan International Eq R2,0.18,0.0049,0.005,NA
JPMorgan International Equity R6,0.18,0.006999999999999999,NA,NA
JPMorgan International Eq S,0.18,0.0063,0.0064,0.0294
JPMorgan International Eq B,0.18,0.0043,0.0043,0.0281
JPMorgan International Eq A,0.18,0.0055000000000000005,0.005699999999999999,0.028900000000000002
JPMorgan International Eq C,0.18,0.0043,0.0043,0.0281
Neuberger Berman LgCp Discp Gr Inv,1.01,0.0069,0.0024,0.0014000000000000002
Neuberger Berman Century Tr,1.01,NA,NA,NA
Neuberger Berman Technology Inv,1.01,NA,NA,NA
Neuberger Berman LgCp Discp Gr R3,1.01,0.006999999999999999,0.0023,NA
Neuberger Berman LgCp Discp Gr A LW,1.01,0.006999999999999999,0.0024,NA
Neuberger Berman LgCp Discp Gr Instl,1.01,0.0076,0.0031,NA
Neuberger Berman LgCp Discp Gr A,1.01,0.006999999999999999,0.0024,NA
Neuberger Berman LgCp Discp Gr C,1.01,0.0072,0.0024,NA
Columbia Large Cap Core A Load Waived,1.97,0.0028000000000000004,0.0028000000000000004,0.0051
Columbia Large Cap Core I,1.97,0.0042,NA,NA
Columbia Large Cap Core W,1.97,0.0029,NA,NA
Columbia Large Cap Core C,1.97,0.0005,0.0007000000000000001,0.0027
Columbia Large Cap Core A,1.97,0.0028000000000000004,0.0028000000000000004,0.0051
Columbia Large Cap Core Z,1.97,0.0037,0.0036,0.0062
Columbia Large Cap Core B,1.97,0.0006,0.0007000000000000001,0.0028000000000000004
FMI Focus,0.78,0.0060999999999999995,0.0022,0.0109
GE Instl Small-Cap Equity Inv,0.46,0.0023,0.0012,0.005699999999999999
GE Instl Small-Cap Equity Svc,0.46,0.0014000000000000002,0.0005,0.0048
T. Rowe Price Spectrum International,0.08199999999999999,0.0063,0.0066,0.0126
Third Avenue Small Cap Value Instl,0.34,0.0016,0.0026,0.0070999999999999995
Third Avenue Small Cap Value Investor,0.34,0.0009,NA,NA
Fidelity Advisor Stk Sel All Cap B,0.05,NA,NA,NA
Fidelity Advisor Stk Sel All Cap A,0.05,0.0004,0.0004,0.0007000000000000001
Fidelity Advisor Stk Sel All Cap T,0.05,0.0003,0.0001,0.0002
Fidelity Advisor Stk Sel All Cap C,0.05,NA,NA,NA
Fidelity Advisor Stk Sel All Cap I,0.05,0.001,0.001,0.0015
Fidelity Advisor Stk Sel All Cap A LW,0.05,0.0004,0.0004,0.0007000000000000001
Maxim Aggressive Profile II,0.34,0.0067,0.0051,0.011200000000000002
Maxim Aggressive Profile II L,0.34,NA,NA,NA
Fidelity Select Industrials,1.02,0.0046,0.0034999999999999996,0.0051
Vantagepoint Broad Market Index I,0.01,0.0052,0.0051,0.005600000000000001
Vantagepoint Broad Market Index II,0.01,0.0064,0.0060999999999999995,0.0068000000000000005
MassMutual Select Focused Value A LW,0.32,0.0043,0.0019,0.0084
MassMutual Select Focused Value N,0.32,0.003,0.001,0.0077
MassMutual Select Focused Value S,0.32,0.008,0.0036,0.0101
MassMutual Select Focused Value A,0.32,0.0043,0.0019,0.0084
MassMutual Select Focused Value Y,0.32,0.0073,0.0032,0.0097
MassMutual Select Focused Value L,0.32,0.0053,0.0024,0.009000000000000001
MassMutual Select Focused Value Z,0.32,0.009000000000000001,NA,NA
Pioneer Independence A,0.71,NA,NA,0.0026
Pioneer Independence A,0.71,0.0181,NA,NA
Pioneer Independence C,0.71,NA,NA,0.0023
Pioneer Independence Y,0.71,NA,0.0001,0.0031
Pioneer Independence A Load Waived,0.71,0.0181,NA,NA
Pioneer Independence B,0.71,NA,NA,NA
Pioneer Independence A Load Waived,0.71,NA,NA,0.0026
Legg Mason ClearBridge Small Cap Gr 1,0.24,NA,NA,0.0037
Legg Mason ClearBridge Small Cap Gr I,0.24,NA,NA,0.0037
Legg Mason ClearBridge Small Cap Gr IS,0.24,NA,NA,NA
Legg Mason ClearBridge Small Cap Gr FI,0.24,NA,NA,NA
Legg Mason ClearBridge Small Cap Gr R,0.24,NA,NA,0.0037
Legg Mason ClearBridge Small Cap Gr A LW,0.24,NA,NA,0.0037
Legg Mason Partners Small Cap Growth I,0.24,NA,NA,NA
Legg Mason ClearBridge Small Cap Gr A,0.24,NA,NA,0.0037
Legg Mason ClearBridge Small Cap Gr C,0.24,NA,NA,0.0040999999999999995
Legg Mason Partners Small Cap Growth I O,0.24,NA,NA,NA
Legg Mason ClearBridge Small Cap Gr B,0.24,NA,NA,0.0042
GAMCO Westwood Mighty Mites AAA,0.2,0.0043,0.0039000000000000003,0.0064
GAMCO Westwood Mighty Mites A,0.2,0.0043,0.0039000000000000003,0.0064
GAMCO Westwood Mighty Mites B,0.2,0.0049,0.0039000000000000003,0.0064
GAMCO Westwood Mighty Mites C,0.2,0.004699999999999999,0.0039000000000000003,0.0064
GAMCO Westwood Mighty Mites A LW,0.2,0.0043,0.0039000000000000003,0.0064
GAMCO Westwood Mighty Mites I,0.2,0.0042,0.0040999999999999995,NA
Goldman Sachs Structured Intl Equit A LW,1.01,0.0173,0.0106,0.0154
Goldman Sachs Structured Intl Equity R,1.01,0.0176,0.010700000000000001,NA
Goldman Sachs Structured Intl Equity IR,1.01,0.0194,0.011899999999999999,NA
Goldman Sachs Structured Intl Equity S,1.01,0.0167,0.0102,0.0148
Goldman Sachs Structured Intl Equity A,1.01,0.0173,0.0106,0.0154
Goldman Sachs Structured Intl Equity I,1.01,0.0189,0.011899999999999999,0.0167
Goldman Sachs Structured Intl Equity B,1.01,0.0146,0.008,0.0128
Goldman Sachs Structured Intl Equity C,1.01,0.0147,0.008,0.0127
Lord Abbett Growth Opportunities B,1.22,0.0275,0.0091,0.0128
Lord Abbett Growth Opportunities A,1.22,0.0239,0.008,0.011699999999999999
Lord Abbett Growth Opportunities C,1.22,0.026600000000000002,0.0089,0.0127
Lord Abbett Growth Opportunities I,1.22,0.0227,0.0076,0.011200000000000002
Lord Abbett Growth Opportunities P,1.22,0.024,0.008100000000000001,0.011699999999999999
Lord Abbett Growth Opportunities F,1.22,0.0236,0.0079,NA
Lord Abbett Growth Opportunities R2,1.22,0.0241,0.008100000000000001,NA
Lord Abbett Growth Opportunities R3,1.22,0.024,0.008100000000000001,NA
Lord Abbett Growth Opportunities A LW,1.22,0.0239,0.008,0.011699999999999999
ING Mid Cap Opportunities A Load Waived,0.7,0.0048,0.0016,0.0064
ING Mid Cap Opportunities O,0.7,0.0049,0.0016,NA
ING Mid Cap Opportunities C,0.7,0.0055000000000000005,0.0018,0.006999999999999999
ING Mid Cap Opportunities A,0.7,0.0048,0.0016,0.0064
ING Mid Cap Opportunities I,0.7,0.0046,0.0015,0.0062
ING Mid Cap Opportunities Q,0.7,0.0017000000000000001,0.009300000000000001,0.005600000000000001
ING Mid Cap Opportunities B,0.7,0.005600000000000001,0.0018,0.0070999999999999995
ING Mid Cap Opportunities W,0.7,0.0046,NA,NA
ING Mid Cap Opportunities R,0.7,NA,NA,NA
Janus Aspen Worldwide Instl,0.88,0.0022,0.003,0.0034000000000000002
Janus Aspen Worldwide Svc,0.88,0.0018,0.0026,0.0028000000000000004
Janus Aspen Worldwide Svc II,0.88,0.0018,0.0026,0.0028000000000000004
MFS Core Equity A Load Waived,0.66,0.0021,0.0024,0.004699999999999999
MFS Core Equity R1,0.66,NA,0.0006,0.0033
MFS Core Equity R2,0.66,0.014499999999999999,NA,NA
MFS Core Equity R3,0.66,0.0022,0.0025,0.0048
MFS Core Equity R4,0.66,0.003,0.0032,0.0055000000000000005
MFS Core Equity R,0.66,0.0137,0.011699999999999999,0.006999999999999999
MFS Core Equity R2,0.66,0.0012,0.0017000000000000001,0.0042
MFS Core Equity A,0.66,0.0021,0.0024,0.004699999999999999
MFS Core Equity B,0.66,NA,NA,0.003
MFS Core Equity I,0.66,0.0029,0.0031,0.0054
MFS Core Equity C,0.66,NA,0.0004,0.0032
Legg Mason Batterymarch US Sm Cap E A LW,0.49,0.0002,0.0001,NA
Legg Mason Batterymarch US Sm Cap Eq A,0.49,0.0002,0.0001,NA
Legg Mason Batterymarch US Sm Cap Eq C,0.49,0.0002,0.0001,NA
Legg Mason Batterymarch US Sm Cap Eq FI,0.49,0.0002,0.0003,0.005699999999999999
Legg Mason Batterymarch US Sm Cap Eq I,0.49,0.0002,0.001,0.0063
Legg Mason Batterymarch US Sm Cap Eq IS,0.49,NA,NA,NA
BlackRock International R,1.54,NA,NA,NA
BlackRock International Inv A,1.54,0.0016,0.0005,0.0014000000000000002
BlackRock International Inv C,1.54,0.0008,0.0003,0.0003
BlackRock International Inv B,1.54,NA,NA,NA
BlackRock International Instl,1.54,0.0022,0.0007000000000000001,0.0019
BlackRock International Inv A LW,1.54,0.0016,0.0005,0.0014000000000000002
Janus Global Life Sciences T,0.54,0.0001,0.0008,0.0006
Janus Global Life Sciences A LW,0.54,NA,NA,NA
Janus Global Life Sciences A,0.54,NA,NA,NA
Janus Global Life Sciences C,0.54,NA,NA,NA
Janus Global Life Sciences I,0.54,0.0006,NA,NA
Janus Global Life Sciences S,0.54,NA,NA,NA
Janus Global Life Sciences D,0.54,0.0005,0.001,0.0007000000000000001
New Covenant Growth,0.44,0.0036,0.0031,0.004699999999999999
Oppenheimer International Small Co I,1.22,NA,NA,NA
Oppenheimer International Small Co N,1.22,0.0159,0.0191,0.0192
Oppenheimer International Small Co A,1.22,0.0168,0.0195,0.0196
Oppenheimer International Small Co B,1.22,0.0125,0.0172,0.0174
Oppenheimer International Small Co C,1.22,0.0146,0.0181,0.0181
Oppenheimer International Small Co A LW,1.22,0.0168,0.0195,0.0196
Oppenheimer International Small Co Y,1.22,0.0187,0.021,0.0216
Brown Advisory Growth Equity Instl,0.3,NA,NA,0.0001
Brown Advisory Growth Equity A,0.3,NA,NA,0.0001
Fidelity Advisor Dividend Growth A,0.68,NA,0.0013,0.0051
Fidelity Advisor Dividend Growth B,0.68,NA,NA,0.0027
Fidelity Advisor Dividend Growth C,0.68,NA,NA,0.003
Fidelity Advisor Dividend Growth T,0.68,NA,0.0007000000000000001,0.0042
Fidelity Advisor Dividend Growth I,0.68,NA,0.0019,0.0043
Fidelity Advisor Dividend Growth A LW,0.68,NA,0.0013,0.0051
Westcore Select,1.55,0.0022,0.0007000000000000001,0.0060999999999999995
Transamerica Jennison Growth A LW,0.55,NA,0.002,0.0017000000000000001
Transamerica Growth I2,0.55,0.0064,0.0024,0.0017000000000000001
Transamerica Jennison Growth M,0.55,NA,NA,NA
Transamerica Jennison Growth A,0.55,NA,0.002,0.0017000000000000001
Transamerica Jennison Growth B,0.55,NA,0.0022,0.0018
Transamerica Jennison Growth C2,0.55,NA,NA,NA
Transamerica Jennison Growth C,0.55,NA,0.0021,0.0018
Legg Mason Cap Mgmt Opportunity R,0.33,0.0004,0.0001,0.0062
Legg Mason Cap Mgmt Opportunity I,0.33,0.0028000000000000004,0.0009,0.0066
Legg Mason Cap Mgmt Opportunity FI,0.33,0.0012,0.0004,0.0064
Legg Mason Cap Mgmt Opportunity A,0.33,0.0016,0.0005,NA
Legg Mason Cap Mgmt Opportunity A LW,0.33,0.0016,0.0005,NA
Legg Mason Cap Mgmt Opportunity C,0.33,NA,NA,0.0063
Eaton Vance Tx-Mgd Growth 1.0,0.02,0.0054,0.0059,0.0068000000000000005
Janus Aspen Enterprise Instl,0.15,NA,0.0001,0.0021
Janus Aspen Enterprise Svc,0.15,NA,NA,0.0019
Wells Fargo Advantage Small Cap Opp Adm,1,0.005600000000000001,0.0019,0.0077
Wells Fargo Small Cap Opportunity B,1,0.0128,0.014199999999999999,0.0102
Wells Fargo Small Cap Opportunity A,1,0.011699999999999999,0.0134,0.0098
Wells Fargo Small Cap Opportunity A LW,1,0.011699999999999999,0.0134,0.0098
Invesco Capital Development Investor,1.27,NA,NA,0.0038
Invesco Capital Development A LW,1.27,NA,NA,0.0038
Invesco Capital Development Y,1.27,NA,NA,NA
Invesco Capital Development B,1.27,NA,NA,0.0043
Invesco Capital Development A,1.27,NA,NA,0.0038
Invesco Capital Development C,1.27,NA,NA,0.0042
Invesco Capital Development I,1.27,NA,NA,0.0036
Invesco Capital Development R,1.27,NA,NA,0.0038
Wells Fargo Advantage Spec Md Cp Val Inv,0.78,0.0003,0.0025,0.0062
Wells Fargo Advantage Spec Md Cp Val A,0.78,0.0006,0.0029,NA
Wells Fargo Advantage Spec Md Cp Val C,0.78,NA,0.0017000000000000001,NA
Wells Fargo Advantage Spec Md Cp Va A LW,0.78,0.0006,0.0029,NA
Wells Fargo Advantage Spec Md Cp Val Adm,0.78,0.0008,0.003,0.0069
Wells Fargo Advantage Spec Md Cp Val I,0.78,0.002,0.004,0.0079
Dreyfus Emerging Markets A Load Waived,0.6819,0.0197,0.0076,0.0292
Dreyfus Emerging Markets A,0.6819,0.0197,0.0076,0.0292
Dreyfus Emerging Markets B,0.6819,0.0196,0.0064,0.028399999999999998
Dreyfus Emerging Markets C,0.6819,0.019,0.006999999999999999,0.027999999999999997
Dreyfus Emerging Markets I,0.6819,0.020099999999999996,0.008,0.0294
Dreyfus Emerging Markets T,0.6819,0.0649,0.053399999999999996,0.0395
BMO Small-Cap Growth Y,1.01,0.009000000000000001,0.003,0.009300000000000001
Marshall Small-Cap Growth A,1.01,NA,0.0125,0.014199999999999999
Marshall Small-Cap Growth A Load Waived,1.01,NA,0.0125,0.014199999999999999
BMO Small-Cap Growth I,1.01,0.0089,0.003,NA
Kinetics Paradigm Adv A Load Waived,0.58,0.0033,0.003,0.0024
Kinetics Paradigm Adv C,0.58,0.0034000000000000002,0.0025,0.0018
Kinetics Paradigm Instl,0.58,0.0032,0.0048,0.0036
Kinetics Paradigm No Load,0.58,0.0032,0.0039000000000000003,0.003
Kinetics Paradigm Adv A,0.58,0.0033,0.003,0.0024
Turner Midcap Growth Retirement,1.04,NA,NA,NA
Turner Midcap Growth Investor,1.04,NA,NA,NA
Turner Midcap Growth Inst,1.04,NA,NA,NA
Janus Aspen Forty Instl,0.46,0.0013,0.0009,0.0009
Janus Aspen Forty Svc,0.46,0.0009,0.0006,0.0005
MassMutual Select Small Cap Growth Eq A,0.88,0.0288,0.0101,0.0088
MassMutual Select Small Cap Growth Eq Y,0.88,0.0274,0.0096,0.009300000000000001
MassMutual Select Small Cap Growth Eq L,0.88,0.0279,0.0098,0.009300000000000001
MassMutual Select Small Cap Growth Eq N,0.88,0.03,0.0105,0.0095
MassMutual Select Small Cap Growth Eq Z,0.88,0.0269,NA,NA
MassMutual Select Small Cap Growth Eq S,0.88,0.027000000000000003,0.0095,0.009300000000000001
MassMutual Select Small Cap Growth A LW,0.88,0.0288,0.0101,0.0088
American Century Large Co Val A LW,0.56,0.0054,0.0052,0.0078000000000000005
American Century Large Val A,0.56,0.0076,0.008,NA
American Century Large Co Val B,0.56,0.003,0.0026,0.0053
American Century Large Co Val Instl,0.56,0.006999999999999999,0.0067,0.009300000000000001
American Century Large Co Val R,0.56,0.0046,0.0043,0.0069
American Century Large Co Val C,0.56,0.0028000000000000004,0.0025,0.0052
American Century Large Co Val A,0.56,0.0054,0.0052,0.0078000000000000005
American Century Large Co Val Inv,0.56,0.0063,0.006,0.0086
Heartland Select Value,0.47,0.0032,0.0024,0.0051
Heartland Select Value Inst,0.47,0.0045000000000000005,0.0033,NA
Goldman Sachs Struct Large Cap Gr C,0.76,0.0017000000000000001,0.0019,0.0013
Goldman Sachs Struct Large Cap Gr B,0.76,0.001,0.0014000000000000002,0.0011
Goldman Sachs Struct Large Cap Gr S,0.76,0.0043,0.0039000000000000003,0.0033
Goldman Sachs Struct Large Cap Gr A,0.76,0.0038,0.0038,0.0033
Goldman Sachs Struct Large Cap Gr I,0.76,0.0051,0.005,0.0048
Goldman Sachs Struct Large Cap Gr A LW,0.76,0.0038,0.0038,0.0033
Goldman Sachs Struct Large Cap Gr IR,0.76,0.0052,0.0049,NA
Goldman Sachs Struct Large Cap Gr R,0.76,0.0013,0.0029,NA
BNY Mellon International Inv,0.5738,0.0049,0.0034999999999999996,0.0116
BNY Mellon International M,0.5738,0.0055000000000000005,0.004,0.0128
T. Rowe Price Global Technology,1.105,0.009899999999999999,0.0033,0.002
USAA Capital Growth,1.13,0.005,0.0040999999999999995,0.008199999999999999
Allianz NFJ Large Cap Value Instl,0.19,0.009300000000000001,0.0091,0.0095
Allianz NFJ Large Cap Value D,0.19,0.006500000000000001,0.0074,0.008
Allianz NFJ Large Cap Value B,0.19,0.0049,0.0042,0.0049
Allianz NFJ Large Cap Value A,0.19,0.0079,0.0075,0.008
Allianz NFJ Large Cap Value C,0.19,0.0053,0.0045000000000000005,0.0051
Allianz NFJ Large Cap Value P,0.19,0.0088,0.0085,NA
Allianz NFJ Large Cap Value A LW,0.19,0.0079,0.0075,0.008
Allianz NFJ Large Cap Value R,0.19,0.006999999999999999,0.0064,0.0072
Allianz NFJ Large Cap Value Adm,0.19,0.0074,0.0075,0.008199999999999999
BNY Mellon Large Cap Stock Inv,0.8671,0.0012,0.001,0.006999999999999999
BNY Mellon Large Cap Stock M,0.8671,0.0015,0.0014000000000000002,0.0073
Columbia Strategic Investor Z,0.62,0.002,0.0015,0.0048
Columbia Strategic Investor I,0.62,0.0029,NA,NA
Columbia Strategic Investor R,0.62,0.0001,NA,NA
Columbia Strategic Investor W,0.62,0.0015,NA,NA
Columbia Strategic Investor Y,0.62,0.0026,NA,NA
Liberty Contrarian Equity A,0.62,NA,0.0143,0.022799999999999997
Columbia Strategic Investor A,0.62,0.001,0.0009,0.004
Columbia Strategic Investor B,0.62,NA,0.0001,0.0031
Columbia Strategic Investor D,0.62,0.0207,0.012199999999999999,NA
Liberty Contrarian Equity C,0.62,NA,0.0138,NA
Columbia Strategic Investor C,0.62,NA,0.0001,0.0031
Liberty Contrarian Equity B,0.62,NA,0.014199999999999999,NA
Liberty Contrarian A,0.62,NA,0.0063,NA
Liberty Contrarian B,0.62,NA,0.0067,NA
Liberty Contrarian C,0.62,NA,0.0064,NA
Liberty Contrarian Equity I,0.62,NA,0.0144,0.0196
Columbia Strategic Investor A LW,0.62,0.001,0.0009,0.004
Liberty Contrarian A Load Waived,0.62,NA,0.0063,NA
Liberty Contrarian Equity A Load Waived,0.62,NA,0.0143,0.022799999999999997
Aberdeen Intl Equity R,0.22149999999999997,0.008,0.0072,0.0066
Aberdeen International Equity Instl,0.22149999999999997,0.0092,0.008,0.0074
Aberdeen Intl Equity A Load Waived,0.22149999999999997,0.0083,0.0074,0.0068000000000000005
Aberdeen Intl Equity C,0.22149999999999997,0.0066,0.005699999999999999,0.0053
Aberdeen Intl Equity A,0.22149999999999997,0.0083,0.0074,0.0068000000000000005
Aberdeen Intl Equity B,0.22149999999999997,0.0051,0.0038,0.0060999999999999995
Aberdeen Intl Equity I/S,0.22149999999999997,0.0089,0.008100000000000001,0.0075
Principal Large Cap Blend II R4,0.43700000000000006,0.0032,0.0027,0.006500000000000001
Principal Large Cap Blend II R5,0.43700000000000006,0.0036,0.0031,0.0069
Principal Large Cap Blend II R2,0.43700000000000006,0.0009,0.0011,0.0049
Principal Large Cap Blend II Inst,0.43700000000000006,0.0045000000000000005,0.0039000000000000003,0.0079
Principal Large Cap Blend II R3,0.43700000000000006,0.0023,0.0021,0.0058
Principal Large Cap Blend II J,0.43700000000000006,0.003,0.0024,0.0060999999999999995
Principal Large Cap Blend II C,0.43700000000000006,0.0006,0.0062,NA
Principal Large Cap Blend II R1,0.43700000000000006,0.0013,0.0011,0.0048
Principal Large Cap Blend II A,0.43700000000000006,0.0017000000000000001,0.0079,0.0091
Principal Large Cap Blend II B,0.43700000000000006,NA,0.0062,0.0078000000000000005
Principal Large Cap Blend II A LW,0.43700000000000006,0.0017000000000000001,0.0079,0.0091
Principal Large Cap Value III A LW,0.7090000000000001,0.0045000000000000005,0.009000000000000001,0.009000000000000001
Principal Large Cap Value III A,0.7090000000000001,0.0045000000000000005,0.009000000000000001,0.009000000000000001
Principal Large Cap Value III B,0.7090000000000001,0.0019,0.005699999999999999,0.0060999999999999995
Principal Large Cap Value III R1,0.7090000000000001,0.0023,0.0024,0.005600000000000001
Principal Large Cap Value III C,0.7090000000000001,0.0024,0.006,NA
Principal Large Cap Value III J,0.7090000000000001,0.004699999999999999,0.0039000000000000003,0.006999999999999999
Principal Large Cap Value III R2,0.7090000000000001,0.0028000000000000004,0.0028000000000000004,0.0059
Principal Large Cap Value III R3,0.7090000000000001,0.0037,0.003,0.0063
Principal Large Cap Value III R4,0.7090000000000001,0.0049,0.0043,0.0076
Principal Large Cap Value III Inst,0.7090000000000001,0.0064,0.005699999999999999,0.0091
Principal Large Cap Value III R5,0.7090000000000001,0.004699999999999999,0.0045000000000000005,0.0078000000000000005
Principal MidCap S&P 400 Index R2,0.158,0.0072,0.0038,0.0076
Principal MidCap S&P 400 Index R3,0.158,0.0087,0.0048,0.0085
Principal MidCap S&P 400 Index R4,0.158,0.009000000000000001,0.0052,0.0091
Principal MidCap S&P 400 Index R5,0.158,0.0092,0.0055000000000000005,0.009399999999999999
Principal MidCap S&P 400 Index Inst,0.158,0.0103,0.0063,0.0104
Principal MidCap S&P 400 Index J,0.158,0.0089,0.004699999999999999,0.0085
Principal MidCap S&P 400 Index R1,0.158,0.0070999999999999995,0.0037,0.0075
Principal International Growth R1,1.538,0.002,0.0024,0.009399999999999999
Principal International Growth A,1.538,0.0034000000000000002,0.0046,NA
Principal International Growth C,1.538,0.001,0.0017000000000000001,NA
Principal International Growth A LW,1.538,0.0034000000000000002,0.0046,NA
Principal International Growth J,1.538,0.0031,0.0039000000000000003,0.010700000000000001
Principal International Growth R4,1.538,0.0038,0.0046,0.011399999999999999
Principal International Growth R2,1.538,0.0023,0.0031,0.0102
Principal International Growth R3,1.538,0.0018,0.0034000000000000002,0.0101
Principal International Growth R5,1.538,0.0040999999999999995,0.0052,0.011899999999999999
Principal International Growth Inst,1.538,0.005,0.0063,0.0129
ASTON/TAMRO Small Cap N,0.4725,0.0148,0.006,0.0051
ABN AMRO Small Cap N,0.4725,NA,NA,NA
ASTON/TAMRO Small Cap I,0.4725,0.0146,0.006,0.0052
Invesco Van Kampen Small Cap Gr A,1.14,0.0222,0.0074,0.0069
Invesco Van Kampen Small Cap Gr C,1.14,0.024399999999999998,0.008100000000000001,0.0075
Invesco Van Kampen Small Cap Gr B,1.14,0.0248,0.008100000000000001,0.0075
Invesco Van Kampen Small Cap Gr A LW,1.14,0.0222,0.0074,0.0069
Invesco Van Kampen Small Cap Gr Y,1.14,0.0218,0.0073,0.0068000000000000005
Wells Fargo Advantage Endeavor Select A,1,NA,NA,0.0015
Strong Advisor Endeavor 20 L,1,NA,NA,NA
Wells Fargo Advantage Endeavor Select B,1,NA,NA,0.0016
Wells Fargo Advantage Endeavor Select C,1,NA,NA,0.0016
Wells Fargo Advantage Endeavor Sele A LW,1,NA,NA,0.0015
Wells Fargo Advantage Endeavor Select Ad,1,NA,0.0002,0.0016
Wells Fargo Advantage Endeavor Select I,1,NA,0.0004,0.0018
Vantagepoint Mdl Port All-Equity Growth,0.09,0.0052,0.004,0.0104
Harbor Mid Cap Growth Instl,1.11,NA,NA,0.0025
Harbor Mid Cap Growth Inv,1.11,NA,NA,0.0025
Harbor Mid Cap Growth Adm,1.11,NA,NA,0.0025
Thornburg Core Growth R3,0.8053,NA,NA,NA
Thornburg Core Growth C,0.8053,NA,NA,NA
Thornburg Core Growth A,0.8053,NA,NA,NA
Thornburg Core Growth I,0.8053,NA,NA,NA
Thornburg Core Growth A Load Waived,0.8053,NA,NA,NA
Thornburg Core Growth R5,0.8053,NA,NA,NA
Thornburg Core Growth R4,0.8053,NA,NA,NA
Transamerica Small/Mid Cap Value I,1.74,0.0084,NA,NA
Transamerica Small/Mid Cap Value B,1.74,0.0095,0.0031,0.0066
Transamerica Small/Mid Cap Value A,1.74,0.0086,0.0029,0.0075
Transamerica Small/Mid Cp Val M,1.74,0.0222,0.0074,NA
Transamerica Small/Mid Cp Val C2,1.74,0.0005,0.0002,NA
Transamerica Small/Mid Cap Value C,1.74,0.0092,0.0031,0.0070999999999999995
Transamerica Small/Mid Cap Value A LW,1.74,0.0086,0.0029,0.0075
Transamerica Small/Mid Cap Value I2,1.74,0.0084,0.0028000000000000004,0.008199999999999999
Nationwide Inv Dest Agrsv R2,0.09699999999999999,0.0048,0.006,0.0098
Nationwide Inv Destinations Agrsv I,0.09699999999999999,0.0064,0.0077,0.0115
Nationwide Inv Destinations Agrsv A LW,0.09699999999999999,0.005699999999999999,0.0068000000000000005,0.0106
Nationwide Inv Destinations Agrsv C,0.09699999999999999,0.0038,0.005,0.0086
Nationwide Inv Dest Agrsv Svc,0.09699999999999999,0.0053,0.006500000000000001,0.0103
Nationwide Inv Destinations Agrsv A,0.09699999999999999,0.005699999999999999,0.0068000000000000005,0.0106
Nationwide Inv Destinations Agrsv B,0.09699999999999999,0.0039000000000000003,0.0051,0.0087
MassMutual Select Blue Chip Growth A LW,0.38,NA,NA,NA
MassMutual Select Blue Chip Growth L,0.38,NA,NA,0.0001
MassMutual Select Blue Chip Growth Y,0.38,NA,0.0001,0.0003
MassMutual Select Blue Chip Growth S,0.38,NA,0.0001,0.0005
MassMutual Select Blue Chip Growth A,0.38,NA,NA,NA
MassMutual Select Blue Chip Growth N,0.38,NA,NA,NA
Fidelity Select Pharmaceuticals,0.73,0.0045000000000000005,0.0067,0.0067
William Blair Growth I,0.59,0.004699999999999999,0.0016,0.0046
William Blair Growth N,0.59,0.0045000000000000005,0.0015,0.0046
Invesco Van Kampen Value Opp R,0.02,NA,NA,NA
Invesco Van Kampen Value Opp Instl,0.02,0.0001,NA,NA
Invesco Van Kampen Value Opp A,0.02,NA,0.0021,0.0058
Invesco Van Kampen Value Opp B,0.02,NA,NA,0.0033
Invesco Van Kampen Value Opp C,0.02,NA,0.0004,0.0036
Invesco Van Kampen Value Opp A LW,0.02,NA,0.0021,0.0058
Invesco Van Kampen Value Opp Y,0.02,0.0001,0.003,0.0068000000000000005
Hartford Value A Load Waived,0.16,0.0040999999999999995,0.0034000000000000002,0.0062
Hartford Value R3,0.16,0.0037,0.0033,0.0062
Hartford Value R4,0.16,0.0049,0.0040999999999999995,0.0069
Hartford Value R5,0.16,0.005699999999999999,0.0049,0.0076
Hartford Value I,0.16,0.0054,0.004699999999999999,0.0077
Hartford Value C,0.16,0.0017000000000000001,0.0012,0.0037
Hartford Value B,0.16,0.0008,0.001,0.0036
Hartford Value Y,0.16,0.0058,0.005,0.0079
Hartford Value A,0.16,0.0040999999999999995,0.0034000000000000002,0.0062
Lord Abbett Small Cap Blend B,0.7317,NA,NA,0.0055000000000000005
Lord Abbett Small Cap Blend I,0.7317,NA,NA,0.0051
Lord Abbett Small Cap Blend P,0.7317,NA,NA,0.0052
Lord Abbett Small Cap Blend A,0.7317,NA,NA,0.0052
Lord Abbett Small Cap Blend C,0.7317,NA,NA,0.0055000000000000005
Lord Abbett Small Cap Blend F,0.7317,NA,NA,NA
Lord Abbett Small Cap Blend R2,0.7317,NA,NA,NA
Lord Abbett Small Cap Blend R3,0.7317,NA,NA,NA
Lord Abbett Small Cap Blend A LW,0.7317,NA,NA,0.0052
T. Rowe Price Instl Large Cap Value,0.193,0.0059,0.0066,0.0079
Hartford Disciplined Equity HLS IB,0.44,0.0033,0.0037,0.006999999999999999
Hartford Disciplined Equity HLS IA,0.44,0.0043,0.0046,0.0079
Hartford Index HLS IA,0.03,0.0062,0.0060999999999999995,0.0095
Hartford Index HLS IB,0.03,0.0054,0.0054,0.0086
USAA Value,0.22,0.0043,0.004,0.0058
USAA Value Adv,0.22,0.0025,NA,NA
USAA Value Instl,0.22,0.0051,0.0048,NA
VALIC Company I International Equities,0.56,0.0048,0.0070999999999999995,0.0151
JHVIT Global Trust Ser I,0.24,0.0078000000000000005,0.0058,0.0078000000000000005
JHVIT Global Trust Ser II,0.24,0.006999999999999999,0.0052,0.006999999999999999
JHVIT Global Trust Ser NAV,0.24,0.008,0.006,0.008
VALIC Company I Small Cap Index,0.13,0.0015,0.0046,0.0109
ING Global Resources Port Adv,0.73,0.0025,0.0022,0.0151
ING Global Resources Port S2,0.73,0.0014000000000000002,0.0016,0.0144
ING Global Resources Port I,0.73,0.0026,0.0031,0.0155
ING Global Resources S,0.73,0.0018,0.0022,0.0148
ING Clarion Real Estate Port S2,0.33,0.0039000000000000003,0.0116,0.0182
ING Clarion Real Estate Port I,0.33,0.005,0.0131,0.0197
ING Clarion Real Estate Port S,0.33,0.0043,0.0121,0.0187
ING Clarion Real Estate Port Adv,0.33,0.0048,0.0121,0.019
ING Small Company Port S,0.61,0.005699999999999999,0.0025,0.0063
ING Small Company Port I,0.61,0.006500000000000001,0.0032,0.0068000000000000005
ING Small Company Port Adv,0.61,0.0053,0.0027,NA
ING Small Company Port S2,0.61,0.0055000000000000005,0.0026,NA
Wanger USA,0.1,0.0132,0.0044,0.0062
JHVIT Mid Value Tr Ser I,0.54,0.0027,0.0040999999999999995,0.0103
JHVIT Mid Value Tr Ser II,0.54,0.002,0.0034000000000000002,0.0095
JHVIT Mid Value Tr Ser NAV,0.54,0.0029,0.0043,0.0105
ING Marsico Growth Port I,0.65,0.0016,0.0029,0.0023
ING Marsico Growth Port S2,0.65,0.0003,0.0015,0.0011
ING Marsico Growth Port S,0.65,0.0008,0.002,0.0015
ING Marsico Growth Port Adv,0.65,0.0001,0.0004,0.0003
JHVIT Small Cap Value Trust Ser I,0.2,0.0031,0.0019,0.0063
JHVIT Small Cap Value Trust Ser II,0.2,0.0024,0.0012,0.005600000000000001
JHVIT Small Cap Value Trust Ser NAV,0.2,0.0032,0.002,0.006500000000000001
JHVIT International Value Trust Ser NAV,0.32,0.0101,0.0077,0.014499999999999999
JHVIT International Value Trust Ser I,0.32,0.0098,0.0075,0.014199999999999999
JHVIT International Value Trust Ser II,0.32,0.009000000000000001,0.0068000000000000005,0.013500000000000002
JHVIT Mid Cap Index Trust Ser I,0.13,0.0066,0.0042,0.0097
JHVIT Mid Cap Index Trust Ser II,0.13,0.0058,0.0034999999999999996,0.0089
JHVIT Mid Cap Index Trust Ser NAV,0.13,0.0067,0.0043,0.009899999999999999
JHVIT International Core Trust Ser I,0.39,0.009300000000000001,0.0063,0.0151
JHVIT International Core Trust Ser II,0.39,0.0085,0.0055000000000000005,0.0143
JHVIT International Core Trust Ser NAV,0.39,0.0095,0.006500000000000001,0.0154
Wanger International,0.36,0.0194,0.0111,0.013600000000000001
VALIC Company I Science & Technology,1.11,NA,0.0001,0.0001
VALIC Company II Socially Responsible,0.81,0.0021,0.0037,0.008
VALIC Company II Mid Cap Value,1.08,0.0007000000000000001,0.0022,0.006500000000000001
ING JPMorgan Emerging Mkts Eq Port I,0.19,0.0083,0.0085,0.0096
ING JPMorgan Emerging Mkts Eq Port Adv,0.19,0.0078000000000000005,0.0074,0.0087
ING JPMorgan Emerging Mkts Eq Port S2,0.19,0.006999999999999999,0.0072,0.0083
ING JPMorgan Emerging Mkts Eq Port S,0.19,0.0074,0.0077,0.0088
JHVIT Mid Cap Stock Trust Ser II,1.07,NA,NA,0.008
JHVIT Mid Cap Stock Trust Ser I,1.07,NA,NA,0.0079
JHVIT Mid Cap Stock Trust Ser NAV,1.07,NA,NA,0.0078000000000000005
Columbia VP Emerging Mkts Opportunity 2,1,0.0034000000000000002,NA,NA
Columbia VP Emerging Mkts Opportunity 1,1,0.0038,NA,NA
JHVIT 500 Index Trust B Ser NAV,0.04,0.0064,0.0058,0.006999999999999999
ING Index Plus MidCap Port I,1.01,0.003,0.003,0.0079
ING Index Plus MidCap Port S,1.01,0.0021,0.0022,0.006999999999999999
Hartford Value HLS IB,0.16,0.0054,0.0046,0.0104
Hartford Value HLS IA,0.16,0.0064,0.0055000000000000005,0.011399999999999999
MFS Mid Cap Value A,0.56,0.002,0.002,0.0068000000000000005
MFS Mid Cap Value B,0.56,NA,NA,0.0043
MFS Mid Cap Value C,0.56,NA,NA,0.0043
MFS Mid Cap Value I,0.56,0.0029,0.0028000000000000004,0.0077
MFS Mid Cap Value 529B,0.56,NA,NA,0.0045000000000000005
MFS Mid Cap Value 529A,0.56,0.0019,0.0018,0.0064
MFS Mid Cap Value 529C,0.56,NA,NA,0.0043
MFS Mid Cap Value R2,0.56,0.0011,0.0012,0.0062
MFS Mid Cap Value R,0.56,0.020099999999999996,0.0179,0.015700000000000002
MFS Mid Cap Value A Load Waived,0.56,0.002,0.002,0.0068000000000000005
MFS Mid Cap Value R1,0.56,NA,NA,0.0049
MFS Mid Cap Value R2,0.56,0.0226,NA,NA
MFS Mid Cap Value R3,0.56,0.0024,0.0022,0.0068000000000000005
MFS Mid Cap Value R4,0.56,0.003,0.0028000000000000004,0.0077
MFS Mid Cap Value 529A Load Waived,0.56,0.0019,0.0018,0.0064
Fidelity Advisor Mid Cap Value A,1.73,0.0016,0.0016,0.0031
Fidelity Advisor Mid Cap Value B,1.73,NA,0.0001,0.0013
Fidelity Advisor Mid Cap Value C,1.73,NA,0.0002,0.0015
Fidelity Advisor Mid Cap Value T,1.73,0.001,0.0009,0.0023
Fidelity Advisor Mid Cap Value I,1.73,0.0026,0.0024,0.0038
Fidelity Advisor Mid Cap Value A LW,1.73,0.0016,0.0016,0.0031
Fidelity Mid Cap Value,1.73,0.0026,0.0023,0.0036
Vanguard Capital Value Inv,1.49,0.004,0.0019,0.006999999999999999
Buffalo Mid Cap,0.31,0.0031,0.001,0.0034999999999999996
Diamond Hill Small Cap A Load Waived,0.28,0.006,0.0028000000000000004,0.0044
Diamond Hill Small Cap I,0.28,0.0064,0.003,0.0051
Diamond Hill Small Cap A,0.28,0.006,0.0028000000000000004,0.0044
Diamond Hill Small Cap C,0.28,0.006500000000000001,0.003,0.0039000000000000003
Diamond Hill Small Cap Y,0.28,NA,NA,NA
Artisan International Small Cap Investor,0.4476,0.0015,0.0014000000000000002,0.0079
AllianceBern Intl Val A,0.52,0.0161,0.0106,0.0089
AllianceBern Intl Val B,0.52,0.0129,0.0078000000000000005,0.0067
AllianceBern Intl Val C,0.52,0.013000000000000001,0.0078000000000000005,0.0068000000000000005
AllianceBern Intl Val Adv,0.52,0.0167,0.0115,0.0096
Alliance International Adv,0.52,NA,0.0241,0.0252
Alliance International A,0.52,NA,0.0242,0.024900000000000002
Alliance International B,0.52,NA,0.026600000000000002,0.0259
Alliance International C,0.52,NA,0.0262,0.0259
AllianceBern Intl Val K,0.52,0.015300000000000001,0.010700000000000001,0.009000000000000001
AllianceBern Intl Val I,0.52,0.018799999999999997,0.0128,0.0104
AllianceBern Intl Val R,0.52,0.015600000000000001,0.0095,0.008199999999999999
AllianceBern Intl Val A Load Waived,0.52,0.0161,0.0106,0.0089
Alliance International A Load Waived,0.52,NA,0.0242,0.024900000000000002
Neuberger Berman Real Estate I,0.28,0.0078000000000000005,0.0086,NA
Neuberger Berman Real Estate A LW,0.28,0.0067,NA,NA
Neuberger Berman Real Estate C,0.28,0.0044,NA,NA
Neuberger Berman Real Estate A,0.28,0.0067,NA,NA
Neuberger Berman Real Estate R3,0.28,0.0062,NA,NA
Neuberger Berman Real Estate Tr,0.28,0.0073,0.008100000000000001,0.015600000000000001
Hartford SmallCap Growth HLS IB,0.62,NA,NA,0.003
Hartford SmallCap Growth HLS IA,0.62,NA,0.0001,0.0034000000000000002
JPMorgan Asia Equity A Load Waived,1.15,0.0011,0.0004,0.0027
JPMorgan Asia Equity A,1.15,0.0011,0.0004,0.0027
JP Morgan Fleming Asia Equity B,1.15,NA,NA,NA
JPMorgan Asia Equity Sel,1.15,0.0021,0.0009,0.0034999999999999996
JPMorgan Asia Equity Instl,1.15,0.0027,0.0013,0.004
Harbor Small Cap Value Instl,0.12,0.001,0.0013,0.0031
Harbor Small Cap Value Inv,0.12,NA,0.0001,0.0018
Harbor Small Cap Value Adm,0.12,0.0001,0.0004,0.0021
ING Index Plus LargeCap Port I,1.3,0.0054,0.006,0.0097
ING Index Plus LargeCap Port S,1.3,0.0045000000000000005,0.0051,0.0089
ING Baron Growth Portfolio S,0.14,NA,NA,0.0009
ING Baron Growth Portfolio I,0.14,NA,NA,0.0009
ING Baron Growth Portfolio ADV,0.14,NA,NA,0.0009
ING Baron Growth Portfolio S2,0.14,NA,NA,NA
ING T Rowe Pce Divers Mid Cap Gr Port S2,0.38,0.0011,0.0006,NA
ING T. Rowe Pce Divers Mid Cap Gr Port S,0.38,0.0005,0.0005,0.009300000000000001
ING T. Rowe Pce Diver MidCap Gr Port Adv,0.38,0.0005,0.0003,0.009300000000000001
ING T. Rowe Pce Divers Mid Cap Gr Port I,0.38,0.0013,0.0012,0.01
Fidelity International Small Cap,0.47,0.0085,0.0095,0.0131
Fidelity Advisor Intl Small Cap A,0.47,0.0073,0.0088,0.0125
Fidelity Advisor Intl Small Cap B,0.47,0.0031,0.006,0.0104
Fidelity Advisor Intl Small Cap C,0.47,0.0037,0.0066,0.010700000000000001
Fidelity Advisor Intl Small Cap I,0.47,0.0089,0.0097,0.0132
Fidelity Advisor Intl Small Cap T,0.47,0.0058,0.0078000000000000005,0.011699999999999999
Fidelity Advisor Intl Small Cap A LW,0.47,0.0073,0.0088,0.0125
Fidelity Advisor Real Estate A LW,0.63,0.0064,0.005699999999999999,0.0083
Fidelity Advisor Real Estate T,0.63,0.0059,0.005,0.0074
Fidelity Advisor Real Estate A,0.63,0.0064,0.005699999999999999,0.0083
Fidelity Advisor Real Estate B,0.63,0.0053,0.0038,0.0062
Fidelity Advisor Real Estate C,0.63,0.0052,0.0039000000000000003,0.0062
Fidelity Advisor Real Estate I,0.63,0.006999999999999999,0.0064,0.0092
TimesSquare Small Cap Growth Instl,0.44,0.0067,0.0022,0.0087
CIGNA TimesSquare Small Cap Gr Ret,0.44,0.004699999999999999,0.0028000000000000004,0.0027
TimesSquare Small Cap Growth Prem,0.44,0.0067,0.0022,0.0087
T. Rowe Price Instl Emerging Mkts Eq,0.243,0.0022,0.0027,0.0083
TIAA-CREF Large-Cap Gr Idx Instl,0.24,0.005,0.004699999999999999,0.0051
TIAA-CREF Large-Cap Gr Idx Retire,0.24,0.0042,0.0039000000000000003,0.0042
TIAA-CREF Large-Cap Value Idx Retire,0.27,0.013600000000000001,0.0086,0.0102
TIAA-CREF Large-Cap Value Idx Inst,0.27,0.0146,0.0095,0.011200000000000002
TIAA-CREF Small-Cap Blend Idx Inst,0.25,0.0088,0.0053,0.009399999999999999
TIAA-CREF Small-Cap Blend Idx Retire,0.25,0.0078000000000000005,0.0045000000000000005,0.0086
Alger SMid Cap Growth A Load Waived,0.6483,NA,NA,0.0005
Alger SMid Cap Growth I,0.6483,NA,NA,NA
Alger SMid Cap Growth Z,0.6483,NA,NA,NA
Alger SMid Cap Growth A,0.6483,NA,NA,0.0005
Alger SMid Cap Growth B,0.6483,NA,NA,0.0005
Alger SMid Cap Growth C,0.6483,NA,NA,0.0005
Pioneer Fundamental Growth R,0.16,NA,NA,NA
Pioneer Fundamental Growth Z,0.16,NA,NA,NA
Pioneer Fundamental Growth Y,0.16,0.004699999999999999,0.0066,NA
Pioneer Fundamental Growth A,0.16,0.0043,0.0064,0.0045000000000000005
Pioneer Fundamental Growth B,0.16,0.0043,0.0063,0.0045000000000000005
Pioneer Fundamental Growth C,0.16,0.0042,0.0062,0.0044
Pioneer Fundamental Growth A LW,0.16,0.0043,0.0064,0.0045000000000000005
JPMorgan Intrepid Value R5,0.72,0.0063,0.0054,0.0067
JPMorgan Intrepid Value A Load Waived,0.72,0.005,0.0042,0.0054
JPMorgan Intrepid Value A,0.72,0.005,0.0042,0.0054
JPMorgan Intrepid Value C,0.72,0.0034000000000000002,0.0026,0.0039000000000000003
JPMorgan Intrepid Value R2,0.72,0.0043,0.0034999999999999996,NA
JPMorgan Intrepid Value R6,0.72,0.0064,NA,NA
JPMorgan Intrepid Value Select,0.72,0.005600000000000001,0.0048,0.0060999999999999995
JPMorgan Intrepid Gr Sel,1.29,0.002,0.0027,0.0029
JPMorgan Intrepid Growth R2,1.29,0.0003,0.0013,NA
JPMorgan Intrepid Growth A,1.29,0.0009,0.0018,0.0021
JPMorgan Intrepid Growth C,1.29,NA,0.0003,0.0007000000000000001
JPMorgan Intrepid Growth A Load Waived,1.29,0.0009,0.0018,0.0021
JPMorgan Intrepid Growth R5,1.29,0.0027,0.0034000000000000002,0.0038
Franklin Intl Small Cap Growth A LW,0.1752,0.0132,0.0063,NA
Franklin Intl Small Cap Growth A,0.1752,0.0132,0.0063,NA
Franklin Intl Small Cap Growth C,0.1752,0.0102,0.0046,NA
Franklin Intl Small Cap Growth R,0.1752,0.0127,0.0059,NA
Franklin Intl Small Cap Growth Adv,0.1752,0.0141,0.0069,0.024399999999999998
Sterling Capital Special Opps Eq A LW,0.3151,0.0028000000000000004,0.0012,0.0049
Sterling Capital Special Opps Eq Inst,0.3151,0.0027,0.0012,0.0049
Sterling Capital Special Opps Eq C,0.3151,0.003,0.0013,0.005
Sterling Capital Special Opps Eq B,0.3151,0.0031,0.0013,0.0051
Sterling Capital Special Opps Eq A,0.3151,0.0028000000000000004,0.0012,0.0049
Sterling Capital Special Opps Eq R,0.3151,0.0027,NA,NA
Baron Partners Retail,0.1696,NA,NA,0.0034999999999999996
Baron Partners Instl,0.1696,NA,NA,NA
Eaton Vance Tax-Managed Global Div Inc A,1.01,0.0192,0.0195,0.0212
Eaton Vance Tax-Managed Global Div Inc B,1.01,0.0174,0.0176,0.019
Eaton Vance Tax-Managed Global Div Inc C,1.01,0.0168,0.017,0.0187
Eaton Vance Tax-Managed Global Div A LW,1.01,0.0192,0.0195,0.0212
Eaton Vance Tax-Managed Global Div Inc I,1.01,0.02,0.0204,NA
ING American Funds International Port,0.02,0.0060999999999999995,0.016,0.013600000000000001
Wells Fargo Advantage Equity Value A LW,0.9,0.0017000000000000001,0.0019,0.0062
Wells Fargo Advantage Equity Value Instl,0.9,0.0024,0.0032,0.0077
Wells Fargo Advantage Equity Value A,0.9,0.0017000000000000001,0.0019,0.0062
Wells Fargo Advantage Equity Value B,0.9,0.0004,0.0001,0.0038
Wells Fargo Advantage Equity Value C,0.9,0.0005,0.0004,0.0040999999999999995
Wells Fargo Advantage Equity Value Adm,0.9,0.0018,0.0024,0.0069
Wells Fargo Advantage Equity Value R,0.9,NA,NA,NA
Waddell & Reed Dividend Opps A,0.4,0.0043,0.0038,0.004
Waddell & Reed Dividend Opps B,0.4,0.0011,0.0006,0.0011
Waddell & Reed Dividend Opps C,0.4,0.0015,0.001,0.0014000000000000002
Waddell & Reed Dividend Opps Y,0.4,0.005699999999999999,0.0053,0.0054
Waddell & Reed Dividend Opps A LW,0.4,0.0043,0.0038,0.004
Optimum Large Cap Growth A,0.89,NA,NA,0.0008
Optimum Large Cap Growth B,0.89,NA,NA,0.0009
Optimum Large Cap Growth C,0.89,NA,NA,0.0009
Optimum Large Cap Growth Instl,0.89,NA,0.0002,0.001
Optimum Large Cap Growth A Load Waived,0.89,NA,NA,0.0008
Optimum Large Cap Value A Load Waived,0.57,0.0025,0.005,0.006
Optimum Large Cap Value A,0.57,0.0025,0.005,0.006
Optimum Large Cap Value B,0.57,0.0005,0.0029,0.0042
Optimum Large Cap Value C,0.57,0.0005,0.0028000000000000004,0.0040999999999999995
Optimum Large Cap Value Instl,0.57,0.0036,0.0062,0.006999999999999999
Lord Abbett Intl Core Equity A LW,0.62,0.0074,0.0045000000000000005,0.0111
Lord Abbett Intl Core Equity F,0.62,0.0087,0.005600000000000001,NA
Lord Abbett Intl Core Equity R2,0.62,0.0067,0.004,NA
Lord Abbett Intl Core Equity R3,0.62,0.0072,0.0046,NA
Lord Abbett Intl Core Equity A,0.62,0.0074,0.0045000000000000005,0.0111
Lord Abbett Intl Core Equity B,0.62,0.004699999999999999,0.0022,0.0088
Lord Abbett Intl Core Equity C,0.62,0.0048,0.0022,0.0085
Lord Abbett Intl Core Equity P,0.62,0.005600000000000001,0.0038,0.0108
Lord Abbett Intl Core Equity I,0.62,0.0089,0.0058,0.0124
Oppenheimer Real Estate N,1.46,0.003,0.0043,0.0067
Oppenheimer Real Estate A,1.46,0.0037,0.005,0.0073
Oppenheimer Real Estate B,1.46,0.0013,0.0031,0.0058
Oppenheimer Real Estate Y,1.46,0.005,0.006,0.0084
Oppenheimer Real Estate C,1.46,0.0012,0.0031,0.005699999999999999
Oppenheimer Real Estate A Load Waived,1.46,0.0037,0.005,0.0073
VP Goldman Sachs Mid Cap Value 2,0.76,NA,NA,NA
VP Goldman Sachs Mid Cap Value 1,0.76,NA,NA,NA
Domini Social Equity Inv,0.87,0.002,0.0018,0.0046
Domini Social Equity R,0.87,0.014199999999999999,0.010700000000000001,0.02
Domini Social Equity A Load Waived,0.87,0.0127,0.0095,NA
Domini Social Equity A,0.87,0.0127,0.0095,NA
Domini Social Equity Instl,0.87,0.006999999999999999,0.0053,NA
AllianceBern Tx-Mgd Wlth Appr Strat A,0.73,0.0048,0.0043,0.0049
AllianceBern Tx-Mgd Wlth Appr Strat Adv,0.73,0.006,0.0053,0.006
AllianceBern Tx-Mgd Wlth Appr Strat B,0.73,0.0014000000000000002,0.0015,0.002
AllianceBern Tx-Mgd Wlth Appr Strat C,0.73,0.0017000000000000001,0.0016,0.002
AllianceBern Tx-Mgd Wlth Appr Strat A LW,0.73,0.0048,0.0043,0.0049
T. Rowe Price Instl Small-Cap Stock,0.223,0.008100000000000001,0.0038,0.0078000000000000005
Vanguard Materials Index Adm,0.14,0.0032,0.0028000000000000004,0.0031
Vanguard Consumer Discretionary Idx Adm,0.07,0.0021,0.0016,0.0019
Vanguard Health Care Index Adm,0.09,0.0026,0.003,0.0027
Vanguard Financials Index Adm,0.1,0.0042,0.0034000000000000002,0.0043
Sit Dividend Growth I,0.1467,0.0066,0.0058,0.009300000000000001
Sit Dividend Growth S,0.1467,0.0058,0.005,0.0101
Principal SmallCap Value II R1,0.544,NA,0.0001,0.0089
Principal SmallCap Value II Inst,0.544,0.0016,0.0014000000000000002,0.0103
Principal SmallCap Value II R3,0.544,NA,0.0001,0.0088
Principal SmallCap Value II R2,0.544,NA,0.0002,0.0089
Principal SmallCap Value II R5,0.544,0.0006,0.0007000000000000001,0.0096
Principal SmallCap Value II R4,0.544,0.0006,0.0006,0.009399999999999999
Principal SmallCap Value II J,0.544,NA,NA,NA
Hansberger International Growth Inst,0.62,0.0054,0.004,0.006999999999999999
Hansberger International Growth Adv,0.62,0.0045000000000000005,0.0033,0.0064
ING Invesco VanKampen Gr & Inc Port I,0.19,0.005,0.0036,0.012199999999999999
ING Invesco VanKampen Gr and Inc Port S2,0.19,0.0037,0.0028000000000000004,0.010700000000000001
ING Invesco VanKampen Gr and Inc Port S,0.19,0.0040999999999999995,0.0031,0.011200000000000002
ING Invesco VanKampen Gr & Inc Port Adv,0.19,0.0040999999999999995,0.0028000000000000004,0.0095
GuideStone Funds Agrsv Allocation GS4,0.09,0.006,0.0048,0.013000000000000001
GuideStone Funds Agrsv Allocation GS6,0.09,0.042800000000000005,0.030600000000000002,0.0216
GuideStone Funds Global Equity GS8,0.09,0.0163,NA,NA
Schroder North American Equity Adv,0.72,0.0040999999999999995,0.0034999999999999996,0.0098
Schroder North American Equity Inv,0.72,0.0053,0.0044,0.0108
CRM Small/Mid Cap Value Inst,0.97,0.0167,0.0059,0.0074
CRM Small/Mid Cap Value Inv,0.97,0.0169,0.005699999999999999,0.006999999999999999
CRM Small/Mid Cap Value Adv,0.97,NA,NA,NA
Transamerica UBS Large Cap Value I2,0.56,0.009300000000000001,0.0075,0.0072
Transamerica UBS Large Cap Value A,0.56,NA,NA,NA
Champlain Small Company Adv,0.38,0.0129,0.0043,0.008
Franklin Templeton Corefolio Allc A LW,0.025,0.0034999999999999996,0.0039000000000000003,0.0053
Franklin Templeton Corefolio Allc C,0.025,0.0009,0.0016,0.0028000000000000004
Franklin Templeton Corefolio Allc R,0.025,0.0026,0.0032,0.0045000000000000005
Franklin Templeton Corefolio Allc Adv,0.025,0.0046,0.0048,0.0063
Franklin Templeton Corefolio Allc A,0.025,0.0034999999999999996,0.0039000000000000003,0.0053
Franklin Templeton Corefolio Allc B,0.025,0.0009,0.0014000000000000002,0.0025
SEI Instl Mgd US Managed Volatility I,0.71,0.0040999999999999995,0.0040999999999999995,NA
SEI Instl Mgd US Managed Volatility A,0.71,0.005,0.0049,0.006500000000000001
JHVIT American International Tr Ser I,0.09,0.0055000000000000005,0.004699999999999999,0.0166
JHVIT American International Tr Ser II,0.09,0.0049,0.0042,0.016
JHVIT American International Tr Ser III,0.09,0.0068000000000000005,0.0059,NA
AllianceBernstein Rel Est Invmt Inst II,0.66,0.0173,0.015,0.0165
AllianceBern Global Real Estate Instl,0.66,0.009899999999999999,0.0182,0.0236
Northern Mid Cap Index,0.1207,0.0031,0.0034000000000000002,0.0073
ING Value Choice A Load Waived,0.66,0.0184,0.0085,0.009300000000000001
ING Value Choice A,0.66,0.0184,0.0085,0.009300000000000001
ING Value Choice B,0.66,0.0166,0.006,0.0069
ING Value Choice C,0.66,0.0163,0.0066,0.0072
ING Value Choice I,0.66,0.0194,0.009300000000000001,0.0102
ING Value Choice O,0.66,0.018799999999999997,0.0088,NA
ING Value Choice W,0.66,0.018000000000000002,0.0086,NA
BlackRock All-Cap Engy & Res Invest A LW,0.22,NA,0.0011,0.0069
BlackRock All-Cap Engy & Res Investor A,0.22,NA,0.0011,0.0069
BlackRock All-Cap Engy & Res Investor B,0.22,NA,NA,0.0060999999999999995
BlackRock All-Cap Engy & Res Investor C,0.22,NA,NA,0.006
BlackRock All-Cap Engy & Res Inst,0.22,NA,0.0018,0.0075
BlackRock All-Cap Engy & Res Service,0.22,NA,0.0012,0.006999999999999999
JHancock Global Opportunities A,1.36,0.0015,0.0063,0.0104
JHancock Global Opportunities B,1.36,0.0011,0.004699999999999999,0.0087
JHancock Global Opportunities C,1.36,0.0011,0.0048,0.0087
JHancock Global Opportunities I,1.36,0.0023,0.0072,0.0113
JHancock Global Opportunities A LW,1.36,0.0015,0.0063,0.0104
JHancock Global Opportunity NAV,1.36,0.0025,0.0076,NA
JHancock Global Opportunities R2,1.36,NA,NA,NA
JHancock Global Opportunities R6,1.36,NA,NA,NA
ING Pioneer Mid Cap Value Port S,0.88,0.0048,0.0039000000000000003,0.009300000000000001
ING Pioneer Mid Cap Value Port Adv,0.88,0.0037,0.0034999999999999996,0.0089
ING InvTr Pioneer Mid Cap Value Port I,0.88,0.005699999999999999,0.004699999999999999,0.0103
ING Pioneer Mid Cap Value Port S2,0.88,0.0049,0.0034000000000000002,0.0079
ING MFS Utilities Port S,0.52,0.0121,0.0128,0.0178
ING MFS Utilities Port S2,0.52,0.0118,0.013000000000000001,0.0168
ING MFS Utilities Port Adv,0.52,0.011699999999999999,0.0124,0.0171
ING MFS Utilities Port I,0.52,0.0129,0.013600000000000001,0.018600000000000002
Oppenheimer Equity Inv A Load Waived,0.05,0.0027,0.0026,0.0060999999999999995
Oppenheimer Equity Inv A,0.05,0.0027,0.0026,0.0060999999999999995
Oppenheimer Equity Inv B,0.05,NA,0.0009,0.0044
Oppenheimer Equity Inv C,0.05,NA,0.0009,0.0044
Oppenheimer Equity Inv N,0.05,0.0018,0.0019,0.0054
Oppenheimer Equity Inv Y,0.05,0.004,0.004,0.0076
Victory Inst Diversified Stock,0.87,0.0043,0.0045000000000000005,0.0074
William Blair Emerging Mkts Growth I,1.04,0.0226,0.009899999999999999,0.0183
William Blair Emerging Mkts Growth Instl,1.04,0.0233,0.0105,0.0187
William Blair Emerging Mkts Growth N,1.04,0.0216,0.0091,0.0177
Parnassus Small-Cap,0.395,0.005,0.0038,0.0029
Thrivent Aggressive Allocation A LW,0.72,0.0008,0.0008,0.0039000000000000003
Thrivent Aggressive Allocation Inst,0.72,0.0013,0.0013,0.0044
Thrivent Aggressive Allocation A,0.72,0.0008,0.0008,0.0039000000000000003
IronBridge Frontegra SMID Instl,0.54,0.0049,0.0022,0.0060999999999999995
IronBridge Frontegra SMID Y,0.54,NA,NA,NA
Cambiar Small Cap Inv,0.85,0.0095,0.0032,0.0051
Cambiar Small Cap Instl,0.85,0.009399999999999999,0.0032,NA
Hartford Capital Appreciation II A,1.4,NA,NA,0.0044
Hartford Capital Appreciation II B,1.4,NA,NA,0.0046
Hartford Capital Appreciation II C,1.4,NA,NA,0.0045000000000000005
Hartford Capital Appreciation II Y,1.4,NA,NA,0.0044
Hartford Capital Appreciation II A LW,1.4,NA,NA,0.0044
Hartford Capital Appreciation II I,1.4,NA,NA,0.0044
Hartford Capital Appreciation II R3,1.4,NA,NA,0.0044
Hartford Capital Appreciation II R4,1.4,NA,NA,0.0044
Hartford Capital Appreciation II R5,1.4,NA,NA,0.0044
Invesco Global Real Estate A LW,0.54,0.0055000000000000005,0.0104,0.0129
Invesco Global Real Estate A,0.54,0.0055000000000000005,0.0104,0.0129
Invesco Global Real Estate B,0.54,0.003,0.008,0.0105
Invesco Global Real Estate C,0.54,0.0029,0.0078000000000000005,0.0103
Invesco Global Real Estate R,0.54,0.0046,0.0095,0.012
Invesco Global Real Estate Instl,0.54,0.0075,0.012199999999999999,0.0147
Invesco Global Real Estate Y,0.54,0.0064,0.011200000000000002,NA
Columbia Large Growth Quantitative Z,0.57,0.0344,NA,NA
Columbia Large Growth Quantitative A,0.57,0.0331,0.016399999999999998,0.010700000000000001
Columbia Large Growth Quantitative B,0.57,0.032400000000000005,0.0148,0.0091
Columbia Large Growth Quantitative C,0.57,0.0315,0.0146,0.009000000000000001
Columbia Large Growth Quantitative I,0.57,0.0347,0.0176,0.0116
Columbia Large Growth Quantitative R,0.57,0.0323,0.015300000000000001,0.0095
RiverSource Disciplined Large Cap Gr R3,0.57,0.0008,0.0014000000000000002,NA
Columbia Large Growth Quantitative R4,0.57,0.0338,0.0166,0.0108
RiverSource Disciplined Large Cap Gr R5,0.57,0.0022,0.0023,NA
Columbia Large Growth Quantitative A LW,0.57,0.0331,0.016399999999999998,0.010700000000000001
Columbia Large Growth Quantitative W,0.57,0.032799999999999996,0.016200000000000003,NA
Transamerica Large Cap Value I2,1,0.004699999999999999,0.0046,0.0063
ASTON/River Road Dividend All Cap Val N,0.2465,0.0098,0.0088,0.0126
ASTON/River Road Dividend All Cap Val I,0.2465,0.0106,0.0097,NA
MainStay Growth Equity Inv,1.12,NA,0.0006,NA
MainStay Growth Equity A Load Waived,1.12,NA,0.0008,0.0007000000000000001
MainStay Growth Equity A,1.12,NA,0.0008,0.0007000000000000001
MainStay Growth Equity B,1.12,NA,NA,0.0002
MainStay Growth Equity C,1.12,NA,NA,0.0002
MainStay Growth Equity I,1.12,NA,0.001,0.0012
Intrepid Small Cap,0.88,0.0269,0.0206,0.0167
Intrepid Small Cap Instl,0.88,0.0268,NA,NA
JHFunds2 All Cap Value 1,0.59,0.016,0.011000000000000001,0.0218
JHFunds2 All Cap Value NAV,0.59,0.016200000000000003,0.011200000000000002,0.022099999999999998
JHancock2 Natural Resources 1,0.85,0.0288,0.0109,0.024399999999999998
JHancock2 Natural Resources NAV,0.85,0.0291,0.011200000000000002,0.024700000000000003
JHancock2 Natural Resources A,0.85,0.0271,NA,NA
JHancock2 Natural Resources I,0.85,0.0282,NA,NA
JHancock2 Natural Resources A LW,0.85,0.0271,NA,NA
JHancock2 Natural Resources R6,0.85,NA,NA,NA
JHFunds2 Mid Cap Stock 1,1.2,0.0072,0.0024,0.0048
JHFunds2 Mid Cap Stock NAV,1.2,0.0072,0.0024,0.0049
JHFunds2 Mid Cap Index NAV,0.23,0.008,0.0060999999999999995,0.009300000000000001
JHFunds2 Intl Equity Index NAV,0.08,0.01,0.0098,0.01
Weitz Partners III Opportunity Instl,0.44,0.0036,0.0012,0.0028000000000000004
Weitz Partners III Opportunity Investor,0.44,NA,NA,NA
Matthews India Investor,0.0351,0.0016,0.0021,0.0060999999999999995
Matthews India Instl,0.0351,0.0016,NA,NA
Rainier Mid Cap Equity,1.2786,NA,NA,0.002
Rainier Mid Cap Equity I,1.2786,NA,0.0001,0.002
VALIC Company I Foreign Value,0.25,0.0044,0.0034999999999999996,0.011699999999999999
VALIC Company I Emerg Economies,1.31,0.0016,0.0015,0.0127
VALIC Company I Growth,0.95,0.0011,0.002,0.0012
William Blair International Sm Cap Gr N,0.85,0.0037,0.0014000000000000002,0.0045000000000000005
William Blair International Sm Cap Gr I,0.85,0.0051,0.0023,0.0053
William Blair Intl Small Cap Gr Instl,0.85,0.0058,0.0029,0.005600000000000001
BlackRock Global Dynamic Equity Inv A LW,0.37,0.009399999999999999,0.0052,0.0063
BlackRock Global Dynamic Equity Inv A,0.37,0.009399999999999999,0.0052,0.0063
BlackRock Global Dynamic Equity Inv B,0.37,0.005699999999999999,0.002,0.0032
BlackRock Global Dynamic Equity Inv C,0.37,0.0063,0.0025,0.0037
BlackRock Global Dynamic Equity Instl,0.37,0.0104,0.0060999999999999995,0.0073
BlackRock Global Dynamic Equity R,0.37,0.0073,0.0038,0.0051
JHFunds2 All Cap Core NAV,1.97,0.0039000000000000003,0.0037,0.0075
Artisan Value Fund Investor Shares,0.7836,0.0029,0.0024,0.008100000000000001
Artisan Value Institutional,0.7836,NA,NA,NA
Northern Multi-Manager Mid Cap,0.5453,0.0053,0.0022,0.0040999999999999995
Nuveen Tradewinds Global All-Cap R3,0.58,0.0207,0.0089,NA
Nuveen Tradewinds Global All-Cap A,0.58,0.0217,0.0097,0.0147
Nuveen Tradewinds Global All-Cap B,0.58,0.0199,0.008,0.0128
Nuveen Tradewinds Global All-Cap C,0.58,0.0191,0.0077,0.0126
Nuveen Tradewinds Global All-Cap I,0.58,0.0226,0.0105,0.015600000000000001
Nuveen Tradewinds Global All-Cap A LW,0.58,0.0217,0.0097,0.0147
Northern Global Real Estate Index,0.050199999999999995,0.0086,0.0085,0.0101
GMO International Opp Equity Allc III,0.26,0.0098,0.008199999999999999,0.0175
American Century NT Growth Institutional,0.95,0.0063,0.0034000000000000002,0.004699999999999999
American Century NT Large Company Val I,0.47,0.006500000000000001,0.0062,0.0077
American Century NT Equity Growth Instl,0.84,0.0127,0.0073,0.0068000000000000005
Goldman Sachs Small/Mid Cap Growth R,0.53,0.0076,0.0034999999999999996,NA
Goldman Sachs Small/Mid Cap Growth IR,0.53,0.0074,0.0034999999999999996,NA
Goldman Sachs Small/Mid Cap Growth A,0.53,0.0075,0.0034999999999999996,0.005
Goldman Sachs Small/Mid Cap Growth B,0.53,0.0083,0.0038,0.0052
Goldman Sachs Small/Mid Cap Growth C,0.53,0.008,0.0037,0.0051
Goldman Sachs Small/Mid Cap Growth I,0.53,0.0073,0.0034000000000000002,0.0049
Goldman Sachs Small/Mid Cap Growth S,0.53,0.0076,0.0036,0.005
Goldman Sachs Small/Mid Cap Growth A LW,0.53,0.0075,0.0034999999999999996,0.005
JHVIT US Equity Series I,0.35,NA,NA,NA
JHVIT US Equity Series II,0.35,NA,NA,NA
JHVIT US Equity Series NAV,0.35,0.005600000000000001,0.0048,0.0074
Cohen & Steers Instl Global Realty,1.01,0.005699999999999999,0.0148,0.0126
Marsico Flexible Capital,2.31,0.0007000000000000001,0.003,0.0062
Dreyfus Global Stock A,0.08539999999999999,0.0034000000000000002,0.0019,0.002
Dreyfus Global Stock C,0.08539999999999999,0.0024,0.0011,0.0012
Dreyfus Global Stock I,0.08539999999999999,0.0039000000000000003,0.0023,0.002
Dreyfus Global Stock T,0.08539999999999999,0.026699999999999998,NA,NA
Dreyfus Global Stock A Load Waived,0.08539999999999999,0.0034000000000000002,0.0019,0.002
Oakmark Global Select I,0.49,NA,0.0007000000000000001,0.006999999999999999
Wells Fargo Advantage Emerging Gr A,0.59,NA,NA,NA
Wells Fargo Advantage Emerging Gr C,0.59,NA,NA,NA
Wells Fargo Advantage Emerging Gr Instl,0.59,NA,NA,NA
Wells Fargo Advantage Emerging Gr A LW,0.59,NA,NA,NA
Wells Fargo Advantage Emerging Gr Inv,0.59,NA,NA,0.0006
Wells Fargo Advantage Emerging Gr Adm,0.59,NA,NA,0.0006
Calamos International Growth A LW,0.596,NA,NA,0.0014000000000000002
Calamos International Growth A,0.596,NA,NA,0.0014000000000000002
Calamos International Growth B,0.596,NA,NA,0.0011
Calamos International Growth C,0.596,NA,NA,0.0011
Calamos International Growth I,0.596,NA,0.0002,0.0016
Calamos International Growth R,0.596,NA,NA,0.0012
SEI Instl Mgd Global Mgd Volatility I,0.68,NA,0.0003,NA
SEI Instl Mgd Global Mgd Volatility A,0.68,NA,0.0004,0.0024
JHVIT Emerging Markets Value Tr Ser NAV,0.18,0.0301,0.0148,0.0137
JHVIT Emerging Markets Value Tr Ser I,0.18,0.0298,0.0146,0.013500000000000002
JHVIT Mutual Shares Trust Ser NAV,0.38,0.0037,0.0043,0.0055000000000000005
JHVIT Mutual Shares Trust Ser I,0.38,0.0034999999999999996,0.0040999999999999995,NA
E.I.I. Global Property Institutional,0.18,0.011399999999999999,0.0075,0.0067
Schwab Fdmtl US Small Mid Co Idx TM Inv,0.35,0.0032,NA,NA
Schwab Fdmtl US Small Mid Co Idx TM Sel,0.35,0.0039000000000000003,NA,NA
Schwab Fdmtl US Sm Mid Co Idx,0.35,0.0183,0.0123,0.0088
DWS RREEF Global Real Estate Secs M,1.13,NA,NA,NA
DWS RREEF Global Real Estate Secs A LW,1.13,0.0127,0.0197,0.0144
DWS RREEF Global Real Estate Secs A,1.13,0.0127,0.0197,0.0144
DWS RREEF Global Real Estate Secs C,1.13,0.0098,0.017,0.011899999999999999
DWS RREEF Global Real Estate Secs I,1.13,0.0141,0.021,0.015600000000000001
DWS RREEF Global Real Estate Secs S,1.13,0.0127,0.0202,0.0151
Lazard Intl Strategic Equity Instl,0.53,0.0051,0.0054,0.0097
Lazard Intl Strategic Equity Open,0.53,0.0029,0.0034999999999999996,0.008
Northern Multi-Manager Lg Cap,0.3943,0.0067,0.0037,NA
PIMCO StocksPLUS Long Duration Instl,2.76,0.0174,0.0463,NA
Principal Global Real Estate Sec A,0.7879999999999999,0.0079,0.0109,NA
Principal Global Real Estate Sec C,0.7879999999999999,0.006,0.009000000000000001,NA
Principal Global Real Estate Sec Inst,0.7879999999999999,0.0092,0.011699999999999999,NA
Principal Global Real Estate Sec A LW,0.7879999999999999,0.0079,0.0109,NA
Principal Global Real Estate Sec P,0.7879999999999999,0.0086,NA,NA
T. Rowe Price Instl US Structured Rsrch,0.478,0.005699999999999999,0.0044,NA
Vanguard Mega Cap 300 Index Instl,0.08,0.0032,0.0032,NA
Vanguard Mega Cap 300 Gr Index Instl,0.26,0.0021,0.0021,NA
RBB Free Market Intl Equity Instl,0.04,0.009899999999999999,0.0063,NA
RBB Free Market US Equity Instl,0.09,0.0032,0.0023,NA
ING Russell Small Cap Index Port Adv,0.15,0.009399999999999999,0.0044,NA
ING Russell Small Cap Index Port I,0.15,0.0104,0.005,NA
ING Russell Small Cap Index Port S,0.15,0.0096,0.0044,NA
ING Russell Small Cap Index Port S2,0.15,0.0101,0.0046,NA
ING Russell Large Cap Index Port S2,0.09,0.0073,0.004,NA
ING Russell Large Cap Index Port Adv,0.09,0.0064,0.0070999999999999995,NA
ING Russell Large Cap Index Port I,0.09,0.008100000000000001,0.0083,NA
ING Russell Large Cap Index Port S,0.09,0.0073,0.0077,NA
TIAA-CREF Enh Intl Eq Idx Inst,0.92,0.0109,0.0091,NA
TIAA-CREF Enh Lg Cp Val Idx Inst,1.14,0.0154,0.0097,NA
TIAA-CREF Enh Lg Cp Gr Idx Inst,1.21,0.0253,0.015300000000000001,NA
Thrivent Partner Worldwide Allocation A,1.01,0.0014000000000000002,0.0017000000000000001,NA
Thrivent Partner Worldwide Allocation I,1.01,0.0017000000000000001,0.002,NA
Thrivent Partner Worldwide Allocati A LW,1.01,0.0014000000000000002,0.0017000000000000001,NA
Artisan Emerging Markets Adv,0.3086,0.0025,0.0023,NA
Artisan Emerging Markets Inst,0.3086,0.0036,0.0032,0.0043
JHVIT Alpha Opportunities Trust Ser I,1.57,0.0462,NA,NA
JHVIT Alpha Opportunities Trust Ser NAV,1.57,0.0463,0.0313,NA
Northern Multi-Manager Glbl Real Estate,0.6416,0.0143,0.015300000000000001,NA
Columbia Recovery and Infra A,0.17,0.0143,0.0068000000000000005,NA
Columbia Recovery and Infra B,0.17,0.0152,0.0066,NA
Columbia Recovery and Infra C,0.17,0.0146,0.0064,NA
Columbia Recovery and Infra I,0.17,0.0144,0.0072,NA
Columbia Recovery and Infra R,0.17,0.0144,0.0067,NA
RiverSource Recovery and Infra R3,0.17,0.0012,NA,NA
Columbia Recovery and Infra R4,0.17,0.0143,0.0068000000000000005,NA
Columbia Recovery and Infra R5,0.17,0.0144,0.0070999999999999995,NA
Columbia Recovery and Infra A LW,0.17,0.0143,0.0068000000000000005,NA
Columbia Recovery and Infra Z,0.17,0.0143,NA,NA
Fidelity Advisor Global Cmdty Stk B,0.71,NA,0.0005,NA
Fidelity Advisor Global Cmdty Stk C,0.71,NA,0.0009,NA
Fidelity Advisor Global Cmdty Stk T,0.71,0.0006,0.0016,NA
Fidelity Advisor Global Cmdty Stk I,0.71,0.0026,0.0029,NA
Fidelity Global Cmdty Stk,0.71,0.0024,0.0028000000000000004,NA
Fidelity Advisor Global Cmdty Stk A,0.71,0.0016,0.0023,NA
Fidelity Advisor Global Cmdty Stk A LW,0.71,0.0016,0.0023,NA
Nuveen Winslow Large-Cap Growth A LW,0.47,NA,0.0008,NA
Nuveen Winslow Large-Cap Growth A,0.47,NA,0.0008,NA
Nuveen Winslow Large-Cap Growth C,0.47,NA,0.0008,NA
Nuveen Winslow Large-Cap Growth R3,0.47,NA,0.0008,NA
Nuveen Winslow Large-Cap Growth I,0.47,NA,0.0008,NA
JHancock2 Technical Opportunities NAV,3.61,0.01,NA,NA
JHancock2 Technical Opportunities A,3.61,0.0101,NA,NA
JHancock2 Technical Opportunities I,3.61,0.01,NA,NA
JHancock2 Technical Opportunities A LW,3.61,0.0101,NA,NA
BNY Mellon Small/Mid Cap M,1.0781,0.0039000000000000003,NA,NA
BNY Mellon Small/Mid Cap Inv,1.0781,0.0036,NA,NA
ING Euro STOXX 50 Index Port ADV,0.34,0.0118,NA,NA
ING Euro STOXX 50 Index Port I,0.34,0.015700000000000002,NA,NA
Fidelity Series Global ex US Index,0.17,0.0068000000000000005,NA,NA
Akre Focus Retail,0.25,0.0004,NA,NA
Akre Focus Inst,0.25,0.0009,NA,NA
AQR International Equity N,0.6,0.0079,NA,NA
AQR International Equity I,0.6,0.0101,NA,NA
AQR International Equity Y,0.6,0.0108,0.0075,0.0045000000000000005
Principal International Equity Index R3,0.314,0.008,NA,NA
Principal International Equity Index R5,0.314,0.0087,NA,NA
Principal International Equity Index R4,0.314,0.0086,NA,NA
Principal International Eq Index Instl,0.314,0.009399999999999999,NA,NA
Principal International Equity Index R1,0.314,0.0074,NA,NA
Principal International Equity Index R2,0.314,0.0026,NA,NA
SteelPath MLP Select 40 A,0.1,0.016200000000000003,NA,NA
SteelPath MLP Select 40 I,0.1,0.0161,NA,NA
SteelPath MLP Select 40 Y,0.1,0.0161,NA,NA
SteelPath MLP Select 40 A Load Waived,0.1,0.016200000000000003,NA,NA
SteelPath MLP Select 40 C,0.1,0.0163,NA,NA
SteelPath MLP Alpha C,0.14,0.0163,NA,NA
SteelPath MLP Alpha A,0.14,0.016200000000000003,NA,NA
SteelPath MLP Alpha I,0.14,0.0161,NA,NA
SteelPath MLP Alpha A Load Waived,0.14,0.016200000000000003,NA,NA
Strategic Advisers US Opportunity II,1.12,0.0036,0.0032,0.0048
Strategic Advisers International II,0.38,0.0066,0.0060999999999999995,0.0089
Vanguard Russell 1000 Growth Index Instl,0.3,0.0021,NA,NA
Russell Global Infrastructure Y,1.45,0.0097,NA,NA
Russell Global Infrastructure S,1.45,0.0092,NA,NA
Russell Global Infrastructure E,1.45,0.0083,NA,NA
Russell Global Infrastructure C,1.45,0.0060999999999999995,NA,NA
Russell Global Infrastructure A,1.45,0.0084,NA,NA
Russell Global Infrastructure A LW,1.45,0.0084,NA,NA
ASTON/River Road Independent Value N,1.0569,0.0038,NA,NA
ASTON/River Road Independent Value I,1.0569,NA,NA,NA
Center Coast MLP Focus A Load Waived,0.12,0.0163,NA,NA
Center Coast MLP Focus A,0.12,0.0163,NA,NA
Center Coast MLP Focus C,0.12,0.0166,NA,NA
Center Coast MLP Focus Instl,0.12,0.016399999999999998,NA,NA
PIMCO EqS Emerging Markets Instl,0.41,0.0012,NA,NA
PIMCO EqS Emerging Markets P,0.41,0.0012,NA,NA
PIMCO EqS Emerging Markets Admin,0.41,0.0004,NA,NA
PIMCO EqS Emerging Markets D,0.41,0.0012,NA,NA
PIMCO EqS Emerging Markets A,0.41,0.0005,NA,NA
PIMCO EqS Emerging Markets C,0.41,0.0004,NA,NA
PIMCO EqS Emerging Markets R,0.41,0.0004,NA,NA
PIMCO EqS Emerging Markets A LW,0.41,0.0005,NA,NA
GMO Emerging Domestic Opportunities VI,4.59,NA,NA,NA
GMO Emerging Domestic Opportunities V,4.59,NA,NA,NA
GMO Emerging Domestic Opportunities IV,4.59,NA,NA,NA
GMO Emerging Domestic Opportunities II,4.59,0.0016,NA,NA
JHancock2 Fundamental Large Cap Val NAV,0.05,NA,NA,NA
JHancock2 Fundamental Large Cap Value A,0.05,0.0023,NA,NA
JHancock2 Fundamental Large Cap Value I,0.05,0.0032,NA,NA
JHancock2 Fundamental Large Cap Val A LW,0.05,0.0023,NA,NA
Fidelity Series Real Estate Income,NA,NA,NA,NA
Fidelity Series Real Estate Income F,NA,NA,NA,NA
Fidelity Series Real Estate Equity,NA,NA,NA,NA
Fidelity Series Real Estate Equity F,NA,NA,NA,NA
JHancock3 Strategic Growth A,0.26,NA,NA,NA
JHancock3 Strategic Growth I,0.26,NA,NA,NA
JHancock3 Strategic Growth NAV,0.26,NA,NA,NA
JHancock3 Strategic Growth A LW,0.26,NA,NA,NA
Active Port® Diversified Equity Income A,NA,NA,NA,NA
Active Port® Select Large Cap Growth A,NA,NA,NA,NA
DWS Capital Growth AARP,0.48,NA,NA,NA
DWS Capital Growth S,0.48,0.0022,0.002,0.0021
Scudder Capital Growth I,0.48,NA,NA,NA
DWS Capital Growth A,0.48,0.0013,0.0011,0.0011
DWS Capital Growth C,0.48,NA,NA,NA
DWS Capital Growth B,0.48,NA,NA,0.0002
DWS Capital Growth Inst,0.48,0.0025,0.0023,0.0024
DWS Capital Growth R,0.48,0.0004,0.0003,0.0002
DWS Capital Growth A Load Waived,0.48,0.0013,0.0011,0.0011
Thrivent Large Cap Stock A,1.46,0.001,0.0008,0.005600000000000001
Thrivent Large Cap Stock I,1.46,0.0018,0.0015,0.0063
Thrivent Large Cap Stock B,1.46,NA,0.0104,0.0127
Thrivent Large Cap Stock A Load Waived,1.46,0.001,0.0008,0.005600000000000001
American Beacon Intl Equity Adv,0.33,0.0102,0.0046,0.011899999999999999
American Beacon Intl Equity AMR,0.33,0.014199999999999999,0.0124,0.0177
American Beacon Intl Equity Inv,0.33,0.0118,0.009399999999999999,0.0151
American AAdvantage Intl Equity Milg,0.33,NA,NA,NA
American Beacon Intl Equity Instl,0.33,0.013300000000000001,0.011000000000000001,0.016399999999999998
American Beacon Intl Equity R,0.33,NA,0.0015,NA
American Beacon Intl Equity Y,0.33,0.0125,NA,NA
American Beacon Intl Equity A,0.33,0.013300000000000001,NA,NA
American Beacon Intl Equity C,0.33,0.015300000000000001,NA,NA
American Beacon Intl Equity A LW,0.33,0.013300000000000001,NA,NA
Amana Trust Income,0.03,0.0031,0.0027,0.0032
TCW Galileo Small Cap Growth K,0.9347,NA,NA,NA
TCW Small Cap Growth N,0.9347,NA,NA,NA
TCW Small Cap Growth I,0.9347,NA,NA,NA
SEI Instl Mgd Large Cap Growth A,1.08,0.0006,0.0015,0.0016
SEI Instl Mgd Large Cap Growth I,1.08,NA,0.0008,0.0008
USAA S&P 500 Index Reward,0.03,0.006999999999999999,0.006999999999999999,0.0073
USAA S&P 500 Index Member,0.03,0.0066,0.006500000000000001,0.0068000000000000005
DWS Equity 500 Index Inst,0.03,0.006999999999999999,0.0068000000000000005,0.0072
DWS Equity 500 Index S,0.03,0.0068000000000000005,0.006500000000000001,0.0069
MFS International Value R1,0.24,0.0051,0.0031,NA
MFS International Value R2,0.24,0.0048,0.0040999999999999995,NA
MFS International Value R3,0.24,0.0058,0.0044,NA
MFS International Value R4,0.24,0.0062,0.004699999999999999,NA
MFS International Value R5,0.24,0.0059,0.0045000000000000005,0.011200000000000002
MFS International Value A Load Waived,0.24,0.0052,0.0040999999999999995,0.0106
MFS International Value I,0.24,0.0059,0.0045000000000000005,0.011000000000000001
MFS International Value C,0.24,0.0033,0.0022,0.0092
MFS International Value A,0.24,0.0052,0.0040999999999999995,0.0106
MFS International Value B,0.24,0.0033,0.0015,0.0086
AllianceBern Large Cap Growth C,1.58,NA,NA,NA
AllianceBern Large Cap Growth B,1.58,NA,NA,NA
AllianceBern Large Cap Growth A,1.58,NA,NA,NA
AllianceBern Large Cap Growth A LW,1.58,NA,NA,NA
AllianceBern Large Cap Growth I,1.58,NA,NA,NA
AllianceBern Large Cap Growth K,1.58,NA,NA,NA
AllianceBern Large Cap Growth R,1.58,NA,NA,NA
AllianceBern Large Cap Growth Adv,1.58,NA,NA,NA
Ariel Investor,0.29,0.0007000000000000001,0.0003,0.0043
Ariel Institutional,0.29,NA,NA,NA
Invesco Van Kampen American Value A,0.28,0.0011,0.0013,0.0106
Invesco Van Kampen American Value I,0.28,0.0027,NA,NA
Invesco Van Kampen American Value C,0.28,NA,0.0002,0.0101
Invesco Van Kampen American Value B,0.28,0.0011,0.0011,0.0113
Invesco Van Kampen American Value A LW,0.28,0.0011,0.0013,0.0106
Invesco Van Kampen American Value Y,0.28,0.0019,0.0022,0.0115
Invesco Van Kampen American Value R,0.28,0.0002,0.0006,0.0098
Lord Abbett Fundamental Equity C,0.56,0.0036,0.0012,0.0032
Lord Abbett Fundamental Equity B,0.56,0.0037,0.0012,0.0032
Lord Abbett Fundamental Equity A LW,0.56,0.004,0.0017000000000000001,0.0044
Lord Abbett Fundamental Equity I,0.56,0.0053,0.0029,0.005699999999999999
Lord Abbett Fundamental Equity A,0.56,0.004,0.0017000000000000001,0.0044
Lord Abbett Fundamental Equity P,0.56,0.0036,0.0014000000000000002,0.0040999999999999995
Lord Abbett Fundamental Equity F,0.56,0.005,0.0027,NA
Lord Abbett Fundamental Equity R2,0.56,0.0036,0.0016,NA
Lord Abbett Fundamental Equity R3,0.56,0.004,0.0016,NA
Baron Asset Retail,0.2389,0.0222,0.008199999999999999,0.008
Baron Asset Instl,0.2389,0.022099999999999998,0.008100000000000001,NA
Mutual Beacon A,0.5138,0.0095,0.0091,0.0105
Mutual Beacon B,0.5138,0.005,0.0036,0.0068000000000000005
Mutual Beacon Z,0.5138,0.010700000000000001,0.0106,0.0116
Mutual Beacon R,0.5138,0.009300000000000001,NA,NA
Mutual Beacon C,0.5138,0.0069,0.0055000000000000005,0.0079
Mutual Beacon A Load Waived,0.5138,0.0095,0.0091,0.0105
American Century Equity Growth Inv,0.74,0.0051,0.0045000000000000005,0.0072
American Century Equity Growth Instl,0.74,0.005699999999999999,0.0052,0.0079
American Century Equity Growth A,0.74,0.0042,0.0036,0.0064
American Century Equity Growth C,0.74,0.0017000000000000001,0.001,0.0039000000000000003
American Century Equity Growth R,0.74,0.0034000000000000002,0.0027,0.0055000000000000005
American Century Equity Growth B,0.74,0.001,0.0014000000000000002,NA
American Century Equity Growth A LW,0.74,0.0042,0.0036,0.0064
American Century Income & Growth Inv,0.42,0.005600000000000001,0.005600000000000001,0.0097
American Century Income & Growth A,0.42,0.0048,0.004699999999999999,0.0088
American Century Income & Growth C,0.42,0.0022,0.0021,0.0063
American Century Income & Growth Inst,0.42,0.0063,0.0063,0.0104
American Century Income & Growth R,0.42,0.0039000000000000003,0.0039000000000000003,0.008
American Century Income & Growth B,0.42,0.0019,0.003,NA
American Century Income & Growth A LW,0.42,0.0048,0.004699999999999999,0.0088
Bernstein Tax-Managed Intl,0.61,0.008199999999999999,0.0069,0.0109
AllianceBern Tax-Managed Intl A,0.61,0.005699999999999999,0.0044,0.009300000000000001
AllianceBern Tax-Managed Intl B,0.61,0.0021,0.0019,0.0062
AllianceBern Tax-Managed Intl C,0.61,0.0015,0.0016,0.0060999999999999995
AllianceBern Tax-Managed Intl A LW,0.61,0.005699999999999999,0.0044,0.009300000000000001
Royce Low Priced Stock Instl,0.22,0.0148,0.0063,0.0104
Royce Low Priced Stock Svc,0.22,0.0137,0.005600000000000001,0.0097
Royce Low Priced Stock K,0.22,0.0229,0.0098,NA
Royce Low Priced Stock R,0.22,0.0146,0.0058,0.0089
Royce Low Priced Stock Invmt,0.22,0.0148,0.0064,0.0105
Nuveen Dividend Value A,0.33,0.0074,0.0085,0.0108
Nuveen Dividend Value I,0.33,0.0083,0.009399999999999999,0.011699999999999999
Nuveen Dividend Value C,0.33,0.0048,0.005699999999999999,0.0083
Nuveen Dividend Value B,0.33,0.005,0.0055000000000000005,0.008199999999999999
Nuveen Dividend Value A Load Waived,0.33,0.0074,0.0085,0.0108
Nuveen Dividend Value R3,0.33,0.006500000000000001,0.0076,0.009899999999999999
Janus Adviser International Equity I,0.31,NA,NA,NA
Janus Adviser International Equity Inv,0.31,NA,NA,NA
Virtus Foreign Opportunities C,0.31,0.0017000000000000001,0.0023,0.0026
Virtus Foreign Opportunities A LW,0.31,0.0053,0.005,0.0053
Virtus Foreign Opportunities A,0.31,0.0053,0.005,0.0053
Virtus Foreign Opportunities I,0.31,0.006500000000000001,0.0059,0.0062
Brandywine,2.34,NA,NA,0.006
Alger Small Cap Growth Institutional I,0.7056999999999999,0.0063,0.0021,0.0013
Alger Small Cap Growth Institutional R,0.7056999999999999,0.0066,0.0022,0.0013
Fidelity Stock Selector Sm Cp,0.73,NA,0.0007000000000000001,0.006
Fidelity Advisor Stock Selector Sm Cp A,0.73,NA,0.0005,0.0058
Fidelity Advisor Stock Selector Sm Cp B,0.73,NA,NA,0.0053
Fidelity Advisor Stock Selector Sm Cp C,0.73,NA,NA,0.0054
Fidelity Advisor Stock Selector Sm Cp I,0.73,NA,0.0009,0.0060999999999999995
Fidelity Advisor Stock Selector Sm Cp T,0.73,NA,0.0003,0.005600000000000001
Fidelity Advisor Stock Selector Sm A LW,0.73,NA,0.0005,0.0058
Heartland Value Plus Inst,0.11,0.0052,0.0034000000000000002,NA
Heartland Value Plus,0.11,0.0039000000000000003,0.0025,0.0089
William Blair International Growth I,1.03,0.0011,0.0039000000000000003,0.0078000000000000005
William Blair International Growth N,1.03,NA,0.003,0.0072
RS Value A,0.4,NA,0.0002,0.0046
RS Value Y,0.4,NA,0.0002,0.0053
RS Value C,0.4,NA,0.0002,0.0044
RS Value A Load Waived,0.4,NA,0.0002,0.0046
RS Value K,0.4,NA,0.0002,0.0042
Calvert Equity A Load Waived,0.41,0.0070999999999999995,0.0025,0.005699999999999999
Calvert Equity I,0.41,0.0066,0.0026,0.0055000000000000005
Calvert Equity B,0.41,0.0087,0.0028000000000000004,0.0064
Calvert Equity C,0.41,0.009000000000000001,0.003,0.0068000000000000005
Calvert Equity A,0.41,0.0070999999999999995,0.0025,0.005699999999999999
Calvert Equity Y,0.41,0.006999999999999999,0.0024,NA
Ariel Appreciation Investor,0.26,0.003,0.0012,0.0087
Ariel Appreciation Institutional,0.26,NA,NA,NA
Ariel Appreciation C,0.26,NA,NA,NA
MFS International Growth C,0.58,0.0009,0.0011,0.0058
MFS International Growth A Load Waived,0.58,0.0032,0.003,0.0074
MFS International Growth A,0.58,0.0032,0.003,0.0074
MFS International Growth B,0.58,0.0004,0.0002,0.0052
MFS International Growth I,0.58,0.0040999999999999995,0.0036,0.0077
MFS International Growth R1,0.58,0.0034999999999999996,0.0026,NA
MFS International Growth R2,0.58,0.0040999999999999995,0.0038,NA
MFS International Growth R3,0.58,0.004,0.0036,NA
MFS International Growth R4,0.58,0.0045000000000000005,0.004,NA
MFS International Growth R5,0.58,0.0044,0.0038,0.008199999999999999
RS Global Natural Resources A,0.25,0.001,0.0003,0.0029
RS Global Natural Resources K,0.25,0.001,0.0003,0.003
RS Global Natural Resources A LW,0.25,0.001,0.0003,0.0029
RS Global Natural Resources C,0.25,0.001,0.0003,0.003
RS Global Natural Resources Y,0.25,0.001,0.0003,0.003
Fidelity Advisor China Region B,0.87,0.002,0.0019,NA
Fidelity Advisor China Region C,0.87,0.002,0.002,NA
Fidelity Advisor China Region T,0.87,0.003,0.0031,NA
Fidelity Advisor China Region I,0.87,0.0059,0.0045000000000000005,NA
Fidelity Advisor China Region A,0.87,0.0044,0.0038,NA
Fidelity Advisor China Region A LW,0.87,0.0044,0.0038,NA
Fidelity China Region,0.87,0.005699999999999999,0.0044,0.0084
Vanguard Strategic Equity Inv,0.73,0.0016,0.0018,0.0059
Clipper,0.15,0.0048,0.0026,0.0058
Invesco Small Cap Growth A,0.38,0.0027,0.0009,0.0054
Invesco Small Cap Growth B,0.38,0.0034000000000000002,0.0011,0.0062
Invesco Small Cap Growth C,0.38,0.0033,0.0011,0.0060999999999999995
Invesco Small Cap Growth R,0.38,0.0028000000000000004,0.0009,0.0055000000000000005
Invesco Small Cap Growth I,0.38,0.0026,0.0009,0.0052
AIM Small Cap Growth Adv,0.38,NA,NA,NA
Invesco Small Cap Growth A Load Waived,0.38,0.0027,0.0009,0.0054
Invesco Small Cap Growth Inv,0.38,0.0027,0.0009,0.0053
Invesco Small Cap Growth Y,0.38,0.0027,0.0009,NA
Columbia Large Cap Index B,0.06,0.0036,0.0033,0.0034999999999999996
Nations LargeCap Index Prim B,0.06,0.0011,0.0004,0.0033
Columbia Large Cap Index Z,0.06,0.0069,0.0064,0.0072
Columbia Large Cap Index I,0.06,NA,NA,NA
Columbia Large Cap Index A,0.06,0.0060999999999999995,0.005600000000000001,0.0060999999999999995
Cohen & Steers Realty Shares,0.9,0.0074,0.0084,0.015700000000000002
Liberty Contrarian Small Cap A LW,0.31,NA,NA,0.0054
Columbia Small Cap Value Fund I Cla A LW,0.31,0.013999999999999999,0.0066,0.0091
Columbia Small Cap Value I,0.31,0.0084,NA,NA
Liberty Contrarian Small Cap I,0.31,NA,NA,NA
Liberty Contrarian Small Cap Z,0.31,NA,NA,NA
Liberty Contrarian Small Cap C,0.31,NA,NA,NA
Liberty Contrarian Small Cap B,0.31,NA,NA,NA
Columbia Small Cap Value Fund I Class Z,0.31,0.0143,0.0069,0.009399999999999999
Columbia Small Cap Value Fund I Class C,0.31,0.0149,0.0058,0.0091
Columbia Small Cap Value Fund I Class I,0.31,0.015,NA,NA
Columbia Small Cap Value Fund I Class R,0.31,0.0134,NA,NA
Columbia Small Cap Value Fund I Class Y,0.31,0.0149,NA,NA
Columbia Small Cap Value Fund I Class A,0.31,0.013999999999999999,0.0066,0.0091
Columbia Small Cap Value Fund I Class B,0.31,0.016399999999999998,0.0063,0.0098
Liberty Contrarian Small Cap A,0.31,NA,NA,0.0054
Columbia Mid Cap Growth I,1.38,0.004699999999999999,NA,NA
Columbia Mid Cap Growth R5,1.38,0.004699999999999999,NA,NA
Columbia Mid Cap Growth W,1.38,0.0048,NA,NA
Columbia Mid Cap Growth Y,1.38,0.004699999999999999,NA,NA
Columbia Mid Cap Growth Z,1.38,0.004699999999999999,0.0016,0.0075
Stein Roe Midcap Growth S,1.38,NA,0.0182,0.011000000000000001
Galaxy Growth II Ret A,1.38,NA,NA,NA
Liberty Midcap Growth Z,1.38,NA,NA,NA
Stein Roe Capital Opportunities,1.38,NA,0.0227,0.0137
Columbia Mid Cap Growth C,1.38,0.0052,0.0017000000000000001,0.0077
Columbia Mid Cap Growth B,1.38,0.0055000000000000005,0.0018,0.0079
Columbia Mid Cap Growth T,1.38,0.0048,0.0016,0.0076
Columbia Mid Cap Growth G,1.38,0.0104,0.0040999999999999995,NA
Columbia Mid Cap Growth A,1.38,0.0048,0.0016,0.0076
Columbia Mid Cap Growth D,1.38,0.01,0.004,NA
Liberty Capital Opportunities A,1.38,NA,NA,NA
Galaxy Growth II Ret B,1.38,NA,NA,NA
Liberty Midcap Growth A,1.38,NA,NA,NA
Liberty Midcap Growth B,1.38,NA,NA,NA
Galaxy Growth II Tr,1.38,NA,0.0365,0.0274
Liberty Midcap Growth C,1.38,NA,NA,NA
Columbia Mid Cap Growth A Load Waived,1.38,0.0048,0.0016,0.0076
Columbia Mid Cap Growth R,1.38,0.0049,0.0016,0.0076
Liberty Midcap Growth A Load Waived,1.38,NA,NA,NA
Galaxy Growth II Ret A Load Waived,1.38,NA,NA,NA
Liberty Capital Opportunities A LW,1.38,NA,NA,NA
JHancock Large Cap Equity A Load Waived,0.59,0.0002,0.0018,0.0037
JHancock Large Cap Equity I,0.59,0.0004,0.0025,0.0044
JHancock Large Cap Equity B,0.59,NA,0.0006,0.0023
JHancock Large Cap Equity C,0.59,NA,0.0006,0.0023
JHancock Large Cap Equity A,0.59,0.0002,0.0018,0.0037
JHancock Large Cap Equity R2,0.59,NA,NA,NA
JHancock Large Cap Equity R6,0.59,NA,NA,NA
JHancock Large Cap Equity R5,0.59,0.0004,0.0022,NA
JHancock Large Cap Equity R3,0.59,0.0001,0.0011,NA
JHancock Large Cap Equity R4,0.59,0.0002,0.0016,NA
JHancock Large Cap Equity R1,0.59,NA,0.001,NA
Principal Equity Income R-1,0.166,0.0078000000000000005,NA,NA
Principal Equity Income R-2,0.166,0.0083,NA,NA
Principal Equity Income R-3,0.166,0.0089,NA,NA
Principal Equity Income R-4,0.166,0.0095,NA,NA
Principal Equity Income R-5,0.166,0.009899999999999999,NA,NA
Principal Equity Income P,0.166,0.0103,NA,NA
Principal Equity Income A,0.166,0.0092,0.0089,0.0124
Principal Equity Income B,0.166,0.006500000000000001,0.0058,0.0095
WM Bond & Stock S,0.166,NA,NA,NA
WM Bond & Stock I,0.166,NA,NA,NA
Principal Equity Income C,0.166,0.006999999999999999,0.006500000000000001,0.01
Principal Equity Income A Load Waived,0.166,0.0092,0.0089,0.0124
Principal Equity Income Inst,0.166,0.010700000000000001,0.0104,0.0139
WM Equity Income R1,0.166,NA,NA,NA
WM Equity Income R2,0.166,NA,NA,NA
Principal Capital Appreciation Inst,0.127,0.006500000000000001,0.0067,0.0091
Principal Capital Appreciation B,0.127,0.0034000000000000002,0.0034000000000000002,0.0062
Principal Capital Appreciation R-1,0.127,0.0053,NA,NA
Principal Capital Appreciation R-2,0.127,0.0052,NA,NA
Principal Capital Appreciation R-3,0.127,0.005699999999999999,NA,NA
Principal Capital Appreciation R-4,0.127,0.005600000000000001,NA,NA
Principal Capital Appreciation R-5,0.127,0.0059,NA,NA
Principal Capital Appreciation P,0.127,0.0062,NA,NA
Principal Capital Appreciation A,0.127,0.0055000000000000005,0.0054,0.0076
WM Northwest S,0.127,NA,NA,NA
Principal Capital Appreciation C,0.127,0.0037,0.0039000000000000003,0.0064
Principal Capital Appreciation A LW,0.127,0.0055000000000000005,0.0054,0.0076
WM West Coast Equity R1,0.127,NA,NA,NA
WM West Coast Equity R2,0.127,NA,NA,NA
Oppenheimer Value A Load Waived,0.91,0.0042,0.0039000000000000003,0.0073
Oppenheimer Value N,0.91,0.0033,0.0031,0.0063
Oppenheimer Value C,0.91,0.0012,0.0014000000000000002,0.004699999999999999
Oppenheimer Value A,0.91,0.0042,0.0039000000000000003,0.0073
Oppenheimer Value I,0.91,NA,NA,NA
Oppenheimer Value B,0.91,NA,0.0008,0.0039000000000000003
Oppenheimer Value Y,0.91,0.0058,0.0052,0.0087
Invesco International Growth Y,0.25,0.0054,0.0048,NA
Invesco International Growth A LW,0.25,0.0044,0.004,0.0059
Invesco International Growth I,0.25,0.0059,0.0053,0.0074
Invesco International Growth R,0.25,0.0034999999999999996,0.0032,0.0051
Invesco International Growth A,0.25,0.0044,0.004,0.0059
Invesco International Growth C,0.25,0.0019,0.0018,0.0034000000000000002
Invesco International Growth B,0.25,0.002,0.0018,0.0034000000000000002
Invesco Constellation I,1.26,NA,0.001,0.0006
Invesco Constellation B,1.26,NA,NA,NA
Invesco Constellation A,1.26,NA,0.0004,0.0002
Invesco Constellation R,1.26,NA,0.0001,0.0001
Invesco Constellation C,1.26,NA,NA,NA
Invesco Constellation A Load Waived,1.26,NA,0.0004,0.0002
Invesco Constellation Y,1.26,NA,0.0007000000000000001,NA
Neuberger Berman Socially Resp Inst,0.2,0.0024,0.0017000000000000001,NA
Neuberger Berman Socially Resp Inv,0.2,0.0017000000000000001,0.0011,0.0028000000000000004
Neuberger Berman Socially Resp A LW,0.2,0.0028000000000000004,0.0021,NA
Neuberger Berman Socially Resp C,0.2,0.001,0.0012,NA
Neuberger Berman Socially Resp R3,0.2,0.0029,0.002,NA
Neuberger Berman Socially Resp A,0.2,0.0028000000000000004,0.0021,NA
Neuberger Berman Socially Resp Tr,0.2,0.0022,0.0013,0.0031
Invesco Van Kampen Mid Cap Gr I,0.21,0.015700000000000002,NA,NA
Invesco Van Kampen Mid Cap Gr A,0.21,0.016,0.0054,0.0076
Invesco Van Kampen Mid Cap Gr B,0.21,0.0191,0.0062,0.0087
Invesco Van Kampen Mid Cap Gr C,0.21,0.0187,0.0062,0.0086
Invesco Van Kampen Mid Cap Gr A LW,0.21,0.016,0.0054,0.0076
Invesco Van Kampen Mid Cap Gr Y,0.21,0.015700000000000002,0.0053,0.0075
Invesco Van Kampen Mid Cap Gr R,0.21,0.0161,0.0054,NA
Morgan Stanley Focus Growth A LW,0.32,NA,NA,NA
Morgan Stanley Capital Growth Secs A LW,0.32,NA,NA,NA
Morgan Stanley Capital Growth Secs C,0.32,NA,NA,NA
Morgan Stanley Focus Growth B,0.32,NA,NA,NA
Morgan Stanley Capital Growth Secs B,0.32,NA,NA,NA
Morgan Stanley Focus Growth I,0.32,NA,NA,NA
Morgan Stanley Capital Growth Secs D,0.32,NA,NA,NA
Morgan Stanley Focus Growth C,0.32,NA,NA,NA
Morgan Stanley Capital Growth Secs A,0.32,NA,NA,NA
Morgan Stanley Focus Growth A,0.32,NA,NA,NA
Invesco Equally-Wtd S&P 500 A LW,0.22,0.0059,0.004699999999999999,0.0139
Invesco Equally-Wtd S&P 500 B,0.22,0.0019,0.0018,0.0108
Invesco Equally-Wtd S&P 500 A,0.22,0.0059,0.004699999999999999,0.0139
Invesco Equally-Wtd S&P 500 Y,0.22,0.006999999999999999,0.0055000000000000005,0.0148
Invesco Equally-Wtd S&P 500 C,0.22,0.0018,0.0019,0.011200000000000002
Invesco Equally-Wtd S&P 500 R,0.22,0.0045000000000000005,0.0039000000000000003,NA
Morgan Stanley Equally-Wtd S&P 500 W,0.22,0.0034000000000000002,NA,NA
Delaware Smid Cap Growth B,0.21,0.013300000000000001,0.0103,0.0152
Delaware Smid Cap Growth A,0.21,0.0101,0.0086,0.0126
Delaware Smid Cap Growth C,0.21,0.0125,0.0098,0.014499999999999999
Delaware Smid Cap Growth Instl,0.21,0.0089,0.0078000000000000005,0.0115
Delaware Smid Cap Growth A Load Waived,0.21,0.0101,0.0086,0.0126
Delaware Smid Cap Growth R,0.21,0.0103,0.0085,0.0127
DFA Large Cap International I,0.03,0.0115,0.0104,0.011000000000000001
DFA US Small Cap I,0.23,0.0027,0.0028000000000000004,0.0053
DFA US Micro Cap I,0.14,0.0025,0.0024,0.0069
DFA US Large Company,0.04,0.0070999999999999995,0.0067,0.0073
DFA Real Estate Securities I,0.03,0.006,0.0091,0.0128
AllianceBern Growth & Income A,0.72,0.0044,0.0038,0.006999999999999999
AllianceBern Growth & Income B,0.72,0.0001,0.0003,0.0032
AllianceBern Growth & Income C,0.72,0.0016,0.0008,0.0034999999999999996
AllianceBern Growth & Income Adv,0.72,0.0055000000000000005,0.004699999999999999,0.008100000000000001
AllianceBern Growth & Income A LW,0.72,0.0044,0.0038,0.006999999999999999
AllianceBern Growth & Income R,0.72,0.0038,0.0033,0.0064
AllianceBern Growth & Income K,0.72,0.0049,0.0042,0.0076
AllianceBern Growth & Income I,0.72,NA,0.0033,0.0075
DWS Large Cap Value S,0.34,0.0073,0.006999999999999999,0.0129
DWS Large Cap Value AARP,0.34,0.0126,NA,NA
DWS Large Cap Value Inst,0.34,0.0073,0.0072,0.0132
DWS Large Cap Value A Load Waived,0.34,0.0062,0.0059,0.0118
DWS Large Cap Value RR,0.34,NA,NA,NA
DWS Large Cap Value A,0.34,0.0062,0.0059,0.0118
DWS Large Cap Value R,0.34,0.0053,NA,NA
DWS Large Cap Value B,0.34,0.0034000000000000002,0.003,0.009000000000000001
DWS Large Cap Value C,0.34,0.0038,0.0033,0.0092
DWS Equity Dividend B,1.4,0.0023,0.0017000000000000001,0.0062
DWS Equity Dividend C,1.4,0.0024,0.0019,0.0063
DWS Equity Dividend A,1.4,0.005,0.0044,0.0089
DWS Strategic Value I,1.4,NA,NA,NA
DWS Equity Dividend R,1.4,0.0038,0.0032,0.0078000000000000005
DWS Equity Dividend Instl,1.4,0.0063,0.0055000000000000005,0.01
DWS Equity Dividend S,1.4,0.005699999999999999,0.0049,0.009300000000000001
DWS Equity Dividend A Load Waived,1.4,0.005,0.0044,0.0089
DWS Dreman Small Cap Value S,0.47,0.0059,0.0036,0.0076
DWS Dreman Small Cap Value A LW,0.47,0.0051,0.0027,0.0069
DWS Dreman Small Cap Value Instl,0.47,0.0066,0.004699999999999999,0.0085
DWS Dreman Small Cap Value R,0.47,NA,NA,NA
DWS Dreman Small Cap Value A,0.47,0.0051,0.0027,0.0069
DWS Dreman Small Cap Value C,0.47,0.0027,0.0009,0.005
DWS Dreman Small Cap Value B,0.47,0.0023,0.0008,0.005
DWS Dreman Small Cap Value I,0.47,NA,NA,NA
Dreyfus Appreciation,0.0259,0.0027,0.0024,0.004699999999999999
JPMorgan Small Cap Equity A,0.39,0.014199999999999999,0.0076,0.0075
JPMorgan Small Cap Equity B,0.39,0.0161,0.008199999999999999,0.008
JPMorgan Small Cap Equity A Load Waived,0.39,0.014199999999999999,0.0076,0.0075
JPMorgan Small Cap Equity C,0.39,0.0155,0.008,0.0079
JPMorgan Small Cap Equity Sel,0.39,0.013999999999999999,0.0078000000000000005,0.0077
JPMorgan Small Cap Equity R2,0.39,0.0137,0.0072,NA
JPMorgan Small Cap Equity R5,0.39,0.0147,0.0084,0.0084
Eaton Vance Dividend Builder A LW,0.87,0.0121,0.0129,0.0146
Eaton Vance Dividend Builder I,0.87,0.013000000000000001,0.0138,0.0155
Eaton Vance Dividend Builder B,0.87,0.009899999999999999,0.0106,0.0121
Eaton Vance Dividend Builder C,0.87,0.0095,0.0103,0.011899999999999999
Eaton Vance Dividend Builder A,0.87,0.0121,0.0129,0.0146
Old Westbury Large Cap Strategies,1.58,0.005699999999999999,0.0045000000000000005,0.009000000000000001
Elfun Trusts,0.16,0.0079,0.0083,0.0101
Victory Diversified Stock A,0.8,0.003,0.003,0.008199999999999999
Victory Diversified Stock R,0.8,0.0021,0.0022,0.0074
Victory Diversified Stock A Load Waived,0.8,0.003,0.003,0.008199999999999999
Victory Diversified Stock B,0.8,NA,NA,NA
Victory Diversified Stock C,0.8,0.0006,0.0006,0.0059
Victory Diversified Stock I,0.8,0.0040999999999999995,0.004,NA
Fidelity Advisor Equity Growth I,0.7,0.002,0.0011,0.0012
Fidelity Advisor Equity Growth T,0.7,NA,NA,NA
Fidelity Advisor Equity Growth C,0.7,NA,NA,NA
Fidelity Advisor Equity Growth B,0.7,NA,NA,NA
Fidelity Advisor Equity Growth A,0.7,0.0007000000000000001,0.0004,0.0004
Fidelity Advisor Equity Growth A LW,0.7,0.0007000000000000001,0.0004,0.0004
Fidelity Advisor Equity Income A LW,0.89,0.008100000000000001,0.0059,0.0073
Fidelity Advisor Equity Income A,0.89,0.008100000000000001,0.0059,0.0073
Fidelity Advisor Equity Income C,0.89,0.0054,0.0032,0.0046
Fidelity Advisor Equity Income T,0.89,0.0072,0.0051,0.006500000000000001
Fidelity Advisor Equity Income I,0.89,0.0089,0.0067,0.008100000000000001
Fidelity Advisor Equity Income B,0.89,0.0054,0.0031,0.0044
Franklin Balance Sheet Investment A,0.0966,0.0196,0.0134,0.0139
Franklin Balance Sheet Investment A LW,0.0966,0.0196,0.0134,0.0139
Franklin Balance Sheet Investment Adv,0.0966,0.0203,0.0141,0.0147
Franklin Balance Sheet Investment C,0.0966,0.018000000000000002,0.011399999999999999,0.011399999999999999
Franklin Balance Sheet Investment B,0.0966,0.0182,0.0101,0.0105
Franklin Balance Sheet Investment R,0.0966,0.0183,0.0124,0.0128
Artio International Equity A,0.41,0.0062,0.012199999999999999,0.013500000000000002
Artio International Equity I,0.41,0.0074,0.013000000000000001,0.0143
CGM Realty,0.69,0.0033,0.006,0.0132
Fidelity Canada,1.04,0.0053,0.004699999999999999,0.0055000000000000005
Fidelity Canada C,1.04,NA,NA,NA
Fidelity Advisor Canada A,1.04,0.0042,0.004,0.0049
Fidelity Advisor Canada B,1.04,0.001,0.0015,0.003
Fidelity Advisor Canada C,1.04,0.0017000000000000001,0.0019,0.0034000000000000002
Fidelity Advisor Canada T,1.04,0.0031,0.003,0.0040999999999999995
Fidelity Advisor Canada I,1.04,0.0053,0.0048,0.005600000000000001
Fidelity Advisor Canada A Load Waived,1.04,0.0042,0.004,0.0049
Fidelity Advisor Diversified Stock O,0.76,0.0054,0.0046,0.004699999999999999
Fidelity Advisor Diversified Stock A,0.76,0.0042,0.0034000000000000002,0.0033
Fidelity Advisor Diversified Stock A LW,0.76,0.0042,0.0034000000000000002,0.0033
Fidelity Advisor Diversified Stock B,0.76,0.0008,0.0005,0.0003
Fidelity Advisor Diversified Stock C,0.76,0.0014000000000000002,0.0008,0.0005
Fidelity Advisor Diversified Stock I,0.76,0.004699999999999999,0.0039000000000000003,0.0031
Fidelity Advisor Diversified Stock T,0.76,0.0026,0.0021,0.0016
Fidelity Advisor Capital Development B,1.18,NA,NA,0.0062
Fidelity Advisor Capital Development C,1.18,NA,NA,0.006500000000000001
Fidelity Advisor Capital Development T,1.18,NA,NA,0.0067
Fidelity Advisor Capital Development I,1.18,0.0016,0.0008,0.0079
Fidelity Advisor Capital Developmen A LW,1.18,0.0012,0.0012,0.0079
Fidelity Advisor Capital Development A,1.18,0.0012,0.0012,0.0079
Fidelity Advisor Capital Development O,1.18,0.0024,0.0024,0.0091
Fidelity Growth Strategies,1.65,NA,NA,0.0002
Fidelity Growth Strategies K,1.65,NA,NA,NA
Fidelity Equity Dividend Income K,0.82,0.0083,0.0067,NA
Fidelity Equity Dividend Income,0.82,0.0077,0.0062,0.0085
Alger Capital Appreciation Instl I,1.5330000000000001,0.011000000000000001,0.0039000000000000003,0.0023
Alger Capital Appreciation Instl R,1.5330000000000001,0.0115,0.0039000000000000003,0.0023
Fidelity Independence,0.93,0.001,0.0005,0.0017000000000000001
Fidelity Independence K,0.93,0.0016,0.001,NA
Fidelity Emerging Markets K,1.22,0.005600000000000001,0.0053,NA
Fidelity Emerging Markets,1.22,0.0048,0.0045000000000000005,0.005699999999999999
Van Eck Global Hard Assets A LW,0.4,0.0012,0.0009,0.0055000000000000005
Van Eck Global Hard Assets A,0.4,0.0012,0.0009,0.0055000000000000005
Van Eck Global Hard Assets C,0.4,0.0014000000000000002,0.001,0.0058
Van Eck Global Hard Assets Y,0.4,0.0012,NA,NA
Van Eck Global Hard Assets B,0.4,NA,NA,NA
Van Eck Global Hard Assets I,0.4,0.0012,0.0009,0.0054
Royce Total Return R,0.21,0.0031,0.002,0.0048
Royce Total Return K,0.21,0.0045000000000000005,0.0037,NA
Royce Total Return Invmt,0.21,0.0052,0.0044,0.0072
Royce Total Return W,0.21,0.0058,0.004699999999999999,0.0074
Royce Total Return Instl,0.21,0.0060999999999999995,0.0051,0.0079
Royce Total Return Svc,0.21,0.0038,0.003,0.0059
Royce Total Return Consult,0.21,0.0018,0.0012,0.0036
Fidelity Stock Selector All Cap,0.09,0.0021,0.0022,0.0043
Fidelity Stock Selector All Cap K,0.09,0.0026,0.0028000000000000004,NA
Fidelity New Millennium,0.69,0.0063,0.0033,0.0075
Fidelity Real Estate Investment,0.25,0.0032,0.005600000000000001,0.0091
Fidelity Overseas,0.77,0.0105,0.006999999999999999,0.0096
Fidelity Overseas F,0.77,0.0062,NA,NA
Fidelity Overseas K,0.77,0.0116,0.0078000000000000005,NA
Fidelity Select Gold,0.22,0.0018,0.013500000000000002,0.0118
Fidelity Advisor Gold A Load Waived,0.22,0.0018,0.0132,0.0116
Fidelity Advisor Gold A,0.22,0.0018,0.0132,0.0116
Fidelity Advisor Gold B,0.22,0.002,0.0124,0.0108
Fidelity Advisor Gold C,0.22,0.0019,0.0123,0.0109
Fidelity Advisor Gold T,0.22,0.0019,0.0128,0.0113
Fidelity Advisor Gold I,0.22,0.0018,0.0138,0.012
Fidelity Select Energy Service,0.74,NA,0.0001,0.0014000000000000002
Fidelity Select Biotechnology,1.06,0.0085,0.0028000000000000004,0.0017000000000000001
Fidelity Select Energy,0.9,0.0026,0.0018,0.0031
Fidelity Select Consumer Staples,0.35,0.009399999999999999,0.0076,0.0073
Fidelity Advisor Consumer Staples A,0.35,0.0086,0.0068000000000000005,0.0067
Fidelity Advisor Consumer Staples B,0.35,0.0059,0.0042,0.0046
Fidelity Advisor Consumer Staples C,0.35,0.006500000000000001,0.0046,0.005
Fidelity Advisor Consumer Staples T,0.35,0.0077,0.0059,0.006
Fidelity Advisor Consumer Staples I,0.35,0.0092,0.0076,0.0074
Fidelity Advisor Consumer Staples A LW,0.35,0.0086,0.0068000000000000005,0.0067
Fidelity Select Health Care,1.3,0.0174,0.0060999999999999995,0.0085
Fidelity Select Materials,0.94,0.005,0.0045000000000000005,0.005
Fidelity Advisor Materials A LW,0.94,0.0040999999999999995,0.0038,0.0043
Fidelity Advisor Materials A,0.94,0.0040999999999999995,0.0038,0.0043
Fidelity Advisor Materials B,0.94,0.0018,0.0018,0.0025
Fidelity Advisor Materials C,0.94,0.0018,0.0019,0.0026
Fidelity Advisor Materials T,0.94,0.0031,0.003,0.0034000000000000002
Fidelity Advisor Materials I,0.94,0.0051,0.004699999999999999,0.0051
Fidelity Select Software & Comp,2.38,0.024399999999999998,0.0158,0.0095
Fidelity Select Technology,1.96,NA,NA,0.0002
Fidelity Trend,0.82,NA,0.0005,0.0029
Fidelity Worldwide,2.03,0.0013,0.0022,0.0067
Fidelity Advisor Worldwide A LW,2.03,0.0004,0.0018,NA
Fidelity Advisor Worldwide A,2.03,0.0004,0.0018,NA
Fidelity Advisor Worldwide B,2.03,NA,0.0001,NA
Fidelity Advisor Worldwide C,2.03,NA,0.0004,NA
Fidelity Advisor Worldwide T,2.03,NA,0.0012,NA
Fidelity Advisor Worldwide I,2.03,0.0015,0.0025,NA
USAA Emerging Markets Instl,0.66,0.0097,0.005600000000000001,NA
USAA Emerging Markets Adv,0.66,0.0067,NA,NA
USAA Emerging Markets,0.66,0.008199999999999999,0.0042,0.0115
FMI Common Stock,0.26,0.0148,0.0085,0.013500000000000002
Northern Small Cap Value,0.20670000000000002,0.0026,0.0026,0.0053
Invesco Energy Inv,0.58,NA,0.0002,0.006500000000000001
Invesco Energy A Load Waived,0.58,NA,0.0002,0.006500000000000001
Invesco Energy A,0.58,NA,0.0002,0.006500000000000001
Invesco Energy B,0.58,NA,NA,0.0068000000000000005
Invesco Energy C,0.58,NA,NA,0.0069
AIM Energy K,0.58,NA,NA,NA
Invesco Energy Y,0.58,NA,0.0006,NA
Invesco Energy Institutional,0.58,NA,0.0012,0.006999999999999999
Janus Research T,0.88,0.002,0.0021,0.0015
Janus Research N,0.88,NA,NA,NA
Janus Research A,0.88,0.0026,NA,NA
Janus Research C,0.88,0.0007000000000000001,NA,NA
Janus Research S,0.88,0.0026,NA,NA
Janus Research I,0.88,0.0029,NA,NA
Janus Research D,0.88,0.0025,0.0023,0.0017000000000000001
Janus Research A Load Waived,0.88,0.0026,NA,NA
First Eagle Fund of America Y,0.68,0.0123,0.0049,0.008100000000000001
First Eagle Fund of America A,0.68,0.0126,0.005,0.0083
First Eagle Fund of America C,0.68,0.0144,0.005,0.0086
First Eagle Fund of America A LW,0.68,0.0126,0.005,0.0083
Franklin Equity Income A Load Waived,0.1945,0.0092,0.01,0.012
Franklin Equity Income R,0.1945,0.0083,0.0092,0.0111
Franklin Equity Income B,0.1945,0.0068000000000000005,0.0077,0.0096
Franklin Equity Income A,0.1945,0.0092,0.01,0.012
Franklin Equity Income C,0.1945,0.0067,0.0075,0.0095
Franklin Equity Income Adv,0.1945,0.01,0.0109,NA
FPA Capital,0.15,NA,0.0001,0.0077
Franklin Flex Cap Growth A Load Waived,0.5132,0.0064,0.0021,0.0018
Franklin Flex Cap Growth Adv,0.5132,0.0063,0.0021,0.0017000000000000001
Franklin Flex Cap Growth C,0.5132,0.0070999999999999995,0.0023,0.0019
Franklin Flex Cap Growth R,0.5132,0.006500000000000001,0.0022,0.0018
Franklin Flex Cap Growth B,0.5132,0.0073,0.0024,0.0019
Franklin Flex Cap Growth A,0.5132,0.0064,0.0021,0.0018
Franklin DynaTech A,0.3011,0.0032,0.0011,0.0040999999999999995
Franklin DynaTech C,0.3011,0.0036,0.0012,0.0044
Franklin DynaTech B,0.3011,0.0036,0.0012,0.0044
Franklin DynaTech A Load Waived,0.3011,0.0032,0.0011,0.0040999999999999995
Franklin DynaTech R,0.3011,0.0032,0.0011,NA
Franklin DynaTech Adv,0.3011,0.0032,0.0011,NA
Franklin Small-Mid Cap Growth A LW,0.44420000000000004,0.0070999999999999995,0.0024,0.0066
Franklin Small-Mid Cap Growth B,0.44420000000000004,0.008,0.0026,0.0070999999999999995
Franklin Small-Mid Cap Growth R,0.44420000000000004,0.0073,0.0024,0.0067
Franklin Small-Mid Cap Growth Adv,0.44420000000000004,0.0069,0.0023,0.006500000000000001
Franklin Small-Mid Cap Growth A,0.44420000000000004,0.0070999999999999995,0.0024,0.0066
Franklin Small-Mid Cap Growth C,0.44420000000000004,0.008100000000000001,0.0027,0.0072
Franklin Gold and Precious Metals A,0.0806,0.011399999999999999,0.0246,0.0199
Franklin Gold and Precious Metals C,0.0806,0.009300000000000001,0.0235,0.019
Franklin Gold and Precious Metals B,0.0806,0.0076,0.0233,0.0187
Franklin Gold and Precious Metals Adv,0.0806,0.0118,0.024399999999999998,0.019799999999999998
Franklin Gold and Precious Metals A LW,0.0806,0.011399999999999999,0.0246,0.0199
Vanguard Global Equity Inv,0.44,0.0042,0.0038,0.0075
Franklin Utilities A Load Waived,0.0521,0.012199999999999999,0.0141,0.0149
Franklin Utilities R,0.0521,0.0111,0.0129,0.0137
Franklin Utilities C,0.0521,0.010700000000000001,0.0125,0.0132
Franklin Utilities B,0.0521,0.0104,0.0124,0.0132
Franklin Utilities Adv,0.0521,0.0126,0.014499999999999999,0.015300000000000001
Franklin Utilities A,0.0521,0.012199999999999999,0.0141,0.0149
Gabelli Asset AAA,0.08,0.0045000000000000005,0.003,0.0044
Gabelli Asset A Load Waived,0.08,0.004699999999999999,0.0032,0.0045000000000000005
Gabelli Asset A,0.08,0.004699999999999999,0.0032,0.0045000000000000005
Gabelli Asset B,0.08,0.0034999999999999996,0.0016,0.0034000000000000002
Gabelli Asset C,0.08,0.0033,0.0017000000000000001,0.0028000000000000004
Gabelli Asset I,0.08,0.0054,0.0038,NA
GE S&S US Equity,0.39,0.0054,0.0040999999999999995,0.0072
Gabelli Small Cap Growth AAA,0.14,0.0037,0.0013,0.0044
Gabelli Small Cap Growth A,0.14,0.0037,0.0013,0.0044
Gabelli Small Cap Growth B,0.14,0.0042,0.0015,0.004699999999999999
Gabelli Small Cap Growth C,0.14,0.004,0.0014000000000000002,0.0046
Gabelli Small Cap Growth A Load Waived,0.14,0.0037,0.0013,0.0044
Gabelli Small Cap Growth I,0.14,0.0037,0.0013,NA
Gabelli Equity Income I,0.14,0.0032,0.0027,NA
Gabelli Equity Income A Load Waived,0.14,0.0032,0.0036,0.0038
Gabelli Equity Income A,0.14,0.0032,0.0036,0.0038
Gabelli Equity Income B,0.14,0.0036,0.003,0.0034999999999999996
Gabelli Equity Income C,0.14,0.0034999999999999996,0.0029,0.0034999999999999996
Gabelli Equity Income AAA,0.14,0.0032,0.0027,0.0033
Columbia Large Cap Growth T,1.16,NA,0.0007000000000000001,0.0033
Columbia Large Cap Growth Z,1.16,0.0009,0.0016,0.0040999999999999995
Columbia Large Cap Growth Y,1.16,0.0018,NA,NA
Columbia Large Cap Growth I,1.16,0.0019,NA,NA
Columbia Large Cap Growth R,1.16,NA,NA,NA
Columbia Large Cap Growth R4,1.16,0.001,NA,NA
Columbia Large Cap Growth R5,1.16,0.0019,NA,NA
Columbia Large Cap Growth W,1.16,0.0003,NA,NA
Columbia Large Cap Growth B,1.16,NA,NA,0.0031
Columbia Large Cap Growth A,1.16,0.0004,0.0009,0.0034999999999999996
Columbia Large Cap Growth A Load Waived,1.16,0.0004,0.0009,0.0034999999999999996
Columbia Large Cap Growth G,1.16,0.0026,0.0009,0.0005
Columbia Large Cap Growth C,1.16,NA,NA,0.0031
Columbia Large Cap Growth E,1.16,NA,0.0006,0.0032
Columbia Large Cap Growth F,1.16,NA,NA,0.0031
Dreyfus Opportunistic Midcap Value A LW,1.1401999999999999,0.0282,0.0096,0.0148
Dreyfus Opportunistic Midcap Value C,1.1401999999999999,0.028900000000000002,0.009899999999999999,NA
Dreyfus Opportunistic Midcap Value I,1.1401999999999999,0.0292,0.0101,NA
Dreyfus Midcap Value T,1.1401999999999999,NA,NA,NA
Dreyfus Opportunistic Midcap Value A,1.1401999999999999,0.0282,0.0096,0.0148
Vantagepoint Growth,0.7,0.0019,0.002,0.0022
Victory Small Company Opportunity R,0.44,0.001,0.0006,0.0024
Victory Small Company Opportunity A,0.44,0.0012,0.0007000000000000001,0.0025
Victory Small Company Opportunity A LW,0.44,0.0012,0.0007000000000000001,0.0025
Victory Small Company Opportunity C,0.44,0.0232,NA,NA
Victory Small Company Opportunity I,0.44,0.0019,0.0016,NA
Victory Established Value R,0.38,0.0058,0.0096,0.0098
Victory Established Value A,0.38,0.0063,0.01,0.0103
Victory Established Value A Load Waived,0.38,0.0063,0.01,0.0103
Victory Established Value C,0.38,0.015300000000000001,NA,NA
Victory Established Value I,0.38,0.0076,NA,NA
First Investors Growth & Income A,0.24,0.0034999999999999996,0.0031,0.0038
First Investors Growth & Income B,0.24,0.0014000000000000002,0.0012,0.0021
First Investors Growth & Income A LW,0.24,0.0034999999999999996,0.0031,0.0038
Invesco Global Health Care A,0.37,0.0045000000000000005,0.0015,0.0055000000000000005
Invesco Global Health Care B,0.37,0.0033,0.0011,0.006
Invesco Global Health Care C,0.37,0.0032,0.0011,0.0059
AIM Global Health Care Adv,0.37,NA,NA,NA
Invesco Global Health Care A LW,0.37,0.0045000000000000005,0.0015,0.0055000000000000005
Invesco Global Health Care Invstor,0.37,0.0045000000000000005,0.0015,0.0055000000000000005
Invesco Global Health Care Y,0.37,0.0053,0.0018,NA
Oppenheimer Equity A Load Waived,0.5,0.0026,0.0023,0.0076
Oppenheimer Equity N,0.5,0.0007000000000000001,0.0008,0.0063
Oppenheimer Equity B,0.5,NA,NA,0.0060999999999999995
Oppenheimer Equity A,0.5,0.0026,0.0023,0.0076
Oppenheimer Equity Y,0.5,0.0032,0.0028000000000000004,0.008100000000000001
Oppenheimer Equity C,0.5,NA,NA,0.006
Neuberger Berman Guardian Inv,0.32,0.0025,0.0018,0.0095
Neuberger Berman Guardian A Load Waived,0.32,0.0036,0.0025,NA
Neuberger Berman Guardian A,0.32,0.0036,0.0025,NA
Neuberger Berman Guardian C,0.32,0.0014000000000000002,0.0012,NA
Neuberger Berman Guardian R3,0.32,0.0031,0.0021,NA
Neuberger Berman Guardian Tr,0.32,0.003,0.002,0.0096
Neuberger Berman Guardian Adv,0.32,0.0011,0.0005,0.0078000000000000005
Neuberger Berman Guardian Inst,0.32,0.0032,0.0023,NA
Columbia Multi-Advisor Intl Equity I,1.12,NA,NA,NA
Columbia Multi-Advisor Intl Equity R4,1.12,NA,NA,NA
Columbia Multi-Advisor Intl Equity W,1.12,NA,NA,NA
Columbia Multi-Advisor Intl Equity Z,1.12,NA,0.0073,0.011399999999999999
Columbia Multi-Advisor Intl Equity A,1.12,NA,0.0069,0.0109
Columbia Multi-Advisor Intl Equity C,1.12,NA,0.006,0.009899999999999999
Columbia Multi-Advisor Intl Equity Y,1.12,NA,NA,NA
Nations International Equity Prim B,1.12,0.001,0.0078000000000000005,0.018600000000000002
Columbia Multi-Advisor Intl Equity B,1.12,NA,0.0060999999999999995,0.01
Columbia Multi-Advisor Intl Equity A LW,1.12,NA,0.0069,0.0109
Columbia Multi-Advisor Intl Equity R,1.12,NA,0.0064,0.0102
Heartland Value,0.25,0.0124,0.0043,0.0078000000000000005
Heartland Value Inst,0.25,0.0123,0.0043,NA
JPMorgan Equity Index Select,0.07,0.0068000000000000005,0.0069,0.0072
JPMorgan Equity Index B,0.07,0.0034000000000000002,0.0034999999999999996,0.0037
JPMorgan Equity Index A,0.07,0.006,0.0060999999999999995,0.0064
JPMorgan Equity Index C,0.07,0.0034999999999999996,0.0034999999999999996,0.0038
JPMorgan Equity Index A Load Waived,0.07,0.006,0.0060999999999999995,0.0064
JPMorgan Mid Cap Growth A Load Waived,0.79,0.0154,0.0052,0.0105
JPMorgan Diversified Mid Cap Gr Ultra,0.79,0.0044,0.0202,NA
JPMorgan Mid Cap Growth C,0.79,0.0174,0.0058,0.0115
JPMorgan Mid Cap Growth A,0.79,0.0154,0.0052,0.0105
JPMorgan Mid Cap Growth B,0.79,0.0206,0.0068000000000000005,0.0131
JPMorgan Mid Cap Growth Sel,0.79,0.0144,0.0048,0.009899999999999999
JPMorgan Mid Cap Growth R6,0.79,NA,NA,NA
JPMorgan Mid Cap Growth R5,0.79,NA,NA,NA
JPMorgan Mid Cap Growth R2,0.79,0.0146,NA,NA
JPMorgan Equity Income R2,0.37,0.006500000000000001,NA,NA
JPMorgan Equity Income R5,0.37,0.0085,NA,NA
JPMorgan Equity Income R6,0.37,NA,NA,NA
JPMorgan Equity Income Select,0.37,0.0079,0.0084,0.0143
JPMorgan Equity Income B,0.37,0.0059,0.0059,0.011899999999999999
JPMorgan Equity Income A,0.37,0.0070999999999999995,0.0075,0.0134
JPMorgan Equity Income A Load Waived,0.37,0.0070999999999999995,0.0075,0.0134
JPMorgan Equity Income C,0.37,0.0058,0.006,0.011899999999999999
Columbia Diversified Equity Income C,0.36,0.0026,0.0024,0.0066
Columbia Diversified Equity Income I,0.36,0.006999999999999999,0.0067,0.0108
Columbia Diversified Equity Income A LW,0.36,0.0052,0.0051,0.009300000000000001
Columbia Diversified Equity Income A,0.36,0.0052,0.0051,0.009300000000000001
Columbia Diversified Equity Income B,0.36,0.0024,0.0023,0.006500000000000001
Columbia Diversified Equity Income Z,0.36,0.0064,NA,NA
Columbia Diversified Equity Income R4,0.36,0.0059,0.005699999999999999,0.009899999999999999
Columbia Diversified Equity Income R,0.36,0.0044,0.0042,0.0084
Columbia Diversified Equity Income R3,0.36,0.0048,0.004699999999999999,0.009000000000000001
Columbia Diversified Equity Income R5,0.36,0.0068000000000000005,0.006500000000000001,0.010700000000000001
Columbia Diversified Equity Income W,0.36,0.0054,0.0051,0.009300000000000001
Columbia Dividend Opportunity C,1.05,0.0103,0.0113,0.011000000000000001
Columbia Dividend Opportunity I,1.05,0.013600000000000001,0.0148,0.0146
Columbia Dividend Opportunity A LW,1.05,0.012199999999999999,0.0134,0.013300000000000001
Columbia Dividend Opportunity A,1.05,0.012199999999999999,0.0134,0.013300000000000001
Columbia Dividend Opportunity B,1.05,0.0101,0.011000000000000001,0.0108
Columbia Dividend Opportunity Z,1.05,0.0131,NA,NA
Columbia Dividend Opportunity R4,1.05,0.0126,0.0138,0.013999999999999999
Columbia Dividend Opportunity W,1.05,0.012,0.0134,0.0131
Columbia Dividend Opportunity R,1.05,0.012,0.0127,NA
RiverSource Dividend Opportunity R3,1.05,0.0132,NA,NA
Columbia Dividend Opportunity R5,1.05,0.013500000000000002,0.0147,NA
Van Eck Intl Investors Gold I,0.24,0.0045000000000000005,0.015700000000000002,0.0155
Van Eck Intl Investors Gold Y,0.24,0.0055000000000000005,NA,NA
Van Eck Intl Investors Gold A,0.24,0.0055000000000000005,0.0183,0.0204
Van Eck Intl Investors Gold A LW,0.24,0.0055000000000000005,0.0183,0.0204
Van Eck Intl Investors Gold C,0.24,0.006,0.0187,0.021
DFA International Value I,0.09,0.012199999999999999,0.0102,0.011399999999999999
DFA International Value R2,0.09,0.0113,0.017,NA
Virtus Real Estate Securities I,0.36,0.004,0.0052,0.0073
Virtus Real Estate Securities A,0.36,0.0031,0.0043,0.006500000000000001
Virtus Real Estate Securities B,0.36,0.0005,0.0019,0.0040999999999999995
Virtus Real Estate Securities A LW,0.36,0.0031,0.0043,0.006500000000000001
Virtus Real Estate Securities C,0.36,0.0004,0.0018,0.0039000000000000003
Janus Growth & Income T,0.65,0.0034999999999999996,0.0037,0.0079
Berger Large Cap Growth,0.65,NA,NA,NA
Janus Growth & Income A,0.65,0.0034000000000000002,NA,NA
Janus Growth & Income C,0.65,0.001,NA,NA
Janus Growth & Income I,0.65,0.0040999999999999995,NA,NA
Janus Growth & Income R,0.65,0.002,NA,NA
Janus Growth & Income S,0.65,0.0027,NA,NA
Janus Growth & Income A Load Waived,0.65,0.0034000000000000002,NA,NA
Janus Growth & Income D,0.65,0.0039000000000000003,0.004,0.008
Janus Enterprise D,0.15,NA,NA,NA
Janus Enterprise A Load Waived,0.15,NA,NA,NA
Janus Enterprise A,0.15,NA,NA,NA
Janus Enterprise C,0.15,NA,NA,NA
Janus Enterprise I,0.15,NA,NA,NA
Janus Enterprise R,0.15,NA,NA,NA
Janus Enterprise S,0.15,NA,NA,NA
Janus Enterprise T,0.15,NA,NA,NA
Berger Mid Cap Growth,0.15,NA,NA,NA
Janus Venture N,0.54,NA,NA,NA
Janus Venture A,0.54,0.0109,NA,NA
Janus Venture C,0.54,0.0111,NA,NA
Janus Venture I,0.54,0.0109,NA,NA
Janus Venture S,0.54,0.0109,NA,NA
Janus Venture A Load Waived,0.54,0.0109,NA,NA
Berger Small Company Growth Inv,0.54,NA,0.0127,0.024300000000000002
Janus Venture D,0.54,0.0109,0.0036,0.0095
Janus Venture T,0.54,0.0109,0.0036,0.0095
Berger Small Company Growth Instl,0.54,NA,NA,NA
Janus Worldwide T,0.88,0.0026,0.0027,0.003
Janus Worldwide D,0.88,0.0031,0.0029,0.0031
Janus Worldwide A Load Waived,0.88,0.002,NA,NA
Janus Worldwide A,0.88,0.002,NA,NA
Janus Worldwide C,0.88,NA,NA,NA
Janus Worldwide I,0.88,0.0034999999999999996,NA,NA
Janus Worldwide R,0.88,0.0016,NA,NA
Janus Worldwide S,0.88,0.0014000000000000002,NA,NA
Jensen Quality Growth J,0.07,0.004,0.0038,0.0052
Jensen Quality Growth I,0.07,0.0051,0.0048,0.0062
Jensen Quality Growth R,0.07,0.0034000000000000002,0.0031,0.0045000000000000005
Schwab Small Cap Index Inv,0.26,0.0075,0.0203,0.013300000000000001
Schwab Small Cap Index,0.26,0.0208,0.009300000000000001,0.0129
Wells Fargo Advantage Prem Lg Co Gr B,0.65,0.0045000000000000005,0.0015,0.0009
Wells Fargo Advantage Prem Lg Co Gr A,0.65,0.0039000000000000003,0.0022,0.0018
Wells Fargo Advantage Prem Lg Co Gr Adm,0.65,0.0039000000000000003,NA,NA
Wells Fargo Advantage Prem Lg Co Gr Inv,0.65,0.0039000000000000003,NA,NA
Wells Fargo Advantage Prem Lg Co Gr A LW,0.65,0.0039000000000000003,0.0022,0.0018
Wells Fargo Advantage Prem Lg Co Gr C,0.65,0.0043,0.0017000000000000001,0.001
Wells Fargo Advantage Prem Lg Co Gr I,0.65,0.0039000000000000003,0.0027,0.0025
Keeley Small Cap Value A Load Waived,0.1898,NA,0.0002,0.0008
Keeley Small Cap Value A,0.1898,NA,0.0002,0.0008
Keeley Small Cap Value I,0.1898,NA,0.0005,NA
Legg Mason Cap Mgmt Value FI,0.47,0.0022,0.0017000000000000001,0.0052
Legg Mason Cap Mgmt Value C,0.47,0.0001,0.0006,0.005
Legg Mason Cap Mgmt Value I,0.47,0.0032,0.0022,0.0055000000000000005
Legg Mason Cap Mgmt Value A,0.47,0.0027,0.002,NA
Legg Mason Cap Mgmt Value A Load Waived,0.47,0.0027,0.002,NA
Legg Mason Cap Mgmt Value R,0.47,0.0011,0.0011,0.0049
Brown Capital Mgmt Small Co Inv,0.21,NA,0.0002,0.0034999999999999996
Brown Capital Mgmt Small Co Instl,0.21,NA,NA,NA
Lord Abbett Developing Growth F,1.3695,0.0092,0.0031,NA
Lord Abbett Developing Growth R2,1.3695,0.009399999999999999,0.0031,NA
Lord Abbett Developing Growth R3,1.3695,0.009300000000000001,0.0031,NA
Lord Abbett Developing Growth A LW,1.3695,0.009300000000000001,0.0031,0.008100000000000001
Lord Abbett Developing Growth C,1.3695,0.0105,0.0034999999999999996,0.0089
Lord Abbett Developing Growth B,1.3695,0.011000000000000001,0.0036,0.0091
Lord Abbett Developing Growth P,1.3695,0.009399999999999999,0.0032,0.008199999999999999
Lord Abbett Developing Growth I,1.3695,0.0087,0.0029,0.0078000000000000005
Lord Abbett Developing Growth A,1.3695,0.009300000000000001,0.0031,0.008100000000000001
Lord Abbett Mid Cap Stock A,0.4777,0.0005,0.0012,0.009399999999999999
Lord Abbett Mid Cap Stock B,0.4777,NA,NA,0.008199999999999999
Lord Abbett Mid Cap Stock I,0.4777,0.0019,0.0025,0.0108
Lord Abbett Mid Cap Stock C,0.4777,NA,NA,0.008
Lord Abbett Mid Cap Stock P,0.4777,0.0002,0.001,0.009300000000000001
Lord Abbett Mid Cap Stock A Load Waived,0.4777,0.0005,0.0012,0.009399999999999999
Lord Abbett Mid Cap Stock F,0.4777,0.0015,0.0022,NA
Lord Abbett Mid Cap Stock R2,0.4777,NA,0.001,NA
Lord Abbett Mid Cap Stock R3,0.4777,0.0002,0.0012,NA
Loomis Sayles Value Y,0.29,0.0053,0.004699999999999999,0.0062
Loomis Sayles Value Admin,0.29,0.004,NA,NA
Loomis Sayles Value B,0.29,0.0007000000000000001,0.0005,NA
Loomis Sayles Value C,0.29,0.0013,0.0012,NA
Loomis Sayles Value A Load Waived,0.29,0.0044,0.0038,0.006
Loomis Sayles Value A,0.29,0.0044,0.0038,0.006
Wells Fargo Advantage Emerg Mkts Eq I,0.05,0.005699999999999999,NA,NA
Wells Fargo Advantage Emerg Mkts Eq Adm,0.05,0.005,0.002,0.011899999999999999
Wells Fargo Advantage Emerg Mkts Eq C,0.05,0.002,0.0006,0.011000000000000001
Wells Fargo Advantage Emerg Mkts Eq B,0.05,0.002,0.0007000000000000001,0.011000000000000001
Wells Fargo Advantage Emerg Mkts Eq A,0.05,0.0043,0.0015,0.011399999999999999
Wells Fargo Advantage Emerg Mkts Eq A LW,0.05,0.0043,0.0015,0.011399999999999999
Invesco Real Estate A Load Waived,0.64,0.0021,0.0051,0.013500000000000002
Invesco Real Estate Institutional,0.64,0.0036,0.0067,0.0151
Invesco Real Estate R,0.64,0.0012,0.0042,0.0126
Invesco Real Estate Investor,0.64,0.0021,0.0051,0.013500000000000002
Invesco Real Estate C,0.64,NA,0.0027,0.011000000000000001
Invesco Real Estate A,0.64,0.0021,0.0051,0.013500000000000002
Invesco Real Estate B,0.64,NA,0.0027,0.011200000000000002
Invesco Real Estate Y,0.64,0.003,0.0059,NA
MFS Research R2,0.69,0.0024,0.0024,0.0023
MFS Research EA,0.69,NA,NA,NA
MFS Research EB,0.69,NA,NA,NA
MFS Research EC,0.69,NA,NA,NA
MFS Research R,0.69,NA,0.0002,0.001
MFS Research R1,0.69,0.0003,0.0006,0.0007000000000000001
MFS Research R2,0.69,0.0029,NA,NA
MFS Research R3,0.69,0.0031,0.0031,0.003
MFS Research R4,0.69,0.0039000000000000003,0.0037,0.0037
MFS Research A Load Waived,0.69,0.003,0.0029,0.0028000000000000004
MFS Research A,0.69,0.003,0.0029,0.0028000000000000004
MFS Research C,0.69,0.0003,0.0006,0.0003
MFS Research B,0.69,NA,0.0003,0.0002
MFS Research I,0.69,0.0038,0.0037,0.0038
MFS Research R5,0.69,0.0036,0.0034999999999999996,0.0034999999999999996
MFS Utilities R5,0.51,NA,NA,NA
MFS Utilities B,0.51,0.0095,0.0092,0.0102
MFS Utilities A,0.51,0.011699999999999999,0.0116,0.0126
MFS Utilities C,0.51,0.0092,0.0091,0.0101
MFS Utilities I,0.51,0.0125,0.0124,0.0134
MFS Utilities A Load Waived,0.51,0.011699999999999999,0.0116,0.0126
MFS Utilities R1,0.51,0.0091,0.0091,0.01
MFS Utilities R2,0.51,0.0131,NA,NA
MFS Utilities R3,0.51,0.011699999999999999,0.0116,0.0126
MFS Utilities R4,0.51,0.0125,0.0124,0.0134
MFS Utilities R,0.51,0.0134,0.008100000000000001,0.0066
MFS Utilities R2,0.51,0.0108,0.0108,0.011699999999999999
RS Partners K,0.4,0.006500000000000001,0.0022,0.006
RS Partners A Load Waived,0.4,0.0064,0.0021,0.0062
RS Partners Y,0.4,0.0063,0.0021,0.006500000000000001
RS Partners A,0.4,0.0064,0.0021,0.0062
MFS Massachusetts Investors Gr Stk A,0.28,0.0021,0.0018,0.0018
MFS Massachusetts Investors Gr Stk B,0.28,NA,NA,NA
MFS Massachusetts Investors Gr Stk C,0.28,NA,NA,NA
MFS Massachusetts Investors Gr Stk R5,0.28,NA,NA,NA
MFS Massachusetts Investors Gr Stk I,0.28,0.003,0.0028000000000000004,0.003
MFS Massachusetts Investors Gr Stk J,0.28,NA,NA,NA
MFS Massachusetts Investors Gr Stk R2,0.28,0.0016,0.0014000000000000002,0.0015
MFS Massachusetts Investors Gr Stk R,0.28,NA,NA,0.0003
MFS Massachusetts Investors Gr Stk 529C,0.28,NA,NA,NA
MFS Massachusetts Investors Gr Stk 529A,0.28,0.002,0.0016,0.0012
MFS Massachusetts Investors Gr Stk 529B,0.28,NA,NA,NA
MFS Massachusetts Investors Gr Stk R1,0.28,NA,NA,0.0002
MFS Massachusetts Investors Gr Stk R2,0.28,0.0016,NA,NA
MFS Massachusetts Investors Gr Stk R3,0.28,0.0023,0.0021,0.0023
MFS Massachusetts Investors Gr Stk R4,0.28,0.003,0.0028000000000000004,0.0029
MFS Massachusetts Investors Gr Stk A LW,0.28,0.0021,0.0018,0.0018
MFS Massachusetts Investors Gr Stk 52 LW,0.28,0.002,0.0016,0.0012
MFS Massachusetts Investors Tr 529A LW,0.21,0.0034000000000000002,0.0034999999999999996,0.0060999999999999995
MFS Massachusetts Investors Tr A LW,0.21,0.0036,0.0037,0.0064
MFS Massachusetts Investors Tr R1,0.21,0.0003,0.0011,0.0043
MFS Massachusetts Investors Tr R2,0.21,0.0155,NA,NA
MFS Massachusetts Investors Tr R3,0.21,0.0037,0.0042,0.0068000000000000005
MFS Massachusetts Investors Tr R4,0.21,0.0045000000000000005,0.0048,0.0070999999999999995
MFS Massachusetts Investors Tr 529A,0.21,0.0034000000000000002,0.0034999999999999996,0.0060999999999999995
MFS Massachusetts Investors Tr 529B,0.21,0.0008,0.0011,0.0040999999999999995
MFS Massachusetts Investors Tr 529C,0.21,0.0011,0.0014000000000000002,0.0042
MFS Massachusetts Investors Tr R,0.21,0.013300000000000001,0.0063,0.0052
MFS Massachusetts Investors Tr R2,0.21,0.0029,0.0033,0.0063
MFS Massachusetts Investors Tr C,0.21,0.001,0.0013,0.0042
MFS Massachusetts Investors Tr J,0.21,NA,NA,NA
MFS Massachusetts Investors R5,0.21,NA,NA,NA
MFS Massachusetts Investors Tr B,0.21,0.0007000000000000001,0.001,0.0038
MFS Massachusetts Investors Tr I,0.21,0.0046,0.0049,0.0078000000000000005
MFS Massachusetts Investors Tr A,0.21,0.0036,0.0037,0.0064
MFS Growth B,0.8,NA,NA,0.0024
MFS Growth A,0.8,NA,NA,0.0021
MFS Growth I,0.8,NA,NA,0.0021
MFS Growth R5,0.8,NA,NA,NA
MFS Growth C,0.8,NA,NA,0.0023
MFS Growth R2,0.8,NA,NA,0.0022
MFS Growth R,0.8,0.010700000000000001,0.0036,0.0021
MFS Growth EA,0.8,NA,NA,NA
MFS Growth EB,0.8,NA,NA,NA
MFS Growth EC,0.8,NA,NA,NA
MFS Growth R1,0.8,NA,NA,0.0023
MFS Growth R2,0.8,0.0115,NA,NA
MFS Growth R3,0.8,NA,NA,0.0021
MFS Growth R4,0.8,NA,NA,0.0021
MFS Growth A Load Waived,0.8,NA,NA,0.0021
MFS Growth EA Load Waived,0.8,NA,NA,NA
BlackRock Basic Value Instl,0.64,0.008100000000000001,0.0069,0.0116
BlackRock Basic Value Inv B,0.64,0.0027,0.0018,0.0069
BlackRock Basic Value Inv C,0.64,0.0044,0.0034999999999999996,0.0084
BlackRock Basic Value Inv A,0.64,0.006999999999999999,0.0059,0.010700000000000001
BlackRock Basic Value Inv A Load Waived,0.64,0.006999999999999999,0.0059,0.010700000000000001
BlackRock Basic Value R,0.64,0.0059,0.005,0.0098
Morgan Stanley Inst Small Company Gr I,0.26,0.0028000000000000004,0.0017000000000000001,0.0023
Morgan Stanley Inst Small Company Gr P,0.26,0.003,0.0017000000000000001,0.0024
Morgan Stanley Inst Small Company Gr H,0.26,NA,NA,NA
Morgan Stanley Inst Small Company Gr L,0.26,NA,NA,NA
Schwab International Index Inv,0.1,0.0161,0.011000000000000001,0.0092
Schwab International Index,0.1,0.0138,0.0109,0.0115
ASTON/Fairpointe Mid Cap N,0.11199999999999999,0.0017000000000000001,0.0012,0.0045000000000000005
ASTON/Fairpointe Mid Cap I,0.11199999999999999,0.0026,0.0017000000000000001,0.005
Thornburg Value R5,0.6414,0.0001,0.0021,0.0066
Thornburg Value A Load Waived,0.6414,NA,0.0015,0.0058
Thornburg Value I,0.6414,0.0003,0.0023,0.0067
Thornburg Value R3,0.6414,NA,0.0015,0.0058
Thornburg Value A,0.6414,NA,0.0015,0.0058
Thornburg Value B,0.6414,NA,0.0006,0.0048
Thornburg Value C,0.6414,NA,0.0007000000000000001,0.0048
Thornburg Value R4,0.6414,NA,0.0017000000000000001,0.0060999999999999995
Meridian Growth,0.26,0.0118,0.0046,0.0075
Morgan Stanley Inst Emerging Mkts I,0.6,0.0028000000000000004,0.0033,0.011699999999999999
Morgan Stanley Inst Emerging Mkts P,0.6,0.0029,0.0029,0.011399999999999999
Morgan Stanley Inst Emerging Mkts L,0.6,NA,NA,NA
Morgan Stanley Inst Emerging Mkts H,0.6,NA,NA,NA
Morgan Stanley Inst International Eq I,0.34,0.0089,0.0079,0.0163
Morgan Stanley Inst International Eq P,0.34,0.008100000000000001,0.0070999999999999995,0.0155
Morgan Stanley Inst International Eq H,0.34,NA,NA,NA
Morgan Stanley Inst International Eq L,0.34,NA,NA,NA
MainStay MAP R1,0.44,0.0048,0.0042,0.009899999999999999
MainStay MAP R2,0.44,0.0038,0.003,0.0089
MainStay MAP A Load Waived,0.44,0.0040999999999999995,0.0033,0.0092
MainStay MAP I,0.44,0.0049,0.004,0.01
MainStay MAP C,0.44,0.0006,0.0005,0.0066
MainStay MAP B,0.44,0.0007000000000000001,0.0005,0.0067
MainStay MAP A,0.44,0.0040999999999999995,0.0033,0.0092
MainStay MAP R3,0.44,0.0031,0.0023,0.008199999999999999
MainStay MAP Inv,0.44,0.0034000000000000002,0.0026,NA
JPMorgan Emerging Mkts Eq C,0.09,NA,0.0001,0.0009
JPMorgan Emerging Mkts Eq A Load Waived,0.09,NA,0.0007000000000000001,0.0019
JPMorgan Emerging Mkts Eq A,0.09,NA,0.0007000000000000001,0.0019
JPMorgan Emerging Mkts Eq B,0.09,NA,NA,0.0007000000000000001
JPMorgan Emerging Mkts Eq Sel,0.09,0.0002,0.0011,0.0024
JPMorgan Emerging Mkts Eq Instl,0.09,0.0008,0.0014000000000000002,0.0029
Royce Micro-Cap Instl,0.35,0.0148,NA,NA
Royce Micro-Cap Svc,0.35,0.011200000000000002,0.0069,0.0121
Royce Micro-Cap Consult,0.35,0.009000000000000001,0.0048,0.0109
Royce Micro-Cap Invmt,0.35,0.011399999999999999,0.0070999999999999995,0.0123
Vanguard Tax-Managed Growth & Inc Inv,0.06,0.0037,0.0034999999999999996,0.0032
Vanguard Tax-Managed Growth & Inc Instl,0.06,0.003,0.003,0.0032
Vanguard Tax-Managed Growth & Inc Adm,0.06,0.0029,0.003,0.0032
Mutual Quest B,1.0725,0.013500000000000002,0.01,0.0148
Mutual Quest A,1.0725,0.0172,0.0131,0.0175
Mutual Quest C,1.0725,0.0149,0.0109,0.0152
Mutual Quest A Load Waived,1.0725,0.0172,0.0131,0.0175
Mutual Quest Z,1.0725,0.0182,0.013999999999999999,0.0184
Mutual Quest R,1.0725,0.0166,0.013000000000000001,NA
Eagle Small Cap Growth A Load Waived,0.36,NA,NA,0.0054
Eagle Small Cap Growth I,0.36,NA,NA,0.0053
Eagle Small Cap Growth R3,0.36,NA,NA,0.0054
Eagle Small Cap Growth R5,0.36,NA,NA,0.0053
Heritage Small Cap Stock B,0.36,0.0126,0.0084,0.005
Eagle Small Cap Growth A,0.36,NA,NA,0.0054
Eagle Small Cap Growth C,0.36,NA,NA,0.006
Eagle Small Cap Growth R6,0.36,NA,NA,NA
Dreyfus Strategic Value A Load Waived,0.8837,0.0011,0.001,0.0043
Dreyfus Strategic Value T,0.8837,0.004699999999999999,0.0111,0.0105
Dreyfus Strategic Value B,0.8837,NA,NA,0.0028000000000000004
Dreyfus Strategic Value I,0.8837,0.0013,0.0012,0.004699999999999999
Dreyfus Strategic Value C,0.8837,NA,NA,0.0031
Dreyfus Strategic Value A,0.8837,0.0011,0.001,0.0043
Columbia Value & Restructuring Z,0.09,0.004699999999999999,0.004699999999999999,0.005
Columbia Value & Restructuring I,0.09,0.0053,NA,NA
Columbia Value & Restructuring W,0.09,0.0039000000000000003,NA,NA
Excelsior Value & Restructuring Inst,0.09,0.0062,0.0049,0.0044
Columbia Value & Restructuring R,0.09,0.0029,0.0031,0.0034000000000000002
Columbia Value & Restructuring A LW,0.09,0.0038,0.0039000000000000003,NA
Columbia Value & Restructuring A,0.09,0.0038,0.0039000000000000003,NA
Columbia Value & Restructuring C,0.09,0.0013,0.0016,NA
Franklin Natural Resources C,0.23600000000000002,0.0018,0.0027,0.008100000000000001
Franklin Natural Resources A LW,0.23600000000000002,0.0027,0.0045000000000000005,0.009399999999999999
Franklin Natural Resources Adv,0.23600000000000002,0.0029,0.005,0.0096
Franklin Natural Resources A,0.23600000000000002,0.0027,0.0045000000000000005,0.009399999999999999
SSgA Emerging Markets Instl,0.5,0.005600000000000001,0.0062,0.0113
SSgA Emerging Markets Select,0.5,0.0064,0.0069,0.0118
DFA Emerging Markets I,0.16,0.0132,0.012,0.012
Nicholas,0.20600000000000002,0.0125,0.0088,0.013999999999999999
MainStay S&P 500 Index S,0.04,0.0033,0.0074,0.0104
MainStay S&P 500 Index I,0.04,0.0059,0.005600000000000001,0.0066
MainStay S&P 500 Index A Load Waived,0.04,0.0051,0.0048,0.005600000000000001
MainStay S&P 500 Index A,0.04,0.0051,0.0048,0.005600000000000001
MainStay S&P 500 Index Inv,0.04,0.004699999999999999,0.0046,NA
Oppenheimer Global Opportunities C,0.41,NA,0.0028000000000000004,0.0137
Oppenheimer Global Opportunities I,0.41,NA,NA,NA
Oppenheimer Global Opportunities A,0.41,0.002,0.0046,0.0149
Oppenheimer Global Opportunities B,0.41,NA,0.0024,0.013600000000000001
Oppenheimer Global Opportunities A LW,0.41,0.002,0.0046,0.0149
Oppenheimer Global Opportunities N,0.41,0.0008,0.0037,0.013999999999999999
Oppenheimer Global Opportunities Y,0.41,0.0031,0.005600000000000001,0.016
Oppenheimer Gold & Special Minerals Y,0.37,0.0154,NA,NA
Oppenheimer Gold & Special Minerals A,0.37,0.0129,0.0172,0.0176
Oppenheimer Gold & Special Minerals C,0.37,0.0116,0.0161,0.0159
Oppenheimer Gold & Special Minerals B,0.37,0.011000000000000001,0.0158,0.0154
Oppenheimer Gold & Special Minerals A LW,0.37,0.0129,0.0172,0.0176
Oppenheimer Gold & Special Minerals N,0.37,0.013000000000000001,0.017,0.0173
BlackRock Small Cap Growth Equity Inv C,1.41,0.0048,0.0016,0.001
BlackRock Small Cap Growth Equity I A LW,1.41,0.0040999999999999995,0.0014000000000000002,0.0008
BlackRock Small Cap Growth Equity Inv B,1.41,0.005,0.0016,0.001
BlackRock Small Cap Growth Equity Svc,1.41,0.004,0.0013,0.0008
BlackRock Small Cap Growth Equity Inv A,1.41,0.0040999999999999995,0.0014000000000000002,0.0008
BlackRock Small Cap Growth Equity Instl,1.41,0.0038,0.0013,0.0008
Oppenheimer Discovery A Load Waived,1.12,0.008,0.0027,0.0024
Oppenheimer Discovery N,1.12,0.0083,0.0028000000000000004,0.0025
Oppenheimer Discovery I,1.12,NA,NA,NA
Oppenheimer Discovery B,1.12,0.009899999999999999,0.0032,0.0029
Oppenheimer Discovery C,1.12,0.009399999999999999,0.0031,0.0028000000000000004
Oppenheimer Discovery Y,1.12,0.0076,0.0025,0.0023
Oppenheimer Discovery A,1.12,0.008,0.0027,0.0024
Oppenheimer Capital Appreciation A LW,0.3,0.0006,0.0002,0.0007000000000000001
Oppenheimer Capital Appreciation N,0.3,NA,NA,0.0006
Oppenheimer Capital Appreciation C,0.3,NA,NA,0.0007000000000000001
Oppenheimer Capital Appreciation B,0.3,NA,NA,0.0007000000000000001
Oppenheimer Capital Appreciation I,0.3,NA,NA,NA
Oppenheimer Capital Appreciation A,0.3,0.0006,0.0002,0.0007000000000000001
Oppenheimer Capital Appreciation Y,0.3,0.0021,0.0007000000000000001,0.001
Parnassus Equity Income - Inv,0.6304,0.0044,0.0029,0.005600000000000001
Parnassus Equity Income - Inst,0.6304,0.004699999999999999,0.0032,0.0059
Neuberger Berman Large Cap Value A LW,0.41,0.0031,NA,NA
Neuberger Berman Large Cap Value C,0.41,NA,NA,NA
Neuberger Berman Large Cap Value A,0.41,0.0031,NA,NA
Neuberger Berman Large Cap Value R3,0.41,0.0009,NA,NA
Neuberger Berman Large Cap Value Adv,0.41,0.001,0.0011,0.0028000000000000004
Neuberger Berman Large Cap Value Inv,0.41,0.0016,0.0013,0.003
Neuberger Berman Large Cap Value Tr,0.41,0.0008,0.001,0.0028000000000000004
Neuberger Berman Large Cap Value Inst,0.41,0.0024,0.0019,0.0037
Dreyfus MidCap Index,0.19399999999999998,0.0076,0.0044,0.0084
Dreyfus S&P 500 Index,0.0338,0.0036,0.0038,0.0036
JPMorgan International Value R6,0.6,0.0138,NA,NA
JPMorgan International Value I,0.6,0.0134,0.011399999999999999,0.0134
JPMorgan International Val S,0.6,0.013000000000000001,0.0109,0.0129
JPMorgan International Val A,0.6,0.011899999999999999,0.0102,0.012199999999999999
JPMorgan International Val B,0.6,0.0101,0.0084,0.0102
JPMorgan International Val A LW,0.6,0.011899999999999999,0.0102,0.012199999999999999
JPMorgan International Val C,0.6,0.0102,0.0087,0.0108
JPMorgan International Val R2,0.6,0.0106,0.0102,NA
Nuveen Real Estate Secs A Load Waived,0.21,0.0092,0.009899999999999999,0.0152
Nuveen Real Estate Secs R3,0.21,0.0083,0.009000000000000001,0.014199999999999999
Nuveen Real Estate Secs I,0.21,0.0101,0.010700000000000001,0.0159
Nuveen Real Estate Secs B,0.21,0.006999999999999999,0.0077,0.013000000000000001
Nuveen Real Estate Secs A,0.21,0.0092,0.009899999999999999,0.0152
Nuveen Real Estate Secs C,0.21,0.0067,0.0077,0.0129
Pioneer Mid-Cap Value Y,0.72,0.002,0.0016,0.005
Pioneer Mid-Cap Value C,0.72,0.0005,0.0002,0.0034999999999999996
Pioneer Mid-Cap Value A,0.72,0.0015,0.0011,0.0042
Pioneer Mid-Cap Value B,0.72,NA,NA,0.0032
Pioneer Mid-Cap Value Inv,0.72,NA,NA,NA
Pioneer Mid-Cap Value A Load Waived,0.72,0.0015,0.0011,0.0042
Pioneer Mid-Cap Value R,0.72,0.0009,0.0007000000000000001,0.0038
Pioneer Equity Income R,0.24,0.003,0.0029,0.005600000000000001
Pioneer Equity Income A Load Waived,0.24,0.0034999999999999996,0.0034000000000000002,0.0062
Pioneer Equity Income B,0.24,0.002,0.0017000000000000001,0.0044
Pioneer Equity Income A,0.24,0.0034999999999999996,0.0034000000000000002,0.0062
Pioneer Equity Income C,0.24,0.0024,0.0021,0.004699999999999999
Pioneer Equity Income Y,0.24,0.0040999999999999995,0.004,0.0069
Pioneer Equity Income Z,0.24,0.004,0.0036,NA
Pioneer Value A,0.84,0.0022,0.0022,0.0063
Pioneer Value A Load Waived,0.84,0.0022,0.0022,0.0063
Pioneer Value Inv,0.84,NA,NA,NA
Pioneer Value Y,0.84,0.0027,0.0028000000000000004,0.006999999999999999
Pioneer Value R,0.84,0.024700000000000003,0.0195,NA
Pioneer Value B,0.84,NA,0.0001,0.0045000000000000005
Pioneer Value C,0.84,0.0008,0.0008,0.0051
Fidelity Advisor Growth Opportunities C,0.31,NA,NA,NA
Fidelity Advisor Growth Opportuniti A LW,0.31,NA,0.0006,0.0003
Fidelity Advisor Growth Opportunities T,0.31,NA,0.0003,0.0002
Fidelity Advisor Growth Opportunities I,0.31,NA,0.0009,0.0005
Fidelity Advisor Growth Opportunities B,0.31,NA,NA,NA
Fidelity Advisor Growth Opportunities A,0.31,NA,0.0006,0.0003
T. Rowe Price Growth & Income,0.09,0.0043,0.0039000000000000003,0.005
T. Rowe Price Dividend Growth,0.10400000000000001,0.0054,0.0051,0.0073
T. Rowe Price Dividend Growth Adv,0.10400000000000001,0.0043,0.0042,0.0063
Harbor International Growth Inv,1.12,NA,0.0026,0.0026
Harbor International Growth Adm,1.12,NA,0.0027,0.003
Harbor International Growth Instl,1.12,NA,0.0032,0.0036
T. Rowe Price International Discovery,0.493,0.0038,0.0045000000000000005,0.0088
T. Rowe Price New America Growth,0.321,0.0092,0.004,0.0087
T. Rowe Price New America Growth Adv,0.321,0.009000000000000001,0.0038,0.0085
T. Rowe Price New Asia,0.6809999999999999,0.027999999999999997,0.011699999999999999,0.0137
T. Rowe Price New Era,0.265,0.0096,0.006,0.0075
T. Rowe Price Science & Tech,0.774,NA,NA,NA
T. Rowe Price Science & Tech Adv,0.774,NA,NA,NA
Pioneer Oak Ridge Small Cap Growth A,0.26,0.0076,0.0025,0.0049
Pioneer Oak Ridge Small Cap Growth C,0.26,0.0088,0.0029,0.0055000000000000005
Pioneer Oak Ridge Small Cap Growth R,0.26,NA,NA,NA
Pioneer Oak Ridge Small Cap Growth Y,0.26,0.0075,NA,NA
Pioneer Oak Ridge Small Cap Growth A LW,0.26,0.0076,0.0025,0.0049
Pioneer Oak Ridge Small Cap Growth B,0.26,0.0085,0.0028000000000000004,0.0052
T. Rowe Price Spectrum Growth,0.13,0.0040999999999999995,0.0038,0.0085
Harding Loevner International Eq Inv,0.15,0.002,0.0016,0.0111
Harding Loevner International Eq Instl,0.15,0.0034999999999999996,0.0026,0.012
Prudential Jennison Natural Resources A,0.34,NA,0.0032,0.0097
Prudential Jennison Natural Resources B,0.34,NA,0.0039000000000000003,0.0098
Prudential Jennison Natural Resources Z,0.34,NA,0.0031,0.0102
Prudential Jennison Natural Resources Q,0.34,NA,NA,NA
Prudential Jennison Natural Resources C,0.34,NA,0.0038,0.0097
Prudential Jennison Natural Resourc A LW,0.34,NA,0.0032,0.0097
Prudential Jennison Natural Resources R,0.34,NA,0.0032,0.0097
Prudential Jennison Small Company B,0.44,NA,NA,0.0058
Prudential Jennison Small Company A,0.44,NA,0.0001,0.0051
Prudential Jennison Small Company C,0.44,NA,NA,0.0058
Prudential Jennison Small Company Z,0.44,0.0009,0.0008,0.005699999999999999
Prudential Jennison Small Company Q,0.44,0.0015,NA,NA
Prudential Jennison Small Company R,0.44,NA,NA,0.0048
Prudential Jennison Small Company A LW,0.44,NA,0.0001,0.0051
Prudential Jennison Small Company L,0.44,NA,NA,0.0048
Prudential Jennison Small Company M,0.44,NA,NA,0.0059
Prudential Jennison Small Company X,0.44,NA,NA,0.0059
Mairs & Power Growth Inv,0.0278,0.0067,0.0064,0.008
Nuveen Mid Cap Growth Opp I,1.14,0.005699999999999999,0.0019,0.004699999999999999
First American Mid Cap Growth A,1.14,NA,NA,NA
First American Mid Cap Growth Y,1.14,NA,NA,NA
First American Mid Cap Growth C,1.14,NA,NA,NA
First American Mid Cap Growth B,1.14,NA,NA,NA
Nuveen Mid Cap Growth Opp A,1.14,0.0062,0.0021,0.005
Nuveen Mid Cap Growth Opp A Load Waived,1.14,0.0062,0.0021,0.005
First American Mid Cap Growth A LW,1.14,NA,NA,NA
Nuveen Mid Cap Growth Opp B,1.14,0.0075,0.0024,0.005699999999999999
Nuveen Mid Cap Growth Opp C,1.14,0.0069,0.0023,0.0054
First American Mid Cap Growth S,1.14,NA,NA,NA
Nuveen Mid Cap Growth Opp R3,1.14,0.0063,0.0021,0.0051
Prudential Jennison Utility Z,0.51,0.0074,0.0088,0.0141
Prudential Jennison Utility A LW,0.51,0.006500000000000001,0.0078000000000000005,0.0131
Prudential Jennison Utility C,0.51,0.0045000000000000005,0.005600000000000001,0.0108
Prudential Jennison Utility B,0.51,0.004699999999999999,0.005699999999999999,0.0109
Prudential Jennison Utility A,0.51,0.006500000000000001,0.0078000000000000005,0.0131
Prudential Jennison Utility R,0.51,0.0059,0.0072,0.0125
Putnam Fund for Growth & Income Y,0.45,0.006500000000000001,0.005,0.013000000000000001
Putnam Fund for Growth & Income A,0.45,0.005600000000000001,0.0042,0.012199999999999999
Putnam Fund for Growth & Income B,0.45,0.003,0.0016,0.0097
Putnam Fund for Growth & Income M,0.45,0.0038,0.0025,0.0105
Putnam Fund for Growth & Income C,0.45,0.003,0.0016,0.0096
Putnam Fund for Growth & Income R,0.45,0.004699999999999999,0.0033,0.011399999999999999
Putnam Fund for Growth & Income A LW,0.45,0.005600000000000001,0.0042,0.012199999999999999
Putnam Investors A,0.65,0.0034999999999999996,0.0036,0.0024
Putnam Investors B,0.65,0.0008,0.0012,0.0007000000000000001
Putnam Investors C,0.65,0.0009,0.0012,0.0007000000000000001
Putnam Investors Y,0.65,0.0044,0.0044,0.0031
Putnam Investors M,0.65,0.0018,0.0022,0.0013
Putnam Investors A Load Waived,0.65,0.0034999999999999996,0.0036,0.0024
Putnam Investors R,0.65,0.0031,0.0031,0.0019
Putnam Multi-Cap Growth A,0.69,NA,0.0001,0.0001
Putnam Multi-Cap Growth B,0.69,NA,NA,NA
Putnam Multi-Cap Growth C,0.69,NA,NA,NA
Putnam Multi-Cap Growth M,0.69,NA,NA,NA
Putnam Multi-Cap Growth Y,0.69,NA,0.0004,0.0002
Putnam Multi-Cap Growth A Load Waived,0.69,NA,0.0001,0.0001
Putnam Multi-Cap Growth R,0.69,NA,NA,NA
Putnam Equity Income R,0.71,0.0064,0.0054,0.0103
Putnam Equity Income A Load Waived,0.71,0.0072,0.0060999999999999995,0.0111
Putnam Equity Income C,0.71,0.004699999999999999,0.0037,0.0086
Putnam Equity Income Y,0.71,0.008,0.006999999999999999,0.011899999999999999
Putnam Equity Income A,0.71,0.0072,0.0060999999999999995,0.0111
Putnam Equity Income M,0.71,0.0054,0.0044,0.009399999999999999
Putnam Equity Income B,0.71,0.004699999999999999,0.0034999999999999996,0.0086
Putnam Voyager A Load Waived,1.76,NA,0.0016,0.0009
Putnam Voyager R,1.76,NA,0.0013,0.0008
Putnam Voyager B,1.76,NA,0.0005,0.0003
Putnam Voyager A,1.76,NA,0.0016,0.0009
Putnam Voyager C,1.76,NA,0.0007000000000000001,0.0004
Putnam Voyager Y,1.76,NA,0.002,0.0012
Putnam Voyager M,1.76,NA,0.0008,0.0005
Dreyfus Basic S&P 500 Stock Index,0.0212,0.0029,0.0029,0.0040999999999999995
Oppenheimer Rising Dividends A,0.36,0.0046,0.005699999999999999,0.013500000000000002
Oppenheimer Rising Dividends C,0.36,0.0027,0.004,0.0123
Oppenheimer Rising Dividends Y,0.36,0.0052,0.0066,0.0143
Oppenheimer Rising Dividends B,0.36,0.0021,0.0034000000000000002,0.011899999999999999
Oppenheimer Rising Dividends N,0.36,0.0034000000000000002,0.0040999999999999995,0.0123
Oppenheimer Rising Dividends A LW,0.36,0.0046,0.005699999999999999,0.013500000000000002
Oppenheimer Rising Dividends I,0.36,NA,NA,NA
Oppenheimer Small & Mid Cap Value A LW,0.89,NA,NA,0.0040999999999999995
Oppenheimer Small & Mid Cap Value Y,0.89,NA,NA,0.0040999999999999995
Oppenheimer Small & Mid Cap Value N,0.89,NA,NA,0.0042
Oppenheimer Small & Mid Cap Value I,0.89,NA,NA,NA
Oppenheimer Small & Mid Cap Value C,0.89,NA,NA,0.0046
Oppenheimer Small & Mid Cap Value A,0.89,NA,NA,0.0040999999999999995
Oppenheimer Small & Mid Cap Value B,0.89,NA,NA,0.004699999999999999
T. Rowe Price Latin America,0.14800000000000002,0.0163,0.0072,0.0084
ICM Small Company,0.3,0.0149,0.0058,0.0127
Hartford Growth Opportunities L,1.21,NA,NA,NA
Hartford Growth Opportunities N,1.21,NA,NA,NA
Hartford Growth Opportunities H,1.21,NA,NA,NA
Hartford Growth Opportunities M,1.21,NA,NA,NA
Hartford Growth Opportunities A,1.21,NA,NA,0.0067
Hartford Growth Opportunities B,1.21,NA,NA,0.008100000000000001
Hartford Growth Opportunities C,1.21,NA,NA,0.008
Hartford Growth Opportunities Y,1.21,NA,0.0003,0.0068000000000000005
Hartford Growth Opportunities Z,1.21,NA,NA,NA
Hartford Growth Opportunities A LW,1.21,NA,NA,0.0067
Hartford Growth Opportunities R3,1.21,NA,NA,0.006500000000000001
Hartford Growth Opportunities R4,1.21,NA,NA,0.0066
Hartford Growth Opportunities R5,1.21,NA,0.0002,0.0068000000000000005
Hartford Growth Opportunities I,1.21,NA,0.0002,0.006999999999999999
Amana Trust Growth,0.05,0.0001,0.0001,0.0004
RidgeWorth Large Cap Value Equity I,1.1,0.005699999999999999,0.0055000000000000005,0.012
RidgeWorth Large Cap Value Equity C,1.1,0.0023,0.0025,0.0089
RidgeWorth Large Cap Value Equity A,1.1,0.0048,0.0046,0.0111
RidgeWorth Large Cap Value Equity A LW,1.1,0.0048,0.0046,0.0111
DWS Core Equity A Load Waived,1.91,0.0034999999999999996,0.0034000000000000002,0.0116
DWS Core Equity R,1.91,NA,NA,NA
DWS Core Equity A,1.91,0.0034999999999999996,0.0034000000000000002,0.0116
DWS Core Equity B,1.91,0.001,0.0006,0.0092
DWS Core Equity C,1.91,0.0013,0.001,0.009300000000000001
DWS Core Equity Institutional,1.91,0.0051,0.0053,0.0134
DWS Growth & Income R,1.91,NA,NA,NA
DWS Core Equity S,1.91,0.004699999999999999,0.004699999999999999,0.0129
DWS Growth & Income AARP,1.91,NA,NA,NA
Schwab 1000 Index,0.05,0.013000000000000001,0.0088,0.008
Schwab 1000 Index Sel,0.05,0.0092,0.006500000000000001,0.006
Vanguard Tax-Managed Capital App Inst,0.02,0.0026,0.0024,0.0027
Vanguard Tax-Managed Capital App Inv,0.02,0.0021,0.0026,0.0024
Vanguard Tax-Managed Capital App Adm,0.02,0.0025,0.0023,0.0026
American Century Value A Load Waived,0.62,0.0207,0.0276,NA
American Century Value R,0.62,0.0045000000000000005,0.0049,0.0118
American Century Value A,0.62,0.0207,0.0276,NA
American Century Value B,0.62,0.0033,0.0036,0.0105
American Century Value C,0.62,0.0032,0.0034999999999999996,0.0104
American Century Value Inv,0.62,0.0062,0.0066,0.013500000000000002
American Century Value A,0.62,0.0053,0.0058,0.0127
American Century Value Instl,0.62,0.0068000000000000005,0.0073,0.014199999999999999
American Century Value A Load Waived,0.62,0.0053,0.0058,0.0127
Fidelity Emerging Asia,1.15,0.0067,0.008199999999999999,0.0096
Fidelity Southeast Asia F,1.15,NA,NA,NA
Longleaf Partners Small-Cap,0.37329999999999997,0.009899999999999999,0.0038,0.0083
SSgA S&P 500 Index Instl,0.02,0.0068000000000000005,0.0067,0.0067
Columbia Seligman Comms & Info A,0.66,0.0060999999999999995,0.002,0.0012
Seligman Communications&Information D,0.66,NA,NA,NA
Columbia Seligman Comms & Info C,0.66,0.0075,0.0025,0.0015
Columbia Seligman Comms & Info I,0.66,0.0058,NA,NA
Columbia Seligman Comms & Info R3,0.66,0.0062,NA,NA
Columbia Seligman Comms & Info R4,0.66,0.0059,NA,NA
Columbia Seligman Comms & Info Z,0.66,0.0059,NA,NA
Columbia Seligman Comms & Info B,0.66,0.0078000000000000005,0.0025,0.0015
Columbia Seligman Comms & Info R5,0.66,0.0059,0.002,0.0012
Columbia Seligman Comms & Info R,0.66,0.0063,0.0021,0.0013
Columbia Seligman Comms & Info A LW,0.66,0.0060999999999999995,0.002,0.0012
Sentinel Small Company A Load Waived,0.37,0.013000000000000001,0.0043,0.006500000000000001
Sentinel Small Company C,0.37,0.0146,0.0049,0.0070999999999999995
Sentinel Small Company B,0.37,NA,NA,0.0096
Sentinel Small Company A,0.37,0.013000000000000001,0.0043,0.006500000000000001
Sentinel Small Company I,0.37,0.0127,0.0043,0.006500000000000001
Sentinel Common Stock I,0.09,0.0070999999999999995,0.0051,0.0066
Sentinel Common Stock A,0.09,0.006,0.0038,0.0053
Sentinel Common Stock C,0.09,0.0033,0.0012,0.0026
Sentinel Common Stock B,0.09,NA,0.0001,0.003
Sentinel Common Stock A Load Waived,0.09,0.006,0.0038,0.0053
Legg Mason ClearBridge Appreciation FI,0.27,0.004699999999999999,0.0048,NA
Legg Mason ClearBridge Appreciation R,0.27,0.0038,0.0038,0.0102
Legg Mason ClearBridge Appreciation IS,0.27,0.0062,0.006500000000000001,NA
Legg Mason ClearBridge Appreciation B,0.27,0.0007000000000000001,0.0018,0.0052
Legg Mason ClearBridge Appreciation A,0.27,0.0046,0.005,0.011200000000000002
Legg Mason ClearBridge Appreciation I,0.27,0.0059,0.0062,0.0125
Smith Barney Appreciation Z,0.27,NA,NA,NA
Legg Mason ClearBridge Appreciation C,0.27,0.0022,0.0025,0.0089
Legg Mason ClearBridge Appreciation A LW,0.27,0.0046,0.005,0.011200000000000002
Legg Mason ClearBridge Equity Inc B A LW,0.83,0.0095,0.0111,0.016
Legg Mason Partners CapInc SmB O,0.83,NA,NA,NA
Legg Mason ClearBridge Eq Inc Bldr 1,0.83,0.0104,NA,NA
Legg Mason ClearBridge Equity Inc Bldr I,0.83,0.0105,0.0118,0.0167
Legg Mason ClearBridge Equity Inc Bldr A,0.83,0.0095,0.0111,0.016
Legg Mason ClearBridge Equity Inc Bldr B,0.83,0.0077,0.01,0.0148
Legg Mason ClearBridge Equity Inc Bldr C,0.83,0.006999999999999999,0.0084,0.013600000000000001
Legg Mason ClearBridge Eq Inc Bldr R,0.83,NA,NA,NA
Legg Mason ClearBridge Fdmtl AlCp Val IS,0.15,0.0055000000000000005,NA,NA
Legg Mason ClearBridge Fdmtl AlCp Val A,0.15,0.0026,0.0029,0.0074
Legg Mason ClearBridge Fdmtl AlCp Val B,0.15,NA,0.0012,0.005600000000000001
Legg Mason ClearBridge Fdmtl AlCp Val C,0.15,0.0006,0.0015,0.006
Legg Mason ClearBridge Fdmtl AlCp Val I,0.15,0.004,0.0042,0.0086
Legg Mason ClearBridge Fdmtl AlCp V A LW,0.15,0.0026,0.0029,0.0074
Prudential Jennison Growth A LW,0.63,NA,0.0001,0.0001
Prudential Jennison Growth R,0.63,NA,NA,NA
Prudential Jennison Growth A,0.63,NA,0.0001,0.0001
Prudential Jennison Growth B,0.63,NA,NA,NA
Prudential Jennison Growth C,0.63,NA,NA,NA
Prudential Jennison Growth Z,0.63,NA,0.0004,0.0004
Columbia Contrarian Core Z,0.78,0.006,0.0034000000000000002,0.0060999999999999995
Columbia Contrarian Core A,0.78,0.0051,0.0025,0.0053
Columbia Contrarian Core T,0.78,0.005,0.0024,0.0051
Galaxy Large Cap Value Tr,0.78,0.0256,0.013600000000000001,0.022400000000000003
Galaxy Large Cap Value Ret A,0.78,0.023799999999999998,0.0128,0.0215
Columbia Contrarian Core B,0.78,0.0037,0.0012,0.0039000000000000003
Columbia Common Stock G,0.78,0.0152,0.0118,0.0070999999999999995
Columbia Contrarian Core R,0.78,0.0044,NA,NA
Columbia Contrarian Core R4,0.78,0.0055000000000000005,NA,NA
Columbia Contrarian Core W,0.78,0.0051,NA,NA
Columbia Contrarian Core I,0.78,0.006500000000000001,NA,NA
Columbia Contrarian Core A Load Waived,0.78,0.0051,0.0025,0.0053
Galaxy Large Cap Value Ret A LW,0.78,0.023799999999999998,0.0128,0.0215
Galaxy Large Cap Value Ret B,0.78,0.024,0.0125,0.0268
Columbia Contrarian Core C,0.78,0.0034999999999999996,0.0012,0.0038
PACE Large Co Growth Equity B,0.84,NA,NA,0.001
PACE Large Co Growth Equity Y,0.84,0.0008,0.0011,0.002
PACE Large Co Growth Equity C,0.84,NA,NA,0.001
PACE Large Co Growth Equity A,0.84,NA,0.0002,0.0011
PACE Large Co Growth Equity A LW,0.84,NA,0.0002,0.0011
PACE Large Co Growth Equity P,0.84,0.0009,0.001,0.0018
Sound Shore,0.61,0.0038,0.0031,0.006500000000000001
State Farm Growth,0.01,0.0036,0.0036,0.006
Fidelity Latin America,0.11,0.005699999999999999,0.0069,0.0069
Fidelity Advisor Latin America A,0.11,0.0049,NA,NA
Fidelity Advisor Latin America B,0.11,0.0018,NA,NA
Fidelity Advisor Latin America C,0.11,0.0017000000000000001,NA,NA
Fidelity Advisor Latin America I,0.11,0.006,NA,NA
Fidelity Advisor Latin America T,0.11,0.0037,NA,NA
Fidelity Advisor Latin America A LW,0.11,0.0049,NA,NA
USAA Growth & Income Adv,0.52,0.0022,NA,NA
USAA Growth & Income,0.52,0.003,0.0025,0.008100000000000001
Wells Fargo Advantage Discovery Inv,1.11,0.0059,0.002,0.0077
Wells Fargo Advantage Discovery Adm,1.11,0.0058,0.002,0.0077
Wells Fargo Advantage Discovery A LW,1.11,0.0059,0.002,NA
Wells Fargo Advantage Discovery A,1.11,0.0059,0.002,NA
Wells Fargo Advantage Discovery C,1.11,0.0062,0.002,NA
Wells Fargo Advantage Discovery Instl,1.11,0.0058,0.0019,0.0076
Wells Fargo Advantage Common Stock A LW,0.41,0.0098,0.0040999999999999995,0.0092
Strong Advisor Common Stock L,0.41,NA,NA,NA
Wells Fargo Advantage Common Stock A,0.41,0.0098,0.0040999999999999995,0.0092
Wells Fargo Advantage Common Stock B,0.41,0.0115,0.0044,0.0096
Wells Fargo Advantage Common Stock C,0.41,0.0111,0.0043,0.0095
Wells Fargo Advantage Common Stock Inv,0.41,0.0096,0.004,0.0091
Wells Fargo Advantage Common Stock Adm,0.41,0.0098,NA,NA
Wells Fargo Advantage Common Stock I,0.41,0.0098,NA,NA
Wells Fargo Advantage Opportunity C,0.31,NA,0.0005,NA
Wells Fargo Advantage Opportunity A LW,0.31,NA,0.0003,0.0078000000000000005
Wells Fargo Advantage Opportunity Adm,0.31,NA,0.0005,0.008
Wells Fargo Advantage Opportunity Inv,0.31,NA,0.0002,0.0076
Wells Fargo Advantage Opportunity A,0.31,NA,0.0003,0.0078000000000000005
Wells Fargo Advantage Opportunity I,0.31,NA,NA,NA
Wells Fargo Advantage Opportunity B,0.31,NA,NA,NA
Invesco Summit Institutional,0.59,0.0012,0.002,NA
Invesco Summit Y,0.59,0.0009,0.0015,NA
Invesco Summit A Load Waived,0.59,0.0001,0.0008,0.0036
AIM Summit II,0.59,NA,NA,NA
Invesco Summit A,0.59,0.0001,0.0008,0.0036
Invesco Summit B,0.59,NA,NA,0.0025
Invesco Summit C,0.59,NA,NA,0.0025
Invesco Summit P,0.59,0.0005,0.0012,0.0039000000000000003
Invesco Summit S,0.59,0.0005,NA,NA
Templeton Foreign A,0.3497,0.009899999999999999,0.0070999999999999995,0.024700000000000003
Templeton Latin America A,0.3497,NA,NA,NA
Templeton Foreign C,0.3497,0.006999999999999999,0.0046,0.0222
Templeton Latin America C,0.3497,0.0043,0.0023,0.0029
Templeton Foreign B,0.3497,0.0042,0.0034000000000000002,0.0217
Templeton Foreign Adv,0.3497,0.0111,0.008100000000000001,0.0258
Templeton Pacific Growth C,0.3497,NA,NA,0.0004
Templeton Latin America Adv,0.3497,0.009000000000000001,0.005,0.005699999999999999
Victory International R,0.3497,NA,NA,NA
Victory International A,0.3497,NA,NA,NA
Templeton Pacific Growth A,0.3497,NA,0.0006,0.0013
Victory International A Load Waived,0.3497,NA,NA,NA
Templeton Foreign A Load Waived,0.3497,0.009899999999999999,0.0070999999999999995,0.024700000000000003
Templeton Pacific Growth A Load Waived,0.3497,NA,0.0006,0.0013
Templeton Latin America A Load Waived,0.3497,NA,NA,NA
Victory International Growth B,0.3497,NA,NA,NA
Templeton Foreign R,0.3497,0.0092,0.006500000000000001,0.0241
Templeton Pacific Growth Adv,0.3497,NA,0.0011,0.0015
Templeton Developing Markets R,0.1702,0.0037,0.0044,0.0124
Templeton Developing Markets A LW,0.1702,0.0045000000000000005,0.005,0.0129
Templeton Developing Markets C,0.1702,0.0018,0.0028000000000000004,0.0105
Templeton Developing Markets B,0.1702,0.0004,0.0021,0.0101
Templeton Developing Markets Adv,0.1702,0.005699999999999999,0.006,0.013999999999999999
Templeton Developing Markets A,0.1702,0.0045000000000000005,0.005,0.0129
PACE Large Co Value Equity P,0.49,0.0058,0.0045000000000000005,0.0101
PACE Large Co Value Equity A LW,0.49,0.0048,0.0036,0.0091
PACE Large Co Value Equity C,0.49,0.0015,0.0007000000000000001,0.0062
PACE Large Co Value Equity Y,0.49,0.0058,0.0046,0.0103
PACE Large Co Value Equity A,0.49,0.0048,0.0036,0.0091
PACE Large Co Value Equity B,0.49,0.0007000000000000001,0.0002,0.0059
"Tweedy, Browne Global Value",0.09,0.0102,0.006500000000000001,0.0151
Third Avenue Value Instl,0.06,0.0078000000000000005,0.0076,0.0070999999999999995
Third Avenue Value Investor,0.06,0.0069,NA,NA
ASTON/Montag & Caldwell Growth N,0.6347999999999999,0.0131,0.0055000000000000005,0.009300000000000001
ASTON/Montag & Caldwell Growth I,0.6347999999999999,0.0139,0.0062,0.0101
ASTON/Montag & Caldwell Growth R,0.6347999999999999,0.0124,0.0051,0.0089
Rainier Small/Mid Cap Equity,1.11,NA,NA,0.0055000000000000005
Rainier Small/Mid Cap Equity Instl,1.11,NA,NA,0.0054
Matthews Asian Growth & Inc Investor,0.1654,0.015700000000000002,0.0125,0.0191
Matthews Asian Growth & Income Instl,0.1654,0.016200000000000003,NA,NA
SEI Instl Intl Tr International Equity I,0.98,0.0060999999999999995,0.0034000000000000002,0.01
SEI Instl Intl Tr International Equity A,0.98,0.0074,0.0040999999999999995,0.0109
SEI Instl Mgd S&P 500 Index E,0.61,0.0062,0.0066,0.0088
SEI Instl Mgd S&P 500 Index A,0.61,0.005699999999999999,0.0060999999999999995,0.0083
SEI Instl Mgd S&P 500 Index I,0.61,0.0048,0.0052,0.0074
Fidelity Export & Multinational,1.09,0.0043,0.0029,0.0031
Fidelity Export & Multinational K,1.09,0.005,0.0037,NA
Consulting Group Large Cap Growth,0.76,0.0019,0.0013,0.0024
Consulting Group Large Cap Value Equity,0.38,0.0077,0.0085,0.012199999999999999
American Century Heritage Inv,0.95,NA,NA,0.0023
American Century Heritage Inst,0.95,NA,0.0001,0.0025
American Century Heritage A,0.95,NA,NA,0.0022
American Century Heritage C,0.95,NA,NA,0.0018
American Century Heritage A Load Waived,0.95,NA,NA,0.0022
American Century Heritage B,0.95,NA,NA,NA
American Century Heritage R,0.95,NA,NA,NA
American Century Intl Growth A LW,1.25,0.0021,0.0029,0.0048
American Century Intl Growth C,1.25,NA,NA,0.0022
American Century Intl Growth R,1.25,0.0004,0.0012,0.0033
American Century Intl Growth B,1.25,NA,0.0009,0.0023
American Century Intl Growth A,1.25,0.0017000000000000001,0.0032,NA
American Century Intl Growth A LW,1.25,0.0017000000000000001,0.0032,NA
American Century Intl Growth Instl,1.25,0.0053,0.006,0.0073
American Century Intl Growth Inv,1.25,0.0039000000000000003,0.004699999999999999,0.0062
American Century Intl Growth A,1.25,0.0021,0.0029,0.0048
American Century Select B,0.17,NA,0.0001,0.0042
American Century Select C,0.17,NA,NA,0.0037
American Century Select A,0.17,0.0029,0.0015,NA
American Century Select R,0.17,NA,NA,0.0039000000000000003
American Century Select A Load Waived,0.17,0.0029,0.0015,NA
American Century Select Inv,0.17,0.001,0.0013,0.005
American Century Select Instl,0.17,0.0016,0.0019,0.0055000000000000005
American Century Select A,0.17,0.0001,0.0004,0.0044
American Century Select A Load Waived,0.17,0.0001,0.0004,0.0044
American Century Vista Inv,0.9,NA,NA,0.0038
American Century Vista Instl,0.9,NA,NA,0.0037
American Century Vista C,0.9,NA,NA,NA
American Century Vista A Load Waived,0.9,NA,NA,0.0039000000000000003
American Century Vista R,0.9,NA,NA,0.0039000000000000003
American Century Vista Fd C,0.9,0.0012,0.0004,0.0002
American Century Vista A,0.9,NA,NA,0.0039000000000000003
Delafield Fund,0.38,0.002,0.001,0.0044
Waddell & Reed Accumulative A,0.42,0.0001,0.0007000000000000001,0.0011
Waddell & Reed Accumulative Y,0.42,0.0007000000000000001,0.0015,0.002
Waddell & Reed Accumulative B,0.42,NA,NA,NA
Waddell & Reed Accumulative C,0.42,NA,NA,NA
Waddell & Reed Accumulative A LW,0.42,0.0001,0.0007000000000000001,0.0011
Waddell & Reed Core Investment A LW,0.79,0.009300000000000001,0.0039000000000000003,0.0072
Waddell & Reed Core Investment B,0.79,0.0088,0.0029,0.0053
Waddell & Reed Core Investment C,0.79,0.0084,0.0028000000000000004,0.0052
Waddell & Reed Core Investment Y,0.79,0.0103,0.004699999999999999,0.008
Waddell & Reed Core Investment A,0.79,0.009300000000000001,0.0039000000000000003,0.0072
First Eagle Gold A,0.1326,0.0086,0.0087,0.0103
First Eagle Gold A Load Waived,0.1326,0.0086,0.0087,0.0103
First Eagle Gold C,0.1326,0.0063,0.006999999999999999,0.0089
First Eagle Gold I,0.1326,0.009399999999999999,0.009300000000000001,0.0108
Waddell & Reed New Concepts B,0.55,0.0344,0.0134,0.0167
Waddell & Reed New Concepts A LW,0.55,0.0302,0.0131,0.015600000000000001
Waddell & Reed New Concepts A,0.55,0.0302,0.0131,0.015600000000000001
Waddell & Reed New Concepts C,0.55,0.033,0.0131,0.016399999999999998
Waddell & Reed New Concepts Y,0.55,0.0297,0.013300000000000001,0.0159
Waddell & Reed Science & Tech A,0.44,0.0161,0.0066,0.0152
Waddell & Reed Science & Tech C,0.44,0.0161,0.0068000000000000005,0.015600000000000001
Waddell & Reed Science & Tech B,0.44,0.0163,0.0068000000000000005,0.015700000000000002
Waddell & Reed Science & Tech Y,0.44,0.016200000000000003,0.006500000000000001,0.015
Waddell & Reed Science & Tech A LW,0.44,0.0161,0.0066,0.0152
Waddell & Reed Vanguard A Load Waived,0.87,NA,0.0005,0.006
Waddell & Reed Vanguard Y,0.87,NA,0.0011,0.0068000000000000005
Waddell & Reed Vanguard B,0.87,NA,NA,0.0059
Waddell & Reed Vanguard C,0.87,NA,NA,0.0058
Waddell & Reed Vanguard A,0.87,NA,0.0005,0.006
USAA Precious Metals and Minerals,0.24,0.0161,0.013300000000000001,0.0154
USAA Precious Metals and Minerals Adv,0.24,0.0159,NA,NA
USAA Precious Metals and Minerals Instl,0.24,0.017,0.0141,NA
USAA Growth Instl,0.39,0.0016,0.0009,NA
USAA Growth,0.39,0.0011,0.0005,0.0005
USAA Income Stock Instl,0.38,0.0053,0.0053,NA
USAA Income Stock,0.38,0.0046,0.0046,0.0088
USAA International,0.25,0.005,0.004,0.0074
USAA International Adv,0.25,0.0038,NA,NA
USAA International Instl,0.25,0.006,0.0051,NA
USAA Aggressive Growth Instl,0.63,NA,0.0015,NA
USAA Aggressive Growth,0.63,NA,0.0005,0.001
Alger Capital Appreciation A LW,1.6379,NA,NA,NA
Alger Capital Appreciation Z,1.6379,NA,NA,NA
Alger Capital Appreciation B,1.6379,NA,NA,NA
Alger Capital Appreciation A,1.6379,NA,NA,NA
Alger Capital Appreciation C,1.6379,NA,NA,NA
Vanguard Pacific Stock Index Adm,0.04,0.006,0.0060999999999999995,0.0053
Vanguard Pacific Stock Index Inv,0.04,0.005699999999999999,0.0054,0.0048
Vanguard Pacific Stock Index Instl,0.04,0.0060999999999999995,0.0060999999999999995,0.0054
Vanguard Pacific Stock Index Signal,0.04,0.006,0.0060999999999999995,NA
Vanguard Growth & Income Inv,1.2,0.0027,0.0027,0.0067
Vanguard Growth & Income Adm,1.2,0.0029,0.0029,0.0068000000000000005
Vanguard Precious Metals and Mining Inv,0.22,0.0154,0.0105,0.016200000000000003
Vanguard US Growth Adm,0.89,0.0009,0.001,0.0012
Vanguard US Growth Inv,0.89,0.0006,0.0008,0.0009
Wells Fargo Advantage Index Inv,0.03,0.012,NA,NA
Wells Fargo Advantage Index A,0.03,0.0116,0.0167,0.0141
Wells Fargo Advantage Index Adm,0.03,0.0127,0.0177,0.0151
Wells Fargo Advantage Index B,0.03,0.0077,0.013300000000000001,0.0111
Wells Fargo Advantage Index C,0.03,0.0086,0.0132,0.0111
Wells Fargo Advantage Index A LW,0.03,0.0116,0.0167,0.0141
Evergreen Equity Index Instl Svc,0.03,0.0089,0.0102,0.008
Wasatch Small Cap Growth,0.23,0.0063,0.0021,0.0048
GMO International Equity Allc III,0.29,0.0088,0.0079,0.0219
BBH Tax-Efficient Equity I,0.17,NA,NA,NA
BBH Core Select N,0.17,0.0037,0.0025,0.002
BBH Core Select Retail,0.17,0.005,NA,NA
RidgeWorth Small Cap Value Equity I,0.46,0.013500000000000002,0.0068000000000000005,0.0173
RidgeWorth Small Cap Value Equity C,0.46,0.011699999999999999,0.0045000000000000005,0.0158
RidgeWorth Small Cap Value Equity A LW,0.46,0.0128,0.0060999999999999995,0.0167
RidgeWorth Small Cap Value Equity A,0.46,0.0128,0.0060999999999999995,0.0167
Russell US Quantitative Equity I,1.42,0.0038,0.0043,0.0078000000000000005
Russell US Quantitative Equity E,1.42,0.0029,0.0034000000000000002,0.006999999999999999
Russell US Quantitative Equity Y,1.42,0.0042,0.0046,0.0074
Russell US Quantitative Equity A,1.42,0.0027,0.0031,NA
Russell US Quantitative Equity C,1.42,0.0004,0.0008,NA
Russell US Quantitative Equity S,1.42,0.0036,0.004,NA
Russell US Quantitative Equity A LW,1.42,0.0027,0.0031,NA
Ivy Global Natural Resources I,0.84,NA,NA,0.0181
Ivy Global Natural Resources E,0.84,NA,NA,0.0169
Ivy Global Natural Resources B,0.84,NA,NA,0.0181
Ivy Global Natural Resources C,0.84,NA,NA,0.018500000000000003
Ivy Global Natural Resources Adv,0.84,NA,0.030699999999999998,0.0263
Ivy Global Natural Resources A,0.84,NA,NA,0.0178
Ivy Global Natural Resources A LW,0.84,NA,NA,0.0178
Ivy Global Natural Resources R,0.84,NA,NA,0.0178
Ivy Global Natural Resources Y,0.84,NA,NA,0.0179
Harding Loevner Emerging Markets Advisor,0.33,0.0029,0.0018,0.005699999999999999
Oppenheimer Equity Income A,0.37,0.0101,0.0092,0.0147
Oppenheimer Equity Income C,0.37,0.0095,0.0083,0.0141
Oppenheimer Equity Income I,0.37,NA,NA,NA
Oppenheimer Equity Income Y,0.37,0.011200000000000002,NA,NA
Oppenheimer Equity Income N,0.37,0.0092,0.008199999999999999,0.0137
Oppenheimer Equity Income B,0.37,0.0095,0.008100000000000001,0.0141
Oppenheimer Equity Income A Load Waived,0.37,0.0101,0.0092,0.0147
Invesco Van Kampen SmallCapValue A LW,0.05,0.0121,0.005699999999999999,0.0076
Invesco Van Kampen SmallCapValue A,0.05,0.0121,0.005699999999999999,0.0076
Invesco Van Kampen SmallCapValue C,0.05,0.013600000000000001,0.0064,0.008100000000000001
Invesco Van Kampen SmallCapValue B,0.05,0.0139,0.0064,0.0083
Invesco Van Kampen SmallCapValue Y,0.05,0.011899999999999999,0.0058,0.0079
DFA Tax-Managed US Targeted Value,0.21,0.0025,0.0025,0.0052
Nationwide International Index Instl,0.0703,0.0109,0.0106,0.0148
Nationwide International Index A,0.0703,0.009899999999999999,0.009300000000000001,0.013600000000000001
Nationwide International Index B,0.0703,0.0087,0.0079,0.012199999999999999
Nationwide International Index A LW,0.0703,0.009899999999999999,0.009300000000000001,0.013600000000000001
Nationwide International Index C,0.0703,0.0087,0.0079,0.0123
Nationwide International Index R2,0.0703,0.0085,0.0086,0.0131
Fidelity Advisor Mega Cap Stock A,0.53,0.0033,0.0034000000000000002,NA
Fidelity Advisor Mega Cap Stock T,0.53,0.0024,0.0025,NA
Fidelity Advisor Mega Cap Stock B,0.53,0.0004,0.0012,NA
Fidelity Advisor Mega Cap Stock C,0.53,0.0014000000000000002,0.0013,NA
Fidelity Advisor Mega Cap Stock I,0.53,0.004,0.0043,NA
Fidelity Advisor Mega Cap Stock A LW,0.53,0.0033,0.0034000000000000002,NA
Fidelity Mega Cap Stock,0.53,0.0043,0.0040999999999999995,0.0063
BlackRock Large Cap Value Instl,1.56,0.0034000000000000002,0.0036,0.0059
BlackRock Large Cap Value Inv B,1.56,NA,NA,0.0023
BlackRock Large Cap Value Inv A,1.56,0.0024,0.0026,0.0048
BlackRock Large Cap Value Inv C,1.56,NA,0.0002,0.0025
BlackRock Large Cap Value Inv A LW,1.56,0.0024,0.0026,0.0048
BlackRock Large Cap Value R,1.56,0.0013,0.0017000000000000001,0.004
BlackRock Large Cap Value S,1.56,0.0032,0.0032,0.0054
Delaware Value A,0.24,0.0060999999999999995,0.0064,0.009399999999999999
Delaware Value Inst,0.24,0.0069,0.0072,0.0103
Delaware Value A Load Waived,0.24,0.0060999999999999995,0.0064,0.009399999999999999
Delaware Value R,0.24,0.0052,0.005600000000000001,0.0085
Delaware Value C,0.24,0.0036,0.0040999999999999995,0.0068000000000000005
Delaware Value B,0.24,0.0037,0.0042,0.006999999999999999
JPMorgan Investor Growth A,0.15,0.0025,0.0025,0.0092
JPMorgan Investor Growth Select,0.15,0.0034000000000000002,0.0032,0.009899999999999999
JPMorgan Investor Growth B,0.15,0.0015,0.0013,0.0079
JPMorgan Investor Growth C,0.15,0.0015,0.0014000000000000002,0.0079
JPMorgan Investor Growth A Load Waived,0.15,0.0025,0.0025,0.0092
JHancock3 Disciplined Value R2,0.44,NA,NA,NA
JHancock3 Disciplined Value A,0.44,0.0059,0.0029,0.0068000000000000005
JHancock3 Disciplined Value I,0.44,0.0073,0.0040999999999999995,0.008100000000000001
JHancock3 Disciplined Value R4,0.44,0.006,0.0029,NA
JHancock3 Disciplined Value R5,0.44,0.0070999999999999995,0.0039000000000000003,NA
JHancock3 Disciplined Value R1,0.44,0.0046,NA,NA
JHancock3 Disciplined Value R3,0.44,0.0049,0.002,NA
JHancock3 Disciplined Value NAV,0.44,0.0077,0.0042,NA
JHancock3 Disciplined Value R6,0.44,NA,NA,NA
JHancock3 Disciplined Value B,0.44,0.0040999999999999995,0.0016,NA
JHancock3 Disciplined Value C,0.44,0.004,0.0016,NA
JHancock3 Disciplined Value ADV,0.44,0.0024,NA,NA
JHancock3 Disciplined Value I2,0.44,0.0075,0.0040999999999999995,NA
JHancock3 Disciplined Value A LW,0.44,0.0059,0.0029,0.0068000000000000005
Laudus International MarketMasters Inv,0.78,0.0032,0.0037,0.009300000000000001
Laudus International MarketMasters Sel,0.78,0.0038,0.0043,0.009899999999999999
Fidelity Advisor Growth & Income A,1.23,0.0044,0.0023,0.004
Fidelity Advisor Growth & Income T,1.23,0.0034999999999999996,0.0014000000000000002,0.0029
Fidelity Advisor Growth & Income C,1.23,0.002,0.0007000000000000001,0.0019
Fidelity Advisor Growth & Income I,1.23,0.005699999999999999,0.0034000000000000002,0.0051
Fidelity Advisor Growth & Income A LW,1.23,0.0044,0.0023,0.004
Fidelity Advisor Growth & Income B,1.23,0.0014000000000000002,0.0005,0.0018
CRM Mid Cap Value Instl,1.16,0.0027,0.0022,0.0077
CRM Mid Cap Value Inv,1.16,0.002,0.0014000000000000002,0.006999999999999999
CRM Mid Cap Value Retail,1.16,0.0128,NA,NA
Rydex|SGI Mid Cap Value S,0.28,NA,NA,NA
Guggenheim Mid Cap Value A Load Waived,0.28,0.0028000000000000004,0.0014000000000000002,0.0115
Guggenheim Mid Cap Value A,0.28,0.0028000000000000004,0.0014000000000000002,0.0115
Guggenheim Mid Cap Value B,0.28,0.0034999999999999996,0.0011,0.012
Guggenheim Mid Cap Value C,0.28,0.0032,0.0011,0.0116
Prudential Jennison Equity Income X,0.7,0.0095,0.0101,0.0182
Prudential Jennison Equity Income L,0.7,0.0101,0.0109,0.0184
Prudential Jennison Equity Income M,0.7,0.009399999999999999,0.01,0.0184
Prudential Jennison Equity Income C,0.7,0.009000000000000001,0.0098,0.0177
Prudential Jennison Equity Income Q,0.7,0.012,NA,NA
Prudential Jennison Equity Income R,0.7,0.01,NA,NA
Prudential Jennison Equity Income A,0.7,0.009899999999999999,0.011399999999999999,0.0189
Prudential Jennison Equity Income B,0.7,0.009300000000000001,0.01,0.0178
Prudential Jennison Equity Income A LW,0.7,0.009899999999999999,0.011399999999999999,0.0189
Prudential Jennison Equity Income Z,0.7,0.011699999999999999,0.0126,NA
BlackRock S&P 500 Index Instl,0.06,0.0066,0.0062,0.0068000000000000005
BlackRock S&P 500 Index A,0.06,0.005699999999999999,0.0054,0.0059
Cambiar Opportunity Inv,0.63,0.0018,0.0018,0.0037
Cambiar Opportunity Inst,0.63,0.0028000000000000004,0.0025,0.0045000000000000005
Oakmark International Small Cap I,0.46,0.0005,0.0024,0.019299999999999998
Oakmark International Small Cap II,0.46,NA,0.0019,0.0187
Dreyfus Small Cap Stock Index,0.2225,0.0078000000000000005,0.0045000000000000005,0.0089
Fidelity Select Natural Resources,0.88,0.0027,0.0023,0.0025
Vantagepoint International,0.5,0.009000000000000001,0.0074,0.0102
Prudential Jennison Health Sciences A,0.54,0.0058,0.0019,0.0062
Prudential Jennison Health Sciences C,0.54,0.006500000000000001,0.0022,0.006
Prudential Jennison Health Sciences Z,0.54,0.005600000000000001,0.0019,0.0062
Prudential Jennison Health Sciences B,0.54,0.0068000000000000005,0.0022,0.0060999999999999995
Prudential Jennison Health Sciences R,0.54,NA,NA,NA
Prudential Jennison Health Sciences L,0.54,0.0059,0.002,0.006
Prudential Jennison Health Sciences M,0.54,0.0067,0.0022,0.006500000000000001
Prudential Jennison Health Sciences X,0.54,0.006500000000000001,0.0021,0.0068000000000000005
Prudential Jennison Health Sciences A LW,0.54,0.0058,0.0019,0.0062
CGM Focus,4.96,NA,0.0001,0.0109
Ivy International Core Equity A,0.88,0.0088,0.0049,0.01
Ivy International Core Equity C,0.88,0.0077,0.0036,0.0087
Ivy International Core Equity B,0.88,0.0074,0.0031,0.008100000000000001
Ivy International Core Equity Adv,0.88,NA,NA,NA
Ivy International Value I,0.88,NA,NA,NA
Ivy International Core Equity Y,0.88,0.009300000000000001,0.0055000000000000005,0.0106
Ivy International Core Equity A LW,0.88,0.0088,0.0049,0.01
Ivy International Core Equity E,0.88,0.0085,0.0049,0.0092
Ivy International Core Equity I,0.88,0.0103,0.0063,0.0115
Baron Small Cap Retail,0.3281,0.003,0.001,0.0027
Baron Small Cap Instl,0.3281,0.003,0.001,NA
Artisan Small Cap Value Institutional,0.47450000000000003,NA,NA,NA
Artisan Small Cap Value Investor,0.47450000000000003,0.0166,0.0058,0.0123
ING Global Real Estate C,0.37,0.0064,0.0125,0.0118
ING Global Real Estate R,0.37,NA,NA,NA
ING Global Real Estate A,0.37,0.0078000000000000005,0.0132,0.0126
ING Global Real Estate B,0.37,0.0073,0.013600000000000001,0.0128
ING Global Real Estate Q,0.37,NA,NA,NA
ING Global Real Estate A Load Waived,0.37,0.0078000000000000005,0.0132,0.0126
ING Global Real Estate I,0.37,0.009000000000000001,0.0144,0.0139
ING Global Real Estate O,0.37,0.0078000000000000005,0.0131,0.0126
ING Global Real Estate W,0.37,0.0087,0.013999999999999999,NA
Invesco Developing Markets Y,0.17,0.0066,0.0049,NA
Invesco Developing Markets A LW,0.17,0.005699999999999999,0.0042,0.006500000000000001
Invesco Developing Markets Instl,0.17,0.0073,0.0054,0.008100000000000001
Invesco Developing Markets C,0.17,0.0031,0.0022,0.0038
AIM Developing Markets Adv,0.17,NA,NA,NA
Invesco Developing Markets A,0.17,0.005699999999999999,0.0042,0.006500000000000001
Invesco Developing Markets B,0.17,0.0033,0.0022,0.0038
Janus Contrarian T,1.3,NA,0.0003,0.0034000000000000002
Janus Contrarian A,1.3,NA,NA,NA
Janus Contrarian C,1.3,NA,NA,NA
Janus Contrarian I,1.3,NA,NA,NA
Janus Contrarian R,1.3,NA,NA,NA
Janus Contrarian S,1.3,NA,NA,NA
Janus Contrarian A Load Waived,1.3,NA,NA,NA
Janus Contrarian D,1.3,NA,0.0004,0.0034999999999999996
Janus Special Situations,1.3,NA,NA,NA
Vantagepoint Growth & Income,0.4,0.0040999999999999995,0.0037,0.008100000000000001
T. Rowe Price Real Estate,0.049,0.008100000000000001,0.0096,0.0138
T. Rowe Price Real Estate Advisor,0.049,0.0072,0.0088,0.0128
Cohen & Steers Realty Income A LW,0.74,0.006,0.0076,0.0147
Cohen & Steers Realty Income B,0.74,0.0036,0.005699999999999999,0.0132
Cohen & Steers Realty Income A,0.74,0.006,0.0076,0.0147
Cohen & Steers Realty Income C,0.74,0.0042,0.006,0.0132
Cohen & Steers Realty Income I,0.74,0.006999999999999999,0.0086,0.0155
Russell US Small Cap Equity E,1.11,0.0004,0.0008,0.008199999999999999
Russell US Small Cap Equity Y,1.11,0.0017000000000000001,0.0019,0.0074
Russell US Small Cap Equity I,1.11,0.0013,0.0016,0.0089
Russell US Small Cap Equity A,1.11,0.0001,0.0006,NA
Russell US Small Cap Equity C,1.11,NA,NA,NA
Russell US Small Cap Equity S,1.11,0.0011,0.0014000000000000002,NA
Russell US Small Cap Equity A LW,1.11,0.0001,0.0006,NA
Litman Gregory Masters Intl Instl,1.2707,0.0007000000000000001,0.0014000000000000002,0.013300000000000001
Litman Gregory Masters Intl Inv,1.2707,0.0007000000000000001,0.0011,NA
DFA Emerging Markets Small Cap I,0.18,0.0106,0.0089,0.0104
MassMutual Select Indexed Equity Z,0.02,NA,NA,NA
MassMutual Select Indexed Equity A,0.02,0.0052,0.0046,0.0054
MassMutual Select Indexed Equity L,0.02,0.006,0.0052,0.0060999999999999995
MassMutual Select Indexed Equity S,0.02,0.0058,0.0052,0.0060999999999999995
MassMutual Select Indexed Equity Y,0.02,0.005600000000000001,0.0051,0.0060999999999999995
MassMutual Select Indexed Equity I,0.02,0.0066,0.0059,0.006999999999999999
MassMutual Select Indexed Equity N,0.02,0.0043,0.0036,0.0043
MassMutual Select Indexed Equity A LW,0.02,0.0052,0.0046,0.0054
Laudus Growth Investors US Large Cap Gr,0.96,0.0034000000000000002,0.0018,0.0014000000000000002
UBS US Large Cap Growth A,0.96,NA,0.0004,0.0003
Brinson U.S. Large Cap Growth UBS,0.96,NA,NA,NA
UBS US Large Cap Growth C,0.96,NA,0.0004,0.0002
UBS US Large Cap Growth B,0.96,NA,0.0004,0.0002
UBS US Large Cap Growth A Load Waived,0.96,NA,0.0004,0.0003
Vantagepoint Equity Income,0.18,0.011699999999999999,0.006999999999999999,0.0069
DFA Tax-Managed US Marketwide Value,0.2,0.0058,0.0052,0.006500000000000001
Vanguard Tax-Managed Small Cap Adm,0.4,0.0013,0.0012,0.0015
Vanguard Tax-Managed Small Cap Instl,0.4,0.0014000000000000002,0.0013,0.0016
Columbia Mid Cap Index A,0.15,0.0104,0.005699999999999999,0.0103
Columbia Mid Cap Index I,0.15,0.0113,NA,NA
Columbia Mid Cap Index Z,0.15,0.0113,0.0064,0.0113
RS Emerging Markets Y,0.44,NA,0.004699999999999999,NA
RS Emerging Markets A,0.44,NA,0.004,0.0078000000000000005
RS Emerging Markets B,0.44,NA,0.0026,0.0074
RS Emerging Markets A Load Waived,0.44,NA,0.004,0.0078000000000000005
RS Emerging Markets C,0.44,NA,0.0034000000000000002,0.0079
RS Emerging Markets K,0.44,NA,0.0028000000000000004,0.006999999999999999
JPMorgan Growth Advantage A,0.96,NA,NA,NA
JPMorgan Growth Advantage B,0.96,NA,NA,NA
JPMorgan Growth Advantage A Load Waived,0.96,NA,NA,NA
JPMorgan Growth Advantage R5,0.96,NA,NA,NA
JPMorgan Growth Advantage C,0.96,NA,NA,NA
JPMorgan Growth Advantage Sel,0.96,NA,NA,NA
T. Rowe Price Media & Telecommunications,0.41100000000000003,0.0179,0.008100000000000001,0.0109
JHancock3 Disciplined Value Mid Cap R2,0.41,NA,NA,NA
JHancock3 Disciplined Value Mid Cap A,0.41,0.0007000000000000001,0.001,0.0078000000000000005
JHancock3 Disciplined Value Mid Cap I,0.41,0.0014000000000000002,0.0017000000000000001,0.0084
JHancock3 Disciplined Value Mid Cap A LW,0.41,0.0007000000000000001,0.001,0.0078000000000000005
JHancock3 Disciplined Value Mid Cap Adv,0.41,0.0007000000000000001,NA,NA
JHancock3 Disciplined Value Mid Cap C,0.41,NA,NA,NA
JHancock3 Disciplined Value Mid Cap R6,0.41,NA,NA,NA
Vanguard Mid Cap Growth Inv,1.27,0.0031,0.0011,0.0037
Russell LifePoints Eq Growth Strategy R3,0.07,0.004,0.0040999999999999995,0.0098
Russell LifePoints Eq Growth Strategy E,0.07,0.0040999999999999995,0.0042,0.01
Russell LifePoints Eq Growth Strategy S,0.07,0.0044,0.0045000000000000005,0.0103
Russell LifePoints Eq Growth Strate A LW,0.07,0.004,0.0040999999999999995,0.0098
Russell LifePoints Eq Growth Strategy C,0.07,0.0038,0.0039000000000000003,0.0096
Russell LifePoints Eq Growth Strategy A,0.07,0.004,0.0040999999999999995,0.0098
Russell LifePoints Eq Growth Strategy R1,0.07,0.0046,0.0046,0.0104
Russell LifePoints Eq Growth Strategy R2,0.07,0.0044,0.0044,0.0101
Ivy Large Cap Growth R,0.57,NA,0.0001,0.0003
Ivy Large Cap Growth A Load Waived,0.57,NA,0.0006,0.0007000000000000001
Ivy Large Cap Growth Y,0.57,NA,0.0008,0.0008
Ivy Large Cap Growth C,0.57,NA,NA,0.0003
Ivy Large Cap Growth A,0.57,NA,0.0006,0.0007000000000000001
Ivy Large Cap Growth B,0.57,NA,NA,0.0003
Ivy Large Cap Growth I,0.57,NA,0.001,0.001
Ivy Large Cap Growth E,0.57,NA,0.0006,0.0007000000000000001
Russell US Core Equity A Load Waived,0.9,0.0027,0.0022,NA
Russell US Core Equity A,0.9,0.0027,0.0022,NA
Russell US Core Equity C,0.9,0.0006,0.0003,NA
Russell US Core Equity S,0.9,0.0034999999999999996,0.003,NA
Russell US Core Equity I,0.9,0.0038,0.0034000000000000002,0.0072
Russell US Core Equity Y,0.9,0.0042,0.0036,0.0066
Russell US Core Equity E,0.9,0.0029,0.0025,0.0064
BlackRock International Opp Svc,1.16,0.0054,0.0039000000000000003,0.0098
BlackRock International Opp Inv A LW,1.16,0.0064,0.0046,0.0103
BlackRock International Opp Inv A,1.16,0.0064,0.0046,0.0103
BlackRock International Opp Instl,1.16,0.0070999999999999995,0.0052,0.0108
BlackRock International Opp Inv B,1.16,0.003,0.0014000000000000002,0.0083
BlackRock International Opp Inv C,1.16,0.0033,0.0021,0.0087
Janus Aspen Overseas Instl,0.32,0.003,0.0038,0.0084
Berger IPT International,0.32,0.0152,0.0116,0.006999999999999999
Janus Aspen Overseas Svc,0.32,0.0027,0.0034000000000000002,0.008100000000000001
Janus Aspen Overseas Svc II,0.32,0.0027,0.0034000000000000002,0.008
LSV Value Equity,0.19,0.0074,0.0054,0.009300000000000001
MFS New Discovery A,2.05,0.060599999999999994,0.0258,0.0166
MFS New Discovery C,2.05,0.0668,0.0282,0.018000000000000002
MFS New Discovery B,2.05,0.06849999999999999,0.0287,0.0183
MFS New Discovery I,2.05,0.057699999999999994,0.0246,0.0158
MFS New Discovery 529A,2.05,0.061799999999999994,0.0263,0.0169
MFS New Discovery 529B,2.05,0.0698,0.029300000000000003,0.0187
MFS New Discovery 529C,2.05,0.0681,0.0288,0.0184
MFS New Discovery R,2.05,0.005,0.0017000000000000001,0.001
MFS New Discovery R2,2.05,0.0621,0.0265,0.017
MFS New Discovery A Load Waived,2.05,0.060599999999999994,0.0258,0.0166
MFS New Discovery R1,2.05,0.0666,0.028300000000000002,0.0181
MFS New Discovery R2,2.05,0.0052,NA,NA
MFS New Discovery R3,2.05,0.060599999999999994,0.0259,0.0166
MFS New Discovery R4,2.05,0.059500000000000004,0.0254,0.0163
MFS New Discovery 529A Load Waived,2.05,0.061799999999999994,0.0263,0.0169
MFS New Discovery R5,2.05,NA,NA,NA
Columbia Marsico 21st Century A LW,1.04,NA,NA,0.0017000000000000001
Columbia Marsico 21st Century R,1.04,NA,NA,0.0017000000000000001
Columbia Marsico 21st Century C,1.04,NA,NA,0.0018
Columbia Marsico 21st Century Z,1.04,NA,NA,0.0017000000000000001
Columbia Marsico 21st Century B,1.04,NA,NA,0.0019
Columbia Marsico 21st Century A,1.04,NA,NA,0.0017000000000000001
Alger Spectra Z,1.6311000000000002,0.0037,NA,NA
Spectra A,1.6311000000000002,NA,NA,NA
Alger Spectra A,1.6311000000000002,0.0037,0.0012,0.0007000000000000001
Spectra A Load Waived,1.6311000000000002,NA,NA,NA
Alger Spectra A Load Waived,1.6311000000000002,0.0037,0.0012,0.0007000000000000001
Alger Spectra C,1.6311000000000002,0.0038,0.0013,NA
Alger Spectra I,1.6311000000000002,0.0037,0.0012,NA
MainStay ICAP Select Equity I,0.71,0.0067,0.005,0.0109
MainStay ICAP Select Equity B,0.71,0.0026,NA,NA
MainStay ICAP Select Equity A LW,0.71,0.0058,0.0040999999999999995,0.01
MainStay ICAP Select Equity A,0.71,0.0058,0.0040999999999999995,0.01
MainStay ICAP Select Equity C,0.71,0.0025,0.0011,0.0072
MainStay ICAP Select Equity R1,0.71,0.0060999999999999995,0.0045000000000000005,0.0104
MainStay ICAP Select Equity R2,0.71,0.0053,0.0036,0.0096
MainStay ICAP Select Equity R3,0.71,0.0044,0.0028000000000000004,0.0088
MainStay ICAP Select Equity Inv,0.71,0.0049,0.0032,NA
Fidelity Small Cap Stock,0.47,0.0001,NA,0.0062
Fidelity Growth Discovery,0.72,0.0023,0.0019,0.0017000000000000001
Fidelity Growth Discovery K,0.72,0.0029,0.0027,NA
Columbia Marsico Focused Eq A,0.9,0.0023,0.001,0.0011
Columbia Marsico Focused Eq B,0.9,0.0024,0.0008,0.0008
Columbia Marsico Focused Eq C,0.9,0.0023,0.0008,0.0008
Columbia Marsico Focused Eq I,0.9,0.0034000000000000002,NA,NA
Nations Marsico Focused Equities R,0.9,NA,NA,NA
Columbia Marsico Focused Eq Z,0.9,0.0029,0.0016,0.0017000000000000001
Columbia Marsico Focused Eq A LW,0.9,0.0023,0.001,0.0011
Columbia Marsico Growth A Load Waived,0.65,NA,0.0007000000000000001,0.0005
Columbia Marsico Growth R,0.65,NA,0.0004,0.0003
Columbia Marsico Growth B,0.65,NA,0.0004,0.0002
Nations Marsico Growth R,0.65,NA,NA,NA
Columbia Marsico Growth I,0.65,NA,NA,NA
Columbia Marsico Growth W,0.65,NA,NA,NA
Columbia Marsico Growth Z,0.65,NA,0.001,0.0011
Columbia Marsico Growth C,0.65,NA,0.0004,0.0002
Columbia Marsico Growth A,0.65,NA,0.0007000000000000001,0.0005
Wells Fargo Advantage Small Cap Val Inv,0.17,0.0018,0.0018,0.0055000000000000005
Wells Fargo Advantage Small Cap Val Adm,0.17,0.0033,NA,NA
Wells Fargo Advantage Small Cap Value C,0.17,0.0008,0.0004,0.0049
Strong Advisor Small Cap Value L,0.17,NA,NA,NA
Wells Fargo Advantage Small Cap Value A,0.17,0.0022,0.002,0.005600000000000001
Wells Fargo Advantage Small Cap Value B,0.17,0.0009,0.0003,0.0049
Wells Fargo Advantage Small Cap Val A LW,0.17,0.0022,0.002,0.005600000000000001
Wells Fargo Advantage Small Cp Val Instl,0.17,0.0039000000000000003,0.0034000000000000002,NA
Prudential Global Real Estate R,0.2,0.0058,0.0091,NA
Prudential Global Real Estate A LW,0.2,0.0064,0.0098,0.009300000000000001
Prudential Global Real Estate C,0.2,0.0043,0.0076,0.006999999999999999
Prudential Global Real Estate A,0.2,0.0064,0.0098,0.009300000000000001
Prudential Global Real Estate B,0.2,0.0045000000000000005,0.0078000000000000005,0.006999999999999999
Prudential Global Real Estate Z,0.2,0.0074,0.0108,0.0102
Fidelity Advisor Diversified Intl I,0.48,0.0060999999999999995,0.0059,0.011399999999999999
Fidelity Advisor Diversified Intl C,0.48,0.0013,0.0023,0.0077
Fidelity Advisor Diversified Intl B,0.48,0.0006,0.0021,0.0076
Fidelity Advisor Diversified Intl T,0.48,0.0034000000000000002,0.0039000000000000003,0.009300000000000001
Fidelity Advisor Diversified Intl A,0.48,0.0048,0.0049,0.0104
Fidelity Advisor Diversified Intl A LW,0.48,0.0048,0.0049,0.0104
Lord Abbett Small Cap Value A,0.41950000000000004,NA,NA,0.006
Lord Abbett Small Cap Value C,0.41950000000000004,NA,NA,0.0064
Lord Abbett Small Cap Value I,0.41950000000000004,NA,0.0003,0.0064
Lord Abbett Small Cap Value B,0.41950000000000004,NA,NA,0.006500000000000001
Lord Abbett Small Cap Value A LW,0.41950000000000004,NA,NA,0.006
Lord Abbett Small Cap Value P,0.41950000000000004,NA,NA,0.0058
Lord Abbett Small Cap Value F,0.41950000000000004,NA,0.0002,NA
Lord Abbett Small Cap Value R2,0.41950000000000004,NA,NA,NA
Lord Abbett Small Cap Value R3,0.41950000000000004,NA,NA,NA
MFS Research International 529A LW,0.43,0.0064,0.0051,0.0097
MFS Research International R5,0.43,0.0074,0.006,0.0108
MFS Research International 529A,0.43,0.0064,0.0051,0.0097
MFS Research International 529B,0.43,0.0019,0.0024,0.0077
MFS Research International 529C,0.43,0.0038,0.0032,0.008
MFS Research International R,0.43,0.0239,0.0235,0.0159
MFS Research International R2,0.43,0.006,0.0049,0.0097
MFS Research International C,0.43,0.0037,0.003,0.008
MFS Research International A LW,0.43,0.0062,0.0053,0.009899999999999999
MFS Research International R1,0.43,0.0040999999999999995,0.0033,0.0086
MFS Research International R2,0.43,0.026000000000000002,NA,NA
MFS Research International R3,0.43,0.0067,0.0055000000000000005,0.0103
MFS Research International R4,0.43,0.0076,0.0062,0.0109
MFS Research International I,0.43,0.0074,0.006,0.010700000000000001
MFS Research International A,0.43,0.0062,0.0053,0.009899999999999999
MFS Research International B,0.43,0.0031,0.0023,0.0074
SEI Instl Mgd Tax-Managed Large Cap A,0.72,0.003,0.0033,0.0039000000000000003
SEI Instl Mgd Tax-Managed Large Cap Y,0.72,0.0031,0.0034000000000000002,0.004
Transamerica WMC Diversified Gr I2,0.61,NA,0.0006,0.0008
Transamerica WMC Diversified Gr A LW,0.61,NA,NA,NA
Transamerica WMC Diversified Gr C,0.61,NA,NA,NA
Transamerica WMC Diversified Gr A,0.61,NA,NA,NA
Transamerica WMC Diversified Gr M,0.61,NA,NA,NA
Transamerica WMC Diversified Gr B,0.61,NA,NA,NA
Transamerica WMC Diversified Gr C2,0.61,NA,NA,NA
Transamerica WMC Diversified Gr P,0.61,NA,NA,NA
Transamerica WMC Diversified Gr I,0.61,NA,NA,NA
Transamerica Premier Equity Inv,0.61,0.0026,0.0040999999999999995,0.0031
Transamerica WMC Diversified Gr T,0.61,NA,NA,NA
Hartford Midcap I,0.7,0.0199,0.0067,NA
Hartford Midcap R3,0.7,0.0179,0.006,NA
Hartford Midcap R5,0.7,0.018799999999999997,0.0063,NA
Hartford Midcap R4,0.7,0.0177,0.0059,NA
Hartford Midcap C,0.7,0.0223,0.0074,0.0116
Hartford Midcap Y,0.7,0.0192,0.0064,0.0105
Hartford Midcap A,0.7,0.019299999999999998,0.006500000000000001,0.010700000000000001
Hartford Midcap B,0.7,0.023399999999999997,0.0077,0.011899999999999999
Hartford Midcap A Load Waived,0.7,0.019299999999999998,0.006500000000000001,0.010700000000000001
Eaton Vance Parametric Tx-Mgd Em Mkts I,0.04,0.0053,0.005,0.0040999999999999995
Nationwide S&P 500 Index Local,0.0412,0.0074,0.0075,0.0069
Nationwide S&P 500 Index A,0.0412,0.0055000000000000005,0.0053,0.0063
Nationwide S&P 500 Index Svc,0.0412,0.005600000000000001,0.0054,0.0060999999999999995
Nationwide S&P 500 Index Instl,0.0412,0.0066,0.006500000000000001,0.0073
Nationwide S&P 500 Index Instl Svc,0.0412,0.006,0.005699999999999999,0.006500000000000001
Nationwide S&P 500 Index A Load Waived,0.0412,0.0055000000000000005,0.0053,0.0063
Nationwide S&P 500 Index R2,0.0412,0.004699999999999999,0.0042,0.0052
Nationwide S&P 500 Index C,0.0412,0.0040999999999999995,0.0034999999999999996,0.0042
Nationwide S&P 500 Index B,0.0412,0.0042,0.0034999999999999996,0.0043
Transamerica WMC Diversified Equity P,1.41,0.0215,0.009399999999999999,0.0076
Transamerica Premier Core Equity M,1.41,0.0007000000000000001,0.0031,NA
Transamerica Premier Diversified Eq A,1.41,NA,NA,0.0019
Transamerica Diversified Equity A,1.41,0.0216,NA,NA
Transamerica Diversified Equity B,1.41,0.0226,NA,NA
Transamerica Diversified Equity C,1.41,0.0219,NA,NA
Transamerica Diversified Equity I2,1.41,0.0219,NA,NA
Transamerica Diversified Equity A LW,1.41,0.0216,NA,NA
Transamerica Diversified Equity I,1.41,0.021400000000000002,NA,NA
Transamerica Diversified Equity T,1.41,NA,NA,NA
Columbia Acorn Select I,0.21,0.0060999999999999995,NA,NA
Columbia Acorn Select Z,0.21,0.0059,0.002,0.0027
Columbia Acorn Select A Load Waived,0.21,0.0051,0.0017000000000000001,0.0026
Columbia Acorn Select C,0.21,0.0028000000000000004,0.0009,0.0022
Columbia Acorn Select A,0.21,0.0051,0.0017000000000000001,0.0026
Columbia Acorn Select B,0.21,0.0034000000000000002,0.0011,0.0023
Munder Mid-Cap Core Growth K,0.65,NA,0.0001,0.0006
Munder Mid-Cap Core Growth A LW,0.65,NA,0.0001,0.0006
Munder Mid-Cap Core Growth R,0.65,NA,NA,0.0005
Munder Mid-Cap Core Growth R6,0.65,NA,NA,NA
Munder Mid-Cap Core Growth B,0.65,NA,NA,0.0005
Munder Mid-Cap Core Growth A,0.65,NA,0.0001,0.0006
Munder Mid-Cap Core Growth C,0.65,NA,NA,0.0005
Munder Mid-Cap Core Growth Y,0.65,NA,0.0005,0.0007000000000000001
Prudential Jennison 20/20 Focus C,0.82,0.0045000000000000005,0.0015,0.0034999999999999996
Prudential Jennison 20/20 Focus A,0.82,0.004,0.0013,0.0032
Prudential Jennison 20/20 Focus Z,0.82,0.0039000000000000003,0.0013,0.0032
Prudential Jennison 20/20 Focus Q,0.82,0.0038,NA,NA
Prudential Jennison 20/20 Focus B,0.82,0.004699999999999999,0.0015,0.0036
Prudential Jennison 20/20 Focus A LW,0.82,0.004,0.0013,0.0032
Prudential Jennison 20/20 Focus R,0.82,0.0040999999999999995,0.0014000000000000002,0.0033
SunAmerica Focused Dividend Strateg A LW,0.29,0.006999999999999999,0.009300000000000001,0.0159
SunAmerica Focused Dividend Strategy C,0.29,0.005600000000000001,0.0073,0.0141
SunAmerica Focused Dividend Strategy A,0.29,0.006999999999999999,0.009300000000000001,0.0159
SunAmerica Focused Dividend Strategy B,0.29,0.005600000000000001,0.0074,0.014199999999999999
Russell International Developed Mkts I,0.74,0.006500000000000001,0.008,0.0151
Russell International Developed Mkts E,0.74,0.0055000000000000005,0.0072,0.0143
Russell International Developed Mkts Y,0.74,0.0069,0.0083,0.015300000000000001
Russell International Developed Mkts A,0.74,0.0052,0.0069,NA
Russell International Developed Mkts C,0.74,0.0018,0.004,NA
Russell International Developed Mkts S,0.74,0.0063,0.0077,NA
Russell International Developed Mkt A LW,0.74,0.0052,0.0069,NA
Fidelity Advisor Stock Selector Mid Cp T,1.98,0.0008,0.0004,0.0058
Fidelity Advisor Stock Selector Mid A LW,1.98,0.0018,0.001,0.0064
Fidelity Stock Selector Mid Cp,1.98,NA,NA,NA
Fidelity Advisor Stock Selector Mid Cp A,1.98,0.0018,0.001,0.0064
Fidelity Advisor Stock Selector Mid Cp C,1.98,NA,NA,0.0055000000000000005
Fidelity Advisor Stock Selector Mid Cp B,1.98,NA,NA,0.0055000000000000005
Fidelity Advisor Stock Selector Mid Cp I,1.98,0.0031,0.0018,0.0069
Janus Global Select T,1.38,0.0037,0.0026,0.0025
Janus Global Select D,1.38,0.0042,0.0029,0.0027
Janus Global Select A Load Waived,1.38,0.0028000000000000004,NA,NA
Janus Global Select A,1.38,0.0028000000000000004,NA,NA
Janus Global Select C,1.38,NA,NA,NA
Janus Global Select I,1.38,0.0038,NA,NA
Janus Global Select R,1.38,0.0018,NA,NA
Janus Global Select S,1.38,NA,NA,NA
Fidelity Select Medical Equip & Systems,1.2,0.0103,0.0037,0.0064
American Century Real Estate Inv,1.68,0.0046,0.0054,0.0146
American Century Real Estate Instl,1.68,0.0051,0.006,0.0154
American Century Real Estate A,1.68,0.004,0.004699999999999999,0.013999999999999999
American Century Real Estate A LW,1.68,0.004,0.004699999999999999,0.013999999999999999
American Century Real Estate B,1.68,0.0003,0.0045000000000000005,NA
American Century Real Estate C,1.68,0.0029,0.0028000000000000004,NA
American Century Real Estate R,1.68,0.0033,0.0039000000000000003,NA
GMO Currency Hedged Intl Equity IV,0.24,NA,NA,NA
GMO Currency Hedged Intl Equity III,0.24,0.0053,0.013000000000000001,0.028999999999999998
Columbia Small Cap Index Z,0.2,0.0074,0.0060999999999999995,0.0139
Columbia Small Cap Index A,0.2,0.0067,0.0054,0.013000000000000001
Nations Small Cap Index Inv C,0.2,0.0037,NA,NA
Columbia Small Cap Index B,0.2,0.0106,NA,NA
Columbia Small Cap Index R4,0.2,0.0123,NA,NA
Columbia Small Cap Index I,0.2,NA,NA,NA
Virtus Emerging Markets Opportunities I,0.29,0.0037,0.0040999999999999995,0.026099999999999998
Virtus Emerging Markets Opportunities A,0.29,0.003,0.0034000000000000002,0.0258
Virtus Emerging Markets Opportunities N,0.29,0.0321,0.0158,0.0096
Harris Insight Emerging Markets B,0.29,NA,NA,NA
Virtus Emerging Markets Opportuniti A LW,0.29,0.003,0.0034000000000000002,0.0258
Virtus Emerging Markets Opportunities C,0.29,0.0013,0.0015,0.0242
Russell Global Real Estate Secs A,0.69,0.0072,0.008100000000000001,0.0131
Russell Global Real Estate Secs A LW,0.69,0.0072,0.008100000000000001,0.0131
Russell Global Real Estate Secs Y,0.69,0.0084,0.009399999999999999,NA
Russell Global Real Estate Secs C,0.69,0.0053,0.0059,0.0108
Russell Global Real Estate Secs S,0.69,0.0078000000000000005,0.0088,0.0137
Russell Global Real Estate Secs E,0.69,0.0070999999999999995,0.008100000000000001,0.013000000000000001
Eaton Vance Tx-Mgd Value A,0.4,0.0053,0.0039000000000000003,0.004
Eaton Vance Tx-Mgd Value C,0.4,0.0025,0.0014000000000000002,0.0012
Eaton Vance Tx-Mgd Value A Load Waived,0.4,0.0053,0.0039000000000000003,0.004
Eaton Vance Tx-Mgd Value B,0.4,0.0021,0.0023,0.0016
Eaton Vance Tax-Mgd Value D,0.4,0.0008,0.0003,NA
Eaton Vance Tx-Mgd Value I,0.4,0.0063,0.0048,NA
GMO Global Equity Allocation III,0.28,0.0104,0.0078000000000000005,0.0174
T. Rowe Price Health Sciences,0.233,0.0063,0.0024,0.0063
Hotchkis and Wiley Mid-Cap Value I,0.62,0.0003,0.0015,0.0087
Hotchkis and Wiley Mid-Cap Value A LW,0.62,NA,0.0011,0.008100000000000001
Hotchkis and Wiley Mid-Cap Value C,0.62,NA,0.0008,0.0076
Hotchkis and Wiley Mid-Cap Value A,0.62,NA,0.0011,0.008100000000000001
Hotchkis and Wiley Mid-Cap Value B,0.62,NA,NA,NA
Hotchkis and Wiley Mid-Cap Value R,0.62,NA,0.0008,0.0074
Schwab Total Stock Market Index Inv,0.01,0.0075,0.0055000000000000005,0.0049
Schwab Total Stock Market Index,0.01,0.006500000000000001,0.0060999999999999995,0.0064
Ivy Mid Cap Growth C,0.29,0.0045000000000000005,0.0015,0.0009
Ivy Mid Cap Growth A,0.29,0.0040999999999999995,0.0014000000000000002,0.0008
Ivy Mid Cap Growth Y,0.29,0.004,0.0013,0.0008
Ivy Mid Cap Growth B,0.29,0.0049,0.0016,0.0009
Ivy Mid Cap Growth A Load Waived,0.29,0.0040999999999999995,0.0014000000000000002,0.0008
Ivy Mid Cap Growth R,0.29,0.0042,0.0014000000000000002,0.0008
Ivy Mid Cap Growth I,0.29,0.004,0.0013,0.0008
Ivy Mid Cap Growth E,0.29,0.0042,0.0014000000000000002,0.0008
Fidelity Advisor Small Cap A LW,0.38,0.0126,0.0068000000000000005,0.0066
Fidelity Advisor Small Cap C,0.38,0.0144,0.0077,0.0072
Fidelity Advisor Small Cap I,0.38,0.012,0.006500000000000001,0.0066
Fidelity Advisor Small Cap A,0.38,0.0126,0.0068000000000000005,0.0066
Fidelity Advisor Small Cap T,0.38,0.0131,0.0070999999999999995,0.0067
Fidelity Advisor Small Cap B,0.38,0.0151,0.0079,0.0074
MassMutual Select Mid Cap Gr Eq II L,0.38,0.0121,0.0040999999999999995,0.0078000000000000005
MassMutual Select Mid Cap Gr Eq II A,0.38,0.0125,0.0042,0.0078000000000000005
MassMutual Select Mid Cap Gr Eq II S,0.38,0.0118,0.004,0.0078000000000000005
MassMutual Select Mid Cap Gr Eq II Y,0.38,0.011899999999999999,0.004,0.0078000000000000005
MassMutual Select Mid Cap Gr Eq II Z,0.38,0.0118,NA,NA
MassMutual Select Mid Cap Gr Eq II A LW,0.38,0.0125,0.0042,0.0078000000000000005
MassMutual Select Mid Cap Gr Eq II N,0.38,0.013000000000000001,0.0043,0.0078000000000000005
Gabelli Utilities A Load Waived,0.22,0.010700000000000001,0.0055000000000000005,0.005600000000000001
Gabelli Utilities A,0.22,0.010700000000000001,0.0055000000000000005,0.005600000000000001
Gabelli Utilities B,0.22,0.0129,0.0064,0.0063
Gabelli Utilities C,0.22,0.0123,0.0062,0.0060999999999999995
Gabelli Utilities AAA,0.22,0.010700000000000001,0.0055000000000000005,0.005600000000000001
Gabelli Utilities I,0.22,0.010700000000000001,0.0055000000000000005,NA
Legg Mason ClearBridge Mid Cap Core R,0.86,NA,NA,NA
Legg Mason ClearBridge Mid Cap Core IS,0.86,NA,NA,NA
Legg Mason ClearBridge Mid Cap Core A,0.86,NA,NA,0.0067
Legg Mason ClearBridge Mid Cap Core C,0.86,NA,NA,0.0073
Legg Mason ClearBridge Mid Cap Core I,0.86,NA,NA,0.0064
Legg Mason ClearBridge Mid Cap Core B,0.86,NA,NA,0.0074
Legg Mason ClearBridge Mid Cap Core A LW,0.86,NA,NA,0.0067
Legg Mason ClearBridge Mid Cap Core 1,0.86,NA,NA,0.0066
BlackRock US Opportunities Inv A LW,1.2,0.0183,0.006999999999999999,0.0042
BlackRock US Opportunities Svc,1.2,0.0183,0.006999999999999999,0.0042
BlackRock US Opportunities Inv B,1.2,0.018600000000000002,0.0067,0.004
BlackRock US Opportunities Instl,1.2,0.019,0.0079,0.0048
BlackRock US Opportunities Inv A,1.2,0.0183,0.006999999999999999,0.0042
BlackRock US Opportunities Inv C,1.2,0.0179,0.006500000000000001,0.0039000000000000003
Russell Emerging Markets C,0.73,0.008100000000000001,0.0066,0.0148
Russell Emerging Markets E,0.73,0.0106,0.0086,0.016
Russell Emerging Markets S,0.73,0.0116,0.009300000000000001,0.0166
Russell Emerging Markets Y,0.73,0.012199999999999999,0.0098,NA
Russell Emerging Markets A Load Waived,0.73,0.0106,0.0086,0.016200000000000003
Russell Emerging Markets A,0.73,0.0106,0.0086,0.016200000000000003
DFA Tax-Managed International Value,0.16,0.011699999999999999,0.0098,0.0132
Oppenheimer Main Street Sm & Mid Cap A,0.86,0.0009,0.0005,0.0039000000000000003
Oppenheimer Main Street Sm & Mid Cap C,0.86,NA,NA,0.0036
Oppenheimer Main Street Sm & Mid Cap Y,0.86,0.0023,0.0017000000000000001,0.0049
Oppenheimer Main Street Sm & Mid Cap B,0.86,NA,NA,0.0037
Oppenheimer Main Street Sm & Mid Ca A LW,0.86,0.0009,0.0005,0.0039000000000000003
Oppenheimer Main Street Sm & Mid Cap N,0.86,NA,0.0001,0.0034999999999999996
Wasatch Large Cap Value Institutional,0.26,NA,NA,NA
Wasatch Large Cap Value Investor,0.26,0.0051,0.0049,0.0064
Goldman Sachs Growth Opportunities A LW,0.71,0.009899999999999999,0.0038,0.0101
Goldman Sachs Growth Opportunities C,0.71,0.0113,0.0043,0.011000000000000001
Goldman Sachs Growth Opportunities A,0.71,0.009899999999999999,0.0038,0.0101
Goldman Sachs Growth Opportunities I,0.71,0.009300000000000001,0.0036,0.0096
Goldman Sachs Growth Opportunities B,0.71,0.0116,0.0043,0.011000000000000001
Goldman Sachs Growth Opportunities Svc,0.71,0.0101,0.0039000000000000003,0.0102
Goldman Sachs Growth Opportunities R,0.71,0.01,0.0038,NA
Goldman Sachs Growth Opportunities IR,0.71,0.0098,0.0037,NA
DFA Tax-Managed US Small Cap,0.22,0.0024,0.0023,0.0054
Royce Special Equity Instl,0.23,0.009899999999999999,0.0044,0.0096
Royce Special Equity Consult,0.23,0.0083,0.0027,0.0073
Royce Special Equity Svc,0.23,0.0088,0.0034999999999999996,0.0088
Royce Special Equity Invmt,0.23,0.009399999999999999,0.004,0.0092
American Century Small Cap Value Inv,1.2,0.013600000000000001,0.0076,0.0161
American Century Small Cap Value Instl,1.2,0.014199999999999999,0.008100000000000001,0.0167
American Century Small Cap Value A,1.2,0.013000000000000001,0.006999999999999999,0.0155
American Century Small Cap Value A LW,1.2,0.013000000000000001,0.006999999999999999,0.0155
American Century Small Cap Value C,1.2,0.0118,NA,NA
American Century Small Cap Value R,1.2,0.0126,NA,NA
American Century Sm Cap Value C,1.2,0.028999999999999998,0.0279,0.0202
Matthews China Instl,0.0843,0.0177,NA,NA
Matthews China Investor,0.0843,0.0168,0.006500000000000001,0.0146
MFS International New Discovery A,0.44,0.0042,0.0038,0.013000000000000001
MFS International New Discovery I,0.44,0.0051,0.0045000000000000005,0.0137
MFS International New Discovery R5,0.44,NA,NA,NA
MFS International New Discovery C,0.44,0.0012,0.0014000000000000002,0.010700000000000001
MFS International New Discovery B,0.44,0.0004,0.0009,0.0105
MFS International New Discovery R2,0.44,0.0032,0.0031,0.0125
MFS International New Discovery R,0.44,0.0355,0.0231,0.0168
MFS International New Discovery 529A,0.44,0.004,0.0037,0.0127
MFS International New Discovery 529C,0.44,0.0019,0.0018,0.0111
MFS International New Discovery 529B,0.44,0.001,0.0013,0.0111
MFS International New Discovery R1,0.44,0.0017000000000000001,0.0018,0.0115
MFS International New Discovery R2,0.44,0.0369,NA,NA
MFS International New Discovery R3,0.44,0.004699999999999999,0.0040999999999999995,0.013300000000000001
MFS International New Discovery R4,0.44,0.0052,0.0046,0.0139
MFS International New Discovery A LW,0.44,0.0042,0.0038,0.013000000000000001
MFS International New Discovery 529A LW,0.44,0.004,0.0037,0.0127
Goldman Sachs Large Cap Value R,0.91,0.0038,0.0032,NA
Goldman Sachs Large Cap Value IR,0.91,0.0054,0.0042,NA
Goldman Sachs Large Cap Value A LW,0.91,0.0042,0.0032,0.0059
Goldman Sachs Large Cap Value Inst,0.91,0.0059,0.0046,0.0074
Goldman Sachs Large Cap Value B,0.91,0.0009,0.0005,0.0033
Goldman Sachs Large Cap Value A,0.91,0.0042,0.0032,0.0059
Goldman Sachs Large Cap Value Svc,0.91,0.004,0.003,0.005699999999999999
Goldman Sachs Large Cap Value C,0.91,0.0009,0.0006,0.0033
JPMorgan Market Expansion Index C,0.78,0.0131,0.004699999999999999,0.0102
JPMorgan Market Expansion Index B,0.78,0.0129,0.0045000000000000005,0.009899999999999999
JPMorgan Market Expansion Index Select,0.78,0.0146,0.0069,0.0121
JPMorgan Market Expansion Index A,0.78,0.0138,0.0060999999999999995,0.011399999999999999
JPMorgan Market Expansion Index A LW,0.78,0.0138,0.0060999999999999995,0.011399999999999999
JPMorgan Market Expansion Index R2,0.78,0.0127,0.0054,NA
MFS Instl International Equity,0.29,0.0066,0.0058,0.0089
BlackRock Large Cap Growth Instl,1.69,0.0015,0.0008,0.0013
BlackRock Large Cap Growth Inv A,1.69,0.0006,0.0004,0.0011
BlackRock Large Cap Growth Inv C,1.69,NA,NA,0.0009
BlackRock Large Cap Growth Inv A LW,1.69,0.0006,0.0004,0.0011
BlackRock Large Cap Growth Inv B,1.69,NA,NA,0.0009
BlackRock Large Cap Growth R,1.69,NA,NA,0.0009
BlackRock Large Cap Growth S,1.69,0.0002,0.0003,0.001
Marsico Focus,0.82,NA,0.0001,0.0034999999999999996
JPMorgan US Real Estate A,0.67,0.006999999999999999,0.0074,0.0104
Security Capital U.S. Real Estate R,0.67,0.02,NA,NA
JPMorgan US Real Estate C,0.67,0.0055000000000000005,0.006,0.009000000000000001
JPMorgan US Real Estate A Load Waived,0.67,0.006999999999999999,0.0074,0.0104
JPMorgan US Real Estate Sel,0.67,0.0079,0.008100000000000001,0.0111
JPMorgan US Real Estate R5,0.67,0.0085,0.0087,0.011699999999999999
JPMorgan US Real Estate R2,0.67,0.006500000000000001,0.006999999999999999,NA
JHancock Classic Value R4,0.37,0.0043,0.0024,NA
JHancock Classic Value R5,0.37,0.0052,0.0033,NA
JHancock Classic Value R3,0.37,0.0031,0.0016,NA
JHancock Classic Value R2,0.37,NA,NA,NA
JHancock Classic Value R6,0.37,NA,NA,NA
JHancock Classic Value A,0.37,0.0037,0.0024,0.0085
JHancock Classic Value A Load Waived,0.37,0.0037,0.0024,0.0085
JHancock Classic Value R1,0.37,0.0024,0.0013,0.0072
JHancock Classic Value B,0.37,0.0008,0.0005,0.0060999999999999995
JHancock Classic Value C,0.37,0.0008,0.0005,0.006
JHancock Classic Value I,0.37,0.0052,0.0036,0.009899999999999999
T. Rowe Price Intl Gr & Inc Adv,0.263,0.0085,0.0075,0.0104
T. Rowe Price Intl Gr & Inc R,0.263,0.008,0.0072,0.0097
T. Rowe Price Intl Gr & Inc,0.263,0.0104,0.0088,0.0116
American Beacon Small Cp Val Inv,0.59,0.0001,0.0008,0.006500000000000001
American Beacon Small Cp Val Adv,0.59,NA,0.0004,0.0058
American Beacon Small Cp Val AMR,0.59,0.0024,0.0023,0.008199999999999999
American Beacon Small Cp Val Inst,0.59,0.0015,0.0017000000000000001,0.0074
American AAdvantage Small Cp Val Milg,0.59,NA,NA,NA
American Beacon Small Cp Val Y,0.59,0.002,NA,NA
American Beacon Small Cp Val R,0.59,0.0014000000000000002,0.001,NA
American Beacon Small Cp Val C,0.59,NA,NA,NA
American Beacon Small Cp Val A LW,0.59,0.0007000000000000001,NA,NA
American Beacon Small Cp Val A,0.59,0.0007000000000000001,NA,NA
Longleaf Partners International,0.48869999999999997,0.0076,0.004,0.009000000000000001
Fidelity Advisor Large Cap B,0.83,NA,NA,0.0017000000000000001
Fidelity Advisor Large Cap I,0.83,0.0024,0.0024,0.0049
Fidelity Advisor Large Cap T,0.83,0.0001,0.0005,0.0025
Fidelity Advisor Large Cap A LW,0.83,0.001,0.0014000000000000002,0.0036
Fidelity Advisor Large Cap A,0.83,0.001,0.0014000000000000002,0.0036
Fidelity Advisor Large Cap C,0.83,NA,NA,0.0018
Franklin Small Cap Value Adv,0.1424,0.0088,0.0043,0.005699999999999999
Franklin Small Cap Value A,0.1424,0.0079,0.0034999999999999996,0.004699999999999999
Franklin Small Cap Value C,0.1424,0.006999999999999999,0.0023,0.0029
Franklin Small Cap Value B,0.1424,0.0070999999999999995,0.0023,0.0027
Franklin Small Cap Value A Load Waived,0.1424,0.0079,0.0034999999999999996,0.004699999999999999
Franklin Small Cap Value R,0.1424,0.0072,0.0029,0.0042
Oakmark Global I,0.29,NA,0.0013,0.008199999999999999
Oakmark Global II,0.29,NA,0.0006,0.0074
Vanguard International Explorer Inv,0.43,0.0074,0.0040999999999999995,0.0096
Schroder International Smaller Co Adv,0.43,NA,NA,NA
Bernstein Emerging Markets,0.57,0.009000000000000001,0.0049,0.015300000000000001
Vanguard Selected Value Inv,0.25,0.0026,0.0024,0.0059
GE Instl International Equity Inv,0.41,0.0088,0.0069,0.011699999999999999
GE Instl International Equity Svc,0.41,0.0078000000000000005,0.0062,0.0111
Eaton Vance Tx-Mgd Growth 1.1 B,0.02,0.0007000000000000001,0.0006,0.0006
Eaton Vance Tx-Mgd Growth 1.1 A,0.02,0.0043,0.0040999999999999995,0.0048
Eaton Vance Tx-Mgd Growth 1.1 A LW,0.02,0.0043,0.0040999999999999995,0.0048
Eaton Vance Tx-Mgd Growth 1.1 C,0.02,0.002,0.002,0.0024
Eaton Vance Tx-Mgd Growth 1.1 I,0.02,0.0055000000000000005,0.0053,0.006
Schwab Core Equity Inv,0.35,0.0034999999999999996,0.0034999999999999996,0.004
Mutual European A Load Waived,0.326,0.013300000000000001,0.011699999999999999,0.011699999999999999
Mutual European Z,0.326,0.0143,0.0129,0.0125
Mutual European A,0.326,0.013300000000000001,0.011699999999999999,0.011699999999999999
Mutual European C,0.326,0.0104,0.008,0.0089
Mutual European B,0.326,0.008199999999999999,0.006500000000000001,0.008100000000000001
Mutual European R,0.326,0.013500000000000002,NA,NA
Columbia Acorn USA A Load Waived,0.2,0.001,0.0003,0.0031
Columbia Acorn USA Z,0.2,0.0009,0.0003,0.003
Columbia Acorn USA B,0.2,0.0011,0.0004,0.0033
Columbia Acorn USA C,0.2,0.0011,0.0003,0.0032
Columbia Acorn USA A,0.2,0.001,0.0003,0.0031
Columbia Acorn USA I,0.2,0.0009,NA,NA
Janus Forty T,0.51,0.0024,NA,NA
Janus Forty N,0.51,NA,NA,NA
Janus Forty S,0.51,0.0009,0.0003,0.0018
Janus Forty C,0.51,NA,NA,0.0017000000000000001
Janus Forty A Load Waived,0.51,0.0017000000000000001,0.0006,0.0021
Janus Forty I,0.51,0.0028000000000000004,0.0009,0.0024
Janus Forty A,0.51,0.0017000000000000001,0.0006,0.0021
Janus Forty R,0.51,0.0004,0.0001,0.0017000000000000001
Northern Stock Index,0.0273,0.0062,0.0060999999999999995,0.006500000000000001
Ivy Science & Technology C,0.51,0.011699999999999999,0.0054,0.009300000000000001
Ivy Science & Technology R,0.51,0.0108,0.005600000000000001,0.0097
Ivy Science & Technology A Load Waived,0.51,0.011000000000000001,0.0058,0.01
Ivy Science & Technology B,0.51,0.0125,0.0054,0.009399999999999999
Ivy Science & Technology A,0.51,0.011000000000000001,0.0058,0.01
Ivy Science & Technology Y,0.51,0.0109,0.0059,0.009899999999999999
Ivy Science & Technology I,0.51,0.0115,0.0063,0.0102
Ivy Science & Technology E,0.51,0.0109,0.0059,0.009300000000000001
Third Avenue Real Estate Value Investor,0.32,NA,NA,NA
Third Avenue Real Estate Value Instl,0.32,NA,0.006,0.0103
Royce Opportunity K,0.35,0.0031,0.001,NA
Royce Opportunity Consult,0.35,0.003,0.001,0.0076
Royce Opportunity R,0.35,0.0029,0.001,0.008100000000000001
Royce Opportunity Svc,0.35,0.0029,0.001,0.0083
Royce Opportunity Instl,0.35,0.0028000000000000004,0.0011,0.0087
Royce Opportunity Invmt,0.35,0.0028000000000000004,0.0009,0.0084
Prudential Jennison Mid Cap Growth A,0.45,0.001,0.0006,0.0004
Prudential Jennison Mid Cap Growth B,0.45,0.0009,0.0003,0.0002
Prudential Jennison Mid Cap Growth A LW,0.45,0.001,0.0006,0.0004
Prudential Jennison Mid Cap Growth R,0.45,0.0008,0.0003,0.0002
Prudential Jennison Mid Cap Growth C,0.45,0.0009,0.0003,0.0002
Prudential Jennison Mid Cap Growth Z,0.45,0.0019,0.0012,0.0007000000000000001
Prudential Jennison Mid Cap Growth Q,0.45,0.0026,NA,NA
Prudential Jennison Mid Cap Growth L,0.45,0.0008,0.0003,0.0002
Prudential Jennison Mid Cap Growth M,0.45,0.001,0.0003,0.0002
Prudential Jennison Mid Cap Growth X,0.45,0.001,0.0003,0.0002
Buffalo Small Cap,0.24,0.0003,0.0003,0.0046
T. Rowe Price Instl Mid-Cap Equity Gr,0.38299999999999995,0.0045000000000000005,0.002,0.006500000000000001
Principal SAM Strategic Growth A,0.377,0.0028000000000000004,0.0033,0.0089
Principal SAM Strategic Growth C,0.377,0.0003,0.001,0.0069
Principal SAM Strategic Growth A LW,0.377,0.0028000000000000004,0.0033,0.0089
Principal SAM Strategic Growth B,0.377,NA,0.0006,0.0068000000000000005
WM Str Asset Mgmt Strategic Growth R1,0.377,NA,NA,NA
WM Str Asset Mgmt Strategic Growth R2,0.377,NA,NA,NA
Principal SAM Strategic Growth J,0.377,0.0031,0.0034000000000000002,0.009000000000000001
Principal SAM Strategic Growth Inst,0.377,0.0044,0.004699999999999999,0.0105
Principal SAM Strategic Growth R3,0.377,0.0026,0.0033,0.009000000000000001
Principal SAM Strategic Growth R2,0.377,0.0019,0.0029,0.0084
Principal SAM Strategic Growth R5,0.377,0.0034999999999999996,0.0042,0.01
Principal SAM Strategic Growth R4,0.377,0.0034000000000000002,0.0037,0.009300000000000001
Principal SAM Strategic Growth R1,0.377,0.0012,0.0022,0.008
Oakmark Select I,0.16,0.0007000000000000001,0.0008,0.0055000000000000005
Oakmark Select II,0.16,NA,0.0003,0.0045000000000000005
BlackRock Capital Appreciation Inv A,0.79,NA,NA,NA
State Street Research Legacy R,0.79,NA,NA,NA
BlackRock Capital Appreciation Inv A LW,0.79,NA,NA,NA
State Street Research Legacy B,0.79,NA,NA,NA
BlackRock Capital Appreciation Inv B,0.79,NA,NA,NA
BlackRock Capital Appreciation Inv C,0.79,NA,NA,NA
BlackRock Capital Appreciation BlackRock,0.79,NA,0.0005,0.0003
BlackRock Capital Appreciation Instl,0.79,NA,NA,NA
BlackRock Capital Appreciation R,0.79,NA,NA,NA
Delaware Emerging Markets R,0.19,0.0046,NA,NA
Delaware Emerging Markets Instl,0.19,0.0066,0.0033,0.0184
Delaware Emerging Markets C,0.19,0.0029,0.001,0.0166
Delaware Emerging Markets A Load Waived,0.19,0.005600000000000001,0.0025,0.0176
Delaware Emerging Markets A,0.19,0.005600000000000001,0.0025,0.0176
Delaware Emerging Markets B,0.19,0.003,0.001,0.0169
Tocqueville Gold,0.03,0.004,0.0023,0.0074
Oppenheimer Main Street Select N,0.58,NA,0.0002,0.0059
Oppenheimer Main Street Select A LW,0.58,0.0007000000000000001,0.0007000000000000001,0.0064
Oppenheimer Main Street Select B,0.58,NA,NA,0.0051
Oppenheimer Main Street Select C,0.58,NA,NA,0.0051
Oppenheimer Main Street Select A,0.58,0.0007000000000000001,0.0007000000000000001,0.0064
Oppenheimer Main Street Select Y,0.58,0.0019,0.0015,0.0077
Touchstone Sands Capital Select Gro A LW,0.19,NA,NA,NA
Touchstone Sands Capital Select Growth A,0.19,NA,NA,NA
Touchstone Sands Capital Select Growth C,0.19,NA,NA,NA
Touchstone Sands Capital Select Growth Y,0.19,NA,NA,NA
Touchstone Sands Capital Select Growth Z,0.19,NA,NA,NA
BNY Mellon Mid Cap Stock M,1.3219999999999998,0.005,0.002,0.0078000000000000005
Dreyfus Premier Small Company Stock B,1.3219999999999998,0.0054,0.0027,0.0042
Dreyfus Premier Small Company Stock C,1.3219999999999998,0.0053,0.0026,0.0040999999999999995
Dreyfus Premier Small Company Stock A,1.3219999999999998,0.005,0.0025,0.004
Dreyfus Premier Small Company Stock R,1.3219999999999998,0.0049,0.0025,0.004
Dreyfus Premier Small Company Stock T,1.3219999999999998,0.005,0.0025,NA
BNY Mellon Mid Cap Stock Inv,1.3219999999999998,0.004699999999999999,0.0018,0.0070999999999999995
BNY Mellon Mid Cap Stock Prem,1.3219999999999998,0.005,0.0017000000000000001,0.0072
Dreyfus Premier Small Company Stock A LW,1.3219999999999998,0.005,0.0025,0.004
BNY Mellon Emerging Markets M,0.7745000000000001,0.0069,0.0029,0.029900000000000003
BNY Mellon Emerging Markets Inv,0.7745000000000001,0.006500000000000001,0.0026,0.0291
Fidelity Small Cap Discovery,0.11,0.0038,0.0021,0.0043
Fidelity Leveraged Company Stock,0.18,0.004,0.0024,0.0046
Fidelity Leveraged Company Stock K,0.18,0.0043,0.0029,NA
Fidelity Advisor Leveraged Co Stk B,0.18,0.0028000000000000004,0.0009,0.0019
Fidelity Advisor Leveraged Co Stk I,0.18,0.0039000000000000003,0.0026,0.0038
Fidelity Advisor Leveraged Co Stk C,0.18,0.0028000000000000004,0.0009,0.002
Fidelity Advisor Leveraged Co Stk A,0.18,0.0036,0.0019,0.0032
Fidelity Advisor Leveraged Co Stk T,0.18,0.0034000000000000002,0.0015,0.0028000000000000004
Fidelity Advisor Leveraged Co Stk A LW,0.18,0.0036,0.0019,0.0032
Principal MidCap Growth III R1,1.078,NA,NA,0.0021
Principal MidCap Growth III A,1.078,NA,0.0034000000000000002,0.0032
Principal MidCap Growth III B,1.078,NA,0.0036,0.0033
Principal MidCap Growth III A LW,1.078,NA,0.0034000000000000002,0.0032
Principal MidCap Growth III R5,1.078,NA,NA,0.002
Principal MidCap Growth III R4,1.078,NA,NA,0.002
Principal MidCap Growth III R3,1.078,NA,NA,0.002
Principal MidCap Growth III R2,1.078,NA,NA,0.002
Principal MidCap Growth III J,1.078,NA,NA,0.0021
Principal MidCap Growth III Inst,1.078,NA,NA,0.002
Principal MidCap Growth III C,1.078,NA,0.0034000000000000002,NA
Principal Large Cap Growth II C,0.737,NA,0.008100000000000001,NA
Principal Large Cap Growth II J,0.737,0.0147,0.005600000000000001,0.0085
Principal Large Cap Growth II Inst,0.737,0.0149,0.0067,0.0092
Principal Large Cap Growth II R3,0.737,0.013999999999999999,0.0054,0.008199999999999999
Principal Large Cap Growth II R4,0.737,0.013999999999999999,0.005699999999999999,0.0083
Principal Large Cap Growth II R5,0.737,0.0141,0.006,0.0086
Principal Large Cap Growth II R2,0.737,0.0139,0.0051,0.008100000000000001
Principal Large Cap Growth II A,0.737,NA,0.008100000000000001,0.0095
Principal Large Cap Growth II R1,0.737,0.013500000000000002,0.0048,0.0077
Principal Large Cap Growth II A LW,0.737,NA,0.008100000000000001,0.0095
Principal Large Cap Growth I A LW,0.52,NA,0.0029,0.005
Principal Large Cap Growth I R1,0.52,0.006,0.002,0.0029
Principal Large Cap Growth I A,0.52,NA,0.0029,0.005
Principal Large Cap Growth I B,0.52,NA,0.0031,0.0051
Principal Large Cap Growth I Inst,0.52,0.0062,0.0023,0.0031
Principal Large Cap Growth I R3,0.52,0.0059,0.002,0.0029
Principal Large Cap Growth I R4,0.52,0.0058,0.002,0.0029
Principal Large Cap Growth I R5,0.52,0.005699999999999999,0.0019,0.0029
Principal Large Cap Growth I R2,0.52,0.0060999999999999995,0.002,0.003
Principal Large Cap Growth I J,0.52,0.0063,0.0021,0.0031
Principal Large Cap Growth I C,0.52,NA,0.0029,NA
Principal SmallCap Growth I Inst,0.903,0.0084,0.0028000000000000004,0.005
Principal SmallCap Growth I R2,0.903,0.0092,0.0031,0.0053
Principal SmallCap Growth I R3,0.903,0.0089,0.003,0.0052
Principal SmallCap Growth I R5,0.903,0.0086,0.0029,0.005
Principal SmallCap Growth I R4,0.903,0.0088,0.0029,0.0051
Principal SmallCap Growth I J,0.903,0.0097,0.0032,0.0055000000000000005
Principal SmallCap Growth I R1,0.903,0.009000000000000001,0.003,0.0052
Principal Real Estate Securities R1,0.293,0.0007000000000000001,0.0032,0.0124
Principal Real Estate Securities A,0.293,0.0019,0.0044,0.013500000000000002
Principal Real Estate Securities B,0.293,NA,0.0021,0.011399999999999999
Principal Real Estate Securities A LW,0.293,0.0019,0.0044,0.013500000000000002
Principal Real Estate Securities J,0.293,0.0021,0.0043,0.013300000000000001
Principal Real Estate Securities R4,0.293,0.0026,0.005,0.014199999999999999
Principal Real Estate Securities R3,0.293,0.0019,0.0043,0.0134
Principal Real Estate Securities R2,0.293,0.0013,0.0038,0.0131
Principal Real Estate Securities R5,0.293,0.003,0.0054,0.0146
Principal Real Estate Securities Inst,0.293,0.0037,0.006,0.0151
Principal Real Estate Securities P,0.293,0.0033,NA,NA
Principal Real Estate Securities C,0.293,NA,0.0024,0.0116
Principal Large Cap S&P 500 Index C,0.043,0.0033,0.0027,0.0036
Principal Large Cap S&P 500 Index Inst,0.043,0.0069,0.0059,0.0072
Principal Large Cap S&P 500 Index J,0.043,0.0055000000000000005,0.0044,0.0054
Principal Large Cap S&P 500 Index R3,0.043,0.005,0.0040999999999999995,0.0052
Principal Large Cap S&P 500 Index R2,0.043,0.0039000000000000003,0.0033,0.0044
Principal Large Cap S&P 500 Index R4,0.043,0.005600000000000001,0.0048,0.006
Principal Large Cap S&P 500 Index R5,0.043,0.0059,0.0051,0.0062
Principal Large Cap S&P 500 Index A LW,0.043,0.0051,0.0044,0.0055000000000000005
Principal Large Cap S&P 500 Index A,0.043,0.0051,0.0044,0.0055000000000000005
Principal Large Cap S&P 500 Index R1,0.043,0.0036,0.0033,0.0040999999999999995
Principal Large Cap Growth R1,0.648,NA,NA,0.0005
Principal Large Cap Growth A,0.648,NA,NA,0.0005
Principal Large Cap Growth B,0.648,NA,NA,0.0005
Principal Large Cap Growth A LW,0.648,NA,NA,0.0005
Principal Large Cap Growth R5,0.648,0.0001,NA,0.0006
Principal Large Cap Growth R3,0.648,NA,NA,0.0005
Principal Large Cap Growth R4,0.648,NA,NA,0.0005
Principal Large Cap Growth R2,0.648,NA,NA,0.0005
Principal Inv Technology AdvPfd,0.648,NA,NA,NA
Principal Inv Technology AdvSel,0.648,NA,NA,NA
Principal Inv Technology Sel,0.648,NA,NA,NA
Principal Inv Technology Instl,0.648,NA,NA,NA
Principal Inv Technology Pfd,0.648,NA,NA,NA
Principal Inv Technology J,0.648,NA,NA,NA
Principal Large Cap Growth J,0.648,NA,NA,0.0005
Principal Large Cap Growth Inst,0.648,0.0011,0.0004,0.0012
Principal Large Cap Growth P,0.648,0.0009,NA,NA
Principal Large Cap Growth C,0.648,NA,NA,0.0005
Principal Large Cap Value C,1.3090000000000002,0.0008,0.0016,0.005600000000000001
Principal Large Cap Value Inst,1.3090000000000002,0.0052,0.0055000000000000005,0.0095
Principal Large Cap Value J,1.3090000000000002,0.0033,0.0036,0.0073
Principal Large Cap Value R4,1.3090000000000002,0.0038,0.0044,0.0083
Principal Large Cap Value R5,1.3090000000000002,0.0040999999999999995,0.0046,0.0085
Principal Large Cap Value R2,1.3090000000000002,0.0019,0.0029,0.0067
Principal Large Cap Value R3,1.3090000000000002,0.0032,0.0033,0.0073
Principal Large Cap Value A Load Waived,1.3090000000000002,0.0032,0.0036,0.0075
Principal Large Cap Value A,1.3090000000000002,0.0032,0.0036,0.0075
Principal Large Cap Value B,1.3090000000000002,NA,NA,0.0034999999999999996
Principal Large Cap Value R1,1.3090000000000002,0.0019,0.0028000000000000004,0.006500000000000001
Principal MidCap Blend R1,0.332,0.011000000000000001,0.0066,0.0092
Principal MidCap Blend A,0.332,0.0113,0.0072,0.0095
Principal MidCap Blend B,0.332,0.011399999999999999,0.005699999999999999,0.0087
Principal MidCap Blend A Load Waived,0.332,0.0113,0.0072,0.0095
Principal MidCap Blend R2,0.332,0.0109,0.0069,0.0095
Principal MidCap Blend R3,0.332,0.0108,0.0070999999999999995,0.0095
Principal MidCap Blend R4,0.332,0.0118,0.0077,0.0098
Principal MidCap Blend R5,0.332,0.011899999999999999,0.008,0.01
Principal MidCap Blend J,0.332,0.0116,0.0072,0.0097
Principal MidCap Blend Inst,0.332,0.0125,0.0085,0.0103
Principal MidCap Blend P,0.332,0.0125,NA,NA
Principal MidCap Blend C,0.332,0.0111,0.006500000000000001,0.0092
Principal Intl Emerging Markets R1,0.884,0.0007000000000000001,0.0005,0.0102
Principal Intl Emerging Markets A,0.884,0.0029,0.0013,0.0109
Principal Intl Emerging Markets B,0.884,NA,NA,0.0101
Principal Intl Emerging Markets A LW,0.884,0.0029,0.0013,0.0109
Principal Intl Emerging Markets R5,0.884,0.004,0.0025,0.0124
Principal Intl Emerging Markets R2,0.884,0.0021,0.001,0.010700000000000001
Principal Intl Emerging Markets R3,0.884,0.0026,0.0015,0.011399999999999999
Principal Intl Emerging Markets R4,0.884,0.0036,0.0022,0.0121
Principal Intl Emerging Markets J,0.884,0.0034000000000000002,0.0016,0.0115
Principal Intl Emerging Markets Inst,0.884,0.005,0.0033,0.0134
Principal Intl Emerging Markets P,0.884,0.0049,NA,NA
Principal Intl Emerging Markets C,0.884,NA,NA,0.0098
Principal Diversified Intl C,0.757,0.0012,0.0016,0.0067
Principal Diversified Intl P,0.757,0.0054,NA,NA
Principal Inv Pacific Basin Instl,0.757,NA,NA,NA
Principal Inv European Instl,0.757,NA,NA,NA
Principal Diversified Intl Inst,0.757,0.0058,0.005600000000000001,0.011200000000000002
Principal Diversified Intl J,0.757,0.0043,0.0039000000000000003,0.0092
Principal Inv European J,0.757,NA,NA,NA
Principal Inv Pacific Basin J,0.757,NA,NA,NA
Principal Inv European Pfd,0.757,NA,NA,NA
Principal Inv Pacific Basin Sel,0.757,NA,NA,NA
Principal Inv Pacific Basin AdvPfd,0.757,NA,NA,NA
Principal Inv European AdvPfd,0.757,NA,NA,NA
Principal Diversified Intl R2,0.757,0.0029,0.003,0.0084
Principal Diversified Intl R3,0.757,0.0036,0.0037,0.0091
Principal Diversified Intl R5,0.757,0.004699999999999999,0.004699999999999999,0.0103
Principal Inv European Sel,0.757,NA,NA,NA
Principal Diversified Intl R4,0.757,0.0042,0.0043,0.0098
Principal Inv European AdvSel,0.757,NA,NA,NA
Principal Inv Pacific Basin Pfd,0.757,NA,NA,NA
Principal Inv Pacific Basin AdvSel,0.757,NA,NA,NA
Principal Diversified Intl A LW,0.757,0.0037,0.0036,0.0091
Principal Diversified Intl A,0.757,0.0037,0.0036,0.0091
Principal Diversified Intl B,0.757,NA,NA,0.0054
Principal Diversified Intl R1,0.757,0.0025,0.0027,0.008100000000000001
Royce Value Svc,0.35,0.0103,0.0034999999999999996,0.0058
Royce Value Invmt,0.35,0.0116,0.0043,0.0064
Royce Value Consult,0.35,0.0101,0.0034000000000000002,0.0054
Royce Value Instl,0.35,0.011699999999999999,0.0044,0.0066
Royce Value K,0.35,0.0132,0.0046,NA
Royce Value R,0.35,0.0109,0.0037,NA
Invesco Mid Cap Core Equity Y,0.57,0.005,0.0029,NA
AIM Mid Cap Equity Adv,0.57,NA,NA,NA
Invesco Mid Cap Core Equity I,0.57,0.0048,0.0029,0.0106
Invesco Mid Cap Core Equity R,0.57,0.0051,0.0027,0.0098
Invesco Mid Cap Core Equity A LW,0.57,0.005,0.0027,0.0102
Invesco Mid Cap Core Equity A,0.57,0.005,0.0027,0.0102
Invesco Mid Cap Core Equity C,0.57,0.0064,0.0033,0.0108
Invesco Mid Cap Core Equity B,0.57,0.0066,0.0033,0.011000000000000001
SEI Instl Mgd Large Cap Value A,0.63,0.0053,0.0054,0.0097
SEI Instl Mgd Large Cap Value I,0.63,0.0043,0.0046,0.0089
Templeton World B,0.1611,0.0009,0.0026,0.0070999999999999995
Templeton World A Load Waived,0.1611,0.0070999999999999995,0.0064,0.010700000000000001
Templeton World A,0.1611,0.0070999999999999995,0.0064,0.010700000000000001
Templeton World C,0.1611,0.0042,0.0042,0.008199999999999999
Templeton World Adv,0.1611,0.008199999999999999,0.0072,0.0115
Invesco Global Core Equity Y,1.04,0.0042,0.0038,NA
Invesco Global Core Equity R,1.04,0.0032,NA,NA
Invesco Global Core Equity A LW,1.04,0.0036,0.0031,0.0042
Invesco Global Core Equity Institutional,1.04,0.0040999999999999995,0.004699999999999999,0.0055000000000000005
Invesco Global Core Equity A,1.04,0.0036,0.0031,0.0042
Invesco Global Core Equity C,1.04,0.0018,0.0014000000000000002,0.0026
Invesco Global Core Equity B,1.04,0.0031,0.0018,0.0029
BlackRock Health Sciences Opps Inv A LW,1.35,0.009300000000000001,0.0066,0.0102
BlackRock Health Sciences Opps Svc,1.35,0.009300000000000001,0.0066,0.0102
State Street Research Health Sci B,1.35,0.0104,0.0075,NA
BlackRock Health Sciences Opps Inv C,1.35,0.0076,0.0053,0.0087
BlackRock Health Sciences Opps Inst,1.35,0.01,0.0072,0.0109
BlackRock Health Sciences Opps Inv A,1.35,0.009300000000000001,0.0066,0.0102
BlackRock Health Sciences Opps Inv B,1.35,0.0074,0.0049,0.0083
BlackRock Health Sciences Opps R,1.35,NA,NA,NA
DWS RREEF Real Estate Securities Inst,1.07,0.006,0.0076,0.0144
DWS RREEF Real Estate Securities R,1.07,0.0039000000000000003,0.0054,0.0123
DWS RREEF Real Estate Securities B,1.07,0.0017000000000000001,0.0031,0.0101
DWS RREEF Real Estate Securities C,1.07,0.0021,0.0034000000000000002,0.0103
DWS RREEF Real Estate Securities A,1.07,0.0045000000000000005,0.0062,0.013000000000000001
DWS RREEF Real Estate Securities S,1.07,0.0054,0.0068000000000000005,0.013600000000000001
DWS RREEF Real Estate Securities A LW,1.07,0.0045000000000000005,0.0062,0.013000000000000001
JHancock3 Rainier Growth R2,0.9,NA,NA,NA
JHancock3 Rainier Growth A,0.9,NA,NA,NA
JHancock3 Rainier Growth R6,0.9,NA,NA,NA
JHancock3 Rainier Growth I,0.9,NA,0.0001,0.0001
JHancock3 Rainier Growth T,0.9,NA,NA,NA
JHancock3 Rainier Growth B,0.9,NA,NA,NA
JHancock3 Rainier Growth C,0.9,NA,NA,NA
JHancock3 Rainier Growth R,0.9,NA,NA,NA
JHancock3 Rainier Growth R1,0.9,NA,NA,NA
JHancock3 Rainier Growth R2,0.9,NA,NA,NA
JHancock3 Rainier Growth R3,0.9,NA,NA,NA
JHancock3 Rainier Growth R4,0.9,NA,NA,NA
JHancock3 Rainier Growth R5,0.9,NA,0.0001,NA
JHancock3 Rainier Growth ADV,0.9,NA,NA,NA
JHancock3 Rainier Growth NAV,0.9,NA,0.0001,NA
JHancock3 Rainier Growth A Load Waived,0.9,NA,NA,NA
Forward Select Income A,0.73,0.028900000000000002,0.0321,0.0353
Forward Select Income B,0.73,0.0278,0.029300000000000003,0.0332
Forward Select Income C,0.73,0.0271,0.029500000000000002,0.0331
Forward Select Income A Load Waived,0.73,0.028900000000000002,0.0321,0.0353
Forward Select Income M,0.73,0.0298,NA,NA
Forward Select Income Inv,0.73,NA,NA,NA
Forward Select Income Institutional,0.73,0.0298,0.0332,0.0363
AllianceBern Small-Mid Cap Value A LW,0.72,0.0091,0.0034999999999999996,0.006
AllianceBern Small-Mid Cap Value K,0.72,0.009300000000000001,0.0038,0.0066
AllianceBern Small-Mid Cap Value I,0.72,0.0103,0.004699999999999999,0.0075
AllianceBern Small-Mid Cap Value R,0.72,0.0086,0.0031,0.005699999999999999
AllianceBern Small-Mid Cap Value C,0.72,0.0091,0.003,0.0051
AllianceBern Small-Mid Cap Value A,0.72,0.0091,0.0034999999999999996,0.006
AllianceBern Small-Mid Cap Value B,0.72,0.0095,0.0036,0.006
AllianceBern Small-Mid Cap Value Ad,0.72,0.009899999999999999,0.0043,0.006999999999999999
Henderson Intl Opportunities B,0.64,NA,NA,0.0058
Henderson Intl Opportunities A,0.64,0.0021,0.0019,0.0066
Henderson Intl Opportunities C,0.64,NA,NA,0.005699999999999999
Henderson Intl Opportunities R,0.64,0.0014000000000000002,0.0015,0.0064
Henderson Intl Opportunities A LW,0.64,0.0021,0.0019,0.0066
Henderson Intl Opportunities I,0.64,0.0034999999999999996,0.0028000000000000004,NA
Hartford Small Company HLS IA,0.99,NA,NA,0.0086
Hartford Small Company HLS IB,0.99,NA,NA,0.0085
Hartford MidCap HLS IA,0.69,0.0028000000000000004,0.0018,0.0102
Hartford MidCap HLS IB,0.69,0.0007000000000000001,0.0006,0.0091
Hartford Dividend & Growth HLS IB,0.24,0.006500000000000001,0.0062,0.0098
Hartford Dividend & Growth HLS IA,0.24,0.0074,0.006999999999999999,0.010700000000000001
Hartford Stock HLS IA,0.43,0.0051,0.0046,0.0139
Hartford Stock HLS IB,0.43,0.0040999999999999995,0.0037,0.0129
VALIC Company I Mid Cap Index,0.18,0.011399999999999999,0.0077,0.0131
VALIC Company I Stock Index,0.11,0.0116,0.0104,0.0155
ING Growth and Income Port S2,0.75,0.0029,0.0023,NA
ING Growth and Income Port Adv,0.75,0.0033,0.0033,0.0039000000000000003
ING Growth and Income Port I,0.75,0.0048,0.0043,0.0051
ING Growth and Income Port S,0.75,0.0044,0.0037,0.0046
JHVIT Blue Chip Growth Trust Ser NAV,0.33,0.0001,0.0002,0.0012
JHVIT Blue Chip Growth Trust Ser I,0.33,NA,0.0001,0.0011
JHVIT Blue Chip Growth Trust Ser II,0.33,NA,0.0001,0.0007000000000000001
JHVIT Equity-Income Trust Ser I,0.19,0.0066,0.0059,0.01
JHVIT Equity-Income Trust Ser II,0.19,0.0059,0.0053,0.009300000000000001
JHVIT Equity-Income Trust Ser NAV,0.19,0.0068000000000000005,0.0060999999999999995,0.0102
ING T. Rowe Price Equity Income Port Adv,0.22,0.0062,0.0052,0.0106
ING T. Rowe Price Equity Income Port S2,0.22,0.0067,0.005600000000000001,0.0116
ING T. Rowe Price Equity Income Port I,0.22,0.008,0.0068000000000000005,0.0132
ING T. Rowe Price Equity Income Port S,0.22,0.0070999999999999995,0.006,0.0121
JHVIT Capital Appreciation Trust Ser I,0.52,0.0003,0.0004,0.0009
JHVIT Capital Appreciation Trust Ser II,0.52,0.0001,0.0001,0.0003
JHVIT Capital Appreciation Trust Ser NAV,0.52,0.0004,0.0006,0.0011
ING FMR Diversified Mid Cap Port I,0.88,0.0007000000000000001,0.0013,0.0043
ING FMR Diversified Mid Cap Port Adv,0.88,0.0007000000000000001,0.0005,0.0028000000000000004
ING FMR Diversified Mid Cap S2,0.88,0.0007000000000000001,0.0006,0.0031
ING FMR Diversified Mid Cap S,0.88,0.0007000000000000001,0.0009,0.0034999999999999996
JHVIT 500 Index Trust Ser NAV,0.04,0.0060999999999999995,0.0052,0.0048
JHVIT 500 Index Trust Ser I,0.04,0.0059,0.0049,0.0045000000000000005
JHVIT 500 Index Trust Ser II,0.04,0.0052,0.0043,0.0038
Columbia VP Diversified Equity Income 2,0.41,NA,NA,NA
Columbia VP Diversified Equity Income 1,0.41,NA,NA,NA
ING MidCap Opportunities Port Adv,0.9,0.0007000000000000001,0.0008,0.0005
ING MidCap Opportunities Port I,0.9,0.0003,0.0011,0.0007000000000000001
ING MidCap Opportunities Port S,0.9,0.0005,0.0009,0.0005
ING MidCap Opportunities Port S2,0.9,0.0004,0.0006,NA
JP Morgan Instl Smart Index,1.69,0.0053,0.0043,NA
JPMorgan Disciplined Equity Instl,1.69,0.0054,0.0054,0.0066
JPMorgan Disciplined Equity Sel,1.69,0.0049,0.0049,0.006
JPMorgan Disciplined Equity R6,1.69,0.005699999999999999,0.0058,0.0069
JPMorgan Disciplined Equity A,1.69,0.0045000000000000005,0.0043,0.0054
JP Morgan Disciplined Equity B,1.69,0.0015,NA,NA
JPMorgan Disciplined Equity A LW,1.69,0.0045000000000000005,0.0043,0.0054
First Eagle US Value A Load Waived,0.18539999999999998,0.0075,0.0064,0.008
First Eagle US Value A,0.18539999999999998,0.0075,0.0064,0.008
First Eagle US Value C,0.18539999999999998,0.0053,0.0040999999999999995,0.0058
First Eagle US Value I,0.18539999999999998,0.008199999999999999,0.006999999999999999,0.0087
Hartford International Opp HLS IA,1.11,0.0002,0.0034999999999999996,0.016399999999999998
Hartford International Opp HLS IB,1.11,0.0002,0.0029,0.0155
JHVIT Fundamental Value Trust Ser I,0.14,0.003,0.0031,0.0042
JHVIT Fundamental Value Trust Ser II,0.14,0.0023,0.0024,0.0034999999999999996
JHVIT Fundamental Value Trust Ser NAV,0.14,0.0032,0.0032,0.0045000000000000005
Columbia Mid Cap Value I,0.39,0.0038,NA,NA
Columbia Mid Cap Value R4,0.39,0.0024,NA,NA
Columbia Mid Cap Value W,0.39,0.0023,NA,NA
Columbia Mid Cap Value Y,0.39,0.0034999999999999996,NA,NA
Columbia Mid Cap Value A,0.39,0.0022,0.003,0.0052
Columbia Mid Cap Value B,0.39,0.0004,0.0012,0.0033
Columbia Mid Cap Value C,0.39,0.0004,0.0012,0.0033
Columbia Mid Cap Value Z,0.39,0.0031,0.0038,0.006
Columbia Mid Cap Value A Load Waived,0.39,0.0022,0.003,0.0052
Columbia Mid Cap Value R,0.39,0.0013,0.0022,0.0044
DFA Tax-Managed US Equity,0.11,0.0062,0.0060999999999999995,0.006500000000000001
Causeway International Value Instl,0.39,0.0121,0.0067,0.0203
Causeway International Value Inv,0.39,0.0113,0.0060999999999999995,0.0196
Invesco Diversified Dividend A,0.2,0.0075,0.0069,0.0091
Invesco Diversified Dividend B,0.2,0.0052,0.0044,0.0067
Invesco Diversified Dividend C,0.2,0.005,0.0043,0.0066
Invesco Diversified Dividend A LW,0.2,0.0075,0.0069,0.0091
Invesco Diversified Dividend R,0.2,0.0066,0.006,0.008199999999999999
Invesco Diversified Dividend Instl,0.2,0.0088,0.008199999999999999,0.0103
Invesco Diversified Dividend Investor,0.2,0.0077,0.0070999999999999995,0.009300000000000001
Invesco Diversified Dividend Y,0.2,0.0084,0.0077,NA
MassMutual Select Fundamental Value A LW,0.14,0.0033,0.0025,0.0083
MassMutual Select Fundamental Value S,0.14,0.0062,0.0038,0.0097
MassMutual Select Fundamental Value Y,0.14,0.0062,0.0038,0.0097
MassMutual Select Fundamental Value L,0.14,0.0038,0.0028000000000000004,0.0088
MassMutual Select Fundamental Value A,0.14,0.0033,0.0025,0.0083
MassMutual Select Fundamental Value N,0.14,0.0017000000000000001,0.0013,0.0074
MassMutual Select Fundamental Value Z,0.14,0.0077,NA,NA
RidgeWorth Mid-Cap Value Equity A LW,1.82,0.0344,0.0199,0.0253
RidgeWorth Mid-Cap Value Equity A,1.82,0.0344,0.0199,0.0253
RidgeWorth Mid-Cap Value Equity C,1.82,0.032799999999999996,0.0183,0.023399999999999997
RidgeWorth Mid-Cap Value Equity I,1.82,0.0351,0.0206,0.026099999999999998
Transamerica Asset Allc Growth A,0.3,0.0042,0.003,0.0044
Transamerica Asset Allc Growth B,0.3,0.0011,0.0007000000000000001,0.0022
Transamerica Asset Allocation - Gr C2,0.3,NA,NA,NA
Transamerica Asset Allocation - Gr M,0.3,NA,NA,NA
Transamerica Asset Allc Growth C,0.3,0.0018,0.001,0.0025
Transamerica Asset Allc Growth A LW,0.3,0.0042,0.003,0.0044
Transamerica Asset Allc Growth I,0.3,0.0058,NA,NA
Transamerica Asset Allc Growth R,0.3,0.0033,0.0025,0.0042
Cohen & Steers Instl Realty Shares,0.92,0.008,0.0092,0.0158
Target Small Capitalization Value T,0.44,0.009000000000000001,0.0054,0.0083
Target Small Capitalization Value R,0.44,0.0073,0.0038,0.0068000000000000005
Diamond Hill Large Cap A,0.16,0.0039000000000000003,0.0022,0.0052
Diamond Hill Large Cap C,0.16,0.0013,0.0004,0.0033
Diamond Hill Large Cap I,0.16,0.0045000000000000005,0.0032,0.006500000000000001
Diamond Hill Large Cap A Load Waived,0.16,0.0039000000000000003,0.0022,0.0052
Diamond Hill Large Cap Y,0.16,NA,NA,NA
Pioneer Cullen Value Z,0.12,0.0032,0.0025,NA
Pioneer Cullen Value R,0.12,0.002,0.0017000000000000001,0.0019
Pioneer Cullen Value A,0.12,0.0024,0.0018,0.0019
Pioneer Cullen Value A Load Waived,0.12,0.0024,0.0018,0.0019
Pioneer Cullen Value B,0.12,0.0008,0.0004,0.0004
Pioneer Cullen Value C,0.12,0.0012,0.0007000000000000001,0.0008
Pioneer Cullen Value Y,0.12,0.0031,0.0024,0.0025
Columbia Small Cap Value II A,0.41,0.0005,0.0009,0.003
Columbia Small Cap Value II B,0.41,NA,NA,0.0016
Columbia Small Cap Value II C,0.41,NA,NA,0.0016
Columbia Small Cap Value II Z,0.41,0.0013,0.0016,0.0038
Columbia Small Cap Value II A LW,0.41,0.0005,0.0009,0.003
Columbia Small Cap Value II R,0.41,NA,0.0003,0.0023
Columbia Small Cap Value II I,0.41,0.002,NA,NA
Hartford Growth Opportunities HLS IA,1.13,NA,0.0006,0.0115
Hartford Growth Opportunities HLS IB,1.13,NA,0.0003,0.011000000000000001
MFS Aggressive Growth Allocation R,0.11,0.0070999999999999995,0.005699999999999999,0.0040999999999999995
MFS Aggressive Growth Allocation A,0.11,0.0052,0.004699999999999999,0.0073
MFS Aggressive Growth Allocation C,0.11,0.0025,0.0024,0.0052
MFS Aggressive Growth Allocation B,0.11,0.0021,0.0021,0.0051
MFS Aggressive Growth Allocation I,0.11,0.006,0.0054,0.008100000000000001
MFS Aggressive Growth Allocation 529B,0.11,0.0019,0.0018,0.004699999999999999
MFS Aggressive Growth Allocation 529C,0.11,0.0022,0.0023,0.0051
MFS Aggressive Growth Allocation 529A,0.11,0.0049,0.0045000000000000005,0.006999999999999999
MFS Aggressive Growth Allocation R2,0.11,0.0043,0.004,0.0069
MFS Aggressive Growth Allocation A LW,0.11,0.0052,0.004699999999999999,0.0073
MFS Aggressive Growth Allocation R1,0.11,0.0026,0.0025,0.005600000000000001
MFS Aggressive Growth Allocation R2,0.11,0.0121,NA,NA
MFS Aggressive Growth Allocation R3,0.11,0.0055000000000000005,0.0049,0.0075
MFS Aggressive Growth Allocation R4,0.11,0.006,0.0055000000000000005,0.008100000000000001
MFS Aggressive Growth Allocation 529A LW,0.11,0.0049,0.0045000000000000005,0.006999999999999999
Eaton Vance Atlanta Capital SMID-Cap I,0.19,0.0012,0.0008,0.0067
EV Atlanta Capital Small-Cap R,0.19,NA,NA,NA
Eaton Vance Atlanta Capital SMID-Ca A LW,0.19,0.0013,0.0009,0.0070999999999999995
Eaton Vance Atlanta Capital SMID-Cap A,0.19,0.0013,0.0009,0.0070999999999999995
Eaton Vance Atlanta Capital SMID-Cap C,0.19,0.0013,NA,NA
Eaton Vance Atlanta Capital SMID-Cap R,0.19,0.0013,NA,NA
ING T. Rowe Price Growth Equity Port S,0.28,NA,0.0001,0.0051
ING T. Rowe Price Growth Equity Port Adv,0.28,NA,NA,0.0044
ING T. Rowe Price Growth Equity Port I,0.28,NA,0.0002,0.005699999999999999
ING T Rowe Price Growth Equity Port S2,0.28,NA,NA,NA
ING Oppenheimer Global Port Adv,0.12,0.0043,0.0058,0.0091
ING Oppenheimer Global Port I,0.12,0.0058,0.0075,0.010700000000000001
ING Oppenheimer Global Port S,0.12,0.005,0.0067,0.0102
ING Oppenheimer Global Port S2,0.12,0.006,0.0074,NA
Third Avenue International Value Instl,0.24,0.0064,0.0055000000000000005,0.0105
Third Avenue International Value Inv,0.24,0.0054,NA,NA
TIAA-CREF Growth & Income Premier,1.16,0.0054,NA,NA
TIAA-CREF Growth & Income Instl,1.16,0.0059,0.0048,0.0062
TIAA-CREF Growth & Income Retire,1.16,0.0049,0.0039000000000000003,0.0053
TIAA-CREF Growth & Income Retail,1.16,0.0038,0.0031,0.0045000000000000005
TIAA-CREF International Eq Premier,1.07,0.0058,NA,NA
TIAA-CREF International Eq Instl,1.07,0.0064,0.004699999999999999,0.0103
TIAA-CREF International Eq Retire,1.07,0.0049,0.0037,0.0091
TIAA-CREF International Eq Retail,1.07,0.0079,0.0059,0.0134
TIAA-CREF Equity Index Retail,0.11,0.0039000000000000003,0.0046,0.0058
TIAA-CREF Equity Index R,0.11,0.0038,0.0045000000000000005,0.005699999999999999
TIAA-CREF Equity Index Instl,0.11,0.0049,0.0054,0.006500000000000001
TIAA-CREF Equity Index Premier,0.11,0.0045000000000000005,NA,NA
TIAA-CREF Social Choice Eq Premier,0.19,0.0055000000000000005,NA,NA
TIAA-CREF Social Choice Eq Instl,0.19,0.006,0.005600000000000001,0.0064
TIAA-CREF Social Choice Eq Retire,0.19,0.0049,0.004699999999999999,0.0055000000000000005
TIAA-CREF Social Choice Eq Retail,0.19,0.005699999999999999,0.0055000000000000005,0.0064
Manning & Napier Equity,0.54,0.0064,0.0026,0.004699999999999999
Manning & Napier Overseas,0.37,0.0129,0.006500000000000001,0.0121
DFA US Targeted Value I,0.23,0.004,0.0032,0.0045000000000000005
DFA US Targeted Value R1,0.23,0.0034999999999999996,0.0033,NA
DFA US Targeted Value R2,0.23,0.0034000000000000002,0.0029,NA
Royce Value Plus Svc,0.49,0.0023,0.0011,0.0045000000000000005
Royce Value Plus R,0.49,0.0027,0.0013,NA
Royce Value Plus K,0.49,NA,0.0007000000000000001,NA
Royce Value Plus Consult,0.49,NA,NA,0.0034999999999999996
Royce Value Plus Instl,0.49,0.0046,0.0022,0.0054
Royce Value Plus Invmt,0.49,0.0045000000000000005,0.0022,0.0053
William Blair Instl International Gr,1.11,0.0005,0.004,0.01
TIAA-CREF Large-Cap Value Instl,0.68,0.0054,0.0048,0.0084
TIAA-CREF Large-Cap Value Retail,0.68,0.0045000000000000005,0.0040999999999999995,0.0079
TIAA-CREF Large-Cap Value Retire,0.68,0.0044,0.0039000000000000003,0.0075
TIAA-CREF Large-Cap Value Premier,0.68,0.0049,NA,NA
TIAA-CREF Mid-Cap Growth Premier,0.81,0.0059,NA,NA
TIAA-CREF Mid-Cap Growth Retail,0.81,0.0059,0.0021,0.0036
TIAA-CREF Mid-Cap Growth Instl,0.81,0.0059,0.0022,0.0040999999999999995
TIAA-CREF Mid-Cap Growth Retire,0.81,0.0059,0.002,0.0037
TIAA-CREF Mid-Cap Value Retire,0.39,0.0038,0.0040999999999999995,0.006999999999999999
TIAA-CREF Mid-Cap Value Retail,0.39,0.0039000000000000003,0.0043,0.006500000000000001
TIAA-CREF Mid-Cap Value Instl,0.39,0.0048,0.0049,0.0078000000000000005
TIAA-CREF Mid-Cap Value Premier,0.39,0.0043,NA,NA
TIAA-CREF S&P 500 Index Instl,0.14,0.0073,0.0072,0.0079
TIAA-CREF S&P 500 Index Retire,0.14,0.0064,0.0064,0.0070999999999999995
TIAA-CREF Small-Cap Equity Retail,1,0.0062,0.0031,0.0052
TIAA-CREF Small-Cap Equity Instl,1,0.0072,0.0038,0.0064
TIAA-CREF Small-Cap Equity Retire,1,0.0062,0.003,0.005600000000000001
TIAA-CREF Small-Cap Equity Premier,1,0.0067,NA,NA
TIAA-CREF International Eq Idx Premier,0.06,0.01,NA,NA
TIAA-CREF International Eq Idx Instl,0.06,0.0103,0.0084,0.01
TIAA-CREF International Eq Idx Retire,0.06,0.0091,0.0074,0.0091
TIAA-CREF Real Estate Sec Retail,0.75,0.0044,0.0064,0.013300000000000001
TIAA-CREF Real Estate Sec Instl,0.75,0.0055000000000000005,0.0072,0.0139
TIAA-CREF Real Estate Sec Retire,0.75,0.0044,0.0062,0.0127
TIAA-CREF Real Estate Sec Premier,0.75,0.0049,NA,NA
Allianz NFJ International Value Instl,0.48,0.0092,0.008100000000000001,0.0123
Allianz NFJ International Value Adm,0.48,0.0088,NA,NA
Allianz NFJ International Value A LW,0.48,0.0079,0.0067,0.0109
Allianz NFJ International Value A,0.48,0.0079,0.0067,0.0109
Allianz NFJ International Value C,0.48,0.0052,0.0042,0.0084
Allianz NFJ International Value D,0.48,0.008,0.0068000000000000005,0.0111
Allianz NFJ International Value R,0.48,0.008,NA,NA
Allianz NFJ International Value P,0.48,0.0089,0.0079,NA
Columbia Mid Cap Value Opportunity C,0.46,NA,0.0008,0.0051
Columbia Mid Cap Value Opportunity R4,0.46,0.0007000000000000001,0.0028000000000000004,0.0072
Columbia Mid Cap Value Opportunity A,0.46,0.0002,0.0022,0.006500000000000001
Columbia Mid Cap Value Opportunity B,0.46,NA,0.0006,0.0051
Columbia Mid Cap Value Opportunity A LW,0.46,0.0002,0.0022,0.006500000000000001
Columbia Mid Cap Value Opportunity I,0.46,0.0018,0.0037,0.008
Columbia Mid Cap Value Opportunity Z,0.46,0.0014000000000000002,NA,NA
Columbia Mid Cap Value Opportunity R,0.46,NA,0.0017000000000000001,0.0064
Columbia Mid Cap Value Opportunity R5,0.46,0.0017000000000000001,0.0036,0.008
Columbia Mid Cap Value Opportunity W,0.46,0.0005,0.0025,0.0066
Columbia Mid Cap Value Opportunity R3,0.46,NA,0.0022,0.0069
Columbia Large Core Quantitative A,0.57,0.0023,0.0055000000000000005,0.0079
Columbia Large Core Quantitative B,0.57,NA,0.0029,0.005
Columbia Large Core Quantitative C,0.57,NA,0.0032,0.0054
Columbia Large Core Quantitative R4,0.57,0.0023,0.0058,0.0083
Columbia Large Core Quantitative I,0.57,0.0039000000000000003,0.0069,0.009399999999999999
Columbia Large Core Quantitative A LW,0.57,0.0023,0.0055000000000000005,0.0079
Columbia Large Core Quantitative Z,0.57,0.0036,NA,NA
Columbia Large Core Quantitative R,0.57,0.0013,0.0045000000000000005,0.006999999999999999
RiverSource Disciplined Equity R3,0.57,0.011399999999999999,0.011699999999999999,NA
Columbia Large Core Quantitative R5,0.57,0.0039000000000000003,0.0068000000000000005,0.0092
Columbia Large Core Quantitative W,0.57,0.0019,0.0044,0.0073
JPMorgan Intrepid America Sel,1.02,0.0032,0.0044,0.0067
JPMorgan Intrepid America A Load Waived,1.02,0.0025,0.0037,0.0060999999999999995
JPMorgan Intrepid America A,1.02,0.0025,0.0037,0.0060999999999999995
JPMorgan Intrepid America C,1.02,NA,0.002,0.0042
JPMorgan Intrepid America R5,1.02,0.0039000000000000003,0.005,0.0076
JPMorgan Intrepid America R2,1.02,0.0004,0.0032,NA
JHVIT Fundamental All Cap Core Ser NAV,1.46,0.0040999999999999995,0.0038,0.0095
JHVIT Fundamental All Cap Core Tr Ser I,1.46,0.0039000000000000003,0.0036,0.009399999999999999
JHVIT Fundamental All Cap Core Tr Ser II,1.46,0.0032,0.0029,0.0086
Wells Fargo Advantage Small Cap Growth A,0.69,0.0077,0.0026,0.0149
Wells Fargo Advantage Small Cap Gro A LW,0.69,0.0077,0.0026,0.0149
Wells Fargo Advantage Sm Cap Gr Inv,0.69,0.0078000000000000005,0.0026,0.015
Wells Fargo Advantage Small Cap Growth I,0.69,0.0074,0.0025,0.0146
Wells Fargo Advantage Small Cap Growth B,0.69,0.0086,0.0028000000000000004,0.015700000000000002
Wells Fargo Advantage Small Cap Growth C,0.69,0.0083,0.0028000000000000004,0.0155
Wells Fargo Advantage Small Cap Gr Adm,0.69,0.0076,0.0025,0.0148
Fidelity Real Estate Income,0.25,0.019,0.0182,0.0204
Fidelity Advisor Real Estate Income A LW,0.25,0.018500000000000003,NA,NA
Fidelity Advisor Real Estate Income A,0.25,0.018500000000000003,NA,NA
Fidelity Advisor Real Estate Income C,0.25,0.016200000000000003,NA,NA
Fidelity Advisor Real Estate Income T,0.25,0.0184,NA,NA
Fidelity Advisor Real Estate Income Inst,0.25,0.019299999999999998,NA,NA
Schwab Dividend Equity Investor,0.31,0.008100000000000001,0.008100000000000001,0.0089
Schwab Dividend Equity,0.31,0.0049,0.0058,0.006999999999999999
ING American Funds Growth,0.02,0.0006,0.009300000000000001,0.0087
Hartford Equity Income A Load Waived,0.18,0.006999999999999999,0.0066,0.0085
Hartford Equity Income A,0.18,0.006999999999999999,0.0066,0.0085
Hartford Equity Income B,0.18,0.0042,0.0039000000000000003,0.0058
Hartford Equity Income C,0.18,0.004699999999999999,0.0042,0.006
Hartford Equity Income Y,0.18,0.0083,0.008,0.0098
Hartford Equity Income I,0.18,0.008100000000000001,0.0076,0.0096
Hartford Equity Income R3,0.18,0.0062,0.0058,0.0076
Hartford Equity Income R4,0.18,0.006999999999999999,0.0067,0.0086
Hartford Equity Income R5,0.18,0.008,0.0077,0.0096
Cullen High Dividend Equity R1,NA,0.0058,NA,NA
Cullen High Dividend Equity R2,NA,0.0075,NA,NA
Cullen High Dividend Equity Retail,NA,0.0085,0.0085,0.011399999999999999
Cullen High Dividend Equity C,NA,0.0064,0.006,0.0087
Cullen High Dividend Equity I,NA,0.0092,0.009399999999999999,0.012199999999999999
Templeton China World A Load Waived,0.0555,0.0040999999999999995,0.0040999999999999995,0.009899999999999999
Templeton China World A,0.0555,0.0040999999999999995,0.0040999999999999995,0.009899999999999999
Templeton China World B,0.0555,0.0016,0.002,0.0076
Templeton China World C,0.0555,0.0016,0.0022,0.0077
Templeton China World Adv,0.0555,0.0053,0.0049,0.0109
Maxim S&P 500 Index Portfolio,0.09,0.006500000000000001,0.0058,0.0067
Maxim S&P 500 Index L,0.09,NA,NA,NA
Principal MidCap Value I J,0.8029999999999999,0.0005,0.0015,NA
Principal MidCap Value I A,0.8029999999999999,0.0026,NA,NA
Principal MidCap Value I B,0.8029999999999999,0.0012,NA,NA
Principal MidCap Value I C,0.8029999999999999,0.0015,NA,NA
Principal MidCap Value I A Load Waived,0.8029999999999999,0.0026,NA,NA
Principal MidCap Value I R3,0.8029999999999999,0.0003,0.0016,0.0062
Principal MidCap Value I R2,0.8029999999999999,NA,0.0011,0.0058
Principal MidCap Value I R5,0.8029999999999999,0.0016,0.0025,0.0073
Principal MidCap Value I R4,0.8029999999999999,0.001,0.0022,0.0069
Principal MidCap Value I R1,0.8029999999999999,NA,0.0009,0.0055000000000000005
Principal MidCap Value I Inst,0.8029999999999999,0.0024,0.0032,0.008100000000000001
Invesco Small Companies A Load Waived,0.38,NA,0.0001,0.0027
Invesco Small Companies R,0.38,NA,NA,0.0026
Invesco Small Companies Inst,0.38,NA,0.0002,0.0034999999999999996
Invesco Small Companies A,0.38,NA,0.0001,0.0027
Invesco Small Companies B,0.38,NA,NA,0.0024
Invesco Small Companies C,0.38,NA,NA,0.0024
Invesco Small Companies Y,0.38,NA,0.0001,NA
AllianceBern International A LW,0.62,0.0060999999999999995,0.0051,0.0096
AllianceBern International A,0.62,0.0060999999999999995,0.0051,0.0096
AllianceBern International B,0.62,0.0019,0.0021,0.0064
AllianceBern International C,0.62,0.002,0.0021,0.0064
Bernstein International Portfolio,0.62,0.0073,0.0066,0.0109
Vanguard Consumer Staples Index Adm,0.07,0.0034999999999999996,0.0037,0.0033
Vanguard Information Technology Idx Adm,0.06,0.0012,0.0009,0.0009
Vanguard Utilities Index Adm,0.06,0.005600000000000001,0.0058,0.0054
ING US Stock Index Port I,0.21,0.015600000000000001,0.0076,0.01
ING US Stock Index Port Adv,0.21,0.0147,0.0070999999999999995,NA
ING US Stock Index Port S2,0.21,0.0147,0.0067,NA
ING US Stock Index Port S,0.21,0.0149,0.0069,0.0095
Principal Large Cap Value I Inst,0.9540000000000001,0.0059,0.0051,0.0067
Principal Large Cap Value I R3,0.9540000000000001,0.0034000000000000002,0.003,0.0045000000000000005
Principal Large Cap Value I R2,0.9540000000000001,0.003,0.0021,0.0037
Principal Large Cap Value I R5,0.9540000000000001,0.0034000000000000002,0.0037,0.0054
Principal Large Cap Value I R4,0.9540000000000001,0.0044,0.0039000000000000003,0.0054
Principal Large Cap Value I R1,0.9540000000000001,0.0022,0.0021,0.0034000000000000002
Principal International I R1,0.905,0.0024,0.0025,0.0072
Principal International I R3,0.905,0.0039000000000000003,0.0034999999999999996,0.008199999999999999
Principal International I R2,0.905,0.0026,0.0027,0.0074
Principal International I R5,0.905,0.005,0.0046,0.0092
Principal International I R4,0.905,0.0046,0.0042,0.0089
Principal International I Inst,0.905,0.0062,0.0055000000000000005,0.0102
ING Large Cap Growth Port S2,0.77,0.0172,0.0058,0.0083
ING Large Cap Growth Port S,0.77,0.017,0.0066,0.009000000000000001
ING Large Cap Growth Port I,0.77,0.0172,0.0068000000000000005,0.0095
ING Large Cap Growth Port A,0.77,0.0176,0.0064,0.0089
GuideStone Funds Value Equity GS8,0.35,0.0315,NA,NA
GuideStone Funds Value Equity GS6,0.35,0.019299999999999998,0.0274,0.0232
GuideStone Funds Value Equity GS4,0.35,0.0039000000000000003,0.0032,0.0074
GuideStone Funds Value Equity GS2,0.35,0.009300000000000001,0.0072,0.015
GuideStone Funds Growth Equity GS2,0.6,NA,0.0002,0.0008
GuideStone Funds Growth Equity GS4,0.6,NA,0.0001,0.0003
GuideStone Funds Growth Equity GS6,0.6,0.0002,0.0001,NA
GuideStone Funds Growth Equity GS8,0.6,NA,NA,NA
GuideStone Funds Internatl Equity GS8,0.82,0.024900000000000002,NA,NA
GuideStone Funds International Eq GS6,0.82,0.026000000000000002,0.0291,0.02
GuideStone Funds International Eq GS4,0.82,0.0066,0.0062,0.0139
GuideStone Funds International Eq GS2,0.82,0.0096,0.0089,0.0182
DFA Global Equity R2,NA,0.006,0.0055000000000000005,0.006
DFA Global Equity I,NA,0.006999999999999999,0.006500000000000001,0.0075
Fidelity Advisor Strategic Div & In A LW,0.56,0.0087,0.0083,0.0104
Fidelity Strategic Dividend & Income,0.56,0.0096,0.009300000000000001,0.011399999999999999
Fidelity Advisor Strategic Div & Inc A,0.56,0.0087,0.0083,0.0104
Fidelity Advisor Strategic Div & Inc B,0.56,0.0060999999999999995,0.005600000000000001,0.0077
Fidelity Advisor Strategic Div & Inc C,0.56,0.0064,0.0058,0.0078000000000000005
Fidelity Advisor Strategic Div & Inc I,0.56,0.0097,0.009399999999999999,0.011399999999999999
Fidelity Advisor Strategic Div & Inc T,0.56,0.0078000000000000005,0.0075,0.0095
Vanguard Energy Index Adm,0.11,0.0024,0.0021,0.002
Fidelity Advisor Mid Cap II A,0.8,NA,0.0007000000000000001,0.0038
Fidelity Advisor Mid Cap II B,0.8,NA,0.0002,0.0031
Fidelity Advisor Mid Cap II C,0.8,NA,0.0002,0.0031
Fidelity Advisor Mid Cap II I,0.8,NA,0.0009,0.0040999999999999995
Fidelity Advisor Mid Cap II T,0.8,NA,0.0005,0.0034999999999999996
Fidelity Advisor Mid Cap II A LW,0.8,NA,0.0007000000000000001,0.0038
DFA International Value III,0.09,0.0125,0.010700000000000001,0.0123
MFS International Diversification A LW,0.06,0.0031,0.0034999999999999996,0.008
MFS International Diversification 529 LW,0.06,0.003,0.0034000000000000002,0.0078000000000000005
MFS International Diversification I,0.06,0.004,0.0043,0.0088
MFS International Diversification A,0.06,0.0031,0.0034999999999999996,0.008
MFS International Diversification B,0.06,NA,0.0007000000000000001,0.0060999999999999995
MFS International Diversification C,0.06,NA,0.0008,0.0060999999999999995
MFS International Diversification R,0.06,0.0226,0.015,NA
MFS International Diversification R2,0.06,0.0021,0.0028000000000000004,0.0075
MFS International Diversification 529A,0.06,0.003,0.0034000000000000002,0.0078000000000000005
MFS International Diversification 529B,0.06,NA,0.001,0.0060999999999999995
MFS International Diversification 529C,0.06,0.0005,0.0015,0.0063
MFS International Diversification R1,0.06,0.0006,0.0015,0.0066
MFS International Diversification R2,0.06,0.023399999999999997,NA,NA
MFS International Diversification R3,0.06,0.0034999999999999996,0.0037,0.008199999999999999
MFS International Diversification R4,0.06,0.004,0.0043,0.0088
PRIMECAP Odyssey Aggressive Growth,0.11320000000000001,0.0055000000000000005,0.0034000000000000002,0.0025
PRIMECAP Odyssey Growth,0.1257,0.0027,0.0013,0.0014000000000000002
PRIMECAP Odyssey Stock,0.2427,0.0044,0.0032,0.0031
American Century Mid Cap Value Inv,0.82,0.0149,0.0089,0.013000000000000001
American Century Mid Cap Value R,0.82,0.013500000000000002,0.0073,0.011399999999999999
American Century Mid Cap Value A,0.82,0.014199999999999999,0.008100000000000001,0.012199999999999999
American Century Mid Cap Value Inst,0.82,0.015600000000000001,0.0096,0.0137
American Century Mid Cap Value C,0.82,0.0123,NA,NA
American Century Mid Cap Value A LW,0.82,0.014199999999999999,0.008100000000000001,0.012199999999999999
Vanguard PRIMECAP Core Inv,0.09,0.0018,0.0015,0.0022
Sterling Capital Equity Income A,0.1664,0.0049,0.0058,0.0079
Sterling Capital Equity Income B,0.1664,0.0023,0.0032,0.0055000000000000005
Sterling Capital Equity Income C,0.1664,0.0025,0.0034000000000000002,0.005600000000000001
Sterling Capital Equity Income Instl,0.1664,0.005699999999999999,0.0066,0.0088
Sterling Capital Equity Income A LW,0.1664,0.0049,0.0058,0.0079
Sterling Capital Equity Income R,0.1664,0.0045000000000000005,NA,NA
AllianceBern Wealth Apprec Strat K,0.04,0.0053,0.0042,0.0072
AllianceBern Wealth Apprec Strat I,0.04,0.0074,0.0055000000000000005,0.0085
AllianceBern Wealth Apprec Strat R,0.04,0.0045000000000000005,0.0033,0.0063
AllianceBern Wealth Apprec Strat A LW,0.04,0.0060999999999999995,0.0044,0.0072
AllianceBern Wealth Apprec Strat A,0.04,0.0060999999999999995,0.0044,0.0072
AllianceBern Wealth Apprec Strat B,0.04,0.0027,0.0015,0.0046
AllianceBern Wealth Apprec Strat C,0.04,0.0027,0.0015,0.0046
AllianceBern Wealth Apprec Strat Ad,0.04,0.0075,0.0055000000000000005,0.0085
JHVIT American Growth Trust Ser I,0.06,0.0009,0.0009,0.0111
JHVIT American Growth Trust Ser II,0.06,0.0003,0.0004,0.0106
JHVIT American Growth Trust Ser III,0.06,0.0021,0.002,NA
JHVIT American Growth-Income Tr Ser III,0.05,0.0055000000000000005,0.005,NA
JHVIT American Growth-Income Tr Ser I,0.05,0.0043,0.0039000000000000003,0.0091
JHVIT American Growth-Income Tr Ser II,0.05,0.0038,0.0034000000000000002,0.0086
Fidelity Advisor Small Cap Growth T,1.06,0.0034000000000000002,0.0011,0.0042
Fidelity Advisor Small Cap Growth B,1.06,0.0037,0.0012,0.004
Fidelity Advisor Small Cap Growth C,1.06,0.0034999999999999996,0.0012,0.004
Fidelity Advisor Small Cap Growth I,1.06,0.0033,0.0013,0.0046
Fidelity Small Cap Growth,1.06,0.0033,0.0013,0.004699999999999999
Fidelity Advisor Small Cap Growth A,1.06,0.0034000000000000002,0.0012,0.0045000000000000005
Fidelity Advisor Small Cap Growth A LW,1.06,0.0034000000000000002,0.0012,0.0045000000000000005
Fidelity Small Cap Growth F,1.06,0.0033,NA,NA
Fidelity Small Cap Value F,0.22,0.0113,NA,NA
Fidelity Advisor Small Cap Value A LW,0.22,0.010700000000000001,0.0049,0.0048
Fidelity Small Cap Value,0.22,0.011000000000000001,0.0054,0.0054
Fidelity Advisor Small Cap Value A,0.22,0.010700000000000001,0.0049,0.0048
Fidelity Advisor Small Cap Value B,0.22,0.011399999999999999,0.0043,0.0042
Fidelity Advisor Small Cap Value C,0.22,0.011000000000000001,0.0042,0.0040999999999999995
Fidelity Advisor Small Cap Value I,0.22,0.011000000000000001,0.005600000000000001,0.0054
Fidelity Advisor Small Cap Value T,0.22,0.0106,0.0045000000000000005,0.0044
Janus Triton T,0.42,0.006,0.0032,0.0092
Janus Triton A,0.42,0.006,NA,NA
Janus Triton C,0.42,0.0060999999999999995,NA,NA
Janus Triton I,0.42,0.0059,NA,NA
Janus Triton R,0.42,0.006,NA,NA
Janus Triton S,0.42,0.006,NA,NA
Janus Triton D,0.42,0.006,0.0032,0.0092
Janus Triton A Load Waived,0.42,0.006,NA,NA
Janus Triton N,0.42,NA,NA,NA
Northern International Equity Index,0.3063,0.0103,0.008,0.0095
TimesSquare Mid Cap Growth Instl,0.6,0.004699999999999999,0.0016,0.0046
TimesSquare Mid Cap Growth Prem,0.6,0.004699999999999999,0.0016,0.0045000000000000005
Touchstone Sands Capital Inst Gr,0.18,NA,NA,0.0013
JPMorgan Value Advantage A,0.33,0.0038,0.0038,0.0078000000000000005
JPMorgan Value Advantage C,0.33,0.002,0.002,0.0058
JPMorgan Value Advantage Select,0.33,0.0049,0.0048,0.0088
JPMorgan Value Advantage Instl,0.33,0.0058,0.0054,0.0095
JPMorgan Value Advantage A Load Waived,0.33,0.0038,0.0038,0.0078000000000000005
Nuveen Tradewinds Value Opportuniti A LW,0.77,0.021099999999999997,0.0116,0.013000000000000001
Nuveen Tradewinds Value Opportunities A,0.77,0.021099999999999997,0.0116,0.013000000000000001
Nuveen Tradewinds Value Opportunities B,0.77,0.0195,0.0104,0.011699999999999999
Nuveen Tradewinds Value Opportunities C,0.77,0.018799999999999997,0.01,0.0115
Nuveen Tradewinds Value Opportunities I,0.77,0.022000000000000002,0.0121,0.0138
Nuveen Tradewinds Value Opportunities R3,0.77,0.0202,0.011000000000000001,NA
GMO World Opportunities Equity Allc III,0.27,0.0077,0.0072,0.0132
Cohen & Steers International Realty A,1.06,0.008,0.0202,0.0183
Cohen & Steers International Realty C,1.06,0.005600000000000001,0.0184,0.0166
Cohen & Steers International Realty I,1.06,0.009300000000000001,0.021099999999999997,0.0192
Cohen & Steers International Realty A LW,1.06,0.008,0.0202,0.0183
Vanguard Diversified Equity Inv,0.03,0.0018,0.0016,0.0045000000000000005
GMO U.S. Core III,0.61,NA,NA,NA
GMO US Core Equity VI,0.61,0.006500000000000001,0.006500000000000001,0.0092
GMO US Core Equity M,0.61,0.0051,0.0051,0.0077
GMO U.S. Core V,0.61,0.0049,0.0051,NA
GMO US Core Equity III,0.61,0.0060999999999999995,0.0062,0.0089
GMO U.S. Core I,0.61,0.0723,NA,NA
GMO U.S. Core II,0.61,0.0012,0.0036,0.0042
GMO US Core Equity IV,0.61,0.0064,0.0063,0.009000000000000001
GMO International Growth Equity III,0.53,0.006,0.0074,0.0159
GMO International Growth Equity IV,0.53,0.006500000000000001,0.0076,0.016200000000000003
GMO International Core Equity VI,0.34,0.0131,0.0109,0.013000000000000001
GMO International Core Equity III,0.34,0.0128,0.0105,0.0126
GMO International Core Equity IV,0.34,0.013000000000000001,0.010700000000000001,0.0128
GMO International Disciplined Equity IV,0.34,NA,NA,NA
DFA US Core Equity 1 I,0.05,0.0055000000000000005,0.0054,0.0059
Artio International Equity II A,0.51,0.0055000000000000005,0.0092,0.0092
Artio International Equity II I,0.51,0.0068000000000000005,0.0101,0.01
Oppenheimer International Diversifi A LW,0.05,0.0086,0.0074,0.0087
Oppenheimer International Diversified A,0.05,0.0086,0.0074,0.0087
Oppenheimer International Diversified B,0.05,0.0052,0.004699999999999999,0.0067
Oppenheimer International Diversified C,0.05,0.005600000000000001,0.005,0.0069
Oppenheimer International Diversified N,0.05,0.0076,0.0066,0.008100000000000001
Oppenheimer International Diversified Y,0.05,0.009300000000000001,0.0083,0.009399999999999999
Goldman Sachs Small Cap Value A LW,0.46,0.0032,0.002,0.0086
Goldman Sachs Small Cap Value Svc,0.46,0.0028000000000000004,0.0017000000000000001,0.0085
Goldman Sachs Small Cap Value Inst,0.46,0.0044,0.0031,0.0095
Goldman Sachs Small Cap Value B,0.46,0.0031,0.001,0.0087
Goldman Sachs Small Cap Value C,0.46,0.003,0.0011,0.0086
Goldman Sachs Small Cap Value A,0.46,0.0032,0.002,0.0086
Goldman Sachs Small Cap Value R,0.46,0.003,0.0022,NA
Goldman Sachs Small Cap Value IR,0.46,0.0043,0.003,NA
JHFunds2 Capital App NAV,0.67,0.0005,0.0006,0.001
JHFunds2 Capital App 1,0.67,0.0003,0.0004,0.0008
JHFunds2 Fundamental Value NAV,0.18,0.003,0.0032,0.004
JHFunds2 Fundamental Value 1,0.18,0.0027,0.0042,NA
JHancock2 Lifestyle Aggressive A,0.25,0.005,0.0040999999999999995,0.008100000000000001
JHancock2 Lifestyle Aggressive 1,0.25,0.0068000000000000005,0.005699999999999999,0.009899999999999999
JHancock2 Lifestyle Aggressive B,0.25,0.0023,0.0018,0.0055000000000000005
JHancock2 Lifestyle Aggressive C,0.25,0.0025,0.0018,0.0055000000000000005
JHancock2 Lifestyle Aggressive R3,0.25,0.0042,0.0034000000000000002,0.0073
JHancock2 Lifestyle Aggressive R4,0.25,0.0053,0.0043,0.0084
JHancock2 Lifestyle Aggressive R5,0.25,0.0063,0.0053,0.009399999999999999
JHancock2 Lifestyle Aggressive A LW,0.25,0.005,0.0040999999999999995,0.008100000000000001
JHancock2 Lifestyle Aggressive R2,0.25,NA,NA,NA
JHancock2 Lifestyle Aggressive R6,0.25,NA,NA,NA
JHancock2 Lifestyle Aggressive R,0.25,0.0125,NA,NA
JHancock2 Lifestyle Aggressive R1,0.25,0.0038,0.0029,0.0070999999999999995
JHancock2 Lifestyle Aggressive R2 (obs),0.25,0.0152,NA,NA
JHFunds2 Blue Chip Growth 1,0.4,0.0003,0.0002,0.0009
JHFunds2 Blue Chip Growth NAV,0.4,0.0005,0.0004,0.0011
JHFunds2 Equity-Income NAV,0.17,0.0049,0.005600000000000001,0.011699999999999999
JHFunds2 Equity-Income 1,0.17,0.004699999999999999,0.0054,0.0116
JHFunds2 International Value 1,0.29,0.0121,0.008199999999999999,0.0121
JHFunds2 International Value NAV,0.29,0.0123,0.0083,0.0123
JHancock2 US Equity NAV,0.72,0.0040999999999999995,0.0043,0.0067
JHancock2 US Equity A,0.72,NA,NA,NA
JHancock2 US Equity I,0.72,NA,NA,NA
JHancock2 US Equity A Load Waived,0.72,NA,NA,NA
JHancock2 US Equity 1,0.72,NA,NA,NA
Old Westbury Global Small & Mid Cap,0.37,0.0098,0.0058,0.0067
Edgewood Growth Instl,0.39,NA,NA,0.0009
Edgewood Growth Retail,0.39,NA,NA,0.0009
DFA US Vector Equity I,0.1,0.0042,0.0040999999999999995,0.0048
Lord Abbett Value Opportunities A,0.66,0.0006,0.0004,0.003
Lord Abbett Value Opportunities B,0.66,0.0006,0.0005,0.0029
Lord Abbett Value Opportunities C,0.66,0.0006,0.0005,0.0029
Lord Abbett Value Opportunities P,0.66,0.0006,0.0005,0.0029
Lord Abbett Value Opportunities I,0.66,0.0006,0.0004,0.0036
Lord Abbett Value Opportunities A LW,0.66,0.0006,0.0004,0.003
Lord Abbett Value Opportunities F,0.66,0.0006,0.0004,NA
Lord Abbett Value Opportunities R2,0.66,0.0006,0.0005,NA
Lord Abbett Value Opportunities R3,0.66,0.0006,0.0005,NA
Northern Multi-Manager Intl Equity,0.708,0.0068000000000000005,0.0038,0.0069
TIAA-CREF Large-Cap Growth Retail,1.6,0.0014000000000000002,0.001,0.003
TIAA-CREF Large-Cap Growth R,1.6,0.0018,0.0011,0.003
TIAA-CREF Large-Cap Growth Inst,1.6,0.0025,0.0018,0.0038
TIAA-CREF Large-Cap Growth Premier,1.6,0.002,NA,NA
VP Davis New York Venture 2,0.21,NA,NA,NA
VP Davis New York Venture 1,0.21,NA,NA,NA
JHancock3 International Core NAV,0.42,0.0077,0.0070999999999999995,0.0148
JHancock3 International Core 1,0.42,0.0075,0.0069,0.0146
JHancock3 International Core B,0.42,0.0028000000000000004,0.0029,0.0105
JHancock3 International Core C,0.42,0.0027,0.0028000000000000004,0.0103
JHancock3 International Core I,0.42,0.0072,0.0068000000000000005,0.014499999999999999
JHancock3 International Core R1,0.42,0.0042,0.004,0.0121
JHancock3 International Core A LW,0.42,0.0054,0.0052,0.0128
JHancock3 International Core A,0.42,0.0054,0.0052,0.0128
JHancock3 International Core R2,0.42,NA,NA,NA
JHancock3 International Core R4,0.42,0.0058,0.0054,NA
JHancock3 International Core R5,0.42,0.006999999999999999,0.0064,NA
JHancock3 International Core R3,0.42,0.0046,0.0043,NA
JHancock3 International Core R6,0.42,NA,NA,NA
Northern Emerging Markets Equity Index,0.3319,0.0054,0.0049,0.0074
Morgan Stanley Inst Glbl Real Estate I,0.28,0.0070999999999999995,0.0091,0.0096
Morgan Stanley Inst Glbl Real Estate P,0.28,0.0064,0.0084,0.009000000000000001
Morgan Stanley Inst Glbl Real Estate H,0.28,0.0060999999999999995,0.0085,NA
Morgan Stanley Inst Glbl Real Estate L,0.28,0.0045000000000000005,0.0073,NA
Goldman Sachs US Eq Div and Premium IR,0.9,0.0125,NA,NA
Goldman Sachs US Eq Div and Premium A,0.9,0.0116,0.008199999999999999,0.0103
Goldman Sachs US Eq Div and Premium C,0.9,0.009300000000000001,0.0058,0.0078000000000000005
Goldman Sachs US Eq Div and Premium I,0.9,0.0129,0.0096,0.011699999999999999
Goldman Sachs US Eq Div and Premium A LW,0.9,0.0116,0.008199999999999999,0.0103
Nuveen Santa Barbara Dividend Growth R3,0.15,0.005600000000000001,0.0052,NA
Nuveen Santa Barbara Dividend Growth A,0.15,0.0064,0.006,0.006500000000000001
Nuveen Santa Barbara Dividend Growth B,0.15,0.004,0.0036,0.004
Nuveen Santa Barbara Dividend Growth C,0.15,0.0039000000000000003,0.0034999999999999996,0.0039000000000000003
Nuveen Santa Barbara Dividend Growth I,0.15,0.0073,0.0069,0.0073
Nuveen Santa Barbara Dividend Growt A LW,0.15,0.0064,0.006,0.006500000000000001
JHFunds2 Index 500 NAV,0.05,0.005,0.005600000000000001,0.0045000000000000005
Wintergreen Investor,0.15,NA,0.0002,0.0022
Wintergreen Institutional,0.15,NA,NA,NA
Vanguard Mid-Cap Growth Index Admiral,0.41,NA,NA,NA
Vanguard Mid-Cap Growth Index Inv,0.41,0.0013,0.0015,0.0014000000000000002
Vanguard Mid-Cap Value Index Inv,0.41,0.006999999999999999,0.0064,0.0072
Vanguard Mid-Cap Value Index Admiral,0.41,NA,NA,NA
Eaton Vance Parametric Struct Em Mk A LW,NA,0.0034000000000000002,0.0031,0.0033
Eaton Vance Parametric Struct Em Mkts A,NA,0.0034000000000000002,0.0031,0.0033
Eaton Vance Parametric Struct Em Mkts C,NA,0.0001,0.0007000000000000001,0.001
Eaton Vance Parametric Struct Em Mkts I,NA,0.0043,0.0038,0.0040999999999999995
Henderson Global Equity Income A,1.27,0.023700000000000002,0.0246,0.0253
Henderson Global Equity Income C,1.27,0.021400000000000002,0.0222,0.0229
Henderson Global Equity Income A LW,1.27,0.023700000000000002,0.0246,0.0253
Henderson Global Equity Income I,1.27,0.0246,0.0255,NA
Nuveen NWQ Large-Cap Value R3,0.27,0.003,NA,NA
Nuveen NWQ Large-Cap Value A,0.27,0.0033,0.0013,0.0015
Nuveen NWQ Large-Cap Value B,0.27,0.0032,0.0011,0.0006
Nuveen NWQ Large-Cap Value C,0.27,0.0031,0.001,0.0006
Nuveen NWQ Large-Cap Value I,0.27,0.0042,0.002,0.0023
Nuveen NWQ Large-Cap Value A LW,0.27,0.0033,0.0013,0.0015
Scout Mid Cap,1.95,0.0147,0.0078000000000000005,0.009899999999999999
T. Rowe Price Overseas Stock,0.16699999999999998,0.008199999999999999,0.0075,0.0076
Matthews Asia Dividend Investor,0.1648,0.009300000000000001,0.012199999999999999,0.0143
Matthews Asia Dividend Instl,0.1648,0.0097,NA,NA
Vanguard High Dividend Yield Index Inv,0.16,0.0044,0.0043,0.0045000000000000005
Dreyfus International Stock A LW,0.0507,0.0014000000000000002,0.0012,0.0018
Dreyfus International Stock A,0.0507,0.0014000000000000002,0.0012,0.0018
Dreyfus International Stock C,0.0507,0.0002,0.0004,0.0007000000000000001
Dreyfus International Stock I,0.0507,0.0019,0.0015,0.0018
Dreyfus International Stock T,0.0507,0.015700000000000002,NA,NA
JHancock3 Global Shareholder Yield A,0.19,0.0092,0.01,0.0103
JHancock3 Global Shareholder Yield B,0.19,0.0070999999999999995,0.0078000000000000005,0.008
JHancock3 Global Shareholder Yield C,0.19,0.0068000000000000005,0.0076,0.0078000000000000005
JHancock3 Global Shareholder Yield R1,0.19,0.0125,NA,NA
JHancock3 Global Shareholder Yield NAV,0.19,0.011000000000000001,0.0118,NA
JHancock3 Global Shareholder Yield I,0.19,0.0108,0.0115,0.0118
JHancock3 Global Shareholder Yield A LW,0.19,0.0092,0.01,0.0103
JHancock3 Global Shareholder Yield R6,0.19,NA,NA,NA
JHancock3 Global Shareholder Yield Fd R2,0.19,NA,NA,NA
Russell Global Equity A,0.83,0.0022,0.0024,0.0044
Russell Global Equity C,0.83,NA,0.0005,0.0021
Russell Global Equity E,0.83,0.0024,0.0024,0.0042
Russell Global Equity S,0.83,0.0032,0.0031,0.005
Russell Global Equity A Load Waived,0.83,0.0022,0.0024,0.0044
Russell Global Equity Y,0.83,0.0038,0.0036,NA
DFA International Real Estate Sec I,0.07,0.019,0.032400000000000005,0.026000000000000002
Fidelity Series Small Cap Opps,0.73,0.0018,0.001,0.0013
Fidelity Series Small Cap Opps F,0.73,0.0021,NA,NA
JHancock2 Emerging Markets NAV,0.11,0.005,0.009000000000000001,0.0101
JHancock2 Emerging Markets R6,0.11,NA,NA,NA
JHancock2 Emerging Markets A LW,0.11,0.0027,NA,NA
JHancock2 Emerging Markets A,0.11,0.0027,NA,NA
JHancock2 Emerging Markets I,0.11,0.0045000000000000005,NA,NA
Schwab Fdmtl US Lg Co Idx TM Inv,0.11,0.010700000000000001,NA,NA
Schwab Fdmtl US Lg Co Idx TM Sel,0.11,0.011399999999999999,NA,NA
Schwab Fdmtl US Lg Co Idx,0.11,0.006500000000000001,0.0053,0.0062
DFA US Large Cap Value III,0.14,0.006999999999999999,0.0060999999999999995,0.0086
DFA T.A. US Core Equity 2 Instl,0.06,0.0051,0.005,NA
Wasatch Emerging Markets Small Cap,0.48,NA,0.0006,NA
ING Russell Mid Cap Index Port Adv,0.12,0.0086,0.0054,NA
ING Russell Mid Cap Index Port I,0.12,0.0096,0.006,NA
ING Russell Mid Cap Index Port S,0.12,0.0088,0.0055000000000000005,NA
ING Russell Mid Cap Index Port S2,0.12,0.0091,0.005600000000000001,NA
DFA T.A. World ex US Core Equity Instl,0.05,0.0097,0.008,NA
Perkins Small Cap Value A,0.64,0.0255,NA,NA
Perkins Small Cap Value C,0.64,0.0259,NA,NA
Perkins Small Cap Value I,0.64,0.026600000000000002,NA,NA
Perkins Small Cap Value R,0.64,0.0255,NA,NA
Perkins Small Cap Value S,0.64,0.0255,NA,NA
Perkins Small Cap Value A Load Waived,0.64,0.0255,NA,NA
Perkins Small Cap Value D,0.64,0.0263,0.0109,0.0179
Perkins Small Cap Value N,0.64,NA,NA,NA
Perkins Small Cap Value L,0.64,0.0264,0.011200000000000002,0.0182
Perkins Small Cap Value T,0.64,0.0259,0.010700000000000001,0.0178
Dodge & Cox Global Stock,0.19,0.0078000000000000005,0.0044,NA
Neuberger Berman Equity Income A,0.22,0.011699999999999999,0.0125,NA
Neuberger Berman Equity Income C,0.22,0.0095,0.0104,NA
Neuberger Berman Equity Income Inst,0.22,0.0129,0.013600000000000001,0.0143
Neuberger Berman Equity Income A LW,0.22,0.011699999999999999,0.0125,NA
Neuberger Berman Equity Income Tr,0.22,NA,NA,NA
Neuberger Berman Equity Income R3,0.22,0.0109,NA,NA
Lord Abbett Intl Dividend Inc A LW,1.0016,0.0168,0.014499999999999999,NA
Lord Abbett Intl Dividend Inc A,1.0016,0.0168,0.014499999999999999,NA
Lord Abbett Intl Dividend Inc C,1.0016,0.0151,0.0126,NA
Lord Abbett Intl Dividend Inc I,1.0016,0.0179,0.0155,NA
Lord Abbett Intl Dividend Inc F,1.0016,0.0176,0.0152,NA
Lord Abbett Intl Dividend Inc R2,1.0016,0.016,0.0137,NA
Lord Abbett Intl Dividend Inc R3,1.0016,0.0163,0.0139,NA
Vanguard Total World Stock Index Inv,0.1,0.0074,0.0062,NA
Vanguard Total World Stock Index Instl,0.1,0.0083,0.0068000000000000005,NA
DFA Global Real Estate Securities,NA,0.011000000000000001,0.0191,NA
Principal Overseas Instl,0.386,0.02,0.017,NA
Principal Overseas R-5,0.386,NA,NA,NA
Principal Overseas R-1,0.386,NA,NA,NA
Principal Overseas R-3,0.386,NA,NA,NA
Principal Overseas R-4,0.386,NA,NA,NA
Principal Overseas R-2,0.386,NA,NA,NA
IVA International A Load Waived,0.5429999999999999,0.015600000000000001,0.0109,NA
IVA International A,0.5429999999999999,0.015600000000000001,0.0109,NA
IVA International C,0.5429999999999999,0.0132,0.0091,NA
IVA International I,0.5429999999999999,0.0165,0.011699999999999999,NA
BlackRock Global Dividend Income Inv C,0.14,0.006500000000000001,0.0072,NA
BlackRock Global Dividend Income Inv A,0.14,0.0087,0.009300000000000001,NA
BlackRock Global Dividend Income Instl,0.14,0.009399999999999999,0.009899999999999999,NA
BlackRock Global Dividend Income In A LW,0.14,0.0087,0.009300000000000001,NA
JHFunds2 Alpha Opportunities NAV,1.64,0.041100000000000005,0.0348,NA
Northern Multi-Manager Emerging Mkt Eq,0.4658,0.0285,0.0194,NA
American Funds Intl Gr And Inc R6,0.31,0.0148,0.013999999999999999,NA
American Funds Intl Gr And Inc 529A LW,0.31,0.013600000000000001,0.0128,NA
American Funds Intl Gr And Inc A LW,0.31,0.0137,0.013000000000000001,NA
American Funds Intl Gr And Inc A,0.31,0.0137,0.013000000000000001,NA
American Funds Intl Gr And Inc B,0.31,0.0115,0.010700000000000001,NA
American Funds Intl Gr And Inc C,0.31,0.0111,0.0103,NA
American Funds Intl Gr And Inc F-1,0.31,0.0137,0.0129,NA
American Funds Intl Gr And Inc F-2,0.31,0.014499999999999999,0.0137,NA
American Funds Intl Gr And Inc 529A,0.31,0.013600000000000001,0.0128,NA
American Funds Intl Gr And Inc 529B,0.31,0.0111,0.0104,NA
American Funds Intl Gr And Inc 529C,0.31,0.0109,0.0103,NA
American Funds Intl Gr And Inc R5,0.31,0.0146,0.013500000000000002,NA
American Funds Intl Gr And Inc R4,0.31,0.0137,0.013000000000000001,NA
American Funds Intl Gr And Inc R3,0.31,0.0125,0.011899999999999999,NA
American Funds Intl Gr And Inc R2,0.31,0.011200000000000002,0.0105,NA
American Funds Intl Gr And Inc R1,0.31,0.011699999999999999,0.0108,NA
American Funds Intl Gr And Inc 529F-1,0.31,0.014199999999999999,0.013500000000000002,NA
American Funds Intl Gr And Inc 529E,0.31,0.0126,0.0118,NA
Vanguard FTSE All-Wld ex-US SmCp Idx Inv,0.37,0.0064,0.0058,NA
Vanguard FTSE All-Wld ex-US SmCp Idx Ins,0.37,0.0115,0.009000000000000001,NA
SEI Instl Mgd Large Cap A,1,0.0149,NA,NA
GMO Flexible Equities III,0.52,NA,0.0044,NA
GMO Flexible Equities VI,0.52,NA,0.0046,NA
MainStay Epoch Global Equity Yield C,0.28,0.0087,NA,NA
MainStay Epoch Global Equity Yield Inv,0.28,0.0109,NA,NA
MainStay Epoch Global Equity Yield A LW,0.28,0.0108,0.0111,0.0131
MainStay Epoch Global Equity Yield I,0.28,0.0116,0.011899999999999999,0.0138
MainStay Epoch Global Equity Yield A,0.28,0.0108,0.0111,0.0131
Strategic Advisers Small-Mid Cap,0.63,0.008100000000000001,0.0045000000000000005,0.0054
Strategic Advisers US Opportunity,1.21,0.0113,0.0062,0.0058
Mercury Large Cap Core C,1.29,NA,0.0139,NA
Mercury Large Cap Core B,1.29,NA,0.0143,NA
Mercury Large Cap Core A,1.29,NA,0.0138,NA
Mercury Large Cap Core I,1.29,NA,0.0138,NA
BlackRock Large Cap Core Inv A,1.29,0.0015,0.0023,0.005
BlackRock Large Cap Core Inv C,1.29,NA,0.0003,0.0034999999999999996
BlackRock Large Cap Core Inv A LW,1.29,0.0015,0.0023,0.005
Mercury Large Cap Core A Load Waived,1.29,NA,0.0138,NA
BlackRock Large Cap Core R,1.29,NA,0.001,0.0042
BlackRock Large Cap Core Instl,1.29,0.0023,0.0027,0.0054
BlackRock Large Cap Core Inv B,1.29,NA,0.0002,0.0034000000000000002
BlackRock Large Cap Core Svc,1.29,NA,0.0018,NA
Fidelity Series International Sm Cap,0.22,0.0037,NA,NA
Fidelity Series International Sm Cap F,0.22,0.0044,NA,NA
PIMCO EqS Pathfinder A Load Waived,0.35,0.0022,NA,NA
PIMCO EqS Pathfinder Institutional,0.35,0.0029,NA,NA
PIMCO EqS Pathfinder P,0.35,0.0028000000000000004,NA,NA
PIMCO EqS Pathfinder D,0.35,0.0022,NA,NA
PIMCO EqS Pathfinder A,0.35,0.0022,NA,NA
PIMCO EqS Pathfinder C,0.35,0.001,NA,NA
PIMCO EqS Pathfinder R,0.35,0.002,NA,NA
T. Rowe Price Real Assets,0.3,0.006999999999999999,NA,NA
Strategic Advisers Emerging Markets,0.11,0.0083,NA,NA
Virtus Premium AlphaSector I,2.47,0.0028000000000000004,NA,NA
Virtus Premium AlphaSector C,2.47,0.0004,NA,NA
Virtus Premium AlphaSector A,2.47,0.0021,NA,NA
Virtus Premium AlphaSector A LW,2.47,0.0021,NA,NA
Transamerica Quality Value A LW,0.35,0.0051,NA,NA
Transamerica Quality Value A,0.35,0.0051,NA,NA
Transamerica Quality Value C,0.35,0.0032,NA,NA
Transamerica Quality Value I,0.35,0.0063,NA,NA
Transamerica Quality Value I2,0.35,0.0068000000000000005,NA,NA
Transamerica Select Equity I2,0.06,NA,NA,NA
Goldman Sachs Mid Cap Value Instl,0.77,0.0033,0.0034999999999999996,0.008
Goldman Sachs Mid Cap Value B,0.77,NA,0.0004,0.0045000000000000005
Goldman Sachs Mid Cap Value A,0.77,0.0017000000000000001,0.0022,0.0066
Goldman Sachs Mid Cap Value Service,0.77,0.0014000000000000002,0.002,0.0064
Goldman Sachs Mid Cap Value C,0.77,NA,0.0004,0.0045000000000000005
Goldman Sachs Mid Cap Value A LW,0.77,0.0017000000000000001,0.0022,0.0066
Goldman Sachs Mid Cap Value IR,0.77,0.0031,0.0034000000000000002,NA
Goldman Sachs Mid Cap Value R,0.77,0.0017000000000000001,0.0024,NA
Columbia Acorn A Load Waived,0.18,0.006500000000000001,0.0037,0.0055000000000000005
Columbia Acorn Z,0.18,0.006999999999999999,0.0042,0.006
Columbia Acorn I,0.18,0.0070999999999999995,NA,NA
Columbia Acorn B,0.18,0.0072,0.0039000000000000003,0.0058
Columbia Acorn C,0.18,0.006999999999999999,0.0038,0.0058
Columbia Acorn A,0.18,0.006500000000000001,0.0037,0.0055000000000000005
T. Rowe Price Value Adv,0.53,0.0044,0.0052,0.0068000000000000005
T. Rowe Price Value,0.53,0.0051,0.0054,0.0070999999999999995
DFA International Small Cap Value I,0.16,0.011699999999999999,0.0089,0.0116
Lord Abbett Affiliated A,0.16390000000000002,0.0048,0.003,0.0075
Lord Abbett Affiliated B,0.16390000000000002,0.0023,0.0011,0.0054
Lord Abbett Affiliated P,0.16390000000000002,0.004699999999999999,0.0028000000000000004,0.0072
Lord Abbett Affiliated I,0.16390000000000002,0.006,0.004,0.0086
Lord Abbett Affiliated C,0.16390000000000002,0.0024,0.0012,0.0054
Lord Abbett Affiliated F,0.16390000000000002,0.005600000000000001,0.0038,NA
Lord Abbett Affiliated R2,0.16390000000000002,0.0039000000000000003,0.0025,NA
Lord Abbett Affiliated R3,0.16390000000000002,0.0043,0.0027,NA
Lord Abbett Affiliated A Load Waived,0.16390000000000002,0.0048,0.003,0.0075
American Beacon Lg Cap Value Adv,0.9,0.0072,0.0052,0.0076
American Beacon Lg Cap Value Inst,0.9,0.0085,0.0064,0.0085
American Beacon Lg Cap Value Inv,0.9,0.0075,0.0055000000000000005,0.0079
American Beacon Lg Cap Value A,0.9,0.0078000000000000005,NA,NA
American Beacon Lg Cap Value C,0.9,0.0059,NA,NA
American Beacon Lg Cap Value A LW,0.9,0.0078000000000000005,NA,NA
American Beacon Lg Cap Value R,0.9,0.0074,0.005,NA
American Beacon Lg Cap Value Y,0.9,0.0089,NA,NA
American Beacon Lg Cap Value AMR,0.9,0.0096,0.0072,0.009399999999999999
American AAdvantage Lg Cap Value Milg,0.9,NA,NA,NA
American Funds AMCAP R6,0.31,0.0025,0.0031,NA
American Funds AMCAP A,0.31,0.0013,0.0024,0.005
American Funds AMCAP B,0.31,NA,0.0003,0.0033
American Funds AMCAP C,0.31,NA,0.0003,0.0032
American Funds AMCAP F-1,0.31,0.0014000000000000002,0.0024,0.005
American Funds AMCAP 529A,0.31,0.0013,0.0024,0.0049
American Funds AMCAP 529B,0.31,NA,0.0004,0.0033
American Funds AMCAP 529C,0.31,NA,0.0004,0.0033
American Funds AMCAP 529E,0.31,0.0004,0.0015,0.0042
American Funds AMCAP R3,0.31,0.0004,0.0013,0.0040999999999999995
American Funds AMCAP R2,0.31,NA,0.0004,0.0033
American Funds AMCAP R4,0.31,0.0014000000000000002,0.0025,0.0051
American Funds AMCAP R5,0.31,0.0023,0.0034999999999999996,0.0058
American Funds AMCAP R1,0.31,NA,0.0006,0.0034000000000000002
American Funds Amcap 529F-1,0.31,0.002,0.0031,0.0055000000000000005
American Funds AMCAP 529A Load Waived,0.31,0.0013,0.0024,0.0049
American Funds AMCAP A Load Waived,0.31,0.0013,0.0024,0.005
American Funds AMCAP F-2,0.31,0.0023,0.0032,NA
Invesco Van Kampen Comstock Instl,0.1,0.0064,NA,NA
Invesco Van Kampen Comstock A,0.1,0.0049,0.0048,0.0079
Invesco Van Kampen Comstock B,0.1,0.0051,0.0049,0.0077
Invesco Van Kampen Comstock C,0.1,0.0023,0.0022,0.0053
Invesco Van Kampen Comstock R,0.1,0.004,0.0039000000000000003,0.006999999999999999
Invesco Van Kampen Comstock A LW,0.1,0.0049,0.0048,0.0079
Invesco Van Kampen Comstock Y,0.1,0.005699999999999999,0.005699999999999999,0.0088
American Funds American Mutual 529A LW,0.23,0.0085,0.0092,0.0108
American Funds American Mutual A LW,0.23,0.0088,0.009399999999999999,0.011000000000000001
American Funds American Mutual F-2,0.23,0.0095,0.0102,NA
American Funds American Mutual F-1,0.23,0.0087,0.009300000000000001,0.011000000000000001
American Funds American Mutual C,0.23,0.0062,0.0067,0.0083
American Funds American Mutual R5,0.23,0.0097,0.0102,0.011899999999999999
American Funds American Mutual R3,0.23,0.0077,0.0083,0.009899999999999999
American Funds American Mutual 529A,0.23,0.0085,0.0092,0.0108
American Funds American Mutual 529B,0.23,0.0059,0.0066,0.008100000000000001
American Funds American Mutual 529C,0.23,0.0059,0.006500000000000001,0.008100000000000001
American Funds American Mutual 529E,0.23,0.0076,0.008199999999999999,0.0098
American Funds American Mutual R2,0.23,0.0060999999999999995,0.0066,0.008100000000000001
American Funds American Mutual R4,0.23,0.0087,0.009300000000000001,0.0109
American Funds American Mutual R1,0.23,0.0060999999999999995,0.0068000000000000005,0.0083
American Funds American Mutual 529F,0.23,0.0092,0.009899999999999999,0.0115
American Funds American Mutual R6,0.23,0.0098,0.0104,NA
American Funds American Mutual A,0.23,0.0088,0.009399999999999999,0.011000000000000001
American Funds American Mutual B,0.23,0.0064,0.006999999999999999,0.0086
Columbia Acorn International Z,0.32,0.0085,0.008100000000000001,0.0085
Columbia Acorn International R5,0.32,NA,NA,NA
Columbia Acorn International R,0.32,NA,NA,NA
Columbia Acorn International I,0.32,0.0085,NA,NA
Columbia Acorn International A,0.32,0.0085,0.0069,0.0072
Columbia Acorn International B,0.32,0.009000000000000001,0.005,0.0059
Columbia Acorn International C,0.32,0.008199999999999999,0.0043,0.0055000000000000005
Columbia Acorn International A LW,0.32,0.0085,0.0069,0.0072
Artisan International Instl,0.7036,0.0060999999999999995,0.0032,0.0088
Artisan International Inv,0.7036,0.0051,0.0040999999999999995,0.009899999999999999
Wells Fargo Advantage Growth Inv,0.54,0.002,0.0007000000000000001,0.0004
Wells Fargo Advantage Growth A,0.54,0.002,0.0007000000000000001,0.0004
Wells Fargo Advantage Growth I,0.54,0.0018,0.0006,0.0004
Wells Fargo Advantage Growth Adm,0.54,0.0019,0.0006,0.0004
Wells Fargo Advantage Growth C,0.54,0.0021,0.0007000000000000001,0.0004
Wells Fargo Advantage Growth A LW,0.54,0.002,0.0007000000000000001,0.0004
T. Rowe Price Emerging Markets Stock,0.18600000000000003,0.0015,0.0026,0.0069
American Funds Capital World G/I A,0.27,0.0097,0.0097,0.012199999999999999
American Funds Capital World G/I R6,0.27,0.0109,0.0108,NA
American Funds Capital World G/I 529F,0.27,0.0102,0.0102,0.0128
American Funds Capital World G/I R4,0.27,0.0097,0.0097,0.012199999999999999
American Funds Capital World G/I R1,0.27,0.0070999999999999995,0.0072,0.0097
American Funds Capital World G/I R2,0.27,0.0070999999999999995,0.0070999999999999995,0.0096
American Funds Capital World G/I R5,0.27,0.010700000000000001,0.010700000000000001,0.0132
American Funds Capital World G/I R3,0.27,0.0087,0.0087,0.011200000000000002
American Funds Capital World G/I 529A,0.27,0.0095,0.0095,0.0121
American Funds Capital World G/I 529B,0.27,0.0069,0.0069,0.009399999999999999
American Funds Capital World G/I 529C,0.27,0.0068000000000000005,0.0068000000000000005,0.009300000000000001
American Funds Capital World G/I 529E,0.27,0.0086,0.0086,0.0111
American Funds Capital World G/I C,0.27,0.006999999999999999,0.006999999999999999,0.0095
American Funds Capital World G/I F-1,0.27,0.0097,0.0097,0.012199999999999999
American Funds Capital World G/I B,0.27,0.0073,0.0073,0.0097
American Funds Capital World G/I F-2,0.27,0.0106,0.0106,NA
American Funds Capital World G/I 529A LW,0.27,0.0095,0.0095,0.0121
American Funds Capital World G/I A LW,0.27,0.0097,0.0097,0.012199999999999999
Invesco Charter A Load Waived,0.4,0.0022,0.0019,0.003
Invesco Charter Y,0.4,0.003,0.0026,NA
Invesco Charter R,0.4,0.0016,0.0013,0.0023
Invesco Charter S,0.4,0.0025,NA,NA
Invesco Charter A,0.4,0.0022,0.0019,0.003
Invesco Charter I,0.4,0.0033,0.0031,0.0044
Invesco Charter C,0.4,NA,NA,0.0003
Invesco Charter B,0.4,NA,NA,0.0003
MainStay Large Cap Growth B,0.52,0.0037,0.0012,0.0007000000000000001
MainStay Large Cap Growth C,0.52,0.0036,0.0012,0.0007000000000000001
MainStay Large Cap Growth I,0.52,0.0032,0.0011,0.0006
MainStay Large Cap Growth R1,0.52,0.0033,0.0011,0.0007000000000000001
MainStay Large Cap Growth R2,0.52,0.0033,0.0011,0.0007000000000000001
MainStay Large Cap Growth A Load Waived,0.52,0.0033,0.0011,0.0007000000000000001
MainStay Large Cap Growth Inv,0.52,0.0033,0.0011,NA
MainStay Large Cap Growth R3,0.52,0.0034000000000000002,0.0011,0.0007000000000000001
MainStay Large Cap Growth A,0.52,0.0033,0.0011,0.0007000000000000001
Vanguard Emerging Mkts Stock Idx Adm,0.1,0.0053,0.0040999999999999995,0.0055000000000000005
Vanguard Emerging Mkts Stock Idx Signal,0.1,0.0053,0.0040999999999999995,0.0055000000000000005
Vanguard Emerging Mkts Stock Idx Inst,0.1,0.0054,0.0043,0.005600000000000001
Vanguard Emerging Mkts Stock Idx,0.1,0.0049,0.0037,0.0051
Vanguard Emerging Mkts Stk Idx InstlPlus,0.1,0.0055000000000000005,NA,NA
Fidelity Mid-Cap Stock,1.31,0.0085,0.0034999999999999996,0.0052
Fidelity Mid-Cap Stock K,1.31,0.009000000000000001,0.004,NA
Vanguard Capital Opportunity Inv,0.09,0.008100000000000001,0.0031,0.0076
Vanguard Capital Opportunity Adm,0.09,0.008199999999999999,0.0032,0.0077
DFA US Large Cap Value I,0.14,0.006500000000000001,0.005699999999999999,0.008100000000000001
DFA US Small Cap Value I,0.14,0.0043,0.0027,0.0062
Fairholme,0.4395,NA,0.004699999999999999,0.005
Dodge & Cox Stock,0.16,0.0062,0.0049,0.0086
Eaton Vance Large-Cap Value A,0.41,0.005600000000000001,0.0046,0.0051
Eaton Vance Large-Cap Value B,0.41,0.0031,0.002,0.0025
Eaton Vance Large-Cap Value C,0.41,0.0029,0.002,0.0025
Eaton Vance Large-Cap Value A LW,0.41,0.005600000000000001,0.0046,0.0051
Eaton Vance Large-Cap Value I,0.41,0.006500000000000001,0.0055000000000000005,0.0059
Eaton Vance Large-Cap Value R,0.41,0.0048,0.0037,0.0043
American Funds EuroPacific Gr 529A LW,0.24,0.0058,0.0054,0.0098
American Funds EuroPacific Gr A LW,0.24,0.0058,0.0054,0.0097
American Funds EuroPacific Gr F-2,0.24,0.0068000000000000005,0.0063,NA
American Funds EuroPacific Gr A,0.24,0.0058,0.0054,0.0097
American Funds EuroPacific Gr R6,0.24,0.0072,0.006500000000000001,NA
American Funds EuroPacific Gr 529A,0.24,0.0058,0.0054,0.0098
American Funds EuroPacific Gr 529B,0.24,0.002,0.0024,0.0069
American Funds EuroPacific Gr 529C,0.24,0.0028000000000000004,0.0029,0.0070999999999999995
American Funds EuroPacific Gr 529E,0.24,0.004699999999999999,0.0045000000000000005,0.0088
American Funds EuroPacific Gr R3,0.24,0.0048,0.0046,0.0089
American Funds EuroPacific Gr R5,0.24,0.006999999999999999,0.0064,0.0108
American Funds EuroPacific Gr R4,0.24,0.0059,0.0055000000000000005,0.009899999999999999
American Funds EuroPacific Gr R2,0.24,0.0028000000000000004,0.003,0.0072
American Funds EuroPacific Gr R1,0.24,0.003,0.0032,0.0075
American Funds EuroPacific Gr 529F,0.24,0.0066,0.0060999999999999995,0.0104
American Funds EuroPacific Gr C,0.24,0.0025,0.0028000000000000004,0.006999999999999999
American Funds EuroPacific Gr F-1,0.24,0.005699999999999999,0.0054,0.0097
American Funds EuroPacific Gr B,0.24,0.0023,0.0026,0.0068000000000000005
Vanguard Explorer Adm,0.89,0.0005,0.0005,0.0043
Vanguard Explorer Inv,0.89,0.0002,0.0002,0.004
Fidelity Blue Chip Growth K,1.32,0.0062,0.0032,NA
Fidelity Blue Chip Growth,1.32,0.006,0.0027,0.006500000000000001
Fidelity Blue Chip Growth F,1.32,0.0063,NA,NA
Fidelity Capital Appreciation K,1.82,0.0012,0.0009,NA
Fidelity Capital Appreciation,1.82,0.0006,0.0004,0.0048
Fidelity Contrafund,0.55,0.0005,0.0014000000000000002,0.0034000000000000002
Fidelity Contrafund K,0.55,0.001,0.0019,NA
Fidelity Disciplined Equity K,1.53,0.005699999999999999,0.0046,NA
Fidelity Disciplined Equity,1.53,0.0051,0.004,0.0070999999999999995
Fidelity Disciplined Equity F,1.53,0.0059,NA,NA
Fidelity Diversified International F,0.45,0.0072,NA,NA
Fidelity Diversified International,0.45,0.0064,0.005699999999999999,0.006999999999999999
Fidelity Diversified International K,0.45,0.0072,0.0064,NA
Fidelity Value K,0.95,0.0039000000000000003,0.0043,NA
Fidelity Value,0.95,0.0033,0.0037,0.005600000000000001
Fidelity Low-Priced Stock,0.15,0.0118,0.0051,0.0102
Fidelity Low-Priced Stock K,0.15,0.0123,0.005600000000000001,NA
Fidelity Equity-Income K,0.8,0.0089,0.0072,NA
Fidelity Equity-Income,0.8,0.0084,0.0066,0.0089
Fidelity Equity-Income F,0.8,0.006500000000000001,NA,NA
Fidelity K,0.88,0.003,0.004,NA
Fidelity,0.88,0.0026,0.0034999999999999996,0.0058
Fidelity Growth & Income K,1.29,0.006999999999999999,0.0046,NA
Fidelity Growth & Income,1.29,0.0064,0.0038,0.0086
Fidelity International Discovery,0.75,0.005,0.0054,0.0060999999999999995
Fidelity International Discovery K,0.75,0.005699999999999999,0.0060999999999999995,NA
Fidelity Advisor Intl Discovery A LW,0.75,0.0036,0.0043,0.0052
Fidelity Advisor Intl Discovery A,0.75,0.0036,0.0043,0.0052
Fidelity Advisor Intl Discovery B,0.75,0.0002,0.0015,0.0024
Fidelity Advisor Intl Discovery C,0.75,0.0005,0.0015,0.0025
Fidelity Advisor Intl Discovery T,0.75,0.0024,0.0034000000000000002,0.0043
Fidelity Advisor Intl Discovery I,0.75,0.0051,0.005600000000000001,0.0064
Fidelity Magellan K,0.99,0.003,0.0031,NA
Fidelity Magellan,0.99,0.0025,0.0025,0.0049
Fidelity Growth Company,0.36,0.0052,0.0019,0.0015
Fidelity Growth Company F,0.36,0.0059,NA,NA
Fidelity Growth Company K,0.36,0.0058,0.0026,NA
Fidelity OTC,1.58,NA,NA,NA
Fidelity OTC K,1.58,NA,NA,NA
Fidelity Spartan 500 Index Institutional,0.05,0.0069,NA,NA
Fidelity Spartan 500 Index Advtg Instl,0.05,0.006999999999999999,NA,NA
Fidelity Spartan 500 Index Inv,0.05,0.0068000000000000005,0.0068000000000000005,0.0072
Fidelity Spartan 500 Index Advtg,0.05,0.0069,0.0069,0.0073
Franklin Growth A Load Waived,0.027200000000000002,0.0016,0.0019,0.0021
Franklin Growth A,0.027200000000000002,0.0016,0.0019,0.0021
Franklin Growth C,0.027200000000000002,0.0004,0.0004,0.0003
Franklin Growth Adv,0.027200000000000002,0.0025,0.0026,0.003
Franklin Growth B,0.027200000000000002,0.0005,0.0002,0.0001
Franklin Growth R,0.027200000000000002,0.0011,0.0014000000000000002,0.0012
Scout International,0.13,0.0033,0.0033,0.0058
American Funds Fundamental Investors A,0.28,0.006,0.0052,0.0077
American Funds Fundamental Investors R6,0.28,0.0072,0.0063,NA
American Funds Fundamental Invs 529A,0.28,0.0058,0.0051,0.0075
American Funds Fundamental Invs 529B,0.28,0.003,0.0025,0.0049
American Funds Fundamental Invs 529C,0.28,0.003,0.0025,0.0049
American Funds Fundamental Invs 529E,0.28,0.0049,0.0042,0.0066
American Funds Fundamental Invs R3,0.28,0.0049,0.0042,0.0067
American Funds Fundamental Invs R2,0.28,0.0034000000000000002,0.0028000000000000004,0.0051
American Funds Fundamental Invs 529F,0.28,0.006500000000000001,0.005699999999999999,0.008199999999999999
American Funds Fundamental Investors R4,0.28,0.006,0.0052,0.0076
American Funds Fundamental Invs R1,0.28,0.0033,0.0028000000000000004,0.0051
American Funds Fundamental Investors R5,0.28,0.006999999999999999,0.0060999999999999995,0.0086
American Funds Fundamental Investors B,0.28,0.0034999999999999996,0.0029,0.0053
American Funds Fundamental Invs F-1,0.28,0.0059,0.0052,0.0077
American Funds Fundamental Invs C,0.28,0.0032,0.0027,0.0051
American Funds Fundamental Investor A LW,0.28,0.006,0.0052,0.0077
American Funds Fundamental Invs 529A LW,0.28,0.0058,0.0051,0.0075
American Funds Fundamental Invs F-2,0.28,0.0068000000000000005,0.006,NA
Invesco Van Kampen Growth and Incom A LW,0.23,0.0049,0.0046,0.0070999999999999995
Invesco Van Kampen Growth and Income Y,0.23,0.005699999999999999,0.0054,0.0079
Invesco Van Kampen Growth and Income R,0.23,0.004,0.0037,0.0062
Invesco Van Kampen Growth and Income I,0.23,0.0062,NA,NA
Invesco Van Kampen Growth and Income A,0.23,0.0049,0.0046,0.0070999999999999995
Invesco Van Kampen Growth and Income B,0.23,0.0051,0.0044,0.0070999999999999995
Invesco Van Kampen Growth and Income C,0.23,0.0023,0.002,0.0046
Lazard Emerging Markets Equity Instl,0.23,0.016399999999999998,0.0102,0.018500000000000003
Lazard Emerging Markets Equity Open,0.23,0.0137,0.008100000000000001,0.0166
American Funds Growth Fund of Amer B,0.34,NA,0.0001,0.0021
American Funds Growth Fund of Amer C,0.34,NA,0.0003,0.0022
American Funds Growth Fund of Amer F-1,0.34,0.0027,0.0028000000000000004,0.005
American Funds Growth Fund of Amer 529F,0.34,0.0034000000000000002,0.0034000000000000002,0.005600000000000001
American Funds Growth Fund of Amer R2,0.34,NA,0.0004,0.0024
American Funds Growth Fund of Amer R4,0.34,0.0024,0.0028000000000000004,0.0049
American Funds Growth Fund of Amer R5,0.34,0.0038,0.0038,0.006
American Funds Growth Fund of Amer R1,0.34,NA,0.0005,0.0026
American Funds Growth Fund of Amer 529A,0.34,0.0026,0.0027,0.0049
American Funds Growth Fund of Amer 529B,0.34,NA,0.0001,0.0021
American Funds Growth Fund of Amer 529C,0.34,NA,0.0003,0.0022
American Funds Growth Fund of Amer 529E,0.34,0.0017000000000000001,0.0018,0.0039000000000000003
American Funds Growth Fund of Amer R3,0.34,0.0013,0.0018,0.0039000000000000003
American Funds Growth Fund of Amer A,0.34,0.0027,0.0027,0.0049
American Funds Growth Fund of Amer R6,0.34,0.0040999999999999995,0.0039000000000000003,NA
American Funds Growth Fund of Amer F-2,0.34,0.0036,0.0037,NA
American Funds Growth Fund of Amer 52 LW,0.34,0.0026,0.0027,0.0049
American Funds Growth Fund of Amer A LW,0.34,0.0027,0.0027,0.0049
Harbor International Instl,0.12,0.0089,0.0062,0.0075
Harbor International Inv,0.12,0.0075,0.005,0.0063
Harbor International Adm,0.12,0.008,0.0055000000000000005,0.0068000000000000005
Harbor International II,0.12,NA,NA,NA
Harbor Capital Appreciation Instl,0.53,0.0004,0.0007000000000000001,0.0011
Harbor Capital Appreciation Adm,0.53,NA,0.0001,0.0004
Harbor Capital Appreciation Inv,0.53,NA,NA,0.0001
American Funds Invmt Co of America R6,0.28,0.0084,0.0084,NA
American Funds Invmt Co of America A,0.28,0.0073,0.0074,0.0095
American Funds Invmt Co of America R1,0.28,0.0046,0.004699999999999999,0.0068000000000000005
American Funds Invmt Co of America 529A,0.28,0.006999999999999999,0.0070999999999999995,0.0092
American Funds Invmt Co of America 529B,0.28,0.0043,0.0044,0.006500000000000001
American Funds Invmt Co of America 529C,0.28,0.0043,0.0044,0.006500000000000001
American Funds Invmt Co of America 529E,0.28,0.0060999999999999995,0.0062,0.0083
American Funds Invmt Co of America R3,0.28,0.0060999999999999995,0.0062,0.0083
American Funds Invmt Co of America R2,0.28,0.0045000000000000005,0.0046,0.0066
American Funds Invmt Co of America R5,0.28,0.008199999999999999,0.0083,0.0104
American Funds Invmt Co of America R4,0.28,0.0072,0.0073,0.009399999999999999
American Funds Invmt Co of America 529F,0.28,0.0077,0.0079,0.01
American Funds Invmt Co of America B,0.28,0.004699999999999999,0.0048,0.0069
American Funds Invmt Co of America F-1,0.28,0.0072,0.0073,0.009399999999999999
American Funds Invmt Co of America C,0.28,0.0045000000000000005,0.0046,0.0067
American Funds Invmt Co of America A LW,0.28,0.0073,0.0074,0.0095
American Funds Invmt Co of America 52 LW,0.28,0.006999999999999999,0.0070999999999999995,0.0092
American Funds Invmt Co of America F-2,0.28,0.008,0.008100000000000001,NA
Janus N,0.9,NA,NA,NA
Janus D,0.9,0.0022,0.0017000000000000001,0.0021
Janus A Load Waived,0.9,0.0018,NA,NA
Janus A,0.9,0.0018,NA,NA
Janus C,0.9,NA,NA,NA
Janus I,0.9,0.0024,NA,NA
Janus R,0.9,0.001,NA,NA
Janus S,0.9,0.0005,NA,NA
Janus T,0.9,0.0016,0.0014000000000000002,0.0019
Janus 2,0.9,NA,NA,NA
Janus Twenty D,0.56,0.0235,0.0083,0.0051
Janus Twenty T,0.56,0.0232,0.008100000000000001,0.005
Federated Kaufmann R,0.64,0.0029,0.0019,0.0049
Federated Kaufmann B,0.64,0.0033,0.0011,0.004699999999999999
Federated Kaufmann A,0.64,0.0029,0.0019,0.0049
Federated Kaufmann C,0.64,0.0031,0.0012,0.0046
Federated Kaufmann A Load Waived,0.64,0.0029,0.0019,0.0049
Franklin Rising Dividends Adv,0.0404,0.0049,0.004,0.0059
Franklin Rising Dividends A Load Waived,0.0404,0.0040999999999999995,0.0032,0.0051
Franklin Rising Dividends R,0.0404,0.0034000000000000002,0.0025,0.0042
Franklin Rising Dividends B,0.0404,NA,0.0003,0.0019
Franklin Rising Dividends A,0.0404,0.0040999999999999995,0.0032,0.0051
Franklin Rising Dividends C,0.0404,0.0019,0.0013,0.0026
American Century Equity Income R,1.15,0.0074,0.0078000000000000005,0.013000000000000001
American Century Equity Income A LW,1.15,0.008199999999999999,0.0086,0.0138
American Century Equity Income B,1.15,0.0059,0.0062,NA
American Century Equity Income C,1.15,0.005699999999999999,0.006,0.0113
American Century Equity Income Inv,1.15,0.0091,0.0095,0.0147
American Century Equity Income Instl,1.15,0.0098,0.0102,0.0154
American Century Equity Income A,1.15,0.008199999999999999,0.0086,0.0138
Morgan Stanley Inst Mid Cap Growth P,0.35,0.0088,0.0031,0.002
Morgan Stanley Inst Mid Cap Growth I,0.35,0.0085,0.0032,0.0023
Morgan Stanley Inst Mid Cap Growth L,0.35,NA,NA,NA
Morgan Stanley Inst Mid Cap Growth H,0.35,NA,NA,NA
Oppenheimer Main Street I,0.35,NA,NA,NA
Oppenheimer Main Street B,0.35,NA,0.0002,0.0064
Oppenheimer Main Street A,0.35,0.0017000000000000001,0.0022,0.0089
Oppenheimer Main Street C,0.35,NA,0.0003,0.0066
Oppenheimer Main Street Y,0.35,0.0032,0.0038,0.0106
Oppenheimer Main Street N,0.35,0.0008,0.0014000000000000002,0.0079
Oppenheimer Main Street A Load Waived,0.35,0.0017000000000000001,0.0022,0.0089
Fidelity Dividend Growth,0.67,0.0019,0.0025,0.0075
Fidelity Dividend Growth K,0.67,0.0025,0.0032,NA
BlackRock Equity Dividend S,0.05,0.0072,0.0067,0.0075
BlackRock Equity Dividend Inv A LW,0.05,0.0069,0.0066,0.0073
BlackRock Equity Dividend R,0.05,0.0058,0.005600000000000001,0.0063
BlackRock Equity Dividend Inv B,0.05,0.004,0.0037,0.0044
BlackRock Equity Dividend Instl,0.05,0.0078000000000000005,0.0075,0.008199999999999999
BlackRock Equity Dividend Inv A,0.05,0.0069,0.0066,0.0073
BlackRock Equity Dividend Inv C,0.05,0.004699999999999999,0.0043,0.005
BlackRock Equity Dividend Investor C1,0.05,NA,NA,NA
Vanguard Morgan Growth Inv,0.55,0.0008,0.0009,0.0039000000000000003
Vanguard Morgan Growth Adm,0.55,0.0011,0.0011,0.0040999999999999995
Mutual Global Discovery C,0.336,0.0084,0.0043,0.0070999999999999995
Mutual Global Discovery A,0.336,0.0109,0.0066,0.0095
Mutual Global Discovery R,0.336,0.0104,0.0060999999999999995,0.0089
Mutual Global Discovery Z,0.336,0.011899999999999999,0.0075,0.0104
Mutual Global Discovery B,0.336,0.0072,0.0034999999999999996,0.0066
Mutual Global Discovery A Load Waived,0.336,0.0109,0.0066,0.0095
Royce Premier Consult,0.18,0.0131,0.0051,0.008199999999999999
Royce Premier W,0.18,0.0132,0.0051,0.0087
Royce Premier R,0.18,0.013000000000000001,0.005,0.008
Royce Premier K,0.18,0.0254,0.0098,NA
Royce Premier Invmt,0.18,0.0128,0.005,0.0086
Royce Premier Service,0.18,0.0125,0.0049,0.0084
Royce Premier Instl,0.18,0.0132,0.0051,0.0087
Mutual Shares R,0.2944,0.0072,0.0077,0.0086
Mutual Shares B,0.2944,0.0034000000000000002,0.0051,0.0062
Mutual Shares C,0.2944,0.0054,0.0059,0.0067
Mutual Shares Z,0.2944,0.0091,0.009300000000000001,0.0103
Mutual Shares A,0.2944,0.008,0.0083,0.009300000000000001
Mutual Shares A Load Waived,0.2944,0.008,0.0083,0.009300000000000001
Vanguard Small Cap Index Signal,0.17,0.0029,0.0024,0.003
Vanguard Small Cap Index Instl,0.17,0.0029,0.0025,0.0031
Vanguard Small Cap Index Inv,0.17,0.0025,0.0022,0.0027
Vanguard Small Cap Index Instl Plus,0.17,0.003,NA,NA
Vanguard Small Cap Index Adm,0.17,0.0029,0.0024,0.0029
Neuberger Berman Genesis Inv,0.12,0.0108,0.0036,0.0089
Neuberger Berman Genesis Tr,0.12,0.006999999999999999,0.0023,0.008
Neuberger Berman Genesis Instl,0.12,0.008199999999999999,0.0027,0.0084
Neuberger Berman Genesis Adv,0.12,0.011899999999999999,0.004,0.009000000000000001
American Funds New Economy B,0.45,NA,NA,0.0027
American Funds New Economy F-1,0.45,0.0016,0.002,0.0046
American Funds New Economy C,0.45,NA,0.0001,0.003
American Funds New Economy 529A,0.45,0.0017000000000000001,0.002,0.0051
American Funds New Economy 529B,0.45,NA,NA,0.0028000000000000004
American Funds New Economy 529C,0.45,NA,NA,0.0029
American Funds New Economy 529E,0.45,0.0007000000000000001,0.0011,0.0042
American Funds New Economy 529F,0.45,0.0025,0.0026,0.0058
American Funds New Economy R1,0.45,NA,0.0003,0.0031
American Funds New Economy R3,0.45,0.0007000000000000001,0.0011,0.0042
American Funds New Economy R4,0.45,0.0019,0.0022,0.0054
American Funds New Economy R5,0.45,0.0029,0.003,0.0062
American Funds New Economy R2,0.45,NA,NA,0.0028000000000000004
American Funds New Economy A,0.45,0.0017000000000000001,0.0019,0.0051
American Funds New Economy R6,0.45,0.0032,0.0031,NA
American Funds New Economy F-2,0.45,0.0028000000000000004,0.003,NA
American Funds New Economy A LW,0.45,0.0017000000000000001,0.0019,0.0051
American Funds New Economy 529A LW,0.45,0.0017000000000000001,0.002,0.0051
American Funds New Perspective 529A LW,0.24,0.0036,0.0037,0.0096
American Funds New Perspective A LW,0.24,0.0038,0.0038,0.0096
American Funds New Perspective F-2,0.24,0.004699999999999999,0.0048,NA
American Funds New Perspective R6,0.24,0.005,0.0049,NA
American Funds New Perspective A,0.24,0.0038,0.0038,0.0096
American Funds New Perspective R2,0.24,0.0008,0.0013,0.006999999999999999
American Funds New Perspective R4,0.24,0.0038,0.0039000000000000003,0.0098
American Funds New Perspective R1,0.24,0.0011,0.0016,0.0074
American Funds New Perspective R5,0.24,0.0049,0.0048,0.010700000000000001
American Funds New Perspective 529F,0.24,0.0045000000000000005,0.0045000000000000005,0.0103
American Funds New Perspective 529A,0.24,0.0036,0.0037,0.0096
American Funds New Perspective 529B,0.24,NA,0.0007000000000000001,0.0067
American Funds New Perspective 529C,0.24,0.0008,0.0012,0.006999999999999999
American Funds New Perspective 529E,0.24,0.0027,0.0029,0.0087
American Funds New Perspective R3,0.24,0.0026,0.0029,0.0087
American Funds New Perspective F-1,0.24,0.0037,0.0038,0.0097
American Funds New Perspective C,0.24,0.0006,0.0012,0.006999999999999999
American Funds New Perspective B,0.24,0.0001,0.0008,0.0067
Davis NY Venture A Load Waived,0.08,0.0021,0.0016,0.0018
Davis NY Venture R,0.08,0.0009,0.0009,0.0011
Davis NY Venture C,0.08,NA,0.0002,0.0003
Davis NY Venture A,0.08,0.0021,0.0016,0.0018
Davis NY Venture B,0.08,NA,0.0002,0.0003
Davis NY Venture Y,0.08,0.0031,0.0022,0.0023
Calamos Growth B,0.847,0.0070999999999999995,0.0023,0.0049
Calamos Growth C,0.847,0.0074,0.0025,0.0052
Calamos Growth A,0.847,0.0066,0.0022,0.0049
Calamos Growth I,0.847,0.0060999999999999995,0.002,0.0045000000000000005
Calamos Growth A Load Waived,0.847,0.0066,0.0022,0.0049
Calamos Growth R,0.847,0.0067,0.0022,0.0049
Oakmark I,0.18,0.003,0.0025,0.0069
Oakmark II,0.18,0.0019,0.0015,0.0055000000000000005
Oakmark International II,0.45,0.0013,0.0019,0.013999999999999999
Oakmark International I,0.45,0.0027,0.0027,0.0159
Oppenheimer Global A,0.13,0.0068000000000000005,0.0042,0.009300000000000001
Oppenheimer Global C,0.13,0.0042,0.002,0.0068000000000000005
Oppenheimer Global B,0.13,0.0032,0.0015,0.0063
Oppenheimer Global I,0.13,NA,NA,NA
Oppenheimer Global Y,0.13,0.0079,0.0053,0.0108
Oppenheimer Global N,0.13,0.0055000000000000005,0.0032,0.0078000000000000005
Oppenheimer Global A Load Waived,0.13,0.0068000000000000005,0.0042,0.009300000000000001
T. Rowe Price Small-Cap Stock Adv,0.237,0.014199999999999999,0.006500000000000001,0.008199999999999999
T. Rowe Price Small-Cap Stock,0.237,0.0151,0.0074,0.0089
Royce Pennsylvania Mutual Invmt,0.2,0.0058,0.0026,0.0058
Royce Pennsylvania Mutual Instl,0.2,NA,NA,NA
Royce Pennsylvania Mutual Consult,0.2,0.0058,0.0019,0.0052
Royce Pennsylvania Mutual Fincl Interm,0.2,NA,NA,NA
Royce Pennsylvania Mutual K,0.2,0.005699999999999999,0.002,NA
Royce Pennsylvania Mutual Svc,0.2,0.0052,0.0017000000000000001,0.0051
Royce Pennsylvania Mutual R,0.2,0.0053,0.0018,0.005
Allianz NFJ Small Cap Value Instl,0.26,0.0109,0.008100000000000001,0.0137
Allianz NFJ Small Cap Value Admin,0.26,0.0105,0.0078000000000000005,0.0137
Allianz NFJ Small Cap Value C,0.26,0.0077,0.005,0.010700000000000001
Allianz NFJ Small Cap Value A,0.26,0.01,0.0072,0.013000000000000001
Allianz NFJ Small Cap Value B,0.26,0.005,0.0033,0.0096
Allianz NFJ Small Cap Value D,0.26,0.0096,0.0069,0.0129
Allianz NFJ Small Cap Value R,0.26,0.0088,0.0055000000000000005,0.0113
Allianz NFJ Small Cap Value P,0.26,0.0105,0.0078000000000000005,NA
Allianz NFJ Small Cap Value A LW,0.26,0.01,0.0072,0.013000000000000001
JPMorgan US Equity Sel,0.69,0.0045000000000000005,0.0039000000000000003,0.0109
JP Morgan Focus B,0.69,NA,NA,NA
JP Morgan Focus C,0.69,NA,NA,NA
JPMorgan US Equity R6,0.69,0.0054,NA,NA
JPMorgan US Equity Instl,0.69,0.005,0.0044,0.0113
JP Morgan Core Equity Sel,0.69,NA,0.0046,0.005600000000000001
JP Morgan Focus Sel,0.69,NA,NA,NA
JPM Advisor Selected U.S. Equity,0.69,NA,NA,NA
JP Morgan Core Equity C,0.69,NA,NA,NA
JP Morgan Core Equity B,0.69,NA,NA,NA
JP Morgan Core Equity A,0.69,NA,0.004699999999999999,NA
JP Morgan Focus A,0.69,NA,NA,NA
JPMorgan US Equity B,0.69,0.0023,0.0016,0.0087
JPMorgan US Equity A,0.69,0.004,0.0033,0.0102
JPMorgan US Equity C,0.69,0.0025,0.0019,0.0089
JP Morgan Focus A Load Waived,0.69,NA,NA,NA
JPMorgan US Equity A Load Waived,0.69,0.004,0.0033,0.0102
JPMorgan US Equity R2,0.69,0.0033,0.0028000000000000004,NA
JPMorgan US Equity R5,0.69,0.0052,0.0045000000000000005,0.0115
Pioneer A Load Waived,0.1,0.002,0.0017000000000000001,0.0053
Pioneer R,0.1,0.0015,0.0012,0.0049
Pioneer Inv,0.1,NA,NA,NA
Pioneer Z,0.1,0.0023,0.0021,0.0066
Pioneer Y,0.1,0.0025,0.0024,0.0060999999999999995
Pioneer C,0.1,0.0009,0.0005,0.0040999999999999995
Pioneer B,0.1,NA,0.0001,0.0034000000000000002
Pioneer A,0.1,0.002,0.0017000000000000001,0.0053
First Eagle Overseas A,0.1222,0.0109,0.0092,0.014199999999999999
First Eagle Overseas I,0.1222,0.011699999999999999,0.0098,0.0147
First Eagle Overseas C,0.1222,0.008100000000000001,0.006999999999999999,0.0124
First Eagle Overseas A Load Waived,0.1222,0.0109,0.0092,0.014199999999999999
T. Rowe Price Blue Chip Growth,0.442,0.0005,0.0003,0.0007000000000000001
T. Rowe Price Blue Chip Gr R,0.442,NA,NA,NA
T. Rowe Price Blue Chip Growth Adv,0.442,NA,NA,0.0002
T. Rowe Price Equity Income,0.153,0.0074,0.0069,0.0101
T. Rowe Price Equity Income Adv,0.153,0.0066,0.0060999999999999995,0.009300000000000001
T. Rowe Price Equity Income R,0.153,0.005600000000000001,0.0052,0.0084
T. Rowe Price Equity Index 500,0.055,0.0063,0.0062,0.006500000000000001
T. Rowe Price Mid-Cap Growth,0.306,0.016,0.0073,0.009899999999999999
T. Rowe Price Mid-Cap Growth R,0.306,0.014499999999999999,0.0069,0.009399999999999999
T. Rowe Price Mid-Cap Growth Adv,0.306,0.015300000000000001,0.0070999999999999995,0.0097
T. Rowe Price Growth Stock R,0.295,NA,NA,0.0013
T. Rowe Price Growth Stock Adv,0.295,NA,NA,0.0016
T. Rowe Price Growth Stock,0.295,0.0001,0.0003,0.0022
T. Rowe Price International Stock Adv,0.43,0.0049,0.0052,0.0101
T. Rowe Price International Stock R,0.43,0.0029,0.0040999999999999995,0.0091
T. Rowe Price International Stock Fd,0.43,0.0052,0.005699999999999999,0.0109
T. Rowe Price New Horizons,0.43700000000000006,0.0218,0.0088,0.0105
T. Rowe Price Small-Cap Value,0.055,0.0076,0.005600000000000001,0.0106
T. Rowe Price Small-Cap Value Adv,0.055,0.0067,0.0049,0.009899999999999999
Selected American Shares S,0.11,0.0015,0.0015,0.0016
Selected American Shares D,0.11,0.0027,0.0022,0.0023
Janus Overseas T,0.32,0.0115,0.0051,0.0084
Berger International,0.32,NA,0.011699999999999999,0.0103
Janus Overseas N,0.32,NA,NA,NA
Janus Overseas D,0.32,0.0115,0.0052,0.0084
Janus Overseas A Load Waived,0.32,0.0116,NA,NA
Janus Overseas A,0.32,0.0116,NA,NA
Janus Overseas C,0.32,0.011899999999999999,NA,NA
Janus Overseas I,0.32,0.0115,NA,NA
Janus Overseas R,0.32,0.011699999999999999,NA,NA
Janus Overseas S,0.32,0.0116,NA,NA
Sequoia,0.03,0.0009,0.0013,0.0079
Legg Mason ClearBridge Aggressive Gr A,0.06,0.0034999999999999996,0.0012,0.0007000000000000001
Legg Mason ClearBridge Aggressive Gr B,0.06,0.0043,0.0014000000000000002,0.0008
Legg Mason ClearBridge Aggressive Gr I,0.06,0.0032,0.0011,0.0006
Smith Barney Aggressive Growth Z,0.06,NA,NA,NA
Legg Mason ClearBridge Aggressive Gr C,0.06,0.004,0.0013,0.0008
Legg Mason ClearBridge Aggressive G A LW,0.06,0.0034999999999999996,0.0012,0.0007000000000000001
Legg Mason ClearBridge Aggressive Gr FI,0.06,0.0034000000000000002,0.0011,0.0007000000000000001
Legg Mason ClearBridge Aggressive Gr R,0.06,0.0034999999999999996,0.0012,0.0007000000000000001
Legg Mason ClearBridge Aggressive Gr IS,0.06,0.0032,0.0011,NA
American Funds SMALLCAP World 529A LW,0.39,0.0011,0.0027,0.0055000000000000005
American Funds SMALLCAP World A LW,0.39,0.0011,0.0027,0.0055000000000000005
American Funds SMALLCAP World F-2,0.39,0.0023,0.0039000000000000003,NA
American Funds SMALLCAP World R6,0.39,0.0027,0.004,NA
American Funds SMALLCAP World A,0.39,0.0011,0.0027,0.0055000000000000005
American Funds SMALLCAP World C,0.39,NA,0.001,0.0042
American Funds SMALLCAP World F-1,0.39,0.0012,0.0028000000000000004,0.005699999999999999
American Funds SMALLCAP World B,0.39,NA,0.0008,0.0040999999999999995
American Funds SMALLCAP World R4,0.39,0.0013,0.003,0.0058
American Funds SMALLCAP World R3,0.39,NA,0.0018,0.0049
American Funds SMALLCAP World R1,0.39,NA,0.001,0.0042
American Funds SMALLCAP World R2,0.39,NA,0.0008,0.004
American Funds SMALLCAP World R5,0.39,0.0025,0.0039000000000000003,0.0064
American Funds SMALLCAP World 529F,0.39,0.0019,0.0034000000000000002,0.0060999999999999995
American Funds SMALLCAP World 529A,0.39,0.0011,0.0027,0.0055000000000000005
American Funds SMALLCAP World 529B,0.39,NA,0.0007000000000000001,0.0039000000000000003
American Funds SMALLCAP World 529C,0.39,NA,0.0008,0.004
American Funds SMALLCAP World 529E,0.39,0.0001,0.0018,0.0048
Longleaf Partners,0.23550000000000001,0.0054,0.0024,0.0042
JPMorgan Large Cap Growth A,0.84,NA,NA,0.0001
JPMorgan Large Cap Growth R6,0.84,0.0003,NA,NA
JPMorgan Large Cap Growth B,0.84,NA,NA,NA
JPMorgan Large Cap Growth Select,0.84,0.0001,NA,0.0002
JPMorgan Large Cap Growth C,0.84,NA,NA,NA
JPMorgan Large Cap Growth A Load Waived,0.84,NA,NA,0.0001
JPMorgan Large Cap Growth Ultra,0.84,NA,NA,NA
JPMorgan Large Cap Growth R2,0.84,NA,NA,NA
JPMorgan Large Cap Growth R5,0.84,0.0002,0.0001,NA
Baron Growth Retail,0.1351,0.0025,0.0008,0.002
Baron Growth Instl,0.1351,0.0025,0.0008,NA
Templeton Instl Foreign Eq Ser Primary,0.09910000000000001,0.0129,0.0104,0.0146
Templeton Instl Foreign Eq Ser Service,0.09910000000000001,0.0124,0.009899999999999999,0.0141
Templeton Growth A Load Waived,0.21600000000000003,0.0077,0.0062,0.0098
Templeton Growth A,0.21600000000000003,0.0077,0.0062,0.0098
Templeton Growth C,0.21600000000000003,0.0049,0.0036,0.0070999999999999995
Templeton Growth Adv,0.21600000000000003,0.0086,0.006999999999999999,0.0108
Templeton Growth R,0.21600000000000003,0.0067,0.0053,0.0089
Templeton Growth B,0.21600000000000003,0.0031,0.0028000000000000004,0.006500000000000001
Vanguard International Value Inv,0.39,0.0063,0.005,0.0077
American Century Growth Inv,0.79,0.0070999999999999995,0.0031,0.0023
American Century Growth A,0.79,0.0063,0.0022,0.0015
American Century Growth Instl,0.79,0.0077,0.0037,0.003
American Century Growth A Load Waived,0.79,0.0063,0.0022,0.0015
American Century Growth C,0.79,0.0055000000000000005,NA,NA
American Century Growth Fd C,0.79,NA,NA,NA
American Century Growth R,0.79,0.0055000000000000005,0.0018,0.0011
American Century Ultra R,0.13,NA,NA,0.0077
American Century Ultra A Load Waived,0.13,NA,0.0003,0.008
American Century Ultra B,0.13,NA,NA,NA
American Century Ultra C,0.13,NA,NA,0.0079
American Century Ultra Inst,0.13,NA,0.0012,0.0086
American Century Ultra Inv,0.13,NA,0.0008,0.0083
American Century Ultra A,0.13,NA,0.0003,0.008
Yacktman,0.0276,0.0042,0.0053,0.011200000000000002
Vanguard Equity-Income Inv,0.29,0.0044,0.0043,0.0067
Vanguard Equity-Income Adm,0.29,0.0045000000000000005,0.0045000000000000005,0.0069
Vanguard Extended Market Idx Inv,0.14,0.0019,0.0017000000000000001,0.0022
Vanguard Extended Market Idx Instl,0.14,0.0022,0.0021,0.0026
Vanguard Extended Market Idx Instl Plus,0.14,0.0023,NA,NA
Vanguard Extended Market Idx Adm,0.14,0.0022,0.002,0.0025
Vanguard Extended Market Idx Signal,0.14,0.0021,0.002,0.0025
Vanguard Total Stock Mkt Idx Inv,0.05,0.0027,0.0028000000000000004,0.0029
Vanguard Total Stock Market Idx Instl,0.05,0.0029,0.0029,0.003
Vanguard Total Stock Mkt Idx Adm,0.05,0.0029,0.0029,0.003
Vanguard Total Stock Mkt Idx Signal,0.05,0.0029,0.0029,0.003
Vanguard Growth Index Signal,0.23,0.0019,0.0019,NA
Vanguard Growth Index Adm,0.23,0.0019,0.0019,0.0018
Vanguard Growth Index Instl,0.23,0.0019,0.0019,0.0019
Vanguard Growth Index Inv,0.23,0.0017000000000000001,0.0016,0.0016
Vanguard Value Index Inv,0.23,0.0038,0.0038,0.0040999999999999995
Vanguard Value Index Instl,0.23,0.0040999999999999995,0.004,0.0044
Vanguard Value Index Adm,0.23,0.0040999999999999995,0.004,0.0043
Vanguard Value Index Signal,0.23,0.0040999999999999995,0.004,NA
Vanguard Institutional Index Instl,0.05,0.0031,0.0031,0.0032
Vanguard Institutional Index Instl Pl,0.05,0.0031,0.0031,0.0033
Vanguard European Stock Index Adm,0.06,0.0087,0.0084,0.0091
Vanguard European Stock Index Inv,0.06,0.0083,0.0077,0.0086
Vanguard European Stock Index Instl,0.06,0.0088,0.0084,0.0091
Vanguard European Stock Index Signal,0.06,0.0087,0.0084,0.0091
Vanguard 500 Index Investor,0.04,0.0029,0.0029,0.0031
Vanguard 500 Index Admiral,0.04,0.0031,0.0031,0.0033
Vanguard 500 Index Signal,0.04,0.0031,0.0031,0.0032
Vanguard PRIMECAP Inv,0.08,0.0068000000000000005,0.0037,0.0067
Vanguard PRIMECAP Adm,0.08,0.006999999999999999,0.0038,0.0068000000000000005
Vanguard Energy Adm,0.24,0.011899999999999999,0.0083,0.009000000000000001
Vanguard Energy Inv,0.24,0.0118,0.008199999999999999,0.0089
Vanguard Health Care Inv,0.08,0.008199999999999999,0.0064,0.009399999999999999
Vanguard Health Care Adm,0.08,0.0083,0.0064,0.0095
Vanguard International Growth Adm,0.43,0.0039000000000000003,0.0036,0.0101
Vanguard International Growth Inv,0.43,0.0036,0.0034000000000000002,0.0097
Vanguard Dividend Growth Inv,0.13,0.003,0.0032,0.0033
American Funds Washington Mutual A,0.25,0.0088,0.009300000000000001,0.011399999999999999
American Funds Washington Mutual R6,0.25,0.009899999999999999,0.0103,NA
American Funds Washington Mutual F-1,0.25,0.0087,0.0092,0.0113
American Funds Washington Mutual C,0.25,0.0060999999999999995,0.0066,0.0087
American Funds Washington Mutual B,0.25,0.0062,0.0068000000000000005,0.0089
American Funds Washington Mutual 529A,0.25,0.0085,0.009000000000000001,0.011200000000000002
American Funds Washington Mutual 529B,0.25,0.0058,0.0064,0.0085
American Funds Washington Mutual 529C,0.25,0.0058,0.0064,0.0085
American Funds Washington Mutual 529E,0.25,0.0076,0.008100000000000001,0.0102
American Funds Washington Mutual R3,0.25,0.0076,0.008199999999999999,0.0103
American Funds Washington Mutual R1,0.25,0.0060999999999999995,0.0067,0.0088
American Funds Washington Mutual R4,0.25,0.0087,0.0092,0.0113
American Funds Washington Mutual R2,0.25,0.0060999999999999995,0.0066,0.0087
American Funds Washington Mutual R5,0.25,0.0097,0.0102,0.0123
American Funds Washington Mutual 529F,0.25,0.009300000000000001,0.0098,0.011899999999999999
American Funds Washington Mutual F-2,0.25,0.0095,0.0101,NA
American Funds Washington Mutual A LW,0.25,0.0088,0.009300000000000001,0.011399999999999999
American Funds Washington Mutual 529A LW,0.25,0.0085,0.009000000000000001,0.011200000000000002
Matthews Pacific Tiger Instl,0.1051,0.0049,NA,NA
Matthews Pacific Tiger Investor,0.1051,0.0042,0.0027,0.0149
Vanguard Windsor Investor,0.49,0.0023,0.0024,0.006500000000000001
Vanguard Windsor Adm,0.49,0.0025,0.0025,0.0067
Vanguard Windsor II Adm,0.23,0.0034999999999999996,0.0034999999999999996,0.0074
Vanguard Windsor II Investor,0.23,0.0033,0.0034000000000000002,0.0073
Yacktman Focused,0.0208,0.0033,0.0033,0.0113
Vanguard Small Cap Value Index Inv,0.3,0.0042,0.0038,0.0044
Vanguard Small Cap Value Index Admiral,0.3,NA,NA,NA
Vanguard Small Cap Value Index Instl,0.3,0.0046,0.0040999999999999995,0.004699999999999999
Galaxy Equity Income Ret A Load Waived,0.2,0.0137,0.0277,0.0255
Columbia Dividend Income R,0.2,0.0073,0.0073,NA
Columbia Dividend Income A Load Waived,0.2,0.008199999999999999,0.008199999999999999,0.0085
Columbia Dividend Income T,0.2,0.008,0.008,0.0084
Galaxy Equity Income Tr,0.2,0.015300000000000001,0.0292,0.0271
Galaxy Equity Income Ret A,0.2,0.0137,0.0277,0.0255
Columbia Dividend Income I,0.2,0.0095,NA,NA
Columbia Dividend Income W,0.2,0.0083,NA,NA
Columbia Dividend Income A,0.2,0.008199999999999999,0.008199999999999999,0.0085
Columbia Dividend Income B,0.2,0.006,0.0059,0.0062
Columbia Dividend Income C,0.2,0.0058,0.0058,0.0060999999999999995
Galaxy Equity Income Ret B,0.2,0.0108,0.0242,NA
Columbia Dividend Income G,0.2,0.0075,0.0053,0.0040999999999999995
Columbia Dividend Income Z,0.2,0.0091,0.009000000000000001,0.009399999999999999
DFA International Small Company I,NA,0.0131,0.0098,0.011399999999999999
Fidelity Spartan Extended Mkt Index Inv,0.11,0.0075,0.0073,0.008
Fidelity Spartan Extnd Mkt Idx AdvtgInst,0.11,NA,NA,NA
Fidelity Spartan Extnd Mkt Idx Advtg,0.11,0.0076,0.0074,0.008100000000000001
Vanguard Small Cap Growth Index Admiral,0.4,NA,NA,NA
Vanguard Small Cap Growth Index Inv,0.4,0.0007000000000000001,0.0006,0.0009
Vanguard Small Cap Growth Index Instl,0.4,0.001,0.0009,0.0012
Oppenheimer Developing Markets A LW,0.34,0.0064,0.0028000000000000004,0.0192
Oppenheimer Developing Markets Y,0.34,0.0078000000000000005,0.0038,0.0207
Oppenheimer Developing Markets A,0.34,0.0064,0.0028000000000000004,0.0192
Oppenheimer Developing Markets C,0.34,0.0042,0.0014000000000000002,0.0175
Oppenheimer Developing Markets B,0.34,0.0027,0.0009,0.017
Oppenheimer Developing Markets N,0.34,0.0055000000000000005,0.0021,0.018500000000000003
Oppenheimer Developing Markets I,0.34,NA,NA,NA
Columbia Select Large Cap Growth I,0.53,0.0023,NA,NA
Columbia Select Large Cap Growth W,0.53,0.0023,NA,NA
Columbia Select Large Cap Growth Z,0.53,0.0023,0.0008,0.0005
Excelsior Large Cap Growth Inst,0.53,NA,NA,NA
Columbia Select Large Cap Growth A,0.53,0.0023,0.0008,NA
Columbia Select Large Cap Growth C,0.53,0.0024,0.0008,NA
Columbia Select Large Cap Growth A LW,0.53,0.0023,0.0008,NA
Columbia Select Large Cap Growth R,0.53,0.0024,0.0008,0.0005
Fidelity Spartan Total Market Index Inv,0.17,0.0064,0.0062,0.0068000000000000005
Fidelity Spartan Total Market Index F,0.17,0.006500000000000001,NA,NA
Fidelity Spartan Ttl Mkt Idx Instl,0.17,NA,NA,NA
Fidelity Spartan Ttl Mkt Idx Advtg Instl,0.17,NA,NA,NA
Fidelity Spartan Total Mkt Idx Advtg,0.17,0.006500000000000001,0.0063,0.0069
GMO Intl Intrinsic Value III,0.37,0.011899999999999999,0.009300000000000001,0.0165
GMO Intl Intrinsic Value II,0.37,0.011699999999999999,0.009000000000000001,0.0163
GMO Intl Intrinsic Value IV,0.37,0.012199999999999999,0.0095,0.0167
GMO Intl Intrinsic Value M,0.37,0.0109,0.0084,0.015600000000000001
JPMorgan Mid Cap Value A Load Waived,0.41,0.0024,0.0039000000000000003,0.0068000000000000005
JPMorgan Mid Cap Value R2,0.41,0.003,0.0048,NA
JPMorgan Mid Cap Value Instl,0.41,0.0042,0.0055000000000000005,0.0086
JPMorgan Mid Cap Value A,0.41,0.0024,0.0039000000000000003,0.0068000000000000005
JPMorgan Mid Cap Value B,0.41,NA,0.002,0.0052
JPMorgan Mid Cap Value C,0.41,0.0007000000000000001,0.0024,0.0054
JPMorgan Mid Cap Value Sel,0.41,0.0034999999999999996,0.0048,0.0078000000000000005
Vanguard Mid Cap Index Adm,0.22,0.0022,0.0019,0.0025
Vanguard Mid Cap Index Inv,0.22,0.0019,0.0017000000000000001,0.0022
Vanguard Mid Cap Index Ins,0.22,0.0022,0.002,0.0025
Vanguard Mid Cap Index Instl Plus,0.22,0.0022,NA,NA
Vanguard Mid Cap Index Signal,0.22,0.0022,0.0019,0.0025
MFS Value 529A Load Waived,0.17,0.0059,0.0053,0.0072
MFS Value R5,0.17,0.0066,0.006,0.0083
MFS Value A Load Waived,0.17,0.0060999999999999995,0.0055000000000000005,0.0076
MFS Value R2,0.17,0.0053,0.004699999999999999,0.0069
MFS Value R1,0.17,0.0034999999999999996,0.003,0.0053
MFS Value R2,0.17,0.0143,NA,NA
MFS Value R3,0.17,0.0060999999999999995,0.005600000000000001,0.0077
MFS Value R4,0.17,0.006999999999999999,0.0064,0.0086
MFS Value C,0.17,0.0034999999999999996,0.003,0.0052
MFS Value B,0.17,0.0034999999999999996,0.0029,0.0051
MFS Value I,0.17,0.0069,0.0063,0.0086
MFS Value A,0.17,0.0060999999999999995,0.0055000000000000005,0.0076
MFS Value R,0.17,0.0146,0.0113,0.0083
MFS Value 529A,0.17,0.0059,0.0053,0.0072
MFS Value 529B,0.17,0.0033,0.0027,0.0049
MFS Value 529C,0.17,0.0034000000000000002,0.0028000000000000004,0.0049
Thornburg International Value A,0.2078,0.004,0.0032,0.0073
Thornburg International Value C,0.2078,0.0021,0.0015,0.0058
Thornburg International Value B,0.2078,0.002,0.0014000000000000002,0.0058
Thornburg International Value I,0.2078,0.0054,0.0046,0.0086
Thornburg International Value R6,0.2078,NA,NA,NA
Thornburg International Value R3,0.2078,0.0034000000000000002,0.0028000000000000004,0.0069
Thornburg International Value R5,0.2078,0.005,0.0043,0.0084
Thornburg International Value A LW,0.2078,0.004,0.0032,0.0073
Thornburg International Value R4,0.2078,0.0042,0.0034999999999999996,0.0078000000000000005
Vanguard Developed Markets Index Admiral,0.05,NA,NA,NA
Vanguard Developed Markets Idx Instl Pls,0.05,0.0072,NA,NA
Vanguard Developed Markets Index Instl,0.05,0.0127,0.0089,0.0109
Vanguard Developed Markets Index Inv,0.05,0.0069,0.0048,0.006
T. Rowe Price Mid-Cap Value,0.536,0.0111,0.0069,0.012
T. Rowe Price Mid-Cap Value Adv,0.536,0.0102,0.0062,0.0111
T. Rowe Price Mid-Cap Value R,0.536,0.009399999999999999,0.0054,0.0103
Hartford Capital Appreciation A,0.75,0.0063,0.0021,0.0058
Hartford Capital Appreciation Y,0.75,0.0076,0.0026,0.0060999999999999995
Hartford Capital Appreciation C,0.75,0.0039000000000000003,0.0013,0.005
Hartford Capital Appreciation B,0.75,0.0036,0.0012,0.0048
Hartford Capital Appreciation R3,0.75,0.0053,0.0018,0.0055000000000000005
Hartford Capital Appreciation R4,0.75,0.0060999999999999995,0.002,0.005600000000000001
Hartford Capital Appreciation R5,0.75,0.0073,0.0024,0.006
Hartford Capital Appreciation A LW,0.75,0.0063,0.0021,0.0058
Hartford Capital Appreciation I,0.75,0.0074,0.0025,0.0064
DFA Emerging Markets Value R2,0.05,0.0086,0.057999999999999996,NA
DFA Emerging Markets Value I,0.05,0.009399999999999999,0.0103,0.0149
Artisan Mid Cap Inv,0.6286999999999999,NA,NA,0.0064
Artisan Mid Cap Instl,0.6286999999999999,NA,NA,0.0062
American Funds New World A Load Waived,0.25,0.005600000000000001,0.0049,0.0073
American Funds New World 529A LW,0.25,0.005699999999999999,0.005,0.0074
American Funds New World R4,0.25,0.0058,0.0052,0.0075
American Funds New World F-2,0.25,0.0068000000000000005,0.006,NA
American Funds New World F-1,0.25,0.0058,0.0051,0.0074
American Funds New World C,0.25,0.0027,0.0027,0.004699999999999999
American Funds New World 529F,0.25,0.0064,0.005600000000000001,0.008
American Funds New World R1,0.25,0.0027,0.0027,0.0049
American Funds New World R5,0.25,0.0069,0.006,0.0084
American Funds New World R2,0.25,0.0028000000000000004,0.0026,0.0048
American Funds New World 529A,0.25,0.005699999999999999,0.005,0.0074
American Funds New World 529B,0.25,0.0021,0.0021,0.0044
American Funds New World 529C,0.25,0.0028000000000000004,0.0026,0.004699999999999999
American Funds New World 529E,0.25,0.0046,0.0040999999999999995,0.0064
American Funds New World R3,0.25,0.0046,0.0040999999999999995,0.0064
American Funds New World R6,0.25,0.0072,0.0060999999999999995,NA
American Funds New World A,0.25,0.005600000000000001,0.0049,0.0073
American Funds New World B,0.25,0.0022,0.0022,0.0045000000000000005
Fidelity Spartan Intl Idx Advtg,0.09,0.012,0.01,0.0105
Fidelity Spartan Intl Idx Advtg Instl,0.09,NA,NA,NA
Fidelity Spartan Intl Idx Instl,0.09,NA,NA,NA
Fidelity Spartan International Index Inv,0.09,0.011899999999999999,0.009899999999999999,0.0104
Schwab S&P 500 Index Inv,0.03,0.0097,0.0069,0.0063
Schwab S&P 500 Index,0.03,0.0070999999999999995,0.0060999999999999995,0.006999999999999999
Schwab S&P 500 Index eShare,0.03,0.0104,0.0075,0.0068000000000000005
Oppenheimer International Growth C,0.19,NA,NA,0.0002
Oppenheimer International Growth B,0.19,NA,NA,NA
Oppenheimer International Growth A,0.19,0.0028000000000000004,0.0022,0.0027
Oppenheimer International Growth N,0.19,0.0021,0.0016,0.0019
Oppenheimer International Growth I,0.19,NA,NA,NA
Oppenheimer International Growth A LW,0.19,0.0028000000000000004,0.0022,0.0027
Oppenheimer International Growth Y,0.19,0.0046,0.0039000000000000003,0.004699999999999999
GMO Emerging Markets V,1.08,0.0273,0.0128,0.0256
GMO Emerging Markets VI,1.08,0.0274,0.0129,0.0256
GMO Emerging Markets IV,1.08,0.0271,0.0126,0.0254
GMO Emerging Markets II,1.08,0.026600000000000002,NA,NA
GMO Emerging Markets III,1.08,0.026699999999999998,0.012199999999999999,0.025
Vanguard REIT Index Inv,0.1,0.0124,0.0134,0.0137
Vanguard REIT Index Adm,0.1,0.0129,0.0139,0.0149
Vanguard REIT Index Inst,0.1,0.0129,0.013999999999999999,0.015
Vanguard REIT Index Signal,0.1,0.0129,0.0139,NA
Vanguard Total Intl Stock Index Inv,0.03,0.0063,0.0048,0.005
Vanguard Total Intl Stock Index Instl,0.03,0.006500000000000001,NA,NA
Vanguard Total Intl Stock Idx Instl Pls,0.03,0.006500000000000001,NA,NA
Vanguard Total Intl Stock Index Signal,0.03,0.0064,NA,NA
Vanguard Total Intl Stock Index Admiral,0.03,0.0106,NA,NA
Manning & Napier World Opportunities A,0.52,0.02,0.0103,0.011399999999999999
Hartford Dividend & Growth A,0.3,0.005699999999999999,0.0052,0.0073
Hartford Dividend & Growth Y,0.3,0.0070999999999999995,0.0066,0.0087
Hartford Dividend & Growth B,0.3,0.0026,0.0022,0.0044
Hartford Dividend & Growth C,0.3,0.0032,0.0027,0.0049
Hartford Dividend & Growth R3,0.3,0.0048,0.0044,0.006500000000000001
Hartford Dividend & Growth R4,0.3,0.0058,0.0053,0.0075
Hartford Dividend & Growth R5,0.3,0.0068000000000000005,0.0063,0.0084
Hartford Dividend & Growth I,0.3,0.0067,0.0062,0.0084
Hartford Dividend & Growth A LW,0.3,0.005699999999999999,0.0052,0.0073
Vanguard Tax-Managed Intl Adm,0.05,0.0051,0.004,0.0040999999999999995
Vanguard Tax-Managed Intl Instl,0.05,0.0051,0.0040999999999999995,0.0042
Allianz NFJ Dividend Value Admin,0.38,0.0101,0.011200000000000002,0.017
Allianz NFJ Dividend Value Instl,0.38,0.0111,0.012199999999999999,0.0179
Allianz NFJ Dividend Value A,0.38,0.009899999999999999,0.010700000000000001,0.0165
Allianz NFJ Dividend Value B,0.38,0.0070999999999999995,0.0072,0.0131
Allianz NFJ Dividend Value C,0.38,0.0072,0.0074,0.0131
Allianz NFJ Dividend Value D,0.38,0.009300000000000001,0.0106,0.0163
Allianz NFJ Dividend Value R,0.38,0.0091,0.0098,0.015600000000000001
Allianz NFJ Dividend Value P,0.38,0.010700000000000001,0.0118,NA
Allianz NFJ Dividend Value A LW,0.38,0.009899999999999999,0.010700000000000001,0.0165
Artisan Mid Cap Value Investor,0.3185,0.0165,0.008,0.0105
Artisan Mid Cap Value Institutional,0.3185,NA,NA,NA
Dodge & Cox International Stock,0.16,0.0089,0.0062,0.0106
Hartford Capital Appreciation HLS IA,1.13,0.0031,0.0028000000000000004,0.013999999999999999
Hartford Capital Appreciation HLS IB,1.13,0.0021,0.0019,0.0132
Vanguard Instl Ttl Stk Mkt Idx Instl,0.12,0.003,0.003,0.0032
Vanguard Instl Ttl Stk Mkt Idx Instl Pls,0.12,0.0031,0.0031,0.0032
FMI Large Cap,0.28,0.008,0.0052,0.0058
T. Rowe Price Instl Large Cap Growth,0.5760000000000001,0.0007000000000000001,0.0007000000000000001,0.0018
Artisan International Value Investor,0.309,0.0006,0.0039000000000000003,0.0074
Artisan International Value Instl,0.309,0.0008,0.0029,0.0058
Fidelity Advisor New Insights A,0.58,NA,0.0006,0.0012
Fidelity Advisor New Insights B,0.58,NA,0.0002,0.0009
Fidelity Advisor New Insights C,0.58,NA,0.0002,0.0009
Fidelity Advisor New Insights I,0.58,NA,0.001,0.0018
Fidelity Advisor New Insights T,0.58,NA,0.0004,0.001
Fidelity Advisor New Insights A LW,0.58,NA,0.0006,0.0012
Vanguard Large Cap Index Inv,0.07,0.0064,0.006500000000000001,0.0066
Vanguard Large Cap Index Instl,0.07,0.006999999999999999,0.0070999999999999995,0.0070999999999999995
Vanguard Large Cap Index Adm,0.07,0.003,0.003,0.003
Vanguard Large Cap Index Signal,0.07,0.003,0.003,NA
Perkins Mid Cap Value T,0.66,0.0152,0.0066,0.0116
Perkins Mid Cap Value L,0.66,0.0158,0.0072,0.0121
Perkins Mid Cap Value D,0.66,0.015600000000000001,0.0069,0.0118
Perkins Mid Cap Value A Load Waived,0.66,0.014499999999999999,NA,NA
Perkins Mid Cap Value A,0.66,0.014499999999999999,NA,NA
Perkins Mid Cap Value C,0.66,0.0127,NA,NA
Perkins Mid Cap Value I,0.66,0.015700000000000002,NA,NA
Perkins Mid Cap Value R,0.66,0.013500000000000002,NA,NA
Perkins Mid Cap Value S,0.66,0.0144,NA,NA
Perkins Mid Cap Value N,0.66,NA,NA,NA
Federated Strategic Value Dividend A,0.17,0.0132,0.0132,0.0173
Federated Strategic Value Dividend C,0.17,0.0108,0.010700000000000001,0.0148
Federated Strategic Value Dividend Instl,0.17,0.013999999999999999,0.013999999999999999,0.0181
Federated Strategic Value Dividend A LW,0.17,0.0132,0.0132,0.0173
DFA US Core Equity 2 I,0.09,0.0049,0.005,0.005699999999999999
DFA Emerging Markets Core Equity I,0.01,0.0069,0.006,0.0068000000000000005
Invesco Van Kampen American Franchise A,1.79,0.0016,0.002,0.0062
Invesco Van Kampen American Franchise B,1.79,0.0017000000000000001,0.0013,0.0049
Invesco Van Kampen American Franchise C,1.79,0.0017000000000000001,0.0012,0.0046
Invesco Van Kampen American Franchise Y,1.79,0.0016,0.0022,0.0067
Invesco Van Kampen American Franchi A LW,1.79,0.0016,0.002,0.0062
Invesco Van Kampen American Franchise R,1.79,0.0016,NA,NA
Invesco Van Kampen Amer Franchise Instl,1.79,0.0016,NA,NA
JPMorgan US Large Cap Core Plus R5,1.02,0.003,0.0026,0.0051
JPMorgan US Large Cap Core Plus Select,1.02,0.0023,0.002,0.0045000000000000005
JPMorgan US Large Cap Core Plus C,1.02,NA,0.0003,0.003
JPMorgan US Large Cap Core Plus A,1.02,0.0013,0.0014000000000000002,0.0040999999999999995
JPMorgan US Large Cap Core Plus A LW,1.02,0.0013,0.0014000000000000002,0.0040999999999999995
JPMorgan US Large Cap Core Plus R2,1.02,0.0011,0.0009,NA
DFA International Core Equity I,0.03,0.010700000000000001,0.009399999999999999,0.0102
Vanguard Dividend Appreciation Idx Inv,0.14,0.0072,0.0070999999999999995,0.006999999999999999
Vanguard FTSE All-World ex-US Index Inv,0.06,0.0059,0.0046,0.004
Vanguard FTSE All-World ex-US Index Inst,0.06,0.006999999999999999,0.0052,0.0045000000000000005
Vanguard FTSE All-Wld ex-US Idx Admiral,0.06,NA,NA,NA
Vanguard FTSE All-Wld ex-US IdxInstlPlus,0.06,0.0070999999999999995,NA,NA
Fidelity Series 100 Index,0.06,0.006999999999999999,0.0072,0.0070999999999999995
Aberdeen Emerging Markets Instl,0.0151,0.0063,0.0053,0.0062
Aberdeen Emerging Markets Instl Svc,0.0151,0.0055000000000000005,NA,NA
Aberdeen Emerging Markets A,0.0151,NA,NA,NA
Aberdeen Emerging Markets C,0.0151,NA,NA,NA
Aberdeen Emerging Markets R,0.0151,NA,NA,NA
Aberdeen Emerging Markets A Load Waived,0.0151,NA,NA,NA
Fidelity Series All-Sector Equity F,1.35,0.012199999999999999,NA,NA
Fidelity Series All-Sector Equity,1.35,0.0115,0.016200000000000003,NA
Fidelity Series Large Cap Value,1.21,0.0132,0.0176,NA
Fidelity Series Large Cap Value F,1.21,0.0139,NA,NA
Fidelity Series Emerging Markets F,1.04,0.008100000000000001,NA,NA
Fidelity Series Emerging Markets,1.04,0.0075,0.0171,NA
Strategic Advisers Value,0.49,0.0079,0.006,NA
GMO Quality V,0.4,0.0072,0.0069,0.0077
GMO Quality VI,0.4,0.0073,0.0070999999999999995,0.0078000000000000005
GMO Quality III,0.4,0.006999999999999999,0.0068000000000000005,0.0075
GMO Quality IV,0.4,0.0070999999999999995,0.0069,0.0076
Strategic Advisers International,0.18,0.0086,0.0070999999999999995,0.009399999999999999
Fidelity Series International Growth,0.23,0.0040999999999999995,NA,NA
Fidelity Series International Growth F,0.23,0.005,NA,NA
Fidelity Series International Value,0.78,0.009399999999999999,NA,NA
Fidelity Series International Value F,0.78,0.0101,NA,NA
Strategic Advisers Core,0.54,0.009300000000000001,NA,NA
Strategic Advisers Growth,0.47,0.005,NA,NA
