Company Name,Exchange:Ticker,Geographic Locations,Market Cap,PE,PBV,EV/Invested Capital,EV/Sales,EV/EBITDA,EV/EBITDAR,Expected growth in EPS - Next 5 years,CAGR- Revenues,Beta,Standard devaition in stock price,ROE,ROIC,Operating Margin,EBITDAR/Sales,Net Margin,Debt/Capital (Book),Debt/Capital (Market),Invested Capital,Capitalized R&D,Std Dev in EBITDAR (Last 10 years),Average EBIT (Last 10 years),CV in EBIT,"Market Capitalization [My Setting] [Latest] ($USDmm, Historical rate)","Total Debt [Latest Annual] ($USDmm, Historical rate)","Total Cash & ST Investments [Latest Annual] ($USDmm, Historical rate)","EBITDA [LTM] ($USDmm, Historical rate)","Total Revenue [LTM] ($USDmm, Historical rate)","EBIT [LTM] ($USDmm, Historical rate)","Total Equity [Latest Annual] ($USDmm, Historical rate)","Common Dividends Paid [LTM] ($USDmm, Historical rate)","Repurchase of Common Stock [LTM] ($USDmm, Historical rate)","Issuance of Common Stock [LTM] ($USDmm, Historical rate)",Primary Industry,Primary Sector,"Total Enterprise Value [My Setting] [Latest] ($USDmm, Historical rate)",Float % [Latest],"Daily Value Traded [Latest - 1 Year(s)] ($USDmm, Historical rate)","Net Income [LTM] ($USDmm, Historical rate)",LT EPS Growth Rate - Capital IQ [Latest] (%),"Total Revenues, 5 Yr CAGR % [LTM] (%)","EBITDA, 5 Yr CAGR % [LTM] (%)","Net Income, 5 Yr CAGR % [LTM] (%)",Effective Tax Rate [LTM] (%),"R&D Expense [LTM - 40] ($USDmm, Historical rate)","R&D Expense [LTM - 36] ($USDmm, Historical rate)","R&D Expense [LTM - 32] ($USDmm, Historical rate)","R&D Expense [LTM - 28] ($USDmm, Historical rate)","R&D Expense [LTM - 24] ($USDmm, Historical rate)","R&D Expense [LTM - 20] ($USDmm, Historical rate)","R&D Expense [LTM - 16] ($USDmm, Historical rate)","R&D Expense [LTM - 12] ($USDmm, Historical rate)","R&D Expense [LTM - 8] ($USDmm, Historical rate)","R&D Expense [LTM - 4] ($USDmm, Historical rate)","R&D Expense [LTM] ($USDmm, Historical rate)",2 Year Beta R-Squared [Latest],2 Year Beta [Latest],"Day Close Price [Latest] ($USD, Historical rate)","52 Week Low Price [Latest] ($USD, Historical rate)","52 Week High Price [Latest] ($USD, Historical rate)","EBITDAR (Excl. SBC and Incl. Equity Inc. from Affiliates) [LTM - 40] ($USDmm, Historical rate)","EBITDAR (Excl. SBC and Incl. Equity Inc. from Affiliates) [LTM - 36] ($USDmm, Historical rate)","EBITDAR (Excl. SBC and Incl. Equity Inc. from Affiliates) [LTM - 32] ($USDmm, Historical rate)","EBITDAR (Excl. SBC and Incl. Equity Inc. from Affiliates) [LTM - 28] ($USDmm, Historical rate)","EBITDAR (Excl. SBC and Incl. Equity Inc. from Affiliates) [LTM - 24] ($USDmm, Historical rate)","EBITDAR (Excl. SBC and Incl. Equity Inc. from Affiliates) [LTM - 20] ($USDmm, Historical rate)","EBITDAR (Excl. SBC and Incl. Equity Inc. from Affiliates) [LTM - 16] ($USDmm, Historical rate)","EBITDAR (Excl. SBC and Incl. Equity Inc. from Affiliates) [LTM - 12] ($USDmm, Historical rate)","EBITDAR (Excl. SBC and Incl. Equity Inc. from Affiliates) [LTM - 8] ($USDmm, Historical rate)","EBITDAR (Excl. SBC and Incl. Equity Inc. from Affiliates) [LTM - 4] ($USDmm, Historical rate)","EBITDAR (Excl. SBC and Incl. Equity Inc. from Affiliates) [LTM] ($USDmm, Historical rate)","EBIT [LTM - 36] ($USDmm, Historical rate)","EBIT [LTM - 32] ($USDmm, Historical rate)","EBIT [LTM - 28] ($USDmm, Historical rate)","EBIT [LTM - 24] ($USDmm, Historical rate)","EBIT [LTM - 20] ($USDmm, Historical rate)","EBIT [LTM - 16] ($USDmm, Historical rate)","EBIT [LTM - 12] ($USDmm, Historical rate)","EBIT [LTM - 8] ($USDmm, Historical rate)","EBIT [LTM - 4] ($USDmm, Historical rate)","EBIT [LTM] ($USDmm, Historical rate)"
Johnson & Johnson (NYSE:JNJ),NYSE:JNJ,United States of America (Primary),317213.8,19.89924095100684,4.458380885453267,2.854666338806083,4.175316712060898,12.578657689880075,3.694438539684109,0.0635,0.021400000000000002,0.696,0.22675115040618052,0.22404778636683065,0.3141287168041159,0.2319625253160137,0.4620993086109365,0.22265521335288777,0.2202910621137071,0.05959400656595393,169202.5,116334.5,1982.5262251312902,17642.3,0.11237345613277692,317213.8,20102,38384,23765,71595,20033,71150,-8523,-8850,1857,Pharmaceuticals,Healthcare,303718.8,100,,15941,6.35,2.14,4.08,6.94,17.1,7093,7398,7797,6881,7075,7375,7489,8103,8270,8817,9319,0.456,0.696,116.6,94.3,126.07,0,0,0,0,0,0,0,0,0,0,0,14972,16306,16303,16595,16378,16973,18748,21265,18850,20033
Pfizer Inc. (NYSE:PFE),NYSE:PFE,United States of America (Primary),196493.3,31.7796053695617,3.023066863595803,2.5931925318288114,3.9877223296959223,10.627605365902491,3.483426030746009,0.0747,-0.0434,0.776,0.314855103268824,0.09512600387704237,0.15497850859285103,0.23525774280187067,0.5199932385477903,0.11612794170125651,0.3757095519377611,0.1660241508966289,193764.6,112941.6,1896.917604958104,16355.2,0.11598253796701379,196493.3,39117,23292,19978,53243,14548,64998,0,-5000,1044,Pharmaceuticals,Healthcare,226465.3,99.9,,6183,7.47,-4.34,-3.38,-11.6,13.9,7156,8241,7902,7335,9403,9289,8048,6913,6995,8551,7708,0.294,0.776,32.38,28.3,37.39,0,0,0,0,0,0,0,0,0,0,0,14472,15045,17145,20278,16201,18233,17201,15913,14516,14548
"Merck & Co., Inc. (NYSE:MRK)",NYSE:MRK,United States of America (Primary),175160.9,31.89382738528769,3.9127236580516898,2.8988157849269154,4.717766306662991,12.42554778247096,4.009709502917749,0.0852,-0.0356,0.83,0.3183485119738866,0.12267965242254339,0.1333659594319085,0.19342358483474076,0.5562683238529581,0.137619966421931,0.3721758642451441,0.13157235859987337,154666.66,96788.66,2237.8772470555386,8455.18,0.26467529337702317,175160.9,26538,13427,15152,39907,9565,44767,-5116,-3599,841,Pharmaceuticals,Healthcare,187450.9,94.5,,5492,8.52,-3.56,-4.13,5.37,19.3,4171.9,4461.5,4475.4,5260.1,8307.5,8080,7943,7604,6681,7114,7047,0.329,0.83,63.53,48,65.46,0,0,0,0,0,0,0,0,0,0,0,6052.4,6191.8,6287.8,6315.8,12130,11461,8900,9399,8249,9565
Bristol-Myers Squibb Company (NYSE:BMY),NYSE:BMY,United States of America (Primary),94524.8,28.08223410576352,6.553300055463117,5.0323600973236005,5.248865789616155,16.991202243252715,4.079261160432533,0.156,-0.024399999999999998,0.854,0.4287754754336275,0.2333610648918469,0.23967313512551183,0.21865259054734448,0.595636403010124,0.18223160630177035,0.31707778987737323,0.06616163711769599,82373.29999999999,65522.299999999996,1373.0656737550626,4619.3,0.2972453994663829,94524.8,6697,4270,5706,18471,5218,14424,-2530,-231,179,Pharmaceuticals,Healthcare,95958.8,91.7,,3366,15.6,-2.44,-5.56,0.155,22.6,3021,3083,3331,3609,3664,3803,3830,3714,3959,5193,5296,0.192,0.854,56.56,49,77.12,0,0,0,0,0,0,0,0,0,0,0,2505,4671,4770,6087,6877,5432,2873,3708,4052,5218
Eli Lilly and Company (NYSE:LLY),NYSE:LLY,United States of America (Primary),81276.7,33.25288437934703,5.57059827419587,4.717068674313091,4.069827040101356,16.77058160460379,3.2523403912604936,0.13699999999999998,-0.0313,0.618,0.3714144163286024,0.16752225793849337,0.1641342300771634,0.1427104169466147,0.4940299080490661,0.11729982915170943,0.3535304751608387,0.08939383075123578,81933.92,63816.52000000001,1243.3887465757043,5136.020000000001,0.24209188176364266,81276.7,7978.9,4451.8,5056.7,20837.2,3561.3,14590.3,-2150.7,-553,0,Pharmaceuticals,Healthcare,86419.5,87.8,,2444.2,13.7,-3.13,-8.77,-12.1,16.5,3081.2,3391.1,3735.2,4169.1,4662.8,5103.6,5170.3,5519,5023.3,4537.9,5237.5,0.134,0.618,77.02,67.9,88.16,0,0,0,0,0,0,0,0,0,0,0,4653,5283.2,6546.3,6577.1,6609.7,4983,5823.3,3439.4,3883.9,3561.3
Zoetis Inc. (NYSE:ZTS),NYSE:ZTS,United States of America (Primary),24177.9,35.091291727140785,22.161228230980754,2.7784391259105097,5.7097031729785055,17.13261670761671,5.300627137970354,0.125,0,0.797,0.32786721045616585,0.6315307057745188,0.18788178980228928,0.18480491299897647,0.4104401228249744,0.14104401228249744,0.8169155898640712,0.16759680367969318,9636.4,4831.4,348.4396169591894,1003.1666666666666,0.3473397078842227,24177.9,4868,1154,1628,4885,1404,1091,-182,-278,31,Pharmaceuticals,Healthcare,28010.9,100,,689,12.5,,,,35.7,,,,,,411,407,399,393,379,377,0.286,0.797,48.96,38.3,53.14,,,,,,628,0,0,0,0,0,,,,,408,871,957,1150,1229,1404
"Valeant Pharmaceuticals International, Inc. (NYSE:VRX)",NYSE:VRX,Canada (Primary),6101.6,NA,1.0119075259544263,1.9316351956714601,3.6506045732072305,8.609119141727838,3.5024167998698275,0.122,0.344,0.293,1.176873201892767,-0.37817174698994993,0.036631581253217374,0.13346502254678957,0.46634941537970387,-0.22749311624566027,0.8376191976560374,0.8360027415301502,40053.49,3533.0899999999997,886.17159869482,985.53,0.8991827734262985,6101.6,31103.9,613.3,4250.4,10023.6,1337.8,6029.8,0,-22.4,33.3,Pharmaceuticals,Healthcare,35993.6,86.9,,-2280.3,12.2,34.4,32.2,,0,93.4,117.2,106,60,53.7,66.8,75.7,117.5,246.4,297.6,424.1,0.003,0.293,17.55,13.8,119.87,0,0,0,0,0,0,0,0,0,0,0,375.8,229.3,229.6,274,515.5,850.5,1097,2122.1,2823.7,1337.8
"Catalent, Inc. (NYSE:CTLT)",NYSE:CTLT,United States of America (Primary),3151.1,30.240882917466408,4.955338889762541,1.9963971583220566,2.6133990253306916,13.439823740016523,2.5407403550788774,0.0882,0,1.06,0.6492824900903955,0.1638622424909577,0.07188049729364004,0.09103143576286618,0.22304932255127724,0.05580249558185616,0.7452731933984938,0.3712387261553196,2992.1800000000003,627.3800000000001,26.324814022768212,248.875,0.10577524469218769,3151.1,1860.5,131.6,363.1,1867.3,222.2,635.9,0,-8.7,0,Pharmaceuticals,Healthcare,4948.5,99.6,,104.2,8.82,,,,23.5,,,,,,,,49.2,52.3,55.3,53.4,0.129,1.06,25.26,18.9,32.24,,,,,,,,0,0,0,0,,,,,,,230.4,269.6,273.3,222.2
Indivior PLC (LSE:INDV),LSE:INDV,United States of America (Primary),3117,NA,NA,NA,3.108882521489971,17.13157894736842,2.7329974811083124,0.0030399999999999997,0,0.517,0.6358259294020653,0.021505376344086023,0.11049645390070918,-0.014880611270296079,0.31900668576886343,-0.0057306590257879654,1.8558282208588956,0.16254701773240193,1369.2,1510.2,231.27472840758023,408,0.566849824528383,3117,605,467,190,1047,164,-279,-92,0,0,Pharmaceuticals,Healthcare,3078.7,86.3,,-6,0.304,,,,109.5,,,,,,,,,99,143,144,0.032,0.517,4.33,1.58,4.69,,,,,,,,,0,0,0,,,,,,,,624,436,164
"Akorn, Inc. (NasdaqGS:AKRX)",NasdaqGS:AKRX,United States of America (Primary),2875.5,15.576923076923077,4.625965250965251,1.853055514213425,3.2318541142651815,7.732000859660435,3.1143524930747923,0.095,0.5660000000000001,1.14,1.0504856019955722,0.29697554697554696,0.19036761422830778,0.22980237154150193,0.45571325907294286,0.1658282429033417,0.6334905660377359,0.27200688625028485,1767.936,424.13599999999997,139.0163531907108,89.499,1.5532726979151812,2875.5,1074.4,352.2,465.3,1113.2,376.2,621.6,0,-25,8.89,Pharmaceuticals,Healthcare,3509,65.1,,184.6,9.5,56.6,71.7,24.8,32,7.12,11.3,6.29,5.74,6.19,9.64,13.6,21.9,26.8,36.2,42,0.057,1.14,22.96,17.6,39.46,0,0,0,0,0,0,0,0,0,0,0,-21.1,-10.7,-12.9,7.59,26.3,69.9,84.7,67.8,307.2,376.2
"Prestige Brands Holdings, Inc. (NYSE:PBH)",NYSE:PBH,United States of America (Primary),2649.9,38.62827988338193,3.560257960499799,1.682248975409836,5.101477122613185,14.327150084317031,5.101477122613185,0.12,0.165,0.934,0.4061155085071242,0.09216713690716109,0.07285164788251366,0.2049329890716945,0.3560706136663864,0.08238261078419598,0.6858963538149899,0.3801693488023952,2342.4,0,75.62367427671782,152.82999999999998,0.4948221833194911,2649.9,1625.3,27.2,296.5,832.7,271.3,744.3,0,-1.44,3.71,Pharmaceuticals,Healthcare,4099.1,99.6,,68.6,12,16.5,21.2,13.6,37.1,0,0,0,0,0,0,0,0,0,0,0,0.256,0.934,50.06,43.6,58.09,0,0,0,0,0,0,0,0,0,0,0,91,88.2,76.8,84.8,103.3,162.6,207.2,176.4,266.7,271.3
The Medicines Company (NasdaqGS:MDCO),NasdaqGS:MDCO,United States of America (Primary),2536.5,NA,3.4661109592784918,3.185174914675769,13.071020019065777,NA,7.585892116182573,0,-0.15,0.812,0.7232922181158078,-0.27644165072424165,-0.3225255972696246,-1.4413727359389894,-0.49571020019065776,-0.9642516682554814,0.44171498321635644,0.18584496870486278,2780.6200000000003,1843.0200000000002,122.233754789747,-22.608999999999995,-5.406420221581982,2536.5,579,373.2,-255.7,209.8,-302.4,731.8,0,0,32.9,Pharmaceuticals,Healthcare,2606.2,82.6,,-202.3,,-15,,,,57.4,73.1,105.8,91.9,103.1,109.6,133.6,134.6,150.2,138.3,151.7,0.061,0.812,36.46,27.5,43,0,0,0,0,0,0,0,0,0,0,0,-21.8,12.2,3.81,28.9,58.9,71,65.3,38.1,-180.1,-302.4
Nektar Therapeutics (NasdaqGS:NKTR),NasdaqGS:NKTR,United States of America (Primary),2202.4,NA,342.5194401244168,NA,12.792114695340501,NA,5.817440912795436,0,0.106,1.21,0.8215110351981774,-25.73872472783826,1.9626168224299076,-0.6397849462365591,0.6505376344086021,-0.9886499402628435,0.9747178862108284,0.10117128514875728,2235.0999999999995,2289.6699999999996,46.732834043932954,-86.7,-0.5390176937016488,2202.4,247.9,308.9,-91.8,167.4,-107.1,6.43,0,0,34.7,Pharmaceuticals,Healthcare,2196.4,99.4,,-165.5,,10.6,,,,149.2,156.8,148.4,115.7,101.3,124.9,135.6,188.1,157.5,174.1,200.7,0.105,1.21,14.41,10.5,19.98,0,0,0,0,0,0,0,0,0,0,0,-94.4,-121.4,-125.6,-13.2,-97.4,-127.9,-127.6,-14.9,-37.5,-107.1
"Pacira Pharmaceuticals, Inc. (NasdaqGS:PCRX)",NasdaqGS:PCRX,United States of America (Primary),1402.6,NA,6.4221611721611715,2.3994676346037505,4.946847507331378,NA,4.289574062301335,0.7,0.82,1.11,0.9729160879981966,-0.1671245421245421,-0.18390804597701146,-0.11143695014662755,0.08834310850439882,-0.13379765395894427,0.3265494912118409,0.07020218760357971,449.73199999999997,284.43199999999996,20.194171326290057,-27.869999999999997,-0.7245845470502353,1402.6,105.9,159,-17.7,272.8,-30.4,218.4,0,0,8.37,Pharmaceuticals,Healthcare,1349,99.7,,-36.5,70,82,,,,12.7,18,20.1,33.2,22.5,16.4,8.82,20,19.7,19.4,41.8,0.063,1.11,37.5,30.3,80.25,-6.4,0,0,-36.6,0,0,0,0,0,0,0,-18.9,-23.3,-45.2,-24.5,-30.4,-45.2,-56.1,-22.9,18.2,-30.4
"Aerie Pharmaceuticals, Inc. (NasdaqGM:AERI)",NasdaqGM:AERI,United States of America (Primary),1326.9,NA,70.57978723404256,83.43148148148138,NA,NA,25.958498023715418,0,0,1.22,1.769777190594292,-4.792553191489361,-16.314814814814795,#DIV/0!,#DIV/0!,#DIV/0!,0.867605633802817,0.08495965795462382,463.92999999999995,458.53000000000003,32.34761196750078,-46.559999999999995,-0.6947511161404808,1326.9,123.2,136.6,-87.2,0,-88.1,18.8,0,0,172.5,Pharmaceuticals,Healthcare,1196.8,63.9,,-90.1,,,,,,,,,,,,10.7,10.7,23.4,41.7,50.6,0.023,1.22,39.75,10.8,41.72,,,,,,,-13.6,0,0,0,0,,,,,,-14.2,-18.7,-40.7,-71.1,-88.1
"Depomed, Inc. (NasdaqGS:DEPO)",NasdaqGS:DEPO,United States of America (Primary),1322.8,NA,4.198032370675976,1.879665496819478,4.331001805054152,13.517605633802818,4.058139534883721,0.16,0.256,0.457,1.059784653177763,-0.23801967629324022,0.03421803026979601,0.0703971119133574,0.38763537906137185,-0.16922382671480146,0.719062054208274,0.3787629737472408,1117.1789999999999,205.379,54.6095225559507,22.1557,2.4648069145163864,1322.8,806.5,209.8,142,443.2,31.2,315.1,0,0,8.94,Pharmaceuticals,Healthcare,1901,82.3,,-75,16,25.6,25.8,,,22.5,27.4,21.7,38.9,19.3,18.2,15.1,9.23,7.11,13.2,29.8,0.009,0.457,21.48,12.3,27.02,0,0,0,0,0,0,0,0,0,0,0,8.61,-17.8,-29.8,-0.903,44.7,-36.7,-2.15,90.2,134.2,31.2
"TherapeuticsMD, Inc. (AMEX:TXMD)",AMEX:TXMD,United States of America (Primary),1315.1,NA,20.841521394611725,NA,60.9951219512195,NA,16.15503875968992,0,0.606,1.61,1.0140716500698606,-1.3391442155309032,52.99999999999995,-4.136585365853659,-1.35609756097561,-4.121951219512195,0,0,748.496,750.096,35.34980716590497,-42.443333333333335,-0.8328706628266308,1315.1,0,64.7,-84.7,20.5,-84.8,63.1,0,0,137.9,Pharmaceuticals,Healthcare,1167.6,71,,-84.5,,60.6,,,,,,,,,0.278,2.98,9.07,34.9,73,56.9,0.122,1.61,6.69,4.39,11.26,,,,,,0,0,0,0,0,0,,,,,-4.06,-12.9,-23.2,-45.7,-84,-84.8
"Dermira, Inc. (NasdaqGS:DERM)",NasdaqGS:DERM,United States of America (Primary),1255.4,NA,6.767654986522912,NA,8745.378151260506,NA,11.98700745228579,0,0,0.794,0.8523511237132488,-0.6086253369272238,3.8390410958904124,-942.0168067226891,-212.60504201680672,-948.7394957983195,0,0,571.1300000000001,600.33,40.90072330248777,-54.625,-0.7487546599997761,1255.4,0,214.7,-112,0.119,-112.1,185.5,0,0,138.5,Pharmaceuticals,Healthcare,1013.5,70.9,,-112.9,,,,,,,,,,,,,17.1,25.2,53.5,86.7,0.042,0.794,35.26,17.4,36.34,,,,,,,,-19.8,0,0,0,,,,,,,-20.2,-31.6,-54.6,-112.1
"Innoviva, Inc. (NasdaqGS:INVA)",NasdaqGS:INVA,United States of America (Primary),1214.5,31.627604166666668,NA,4.786630036630037,15.740248226950355,20.016910935738444,15.497076023391815,0.741,0.34,0.931,0.934871118568401,-0.11208406304728545,0.4056776556776558,0.7854609929078014,0.8020390070921986,0.3404255319148936,1.8444663544491005,0.38124108416547786,484.3999999999999,266,71.99966126463526,-53.870000000000005,-1.336544667990259,1214.5,748.3,187.3,88.7,112.8,88.6,-342.6,-1.08,-91.7,0,Pharmaceuticals,Healthcare,1788.6,53,,38.4,74.1,34,,,,170.4,162.3,97.8,74.3,76,88.6,122.8,36.4,9.2,2.77,1.77,0.048,0.931,11.17,7.56,14.15,0,0,0,0,0,0,0,0,0,0,0,-175.9,-106.5,-74.6,-81.1,-92.1,-18.6,-51.4,-41.5,14.4,88.6
"Supernus Pharmaceuticals, Inc. (NasdaqGM:SUPN)",NasdaqGM:SUPN,United States of America (Primary),1183.3,45.337164750957854,9.952060555088309,4.830802942557521,6.458443045220378,39.589122807017546,5.250302466263379,0.42,0,1.15,0.9238253803253803,0.21951219512195122,0.40335263734543747,0.14751116199198627,0.3932455638236978,0.1493989696622782,0.05702276151954953,0.00603952994145268,363.65000000000003,299.76000000000005,37.25734187793761,-17.957142857142856,-2.0747923082383717,1183.3,7.19,62.2,28.5,174.7,26.9,118.9,0,0,1.85,Pharmaceuticals,Healthcare,1128.7,95.2,,26.1,42,,,,4.2,,,,,19.3,35.1,26,21.5,18.3,21,40.2,0.075,1.15,23.9,9.51,26.84,,,,,-17.1,-37.7,0,0,0,0,0,,,,-19,-40.1,-37.3,-58.4,-38.2,40.4,26.9
Phibro Animal Health Corporation (NasdaqGM:PAHC),NasdaqGM:PAHC,United States of America (Primary),1138.9,14.946194225721785,12.584530386740333,2.06558837890625,1.9377990430622014,12.868490732568405,1.9098768666492012,0.05,0,0.788,0.6372840344309125,0.8419889502762431,0.22412109375,0.12200956937799043,0.1652046783625731,0.10127591706539076,0.7958032490974729,0.2364574953070528,526.9649999999999,117.365,25.13783337256151,52.61999999999999,0.4777239333440044,1138.9,352.7,33.6,113.3,752.4,91.8,90.5,-15.7,0,3.32,Pharmaceuticals,Healthcare,1444.1,46.8,,76.2,5,,,,,0,0,0,4.85,4.65,5.66,5.69,6.64,8.21,9.51,11,0.074,0.788,28.9,16.8,35.69,0,0,0,0,0,0,0,0,0,0,0,26.5,32.7,30.2,26.6,41.7,53.8,59.4,77.9,85.6,91.8
Corcept Therapeutics Incorporated (NasdaqCM:CORT),NasdaqCM:CORT,United States of America (Primary),1081.4,240.31111111111113,58.45405405405406,38.251964285714266,14.73793103448276,154.40751445086704,11.37912673056443,2.332,0,1.84,1.0151774018528508,0.24324324324324326,1.2178571428571425,0.09406896551724138,0.39062068965517244,0.06206896551724138,0.5978260869565217,0.024799350707908736,227.11099999999996,221.511,14.73371436158883,-21.955,-0.671086967050277,1081.4,27.5,40.4,6.92,72.5,6.82,18.5,0,0,6.64,Pharmaceuticals,Healthcare,1052.3,71.8,,4.5,233.2,,,,,22.4,8.11,12.1,15.4,18,19,15.9,18.8,21.2,15.1,21.4,0.159,1.84,9.74,3.22,10,0,0,0,0,0,0,0,0,0,0,0,-11.8,-18.1,-21.1,-24.8,-30.2,-36.2,-41.4,-34.6,-8.17,6.82
Impax Laboratories Inc. (NasdaqGS:IPXL),NasdaqGS:IPXL,United States of America (Primary),1071.3,NA,1.0083772590361444,1.9143031571602998,1.2724369562823477,5.4841006169909825,1.1620072405470636,0.19,0.149,0.803,0.774705348453899,-0.17036897590361444,0.11128553985696843,0.1405131593436846,0.3270564915758176,-0.1993172558088316,0.2855413584398117,0.283842502841099,2110.74,964.1399999999999,128.97702163994606,101.78999999999999,1.267089317614167,1071.3,424.6,340.4,210.7,908.1,127.6,1062.4,0,0,9.68,Pharmaceuticals,Healthcare,1669.2,81.7,,-181,19,14.9,16.6,,,18.6,29.6,56.8,62.7,79.8,85.3,79.1,73.8,79.4,67.5,86.3,0.052,0.803,14.5,13.4,45,0,0,0,0,0,0,0,0,0,0,0,1,29,15.7,449.5,82.1,122.5,59.8,70,60.7,127.6
"Amphastar Pharmaceuticals, Inc. (NasdaqGS:AMPH)",NasdaqGS:AMPH,United States of America (Primary),944.4,45.40384615384615,3.195939086294416,2.460950092421442,3.4242085661080073,18.573737373737373,3.007523716061498,0.25,0,1,0.7137742529753551,0.07038917089678512,0.09108465804066543,0.0917631284916201,0.3229050279329609,0.07746741154562384,0.12210338680926916,0.04170471841704718,690.687,420.18700000000007,19.931661702881055,2.3327142857142853,8.544407613458718,944.4,41.1,66.1,49.5,268.5,35.4,295.5,0,-14.3,21.8,Pharmaceuticals,Healthcare,919.7,78.7,,20.8,25,,,,30.4,,,,,2.63,8.45,10.3,34.5,28.1,36.1,37.2,0.095,1,20.52,8.32,21.53,,,,,0.262,3.06,11.6,0,0,0,0,,,,-1.81,-6.6,0.489,21.2,-7.55,-24.8,35.4
"Lannett Company, Inc. (NYSE:LCI)",NYSE:LCI,United States of America (Primary),897.3,NA,1.618214607754734,1.8748591549295777,2.7691564713457817,6.8153724247226615,2.559440559440559,0.175,0.413,1.05,0.9761531642114367,-0.0321009918845807,0.1499927399448236,0.3325820991629105,0.4882485511912427,-0.02865421764327109,0.6569325001546742,0.5419835638813741,1759.531,382.13100000000003,93.45882929106033,65.0587,1.436530845083906,897.3,1061.8,238.9,252.4,621.2,206.6,554.5,0,-2.16,4.62,Pharmaceuticals,Healthcare,1698.3,73.7,,-17.8,17.5,41.3,110,,,8.74,6.93,5.78,9.59,10.3,8.97,13.2,17.2,29.3,30.5,50.9,0.056,1.05,24.25,16.8,44.49,0,0,0,0,0,0,0,0,0,0,0,-0.453,-2.31,19.5,7.68,1.01,9.16,24.5,153.4,231.5,206.6
Canopy Growth Corporation (TSX:CGC),TSX:CGC,Canada (Primary),882.8,NA,9.243979057591623,0.9381637831603228,47.759562841530055,NA,45.16795865633075,0,0,0.962,0.9762225243361662,-0.05549738219895288,-0.04163783160322953,-0.1972677595628415,0.0021857923497267777,-0.2896174863387978,0.03144016227180527,0.0034992662828761713,90.13879999999999,3.4388,3.815983927289701,-2.0233333333333334,-1.8859887614281883,882.8,3.1,11.9,-1.01,18.3,-3.61,95.5,0,0,52.6,Pharmaceuticals,Healthcare,854.9,88.9,,-5.3,,,,,,,,,,,,,,0.106,0.256,1.05,0.047,0.962,8.22,1.66,8.57,,,,,,,,,0,0,0,,,,,,,,-4.79,2.33,-3.61
WAVE Life Sciences Ltd. (NasdaqGM:WVE),NasdaqGM:WVE,United States of America (Primary),876.8,NA,5.432465923172242,-205.71176470588026,884.7218788627936,NA,23.007489793950302,0,0,1.86,1.2568478090422643,-0.2726146220570012,-129.41176470588107,-54.388133498145855,-16.440049443757726,-54.388133498145855,0.0008666584127770213,0.00015964604191848932,91.118,90.778,19.100125654036933,-22.16,-0.8619190277092479,876.8,0.14,161.2,-43.6,0.809,-44,161.4,0,0,131.6,Pharmaceuticals,Healthcare,715.8,42.5,,-44,,,,,,,,,,,,,,4.61,6.31,30.3,0.106,1.86,37.35,8.95,38.5,,,,,,,,,0,0,0,,,,,,,,-8.58,-13.9,-44
"Reata Pharmaceuticals, Inc. (NasdaqGM:RETA)",NasdaqGM:RETA,United States of America (Primary),806.6,NA,NA,NA,15.322645290581164,NA,8.90104772991851,0,0,0,#DIV/0!,0.014055636896046853,0.010184010152284264,-0.06432865731462926,0.6733466933867736,-0.07695390781563126,0,0,82.84000000000003,398.04,1.767278416096343,-2.521,-0.7010227751274666,806.6,0,42,-2.4,49.9,-3.21,-273.2,0,0,64.7,Pharmaceuticals,Healthcare,710.9,43.6,,-3.84,,,,,,,,,,,,,,45.3,36.2,36,,,36.11,12.6,41.6,,,,,,,,,2.53,0,0,,,,,,,,-3.84,-0.513,-3.21
"ANI Pharmaceuticals, Inc. (NasdaqGM:ANIP)",NasdaqGM:ANIP,United States of America (Primary),694,87.9594423320659,4.3347907557776395,0.9236565656565654,6.015668202764977,13.54149377593361,5.8313231483963195,0,0,1.5,0.8549108042488857,0.04928169893816365,0.14203703703703704,0.15552073732718896,0.475852534562212,0.07271889400921659,0.41462522851919564,0.14045082982412685,151.0304,32.230399999999996,16.299979294465377,16.705000000000002,0.9757545222667091,694,113.4,154.7,48.2,108.5,29.5,160.1,0,-2.62,1.41,Pharmaceuticals,Healthcare,796.7,63,,7.89,,,,,42.8,,,,,,,0.799,1.71,2.63,2.78,3.43,0.149,1.5,59.93,26.8,70.92,,,,,,,0.561,0,0,0,0,,,,,,0.005,2.82,14,37.2,29.5
"Sucampo Pharmaceuticals, Inc. (NasdaqGM:SCMP)",NasdaqGM:SCMP,United States of America (Primary),683,50.97014925373134,7.905092592592592,3.3381344902386116,3.8940677966101696,7.033163265306123,3.1897416120323947,0.142,0.341,1.34,1.0693519926621573,0.1550925925925926,0.23699349240780912,0.25718926553672317,0.774482109227872,0.06308851224105462,0.7449822904368358,0.26983108830446867,625.3399999999999,394.8399999999999,28.578826661242292,18.740000000000002,1.525017431229578,683,252.4,108.3,117.6,212.4,69.5,86.4,0,-44,2.68,Pharmaceuticals,Healthcare,773.2,57.3,,13.4,14.2,34.1,,,21.4,20.5,26.3,45,37.6,22.4,33.3,21.9,21.6,21.7,28.2,46.9,0.076,1.34,15.95,9.59,18.75,0,0,0,0,0,0,0,0,0,0,0,20,31.2,-2.3,17.1,-28.4,-12.1,24,18.5,49.9,69.5
"Intra-Cellular Therapies, Inc. (NasdaqGS:ITCI)",NasdaqGS:ITCI,United States of America (Primary),618.7,NA,1.2992440151196978,339.1359999999998,545.6273764258557,NA,1.498491066487057,0,0,1.75,1.8786076404259262,-0.24737505249895003,-119.6,-454.75285171102655,-90.87452471482891,-447.90874524714826,0,0,814.3359999999998,813.3359999999999,54.6513220334147,-48.62,-1.1240502269316064,618.7,0,475.2,-119.4,0.263,-119.6,476.2,0,0,0.786,Pharmaceuticals,Healthcare,205.9,78.1,,-117.8,,,,,,,,,,,,7.66,17.4,15.7,76.5,95.5,0.042,1.75,14.3,10.8,59.96,,,,,,,12.3,0,0,0,0,,,,,,11.1,-19.2,-23.7,-91.7,-119.6
Omeros Corporation (NasdaqGM:OMER),NasdaqGM:OMER,United States of America (Primary),577.6,NA,NA,NA,16.923728813559322,NA,6.769491525423729,0,0.52,0.854,1.4409738210464393,2.553435114503817,12.872340425531908,-1.7090395480225988,-0.20056497175141247,-1.8898305084745766,2.110169491525424,0.07937519923493784,564.7500000000001,569.45,21.47480200400254,-38.501,-0.5577725774396131,577.6,49.8,28.3,-60.2,35.4,-60.5,-26.2,0,0,40.5,Pharmaceuticals,Healthcare,600.7,94.1,,-66.9,,52,,,,,5.8,17.5,17.4,21.2,21.8,31.5,35.5,46.4,45.2,53.1,0.017,0.854,13.46,7.2,16.8,,-7.45,0,0,0,0,0,0,0,0,0,-7.71,-23,-21.9,-26.4,-26.1,-35.2,-48.1,-62.9,-73.2,-60.5
"MyoKardia, Inc. (NasdaqGS:MYOK)",NasdaqGS:MYOK,United States of America (Primary),551.6,NA,5.874334398296059,NA,30.93661971830986,NA,9.00204918032787,0,0,1.82,1.1062630859190663,-0.37593184238551647,1.9239130434782616,-2.4929577464788735,0.021126760563380583,-2.4859154929577465,0,0,251.37999999999994,269.78,11.419865731843498,-22.53333333333333,-0.506798775081812,551.6,0,112.3,-34.3,14.2,-35.4,93.9,0,0,56,Pharmaceuticals,Healthcare,474.5,32.1,,-35.3,,,,,,,,,,,,,,11.6,25.1,34.6,0.131,1.82,17.55,6.24,22.83,,,,,,,,,0,0,0,,,,,,,,-13.6,-18.6,-35.4
"Revance Therapeutics, Inc. (NasdaqGM:RVNC)",NasdaqGM:RVNC,United States of America (Primary),529,NA,2.088432688511646,25.644514767932442,950.6,NA,5.58082191780822,0,0,1.56,1.2058818810775418,-0.333991314646664,-8.586497890295343,-271.33333333333337,-97.00000000000003,-282,0.03239361295744518,0.015777331249534867,486.93,477.45,16.278103902686784,-60.150000000000006,-0.2706251687894727,529,8.48,252.3,-79.9,0.3,-81.4,253.3,0,0,129.4,Pharmaceuticals,Healthcare,333.9,57,,-84.6,,,,,,,,,,,,,38.5,30.5,41.7,50.8,0.081,1.56,18.55,12.4,41.12,,,,,,,,0,0,0,0,,,,,,,-47.7,-47.1,-64.4,-81.4
"SciClone Pharmaceuticals, Inc. (NasdaqGS:SCLN)",NasdaqGS:SCLN,United States of America (Primary),528.4,14.319783197831978,2.9404563160823596,2.68043422733078,2.6872246696035242,10.83756345177665,2.4825581395348837,0,0.064,0.645,0.7478786666298217,0.20534223706176963,0.4566404853128992,0.22501541850220264,0.3303964757709251,0.23222152297042162,0,0,311.278,232.978,18.435175586060712,18.351,1.0045869754269912,528.4,0,101.4,39.4,158.9,38.5,179.7,0,0,1.31,Pharmaceuticals,Healthcare,398.3,85,,36.9,,6.4,11.7,12.6,7.13,14.1,15.1,22.3,18.6,11.7,14,8.86,5.72,4.66,20.4,13.1,0.036,0.645,10.35,7.37,15.03,0,0,0,0,0,0,0,0,0,0,0,-9.44,-9.19,6.94,20.5,20.5,45,12.7,26.4,31.6,38.5
"Aclaris Therapeutics, Inc. (NasdaqGS:ACRS)",NasdaqGS:ACRS,United States of America (Primary),482.7,NA,5.218378378378378,12.025263157894745,NA,NA,13.670103092783503,0,0,1.07,1.3159260047586263,-0.4464864864864865,-4.9210526315789505,#DIV/0!,#DIV/0!,#DIV/0!,0,0,176.292,168.69199999999998,16.15284907789748,-20.386666666666667,-0.7923241862932053,482.7,0,84.9,-37.2,0,-37.4,92.5,0,0,81.8,Pharmaceuticals,Healthcare,398.6,52.3,,-41.3,,,,,,,,,,,,,,3.49,15.2,29.1,0.032,1.07,22.52,11,33.88,,,,,,,,,-5.18,0,0,,,,,,,,-5.26,-18.5,-37.4
"Collegium Pharmaceutical, Inc. (NasdaqGS:COLL)",NasdaqGS:COLL,United States of America (Primary),475,NA,5.581668625146887,NA,946.3480392156864,NA,28.58380219129405,0.2,0,1.64,1.7200465109990484,-0.8942420681551116,20.026385224274375,-186.0294117647059,-153.6764705882353,-186.51960784313727,0.0740942226090741,0.014134202278906622,99.42,103.21,33.28428057406881,-37.56666666666667,-0.8860056940745911,475,6.81,95.7,-75.8,0.408,-75.9,85.1,0,0,52.3,Pharmaceuticals,Healthcare,388.8,63.7,,-76.1,20,,,,,,,,,,,,,14.2,8.75,13.1,0.044,1.64,16.65,8.24,30.58,,,,,,,,,0,0,0,,,,,,,,-16,-20.8,-75.9
Heska Corporation (NasdaqCM:HSKA),NasdaqCM:HSKA,United States of America (Primary),435,47.90748898678414,5.485498108448929,1.2141492972066883,3.561770573566085,23.937486033519555,3.504670374611484,0.26899999999999996,0.11599999999999999,0.522,0.7742511220527873,0.11450189155107188,0.13566177986012834,0.08207481296758104,0.16508728179551121,0.07547797173732336,0.004656650475078762,0.0008521467897494321,94.88599999999998,22.104999999999993,4.601324176558068,3.7708,1.2202514523597294,435,0.371,6.89,17.9,120.3,13.6,79.3,0,0,0.36,Pharmaceuticals,Healthcare,443.5,90.5,,9.08,26.9,11.6,25.6,36.3,27.4,4.45,2.93,2.03,1.8,1.71,1.64,1.02,1.44,1.39,1.63,1.96,0.022,0.522,63.06,26.3,66,0,0,0,0,0,0,0,0,0,0,0,6.05,2.79,1.26,0.528,3.52,1.85,-3.45,3.91,7.65,13.6
"Clearside BioMedical, Inc. (NasdaqGM:CLSD)",NasdaqGM:CLSD,United States of America (Primary),431.7,NA,40.345794392523366,NA,810.4466019417475,NA,24.821885221528394,0,0,0,#DIV/0!,-2,5.773480662983423,-40.582524271844655,-8.737864077669903,-41.55339805825243,0.3585131894484413,0.013662950100530069,99.181,102.801,7.33777157362279,-12.2325,-0.5998587021150861,431.7,5.98,20.3,-20.8,0.515,-20.9,10.7,,,,Pharmaceuticals,Healthcare,382.3,45.2,,-21.4,,,,,,,,,,,,,2.35,6.17,8.88,16.3,,,20.99,5.65,25.08,,,,,,,,-3.55,0,0,0,,,,,,,-3.93,-9.1,-15,-20.9
"Teligent, Inc. (NasdaqGS:TLGT)",NasdaqGS:TLGT,United States of America (Primary),410.7,NA,6.1482035928143715,2.6846562860438303,6.94516129032258,74.88695652173912,5.499361430395913,0.15,0.528,1.94,1.070350086736158,-0.19311377245508984,0.025374855824682824,0.035483870967741936,0.3556451612903226,-0.20806451612903226,0.6158711903392755,0.20683661645422943,212.85969999999998,126.1597,2.5050422129954,-1.1374,-2.2024285326142077,410.7,107.1,87.2,5.75,62,2.2,66.8,0,0,0.188,Pharmaceuticals,Healthcare,448.6,80.8,,-12.9,15,52.8,,,,1.03,0.611,0.493,0.13,1.03,0.546,2.31,3.22,5.67,11.2,16.3,0.159,1.94,7.73,4.46,9.18,0,0,0,0,0,0,0,0,0,0,0,-1.48,-1.31,-3.44,-4.05,-3.01,-2.55,-1.77,0.346,3.69,2.2
Aurora Cannabis Inc. (TSXV:ACB),TSXV:ACB,Canada (Primary),402.7,NA,87.73420479302833,1.9166199439327198,369.90540540540536,NA,265.757281553398,0,0,0,#DIV/0!,-0.9607843137254902,-0.28354024829795754,-3.189189189189189,-2.3828828828828827,-3.972972972972973,0.6377269139700079,0.019669896294853693,16.034000000000002,3.549,0.028284271247461926,-3.52,-0.00803530433166532,402.7,8.08,0.185,-3.08,1.11,-3.54,4.59,0,0,3.88,Pharmaceuticals,Healthcare,410.3,76.4,,-4.41,,,,,,,,,,,,,,,0.346,0.435,,,1.58,1.15,1.8,,,,,,,,,,0,0,,,,,,,,,-3.5,-3.54
"Aphria, Inc. (TSXV:APH)",TSXV:APH,Canada (Primary),380,281.48148148148147,14.232209737827716,0.20241134751773043,40.68660022148394,322.280701754386,39.41214331688479,0,0,1.07,0.8772840031724175,0.050561797752808994,0.01198581560283688,0.01871539313399779,0.1585825027685493,0.14950166112956811,0,0,15.453999999999999,1.3539999999999999,1.3480208949913695,-1.3703333333333332,-0.9837175103318192,380,0,12.6,1.14,9.03,0.169,26.7,0,0,39.7,Pharmaceuticals,Healthcare,346.4,78,,1.35,,,,,,,,,,,,,,0,0.118,0.292,0.072,1.07,3.84,0.766,3.9,,,,,,,,,0,0,0,,,,,,,,-2.34,-1.94,0.169
Acucela Inc. (TSE:4589),TSE:4589,United States of America (Primary),354.8,NA,2.1322115384615383,4.116360294117646,24.574898785425102,NA,7.568578553615961,0,0,-0.017,#DIV/0!,-0.21394230769230768,-0.39705882352941174,-2.186234817813765,0.09109311740890673,-3.603238866396761,0,0,335.92999999999995,281.53,14.106259494163103,-7.26525,-1.9416068950363858,354.8,0,112,-21.3,9.88,-21.6,166.4,0,-1.17,11.4,Pharmaceuticals,Healthcare,243.8,31,,-35.6,,,,,,,,,,,,,35.1,30.2,23.4,22.2,0,-0.017,9.38,6.29,71.08,,,,,,,,0,0,0,0,,,,,,,8.29,0.749,-16.5,-21.6
"Intersect ENT, Inc. (NasdaqGM:XENT)",NasdaqGM:XENT,United States of America (Primary),354.2,NA,2.720430107526882,8.0477966101695,3.184210526315789,NA,2.554444444444444,0.2,0,1.08,0.9542245627361686,-0.2012288786482335,-4.559322033898312,-0.3725761772853185,-0.11080332409972299,-0.3628808864265928,0,0,171.78199999999998,165.88200000000003,4.861755512843745,-21.75,-0.22352898909626412,354.2,0,124.3,-25.8,72.2,-26.9,130.2,0,0,2.11,Pharmaceuticals,Healthcare,245.5,75.6,,-26.2,20,,,,,,,,,,,,9.26,10.5,14.8,17.8,0.062,1.08,12.4,7.65,23,,,,,,,,-15.4,0,0,0,,,,,,,-16.5,-18.9,-24.7,-26.9
"Novan, Inc. (NasdaqGM:NOVN)",NasdaqGM:NOVN,United States of America (Primary),347.9,NA,7.782997762863534,NA,NA,NA,6.85283446712018,0,0,0,#DIV/0!,-1.2930648769574942,57.37373737373726,#DIV/0!,#DIV/0!,#DIV/0!,0.00022366360993066427,2.874306573539134e-05,169.11,170.1,25.526554800834358,-38.75,-0.6587498013118543,347.9,0.01,45.7,-56,,-56.8,44.7,0,-0.155,48.3,Pharmaceuticals,Healthcare,438.2,57.7,,-57.8,,,,,,,,,,,,,,,14,44.1,,,21.83,13.8,23.79,,,,,,,,,,0,0,,,,,,,,,-20.7,-56.8
"Cempra, Inc. (NasdaqGS:CEMP)",NasdaqGS:CEMP,United States of America (Primary),340.5,NA,2.892948173322005,NA,12.981132075471697,NA,2.136645962732919,0,0,1.2,1.4317410216031308,-0.9150382327952421,6.512195121951217,-6.716981132075471,-1.6352201257861634,-6.773584905660377,0.14337700145560406,0.054691837867851194,956.4900000000002,972.8900000000001,35.57855159127945,-48.800000000000004,-0.729068680149169,340.5,19.7,153.8,-106.7,15.9,-106.8,117.7,0,0,169.6,Pharmaceuticals,Healthcare,108.5,94.1,,-107.7,,,,,,,,,,13.7,19.3,13.9,30,62.9,88.6,80.7,0.034,1.2,6.5,5.7,34.24,,,,,-16.4,0,0,0,0,0,0,,,,-16.7,-22.6,-18.9,-33,-59.3,-84.3,-106.8
Aralez Pharmaceuticals Inc. (TSX:ARZ),TSX:ARZ,Canada (Primary),328,NA,22.16216216216216,NA,7.542288557213929,NA,5.887378640776698,0,-0.0132,0,#DIV/0!,-5.756756756756757,7.51,-1.8681592039800992,-1.425373134328358,-2.1194029850746268,0,0,122.2,132.2,24.277040273568037,-14.427999999999997,-1.6826337866348795,328,0,24.8,-68.6,40.2,-75.1,14.8,,,,Pharmaceuticals,Healthcare,345.4,61.5,,-85.2,,-1.32,,,,21,36.5,56,32.2,22.7,24,13.8,10.3,7.05,6.02,11.3,,,5.01,3,6.44,0,0,0,0,0,0,0,0,0,0,0,6.83,-9.83,-6.06,-1.96,-1.67,-29.8,-20.7,7.61,-13.6,-75.1
"Cocrystal Pharma, Inc. (OTCBB:COCP)",OTCBB:COCP,United States of America (Primary),321.3,NA,1.9170644391408116,1.438100050530571,NA,NA,36.281395348837215,0,0,0.549,1.3503614516121232,-0.2362768496420048,-0.3524507326932794,#DIV/0!,#DIV/0!,#DIV/0!,0,0,236.96,78.64,24.549374737455125,-19.24,-1.2759550279342582,321.3,0,9.28,-55.6,0,-55.8,167.6,0,0,9.02,Pharmaceuticals,Healthcare,315.4,48,,-39.6,,,,,,,,,,,,,4.6,3.65,7.1,8.6,0.008,0.549,0.45,0.321,0.92,,,,,,,,-4.26,0,0,0,,,,,,,-4.83,-5.13,-11.2,-55.8
"Zogenix, Inc. (NasdaqGM:ZGNX)",NasdaqGM:ZGNX,United States of America (Primary),296.3,NA,1.6208971553610503,4.5775551102204375,6.836820083682007,NA,2.6830870279146137,0,-0.09050000000000001,1.57,1.287229799047379,-0.3014223194748359,-1.2184368737474949,-2.5439330543933054,-0.9372384937238494,-2.3054393305439334,0.10916179337231967,0.07028553498588014,361.3199999999999,311.4199999999999,16.136217028783406,-49.6,-0.32532695622547186,296.3,22.4,155.3,-59.4,23.9,-60.8,182.8,0,0,0.25,Pharmaceuticals,Healthcare,208.2,79.2,,-55.1,,-9.05,,,,,,10.7,33.8,18.5,36.8,21.5,14.8,12.1,22.6,37,0.072,1.57,11.95,7.33,16.56,,,0,0,0,0,0,0,0,0,0,,-15.2,-45.9,-56.8,-74.4,-53.8,-52,-44.7,-42.8,-60.8
"Aratana Therapeutics, Inc. (NasdaqGM:PETX)",NasdaqGM:PETX,United States of America (Primary),294.1,NA,2.894685039370079,5.060598911070779,6.464751958224544,NA,3.7401812688821763,0,0,2.29,1.2595,-0.2273622047244095,-0.31578947368421045,-0.45430809399477806,0.3002610966057441,-0.6031331592689296,0.28096249115357397,0.1189334931096465,325.339,270.239,16.96100468722298,-23.194,-0.7312669089946962,294.1,39.7,86.2,-16.4,38.3,-17.4,101.6,0,-0.007,12.1,Pharmaceuticals,Healthcare,231.9,87,,-23.1,,,,,,,,,,,,2.2,9.77,17.1,24.5,27.9,0.16,2.29,7.94,2.56,10.73,,,,,,,-3.36,0,0,0,0,,,,,,-3.47,-14.5,-34.5,-46.1,-17.4
"Paratek Pharmaceuticals, Inc. (NasdaqGM:PRTK)",NasdaqGM:PRTK,United States of America (Primary),289.6,NA,2.8616600790513838,NA,NA,NA,2.2518987341772156,0,0,1.34,1.318385679533876,-1.050395256916996,9.952380952380953,#DIV/0!,#DIV/0!,#DIV/0!,0.16225165562913907,0.06338939197930142,436.37899999999996,446.87899999999996,39.824145692866615,-31.603166666666667,-1.26013149609058,289.6,19.6,131.3,-103.4,0,-104.5,101.2,0,0,62.1,Pharmaceuticals,Healthcare,188.5,65.2,,-106.3,,,,,,,,,,,20.8,14.5,3.65,3.03,38.2,79,0.05,1.34,12.8,9.8,22,,,,,,5.03,0,0,0,0,0,,,,,0.681,-15.4,-12.8,-7.1,-50.5,-104.5
"Tyme Technologies, Inc. (OTCPK:TYMI)",OTCPK:TYMI,United States of America (Primary),271.8,NA,90,NA,NA,NA,57.004264392324096,0,0,-0.006,#DIV/0!,-4.602649006622516,10,#DIV/0!,#DIV/0!,#DIV/0!,0,0,30.746000000000006,32.176,6.420734641248876,-7.483333333333334,-0.8580046291201169,271.8,0,4.45,-14.3,,-14.3,3.02,0,0,7.25,Pharmaceuticals,Healthcare,268.8,27.4,,-13.9,,,,,,,,,,,,,,0.72,2.99,4.69,0,-0.006,3.1,2.99,11.25,,,,,,,,,0,0,0,,,,,,,,-1.55,-6.6,-14.3
Pineapple Express Inc. (OTCPK:PNPL),OTCPK:PNPL,United States of America (Primary),268.8,NA,NA,2.08410290237467,NA,NA,NA,0,0,-1.39,-3.418947937597178,9.490196078431373,-0.7915567282321899,#DIV/0!,#DIV/0!,#DIV/0!,1.083743842364532,0.012127894156560086,3.032,0,#DIV/0!,-2.4,#DIV/0!,268.8,3.3,0.013,0,0,-2.4,-0.255,0,0,2.03,Pharmaceuticals,Healthcare,273.6,,,-2.42,,,,,,,,,,,,,,,,0,0.008,-1.39,5,1,42.38,,,,,,,,,,,0,,,,,,,,,,-2.4
OrganiGram Holdings Inc. (TSXV:OGI),TSXV:OGI,Canada (Primary),259.7,1219.2488262910797,43.86824324324324,1.334474616292798,69.56233421750663,263.5678391959799,64.70515667406859,0,0,0.982,1.4908176344032222,0.03597972972972973,0.05855962219598583,0.13156498673740052,0.33899204244031833,0.056498673740053046,0.38204592901878914,0.013897326852976913,8.753,0.283,1.261976756257156,-0.5313333333333333,-2.375113092077458,259.7,3.66,1.11,0.995,3.77,0.496,5.92,0,0,2.65,Pharmaceuticals,Healthcare,262.6,88.5,,0.213,,,,,,,,,,,,,,0,0,0.283,0.021,0.982,2.94,0.456,2.94,,,,,,,,,0,0,0,,,,,,,,-0.15,-1.94,0.496
"Assembly Biosciences, Inc. (NasdaqCM:ASMB)",NasdaqCM:ASMB,United States of America (Primary),223.9,NA,1.886267902274642,4.008705882352942,NA,NA,5.259259259259259,0,0,0.976,1.3580085183827086,-0.34119629317607414,-0.8137254901960784,#DIV/0!,#DIV/0!,#DIV/0!,0,0,272.144,221.144,13.969680434017501,-22.305,-0.6263026421886349,223.9,0,67.7,-41.4,,-41.5,118.7,0,0,0,Pharmaceuticals,Healthcare,165.3,56.3,,-40.5,,,,,,,,,5.98,2,8.46,34.3,12.6,12.9,16.1,29.7,0.025,0.976,13,4.33,14.5,,,,0,0,0,0,0,0,0,0,,,-7.16,-2.68,-18.3,-39.9,-17.3,-23.8,-27.8,-41.5
Mettrum Health Corp. (TSXV:MT),TSXV:MT,Canada (Primary),205.6,NA,9.562790697674417,0.870798319327731,24.83374083129584,NA,24.83374083129584,0,0,1.26,0.956430865248503,-0.22930232558139532,-0.2620798319327731,-0.6100244498777506,-0.46943765281173594,-0.6026894865525673,0.12173202614379085,0.014287084092434559,19.04,0,2.055780468175854,-4.126666666666667,-0.49816974188429414,205.6,2.98,5.44,-3.84,8.18,-4.99,21.5,0,0,5.95,Pharmaceuticals,Healthcare,199.5,85.3,,-4.93,,,,,,,,,,,,,,0,0,0,0.084,1.26,4.38,1.03,4.55,,,,,,,,,0,0,0,,,,,,,,-1.78,-5.61,-4.99
"Agile Therapeutics, Inc. (NasdaqGM:AGRX)",NasdaqGM:AGRX,United States of America (Primary),201.3,NA,6.777777777777779,22.907407407407398,NA,NA,8.179372197309418,0,0,1.64,1.0415398856180846,-0.9225589225589226,-2.8796296296296284,#DIV/0!,#DIV/0!,#DIV/0!,0.34292035398230086,0.07149446494464945,266.3,255.5,8.000989522136226,-24.674999999999997,-0.3242548945141328,201.3,15.5,34.4,-31.1,0,-31.1,29.7,0,0,37.9,Pharmaceuticals,Healthcare,165.2,34.8,,-27.4,,,,,,,,,,,,,17.4,9.65,23.7,22.3,0.12,1.64,7,5.05,13.19,,,,,,,,-22.5,0,0,0,,,,,,,-23.3,-13.9,-30.4,-31.1
Egalet Corporation (NasdaqGM:EGLT),NasdaqGM:EGLT,United States of America (Primary),191.3,NA,2.1446188340807177,NA,3.37748344370861,NA,1.5887850467289724,0,0,1.37,1.6345709996635742,-0.852017937219731,678.0000000000385,-2.2450331125827816,-1.0033112582781456,-2.5165562913907285,0.3873626373626374,0.22769479208720225,287.77000000000004,287.87000000000006,27.587688014764847,-33.976,-0.8119757480210986,191.3,56.4,145.7,-64.3,30.2,-67.8,89.2,0,0,0.305,Pharmaceuticals,Healthcare,172.3,49.7,,-76,,,,,,,,,,,,4.47,4.84,19.5,25.8,34,0.034,1.37,7.77,4.34,11.81,,,,,,,-5.15,0,0,0,0,,,,,,-5.91,-8.37,-32.5,-55.3,-67.8
DURECT Corporation (NasdaqGM:DRRX),NasdaqGM:DRRX,United States of America (Primary),188.5,NA,12.651006711409396,59.58392857142855,11.414012738853502,NA,4.110091743119266,0,-0.139,1.94,1.2987110419066938,-2.1140939597315436,-5.249999999999998,-1.872611464968153,-0.07006369426751602,-2.0063694267515926,0.569364161849711,0.09462055715658022,342.96999999999997,337.36999999999995,15.707057861568686,-22.05,-0.7123382250144529,188.5,19.7,29,-29,15.7,-29.4,14.9,0,0,23.4,Pharmaceuticals,Healthcare,180.5,90.6,,-31.5,,-13.9,,,,33.5,40.4,46.7,37.6,36,36.5,22.4,19,21.9,23.1,27.9,0.108,1.94,1.36,0.99,2.7,0,0,0,0,0,0,0,0,0,0,0,-27.6,-33.1,-38.4,-25.9,-22.9,19.5,-21.3,-20.7,-20.7,-29.4
"Ocular Therapeutix, Inc. (NasdaqGM:OCUL)",NasdaqGM:OCUL,United States of America (Primary),186.4,NA,2.0803571428571432,NA,53.37016574585636,NA,3.400211193241817,0,0,2.01,1.9391752806878417,-0.47433035714285715,205.4999999999971,-22.70718232044199,-7.56906077348066,-23.480662983425415,0.14585319351763587,0.07585523054040653,271.83000000000004,272.03000000000003,12.612163441165308,-27.9,-0.4520488688589716,186.4,15.3,105.1,-40.3,1.81,-41.1,89.6,0,0,0.978,Pharmaceuticals,Healthcare,126.2,74.6,,-42.5,,,,,,,,,,,,,11.5,16.6,24.9,26.6,0.052,2.01,7.49,4.04,14.5,,,,,,,,-12.6,0,0,0,,,,,,,-13.7,-21.3,-35.5,-41.1
Concordia International Corp. (TSX:CXR),TSX:CXR,Canada (Primary),178,NA,0.15395260335582078,1.7651178825108165,3.9917631610361703,7.048693086003373,3.836067454399449,0,0,1.16,1.260342965324876,-0.5905552672548001,0.06695819161981444,0.3454697385698937,0.6068998448131789,-0.8150889339859138,0.7417755443886097,0.949132683679593,4463.116,141.01600000000002,128.48459051575017,147.1,0.8734506493252902,178,3321.3,155.4,474.4,837.7,289.4,1156.2,-14.7,0,21.9,Pharmaceuticals,Healthcare,3154.7,80.5,,-682.8,,,,,,,,,,,,,,7.77,11.2,34,0.041,1.16,3.49,1.67,43.26,,,,,,,,,0,0,0,,,,,,,,39.6,112.3,289.4
Supreme Pharmaceuticals Inc. (CNSX:SL),CNSX:SL,Canada (Primary),161,NA,10.805369127516778,0.9514426460239267,NA,NA,NA,0,0,-0.549,-1.5592630951831061,-0.22684563758389262,-0.23293455313159744,#DIV/0!,#DIV/0!,#DIV/0!,0.17268184342032203,0.01895070379623423,14.21,0,1.4971837302823665,-1.2333,-1.2139655641631124,161,3.11,3.8,-3.15,0,-3.31,14.9,0,0,6.26,Pharmaceuticals,Healthcare,160.4,86,,-3.38,,,,,,0,0,0,0,0,0,0,0,0,0,0,0.006,-0.549,0.965,0.136,1.18,-0.215,-0.142,0.362,0,0,-0.228,0,0,-1.22,-2.41,-1.58,-0.613,-0.357,-0.065,-0.123,-0.333,-0.844,-0.418,-1.86,-4.41,-3.31
"Tetraphase Pharmaceuticals, Inc. (NasdaqGS:TTPH)",NasdaqGS:TTPH,United States of America (Primary),150.2,NA,0.7359137677609014,NA,-8.529862174578868,NA,-0.8435559594123886,0,0,1.63,1.5725650286175035,-0.3581577658010779,40.77777777777752,-11.240428790199081,-2.0826952526799376,-11.19448698315467,0,0,834.18,835.9799999999999,31.180811407017632,-50.16,-0.6216270216710055,150.2,0,205.9,-73.1,6.53,-73.4,204.1,0,0,0.378,Pharmaceuticals,Healthcare,-11.9,87,,-73.1,,,,,,,,,,,,16.5,25.6,52.7,78.5,59.5,0.052,1.63,4.07,3.11,12.45,,,,,,,0,0,0,0,0,,,,,,-15.9,-20,-56.3,-85.2,-73.4
"Axsome Therapeutics, Inc. (NasdaqCM:AXSM)",NasdaqCM:AXSM,United States of America (Primary),143.7,NA,3.0969827586206895,NA,NA,NA,5.437499999999999,0,0,0,#DIV/0!,-0.5,14.437499999999988,#DIV/0!,#DIV/0!,#DIV/0!,0,0,70.512,72.112,10.94015691538898,-10.976666666666667,-0.9966738762880942,143.7,0,48,-23.1,,-23.1,46.4,0,0,45.6,Pharmaceuticals,Healthcare,109.8,58.1,,-23.2,,,,,,,,,,,,,,1.54,5.92,17.6,,,7.5,5.37,15.74,,,,,,,,,0,0,0,,,,,,,,-1.84,-7.99,-23.1
"AcelRx Pharmaceuticals, Inc. (NasdaqGM:ACRX)",NasdaqGM:ACRX,United States of America (Primary),142.8,NA,4.314199395770393,NA,3.9527559055118124,NA,1.6089743589743595,0,0.951,1.28,1.2118134558800098,-1.3293051359516617,0.5445378151260504,-2.5511811023622046,-0.9291338582677167,-3.4645669291338583,0.387037037037037,0.12767257177764202,255.772,315.272,10.63717045262015,-21.85571428571429,-0.48669973964534313,142.8,20.9,113.5,-30.3,12.7,-32.4,33.1,0,0,2.69,Pharmaceuticals,Healthcare,71.7,58.9,,-44,,95.1,,,,,,,,8.63,10.8,21.8,29.8,21.6,26.3,18.5,0.054,1.28,3.15,2.4,5.88,,,,,0,0,0,0,0,0,0,,,,-12.7,-16.4,-27.5,-34.7,-5.89,-23.4,-32.4
"Zynerba Pharmaceuticals, Inc. (NasdaqGM:ZYNE)",NasdaqGM:ZYNE,United States of America (Primary),141.6,NA,3.5667506297229217,NA,1756.1403508771928,NA,6.560922855082913,0,0,1.35,1.565327441783348,-0.5516372795969773,12.166666666666686,-384.2105263157894,-117.5438596491228,-384.2105263157894,0,0,59.39,61.19,9.10992864955593,-11.64,-0.7826399183467294,141.6,0,41.5,-21.9,0.057,-21.9,39.7,0,0,5.23,Pharmaceuticals,Healthcare,109.9,58,,-21.9,,,,,,,,,,,,,,1.8,4.95,15.2,0.036,1.35,14.23,4.64,43,,,,,,,,,0,0,0,,,,,,,,-4.5,-8.52,-21.9
"Achaogen, Inc. (NasdaqGM:AKAO)",NasdaqGM:AKAO,United States of America (Primary),139.5,NA,3.2291666666666665,NA,2.669467787114846,NA,0.9154658981748318,0,0,0.913,1.1056979093164039,-1.222222222222222,48.2,-1.3501400560224088,0.5798319327731093,-1.4789915966386553,0.2512998266897747,0.09415584415584416,417.18000000000006,418.18000000000006,16.673332000533073,-24,-0.694722166688878,139.5,14.5,58.7,-47.7,35.7,-48.2,43.2,0,0,28.4,Pharmaceuticals,Healthcare,103.4,57.6,,-52.8,,,,,,,,,,,,,20.2,30.3,34.6,68.4,0.033,0.913,5.08,2.59,6.18,,,,,,,,0,0,0,0,,,,,,,-10.4,-16.8,-20.6,-48.2
"Bio-Path Holdings, Inc. (NasdaqCM:BPTH)",NasdaqCM:BPTH,United States of America (Primary),137.7,NA,14.022403258655803,29.18999999999998,NA,NA,23.903525046382185,0,0,1.02,1.0578317446550751,-0.6965376782077393,-8.614583333333325,#DIV/0!,#DIV/0!,#DIV/0!,0,0,36.882400000000004,35.9224,2.1728654915674013,-3.542222222222222,-0.6134187397774973,137.7,0,8.86,-8.07,0,-8.27,9.82,0,0,9.01,Pharmaceuticals,Healthcare,126.4,90.2,,-6.84,,,,,,,,0.095,0.66,0.841,1.17,2,1.36,1.54,2.89,5.39,0.045,1.02,1.44,0.95,3.19,,,0,0,0,0,0,0,0,0,0,,-1.31,-3.44,-1.85,-2.47,-2.27,-2.91,-3.73,-5.63,-8.27
"Corium International, Inc. (NasdaqGM:CORI)",NasdaqGM:CORI,United States of America (Primary),134.2,NA,3.801699716713881,24.187050359712245,3.2790697674418605,NA,1.6810730253353205,0,0,1.58,1.2608777226912002,-1.019830028328612,-2.035971223021584,-0.8226744186046512,0.2005813953488373,-1.0465116279069768,0.5900116144018583,0.27459459459459457,357.59999999999997,343.7,12.62913690307721,-13.37175,-0.9444640307422147,134.2,50.8,72.2,-25.8,34.4,-28.3,35.3,0,0,49.3,Pharmaceuticals,Healthcare,138.2,41.3,,-36,,,,,,,,,,,,,14.2,19.7,31.7,32.7,0.076,1.58,6,3.14,9.93,,,,,,,,3.02,0,0,0,,,,,,,-0.867,-5.22,-19.1,-28.3
"Neos Therapeutics, Inc. (NasdaqGM:NEOS)",NasdaqGM:NEOS,United States of America (Primary),134.1,NA,1.7104591836734693,4.049357798165134,10.601915184678525,NA,4.0983606557377055,0.9,0,2.27,1.5792414634880887,-0.9451530612244896,-3.1192660550458697,-9.30232558139535,-7.414500683994528,-10.136798905608755,0.3037300177619893,0.20320855614973263,144.87599999999998,123.076,28.03111366559191,-35.766666666666666,-0.783721724107882,134.1,34.2,90.8,-65.8,7.31,-68,78.4,,,,Pharmaceuticals,Healthcare,135.8,44.2,,-74.1,90,,,,,,,,,,,,,9.97,11.5,11.6,0.1,2.27,8.35,5.3,28.99,,,,,,,,,-14.7,0,0,,,,,,,,-17.1,-22.2,-68
"Elite Pharmaceuticals, Inc. (OTCPK:ELTP)",OTCPK:ELTP,United States of America (Primary),133.3,11.393162393162395,11.901785714285715,41.852716417910436,9.43233082706767,NA,5.707461328480438,0,0.292,0.516,1.1966058666077148,1.0446428571428572,-1.3701492537313433,-0.3451127819548872,0.3586466165413533,0.8796992481203006,0.24579124579124578,0.026652062796641104,148.05659999999995,144.70659999999995,5.371739283819843,-6.356400000000001,-0.8450914485903723,133.3,3.65,11.5,-3.91,13.3,-4.59,11.2,0,0,9.94,Pharmaceuticals,Healthcare,123.1,74.2,,11.7,,29.2,,,,5.23,6.99,4.51,1.6,0.599,1.71,1.52,1.97,10.2,13.6,8.68,0.009,0.516,0.147,0.11,0.42,0,0,0,0,0,0,0,0,0,0,0,-14,-8.7,-3.25,-0.884,-1.58,-2.04,-2.22,-12.1,-14.2,-4.59
"Flex Pharma, Inc. (NasdaqGM:FLKS)",NasdaqGM:FLKS,United States of America (Primary),125.4,NA,1.3600867678958786,43.22222222222194,47.893258426966305,NA,1.6871165644171784,0,0,1.8,1.3127272173809559,-0.4284164859002169,-44.22222222222194,-55.89887640449438,-28.370786516853936,-55.47752808988764,0,0,130.2,129.3,9.333809511662396,-33.2,-0.28113884071272277,125.4,0,91.3,-39.7,0.712,-39.8,92.2,0,0,0.024,Pharmaceuticals,Healthcare,58.1,54.6,,-39.5,,,,,,,,,,,,,,,12.2,19.5,0.091,1.8,6.98,4.55,13.97,,,,,,,,,,0,0,,,,,,,,,-26.6,-39.8
"Endocyte, Inc. (NasdaqGS:ECYT)",NasdaqGS:ECYT,United States of America (Primary),124.7,NA,0.7279626386456509,NA,-698.5714285714283,NA,-1.89755529685681,0,0,1.48,0.7674465598477996,-0.2486865148861646,17.260869565217522,-567.1428571428571,-187.14285714285708,-608.5714285714286,0,0,359.98,362.28000000000003,15.576905982896601,-22.200000000000003,-0.701662431662009,124.7,0,173.6,-38.8,0.07,-39.7,171.3,0,-0.158,0.442,Pharmaceuticals,Healthcare,-22,89.1,,-42.6,,,,,,,,,13.3,15.4,24.4,32.9,54.9,51.2,23.9,25.7,0.18,1.48,2.95,2.62,4.89,,,,-16.7,0,0,0,0,0,0,0,,,-17.6,-21.4,-32.7,-25.2,-16.4,10.3,-34.9,-39.7
"ContraVir Pharmaceuticals, Inc. (NasdaqCM:CTRV)",NasdaqCM:CTRV,United States of America (Primary),121.5,NA,92.04545454545455,NA,NA,NA,7.924305555555556,0,0,2.47,2.0112136321068936,-12.878787878787879,3.3937397034596377,#DIV/0!,#DIV/0!,#DIV/0!,0.007518796992481203,8.229775327133569e-05,115.078,121.14800000000001,9.681664801744235,-13.623333333333335,-0.7106678347255371,121.5,0.01,7.4,-20.6,,-20.6,1.32,0,0,19.9,Pharmaceuticals,Healthcare,127.8,91.1,,-17,,,,,,,,,,,,,,0.685,11.8,14.4,0.073,2.47,2.05,0.76,2.65,,,,,,,,,0,0,0,,,,,,,,-2.57,-17.7,-20.6
"HedgePath Pharmaceuticals, Inc. (OTCPK:HPPI)",OTCPK:HPPI,United States of America (Primary),114.2,NA,269.33962264150944,NA,NA,NA,47.93206751054852,0,0,-0.609,-2.995883876254218,-12.452830188679247,29.887005649717516,#DIV/0!,#DIV/0!,#DIV/0!,0,0,15.892400000000002,16.0694,1.5375763070495079,-2.4646999999999997,-0.6238391313545292,114.2,0,0.601,0,0,-5.29,0.424,0,0,5.5,Pharmaceuticals,Healthcare,110.6,0.975,,-5.28,,,,,,0,0,0,0,0,0,0,1.05,-0.782,1.51,2.37,0.002,-0.609,0.38,0.08,0.655,0,0,0,0,0,0,0,0,0,0,0,-2.08,-2.8,-3.34,-0.327,-1.23,-0.61,-1.91,-3.25,-3.81,-5.29
VIVUS Inc. (NasdaqGS:VVUS),NasdaqGS:VVUS,United States of America (Primary),111.1,NA,NA,NA,1.8044982698961936,5.241206030150753,1.6070878274268103,0,0,1.63,1.208840353396593,6.403385049365303,-1.3534917206623485,0.3252595155709343,0.4671280276816609,-0.7854671280276817,1.0311360941548462,0.6788089043076034,202.95000000000002,216.84,64.33420870734324,-48.809,-1.3180808602377274,111.1,234.8,241.6,19.9,57.8,18.8,-7.09,0,0,0.047,Pharmaceuticals,Healthcare,66.4,81.4,,-45.4,,,,,,14.1,17.8,65.4,80.1,47.4,25.3,29.7,32.4,16.1,9.54,7.1,0.088,1.63,1.06,0.915,1.85,0,0,0,0,0,0,0,0,0,0,0,-12.4,7.54,-39.8,-69.5,-48.3,-95.5,-202.2,-5.13,-41.6,18.8
Merus Labs International Inc. (TSX:MSL),TSX:MSL,Canada (Primary),104.2,NA,0.7718518518518519,1.149904282115869,2.1440536013400333,4.324324324324324,2.1440536013400333,0,0,1.96,0.8344938136940457,-0.05348148148148148,0.02052896725440806,0.05460636515912897,0.49581239530988275,-0.12093802345058625,0.28722280887011614,0.34300126103404793,158.8048,0.0048000000000000004,2.3795205899708534,1.0472857142857142,2.2720834988127097,104.2,54.4,30.6,29.6,59.7,3.26,135,0,0,19.7,Pharmaceuticals,Healthcare,222.6,94.5,,-7.22,,,,,,,,,,0.012,0,0,0,0,0,0,0.267,1.96,0.891,0.839,1.77,,,,,0,-1.52,0,0,0,0,0,,,,-0.369,-2.51,-1.06,3.82,1.88,2.31,3.26
"BioDelivery Sciences International, Inc. (NasdaqCM:BDSI)",NasdaqCM:BDSI,United States of America (Primary),102.8,NA,3.2429022082018926,NA,1.121212121212121,NA,0.7783171521035598,0.25,0.635,1.7,1.1541890577164475,-1.2933753943217665,1.643478260869565,-0.881118881118881,-0.40792540792540793,-0.9557109557109558,0.4768976897689769,0.21943811693242218,287.0899999999999,310.09,28.432780162653422,-21.761000000000003,-1.3065934544668636,102.8,28.9,83.6,-36.4,42.9,-37.8,31.7,0,0,3.03,Pharmaceuticals,Healthcare,87.3,84.7,,-41,25,63.5,,,,10.7,10.9,13.3,10.6,8.3,22.1,27,52.7,41.5,20.4,18.9,0.105,1.7,1.9,1.7,6.4,0,0,0,0,0,0,0,0,0,0,0,-17.1,-21.8,-18.3,44.2,-28,-2.91,-39.2,-32.2,-64.5,-37.8
"Cannabis Science, Inc. (OTCPK:CBIS)",OTCPK:CBIS,United States of America (Primary),100.3,NA,NA,NA,2037.9599999999998,NA,127.85194479297364,0,-0.0839,-1.87,-2.3752190074461206,5.057471264367816,10.770750988142293,-218,-201.06,-263.99999999999994,-1.7473684210526317,0.016280894468418988,3.7760000000000002,4.788,4.193297847671414,-5.680375,-0.7382079260033738,100.3,1.66,0.062,-10.8,0.05,-10.9,-2.61,0,0,0.75,Pharmaceuticals,Healthcare,101.4,92.6,,-13.2,,-8.39,,,,,,,0,0,0,0,0,0,0.449,0.747,0.03,-1.87,0.051,0.01,0.077,,,,0,0,0,0,0,0,0,0,,,-1.89,-0.853,-4.94,-3.57,-4.22,-6.27,-12.8,-10.9
"Akari Therapeutics, Plc (NasdaqCM:AKTX)",NasdaqCM:AKTX,United States of America (Primary),100.2,NA,2.057494866529774,NA,NA,NA,2.371212121212121,0,0,-0.122,-0.8487553239891931,-0.06940451745379876,1.0643564356435642,#DIV/0!,#DIV/0!,#DIV/0!,0,0,38.319599999999994,58.5196,10.444330200320811,-10.003333333333332,-1.044084991701514,100.2,0,68.9,-21.5,,-21.5,48.7,0,0,0,Pharmaceuticals,Healthcare,44.4,28.7,,-3.38,,,,,,,,,,,,,,0.962,4.95,13.2,0.001,-0.122,8.51,7.63,19.75,,,,,,,,,0,0,0,,,,,,,,-1.1,-7.41,-21.5
Cardiome Pharma Corp. (TSX:COM),TSX:COM,Canada (Primary),93.9,NA,4.718592964824121,6.580418032786886,3.747826086956522,NA,3.73775041193305,0,0.731,0.185,0.9100796668424144,-1.0753768844221105,-1.3442622950819672,-0.7130434782608696,-0.5929565217391304,-0.9304347826086956,0.33444816053511706,0.09624639076034648,87.98110000000001,75.78110000000001,33.84868453048721,-20.03,-1.6898993774581732,93.9,10,17.7,-13.7,23,-16.4,19.9,0,0,35.6,Pharmaceuticals,Healthcare,82.1,75.3,,-21.4,,73.1,,,,35.9,49.3,56.4,29.7,16.7,16.2,9.07,0.821,0.578,3.26,0.062,0.002,0.185,2.95,2.44,9.02,0,0,0,0,0,0,0,0,0,0,0,-52.7,-75.1,-19.6,57.7,-28,-18.6,-12.1,-14.8,-20.7,-16.4
Titan Pharmaceuticals Inc. (NasdaqCM:TTNP),NasdaqCM:TTNP,United States of America (Primary),93.3,18.04642166344294,13.34763948497854,NA,5.696,14.937062937062937,4.235994050570153,0,0.228,1.21,0.8776354100897924,0.7396280400572246,-6.149425287356321,0.35666666666666663,0.7260000000000001,0.3446666666666667,0,0,82.868,83.738,8.88325140675167,-8.200000000000001,-1.083323342286789,93.3,0,7.86,5.72,15,5.35,6.99,0,0,0.027,Pharmaceuticals,Healthcare,76.8,85.5,,5.17,,22.8,,,,12.4,10.1,17.3,5.17,7.49,16,9.33,9.95,3.41,5.14,5.17,0.092,1.21,4.4,2.57,8.74,0,0,0,0,0,0,0,0,0,0,0,-15.5,-26.2,-10.5,-3.44,-13.7,-8.7,-0.69,-2.86,-5.76,5.35
IntelliPharmaCeutics International Inc. (TSX:I),TSX:I,Canada (Primary),85.8,NA,NA,NA,33.96825396825397,NA,8.246628131021193,0,0.377,-0.122,-0.8487553239891931,67.82608695652173,27.130177514792912,-3.638888888888889,-0.36507936507936467,-3.714285714285714,1.0970464135021096,0.017857142857142856,77.84669999999998,78.18469999999999,3.2415940934464116,-5.1784,-0.6259837195748517,85.8,1.56,1.76,-8.78,2.52,-9.17,-0.138,0,0,8.34,Pharmaceuticals,Healthcare,85.4,78.9,,-9.36,,37.7,,,,0.658,1.02,1.26,0.419,2.11,5.04,5.65,4.89,8.21,5.9,7.86,0.001,-0.122,2.92,1.31,3.24,0,0,0,-1.89,0,0,0,0,0,0,0,-1.76,-0.884,-2.97,-2.87,-7.55,-9.49,-8.52,-3.47,-5.1,-9.17
"SCYNEXIS, Inc. (NasdaqGM:SCYX)",NasdaqGM:SCYX,United States of America (Primary),85.2,NA,2.0334128878281623,NA,148.63813229571986,NA,1.649609189445956,0,0,0.884,1.1420258829121954,-0.8329355608591885,5.999999999999998,-119.06614785992218,-31.517509727626464,-135.7976653696498,0,0,157.275,162.375,9.031565017574012,-19.725,-0.4578740186349309,85.2,0,47,-31,0.257,-30.6,41.9,0,0,23.1,Pharmaceuticals,Healthcare,47,84.7,,-34.9,,,,,,,,,,,,,8.93,6.78,14.2,22.9,0.029,0.884,3.55,1.74,7.29,,,,,,,,-8.3,0,0,0,,,,,,,-11.2,-13.5,-23.6,-30.6
BioSyent Inc. (TSXV:RX),TSXV:RX,Canada (Primary),83.2,27.549668874172188,9.49771689497717,-2.702556818181819,5.953125,17.887323943661972,5.930884184308842,0.33,0.498,0.67,0.4833436409727733,0.3447488584474886,1.758636363636364,0.2418125,0.3365625,0.2359375,0,0,2.243499999999999,0.4835,1.7475161070629492,1.3809,1.2654906995893616,83.2,0,7,4.26,12.8,4.24,8.76,0,0,0.017,Pharmaceuticals,Healthcare,75.5,71.5,,3.02,33,49.8,68.7,64.7,27,0,0.003,0.001,0,0,0,0.015,0.02,0.065,0.04,0.048,0.093,0.67,5.9,4.31,6.71,0,0,0,0,0,0,0,0,0,0,0,0.217,-0.116,-0.334,-0.152,0.41,0.884,1.7,3.08,3.88,4.24
United Cannabis Corporation (OTCPK:CNAB),OTCPK:CNAB,United States of America (Primary),81.4,NA,NA,NA,136.2603648424544,NA,136.2603648424544,0,0,-0.982,-3.0552669801508348,0.7651821862348177,0.4897360703812316,-1.384742951907131,0,-3.134328358208955,-0.5563957151858853,0.01073125676020563,-0.6812000000000001,1.0238,0.7637281366210537,-0.5983333333333333,-1.27642585507697,81.4,0.883,0.118,0,0.603,-0.835,-2.47,0,0,0,Pharmaceuticals,Healthcare,82.4,16.6,,-1.89,,,,,,,,,,,0,0,0,0.076,0.107,0,0.005,-0.982,1.81,0.001,3.35,,,,,,-0.074,0,0,0,0,0,,,,,-0.093,-0.036,-0.029,-0.597,-2,-0.835
"Cumberland Pharmaceuticals, Inc. (NasdaqGS:CPIX)",NasdaqGS:CPIX,United States of America (Primary),80.9,NA,1.0533854166666667,1.2412062256809342,0.9312500000000004,14.607843137254907,0.865524252105722,0,-0.0889,0.451,0.4730127905247383,-0.0005729166666666667,-0.012178988326848248,-0.00978125,0.13968750000000002,-0.001375,0.02165605095541401,0.02058111380145278,82.99900000000001,57.299000000000014,3.514596319478084,4.673799999999999,0.7519783301549242,80.9,1.7,52.8,2.04,32,-0.313,76.8,0,-2.55,0,Pharmaceuticals,Healthcare,34.3,61,,-0.044,,-8.89,-29.2,,,1.16,2.83,3.9,5.71,3.9,4.65,6.41,4.72,3.96,4.21,2.43,0.044,0.451,5,4.2,5.95,1.43,0,0,0,0,0,0,0,0,0,0,6.35,7.12,6.58,4.96,10.4,7.28,2.62,0.141,1.6,-0.313
Cannabics Pharmaceuticals Inc. (OTCPK:CNBX),OTCPK:CNBX,United States of America (Primary),80.8,NA,NA,NA,1282.142857142857,NA,335.1659751037344,0,0,-0.445,-3.0958698293048434,1.4322580645161291,1.217910447761194,-6.476190476190475,-3.6349206349206344,-7.0476190476190474,0,0,0.5989999999999999,0.9339999999999999,0.20785636065963117,-0.19166666666666665,-1.0844679686589453,80.8,0,0.025,-0.407,0.063,-0.408,-0.31,0,0,0.124,Pharmaceuticals,Healthcare,80.7,17.5,,-0.444,,,,,,,,,,,0,0,0,0,0.084,0.178,0.001,-0.445,0.755,0.021,1.75,,,,,,0,0,0,0,0,0,,,,,-0.11,-0.023,-0.028,-0.081,-0.5,-0.408
"Alimera Sciences, Inc. (NasdaqGM:ALIM)",NasdaqGM:ALIM,United States of America (Primary),78.5,NA,2.9847908745247147,4.573345323741008,2.711864406779661,NA,2.303484019579614,0,0,1.67,1.4999042191642329,-1.4448669201520912,-1.158273381294964,-1.0915254237288137,-0.8227118644067797,-1.2881355932203389,0.5534804753820034,0.29342934293429346,125.63900000000004,97.83900000000001,9.159457771433134,-24.669999999999998,-0.3712791962477963,78.5,32.6,31.1,-29.5,29.5,-32.2,26.3,0,0,29,Pharmaceuticals,Healthcare,147.5,46.7,,-38,,,,,,,6.74,41.9,16.1,13.6,7.83,7,8.28,5.93,6.07,5.23,0.06,1.67,1.21,1.02,5.15,,-9.81,0,0,0,0,0,0,0,0,0,-10.4,-16.7,-21.3,-20.4,-21.6,-19.2,-33.6,-31.1,-40.2,-32.2
SteadyMed Ltd. (NasdaqGM:STDY),NasdaqGM:STDY,United States of America (Primary),77.5,NA,2.719298245614035,NA,38.83898305084747,NA,2.011852502194908,0,0,0.299,1.4708855155993614,-1.0526315789473684,8.548895899053633,-22.966101694915256,-4.152542372881355,-25.423728813559322,0.008005569091541943,0.00295896050430979,195.075,198.245,10.156823650466057,-16.96,-0.5988693190133288,77.5,0.23,31.9,-26.5,1.18,-27.1,28.5,0,0,19.6,Pharmaceuticals,Healthcare,46,44.6,,-30,,,,,,,,,,,,,2.75,11.4,18.4,21.6,0.002,0.299,3.85,2,5.21,,,,,,,,0,0,0,0,,,,,,,-4.14,-13.9,-22.7,-27.1
Aradigm Corporation (NasdaqCM:ARDM),NasdaqCM:ARDM,United States of America (Primary),74.5,NA,3.225108225108225,NA,409.5238095238095,NA,1.598215944991637,0,-0.325,1.36,0.8266581301373243,-1.489177489177489,3.8452380952380953,-307.6190476190476,-51.42857142857145,-327.6190476190476,0,0,375.4270000000001,383.82700000000006,9.611460751507952,-13.75,-0.6990153273823965,74.5,0,31.5,-32.2,0.105,-32.3,23.1,,,,Pharmaceuticals,Healthcare,58.8,48,,-34.4,,-32.5,,,,27,15.7,18.5,12.7,10.3,6.59,2.96,6.48,27.4,34.7,26.8,0.131,1.36,5.04,2.6,7.19,0,0,0,0,0,0,0,0,0,0,0,-22,-25.3,-13.6,-10.5,-10.4,-5.68,-5.86,-3.25,-8.61,-32.3
Lipocine Inc. (NasdaqCM:LPCN),NasdaqCM:LPCN,United States of America (Primary),70.1,NA,1.669047619047619,NA,NA,NA,2.7024185068349103,0,0,0.367,1.4741039764322368,-0.4904761904761905,7.5833333333333375,#DIV/0!,#DIV/0!,#DIV/0!,0,0,138.535,140.935,7.718677347836219,-12.354,-0.6247917555315056,70.1,0,44.4,-18.2,,-18.2,42,0,0,0.034,Pharmaceuticals,Healthcare,41.3,86.5,,-20.6,,,,,,,,,,,,3.66,4.07,15.1,12.7,9.51,0.003,0.367,3.84,2.51,14.8,,,,,,,-0.609,0,0,0,0,,,,,,-2.33,-6.14,-19.9,-15.2,-18.2
"NovaBay Pharmaceuticals, Inc. (AMEX:NBY)",AMEX:NBY,United States of America (Primary),68.1,NA,NA,NA,7.121564482029597,NA,5.628237259816206,0,-0.0591,-0.469,-1.8838004494461011,3.0784313725490198,2.5728987993138936,-1.5856236786469342,-1.299154334038055,-1.6596194503171244,-0.48255813953488375,0.02379587155963303,96.387,102.217,6.712868322193659,-9.227,-0.727524474064556,68.1,1.66,2.39,-14.8,9.46,-15,-5.1,0,0,22.1,Pharmaceuticals,Healthcare,58.7,32.5,,-15.7,,-5.91,,,,2.63,7.23,8.7,7.54,9.14,9.72,9.36,10.5,11.1,7.18,2.51,0.003,-0.469,4.5,1.63,5.29,0,0,0,0,0,0,0,0,0,0,0,-5.54,-8.47,-2.29,-1.02,-1.91,-7.94,-13.5,-16.8,-19.8,-15
Cipher Pharmaceuticals Inc. (TSX:CPH),TSX:CPH,Canada (Primary),67.9,NA,1.250460405156538,1.6037601296596435,1.891959798994975,20.02659574468085,1.8361375274323335,0,0.6990000000000001,1.1,0.8349793268042487,-0.4751381215469614,-0.3241491085899514,-0.5025125628140704,0.12487437185929648,-0.6482412060301508,0.3892013498312711,0.3375609756097561,91.552,29.851999999999997,11.256962645403066,0.07000000000000028,160.813752077186,67.9,34.6,27.2,3.76,39.8,-20,54.3,0,0,0.721,Pharmaceuticals,Healthcare,73.1,61.1,,-25.8,,69.9,,,,11.1,2.43,2.07,1.51,5.25,13.2,3.64,1.36,1.17,1.64,1.21,0.084,1.1,2.59,2.58,6.02,0,0,0,0,0,0,0,0,0,0,0,-7.7,-4.77,-2.59,-0.614,-1.74,0.474,8.9,23.2,5.54,-20
Adamis Pharmaceuticals Corporation (NasdaqCM:ADMP),NasdaqCM:ADMP,United States of America (Primary),60.6,NA,6.509129967776584,13.26586998087954,14.13,NA,4.230538922155689,0,0,0.869,1.3869654949603203,-2.406015037593985,-4.378585086042064,-5.725,-2.885,-5.6,0,0,73.4605,68.23049999999999,6.713109893666602,-8.047777777777778,-0.8341569659395198,60.6,0,4.08,-20.9,4,-22.9,9.31,0,0,10.4,Pharmaceuticals,Healthcare,60.5,71.9,,-22.4,,,,,,,,0.502,0.503,0.503,4.06,1.49,1.1,2.93,5.82,9.36,0.019,0.869,2.9,2.4,10.98,,,0,0,0,0,0,0,0,0,0,,-4.13,-3.87,-4.87,-6.83,-3.7,-3.34,-7.39,-15.4,-22.9
"KemPharm, Inc. (NasdaqGM:KMPH)",NasdaqGM:KMPH,United States of America (Primary),60.1,NA,2.5466101694915255,NA,NA,NA,1.854651162790698,0,0,1.32,1.4004331555828768,-0.6694915254237288,6.717391304347834,#DIV/0!,#DIV/0!,#DIV/0!,0.49464668094218417,0.2776442307692308,153.94,158.54,10.446211434454758,-21.366666666666664,-0.48890225122253167,60.1,23.1,51.3,-30.8,,-30.9,23.6,,,,Pharmaceuticals,Healthcare,87.4,49.9,,-15.8,,,,,,,,,,,,,,6.8,15.1,17.2,0.043,1.32,4.1,3.2,20.6,,,,,,,,,0,0,0,,,,,,,,-10.2,-23,-30.9
"Juniper Pharmaceuticals, Inc. (NasdaqGS:JNP)",NasdaqGS:JNP,United States of America (Primary),59.1,NA,1.4775,3.097995896032831,1.1648192771084338,NA,0.9368217054263567,0,0.15,1.34,1.0764573996834865,-0.132,-0.19151846785225715,-0.13493975903614458,0.1527710843373494,-0.1272289156626506,0.0727862772369031,0.05044987146529563,101.3454,72.1054,8.210696547120037,-3.7517000000000005,-2.188526947016029,59.1,3.14,13.9,-3.76,41.5,-5.6,40,0,-0.023,0,Pharmaceuticals,Healthcare,47.3,96.2,,-5.28,,15,,,,6.84,5.33,7.03,7.36,8.98,7.03,2.22,-0.086,0.312,5.47,10.1,0.075,1.34,5.45,4.3,12.67,0,0,0,0,0,0,0,0,0,0,0,-10.4,-7.38,-12.1,-16.7,-2.32,3.01,9.8,4.21,-0.037,-5.6
"Ocera Therapeutics, Inc. (NasdaqGM:OCRX)",NasdaqGM:OCRX,United States of America (Primary),56.7,NA,1.8057324840764333,NA,189.33884297520672,NA,1.3459843722460498,0,0,1.7,1.1826918449029737,-0.9171974522292994,11.631799163179913,-229.7520661157025,-89.25619834710744,-238.01652892561984,0.23246150085553655,0.14363389216130493,167.856,170.246,10.709916899770976,-18.002000000000002,-0.5949292800672689,56.7,9.51,43.3,-27.7,0.121,-27.8,31.4,0,0,7,Pharmaceuticals,Healthcare,33.9,53.2,,-28.8,,,,,,,,,,,,3.05,2.08,13.2,15.5,16.9,0.1,1.7,2.45,1.76,4.57,,,,,,,-4.64,0,0,0,0,,,,,,-5.03,-7.78,-24.3,-25.1,-27.8
THC Biomed Intl Ltd. (CNSX:THC),CNSX:THC,Canada (Primary),55.2,NA,NA,NA,140.0701754385965,NA,129.37037037037035,0,0,0.184,#DIV/0!,0.9655172413793105,2.415254237288136,-2.8571428571428568,-2.7243107769423562,-2.8070175438596494,-1.6976744186046513,0.013052029322367244,0.02900000000000006,0.501,0.2976919548795365,-0.9295,-0.3202710649591571,55.2,0.73,0.042,-1.12,0.399,-1.14,-1.16,0,0,0.84,Pharmaceuticals,Healthcare,55.6,75.3,,-1.12,,,,,,,,,,,,,,,0.052,0.033,0,0.184,0.552,0.044,1.03,,,,,,,,,,0,0,,,,,,,,,-0.719,-1.14
Repros Therapeutics Inc. (NasdaqCM:RPRX),NasdaqCM:RPRX,United States of America (Primary),47.8,NA,2.569892473118279,NA,694.7368421052631,NA,1.7555526000797976,0,0,1.81,2.3797001611847777,-1.053763440860215,7.000000000000008,-515.7894736842105,-121.05263157894741,-515.7894736842105,0,0,300.0130000000001,302.81300000000005,9.84545941594962,-21.214000000000002,-0.4641019805764881,47.8,0,21.4,-19.6,0.038,-19.6,18.6,,,,Pharmaceuticals,Healthcare,37.3,99.4,,-19.6,,,,,,9.12,14.1,20.5,26.8,3.25,7.93,8.48,23.7,27.9,25,15,0.028,1.81,1.88,0.8,3.48,0,0,0,0,0,0,0,0,0,0,0,-17.1,-23.4,-31.8,-4.34,-11,-12.9,-28.6,-33,-30.4,-19.6
Nuvo Pharmaceuticals Inc. (TSX:NRI),TSX:NRI,Canada (Primary),47.1,22.21698113207547,1.3156424581005588,45.594278283485544,0.5316740088105725,NA,0.4116302864938607,0,0.127,0.909,0.8450697393030437,0.059217877094972074,-1.794538361508473,-0.060792951541850215,0.24008810572687225,0.09339207048458151,0.004698490366704664,0.0035752818972265123,70.09299999999999,69.324,7.9016892708669175,-4.514,-1.7504849957613906,47.1,0.169,35.2,-1.17,22.7,-1.38,35.8,0,0,0.508,Pharmaceuticals,Healthcare,34.3,94.9,,2.12,,12.7,,,,6.06,7.53,9.25,6.73,10.3,9.66,7.13,6.48,6.41,3.91,6.62,0.056,0.909,4.09,3.59,6.15,0,0,0,0,0,0,0,0,0,0,0,-12.7,-9.95,-8.71,15.5,-8.03,-2.69,-3.65,-9.09,-4.44,-1.38
"Cymabay Therapeutics, Inc. (NasdaqCM:CBAY)",NasdaqCM:CBAY,United States of America (Primary),44.2,NA,1.5729537366548043,NA,NA,NA,0.7459627329192549,0,0,1.16,1.4494386009985094,-0.9145907473309608,6.0391198044009835,#DIV/0!,#DIV/0!,#DIV/0!,0.24886394012296176,0.17398617080919454,198.28600000000003,202.37600000000003,10.318227560971886,-16.942,-0.609032437786087,44.2,9.31,41.5,-24.7,,-24.7,28.1,0,0,0,Pharmaceuticals,Healthcare,30.5,91.6,,-25.7,,,,,,,,,,,,14.4,4.88,11.9,18.3,16.1,0.031,1.16,1.89,0.82,3.04,,,,,,,-2.43,0,0,0,0,,,,,,-3.9,-8.51,-19.9,-27.7,-24.7
"Ampio Pharmaceuticals, Inc. (AMEX:AMPE)",AMEX:AMPE,United States of America (Primary),42.3,NA,1.1160949868073877,13.369658659924147,17.43103448275862,NA,1.0894396551724137,0,1.844,-0.343,-1.6873368958213415,-0.6807387862796834,-1.9342604298356512,-26.37931034482759,-10.086206896551728,-22.24137931034483,0.11489957963568426,0.10419313850063533,233.58800000000002,217.76800000000003,11.783235265975694,-20.110000000000003,-0.5859390982583637,42.3,4.92,27,-29.1,1.16,-30.6,37.9,0,0,3.93,Pharmaceuticals,Healthcare,34.6,73.4,,-25.8,,184.4,,,,,,,,1.88,3.6,8.76,13.8,25,18.1,17.4,0.002,-0.343,0.74,0.59,4.32,,,,,0,0,0,0,0,0,0,,,,-5.64,-8.23,-12.6,-20.2,-36.5,-27,-30.6
IntelGenx Technologies Corp. (OTCPK:IGXT),OTCPK:IGXT,Canada (Primary),42.3,NA,7.607913669064748,4.430769230769232,8.557172557172557,NA,6.236363636363636,0,0.8320000000000001,0.448,1.0389136206206517,-0.23201438848920866,-0.2556561085972851,-0.2349272349272349,0.22806652806652808,-0.2681912681912682,0.23731138545953362,0.03929139223256871,20.724,16.304000000000002,1.0553222572592058,-1.5272000000000001,-0.6910177169062374,42.3,1.73,2.87,-0.693,4.81,-1.13,5.56,0,0,0.596,Pharmaceuticals,Healthcare,39.7,98.6,,-1.29,,83.2,,,,0.42,0.69,1.86,1.56,1.5,1.56,1.44,1.53,1.05,1.05,1.79,0.009,0.448,0.665,0.374,0.995,0,0,0,0,0,0,0,0,0,0,0,-0.99,-2.21,-1.05,-1.85,-2.84,-2.54,-1.34,-2.16,0.838,-1.13
"Emisphere Technologies, Inc. (OTCPK:EMIS)",OTCPK:EMIS,United States of America (Primary),42.2,NA,NA,NA,86.19047619047619,NA,64.50463292943692,0,0.877,0.899,1.3041227002821876,0.16260697827518103,0.10521235521235521,-10.380952380952381,-10.044761904761906,-23.523809523809522,-0.6747519294377068,0.5918762088974855,-85.897,17.703,8.86190780814154,-14.341,-0.6179421106018785,42.2,61.2,12.9,-10.9,1.05,-10.9,-151.9,0,0,0,Pharmaceuticals,Healthcare,97.6,63.5,,-24.7,,87.7,,,,19.4,21.6,14.3,6.14,2.58,2.03,1.53,1.39,1.1,0.63,0.353,0.023,0.899,0.695,0.46,0.905,0,0,0,0,0,0,0,0,0,0,0,-33.5,-24.9,-16.1,-11.3,-7.35,-6.39,-7.42,-8.35,-17.2,-10.9
Biodel Inc.,,United States of America (Primary),41.6,NA,1.0505050505050506,NA,NA,NA,0.1393728222996523,0,0,0.63,1.2652391078369336,-0.3888888888888889,13.166666666666714,#DIV/0!,#DIV/0!,#DIV/0!,0,0,196.59000000000003,197.79000000000002,11.860246390545361,-26.810000000000002,-0.4423814394086296,41.6,0,40.8,-15.4,0,-15.8,39.6,0,0,0,Pharmaceuticals,Healthcare,10.6,,,-15.4,,,,,,2.67,11.1,28.6,35.4,29.6,15.9,11.7,15.5,14.8,13.9,5.74,0.012,0.63,0.649,0.222,0.8,-2.7,0,0,0,0,0,0,0,0,0,0,-17.8,-42.7,-46.8,-40.8,-25.3,-17,-22,-19.9,-20,-15.8
CorGreen Technologies Holding Corp. (OTCPK:CGRT),OTCPK:CGRT,United States of America (Primary),40.6,NA,NA,NA,NA,NA,NA,0,0,0.746,1.297482523967086,#DIV/0!,#DIV/0!,#DIV/0!,#DIV/0!,#DIV/0!,#DIV/0!,0,0,0,#DIV/0!,#DIV/0!,#DIV/0!,40.6,,,,,,,,,,Pharmaceuticals,Healthcare,43.2,,,,,,,,,,,,,,,,,,,,0.016,0.746,1.5,1,1.5,,,,,,,,,,,,,,,,,,,,,
Cerecor Inc. (NasdaqCM:CERC),NasdaqCM:CERC,United States of America (Primary),40.6,NA,3.099236641221374,NA,25.679012345679016,NA,2.067594433399603,0,0,1.43,1.6355275204869741,-1.4122137404580153,6.811023622047247,-17.79835390946502,-6.378600823045269,-19.032921810699587,0.2979635584137192,0.12045060658578854,84.04899999999999,86.589,6.170216095621506,-12.115,-0.5093038461099055,40.6,5.56,21.2,-17.3,0.972,-17.3,13.1,0,0,24.7,Pharmaceuticals,Healthcare,35,78.3,,-18.5,,,,,,,,,,,,,3.07,11.8,7.1,11.1,0.037,1.43,4.38,1.94,5.32,,,,,,,,0,0,0,0,,,,,,,-3.76,-16.2,-11.2,-17.3
"Emerald Health Therapeutics, Inc. (TSXV:EMH)",TSXV:EMH,Canada (Primary),38.1,NA,NA,4.758720930232559,450.4883720930233,NA,100.3678756476684,0,0,1.34,1.647982099417345,5.939597315436242,-5.145348837209303,-20.581395348837212,-16.511627906976745,-20.581395348837212,1.739454094292804,0.018066544676683588,0.9950000000000001,0.651,1.2762446212749863,-1.719666666666667,-0.7421465136315096,38.1,0.701,0.059,-1.72,0.086,-1.77,-0.298,0,0,0,Pharmaceuticals,Healthcare,38.1,25.7,,-1.77,,,,,,,,,,,,,,0,0.039,0.3,0.032,1.34,0.604,0.099,0.832,,,,,,,,,0,0,0,,,,,,,,-0.419,-2.97,-1.77
"Imprimis Pharmaceuticals, Inc. (NasdaqCM:IMMY)",NasdaqCM:IMMY,United States of America (Primary),37.6,NA,NA,3.929610389610388,2.463841807909605,NA,2.4402663533098323,0,0,0.606,0.7126253754352883,13.021582733812952,-3.636363636363636,-0.9491525423728814,-0.8716949152542374,-1.0225988700564972,1.18733153638814,0.18982977806507217,12.1448,7.524799999999999,5.229572427816425,-6.334999999999999,-0.8255047242014879,37.6,8.81,2.8,-15.6,17.7,-16.8,-1.39,0,0,13.8,Pharmaceuticals,Healthcare,41.8,55.1,,-18.1,,,,,,0,0.844,2.49,3.12,0.716,0.206,0.58,2.32,0.18,0.37,0.171,0.035,0.606,2.85,2.28,7.81,0,0,0,0,0,0,0,0,0,0,0,-1.5,-4.34,-4.75,-2.46,-1.03,-3.03,-7.25,-9.29,-12.9,-16.8
"Pernix Therapeutics Holdings, Inc. (NasdaqGM:PTX)",NasdaqGM:PTX,United States of America (Primary),37.2,NA,1.1238670694864048,2.1726465009810334,1.9726288987905791,56.75824175824175,1.880232981434292,0,0.25,1.19,1.4198098464231046,-4.990936555891238,-0.28122956180510134,-0.547422024188415,0.08389560789306175,-1.0515595162316995,0.9085382702403978,0.898360655737705,391.6953,85.89529999999998,34.98527475953276,-17.2925,-2.023147304295663,37.2,328.8,56.1,5.46,157.1,-86,33.1,,,,Pharmaceuticals,Healthcare,310.3,87.1,,-165.2,,25,-17.6,,,,,,0.349,1.18,0.876,0.716,3.85,2.77,7.98,7.72,0.034,1.19,3.92,3.11,33.58,,,,0,0,0,0,0,0,0,0,,,6.73,9.29,12,6.94,-18.3,-18.3,-50.7,-86
"Orexigen Therapeutics, Inc. (NasdaqGS:OREX)",NasdaqGS:OREX,United States of America (Primary),36,NA,1.0778443113772456,NA,-3.625,NA,-1.4570502431118315,0,0.41100000000000003,0.624,1.1208865062975824,-0.5299401197604791,1.1481081081081081,-4.282258064516129,-2.721774193548387,-0.7137096774193548,0.7251028806584362,0.7099113618049959,560.3800000000001,652.8800000000001,23.886548981010684,-65.75,-0.36329352062373665,36,88.1,214,-104.4,24.8,-106.2,33.4,0,0,0.368,Pharmaceuticals,Healthcare,164.4,67.4,,-17.7,,41.1,,,,18.5,40.8,78.8,56.1,30.6,18.8,47,69.5,59.9,48.1,36.9,0.015,0.624,2.47,2.01,26.1,0,0,0,0,0,0,0,0,0,0,0,-50.2,-93,-72.9,-55,-30.7,-62.1,-88.7,-53.9,-44.8,-106.2
"ProPhase Labs, Inc. (NasdaqCM:PRPH)",NasdaqCM:PRPH,United States of America (Primary),34.8,NA,3.9411098527746318,3.0231018518518518,1.6639423076923077,NA,1.5983928324019765,0,0.0496,0.49,0.7108121503206583,-0.35334088335220837,-0.3472222222222222,-0.14423076923076922,-0.08302884615384616,-0.15,0.14271844660194175,0.04052936311000827,26.309600000000003,17.669600000000003,1.9733007908352715,-2.9193000000000007,-0.6759499848714662,34.8,1.47,1.66,-2.58,20.8,-3,8.83,0,0,1.04,Pharmaceuticals,Healthcare,35.2,62.3,,-3.12,,4.96,,,,3.52,4.95,6.38,2.2,0.912,0.951,1.58,0.815,0.971,1.25,0.853,0.023,0.49,2.04,1.08,2.24,0,0,0,0,0,0,0,0,0,0,0,-3.52,-2.62,-7.72,-0.438,-2.26,-3.35,-0.925,-2.1,-3.26,-3
"Blake Insomnia Therapeutics, Inc. (OTCPK:BKIT)",OTCPK:BKIT,United States of America (Primary),33.2,NA,NA,NA,NA,NA,NA,0,0,0.744,5.176016074163603,0.7906976744186047,2.0000000000000004,#DIV/0!,#DIV/0!,#DIV/0!,-7.600000000000003,0.0011432697514892592,-0.014999999999999998,0,0.10858330135584075,-0.09566666666666668,-1.135017087343283,33.2,0.038,0.01,0,0,-0.03,-0.043,0,0,0,Pharmaceuticals,Healthcare,33.2,33.5,,-0.034,,,,,,,,,,,,,,0,0,0,0.001,0.744,1.05,0.7,5,,,,,,,,,0,0,0,,,,,,,,-0.221,-0.036,-0.03
"Citius Pharmaceuticals, Inc. (OTCPK:CTXR)",OTCPK:CTXR,United States of America (Primary),32.9,NA,NA,NA,NA,NA,19.769325153374233,0,0,-0.484,-1.3746508890138858,10.409448818897639,3.8215102974828374,#DIV/0!,#DIV/0!,#DIV/0!,0,0,11.2886,12.5996,2.1675235485072197,-2.848333333333333,-0.7609795957310309,32.9,0,0.676,0,0,-5.01,-0.635,0,0,5.86,Pharmaceuticals,Healthcare,31.4,36.2,,-6.61,,,,,,,,,,,,,,0.437,1.18,1.63,0.006,-0.484,0.45,0.395,2.5,,,,,,,,,0,0,0,,,,,,,,-0.675,-2.86,-5.01
"Acacia Diversified Holdings, Inc. (OTCPK:ACCA)",OTCPK:ACCA,United States of America (Primary),30.1,143.33333333333334,130.8695652173913,-2.6938775510204067,132.97333333333333,NA,132.97333333333333,0,0,-0.642,#DIV/0!,0.9130434782608695,-24.6938775510204,-5.377777777777777,-5.199999999999999,0.9333333333333332,0,0,0.049000000000000016,0,0.957589334387833,-1.0050000000000001,-0.9528252083461024,30.1,0,0.181,-1.17,0.225,-1.21,0.23,0,-0.47,0,Pharmaceuticals,Healthcare,30,48.5,,0.21,,,,,,0,0,0,0,0,0,0,0,0,0,0,0,-0.642,1.94,0.08,2.9,0.816,0,0,0,0,0,0,0,0,0,0,-1.76,-3.17,0.221,-0.152,-1.4,-0.705,-0.74,-0.674,-0.46,-1.21
Avivagen Inc. (TSXV:VIV),TSXV:VIV,Canada (Primary),29.3,NA,NA,NA,242.6124031007752,NA,27.869100623330365,0,-0.07519999999999999,0.508,1.2495147858268825,0.8888888888888888,11.226993865030666,-14.186046511627907,-6.403100775193799,-14.883720930232558,7.7500000000000036,0.07803650094398992,11.3931,11.5561,0.6000611913241295,-1.8149000000000002,-0.33063044317820783,29.3,2.48,0.483,-1.82,0.129,-1.83,-2.16,0,0,2.25,Pharmaceuticals,Healthcare,30,94.8,,-1.92,,-7.52,,,,0.01,0.949,0.957,1.28,2.04,1.31,0.947,0.808,1.11,0.711,0.994,0.008,0.508,0.114,0.026,0.158,0,0,0,0,0,0,0,0,0,0,0,-1.21,-0.909,-1.57,-2.02,-3.11,-2.29,-1.77,-1.84,-1.6,-1.83
Pain Therapeutics Inc. (NasdaqGS:PTIE),NasdaqGS:PTIE,United States of America (Primary),29.1,NA,0.989795918367347,NA,NA,NA,-0.1913043478260869,0,0,1.13,1.069804066519071,-0.5714285714285715,8.894736842105253,#DIV/0!,#DIV/0!,#DIV/0!,0,0,117.841,119.74099999999999,11.31908241275178,-1.0739999999999998,-10.539182879657151,29.1,0,31.3,-16.9,0,-16.9,29.4,0,0,0,Pharmaceuticals,Healthcare,7.36,70.8,,-16.8,,,,,,40.7,47.5,50.2,26.4,11.5,14.6,7.22,5.87,7.35,6.59,11.5,0.054,1.13,0.631,0.51,3,0,0,0,0,0,0,0,0,0,0,0,2.89,9.95,-7.96,-5.86,2.36,-2.64,-3.38,22.6,-11.8,-16.9
Canada House Wellness Group Inc. (CNSX:ABA),CNSX:ABA,Canada (Primary),29,NA,NA,3.2052117263843645,NA,NA,NA,0,0,-2.03,-2.9447931941855843,6.000000000000001,-5.8631921824104225,#DIV/0!,#DIV/0!,#DIV/0!,2.1858974358974357,0.022976888349841657,0.30700000000000005,0,0.4101219330881983,-1.51,-0.2716039291974823,29,0.682,0.005,-1.79,0,-1.8,-0.37,0,0,0.556,Pharmaceuticals,Healthcare,29.7,62,,-2.22,,,,,,,,,,,,,,,0,0,0.023,-2.03,0.515,0.074,0.736,,,,,,,,,,0,0,,,,,,,,,-1.22,-1.8
"Innovus Pharmaceuticals, Inc. (OTCPK:INNV)",OTCPK:INNV,United States of America (Primary),27.6,NA,NA,3.1402472527472525,8.71939393939394,NA,8.594384707287933,0,0,1.16,3.609073011176138,25.336322869955158,-6.4010989010989015,-1.4121212121212123,-1.1793939393939394,-3.4242424242424248,1.568877551020408,0.04266389177939646,1.1120999999999999,0.3841,1.5647832650775209,-2.9133333333333336,-0.5371109605529247,27.6,1.23,0.056,-3.94,3.3,-4.66,-0.446,,,,Pharmaceuticals,Healthcare,27,67.2,,-11.3,,,,,,,,,,,0.059,0,0.068,0.155,0.015,0.048,0.005,1.16,0.265,0.028,0.663,,,,,,0,0,0,0,0,0,,,,,-0.18,-2.16,-3.19,-3.59,-3.7,-4.66
Aeolus Pharmaceuticals Inc. (OTCPK:AOLS),OTCPK:AOLS,United States of America (Primary),27.5,NA,NA,1004.9245901639338,11.547154471544715,NA,5.329455909943714,0,-0.0179,0.033,#DIV/0!,3.514792899408284,-43.93442622950818,-1.0894308943089432,1.1666666666666667,-1.207317073170732,6.451612903225805,0.03508771929824561,60.39439999999999,60.33339999999999,1.0533143932896343,-2.7251,-0.38652320769499626,27.5,1,0.094,0,2.46,-2.68,-0.845,0,0,2.01,Pharmaceuticals,Healthcare,23.8,27,,-2.97,,-1.79,,,,3.57,1.67,1.24,1.13,0.416,3.85,7.23,3.76,5.56,4.8,2.87,0,0.033,0.181,0.149,0.5,0,0,0,0,0,0,0,0,0,0,0,-3.71,-2.91,-2.43,-2.85,-4.32,-2.88,-2.53,-0.221,-2.72,-2.68
"Ritter Pharmaceuticals, Inc. (NasdaqCM:RTTR)",NasdaqCM:RTTR,United States of America (Primary),27.4,NA,1.8639455782312926,NA,NA,NA,1.489088575096277,0,0,1.66,1.410890689356703,-0.8843537414965987,11.909090909090894,#DIV/0!,#DIV/0!,#DIV/0!,0,0,21.433599999999995,22.533599999999996,5.916293884969993,-7.453333333333333,-0.7937782493251332,27.4,0,15.8,-13.1,,-13.1,14.7,0,0,1.01,Pharmaceuticals,Healthcare,18.9,68.4,,-13,,,,,,,,,,,,,,0.092,1.63,7.79,0.067,1.66,2.55,0.981,5.5,,,,,,,,,0,0,0,,,,,,,,-1.3,-7.96,-13.1
Luckycom Inc (OTCPK:LKYM),OTCPK:LKYM,United States of America (Primary),27.1,NA,322.6190476190476,NA,NA,NA,NA,0,0,-5.22,-6.522473704493292,-5.011904761904762,420.9999999999996,#DIV/0!,#DIV/0!,#DIV/0!,0.27586206896551724,0.0011794191360754828,-0.0010000000000000009,0,0.11191216794135181,-0.29666666666666663,-0.3772320267686016,27.1,0.032,0.117,-0.412,0,-0.421,0.084,0,0,0.42,Pharmaceuticals,Healthcare,27.2,34.8,,-0.421,,,,,,,,,,,,,,0,0,0,0.031,-5.22,1.55,0.8,2,,,,,,,,,0,0,-0.305,,,,,,,,-0.204,-0.265,-0.421
"Rocky Mountain High Brands, Inc. (OTCPK:RMHB)",OTCPK:RMHB,United States of America (Primary),26.7,11.459227467811159,NA,NA,25.199999999999996,NA,25.199999999999996,0,0,0.585,2.877819487042229,-1.5743243243243243,3.6721991701244816,-3.2777777777777777,-3.259259259259259,2.1574074074074074,-0.7169373549883991,0.022622446738414233,-0.958,0.005999999999999998,1.5489520328273563,-1.321,-1.1725602065309284,26.7,0.618,0.102,-3.52,1.08,-3.54,-1.48,0,0,1.28,Pharmaceuticals,Healthcare,27.2,71.5,,2.33,,,,,,,,,,,0,0.038,-0.024,0,0,0,0.002,0.585,0.043,0.02,0.084,,,,,,0,0,0,0,0,0,,,,,0,-0.428,-0.59,-0.318,-3.05,-3.54
"Ember Therapeutics, Inc. (OTCPK:EMBT)",OTCPK:EMBT,United States of America (Primary),25.8,NA,NA,NA,NA,NA,NA,0,0,0,#DIV/0!,#DIV/0!,#DIV/0!,#DIV/0!,#DIV/0!,#DIV/0!,#DIV/0!,0,0,0,#DIV/0!,#DIV/0!,#DIV/0!,25.8,,,,,,,,,,Pharmaceuticals,Healthcare,28.6,8.58,,,,,,,,,,,,,,,,,,,,,0.62,0.25,1.3,,,,,,,,,,,,,,,,,,,,,
Canadian Cannabis Corp. (OTCPK:CCAN),OTCPK:CCAN,Canada (Primary),23.6,NA,NA,NA,NA,NA,NA,0,0,0,#DIV/0!,#DIV/0!,#DIV/0!,#DIV/0!,#DIV/0!,#DIV/0!,#DIV/0!,0,0,0,#DIV/0!,#DIV/0!,#DIV/0!,23.6,,,,,,,,,,Pharmaceuticals,Healthcare,33.3,73.6,,,,,,,,,,,,,,,,,,,,,0.75,0.515,2.74,,,,,,,,,,,,,,,,,,,,,
"Marinus Pharmaceuticals, Inc. (NasdaqGM:MRNS)",NasdaqGM:MRNS,United States of America (Primary),23.3,NA,0.49680170575692967,NA,NA,NA,-1.076793248945148,0,0,1.79,1.6494466908526968,-0.6439232409381663,15.52083333333332,#DIV/0!,#DIV/0!,#DIV/0!,0.13596168017686072,0.2405475880052151,163.5082,165.42819999999998,12.373807013203335,-15.395,-0.8037549212863485,23.3,7.38,56.2,-29.8,0,-29.8,46.9,,,,Pharmaceuticals,Healthcare,-7.03,63.7,,-30.2,,,,,,,,,,,,,0.846,7.67,15,23.7,0.057,1.79,1.18,1.02,20.72,,,,,,,,-1.27,0,0,0,,,,,,,-1.43,-9.85,-20.5,-29.8
FV Pharma International Corp. (OTCPK:FVPI.D),OTCPK:FVPI.D,Canada (Primary),21.9,NA,NA,NA,NA,NA,NA,0,0,-2.76,-11.085904563904561,#DIV/0!,#DIV/0!,#DIV/0!,#DIV/0!,#DIV/0!,#DIV/0!,0,0,0,#DIV/0!,#DIV/0!,#DIV/0!,21.9,,,,,,,,,,Pharmaceuticals,Healthcare,,,,,,,,,,,,,,,,,,,,,0.003,-2.76,175,50,500,,,,,,,,,,,,,,,,,,,,,
Acerus Pharmaceuticals Corporation (TSX:ASP),TSX:ASP,Canada (Primary),20.4,6.962457337883958,NA,NA,0.7175324675324676,1.0184331797235024,0.6752215093186679,0,4.127,-0.023,#DIV/0!,-1.1910569105691058,-25.52631578947366,0.6298701298701298,0.7672077922077921,0.09512987012987013,1.4416517055655296,0.2824481181850158,76.788,77.548,16.851084040302375,-13.25,-1.2717799275699906,20.4,8.03,6.33,21.7,30.8,19.4,-2.46,0,0,2,Pharmaceuticals,Healthcare,22.6,40.2,,2.93,,412.7,,,0,,,,,3.77,15.1,15.9,17.9,16.8,3.45,1.93,0,-0.023,0.096,0.055,0.184,,,,,-6.49,0,0,0,0,0,0,,,,-6.64,-23,-25.1,-28.5,-22.3,-6.61,19.4
"Evoke Pharma, Inc. (NasdaqCM:EVOK)",NasdaqCM:EVOK,United States of America (Primary),20.4,NA,5.878962536023054,NA,NA,NA,2.247206703910614,0.4,0,1.41,1.6126530097109326,-3.400576368876081,12.85714285714286,#DIV/0!,#DIV/0!,#DIV/0!,0.5579617834394904,0.17675544794188863,92.2113,93.0513,5.262052831357735,-7.780000000000001,-0.6763564050588348,20.4,4.38,8.69,,,-10.8,3.47,0,0,13.9,Pharmaceuticals,Healthcare,10,71.3,,-11.8,40,,,,,,,,,,,1.84,0.639,8.45,8.62,7.16,0.037,1.41,1.65,1.35,11.11,,,,,,,0,0,0,0,0,,,,,,-2.42,-1.68,-11.8,-12.2,-10.8
"Earth Science Tech, Inc. (OTCPK:ETST)",OTCPK:ETST,United States of America (Primary),20.1,NA,NA,NA,46.74418604651163,NA,44.86607142857143,0,0,-0.642,-2.578677800734322,#DIV/0!,#DIV/0!,-3.325581395348837,0.04186046511627907,-4.232558139534884,#DIV/0!,0,0.153,0.153,9.058723254410635,-4.431,-2.044397033268029,20.1,,,0,0.43,-1.43,,0,0,0.543,Pharmaceuticals,Healthcare,20.1,35.6,,-1.82,,,,,,,,,,,,0,0,0,0.015,0.018,0.003,-0.642,0.51,0.18,1,,,,,,,0,0,0,0,0,,,,,,-0.038,-0.06,-0.027,-20.6,-1.43
"Oculus Innovative Sciences, Inc. (NasdaqCM:OCLS)",NasdaqCM:OCLS,United States of America (Primary),20,NA,1.9801980198019802,7.93913994169096,0.82640522875817,NA,0.7450795521508546,0,0.055999999999999994,0.29,1.1648233056276531,-1.0495049504950495,-3.826530612244897,-0.6862745098039216,-0.5640522875816993,-0.6928104575163399,0.011161151360877227,0.005667694143382719,29.141,26.396999999999995,6.765715532496671,-10.187999999999999,-0.664086722859901,20,0.114,7.47,-10.3,15.3,-10.5,10.1,,,,Pharmaceuticals,Healthcare,16.9,99.3,,-10.6,,5.6,,,,3.23,7.4,9.98,2.87,1.64,2.09,2.03,2.57,2.29,1.62,1.67,0.003,0.29,4.77,3.57,7.15,0,0,0,0,0,0,0,0,0,0,0,-22,-23.2,-8.5,-7.5,-6.11,-5.13,-4.46,-6.71,-7.77,-10.5
Beleave Inc. (CNSX:BE),CNSX:BE,Canada (Primary),19.8,NA,54.09836065573771,1.2872340425531914,NA,NA,577.1176470588235,0,0,0,#DIV/0!,-6.448087431693989,-6.382978723404255,#DIV/0!,#DIV/0!,#DIV/0!,0,0,0.42,0.23199999999999998,0.2962777413171642,-0.9904999999999999,-0.29911937538330563,19.8,0,0.178,0,0,-1.2,0.366,0,0,0.408,Pharmaceuticals,Healthcare,19.7,62.9,,-2.36,,,,,,,,,,,,,,,0.022,0.034,,,0.839,0.155,0.92,,,,,,,,,,0,0,,,,,,,,,-0.781,-1.2
"Vitality Biopharma, Inc. (OTCPK:VBIO)",OTCPK:VBIO,United States of America (Primary),17.4,NA,NA,NA,74.27038626609442,NA,22.38680465717982,0,0,0.504,2.024382572539094,1.5366795366795367,3.703099510603589,-9.742489270386265,2.3175965665236054,-3.4163090128755367,0,0,10.717400000000001,11.330400000000003,1.625792026762868,-1.8125,-0.8969887044208927,17.4,0,0.095,0,0.233,-2.27,-0.518,0,0,0.573,Pharmaceuticals,Healthcare,17.4,93.6,,-0.796,,,,,,,,,0,0,0,0,0.86,0.698,1.07,0.54,0.003,0.504,1.45,0.3,2.25,,,,0,0,0,0,0,0,0,0,,,-0.04,-0.018,-0.032,-1.69,-3.04,-3.51,-3.9,-2.27
"Apricus Biosciences, Inc. (NasdaqCM:APRI)",NasdaqCM:APRI,United States of America (Primary),16.5,NA,NA,NA,2.7475124378109457,NA,1.2473178994918124,0,0.09880000000000001,-0.716,-1.5752,0.9527162977867204,3.287356321839081,-1.7786069651741296,-0.5385572139303483,-1.1778606965174132,-20.608695652173957,0.3648960739030023,265.45799999999997,269.80799999999994,9.046678823376746,-13.696200000000001,-0.6605247311938162,16.5,9.48,3.89,-14,8.04,-14.3,-9.94,0,0,14.1,Pharmaceuticals,Healthcare,18.3,67.6,,-9.47,,9.88,,,,7.08,4.96,5.7,2.9,1.67,4.39,6.34,5.03,6.68,26.9,9.67,0.01,-0.716,2.14,1.48,15.5,0,0,0,0,0,0,0,0,0,0,0,-9.11,-8.89,-0.132,-9.33,-14.4,-15.2,-19.3,-11.4,-34.9,-14.3
"Carbylan Therapeutics, Inc. (NasdaqGM:CBYL)",NasdaqGM:CBYL,United States of America (Primary),15.5,NA,0.3144016227180528,484.12380952382387,-1158.2758620689656,NA,-3.6916144631278165,0,0,2.77,1.7665623456330106,-0.44624746450304265,-79.04761904762141,-572.4137931034483,-256.2068965517241,-758.6206896551723,0.08551289185679838,0.2292391844853307,150.75599999999997,150.546,7.889778197135839,-11.67,-0.6760735387434309,15.5,4.61,53.7,-16.5,0.029,-16.6,49.3,0,0,0.013,Pharmaceuticals,Healthcare,-19.7,50,,-22,,,,,,,,,,,,,1.96,6.38,15,9.07,0.119,2.77,0.59,0.44,4.14,,,,,,,,-1.52,0,0,0,,,,,,,-1.83,-8.95,-19.3,-16.6
"Dipexium Pharmaceuticals, Inc. (NasdaqCM:DPRX)",NasdaqCM:DPRX,United States of America (Primary),15.1,NA,0.49025974025974023,NA,NA,NA,-1.2042253521126762,0,0,0.373,1.4982037689624643,-0.6948051948051948,15.285714285714262,#DIV/0!,#DIV/0!,#DIV/0!,0,0,104.50000000000001,105.9,8.217363729729056,-13.14,-0.6253701468591367,15.1,0,32.2,,,-21.4,30.8,0,-0.127,0.127,Pharmaceuticals,Healthcare,-3.75,52.4,,-21.4,,,,,,,,,,,,,0.88,7.88,9.42,14.2,0.003,0.373,1.45,1.15,17.75,,,,,,,,0,0,0,0,,,,,,,-2.06,-12.6,-16.5,-21.4
"Eyegate Pharmaceuticals, Inc. (NasdaqCM:EYEG)",NasdaqCM:EYEG,United States of America (Primary),14.6,NA,2.3973727422003286,NA,12.200392927308446,NA,0.8024292544256362,0,0,-0.524,-2.5777391644617578,-2.019704433497537,5.347826086956521,-24.165029469548134,-9.960707269155206,-24.165029469548134,0,0,20.451799999999995,22.751799999999996,4.2366378178928645,-6.245,-0.6784047746826044,14.6,0,8.39,-12.3,0.509,-12.3,6.09,0,0,3.83,Pharmaceuticals,Healthcare,8.89,39.2,,-12.3,,,,,,,,,,,,,3.03,0.551,1.44,7.23,0.002,-0.524,1.52,1.11,5.1,,,,,,,,-4.86,0,0,0,,,,,,,-5.82,-2.67,-4.19,-12.3
Crescita Therapeutics Inc. (TSX:CTX),TSX:CTX,Canada (Primary),14.4,NA,NA,NA,9.495945945945946,NA,1.6456674473067918,0,0,0,#DIV/0!,4.773662551440329,5.5475504322766565,-10.405405405405405,-5.567567567567569,-7.837837837837838,0,0,62.334,65.11,2.6870057685088855,-13.5,-0.19903746433399153,14.4,0,0.346,-15.3,1.48,-15.4,-2.43,0,0,0.034,Pharmaceuticals,Healthcare,-7.7,77.6,,-11.6,,,,,,,,,,,,,,,6.45,7.06,,,1.03,0.884,1.47,,,,,,,,,,-9.07,0,,,,,,,,,-11.6,-15.4
Delivra Corp. (TSXV:DVA),TSXV:DVA,Canada (Primary),14.1,NA,4.947368421052631,3.4297337278106506,4.846923076923077,NA,3.3076115485564306,0,0,0,#DIV/0!,-1.287719298245614,-2.1301775147928987,-1.1076923076923075,-0.6230769230769231,-1.4115384615384614,0.21096345514950166,0.051271699636657245,6.135,4.783,1.2727922061357853,-1.98,-0.6428243465332248,14.1,0.762,2.26,-2.83,2.6,-2.88,2.85,0,0,1.91,Pharmaceuticals,Healthcare,14.3,74.2,,-3.67,,,,,,,,,,,,,,,0.397,1.21,,,0.368,0.324,0.56,,,,,,,,,,0,0,,,,,,,,,-1.08,-2.88
Acasti Pharma Inc. (TSXV:ACST),TSXV:ACST,Canada (Primary),13.8,NA,0.6865671641791045,7.089886731391587,252.50000000000003,NA,0.9993403693931399,0,-0.26,0.609,1.497941938127109,-0.36368159203980094,-0.6108414239482199,-314.5833333333333,14.16666666666666,-304.5833333333333,0,0,95.37100000000002,83.01100000000001,3.3492547145383176,-6.2825,-0.5331085896598994,13.8,0,7.74,-5.7,0.024,-7.55,20.1,0,0,0,Pharmaceuticals,Healthcare,8.56,50.3,,-7.31,,-26,,,,,,,1.16,1.37,2.3,3.67,4.15,4.81,7.33,6.04,0.008,0.609,1.29,1.1,3.24,,,,0,0,0,0,0,0,0,0,,,-1.31,-1.93,-4.75,-7.23,-8.39,-11,-8.1,-7.55
"Opiant Pharmaceuticals, Inc. (OTCPK:OPNT)",OTCPK:OPNT,United States of America (Primary),13.6,NA,NA,NA,2.4088235294117646,NA,1.7934306569343064,0,0,2.47,1.9975781282288756,1.6581740976645434,2.0746887966804977,-2.450980392156863,-2.107843137254902,-1.531372549019608,-0.036303630363036306,0.011986923356338542,18.3787,24.4037,5.31088973608838,-6.408699999999999,-0.8287000071915336,13.6,0.165,1.48,-12.5,5.1,-12.5,-4.71,0,0,0,Pharmaceuticals,Healthcare,12.3,89.6,,-7.81,,,,,,0,0,0,0,0,0,0.506,0.283,0.465,2.42,1.75,0.074,2.47,6.75,5.01,11.75,0,0,0,0,0,0,0,0,0,0,0,-0.034,-0.018,-0.015,-2.02,-9.44,-12.3,-8.81,-11.3,-7.65,-12.5
"Pulmatrix, Inc. (NasdaqGM:PULM)",NasdaqGM:PULM,United States of America (Primary),13.6,NA,0.4171779141104294,3.8167482859941226,1.430010070493456,NA,0.13108095633711822,0,0,1.23,1.1236053424211017,-0.6901840490797546,-0.8374142997061704,-17.22054380664653,-7.109768378650553,-22.658610271903324,0.17090539165818922,0.3307086614173228,90.118,69.698,3.0199337741082912,-13.9,-0.2172614225977188,13.6,6.72,18.9,-16.9,0.993,-17.1,32.6,0,0,0,Pharmaceuticals,Healthcare,12.7,37.6,,-22.5,,,,,,,,,,,,,,8.56,5.89,9.84,0.058,1.23,0.91,0.76,5.56,,,,,,,,,-9.52,0,0,,,,,,,,-11.1,-13.5,-17.1
"CLS Holdings USA, Inc. (OTCPK:CLSH)",OTCPK:CLSH,United States of America (Primary),13.2,NA,NA,NA,NA,NA,NA,0,0,-1.44,-1.7993030908947012,1.9230769230769231,2.1833648393194705,#DIV/0!,#DIV/0!,#DIV/0!,-0.4742268041237114,0.03367496339677892,-0.7609999999999999,0.29700000000000004,0.34648232278140956,-2.065,-0.1677880497730797,13.2,0.46,0.088,-2.31,0,-2.31,-1.43,0,0,0,Pharmaceuticals,Healthcare,14.4,14.3,,-2.75,,,,,,,,,,,,,,,0.033,0,0.031,-1.44,0.65,0.45,1.83,,,,,,,,,,0,0,,,,,,,,,-1.82,-2.31
Lexaria Bioscience Corp. (OTCPK:LXRP),OTCPK:LXRP,Canada (Primary),12.8,NA,19.48249619482496,1.7027707808564234,338.91891891891896,NA,87.08333333333334,0,0,0.23,1.6001124960452,-2.161339421613394,-3.80352644836272,-40.810810810810814,2.891891891891892,-38.37837837837838,0,0,0.9360000000000002,0.539,0.8903825644694032,-0.8,-1.1129782055867539,12.8,0,0.26,0,0.037,-1.51,0.657,0,0,0.152,Pharmaceuticals,Healthcare,12.7,73.5,,-1.42,,,,,,0,0,0,0,0,0,0,0,0,0.048,0.107,0.001,0.23,0.25,0.08,0.35,0,0,0,0,0,0,0,0,0,0,0,-2.13,0.267,-0.662,-0.441,-0.29,-0.054,0.09,-1.1,-2.17,-1.51
Antibe Therapeutics Inc. (TSXV:ATE),TSXV:ATE,Canada (Primary),12.7,NA,3.4986225895316805,3.6029860434923733,2.8,NA,2.549715433545363,0,0,-0.832,-1.929411009724067,-0.7134986225895317,-0.465757870821162,-0.5275735294117647,0.09816176470588235,-0.4761029411764705,0.43808049535603716,0.18222794591113975,19.669600000000003,13.5076,1.2939771249910095,-2.1694000000000004,-0.5964677445335158,12.7,2.83,0.298,0,5.44,-2.87,3.63,0,0,1.12,Pharmaceuticals,Healthcare,14.5,46.2,,-2.59,,,,,,,,,,,,0.228,0.264,2.09,1.22,0.534,0.009,-0.832,0.136,0.077,0.199,,,,,,,0,0,0,0,0,,,,,,-0.617,-1.07,-3.73,-2.56,-2.87
"Aytu BioScience, Inc. (OTCPK:AYTU)",OTCPK:AYTU,United States of America (Primary),12.5,NA,1.2376237623762376,30.907999999999994,1.2274368231046933,NA,0.4014167650531287,0,0,2.21,1.7873067463100465,-3.128712871287129,-18,-6.498194945848375,-3.862815884476534,-11.407942238267148,0,0,40.007999999999996,39.007999999999996,6.372270657570451,-10.683333333333332,-0.5964683922842856,12.5,0,9.1,-16.4,2.77,-18,10.1,0,0,13.4,Pharmaceuticals,Healthcare,7.95,85.1,,-31.6,,,,,,,,,,,,,,4.06,3.34,5.7,0.074,2.21,1.15,1.02,53.4,,,,,,,,,-5.74,0,0,,,,,,,,-6.35,-7.7,-18
Abattis Bioceuticals Corp. (OTCPK:ATTB.F),OTCPK:ATTB.F,Canada (Primary),12.3,NA,34.55056179775281,8.650295857988166,1009.4166666666667,NA,252.35416666666669,0,0,3.24,2.83986317577852,-8.314606741573034,-9.289940828402369,-130.83333333333334,-118.66666666666666,-246.66666666666666,0,0,1.6489,1.4799000000000002,1.878277934705085,-1.4540000000000002,-1.291800505299233,12.3,0,0.187,-1.46,0.012,-1.57,0.356,0,0,0.287,Pharmaceuticals,Healthcare,12,88.1,,-2.96,,,,,,0,0,0,0.001,0.048,0.66,0.084,0.164,0.104,0.094,0.036,0.063,3.24,0.108,0.015,0.183,0,0,0,0,0,0,0,0,0,0,0,0,-0.005,-0.019,-0.351,-1.55,-0.975,-1.22,-6.2,-2.65,-1.57
"Acura Pharmaceuticals, Inc. (NasdaqCM:ACUR)",NasdaqCM:ACUR,United States of America (Primary),12.2,NA,1.5443037974683542,19.763404255319152,1.9674556213017749,NA,0.9059945504087191,0,-0.305,1.11,1.221,-1.2455696202531645,-3.829787234042554,-2.6627218934911245,-1.3875739644970415,-2.911242603550296,0.4952076677316294,0.3884711779448622,51.994,49.644,11.05502620731604,-4.973999999999999,-2.2225625668106237,12.2,7.75,13.3,-8.65,3.38,-9,7.9,0,0,0,Pharmaceuticals,Healthcare,12.2,48.8,,-9.84,,-30.5,,,,7.91,3.77,15.3,7.29,7.56,4.71,3.31,5.33,4.48,2.82,3.96,0.04,1.11,1.03,0.86,3.52,0,0,0,0,0,0,0,0,0,0,0,-6.49,20,-8.61,-13.9,9.44,-8.53,-13.7,-13.2,-5.75,-9
"Provectus Biopharmaceuticals, Inc. (OTCPK:PVCT)",OTCPK:PVCT,United States of America (Primary),12,NA,0.7361963190184049,45.43999999999996,NA,NA,-0.21999999999999992,0,0,0.14,#DIV/0!,-1.7852760736196318,-13.8095238095238,#DIV/0!,#DIV/0!,#DIV/0!,0,0,109.624,107.524,6.004897630730728,-16.518,-0.3635366043546875,12,0,14.2,-28.3,,-29,16.3,0,0,9.18,Pharmaceuticals,Healthcare,6.77,94.7,,-29.1,,,,,,2.51,4.02,4.58,4.71,7.76,8.84,6.19,3.47,4.32,8.63,10,0,0.14,0.049,0.022,0.538,0,0,0,0,0,0,0,0,0,0,0,-9.68,-10.2,-12,-18.9,-21.9,-16.5,-12.4,-15.2,-19.4,-29
Aequus Pharmaceuticals Inc. (TSXV:AQS),TSXV:AQS,Canada (Primary),11.8,NA,12.742980561555076,158.32643678160903,60.894444444444446,NA,7.665034965034965,0,0,0.723,1.0976182786899487,-4.406047516198704,-47.35632183908042,-22.88888888888889,-15.166666666666668,-22.666666666666668,0,0,14.613399999999999,14.526399999999999,1.3061010680647969,-2.9899999999999998,-0.43682309968722305,11.8,0,0.839,-3.98,0.18,-4.12,0.926,0,0,2.61,Pharmaceuticals,Healthcare,11.5,59.2,,-4.08,,,,,,,,,,,,,,0.958,1.39,1.25,0.021,0.723,0.217,0.177,0.515,,,,,,,,,-0.826,0,0,,,,,,,,-1.56,-3.29,-4.12
"Jaguar Animal Health, Inc. (NasdaqCM:JAGX)",NasdaqCM:JAGX,United States of America (Primary),11.7,NA,2.6590909090909087,21.628226415094332,59.22619047619047,NA,1.259812610787541,0.4,0,0.828,1.92013499525424,-3.454545454545454,-5.32075471698113,-83.92857142857142,46.01190476190476,-90.47619047619047,0.57487922705314,0.3371104815864023,59.064800000000005,56.4148,6.564947321443892,-8.613333333333333,-0.7621842865453435,11.7,5.95,7.7,,0.168,-14.1,4.4,0,0,5.91,Pharmaceuticals,Healthcare,12.1,38.4,,-15.2,40,,,,,,,,,,,,,0.556,5.36,7.73,0.009,0.828,0.99,0.814,4.6,,,,,,,,,0,0,0,,,,,,,,-1.34,-10.4,-14.1
"Relmada Therapeutics, Inc. (OTCPK:RLMD)",OTCPK:RLMD,United States of America (Primary),11.7,NA,1.6619318181818181,NA,NA,NA,0.9363881401617251,0,0,0.328,1.6135466525638482,-1.3181818181818181,11.129848229342327,#DIV/0!,#DIV/0!,#DIV/0!,0.037462400875034184,0.02288291297811926,97.6549,98.84089999999999,8.029833954281576,-14.015,-0.5729456977724992,11.7,0.274,8.5,-13.1,,-13.2,7.04,0,0,0,Pharmaceuticals,Healthcare,5.62,84.9,,-9.28,,,,,,,,,,,,,0.667,5.83,10,3.71,0.002,0.328,0.97,0.87,4.1,,,,,,,,0,0,0,0,,,,,,,-3.16,-21.7,-18,-13.2
Tetra Bio-Pharma Inc. (CNSX:TBP),CNSX:TBP,Canada (Primary),11.4,NA,NA,NA,NA,NA,NA,0,0,-0.927,-3.224574530073697,3.23699421965318,2.1861702127659575,#DIV/0!,#DIV/0!,#DIV/0!,0,0,-0.188,0,0.004242640687119249,-0.40800000000000003,-0.0103986291350962,11.4,0,0.015,0,0,-0.411,-0.173,0,0,0.281,Pharmaceuticals,Healthcare,11.4,82.9,,-0.56,,,,,,,,,,,,,,,0,0,0.004,-0.927,0.14,0.015,0.217,,,,,,,,,,0,0,,,,,,,,,-0.405,-0.411
Pediapharm Inc. (TSXV:PDP),TSXV:PDP,Canada (Primary),10.9,19.156414762741655,5.046296296296296,0.42335766423357646,3.2508038585209005,NA,3.2508038585209005,0,0,1.07,1.1919942350574757,0.2634259259259259,-0.6328467153284673,-0.2787781350482315,-0.24469453376205788,0.18295819935691318,0.5830115830115831,0.21695402298850575,1.3699999999999997,0,1.3860334772291754,-2.1474,-0.6454472744850401,10.9,3.02,3.81,-0.761,3.11,-0.867,2.16,0,0,0.015,Pharmaceuticals,Healthcare,9.11,58,,0.569,,,,,,,,,,,,0,0,0,0,0,0.039,1.07,0.173,0.096,0.243,,,,,,,0,0,0,0,0,,,,,,-2.18,-1.52,-1.69,-4.48,-0.867
Easton Pharmaceuticals Inc. (OTCPK:EAPH),OTCPK:EAPH,Canada (Primary),10.3,NA,8.046875,2.2115896632732976,NA,NA,257.425,0,0,-1.71,-3.071660137450105,-0.41171875,-0.408770555990603,#DIV/0!,#DIV/0!,#DIV/0!,0.011583011583011582,0.0014541929229277748,2.8272000000000004,1.5502000000000002,2.616757121578794,-2.1785,-1.2011737992099123,10.3,0.015,0.018,0,0,-0.522,1.28,0,0,0,Pharmaceuticals,Healthcare,10.3,,,-0.527,,,,,,,0.317,0.48,1.12,0.242,0.203,0,0,0.014,0.093,0.04,0.015,-1.71,0.011,0.002,0.02,,-1.62,-1.69,-7.13,-1.71,-3.28,0,0,0,0,0,-2.12,-6.05,-7.25,-1.84,-3.41,-0.105,-0.049,-0.097,-0.342,-0.522
Praxsyn Corporation (OTCPK:PXYN),OTCPK:PXYN,United States of America (Primary),9.2,NA,NA,NA,NA,NA,NA,0,0,0.334,2.3236416246917253,#DIV/0!,#DIV/0!,#DIV/0!,#DIV/0!,#DIV/0!,#DIV/0!,0,0,0,#DIV/0!,#DIV/0!,#DIV/0!,9.2,,,,,,,,,,Pharmaceuticals,Healthcare,13.9,83.6,,,,,,,,,,,,,,,,,,,0.001,0.334,0.015,0.002,0.021,,,,,,,,,,,,,,,,,,,,,
Nemus Bioscience Inc. (OTCPK:NMUS),OTCPK:NMUS,United States of America (Primary),8.74,NA,2.9829351535836177,NA,NA,NA,5.411764705882352,0,0,-0.959,-1.6679433518558118,-0.9385665529010239,16.241379310344826,#DIV/0!,#DIV/0!,#DIV/0!,0,0,3.2710000000000004,3.5610000000000004,2.4421718988092,-2.69525,-0.9061021793188758,8.74,0,3.22,-4.7,,-4.71,2.93,0,0,0.004,Pharmaceuticals,Healthcare,10.6,46.7,,-2.75,,,,,,,,,,,,,0,0.195,0.265,1.02,0.016,-0.959,0.42,0.335,1.8,,,,,,,,0,0,0,0,,,,,,,-0.151,-1.06,-4.86,-4.71
Pivot Pharmaceuticals Inc. (OTCPK:PVOT.F),OTCPK:PVOT.F,Canada (Primary),8.32,NA,NA,NA,NA,NA,NA,0,0,74.1,171.83816805354974,34.346504559270514,27.93017456359102,#DIV/0!,#DIV/0!,#DIV/0!,0,0,-0.36000000000000004,0.041,3.9376714203048624,-1.9257499999999999,-2.0447469403114957,8.32,0,0.072,-11.2,0,-11.2,-0.329,0,0,0,Pharmaceuticals,Healthcare,8.32,44.8,,-11.3,,,,,,,,,0.029,0.002,0.051,0.01,0,0,0,0,0.009,74.1,0.11,0.022,1.25,,,,0,0,0,0,0,0,0,0,,,0.059,-0.098,-0.333,-0.182,-0.058,-0.044,-3.55,-11.2
"CannaPharmaRX, Inc. (OTCPK:CPMD)",OTCPK:CPMD,United States of America (Primary),8.08,NA,NA,NA,NA,NA,NA,0,0,0,#DIV/0!,#DIV/0!,#DIV/0!,#DIV/0!,#DIV/0!,#DIV/0!,#DIV/0!,0,0,0,#DIV/0!,#DIV/0!,#DIV/0!,8.08,,,,,,,,,,Pharmaceuticals,Healthcare,7.88,58.1,,,,,,,,,,,,,,,,,,,,,0.45,0.05,3,,,,,,,,,,,,,,,,,,,,,
BioPharmX Corporation (AMEX:BPMX),AMEX:BPMX,United States of America (Primary),6.58,NA,3.209756097560976,NA,23.738317757009348,NA,0.2907176376330548,0,0,-0.194,-1.3496601053598645,-8.731707317073171,8.994974874371858,-167.28971962616822,-85.70093457943925,-167.28971962616822,0,0,57.506299999999996,59.4963,8.530303003606221,-10.468,-0.814893294192417,6.58,0,4.04,-17.8,0.107,-17.9,2.05,0,0,11.6,Pharmaceuticals,Healthcare,6.15,82.7,,-17.9,,,,,,,,,,,,,0.429,2.12,5.43,8.63,0.001,-0.194,0.2,0.188,2.75,,,,,,,,0,0,0,0,,,,,,,-0.852,-5.72,-17.4,-17.9
Wildflower Marijuana Inc. (DB:RSP),DB:RSP,Canada (Primary),6.46,NA,50.46875,0.992,NA,NA,3228.5,0,0,0.07,#DIV/0!,-5.796875,-4.224,#DIV/0!,#DIV/0!,#DIV/0!,0.40186915887850466,0.01313779407271616,0.127,0.002,0.30899487590141905,-0.2505,-1.2335124786483795,6.46,0.086,0.089,-0.523,,-0.528,0.128,0,0,0.532,Pharmaceuticals,Healthcare,6.45,63.4,,-0.742,,,,,,0,0,0,0,0,0,0,0,0,0,0.002,0,0.07,0.149,0.058,0.199,-0.194,-0.098,-0.087,-0.187,0,0,0,0,-0.51,-0.253,-0.297,-0.108,-0.19,-0.041,-0.083,-0.036,-0.024,-0.038,-0.52,-0.937,-0.528
Lotus Ventures Inc. (CNSX:J),CNSX:J,Canada (Primary),5.93,NA,30.56701030927835,-0.352941176470585,NA,NA,5753,0,0,0.137,0.9531104867747497,-3.134020618556701,-33.11764705882349,#DIV/0!,#DIV/0!,#DIV/0!,0,0,0.17100000000000004,0.15400000000000003,0.13222896808188445,-0.4695,-0.28163784468984976,5.93,0,0.177,0,0,-0.563,0.194,0,0,0.509,Pharmaceuticals,Healthcare,5.78,60.3,,-0.608,,,,,,,,,,,,,,,0.017,0.001,0.001,0.137,0.166,0.133,0.202,,,,,,,,,,0,0,,,,,,,,,-0.376,-0.563
"Cardax, Inc. (OTCPK:CDXI)",OTCPK:CDXI,United States of America (Primary),5.67,NA,NA,NA,NA,NA,16.181538461538462,0,0,1.99,3.996548927929362,0.9226666666666666,0.843547224224946,#DIV/0!,#DIV/0!,#DIV/0!,0,0,6.008100000000001,10.1691,6.183609382876641,-6.612499999999999,-0.9351394151798325,5.67,0,0.411,-3.49,0,-3.51,-3.75,0,0,1.24,Pharmaceuticals,Healthcare,5.15,95.2,,-3.46,,,,,,,,,,,,,0.703,1.16,0.936,0.325,0.012,1.99,0.07,0.03,0.39,,,,,,,,-1.55,0,0,0,,,,,,,-1.8,-15.6,-5.54,-3.51
Alliance Growers Corp. (CNSX:ACG),CNSX:ACG,Canada (Primary),5.56,NA,NA,NA,NA,NA,NA,0,0,-8.39,-5.642775250119793,54.69230769230769,14.600000000000001,#DIV/0!,#DIV/0!,#DIV/0!,0,0,-0.015,0,0.05515432893255061,-0.258,-0.2137764687308163,5.56,0,0.002,0,0,-0.219,-0.013,0,-0.021,0.018,Pharmaceuticals,Healthcare,5.49,76.6,,-0.711,,,,,,,,,,,,,,,0,0,0.107,-8.39,0.177,0.011,0.25,,,,,,,,,,0,0,,,,,,,,,-0.297,-0.219
RespireRx Pharmaceuticals Inc. (OTCPK:RSPI),OTCPK:RSPI,United States of America (Primary),5.55,NA,NA,NA,NA,NA,2.23943661971831,0,0,-1.25,-2.3241742005034207,3.286713286713287,4.073170731707317,#DIV/0!,#DIV/0!,#DIV/0!,-0.43214822233350025,0.13457040386714486,20.909999999999997,22.959999999999997,5.16943968594921,-7.212000000000001,-0.7167830956668344,5.55,0.863,0.053,-8.34,0,-8.35,-2.86,0,0,2.27,Pharmaceuticals,Healthcare,6.24,46,,-9.4,,,,,,13.1,11.1,10.9,7.39,4.01,2.46,1.37,0.518,0.193,1.16,2.84,0.014,-1.25,2.75,2.01,12.35,0,0,0,0,0,0,0,0,0,0,0,-14.4,-15.3,-11.5,-8.5,-4.44,-2.08,-1.42,-2.82,-3.31,-8.35
Generex Biotechnology Corp. (OTCPK:GNBT),OTCPK:GNBT,Canada (Primary),5.33,NA,NA,NA,NA,NA,7.078825347758887,0,0,0.654,1.7196949231103258,0.14475271411338964,0.2865044247787611,#DIV/0!,#DIV/0!,#DIV/0!,0,0,28.419000000000004,37.459,11.883061520968031,-16.968000000000004,-0.7003218718156546,5.33,0,0.75,-2.3,0,-2.59,-8.29,0,0,0.003,Pharmaceuticals,Healthcare,5.28,83.1,,-1.2,,,,,,5.1,11,15.2,15.3,12.9,11.3,6.23,2.78,1.66,1.14,0.647,0.007,0.654,0.006,0.004,0.01,0,0,0,0,0,0,0,0,0,0,0,-24.9,-31.8,-27.7,-29.7,-24.5,-13.5,-6.53,-5.16,-3.3,-2.59
Revive Therapeutics Ltd. (TSXV:RVV),TSXV:RVV,Canada (Primary),5.25,NA,11.986301369863014,NA,NA,NA,3.487603305785124,0,0,-0.97,-1.8716418132012005,-4.8173515981735155,3.513513513513513,#DIV/0!,#DIV/0!,#DIV/0!,0,0,6.175699999999999,6.7677,0.8378148164521007,-1.1835,-0.7079128149151674,5.25,0,1.03,-2.07,0,-2.08,0.438,0,0,0.651,Pharmaceuticals,Healthcare,4.26,76.5,,-2.11,,,,,,,,,,,,,0.061,0.155,0.599,1.21,0.013,-0.97,0.11,0.063,0.515,,,,,,,,0,-0.326,-1.35,-1.96,,,,,,,-0.183,-0.851,-1.62,-2.08
"Boston Therapeutics, Inc. (OTCPK:BTHE)",OTCPK:BTHE,United States of America (Primary),4.96,NA,NA,NA,120.68181818181819,NA,50.57142857142857,0,0.672,-1.69,-3.394054114673679,11.299435028248586,7.403314917127071,-30.454545454545457,-27.47727272727273,-136.36363636363637,-2.7928571428571427,0.0730704541207251,6.7105999999999995,6.8915999999999995,1.989372418389181,-2.1524285714285716,-0.9242454986874803,4.96,0.391,0.041,-1.27,0.044,-1.34,-0.531,0,0,0.2,Pharmaceuticals,Healthcare,5.06,39.5,,-6,,67.2,,,,,,,,0,0.138,0.213,0.234,1.54,0.582,0.061,0.012,-1.69,0.109,0.025,0.17,,,,,0,0,0,0,0,0,0,,,,-0.411,-0.606,-1.17,-2.86,-6.16,-2.52,-1.34
Polydex Pharmaceuticals Ltd. (OTCPK:POLX.F),OTCPK:POLX.F,Canada (Primary),4.6,5.111111111111111,1.1528822055137844,0.9753331591324796,0.7394999999999999,6.012195121951219,0.7393767705382435,0,0.0236,0.09,#DIV/0!,0.22556390977443608,0.12620851842174025,0.0805,0.12316666666666666,0.15,0.17681039818444397,0.15704599596848084,3.8956000000000004,0.06860000000000001,0.7654241307928564,-0.19309999999999997,-3.9638743179329703,4.6,0.857,1.02,0.738,6,0.483,3.99,0,0,0.009,Pharmaceuticals,Healthcare,4.15,84,,0.9,,2.36,16.3,,,0.323,0.125,0.088,0.009,0.002,0.003,0.004,0.001,0.003,0.003,0.001,0,0.09,1.36,1.09,2.82,0,0,0,0,0,0,0,0,0,0,0,-0.821,-0.766,-1.41,-0.973,0.043,-0.176,0.355,0.377,0.957,0.483
"Petlife Pharmaceuticals, Inc. (OTCPK:PTLF)",OTCPK:PTLF,United States of America (Primary),4.57,NA,NA,NA,NA,NA,NA,0,0,1.43,5.743783886370841,1.0547945205479452,1.0845070422535212,#DIV/0!,#DIV/0!,#DIV/0!,-0.028169014084507043,0.002183406113537118,-0.21099999999999997,0.14400000000000002,1.8101542291565471,-1.2316666666666667,-1.4696786704924605,4.57,0.01,0,0,0,-0.385,-0.365,0,0,0,Pharmaceuticals,Healthcare,4.58,47.5,,-0.385,,,,,,,,,,,,,,0,0.016,0,0.003,1.43,0.6,0.078,1,,,,,,,,,0,0,0,,,,,,,,0,-3.31,-0.385
Veritas Pharma Inc. (DB:2VP),DB:2VP,Canada (Primary),4.52,NA,10.997566909975669,1.0441860465116277,NA,NA,NA,0,0,0,#DIV/0!,-2.5304136253041363,-1.8162790697674422,#DIV/0!,#DIV/0!,#DIV/0!,0.10065645514223195,0.010074463425317565,0.42999999999999994,0,0.617304219975856,-0.34450000000000003,-1.7918845282318026,4.52,0.046,0.027,0,0,-0.781,0.411,0,0,0.863,Pharmaceuticals,Healthcare,4.6,72,,-1.04,,,,,,,,,,,,,,,0,0,,,0.182,0.134,0.509,,,,,,,,,,0,0,,,,,,,,,0.092,-0.781
Vodis Pharmaceuticals Inc. (DB:1JV),DB:1JV,Canada (Primary),4.11,NA,14.027303754266214,1.8308314087759814,77.06944444444446,NA,77.06944444444446,0,0,1.19,2.6179999999999994,-7.098976109215018,-1.0392609699769053,-25.000000000000004,0,-28.888888888888893,0.830929024812464,0.2594594594594594,1.732,0,0.304055915910216,-1.585,-0.19183338543231296,4.11,1.44,0.001,0,0.072,-1.8,0.293,0,0,0.977,Pharmaceuticals,Healthcare,5.37,29.4,,-2.08,,,,,,,,,,,,,,,0,0,0.01,1.19,0.085,0.014,0.138,,,,,,,,,,0,0,,,,,,,,,-1.37,-1.8
Eastgate Biotech Corp. (OTCPK:ETBI),OTCPK:ETBI,Canada (Primary),3.93,NA,NA,NA,NA,NA,NA,0,0,-2.2,-2.122480406723011,#DIV/0!,#DIV/0!,#DIV/0!,#DIV/0!,#DIV/0!,#DIV/0!,0,0,0,#DIV/0!,#DIV/0!,#DIV/0!,3.93,,,,,,,,,,Pharmaceuticals,Healthcare,5.22,77.8,,,,,,,,,,,,,,,,,,,0.052,-2.2,0.014,0.011,0.041,,,,,,,,,,,,,,,,,,,,,
ULURU Inc. (OTCPK:ULUR),OTCPK:ULUR,United States of America (Primary),3.78,NA,0.8999999999999999,3.9309573241061133,5.185430463576158,NA,2.8639356254572053,0,-0.0953,1.77,2.6871152880791276,-0.5761904761904761,-0.5028835063437139,-2.8874172185430464,-1.0304635761589402,-3.205298013245033,0.0697674418604651,0.07692307692307693,16.905700000000003,12.5707,2.8769706289776438,-4.593999999999999,-0.6262452392202099,3.78,0.315,0.18,-1.39,0.755,-2.18,4.2,0,0,2.99,Pharmaceuticals,Healthcare,3.18,45.7,,-2.42,,-9.53,,,,1.78,2.12,2.84,3.39,1.27,1.12,0.795,0.845,0.784,0.822,0.612,0.021,1.77,0.06,0.03,0.23,0,0,0,0,0,0,0,0,0,0,0,-4.3,-6.82,-11.8,-5.18,-3.64,-3.51,-2.88,-2.84,-2.79,-2.18
Vanc Pharmaceuticals Inc. (TSXV:NPH),TSXV:NPH,Canada (Primary),3.76,NA,1.606837606837607,-0.09075000000000057,3.2034632034632033,NA,3.1942446043165464,0,0,-0.122,#DIV/0!,-0.6752136752136753,-2.275000000000001,-2.6262626262626267,-2.608946608946609,-2.27994227994228,0,0,1.4673999999999996,0.6674,1.0374519480170845,-1.3089000000000002,-0.7926136053304946,3.76,0,1.54,-1.81,0.693,-1.82,2.34,0,-1.42,0,Pharmaceuticals,Healthcare,2.87,97.5,,-1.58,,,,,,0,0,0.181,0.163,0.21,0.08,0.031,0.009,0.033,0.045,0.002,0,-0.122,0.063,0.059,0.398,-0.27,-0.296,-0.704,-0.69,-3.33,-1.72,-0.323,-0.145,-0.435,-0.603,0,-0.477,-1.63,-1,-3.71,-1.8,-0.352,-0.183,-0.727,-1.39,-1.82
Global Hemp Group Inc. (CNSX:AAF),CNSX:AAF,Canada (Primary),3.67,NA,NA,NA,775.1999999999999,NA,775.1999999999999,0,0,5.21,3.9314335658068726,0.2458233890214797,0.2112676056338028,-9,0,-20.599999999999998,-0.9952380952380953,0.05387986594483114,-0.213,0,0.6227517697017543,-0.44883333333333336,-1.3874900179021632,3.67,0.209,0.003,0,0.005,-0.045,-0.419,0,0,0,Pharmaceuticals,Healthcare,3.82,89.7,,-0.103,,,,,,,,,,,0,0,0,0,0,0,0.085,5.21,0.026,0.004,0.055,,,,,,0,0,0,0,0,0,,,,,-0.16,-0.098,-0.077,-0.693,-1.62,-0.045
"True Nature Holding, Inc. (OTCPK:TNTY)",OTCPK:TNTY,United States of America (Primary),3.57,NA,NA,NA,NA,NA,NA,0,0,0,#DIV/0!,3.557692307692308,6.056338028169014,#DIV/0!,#DIV/0!,#DIV/0!,-0.3065326633165829,0.03304442036836403,-0.42600000000000005,0,#DIV/0!,-2.58,#DIV/0!,3.57,0.122,0.028,0,0,-2.58,-0.52,0,0,0.158,Pharmaceuticals,Healthcare,3.94,,,-1.85,,,,,,,,,,,,,,,,0,,,0.24,0.111,3.48,,,,,,,,,,,0,,,,,,,,,,-2.58
GelStat Corp. (OTCPK:GSAC),OTCPK:GSAC,United States of America (Primary),3.38,NA,NA,NA,NA,NA,NA,0,0,3.23,3.5982629712482677,#DIV/0!,#DIV/0!,#DIV/0!,#DIV/0!,#DIV/0!,#DIV/0!,0,0,0,#DIV/0!,#DIV/0!,#DIV/0!,3.38,,,,,,,,,,Pharmaceuticals,Healthcare,4.01,55.5,,,,,,,,,,,,,,,,,,,0.039,3.23,0.008,0.002,0.02,,,,,,,,,,,,,,,,,,,,,
"Therapeutic Solutions International, Inc. (OTCPK:TSOI)",OTCPK:TSOI,United States of America (Primary),3.33,NA,NA,NA,NA,NA,NA,0,0,-0.087,#DIV/0!,#DIV/0!,#DIV/0!,#DIV/0!,#DIV/0!,#DIV/0!,#DIV/0!,0,0,0,#DIV/0!,#DIV/0!,#DIV/0!,3.33,,,,,,,,,,Pharmaceuticals,Healthcare,3.32,33,,,,,,,,,,,,,,,,,,,0,-0.087,0.005,0.002,0.012,,,,,,,,,,,,,,,,,,,,,
"Sunshine Biopharma, Inc. (OTCPK:SBFM)",OTCPK:SBFM,Canada (Primary),3.02,NA,NA,4.286382113821138,NA,NA,100.21951219512195,0,0,-2.14,-5.263704019034505,2.579564489112228,-1.4613821138211383,#DIV/0!,#DIV/0!,#DIV/0!,2.0994475138121547,0.2740384615384615,1.0199,0.5279,0.6031989445172015,-1.1041666666666667,-0.5462933837136918,3.02,1.14,0.051,0,0,-0.719,-0.597,0,0,0.104,Pharmaceuticals,Healthcare,4.16,57.9,,-1.54,,,,,,,,,,,0.018,0.127,0.023,0.437,0.004,0.041,0.008,-2.14,0.004,0.002,0.038,,,,,,0,0,0,0,0,0,,,,,-0.548,-0.628,-1.63,-2.03,-1.07,-0.719
Canadian International Pharma Corp. (TSXV:CIP.H),TSXV:CIP.H,Canada (Primary),2.18,NA,NA,NA,NA,NA,NA,0,0,-1.06,-2.4581438345042206,11.530612244897958,37.66666666666666,#DIV/0!,#DIV/0!,#DIV/0!,-3.4545454545454537,0.03368794326241134,-0.030000000000000006,0,0.5390531719804849,-0.7750999999999999,-0.6954627428467101,2.18,0.076,0.008,-0.117,0,-1.13,-0.098,0,0,0.683,Pharmaceuticals,Healthcare,1.87,76.4,,-1.13,,,,,,0,0,0,0,0,0,0,0,0,0,0,0.009,-1.06,0.066,0.04,0.11,0,0,0,0,0,0,0,0,0,0,0,-0.71,-2.05,-1.1,-0.437,-0.487,-0.439,-0.733,-0.491,-0.174,-1.13
MYM Nutraceuticals Inc. (DB:0MY),DB:0MY,Canada (Primary),1.91,NA,NA,NA,NA,NA,NA,0,0,-0.407,#DIV/0!,5.315789473684211,1.5474452554744524,#DIV/0!,#DIV/0!,#DIV/0!,-4.846153846153847,0.0618860510805501,-0.137,0,0.11424097338520889,-0.22699999999999998,-0.503264199934841,1.91,0.126,0.111,-0.21,0,-0.212,-0.152,0,0,0.15,Pharmaceuticals,Healthcare,1.95,55.7,,-0.808,,,,,,,,,,,,,,0,0,0,0,-0.407,0.035,0.005,0.063,,,,,,,,,0,0,0,,,,,,,,-0.348,-0.121,-0.212
Gala Global Inc. (OTCPK:GLAG),OTCPK:GLAG,United States of America (Primary),1.7,NA,NA,NA,1005.5,NA,1005.5,0,0,-0.2,#DIV/0!,0.5625,1.2810457516339868,-98,0,-130.5,-2.072847682119205,0.15548931942374566,-0.15300000000000002,0,0.20249386821992085,-0.14416666666666667,-1.4045817448780638,1.7,0.313,0.002,,0.002,-0.196,-0.464,0,0,0,Pharmaceuticals,Healthcare,2.04,47.8,,-0.261,,,,,,,,,,,0,0,0,0,0,0,0,-0.2,0.012,0.002,0.03,,,,,,0,0,0,0,0,0,,,,,-0.001,-0.035,-0.053,-0.046,-0.534,-0.196
Pharmos Corp. (OTCPK:PARS),OTCPK:PARS,United States of America (Primary),1.26,NA,NA,NA,NA,NA,NA,0,0,-0.752,-2.3396749175900484,#DIV/0!,#DIV/0!,#DIV/0!,#DIV/0!,#DIV/0!,#DIV/0!,0,0,0,#DIV/0!,#DIV/0!,#DIV/0!,1.26,,,,,,,,,,Pharmaceuticals,Healthcare,,,,,,,,,,,,,,,,,,,,,0.005,-0.752,0.021,0.005,0.06,,,,,,,,,,,,,,,,,,,,,
Canopus BioPharma Incorporated (OTCPK:CBIA),OTCPK:CBIA,United States of America (Primary),1.14,NA,NA,NA,NA,NA,NA,0,0,0,#DIV/0!,#DIV/0!,#DIV/0!,#DIV/0!,#DIV/0!,#DIV/0!,#DIV/0!,0,0,0,#DIV/0!,#DIV/0!,#DIV/0!,1.14,,,,,,,,,,Pharmaceuticals,Healthcare,,,,,,,,,,,,,,,,,,,,,,,0.123,0.1,0.2,,,,,,,,,,,,,,,,,,,,,
Novadel Pharma Inc. (OTCPK:NVDL),OTCPK:NVDL,United States of America (Primary),0.914,NA,NA,NA,NA,NA,NA,0,0,0.251,#DIV/0!,#DIV/0!,#DIV/0!,#DIV/0!,#DIV/0!,#DIV/0!,#DIV/0!,0,29.929,29.929,4.677411142929389,-7.916666666666667,-0.5908308812121333,0.914,,,,,,,,,,Pharmaceuticals,Healthcare,,,,,,,,,,0,1.79,1.49,3.53,5.51,11.9,3.88,2.47,2.79,1.55,,0,0.251,0.007,0.001,0.03,0,0,0,0,0,-16.1,-6.51,-5.14,-2.24,0,,-6.19,-6.8,-10.2,-9.92,-18.2,-8.24,-6.1,-2.97,-2.63,
Matica Enterprises Inc. (DB:39N),DB:39N,Canada (Primary),0.843,NA,NA,NA,NA,NA,NA,0,0,-4.06,-4.707577343437327,15.231788079470197,8.17351598173516,#DIV/0!,#DIV/0!,#DIV/0!,0,0,2.8859999999999997,3.1049999999999995,0.6575437926752212,-0.646125,-1.0176727300061463,0.843,0,0.068,-1.22,0,-1.79,-0.151,0,0,0.761,Pharmaceuticals,Healthcare,0.776,94.9,,-2.3,,,,,,,,,0,0,0,0,0,0,0.345,0,0.036,-4.06,0.009,0.001,0.023,,,,0,0,0,0,-0.272,-0.43,-1.11,-0.92,,,-0.083,-0.122,-0.155,-0.338,-0.349,-0.882,-1.45,-1.79
"Targeted Medical Pharma, Inc. (OTCPK:TRGM)",OTCPK:TRGM,United States of America (Primary),0.766,NA,NA,NA,1.1374524714828897,NA,1.1348634294385433,0,-0.07150000000000001,-0.412,#DIV/0!,0.23565891472868217,0.24599765716516983,-0.3593155893536122,-0.3133079847908745,-0.5779467680608366,-0.6973684210526315,0.8737223870755028,-5.714200000000001,1.9687999999999997,1.9100226874743311,-3.533333333333333,-0.5405724587191504,0.766,5.3,0.083,-1.66,5.26,-1.89,-12.9,0,0,0,Pharmaceuticals,Healthcare,5.95,38.4,,-3.04,,-7.15,,,,,,,,,0.32,0.163,0.134,0.229,0.158,0.012,0,-0.412,0.025,0.004,0.1,,,,,,-0.939,-3.48,-4.32,-2.02,-1.29,-1.32,,,,,-1.58,-5.55,-6.14,-3.43,-2.61,-1.89
Lescarden Inc. (OTCPK:LCAR),OTCPK:LCAR,United States of America (Primary),0.763,13.385964912280702,NA,NA,2.3752860411899315,NA,2.3752860411899315,0,-0.0179,0.421,2.071046160760305,-0.14805194805194805,-0.5181818181818183,0.13043478260869565,0,0.13043478260869565,-2.632075471698114,0.2677543186180422,-0.10999999999999999,0,0.20963961139695586,-0.13090000000000002,-1.601524915179189,0.763,0.279,0.004,0,0.437,0.057,-0.385,0,0,0,Pharmaceuticals,Healthcare,1.07,25.1,,0.057,,-1.79,,,,0,0,0,0,0,0,0,0,0,0,0,0.002,0.421,0.012,0.008,0.03,0,0,0,0,0,0,0,0,0,0,0,0.274,-0.473,-0.227,0.036,-0.185,-0.179,-0.147,-0.322,-0.143,0.057
"Verde Science, Inc. (OTCPK:VRCI)",OTCPK:VRCI,United States of America (Primary),0.68,NA,NA,NA,NA,NA,NA,0,0,-1.32,-9.183254325128974,#DIV/0!,#DIV/0!,#DIV/0!,#DIV/0!,#DIV/0!,#DIV/0!,0,0,0,#DIV/0!,#DIV/0!,#DIV/0!,0.68,,,,,,,,,,Pharmaceuticals,Healthcare,0.755,83,,,,,,,,,,,,,,,,,,,0.001,-1.32,0.029,0,0.07,,,,,,,,,,,,,,,,,,,,,
"Avantogen Oncology, Inc. (OTCPK:AVTO)",OTCPK:AVTO,United States of America (Primary),0.371,NA,NA,NA,NA,NA,NA,0,0,0.457,#DIV/0!,#DIV/0!,#DIV/0!,#DIV/0!,#DIV/0!,#DIV/0!,#DIV/0!,0,18.54,18.54,#DIV/0!,-3.91,#DIV/0!,0.371,,,,,,,,,,Pharmaceuticals,Healthcare,,,,,,,,,,,,,,,,,,,2.06,,0,0.457,0.005,0.004,0.056,,,,,,,,,,0,,,,,,,,,,-3.91,
"Nouveau Life Pharmaceuticals, Inc. (OTCPK:NOUV)",OTCPK:NOUV,United States of America (Primary),0.311,NA,NA,NA,NA,NA,NA,0,0,-1.14,-7.9309923717022945,#DIV/0!,#DIV/0!,#DIV/0!,#DIV/0!,#DIV/0!,#DIV/0!,0,0,0,#DIV/0!,#DIV/0!,#DIV/0!,0.311,,,,,,,,,,Pharmaceuticals,Healthcare,,,,,,,,,,,,,,,,,,,,,0.001,-1.14,0,0,0.001,,,,,,,,,,,,,,,,,,,,,
"Medican Enterprises, Inc. (OTCPK:MDCN)",OTCPK:MDCN,United States of America (Primary),0.261,NA,NA,NA,NA,NA,NA,0,0,-5.13,#DIV/0!,#DIV/0!,#DIV/0!,#DIV/0!,#DIV/0!,#DIV/0!,#DIV/0!,0,0,0,#DIV/0!,#DIV/0!,#DIV/0!,0.261,,,,,,,,,,Pharmaceuticals,Healthcare,8.02,89.2,,,,,,,,,,,,,,,,,,,0,-5.13,0,0,0.001,,,,,,,,,,,,,,,,,,,,,
"MDEChem, Inc. (OTCPK:MDKM)",OTCPK:MDKM,United States of America (Primary),0.254,NA,NA,NA,NA,NA,NA,0,0,2.06,2.266,#DIV/0!,#DIV/0!,#DIV/0!,#DIV/0!,#DIV/0!,#DIV/0!,0,0,0,#DIV/0!,#DIV/0!,#DIV/0!,0.254,,,,,,,,,,Pharmaceuticals,Healthcare,,,,,,,,,,,,,,,,,,,,,0.04,2.06,0.012,0.009,0.04,,,,,,,,,,,,,,,,,,,,,
"MedGen, Inc. (OTCPK:MDIN)",OTCPK:MDIN,United States of America (Primary),0.182,NA,NA,NA,NA,NA,NA,0,0,-2.3,-4.824520701582697,#DIV/0!,#DIV/0!,#DIV/0!,#DIV/0!,#DIV/0!,#DIV/0!,0,0,0,#DIV/0!,#DIV/0!,#DIV/0!,0.182,,,,,,,,,,Pharmaceuticals,Healthcare,,,,,,,,,,,,,,,,,,,,,0.011,-2.3,0,0,0.001,,,,,,,,,,,,,,,,,,,,,
"Rock Creek Pharmaceuticals, Inc. (OTCPK:RCPI.Q)",OTCPK:RCPI.Q,United States of America (Primary),0.17,NA,NA,7.328376490813366,NA,NA,10.679255319148938,0,0,0.824,2.5636863458699466,1.0471698113207548,-0.844525625872999,#DIV/0!,#DIV/0!,#DIV/0!,2.0816326530612246,0.9917355371900826,48.298199999999994,38.9912,8.867357366581473,-21.956,-0.4038694373556874,0.17,20.4,0.493,-7.74,0,-7.86,-10.6,0,0,0.511,Pharmaceuticals,Healthcare,15.1,100,,-11.1,,,,,,0.101,0.176,0.048,1.04,3.23,2,4.18,4.58,1.87,3.03,1.88,0.005,0.824,0.001,0.001,1.26,0,0,0,0,0,0,0,0,0,0,0,-14.8,-20.5,-21.3,-24.4,-20.9,-37,-29.2,-31,-12.6,-7.86
"Neuro-Hitech, Inc. (OTCPK:NHPI)",OTCPK:NHPI,United States of America (Primary),0.154,NA,NA,NA,NA,NA,NA,0,0,0.161,#DIV/0!,#DIV/0!,#DIV/0!,#DIV/0!,#DIV/0!,#DIV/0!,#DIV/0!,0,0,0,#DIV/0!,#DIV/0!,#DIV/0!,0.154,,,,,,,,,,Pharmaceuticals,Healthcare,,,,,,,,,,,,,,,,,,,,,0,0.161,0,0,0.001,,,,,,,,,,,,,,,,,,,,,
"ARYx Therapeutics, Inc. (OTCPK:ARYX)",OTCPK:ARYX,United States of America (Primary),0.135,NA,NA,NA,NA,NA,NA,0,0,-8.24,-6.369529935948042,#DIV/0!,#DIV/0!,#DIV/0!,#DIV/0!,#DIV/0!,#DIV/0!,0,0,0,#DIV/0!,#DIV/0!,#DIV/0!,0.135,,,,,,,,,,Pharmaceuticals,Healthcare,,,,,,,,,,,,,,,,,,,,,0.081,-8.24,0.004,0.002,0.015,,,,,,,,,,,,,,,,,,,,,
"Greenworld Development, Inc. (OTCPK:GREW)",OTCPK:GREW,United States of America (Primary),0.118,NA,NA,NA,NA,NA,NA,0,0,3.04,5.129461845411213,#DIV/0!,#DIV/0!,#DIV/0!,#DIV/0!,#DIV/0!,#DIV/0!,0,0,0,0.016441816606851366,-0.14433333333333334,-0.11391558850012493,0.118,,,,,,,,,,Pharmaceuticals,Healthcare,,,,,,,,,,,,,,,,,0,0,0,,0.017,3.04,0.001,0.001,0.01,,,,,,,,0,0,0,,,,,,,,-0.132,-0.138,-0.163,
Bell Rose Capital Inc. (OTCPK:BELR),OTCPK:BELR,United States of America (Primary),0.113,NA,NA,NA,NA,NA,NA,0,0,0.23,0.5333708320150666,#DIV/0!,#DIV/0!,#DIV/0!,#DIV/0!,#DIV/0!,#DIV/0!,0,0,0,0.5275016587651644,0.499,1.0571175526356,0.113,,,,,,,,,,Pharmaceuticals,Healthcare,,,,,,,,,,,,,,,,,,0,0,,0.009,0.23,0.55,0.51,0.85,,,,,,,,,0,0,,,,,,,,,0.126,0.872,
"Acusphere, Inc. (OTCPK:ACUS)",OTCPK:ACUS,United States of America (Primary),0.111,NA,NA,NA,NA,NA,NA,0,0,-0.31,-2.156673364234835,#DIV/0!,#DIV/0!,#DIV/0!,#DIV/0!,#DIV/0!,#DIV/0!,0,0,0,#DIV/0!,#DIV/0!,#DIV/0!,0.111,,,,,,,,,,Pharmaceuticals,Healthcare,,,,,,,,,,,,,,,,,,,,,0.001,-0.31,0.023,0.023,0.299,,,,,,,,,,,,,,,,,,,,,
Pivotal Therapeutics Inc. (OTCPK:PVTT.F),OTCPK:PVTT.F,Canada (Primary),0.101,NA,NA,15.022234891676165,18.112781954887215,NA,7.169642857142856,0,0,0.463,3.2210960246475118,0.7135416666666667,-2.74800456100342,-9.06015037593985,-7.157894736842104,-10.300751879699249,3.999999999999999,0.9806550469258762,8.4575,7.5805,1.4771154321853128,-2.812,-0.5252899829961994,0.101,5.12,0.403,-2.31,0.266,-2.41,-3.84,0,0,0,Pharmaceuticals,Healthcare,5.33,65.3,,-2.74,,,,,,,,,,,,0,0.099,0.534,0.742,0.406,0.001,0.463,0.001,0.001,0.053,,,,,,,0,0,0,0,0,,,,,,-0.76,-3.05,-2.96,-4.88,-2.41
AtheroNova Inc. (OTCPK:AHRO.Q),OTCPK:AHRO.Q,United States of America (Primary),0.088,NA,NA,NA,NA,NA,NA,0,0,-2.82,-5.44126795178081,#DIV/0!,#DIV/0!,#DIV/0!,#DIV/0!,#DIV/0!,#DIV/0!,0,0,0,#DIV/0!,#DIV/0!,#DIV/0!,0.088,,,,,,,,,,Pharmaceuticals,Healthcare,,,,,,,,,,,,,,,,,,,,,0.013,-2.82,0.01,0.002,0.06,,,,,,,,,,,,,,,,,,,,,
"Inyx, Inc. (OTCPK:IYXI)",OTCPK:IYXI,United States of America (Primary),0.08,NA,NA,NA,NA,NA,NA,0,0,-2.55,-3.4791743052272968,#DIV/0!,#DIV/0!,#DIV/0!,#DIV/0!,#DIV/0!,#DIV/0!,0,30.592,30.592,3.1437292080160697,-9.953333333333333,-0.3158468728750238,0.08,,,,,,,,,,Pharmaceuticals,Healthcare,,,,,,,,,,,,,,,,,0,1.34,3.28,,0.026,-2.55,0.002,0.001,0.005,,,,,,,,0,0,0,,,,,,,,-7.51,-8.85,-13.5,
MediJane Holdings Inc. (OTCPK:MJMD),OTCPK:MJMD,United States of America (Primary),0.059,NA,NA,NA,NA,NA,NA,0,0,-1.73,-5.382496818392,#DIV/0!,#DIV/0!,#DIV/0!,#DIV/0!,#DIV/0!,#DIV/0!,0,0,0,#DIV/0!,#DIV/0!,#DIV/0!,0.059,,,,,,,,,,Pharmaceuticals,Healthcare,1.56,,,,,,,,,,,,,,,,,,,,0.005,-1.73,2.42,1,7.77,,,,,,,,,,,,,,,,,,,,,
Nutranomics Inc. (OTCPK:NNRX),OTCPK:NNRX,United States of America (Primary),0.058,NA,NA,NA,0.5461538461538462,NA,0.5454545454545455,0,0,3.74,6.132789106289423,1.4041095890410957,1.831831831831832,-0.782051282051282,-0.7807692307692308,-1.3141025641025639,-1.5347222222222223,0.9384288747346071,-0.5942,0.0718,0.6117567599408554,-1.1043333333333332,-0.5539602414194285,0.058,0.884,0.09,-1.22,1.56,-1.22,-1.46,0,0,0,Pharmaceuticals,Healthcare,1.25,79.5,,-2.05,,,,,,,,,,,,,,0.076,0.001,0.002,0.018,3.74,0,0,0.002,,,,,,,,,0,0,0,,,,,,,,-0.443,-1.65,-1.22
AXM Pharma Inc. (OTCPK:AXMP),OTCPK:AXMP,United States of America (Primary),0.045,NA,NA,NA,NA,NA,NA,0,0,-2.81,-4.167903549747763,#DIV/0!,#DIV/0!,#DIV/0!,#DIV/0!,#DIV/0!,#DIV/0!,0,0,0,7.244568747229425,-7.015666666666667,-1.0326272742760618,0.045,,,,,,,,,,Pharmaceuticals,Healthcare,,,,,,,,,,,,,,,,,0,0,0,,0.022,-2.81,0.002,0.002,0.03,,,,,,,,0,0,0,,,,,,,,-0.167,-6.28,-14.6,
"Medically Minded, Inc. (OTCPK:MMHC)",OTCPK:MMHC,United States of America (Primary),0.025,NA,NA,NA,NA,NA,NA,0,0,0.367,2.5532229828199493,#DIV/0!,#DIV/0!,#DIV/0!,#DIV/0!,#DIV/0!,#DIV/0!,0,4.1084000000000005,4.1084000000000005,0.523777545019512,-0.79975,-0.6549265958355887,0.025,,,,,,,,,,Pharmaceuticals,Healthcare,,,,,,,,,,,,,,,,0.829,1.62,0.295,0.249,,0.001,0.367,0.001,0,0.006,,,,,,,-0.844,0,0,0,,,,,,,-0.913,-1.49,-0.324,-0.472,
Puramed Bioscience Inc (OTCPK:PMBS),OTCPK:PMBS,United States of America (Primary),0.02,NA,NA,NA,NA,NA,NA,0,0,70.9,119.63119896041283,#DIV/0!,#DIV/0!,#DIV/0!,#DIV/0!,#DIV/0!,#DIV/0!,0,0,0,#DIV/0!,#DIV/0!,#DIV/0!,0.02,,,,,,,,,,Pharmaceuticals,Healthcare,,,,,,,,,,,,,,,,,,,,,0.017,70.9,0,0,0.001,,,,,,,,,,,,,,,,,,,,,
"Golden Age Resources, Inc. (OTCPK:GDAR)",OTCPK:GDAR,United States of America (Primary),0.011,NA,NA,NA,NA,NA,NA,0,0,0,#DIV/0!,#DIV/0!,#DIV/0!,#DIV/0!,#DIV/0!,#DIV/0!,#DIV/0!,0,0,0,#DIV/0!,#DIV/0!,#DIV/0!,0.011,,,,,,,,,,Pharmaceuticals,Healthcare,,71.5,,,,,,,,,,,,,,,,,,,,,0,0,0,,,,,,,,,,,,,,,,,,,,,
"Green and Hill Industries, Inc (OTCPK:GHIL)",OTCPK:GHIL,Canada (Primary),0.01,NA,NA,NA,NA,NA,NA,0,0,-32.1,-52.63704019034505,#DIV/0!,#DIV/0!,#DIV/0!,#DIV/0!,#DIV/0!,#DIV/0!,0,0,0,#DIV/0!,#DIV/0!,#DIV/0!,0.01,,,,,,,,,,Pharmaceuticals,Healthcare,,,,,,,,,,,,,,,,,,,,,0.018,-32.1,0,0,0.03,,,,,,,,,,,,,,,,,,,,,
