Company Name,Exchange:Ticker,Industry Classifications,Market Cap Class,Enterprise Value,Market Cap,Invested Capital,PE,PBV,EV/EBITDAR,EV/EBITDA,EV/EBIT,EV/Sales,EV/Invested Capital,ROE,ROIC,R&D/Sales,Operating Margin adjusted for R&D,Dividend Payout Rate,(Dividends + Buybacks)/ Net Income,Revenue Growth Rate (last 5 years),Expcted growth in EPS,Operating Margin,R&D Effect on Earnings,EBITDAR
"Mistral Ventures, Inc. (OTCPK:MILV)",OTCPK:MILV,Pharmaceuticals (Primary),1,0.001,0.001,0,NA,NA,NA,NA,NA,NA,NA,NA,NA,NA,NA,NA,NA,NA,NA,NA,0,0
"Allon Therapeutics, Inc. (OTCPK:NPCU.F)",OTCPK:NPCU.F,Biotechnology (Primary),1,0.001,0.001,0,NA,NA,NA,NA,NA,NA,NA,NA,NA,NA,NA,NA,NA,NA,NA,NA,-6.0329999999999995,0
"Neuro-Hitech, Inc. (OTCPK:NHPI)",OTCPK:NHPI,Pharmaceuticals (Primary),1,0.003,0.003,0,NA,NA,NA,NA,NA,NA,NA,NA,NA,NA,NA,NA,NA,NA,NA,NA,-0.8429,0
Panacos Pharmaceuticals Inc. (OTCPK:PANC),OTCPK:PANC,Biotechnology (Primary),1,0.005,0.005,0,NA,NA,NA,NA,NA,NA,NA,NA,NA,NA,NA,NA,NA,NA,NA,NA,-6.7,0
Puramed Bioscience Inc (OTCPK:PMBS),OTCPK:PMBS,Pharmaceuticals (Primary),1,1.411,0.02,-3.7489999999999997,NA,NA,NA,NA,NA,NA,NA,0,NA,NA,NA,NA,NA,NA,NA,NA,-0.0299,0
ReGen Biologics Inc. (OTCPK:RGBO.Q),OTCPK:RGBO.Q,Biotechnology (Primary),1,0.026,0.026,0,NA,NA,NA,NA,NA,NA,NA,NA,NA,NA,NA,NA,NA,NA,NA,NA,-2.233,0
"Tengion, Inc. (OTCPK:TNGN.Q)",OTCPK:TNGN.Q,Biotechnology (Primary),1,5.532,0.032,-11.399999999999999,NA,NA,NA,NA,NA,NA,NA,3.8106508875739653,NA,NA,NA,NA,NA,NA,NA,NA,-1.727999999999998,-8.129999999999999
Genitope Corp. (OTCPK:GTOP.Q),OTCPK:GTOP.Q,Biotechnology (Primary),1,0.034,0.034,0,NA,NA,NA,NA,NA,NA,NA,NA,NA,NA,NA,NA,NA,NA,NA,NA,-10.91,0
"Manzo Pharmaceuticals, Inc. (OTCPK:MNZO)",OTCPK:MNZO,Pharmaceuticals (Primary),1,0.039,0.039,0,NA,NA,NA,NA,NA,NA,NA,NA,NA,NA,NA,NA,NA,NA,NA,NA,0,0
Curaxis Pharmaceutical Corporation (OTCPK:CURX.Q),OTCPK:CURX.Q,Pharmaceuticals (Primary),1,0.042,0.042,0,NA,NA,NA,NA,NA,NA,NA,NA,NA,NA,NA,NA,NA,NA,NA,NA,-2.4478,0
Neurologix Inc. (OTCPK:NRGX.Q),OTCPK:NRGX.Q,Biotechnology (Primary),1,0.042,0.042,0,NA,NA,NA,NA,NA,NA,NA,NA,NA,NA,NA,NA,NA,NA,NA,NA,-2.852,0
Unigene Laboratories Inc. (OTCPK:UGNE.Q),OTCPK:UGNE.Q,Biotechnology (Primary),1,0.048,0.048,0,NA,NA,NA,NA,NA,NA,NA,NA,NA,NA,NA,NA,NA,NA,NA,NA,-6.493,0
"SOHM, Inc. (OTCPK:SHMN)",OTCPK:SHMN,Pharmaceuticals (Primary),1,0.05,0.05,0,NA,NA,NA,NA,NA,NA,NA,NA,NA,NA,NA,NA,NA,NA,NA,NA,0,0
"Integrated Pharmaceuticals, Inc. (OTCPK:INTP)",OTCPK:INTP,Pharmaceuticals (Primary),1,0.052,0.052,0,NA,NA,NA,NA,NA,NA,NA,NA,NA,NA,NA,NA,NA,NA,NA,NA,-0.0698,0
"Thomas Pharmaceuticals, Ltd. (OTCPK:TPHM)",OTCPK:TPHM,Pharmaceuticals (Primary),1,0.054,0.054,0,NA,NA,NA,NA,NA,NA,NA,NA,NA,NA,NA,NA,NA,NA,NA,NA,0,0
"Nanobac Pharmaceuticals, Incorporated (OTCPK:NNBP)",OTCPK:NNBP,Biotechnology (Primary),1,0.055,0.055,0,NA,NA,NA,NA,NA,NA,NA,NA,NA,NA,NA,NA,NA,NA,NA,NA,-0.434,0
"Bionovo, Inc. (OTCPK:BNVI.Q)",OTCPK:BNVI.Q,Biotechnology (Primary),1,0.056,0.056,0,NA,NA,NA,NA,NA,NA,NA,NA,NA,NA,NA,NA,NA,NA,NA,NA,-7.45,0
Duravest Inc. (OTCPK:DUVT),OTCPK:DUVT,Biotechnology (Primary),1,0.056,0.056,0,NA,NA,NA,NA,NA,NA,NA,NA,NA,NA,NA,NA,NA,NA,NA,NA,0,0
"Proteonomix, Inc. (OTCPK:PROT)",OTCPK:PROT,Biotechnology (Primary),1,0.059,0.059,0,NA,NA,NA,NA,NA,NA,NA,NA,NA,NA,NA,NA,NA,NA,NA,NA,-0.1243,0
"DNAPrint Genomics, Inc. (OTCPK:DNAG)",OTCPK:DNAG,Biotechnology (Primary),1,0.064,0.064,0,NA,NA,NA,NA,NA,NA,NA,NA,NA,NA,NA,NA,NA,NA,NA,NA,-0.8550000000000001,0
"Advanced Life Sciences Holdings, Inc. (OTCPK:ADLS)",OTCPK:ADLS,Biotechnology (Primary),1,0.065,0.065,0,NA,NA,NA,NA,NA,NA,NA,NA,NA,NA,NA,NA,NA,NA,NA,NA,-6.797999999999999,0
Protect Pharmaceutical Corporation (OTCPK:PRTT),OTCPK:PRTT,Pharmaceuticals (Primary),1,0.066,0.067,-0.122,0.14660831509846828,NA,NA,NA,NA,NA,NA,-3.7768595041322315,NA,NA,NA,0,0,NA,NA,NA,-0.1351,0
"Premier Biomedical, Inc. (OTCPK:BIEI)",OTCPK:BIEI,Biotechnology (Primary),1,-0.013999999999999999,0.074,-0.156,NA,NA,NA,NA,NA,NA,NA,45.588235294117645,NA,NA,NA,NA,NA,NA,NA,NA,0.2659,-2.6750000000000003
"VIA Pharmaceuticals, Inc. (OTCPK:VIAP)",OTCPK:VIAP,Biotechnology (Primary),1,0.082,0.082,0,NA,NA,NA,NA,NA,NA,NA,NA,NA,NA,NA,NA,NA,NA,NA,NA,-4.206999999999999,0
Bell Rose Capital Inc. (OTCPK:BELR),OTCPK:BELR,Pharmaceuticals (Primary),1,0.089,0.089,0,NA,NA,NA,NA,NA,NA,NA,NA,NA,NA,NA,NA,NA,NA,NA,NA,0,0
"ARYx Therapeutics, Inc. (OTCPK:ARYX)",OTCPK:ARYX,Pharmaceuticals (Primary),1,0.09,0.09,0,NA,NA,NA,NA,NA,NA,NA,NA,NA,NA,NA,NA,NA,NA,NA,NA,-13.23,0
Cellcyte Genetics Corporation (OTCPK:CCYG),OTCPK:CCYG,Biotechnology (Primary),1,0.091,0.091,0,NA,NA,NA,NA,NA,NA,NA,NA,NA,NA,NA,NA,NA,NA,NA,NA,-0.1297,0
"Therapy Cells, Inc. (OTCPK:TCEL)",OTCPK:TCEL,Biotechnology (Primary),1,0.096,0.096,0,NA,NA,NA,NA,NA,NA,NA,NA,NA,NA,NA,NA,NA,NA,NA,NA,0,0
Protein Polymer Technologies Inc. (OTCPK:PPTI.Q),OTCPK:PPTI.Q,Biotechnology (Primary),1,0.102,0.102,0,NA,NA,NA,NA,NA,NA,NA,NA,NA,NA,NA,NA,NA,NA,NA,NA,0,0
"Immunotech Laboratories, Inc. (OTCPK:IMMB)",OTCPK:IMMB,Biotechnology (Primary),1,0.106,0.106,0,NA,NA,NA,NA,NA,NA,NA,NA,NA,NA,NA,NA,NA,NA,NA,NA,0,0
"Mera Pharmaceuticals, Inc. (OTCPK:MRPI)",OTCPK:MRPI,Biotechnology (Primary),1,0.111,0.111,0,NA,NA,NA,NA,NA,NA,NA,NA,NA,NA,NA,NA,NA,NA,NA,NA,-0.1445,0
AtheroNova Inc. (OTCPK:AHRO.Q),OTCPK:AHRO.Q,Pharmaceuticals (Primary),1,0.615,0.128,-2.013,NA,NA,NA,NA,NA,NA,NA,4.24,NA,NA,NA,NA,NA,NA,NA,NA,4.4688,-1.9900000000000002
"MabCure, Inc. (OTCPK:MBCI)",OTCPK:MBCI,Biotechnology (Primary),1,0.129,0.129,0,NA,NA,NA,NA,NA,NA,NA,NA,NA,NA,NA,NA,NA,NA,NA,NA,-0.1259,0
"NeurogesX, Inc. (OTCPK:NGSX)",OTCPK:NGSX,Pharmaceuticals (Primary),1,0.133,0.133,0,NA,NA,NA,NA,NA,NA,NA,NA,NA,NA,NA,NA,NA,NA,NA,NA,-10.999999999999998,0
AXM Pharma Inc. (OTCPK:AXMP),OTCPK:AXMP,Pharmaceuticals (Primary),1,0.137,0.137,0,NA,NA,NA,NA,NA,NA,NA,NA,NA,NA,NA,NA,NA,NA,NA,NA,0,0
Pacific Therapeutics Ltd. (DB:1P3),DB:1P3,Pharmaceuticals (Primary),1,0.6880000000000001,0.138,-0.20599999999999996,NA,NA,NA,NA,NA,NA,NA,0.6190476190476191,NA,NA,NA,NA,NA,NA,NA,NA,-0.0047,-0.386
MediJane Holdings Inc. (OTCPK:MJMD.D),OTCPK:MJMD.D,Pharmaceuticals (Primary),1,1.491,0.15,8.690999999999999,NA,0.020408163265306124,NA,NA,NA,57.346153846153854,0.1715567828788402,-1.6734693877551021,NA,2.653846153846154,-114.96153846153847,NA,NA,NA,NA,-117.3076923076923,0.061000000000000006,-1.411
GeneLink Inc. (OTCPK:GNLK.Q),OTCPK:GNLK.Q,Biotechnology (Primary),1,0.159,0.159,0,NA,NA,NA,NA,NA,NA,NA,NA,NA,NA,NA,NA,NA,NA,NA,NA,-0.05550000000000001,0
"HST Global, Inc. (OTCPK:HSTC)",OTCPK:HSTC,Biotechnology (Primary),1,1.445,0.165,-1.3800000000000001,NA,NA,NA,NA,NA,NA,NA,0.07218045112781955,NA,NA,NA,NA,NA,NA,NA,NA,0,0
"MedGen, Inc. (OTCPK:MDIN)",OTCPK:MDIN,Pharmaceuticals (Primary),1,0.191,0.191,0,NA,NA,NA,NA,NA,NA,NA,NA,NA,NA,NA,NA,NA,NA,NA,NA,0,0
"Greenworld Development, Inc. (OTCPK:GREW)",OTCPK:GREW,Pharmaceuticals (Primary),1,0.235,0.235,0,NA,NA,NA,NA,NA,NA,NA,NA,NA,NA,NA,NA,NA,NA,NA,NA,0,0
"Medican Enterprises, Inc. (OTCPK:MDCN)",OTCPK:MDCN,Pharmaceuticals (Primary),1,6.111,0.261,-2.450000000000001,NA,NA,NA,NA,NA,NA,NA,16.240963855421686,NA,NA,NA,NA,NA,NA,NA,NA,0,0
"Inyx, Inc. (OTCPK:IYXI)",OTCPK:IYXI,Pharmaceuticals (Primary),1,0.266,0.266,0,NA,NA,NA,NA,NA,NA,NA,NA,NA,NA,NA,NA,NA,NA,NA,NA,-0.341,0
"Nouveau Life Pharmaceuticals, Inc. (OTCPK:NOUV)",OTCPK:NOUV,Pharmaceuticals (Primary),1,0.27,0.27,0,NA,NA,NA,NA,NA,NA,NA,NA,NA,NA,NA,NA,NA,NA,NA,NA,0,0
Bradmer Pharmaceuticals Inc. (TSXV:BMR.H),TSXV:BMR.H,Biotechnology (Primary),1,-0.39899999999999997,0.3,-0.03599999999999992,NA,0.4524886877828054,NA,NA,NA,NA,NA,-0.11161387631975866,NA,NA,NA,NA,NA,NA,NA,NA,-2.0268,0
Nutranomics Inc. (OTCPK:NNRX),OTCPK:NNRX,Pharmaceuticals (Primary),1,1.11,0.305,-0.5650000000000001,NA,NA,NA,NA,NA,0.6166666666666667,NA,1.27007299270073,NA,0,-0.7185555555555556,NA,NA,NA,NA,-0.7166666666666667,-0.0034000000000000002,-1.28
"Acusphere, Inc. (OTCPK:ACUS)",OTCPK:ACUS,Pharmaceuticals (Primary),1,0.347,0.347,0,NA,NA,NA,NA,NA,NA,NA,NA,NA,NA,NA,NA,NA,NA,NA,NA,0,0
"Entest Biomedical, Inc. (OTCPK:ENTB)",OTCPK:ENTB,Biotechnology (Primary),1,0.736,0.354,-0.29700000000000004,NA,NA,NA,NA,NA,NA,NA,0.6686303387334315,NA,NA,NA,NA,NA,NA,NA,NA,-0.010599999999999998,-0.362
"Targeted Medical Pharma, Inc. (OTCPK:TRGM)",OTCPK:TRGM,Pharmaceuticals (Primary),1,4.119000000000001,0.411,-6.262,NA,NA,NA,NA,NA,0.7489090909090911,NA,0.473420260782347,NA,0.014727272727272728,-0.605909090909091,NA,NA,NA,NA,-0.6018181818181818,-0.022499999999999992,-2.9090000000000003
Kiwa Bio-Tech Products Group Corporation (OTCPK:KWBT),OTCPK:KWBT,Biotechnology (Primary),1,2.443,0.44,-8.797,NA,NA,NA,NA,NA,NA,NA,0.05518518518518518,NA,NA,NA,NA,NA,NA,NA,NA,0.010099999999999998,-0.33599999999999997
"Rich Pharmaceuticals, Inc. (OTCPK:RCHA)",OTCPK:RCHA,Biotechnology (Primary),1,0.9179999999999999,0.442,-1.244,NA,NA,NA,NA,NA,NA,NA,2.4767441860465116,NA,NA,NA,NA,NA,NA,NA,NA,0.1596,-3.138
"Intellect Neurosciences, Inc. (OTCPK:ILNS)",OTCPK:ILNS,Biotechnology (Primary),1,2.9979999999999998,0.512,-18.614000000000004,0.08966725043782837,NA,37.949367088607595,NA,NA,2.498333333333333,NA,-0.2706161137440758,NA,0.06583333333333334,-1.9615833333333337,0,0,NA,NA,-0.7425,-1.4629000000000003,0.079
"Tongli Pharmaceuticals (USA), Inc. (OTCPK:TGLP)",OTCPK:TGLP,Pharmaceuticals (Primary),1,0.589,0.589,0,NA,NA,NA,NA,NA,NA,NA,NA,NA,NA,NA,NA,NA,NA,NA,NA,-0.0109,0
Kaneh Bosm BioTechnology Inc. (DB:8K5),DB:8K5,Biotechnology (Primary),1,0.58,0.589,0.144,NA,3.8496732026143787,NA,NA,NA,NA,4.027777777777778,-2.1176470588235294,NA,NA,NA,NA,NA,NA,NA,NA,0,0
"Rafarma Pharmaceuticals, Inc. (OTCPK:RAFA)",OTCPK:RAFA,Pharmaceuticals (Primary),1,0.621,0.621,0,NA,NA,NA,NA,NA,NA,NA,NA,NA,NA,NA,NA,NA,NA,NA,NA,0,0
GrowPros Cannabis Ventures Inc. (DB:JAM1),DB:JAM1,Pharmaceuticals (Primary),1,0.608,0.636,-0.035,NA,NA,NA,NA,NA,NA,NA,60.71428571428571,NA,NA,NA,NA,NA,NA,NA,NA,0,0
"Novation Holdings, Inc. (OTCPK:NOHO)",OTCPK:NOHO,Biotechnology (Primary),1,0.674,0.674,0,NA,NA,NA,NA,NA,1.2035714285714285,NA,NA,NA,0,-0.9125,NA,NA,NA,NA,-0.9125,0,-0.45
"Ore Holdings, Inc (OTCPK:ORXE)",OTCPK:ORXE,Pharmaceuticals (Primary),1,0.676,0.676,0,NA,NA,NA,NA,NA,NA,NA,NA,NA,NA,NA,NA,NA,NA,NA,NA,-1.3293000000000001,0
Novadel Pharma Inc. (OTCPK:NVDL),OTCPK:NVDL,Pharmaceuticals (Primary),1,0.722,0.722,0,NA,NA,NA,NA,NA,NA,NA,NA,NA,NA,NA,NA,NA,NA,NA,NA,-3.553,0
"Vivakor, Inc. (OTCPK:VIVK)",OTCPK:VIVK,Biotechnology (Primary),1,0.744,0.744,0,NA,NA,NA,NA,NA,NA,NA,NA,NA,NA,NA,NA,NA,NA,NA,NA,-0.15150000000000002,0
Vivione Biosciences Inc. (TSXV:VBI.H),TSXV:VBI.H,Biotechnology (Primary),1,1.594,0.763,-0.2890000000000001,NA,NA,NA,NA,NA,28.464285714285715,NA,2.026785714285714,NA,0,-44.92499999999999,NA,NA,NA,NA,-44.82142857142857,-0.0058000000000000005,-2.44
"Sunshine Biopharma, Inc. (OTCPK:SBFM)",OTCPK:SBFM,Pharmaceuticals (Primary),1,1.0999999999999999,0.763,-0.05100000000000002,NA,NA,274.99999999999994,NA,NA,549.9999999999999,NA,3.685567010309278,NA,2,-558.45,NA,NA,NA,NA,-530,-0.05689999999999999,0.004
"Vitro Diagnostics, Inc. (OTCPK:VODG)",OTCPK:VODG,Biotechnology (Primary),1,1.764,0.787,-1.183,NA,NA,440.9999999999996,NA,NA,13.26315789473684,NA,0.1111111111111111,NA,1.0225563909774436,-1.2488721804511278,NA,NA,0.778,NA,-1.1203007518796992,-0.017100000000000004,0.0040000000000000036
Compass Biotechnologies Inc. (OTCPK:COBI),OTCPK:COBI,Biotechnology (Primary),1,0.788,0.788,0,NA,NA,NA,NA,NA,NA,NA,NA,NA,NA,NA,NA,NA,NA,NA,NA,-0.10740000000000001,0
"Verde Science, Inc. (OTCPK:VRCI)",OTCPK:VRCI,Pharmaceuticals (Primary),1,1.066,0.807,-0.536,NA,NA,NA,NA,NA,NA,NA,1.0955974842767295,NA,NA,NA,NA,NA,NA,NA,NA,0,0
Sanguine Corp. (OTCPK:SGUI),OTCPK:SGUI,Biotechnology (Primary),1,0.87,0.87,0,NA,NA,NA,NA,NA,NA,NA,NA,NA,NA,NA,NA,NA,NA,NA,NA,-0.0634,0
"Petlife Pharmaceuticals, Inc. (OTCPK:PTLF)",OTCPK:PTLF,Pharmaceuticals (Primary),1,0.906,0.906,0,NA,NA,NA,NA,NA,NA,NA,NA,NA,NA,NA,NA,NA,NA,NA,NA,0,0
Cerebain Biotech Corp. (OTCBB:CBBT),OTCBB:CBBT,Biotechnology (Primary),2,2.84,1.01,-0.5499999999999998,NA,NA,7.493403693931398,NA,NA,NA,NA,1.2352941176470589,NA,NA,NA,NA,NA,NA,NA,NA,0.3084,0.379
Lescarden Inc. (OTCPK:LCAR),OTCPK:LCAR,Pharmaceuticals (Primary),2,1.3120000000000003,1.08,-0.04,NA,NA,NA,NA,NA,4.736462093862817,NA,0.5220588235294117,NA,0,-0.527797833935018,NA,NA,-0.174,NA,-0.5162454873646208,-0.0032,0
My Marijuana Canada Inc. (DB:0MY),DB:0MY,Pharmaceuticals (Primary),2,1.588,1.09,0.901,NA,2.704714640198511,NA,NA,NA,NA,1.7624861265260823,-1.129032258064516,NA,NA,NA,NA,NA,NA,NA,NA,0,-0.118
"IBEX Technologies, Inc. (TSXV:IBT)",TSXV:IBT,Biotechnology (Primary),2,0.5130000000000001,1.12,3.2329999999999997,NA,0.2916666666666667,NA,NA,NA,0.19141791044776124,0.15867615218063724,-0.20312500000000003,NA,0.11940298507462686,-0.3398507462686567,NA,NA,0.026099999999999998,NA,-0.26679104477611937,-0.19580000000000003,-0.08500000000000002
"Winston Pharmaceuticals, Inc. (OTCPK:WPHM)",OTCPK:WPHM,Pharmaceuticals (Primary),2,1.24,1.24,0,NA,NA,NA,NA,NA,NA,NA,NA,NA,NA,NA,NA,NA,NA,NA,NA,0,0
"PharmaRoth Labs, Inc. (OTCPK:ROTH)",OTCPK:ROTH,Pharmaceuticals (Primary),2,1.37,1.37,0,NA,NA,NA,NA,NA,NA,NA,NA,NA,NA,NA,NA,NA,NA,NA,NA,0,0
Impact Fusion International Inc. (OTCPK:IFUS),OTCPK:IFUS,Pharmaceuticals (Primary),2,1.39,1.39,0,NA,NA,NA,NA,NA,NA,NA,NA,NA,NA,NA,NA,NA,NA,NA,NA,0,0
"Bioheart, Inc. (OTCPK:BHRT)",OTCPK:BHRT,Biotechnology (Primary),2,6.783,1.45,-5.567,NA,NA,NA,NA,NA,3.169626168224299,NA,0.24220183486238533,NA,0.10373831775700934,-3.223364485981309,NA,NA,0.624,NA,-1.719626168224299,-3.2180000000000013,-3.448
Iris BioTechnologies Inc. (OTCPK:IRSB),OTCPK:IRSB,Biotechnology (Primary),2,1.188,1.48,-0.228,NA,23.125,NA,NA,NA,NA,NA,-17.96875,NA,NA,NA,NA,NA,NA,NA,NA,0.010699999999999987,-0.97
Canadian International Pharma Corp. (TSXV:CIP.H),TSXV:CIP.H,Pharmaceuticals (Primary),2,1.579,1.48,0.6739999999999999,NA,2.573913043478261,27.22413793103448,27.22413793103448,NA,NA,2.3427299703264097,-0.2191304347826087,NA,NA,NA,NA,NA,NA,NA,NA,0,0.058
"Predictive Technology Group, Inc. (OTCPK:PRED)",OTCPK:PRED,Biotechnology (Primary),2,1.57,1.57,0,NA,NA,NA,NA,NA,NA,NA,NA,NA,NA,NA,NA,NA,NA,NA,NA,0,0
"IntelliCell BioSciences, Inc. (OTCPK:SVFC)",OTCPK:SVFC,Biotechnology (Primary),2,1.58,1.58,0,NA,NA,NA,NA,NA,13.166666666666668,NA,NA,NA,2.6083333333333334,-46.6475,NA,NA,NA,NA,-48,0.1623,-5.027
"Axxess Pharma, Inc. (OTCPK:AXXE)",OTCPK:AXXE,Pharmaceuticals (Primary),2,3.7609999999999997,1.74,-11.279000000000002,NA,NA,NA,NA,NA,81.76086956521739,NA,0.5466165413533834,NA,0,-43.91304347826087,NA,NA,NA,NA,-43.91304347826087,0,-2
Miraculins Inc. (TSXV:MOM),TSXV:MOM,Biotechnology (Primary),2,2.27,1.94,-0.29799999999999993,NA,NA,NA,NA,NA,252.22222222222226,NA,3.089171974522293,NA,0,-228.72222222222223,NA,NA,NA,NA,-197.7777777777778,-0.27849999999999997,-1.63
"MultiCell Technologies, Inc. (OTCPK:MCET)",OTCPK:MCET,Biotechnology (Primary),2,2.09,2,-1.4,NA,NA,13.397435897435896,NA,NA,2.5962732919254656,NA,0.17046979865771814,NA,0.1937888198757764,-1.2049689440993787,NA,NA,0.439,NA,-0.5962732919254657,-0.4899999999999999,0.156
Viratech Corp. (OTCPK:VIRA),OTCPK:VIRA,Biotechnology (Primary),2,2.04,2.04,0,NA,NA,NA,NA,NA,NA,NA,NA,NA,NA,NA,NA,NA,NA,NA,NA,0,0
Biomark Diagnostics Inc (DB:20B),DB:20B,Biotechnology (Primary),2,1.9229999999999998,2.05,-0.009999999999999981,NA,17.52136752136752,7.284090909090908,NA,NA,NA,NA,-20.68376068376068,NA,NA,NA,NA,NA,NA,NA,NA,0.264,0.264
Matica Enterprises Inc. (DB:39N),DB:39N,Pharmaceuticals (Primary),2,1.9459999999999997,2.05,0.5710000000000001,NA,3.0370370370370368,NA,NA,NA,NA,3.408056042031523,-4.296296296296296,NA,NA,NA,NA,NA,NA,NA,NA,0.28650000000000003,-1.8790000000000002
GeneThera Inc. (OTCPK:GTHR),OTCPK:GTHR,Biotechnology (Primary),2,3.67,2.06,-4.13,NA,NA,NA,NA,NA,NA,NA,0.11846689895470383,NA,NA,NA,NA,NA,NA,NA,NA,-0.030100000000000005,-0.719
"Omni Bio Pharmaceutical, Inc. (OTCPK:OMBP)",OTCPK:OMBP,Biotechnology (Primary),2,2.999,2.25,-0.135,NA,NA,NA,NA,NA,NA,NA,4.14027149321267,NA,NA,NA,NA,NA,NA,NA,NA,0.24469999999999995,-1.4889999999999999
"Taxus Cardium Pharmaceuticals Group, Inc. (OTCPK:CRXM)",OTCPK:CRXM,Biotechnology (Primary),2,2.741,2.27,-1.209,NA,NA,NA,NA,NA,NA,NA,2.7857142857142856,NA,NA,NA,NA,NA,NA,NA,NA,-4.369000000000001,-2.255
"Peak Pharmaceuticals, Inc. (OTCPK:PKPH)",OTCPK:PKPH,Biotechnology (Primary),2,1.8889999999999998,2.34,-0.015000000000000013,NA,5.36697247706422,NA,NA,NA,2.5153129161118506,NA,-7.247706422018349,NA,0,-4.207723035952064,NA,NA,NA,NA,-4.207723035952064,0,0
Easton Pharmaceuticals Inc. (OTCPK:EAPH),OTCPK:EAPH,Pharmaceuticals (Primary),2,2.45,2.45,0,NA,NA,NA,NA,NA,NA,NA,NA,NA,NA,NA,NA,NA,NA,NA,NA,-0.017499999999999998,0
Pharmos Corp. (OTCPK:PARS),OTCPK:PARS,Pharmaceuticals (Primary),2,2.59,2.59,0,NA,NA,NA,NA,NA,NA,NA,NA,NA,NA,NA,NA,NA,NA,NA,NA,-4.0844000000000005,0
Wildflower Marijuana Inc. (DB:RSP),DB:RSP,Pharmaceuticals (Primary),2,2.63,2.62,0.217,NA,12.657004830917876,NA,NA,NA,NA,12.119815668202765,-5.845410628019324,NA,NA,NA,NA,NA,NA,NA,NA,0,-0.937
Viropro Inc. (OTCPK:VPRO),OTCPK:VPRO,Biotechnology (Primary),2,2.75,2.75,0,NA,NA,NA,NA,NA,NA,NA,NA,NA,NA,NA,NA,NA,NA,NA,NA,0,0
Med BioGene Inc. (TSXV:MBI),TSXV:MBI,Biotechnology (Primary),2,2.836,2.98,-0.182,NA,NA,NA,NA,NA,NA,NA,9.210526315789473,NA,NA,NA,NA,NA,NA,NA,NA,-0.4396999999999999,0
Pivotal Therapeutics Inc. (OTCPK:PVTT.F),OTCPK:PVTT.F,Pharmaceuticals (Primary),2,7.7170000000000005,3,0.8770000000000002,NA,NA,NA,NA,NA,29.680769230769233,8.799315849486886,0.8854166666666666,NA,2.053846153846154,-10.395384615384614,NA,NA,NA,NA,-11.615384615384615,0.31720000000000004,-2.386
Amarillo Biosciences Inc. (OTCPK:AMAR),OTCPK:AMAR,Biotechnology (Primary),2,3.0860000000000003,3.02,0.034999999999999976,1.0100334448160535,NA,NA,NA,NA,NA,88.17142857142863,-96.45161290322581,NA,NA,NA,0,0,NA,NA,NA,-0.33070000000000005,-0.416
"Islet Sciences, Inc. (OTCPK:ISLT)",OTCPK:ISLT,Biotechnology (Primary),2,2.0220000000000002,3.07,-0.7709999999999999,NA,11.083032490974727,NA,NA,NA,NA,NA,-7.581227436823104,NA,NA,NA,NA,NA,NA,NA,NA,-0.6669999999999999,-2.2150000000000003
"Regenicin, Inc. (OTCPK:RGIN)",OTCPK:RGIN,Biotechnology (Primary),2,4.08,3.07,-0.51,0.5041050903119868,NA,123.63636363636363,NA,NA,NA,NA,-4.006578947368421,NA,NA,NA,0,0,NA,NA,NA,-0.12330000000000002,0.033
"CTT Pharmaceutical Holdings, Inc. (OTCPK:CTTH)",OTCPK:CTTH,Pharmaceuticals (Primary),2,3.1060000000000003,3.1,1.496,NA,2.0805369127516777,NA,NA,NA,NA,2.07620320855615,-0.31476510067114094,NA,NA,NA,NA,NA,NA,NA,NA,0,0
"ScripsAmerica, Inc. (OTCPK:SCRC)",OTCPK:SCRC,Pharmaceuticals (Primary),2,5.613,3.13,0.09299999999999968,NA,NA,NA,NA,NA,0.32258620689655176,60.35483870967763,1.4769874476987446,NA,0,-0.03402298850574713,NA,NA,NA,NA,-0.02885057471264368,-0.09,0
"Harbor Diversified, Inc. (OTCPK:HRBR)",OTCPK:HRBR,Biotechnology (Primary),2,3.19,3.19,0,NA,NA,NA,NA,NA,NA,NA,NA,NA,NA,NA,NA,NA,NA,NA,NA,0,0
DiagnoCure Inc. (TSX:CUR),TSX:CUR,Biotechnology (Primary),2,1.368,3.29,2.548,NA,0.7360178970917226,NA,NA,NA,3.3694581280788176,0.5368916797488227,-0.2818791946308725,NA,0,-2.8325123152709355,NA,NA,-0.146,NA,-2.8325123152709355,0,-0.892
Emergent Health Corp (OTCPK:EMGE),OTCPK:EMGE,Biotechnology (Primary),2,2.536,3.35,0.14300000000000002,NA,3.500522466039708,NA,NA,NA,3.729411764705882,17.734265734265733,-0.21316614420062696,NA,0,-0.3014705882352941,NA,NA,0.292,NA,-0.3014705882352941,0,-0.205
Eastgate Biotech Corp. (OTCPK:ETBI),OTCPK:ETBI,Pharmaceuticals (Primary),2,4.174,3.45,-0.6759999999999999,NA,NA,NA,NA,NA,70.74576271186442,NA,3.3071428571428574,NA,19.491525423728813,-59.28305084745763,NA,NA,NA,NA,-76.94915254237289,1.0423,-3.35
"Myrexis, Inc. (OTCPK:MYRX)",OTCPK:MYRX,Biotechnology (Primary),2,3.52,3.52,0,NA,NA,NA,NA,NA,NA,NA,NA,NA,NA,NA,NA,NA,NA,NA,NA,-19.143,0
iCo Therapeutics Inc. (TSXV:ICO),TSXV:ICO,Biotechnology (Primary),2,-1.38,3.55,-0.17999999999999972,NA,0.7473684210526316,NA,NA,NA,NA,NA,-0.17768421052631578,NA,NA,NA,NA,NA,NA,NA,NA,-1.7080000000000002,-1.1660000000000001
"Affymax, Inc. (OTCPK:AFFY)",OTCPK:AFFY,Biotechnology (Primary),2,3.84,3.84,0,NA,NA,NA,NA,NA,NA,NA,NA,NA,NA,NA,NA,NA,NA,NA,NA,0,0
"Boston Therapeutics, Inc. (OTCPK:BTHE)",OTCPK:BTHE,Pharmaceuticals (Primary),2,4.051,3.91,0.216,NA,52.13333333333334,NA,NA,NA,18.004444444444445,18.75462962962963,-43.86666666666667,NA,4.666666666666667,-10.691555555555556,NA,NA,NA,NA,-14.311111111111112,0.8144,-2.0999999999999996
Abattis Bioceuticals Corp. (OTCPK:ATTB.F),OTCPK:ATTB.F,Pharmaceuticals (Primary),2,2.9970000000000003,3.99,3.1570000000000005,NA,0.96144578313253,NA,NA,NA,44.73134328358209,0.9493189737092176,-0.6096385542168674,NA,1.4029850746268655,-39.8,NA,NA,NA,NA,-39.55223880597015,-0.016600000000000004,-2.426
"GeoVax Labs, Inc. (OTCPK:GOVX)",OTCPK:GOVX,Biotechnology (Primary),2,2.9,4,0.04999999999999982,NA,3.4782608695652177,NA,NA,NA,4.027777777777778,58.000000000000206,-2.4521739130434783,NA,0,-5.5384722222222225,NA,NA,-0.32899999999999996,NA,-3.9166666666666665,-1.1677,-2.77
"Quest PharmaTech, Inc. (TSXV:QPT)",TSXV:QPT,Biotechnology (Primary),2,5.3309999999999995,4.02,-1.629,NA,NA,NA,NA,NA,NA,NA,0.4897959183673469,NA,NA,NA,NA,NA,NA,NA,NA,0.16149999999999998,-0.8499999999999999
"AV Therapeutics, Inc. (OTCPK:AVTH)",OTCPK:AVTH,Biotechnology (Primary),2,3.813,4.09,-0.243,NA,120.29411764705881,NA,NA,NA,NA,NA,-22.823529411764707,NA,NA,NA,NA,NA,NA,NA,NA,0.4918,-1.0949999999999998
"Amarantus Bioscience Holdings, Inc (OTCPK:AMBS)",OTCPK:AMBS,Biotechnology (Primary),2,4.071000000000001,4.16,-4.159000000000001,NA,NA,NA,NA,NA,NA,NA,7.37100737100737,NA,NA,NA,NA,NA,NA,NA,NA,14.430499999999999,-11.5
Nutra Pharma Corporation (OTCPK:NPHC),OTCPK:NPHC,Biotechnology (Primary),2,5.8740000000000006,4.36,-2.0860000000000003,NA,NA,NA,NA,NA,9.178125000000001,NA,0.8722222222222222,NA,0,-4.2809375,NA,NA,-0.16899999999999998,NA,-4.09375,-0.11979999999999999,-2.61
Proteo Inc. (OTCPK:PTEO),OTCPK:PTEO,Pharmaceuticals (Primary),2,3.638,4.42,-1.021,15.785714285714285,NA,242.53333333333333,242.53333333333333,454.75,4.6821106821106815,NA,-1.1715481171548119,NA,0,-0.3025740025740026,0,0,NA,NA,0.010296010296010296,-0.2431,0.015
Network Life Sciences Inc. (DB:2NY1),DB:2NY1,Pharmaceuticals (Primary),2,4.4399999999999995,4.47,0.11199999999999999,NA,31.47887323943662,6.315789473684211,NA,NA,NA,39.642857142857146,-6.669014084507043,NA,NA,NA,NA,NA,NA,NA,NA,0.703,0.703
"Innovus Pharmaceuticals, Inc. (OTCPK:INNV)",OTCPK:INNV,Pharmaceuticals (Primary),2,5.569000000000001,4.74,0.40299999999999997,NA,NA,NA,NA,NA,4.928318584070798,13.818858560794048,10.96244131455399,NA,0.030088495575221245,-3.245840707964602,NA,NA,NA,NA,-3.2477876106194694,0.0022000000000000075,-3.2760000000000002
Kane Biotech Inc. (TSXV:KNE),TSXV:KNE,Biotechnology (Primary),2,4.2940000000000005,4.74,0.6940000000000001,NA,4.157894736842106,NA,NA,NA,47.711111111111116,6.187319884726225,-1.1403508771929827,NA,3.0222222222222226,-13.43222222222222,NA,NA,NA,NA,-12.000000000000002,-0.1288999999999999,-0.768
VG Life Sciences Inc. (OTCPK:VGLS),OTCPK:VGLS,Biotechnology (Primary),2,8.716,4.89,-0.6839999999999999,NA,NA,15.789855072463766,NA,NA,NA,NA,0.9645232815964523,NA,NA,NA,NA,NA,NA,NA,NA,-0.09199999999999997,0.552
Nascent Biotech Inc. (OTCPK:NBIO),OTCPK:NBIO,Biotechnology (Primary),2,4.922,4.97,-2.258,NA,NA,2.332701421800948,NA,NA,NA,NA,1.2307692307692308,NA,NA,NA,NA,NA,NA,NA,NA,1.976,2.11
Vodis Pharmaceuticals Inc. (DB:1JV),DB:1JV,Pharmaceuticals (Primary),2,4.869999999999999,5.21,0.137,NA,10.922431865828093,NA,NA,NA,NA,35.54744525547444,-3.50104821802935,NA,NA,NA,NA,NA,NA,NA,NA,0,0
CardioGenics Holdings Inc (OTCPK:CGNH),OTCPK:CGNH,Biotechnology (Primary),2,5.372000000000001,5.24,-1.0279999999999998,NA,NA,NA,NA,NA,NA,NA,2.5172413793103448,NA,NA,NA,NA,NA,NA,NA,NA,0,-0.338
Lpath Inc. (NasdaqCM:LPTN),NasdaqCM:LPTN,Biotechnology (Primary),2,-11.71,5.59,-1.5,NA,0.3537974683544304,NA,NA,NA,-3.289325842696629,NA,-0.9493670886075949,NA,0,-6.157303370786518,NA,NA,-0.21,NA,-4.691011235955056,-5.220000000000001,-16.4
InMed Pharmaceuticals Inc. (DB:MWG2),DB:MWG2,Biotechnology (Primary),2,5.545999999999999,5.68,1.1360000000000001,NA,4.47244094488189,NA,NA,NA,NA,4.882042253521126,-2.7086614173228347,NA,NA,NA,NA,NA,NA,NA,NA,0.6343,-2.604
GelStat Corp. (OTCPK:GSAC),OTCPK:GSAC,Pharmaceuticals (Primary),2,5.76,5.84,5.6,NA,1.028169014084507,NA,NA,NA,3.4285714285714284,1.0285714285714287,-0.21478873239436622,NA,0,-0.7326785714285714,NA,NA,NA,NA,-0.7261904761904762,-0.010899999999999998,-1.11
Abba Medix Group Inc. (OTCPK:SARS.F),OTCPK:SARS.F,Pharmaceuticals (Primary),2,6.04,6.04,0,NA,NA,NA,NA,NA,NA,NA,NA,NA,NA,NA,NA,NA,NA,NA,NA,0,0
THC Biomed Intl Ltd. (DB:TFHD),DB:TFHD,Pharmaceuticals (Primary),2,6.04,6.04,0,NA,NA,NA,NA,NA,NA,NA,NA,NA,NA,NA,NA,NA,NA,NA,NA,0,0
"Poniard Pharmaceuticals, Inc. (OTCPK:PARD)",OTCPK:PARD,Biotechnology (Primary),2,6.12,6.12,0,NA,NA,NA,NA,NA,NA,NA,NA,NA,NA,NA,NA,NA,NA,NA,NA,-10.604000000000001,0
Capstone Therapeutics Corp. (OTCPK:CAPS),OTCPK:CAPS,Biotechnology (Primary),2,4.01,6.17,0.94,NA,1.9903225806451612,NA,NA,NA,NA,4.26595744680851,-1.038709677419355,NA,NA,NA,NA,NA,NA,NA,NA,-7.888,-1.65
BriaCell Therapeutics Corp. (TSXV:BCT),TSXV:BCT,Biotechnology (Primary),2,6.351,6.35,0,NA,NA,NA,NA,NA,NA,NA,4,NA,NA,NA,NA,NA,NA,NA,NA,0,0
Covalon Technologies Ltd. (TSXV:COV),TSXV:COV,Biotechnology (Primary),2,3.2710000000000004,6.36,1.8510000000000004,NA,1.2874493927125505,NA,NA,NA,0.6091247672253259,1.7671528903295515,-0.16295546558704452,NA,0.07486033519553073,-0.18808193668528864,NA,NA,0.157,NA,-0.1398510242085661,-0.259,-0.33399999999999996
ProMIS Neurosciences Inc. (TSX:PMN),TSX:PMN,Biotechnology (Primary),2,6.438,6.46,-0.193,NA,NA,NA,NA,NA,47.68888888888888,NA,8.888888888888888,NA,0,-27.381481481481476,NA,NA,NA,NA,-10.518518518518517,-2.2764999999999995,-1.41
ULURU Inc. (OTCPK:ULUR),OTCPK:ULUR,Pharmaceuticals (Primary),2,5.92,6.47,2.2,NA,2.3527272727272726,NA,NA,NA,5.333333333333333,2.6909090909090905,-0.6654545454545455,NA,0.7405405405405404,-2.705315315315315,NA,NA,0.0591,NA,-2.513513513513513,-0.21289999999999998,-1.2679999999999998
"Pathfinder Cell Therapy, Inc. (OTCPK:PFND)",OTCPK:PFND,Biotechnology (Primary),2,11.554,6.6,-0.986,NA,NA,NA,NA,NA,NA,NA,0.18181818181818182,NA,NA,NA,NA,NA,NA,NA,NA,-0.3238000000000001,-0.656
Generex Biotechnology Corp. (OTCPK:GNBT),OTCPK:GNBT,Pharmaceuticals (Primary),2,5.95,6.7,-9.04,NA,NA,NA,NA,NA,NA,NA,0.26417370325693607,NA,NA,NA,NA,NA,NA,NA,NA,-7.1,-1.9900000000000002
"Arno Therapeutics, Inc. (OTCPK:ARNI)",OTCPK:ARNI,Biotechnology (Primary),2,-1.2089999999999996,6.73,-8.5,NA,NA,NA,NA,NA,NA,NA,3.7611408199643486,NA,NA,NA,NA,NA,NA,NA,NA,4.885400000000001,-5.6
Polydex Pharmaceuticals Ltd. (OTCPK:POLX.F),OTCPK:POLX.F,Pharmaceuticals (Primary),2,7.742,6.78,4.132,5.7457627118644075,2.138801261829653,7.148661126500462,7.168518518518518,8.089864158829677,1.3055649241146712,1.873668925459826,0.37223974763406936,0.23160696999031946,0.0005059021922428331,0.15160202360876898,0,0,0.057,NA,0.16138279932546373,-0.057999999999999996,1.083
GeneNews Limited (TSX:GEN),TSX:GEN,Biotechnology (Primary),2,4.5,6.84,-0.17999999999999972,NA,3.1666666666666665,NA,NA,NA,1.6853932584269664,NA,-2.222222222222222,NA,0,-0.42595505617977536,NA,NA,0.331,NA,-0.4119850187265918,-0.0373,-1.1
"Signal Genetics, Inc. (NasdaqCM:SGNL)",NasdaqCM:SGNL,Biotechnology (Primary),2,1.96,7,0.9500000000000002,NA,1.1686143572621035,NA,NA,NA,0.5885885885885885,2.063157894736842,-1.5175292153589315,NA,0.12732732732732732,-2.6255855855855854,NA,NA,NA,NA,-2.72972972972973,0.3468,-8.506
Cannabics Pharmaceuticals Inc. (OTCPK:CNBX),OTCPK:CNBX,Pharmaceuticals (Primary),2,6.960999999999999,7.06,-0.059000000000000004,NA,176.5,NA,NA,NA,NA,NA,-12.625,NA,NA,NA,NA,NA,NA,NA,NA,0.084,-0.415
Diamedica Inc. (TSXV:DMA),TSXV:DMA,Biotechnology (Primary),2,6.925,7.13,-1.735,NA,NA,NA,NA,NA,NA,NA,1.5816993464052287,NA,NA,NA,NA,NA,NA,NA,NA,-1.7139000000000002,-0.7000000000000002
International Stem Cell Corporation (OTCPK:ISCO),OTCPK:ISCO,Biotechnology (Primary),2,6.22,7.33,-0.7890000000000001,NA,22.834890965732086,NA,NA,NA,0.8614958448753463,NA,-22.429906542056074,NA,0.6080332409972299,-0.778628808864266,NA,NA,0.41700000000000004,NA,-0.9847645429362881,1.4882999999999993,-2.25
"NanoLogix, Inc. (OTCPK:NNLX)",OTCPK:NNLX,Biotechnology (Primary),2,7.39,7.39,0,NA,NA,NA,NA,NA,NA,NA,NA,NA,NA,NA,NA,NA,NA,NA,NA,-0.16970000000000002,0
"Harvard Apparatus Regenerative Technology, Inc. (NasdaqCM:HART)",NasdaqCM:HART,Biotechnology (Primary),2,2.3600000000000003,7.63,1.2200000000000006,NA,1.1756548536209552,NA,NA,NA,19.66666666666667,1.934426229508196,-1.9414483821263482,NA,41,-60.833333333333336,NA,NA,NA,NA,-87.5,3.2,-5.18
"KaloBios Pharmaceuticals, Inc. (NasdaqGM:KBIO)",NasdaqGM:KBIO,Biotechnology (Primary),2,-21.990000000000002,7.71,-5.100000000000001,NA,0.31341463414634146,NA,NA,NA,NA,NA,-1.3577235772357723,NA,NA,NA,NA,NA,NA,NA,NA,4.584,-22.23
Advanced Proteome Therapeutics Corporation (TSXV:APC),TSXV:APC,Biotechnology (Primary),2,7.183,7.74,-0.963,NA,NA,NA,NA,NA,NA,NA,0.6182266009852216,NA,NA,NA,NA,NA,NA,NA,NA,0,-1.28
"Marina Biotech, Inc. (OTCPK:MRNA)",OTCPK:MRNA,Biotechnology (Primary),2,5.93,7.75,-6.19,NA,NA,5.4907407407407405,NA,NA,6.588888888888889,NA,0.0004576659038901602,NA,1.2,-9.552333333333335,NA,NA,0.0676,NA,-5.133333333333334,-3.9771,1.08
Lexaria Corp. (OTCPK:LXRP),OTCPK:LXRP,Pharmaceuticals (Primary),2,7.864,7.79,1.794,NA,4.529069767441861,163.83333333333331,NA,NA,786.4,4.3835005574136,-2.627906976744186,NA,4.8,-230.67999999999998,NA,NA,NA,NA,-235,0.0432,0.048
Praxsyn Corporation (OTCPK:PXYN),OTCPK:PXYN,Pharmaceuticals (Primary),2,10.69,7.81,4.51,1.7790432801822325,4.791411042944786,0.35993265993265994,0.35993265993265994,0.35993265993265994,0.16196969696969696,2.3702882483370287,2.6932515337423313,6.585365853658537,0,0.45,0,0.11526195899772211,NA,NA,0.45,0,29.7
"OncoVista Innovative Therapies, Inc. (OTCPK:OVIT)",OTCPK:OVIT,Biotechnology (Primary),2,8.115,7.92,-5.465,NA,NA,NA,NA,NA,NA,NA,0.480565371024735,NA,NA,NA,NA,NA,NA,NA,NA,-1.0162000000000002,-2.654
bioMmune Technologies Inc. (TSXV:IMU),TSXV:IMU,Biotechnology (Primary),2,7.584,7.93,0.924,NA,6.244094488188976,NA,NA,NA,NA,8.207792207792208,-0.6937007874015748,NA,NA,NA,NA,NA,NA,NA,NA,0.2828,-0.37999999999999995
"Lixte Biotechnology Holdings, Inc. (OTCPK:LIXT)",OTCPK:LIXT,Biotechnology (Primary),2,7.712,7.97,0.008000000000000007,NA,29.96240601503759,5.469503546099291,NA,NA,NA,963.9999999999991,-9.62406015037594,NA,NA,NA,NA,NA,NA,NA,NA,0.7561999999999999,1.41
American Cryostem Corporation (OTCPK:CRYO),OTCPK:CRYO,Biotechnology (Primary),2,8.984,8.06,-0.19600000000000015,NA,NA,NA,NA,NA,36.225806451612904,NA,1.4464285714285714,NA,1.4919354838709677,-4.610887096774193,NA,NA,NA,NA,-5.604838709677419,0.2465,-0.9700000000000001
"Sun BioPharma, Inc. (OTCBB:SNBP)",OTCBB:SNBP,Biotechnology (Primary),2,9.56,8.41,-0.17000000000000015,NA,NA,NA,NA,NA,NA,NA,4.1893939393939394,NA,NA,NA,NA,NA,NA,NA,NA,2.664,-1.9200000000000004
"Venaxis, Inc. (NasdaqCM:APPY)",NasdaqCM:APPY,Biotechnology (Primary),2,-13.36,8.83,1.509999999999998,NA,0.3725738396624473,NA,NA,NA,-88.47682119205298,NA,-0.3848101265822785,NA,21.721854304635762,-68.65562913907286,NA,NA,-0.149,NA,-60.19867549668874,-1.2770000000000006,-5.550000000000001
Avivagen Inc. (TSXV:VIV),TSXV:VIV,Pharmaceuticals (Primary),2,11.088,9.01,-0.04200000000000037,NA,NA,NA,NA,NA,86.62499999999999,NA,0.7547169811320755,NA,3.3046875,-14.83828125,NA,NA,-0.23199999999999998,NA,-12.5,-0.29929999999999995,-1.167
"Endonovo Therapeutics, Inc. (OTCPK:ENDV)",OTCPK:ENDV,Biotechnology (Primary),2,10.539,9.12,-3.2710000000000004,NA,NA,NA,NA,NA,NA,NA,0.24946695095948823,NA,NA,NA,NA,NA,NA,NA,NA,0,-1.71
"FluoroPharma Medical, Inc. (OTCPK:FPMI)",OTCPK:FPMI,Biotechnology (Primary),2,11.048,9.22,-2.9719999999999995,NA,NA,NA,NA,NA,NA,NA,0.6062500000000001,NA,NA,NA,NA,NA,NA,NA,NA,0.7908,-2.8
"Platinum Parimutuel Holdings, Inc. (OTCPK:PPMH)",OTCPK:PPMH,Pharmaceuticals (Primary),2,9.26,9.26,0,NA,NA,NA,NA,NA,NA,NA,NA,NA,NA,NA,NA,NA,NA,NA,NA,0,0
Restorgenex Corporation (OTCPK:RESX),OTCPK:RESX,Biotechnology (Primary),2,-12.219999999999999,9.68,16.300000000000004,NA,0.2534031413612565,NA,NA,NA,NA,NA,-0.41884816753926696,NA,NA,NA,NA,NA,NA,NA,NA,4.7697,-6.41
"Rock Creek Pharmaceuticals, Inc. (NasdaqCM:RCPI)",NasdaqCM:RCPI,Pharmaceuticals (Primary),2,9.755,9.8,-10.845,NA,NA,NA,NA,NA,NA,NA,1.5925925925925923,NA,NA,NA,NA,NA,NA,NA,NA,1.1356999999999997,-12.97
"Emerald Health Therapeutics, Inc. (TSXV:EMH)",TSXV:EMH,Pharmaceuticals (Primary),2,8.386999999999999,9.85,0.18699999999999983,NA,5.96969696969697,NA,NA,NA,NA,44.850267379679174,-2.139393939393939,NA,NA,NA,NA,NA,NA,NA,NA,0.007,-2.883
"OXIS International, Inc. (OTCPK:OXIS)",OTCPK:OXIS,Pharmaceuticals (Primary),3,12.604999999999999,10.1,-27.095000000000002,NA,NA,NA,NA,NA,200.07936507936506,NA,0.5574324324324325,NA,3.9682539682539684,-85.02380952380952,NA,NA,0.371,NA,-86.19047619047619,0.07350000000000001,-5.16
"Cortex Pharmaceuticals, Inc. (OTCPK:CORX)",OTCPK:CORX,Pharmaceuticals (Primary),3,10.714,10.3,-1.7860000000000003,NA,NA,NA,NA,NA,71.90604026845638,NA,1.5318181818181817,NA,0,-22.21476510067114,NA,NA,NA,NA,-22.21476510067114,0,-3.31
Antibe Therapeutics Inc. (TSXV:ATE),TSXV:ATE,Pharmaceuticals (Primary),3,10.067,10.4,-0.067,NA,39.097744360902254,8.67844827586207,NA,NA,NA,NA,-9.586466165413533,NA,NA,NA,NA,NA,NA,NA,NA,0.8422999999999999,1.16
"Burzynski Research Institute, Inc. (OTCPK:BZYR)",OTCPK:BZYR,Biotechnology (Primary),3,10.498,10.5,-0.14,NA,NA,NA,NA,NA,NA,NA,17.82608695652174,NA,NA,NA,NA,NA,NA,NA,NA,-2.456000000000001,-0.18000000000000016
"Diadexus, Inc. (OTCPK:DDXS)",OTCPK:DDXS,Biotechnology (Primary),3,10.399999999999997,10.6,0.645999999999999,NA,12.529550827423169,2.2559652928416476,NA,NA,0.5123152709359604,16.09907120743036,-9.408983451536644,NA,0.2270935960591133,-0.243103448275862,NA,NA,0.11800000000000001,0.15,-0.30443349753694576,1.2450000000000006,4.61
"Panther Biotechnology, Inc. (OTCPK:PBYA)",OTCPK:PBYA,Biotechnology (Primary),3,10.555,10.6,-0.0050000000000000044,NA,265,NA,NA,NA,28.22192513368984,NA,-4.15,NA,0,-0.4679144385026738,NA,NA,NA,NA,-0.4679144385026738,0,-0.172
"PD-Rx Pharmaceuticals, Inc. (OTCPK:PDRX)",OTCPK:PDRX,Pharmaceuticals (Primary),3,4.4399999999999995,10.6,4.039999999999999,NA,1.0392156862745099,NA,NA,NA,NA,1.099009900990099,0,NA,NA,NA,NA,NA,NA,NA,NA,0,0
"BioRestorative Therapies, Inc. (OTCPK:BRTX)",OTCPK:BRTX,Biotechnology (Primary),3,16.948,11.3,-1.2419999999999995,NA,NA,NA,NA,NA,29.577661431064577,NA,0.8374455732946299,NA,2.5828970331588135,-6.872774869109948,NA,NA,NA,NA,-8.795811518324609,1.1019,-3.4200000000000004
"Plandaí Biotechnology, Inc. (OTCPK:PLPL)",OTCPK:PLPL,Biotechnology (Primary),3,24.643,11.8,9.303,NA,NA,NA,NA,NA,311.9367088607595,2.6489304525421904,4.604519774011299,NA,-1.0506329113924051,-149.1518987341772,NA,NA,NA,NA,-148.1012658227848,-0.083,-11.583
"VistaGen Therapeutics, Inc. (OTCPK:VSTA)",OTCPK:VSTA,Biotechnology (Primary),3,26.130000000000003,11.9,-6.27,NA,NA,NA,NA,NA,NA,NA,1.897560975609756,NA,NA,NA,NA,NA,NA,NA,NA,1.962,-5.16
Nemus Bioscience Inc. (OTCPK:NMUS),OTCPK:NMUS,Pharmaceuticals (Primary),3,12.093,12.3,-0.661,NA,NA,48.959514170040485,NA,NA,NA,NA,12.180616740088105,NA,NA,NA,NA,NA,NA,NA,NA,0.2303,0.247
"Sevion Therapeutics, Inc. (OTCBB:SVON)",OTCBB:SVON,Biotechnology (Primary),3,8.96,12.3,8.86,NA,1.0081967213114755,NA,NA,NA,119.46666666666668,1.0112866817155757,-1.4836065573770494,NA,55.866666666666674,-79.41333333333333,NA,NA,-0.11699999999999999,NA,-101.60000000000001,1.6640000000000006,-3.25
Lightlake Therapeutics Inc. (OTCPK:LLTP),OTCPK:LLTP,Biotechnology (Primary),3,12.096000000000002,12.4,-8.693999999999999,NA,NA,NA,NA,NA,7.803870967741936,NA,0.8390941597139451,NA,1.5612903225806452,-3.0514838709677425,NA,NA,NA,NA,-4.451612903225807,2.1702,-4.48
"Nuo Therapeutics, Inc. (OTCPK:NUOT)",OTCPK:NUOT,Biotechnology (Primary),3,-4.3740000000000006,12.6,-1.4740000000000002,9.618320610687022,0.8129032258064516,NA,NA,NA,-0.3870796460176991,NA,0.08451612903225807,NA,0.1070796460176991,-1.4358318584070795,0,0,0.377,NA,-1.4336283185840706,-0.024900000000000144,-14.39
"Sophiris Bio, Inc. (NasdaqCM:SPHS)",NasdaqCM:SPHS,Biotechnology (Primary),3,-3.759999999999998,13,-2.0599999999999987,NA,0.8843537414965987,NA,NA,NA,NA,NA,-1.4625850340136055,NA,NA,NA,NA,NA,NA,NA,NA,8.216999999999999,-4.400000000000002
Pediapharm Inc. (TSXV:PDP),TSXV:PDP,Pharmaceuticals (Primary),3,10.46,13,1.0099999999999998,NA,3.6619718309859155,NA,NA,NA,4.669642857142857,10.35643564356436,-1.304225352112676,NA,0,-2,NA,NA,NA,NA,-2,0,-4.38
Revive Therapeutics Ltd. (TSXV:RVV),TSXV:RVV,Pharmaceuticals (Primary),3,11.3,13.3,-0.1100000000000001,NA,7.037037037037038,NA,NA,NA,NA,NA,-0.8624338624338624,NA,NA,NA,NA,NA,NA,NA,NA,0.5573,-1.0110000000000001
AVAX Technologies Inc. (OTCPK:AVXT),OTCPK:AVXT,Biotechnology (Primary),3,13.5,13.5,0,NA,NA,NA,NA,NA,NA,NA,NA,NA,NA,NA,NA,NA,NA,NA,NA,-1.9989999999999999,0
Epicore BioNetworks Inc. (TSXV:EBN),TSXV:EBN,Biotechnology (Primary),3,11.685,13.5,6.345000000000001,10.887096774193548,1.6544117647058822,4.012706043956044,5.564285714285714,5.813432835820897,1.2033985581874356,1.8416075650118202,0.15196078431372548,0.3167848699763593,0.08362512873326468,0.27069001029866113,0,0,0.204,NA,0.20700308959835217,0.6184000000000001,2.912
"Genspera, Inc. (OTCPK:GNSZ)",OTCPK:GNSZ,Biotechnology (Primary),3,11.785,14,-2.118,NA,144.3298969072165,NA,NA,NA,NA,NA,-70.30927835051547,NA,NA,NA,NA,NA,NA,NA,NA,1.0474999999999999,-3.7199999999999998
BioNeutra Global Corporation (CNSX:BGA),CNSX:BGA,Biotechnology (Primary),3,12.449,14,7.639,11.666666666666668,1.5233949945593037,3.497892666479348,3.6507331378299117,4.149666666666667,0.7929299363057325,1.6296635685299121,0.1305767138193689,0.3927215604136667,0.00949044585987261,0.19997452229299365,0.4391666666666667,0.4391666666666667,NA,NA,0.1910828025477707,0.1396,3.559
GlobeImmune Inc. (NasdaqCM:GBIM),NasdaqCM:GBIM,Biotechnology (Primary),3,-2.700000000000001,14.1,-11.200000000000001,NA,2.517857142857143,NA,NA,NA,-0.5113636363636366,NA,-1.9642857142857144,NA,0.3768939393939394,-1.5352272727272727,NA,NA,NA,NA,-1.1628787878787878,-1.9660000000000004,-3.8499999999999996
Vanc Pharmaceuticals Inc. (TSXV:NPH),TSXV:NPH,Pharmaceuticals (Primary),3,12.02,14.2,0.5099999999999998,NA,5.278810408921933,NA,NA,NA,138.16091954022988,23.5686274509804,-0.7174721189591078,NA,0.2873563218390805,-17.79655172413793,NA,NA,-0.397,NA,-17.24137931034483,-0.0483,-1.465
Fennec Pharmaceuticals Inc. (OTCPK:FENC.F),OTCPK:FENC.F,Biotechnology (Primary),3,12.389999999999999,14.7,-1.697,8.305084745762711,23.98042414355628,35.4,NA,NA,NA,NA,2.8874388254486134,NA,NA,NA,0,0,NA,NA,NA,-5.0842,0.35
Algae Dynamics Corp. (OTCPK:ADYN.F),OTCPK:ADYN.F,Pharmaceuticals (Primary),3,14.697999999999999,14.7,-0.596,NA,NA,NA,NA,NA,NA,NA,1.260942760942761,NA,NA,NA,NA,NA,NA,NA,NA,0.0303,-0.698
"Nanosphere, Inc. (NasdaqCM:NSPH)",NasdaqCM:NSPH,Biotechnology (Primary),3,3.5199999999999996,14.8,15.419999999999995,NA,0.5543071161048689,NA,NA,NA,0.19887005649717512,0.22827496757457852,-1.3183520599250937,NA,0,-2.3960451977401127,NA,NA,0.435,NA,-1.8587570621468927,-9.51,-31.2
"Enumeral Biomedical Holdings, Inc. (OTCBB:ENUM)",OTCBB:ENUM,Biotechnology (Primary),3,1.5,15,-15.18,NA,NA,NA,NA,NA,1.9505851755526658,NA,2.0952380952380953,NA,0,-12.197659297789338,NA,NA,NA,NA,-12.197659297789338,0,-8.94
Aequus Pharmaceuticals Inc. (TSXV:AQS),TSXV:AQS,Pharmaceuticals (Primary),3,12.31,15.4,-0.5699999999999998,NA,6.111111111111112,NA,NA,NA,NA,NA,-1.2896825396825398,NA,NA,NA,NA,NA,NA,NA,NA,1.2043,-1.5000000000000002
"AXIM Biotechnologies, Inc. (OTCPK:AXIM)",OTCPK:AXIM,Biotechnology (Primary),3,16.148999999999997,15.7,-0.1319999999999999,NA,NA,43.17914438502673,NA,NA,1345.7499999999998,NA,4.475043029259897,NA,31.166666666666664,-177.16666666666666,NA,NA,NA,NA,-208.33333333333334,0.374,0.374
Supreme Pharmaceuticals Inc. (OTCPK:SPRW.F),OTCPK:SPRW.F,Pharmaceuticals (Primary),3,18.04,15.8,11.969999999999999,NA,1.6238437821171634,NA,NA,NA,NA,1.5071010860484546,-0.5200411099691674,NA,NA,NA,NA,NA,NA,NA,NA,0,-4.7
Regen BioPharma Inc. (OTCBB:RGBP),OTCBB:RGBP,Biotechnology (Primary),3,16.126,16,-0.0040000000000000036,NA,NA,156.56310679611653,NA,NA,NA,NA,83.07692307692308,NA,NA,NA,NA,NA,NA,NA,NA,0.1001,0.103
"Cellectar Biosciences, Inc. (NasdaqCM:CLRB)",NasdaqCM:CLRB,Biotechnology (Primary),3,7.343000000000002,16.3,-2.2569999999999997,NA,2.4328358208955225,NA,NA,NA,NA,NA,-1.135820895522388,NA,NA,NA,NA,NA,NA,NA,NA,3.0130000000000003,-3.0600000000000005
"NovaBay Pharmaceuticals, Inc. (AMEX:NBY)",AMEX:NBY,Pharmaceuticals (Primary),3,10.870000000000001,16.3,-3.5799999999999996,NA,8.81081081081081,NA,NA,NA,4.963470319634704,NA,-9.837837837837837,NA,-0.8584474885844748,-9.30593607305936,NA,NA,-0.32299999999999995,NA,-8.447488584474886,-1.88,-20.279999999999998
ProtoKinetix Inc. (OTCPK:PKTX),OTCPK:PKTX,Biotechnology (Primary),3,16.624,16.4,-0.204,NA,NA,227.72602739726028,NA,NA,NA,NA,1.322429906542056,NA,NA,NA,NA,NA,NA,NA,NA,-0.18079999999999996,0.073
"DARA BioSciences, Inc (NasdaqCM:DARA)",NasdaqCM:DARA,Biotechnology (Primary),3,4.830000000000002,16.8,1.9299999999999997,NA,1.20863309352518,NA,NA,NA,1.6317567567567575,2.502590673575131,-0.6906474820143884,NA,0.17905405405405406,-4.055945945945946,NA,NA,NA,NA,-3.27027027027027,-2.3255999999999997,-8.49
"Interleukin Genetics, Inc. (OTCPK:ILIU)",OTCPK:ILIU,Biotechnology (Primary),3,10.54,17.3,-2.24,NA,3.827433628318585,NA,NA,NA,6.713375796178343,NA,-1.5730088495575223,NA,0.6273885350318471,-5.0531847133757966,NA,NA,0.0165,NA,-4.32484076433121,-1.1435,-5.5249999999999995
"Immune Therapeutics, Inc. (OTCPK:IMUN)",OTCPK:IMUN,Biotechnology (Primary),3,18.022,17.7,2.6719999999999997,NA,7.531914893617021,NA,NA,NA,2252.7499999999995,6.744760479041917,-12.425531914893616,NA,200,-2339.625,NA,NA,NA,NA,-2112.5,-1.8170000000000002,-13.6
"Ritter Pharmaceuticals, Inc. (NasdaqCM:RTTR)",NasdaqCM:RTTR,Pharmaceuticals (Primary),3,15.149999999999999,17.9,-1.04,NA,10.46783625730994,NA,NA,NA,NA,NA,-3.0877192982456143,NA,NA,NA,NA,NA,NA,NA,NA,-0.014600000000000002,-4.917999999999999
"Opexa Therapeutics, Inc. (NasdaqCM:OPXA)",NasdaqCM:OPXA,Biotechnology (Primary),3,9.690000000000001,19.6,-2.4699999999999998,NA,2.6344086021505375,NA,NA,NA,5.633720930232559,NA,-1.8951612903225805,NA,6.569767441860465,-5.604069767441859,NA,NA,NA,NA,-8.19767441860465,4.461000000000002,-2.3999999999999986
Sirona Biochem Corp. (TSXV:SBM),TSXV:SBM,Biotechnology (Primary),3,19.854000000000003,19.8,1.6440000000000001,NA,12.452830188679245,NA,NA,NA,NA,12.076642335766424,-1.6666666666666665,NA,NA,NA,NA,NA,NA,NA,NA,0.34880000000000005,-2.005
"Eyegate Pharmaceuticals, Inc. (NasdaqCM:EYEG)",NasdaqCM:EYEG,Pharmaceuticals (Primary),3,23.143,20.1,-0.5770000000000002,NA,NA,NA,NA,NA,NA,NA,1.2320441988950275,NA,NA,NA,NA,NA,NA,NA,NA,0.7099,-2.2800000000000002
"Oculus Innovative Sciences, Inc. (NasdaqCM:OCLS)",NasdaqCM:OCLS,Pharmaceuticals (Primary),3,14.646999999999998,20.7,6.047,NA,1.7107438016528926,NA,NA,NA,1.0387943262411348,2.422192822887382,-0.8677685950413223,NA,0.11063829787234043,-0.6577304964539008,NA,NA,0.127,NA,-0.5290780141843971,-1.814,-5.65
Microbix Biosystems Inc. (TSX:MBX),TSX:MBX,Biotechnology (Primary),3,25.500999999999998,20.7,13.600999999999999,NA,2.352272727272727,17.807960893854748,27.302997858672374,42.22019867549669,3.4885088919288645,1.8749356664951107,-0.01284090909090909,0.04440849937504596,0.06812585499316005,0.05809849521203829,NA,NA,0.09630000000000001,NA,0.0826265389876881,-0.17930000000000013,1.432
ImmuCell Corp. (NasdaqCM:ICCC),NasdaqCM:ICCC,Biotechnology (Primary),3,18.395,20.8,6.855,29.13165266106443,2.2462203023758103,5.802839116719243,10.57183908045977,14.484251968503937,2.0348451327433628,2.683442742523705,0.07710583153347732,0.18526622902990517,0.1581858407079646,0.1363495575221239,0,0,0.153,NA,0.14048672566371684,-0.0374000000000001,3.17
Alexza Pharmaceuticals Inc. (NasdaqCM:ALXA),NasdaqCM:ALXA,Pharmaceuticals (Primary),3,50.39999999999999,21.4,-22.700000000000003,NA,NA,NA,NA,NA,11.224944320712693,NA,0.6363636363636364,NA,0,-14.309576837416481,NA,NA,NA,NA,-8.262806236080179,-27.15,-33.8
BioPharmX Corporation (AMEX:BPMX),AMEX:BPMX,Pharmaceuticals (Primary),3,20.990000000000002,22.3,-0.6940000000000001,NA,36.201298701298704,NA,NA,NA,999.5238095238095,NA,-28.8961038961039,NA,258.57142857142856,-594.2190476190476,NA,NA,NA,NA,-828.5714285714284,4.921399999999999,-11.969999999999999
"Cyclacel Pharmaceuticals, Inc. (NasdaqGM:CYCC)",NasdaqGM:CYCC,Biotechnology (Primary),3,-1.6999999999999993,22.6,-2.6000000000000014,NA,1.0414746543778803,NA,NA,NA,-0.949720670391061,NA,-0.8294930875576038,NA,0,-15.402234636871507,NA,NA,0.17300000000000001,NA,-11.396648044692736,-7.169999999999999,-20.1
Biodel Inc. (NasdaqCM:BIOD),NasdaqCM:BIOD,Pharmaceuticals (Primary),3,-1.6000000000000014,23,-1.8000000000000007,NA,1.0087719298245614,NA,NA,NA,NA,NA,-0.7807017543859649,NA,NA,NA,NA,NA,NA,NA,NA,-2.859,-5.799999999999999
"ProPhase Labs, Inc. (NasdaqGM:PRPH)",NasdaqGM:PRPH,Pharmaceuticals (Primary),3,20.07,23,7.77,NA,2.149532710280374,NA,NA,NA,0.9040540540540541,2.5830115830115834,-0.6392523364485981,NA,0.05630630630630631,-0.20282882882882883,NA,NA,0.0521,NA,-0.14684684684684685,-1.2428,-1.7000000000000002
"CannaPharmaRX, Inc. (OTCPK:CPMD)",OTCPK:CPMD,Pharmaceuticals (Primary),3,23.3,23.3,0,NA,NA,NA,NA,NA,NA,NA,NA,NA,NA,NA,NA,NA,NA,NA,NA,0,0
Hemostemix Inc. (TSXV:HEM),TSXV:HEM,Biotechnology (Primary),3,20.65,23.5,0.08000000000000007,NA,8.020477815699659,NA,NA,NA,NA,258.1249999999998,-1.3276450511945392,NA,NA,NA,NA,NA,NA,NA,NA,1.0681,-2.21
"OXiGENE, Inc. (NasdaqCM:OXGN)",NasdaqCM:OXGN,Biotechnology (Primary),3,-6.399999999999999,23.6,-1,NA,0.8137931034482759,NA,NA,NA,NA,NA,-0.42068965517241375,NA,NA,NA,NA,NA,NA,NA,NA,-2.975999999999999,-4.6
Q BioMed Inc. (OTCPK:QBIO),OTCPK:QBIO,Biotechnology (Primary),3,23.886999999999997,23.9,-0.002,NA,2172.7272727272725,NA,NA,NA,NA,NA,-5.90909090909091,NA,NA,NA,NA,NA,NA,NA,NA,0,0
"CLS Holdings USA, Inc. (OTCBB:CLSH)",OTCBB:CLSH,Pharmaceuticals (Primary),3,24.497000000000003,24.1,-0.19099999999999998,NA,NA,NA,NA,NA,NA,NA,3.1802721088435377,NA,NA,NA,NA,NA,NA,NA,NA,0,0
"Evoke Pharma, Inc. (NasdaqCM:EVOK)",NasdaqCM:EVOK,Pharmaceuticals (Primary),3,14.490000000000002,24.3,-0.620000000000001,NA,2.64417845484222,1.468085106382979,NA,NA,NA,NA,-1.4689880304679,NA,NA,NA,NA,NA,NA,0.4,NA,8.4743,9.87
"Earth Science Tech, Inc. (OTCPK:ETST)",OTCPK:ETST,Pharmaceuticals (Primary),3,24.235999999999997,24.5,0.38500000000000006,NA,37.750385208012325,734.4242424242423,NA,NA,149.6049382716049,62.950649350649336,-13.405238828967642,NA,0.20370370370370372,-53.44012345679012,NA,NA,NA,NA,-53.64197530864197,0.0327,0.033
"OpGen, Inc. (NasdaqCM:OPGN)",NasdaqCM:OPGN,Biotechnology (Primary),3,27.090000000000003,24.6,-1.0099999999999998,NA,NA,NA,NA,NA,9.675000000000002,NA,3.142857142857143,NA,0,-3.0392857142857146,NA,NA,NA,NA,-3.0392857142857146,0,-8.05
Acasti Pharma Inc. (TSXV:APO),TSXV:APO,Pharmaceuticals (Primary),3,10.400000000000002,25.1,11.900000000000002,NA,0.943609022556391,NA,NA,NA,63.03030303030304,0.8739495798319328,-0.04285714285714285,NA,27.27272727272727,-32.169696969696965,NA,NA,NA,NA,-49.090909090909086,2.7920000000000003,-1.83
Celladon Corporation (NasdaqGM:CLDN),NasdaqGM:CLDN,Biotechnology (Primary),3,-48.7,26.1,-2.700000000000017,NA,0.36199722607489604,NA,NA,NA,NA,NA,-0.7350901525658807,NA,NA,NA,NA,NA,NA,NA,NA,27.96,-14.600000000000001
"Soligenix, Inc. (OTCBB:SNGX)",OTCBB:SNGX,Biotechnology (Primary),3,21.869999999999997,27.4,-5.684,NA,NA,NA,NA,NA,3.2986425339366514,NA,71.42857142857143,NA,0.8024132730015083,-0.8933634992458522,NA,NA,0.19399999999999998,NA,-1.0663650075414781,1.1470000000000002,-1.5
Sernova Corp. (TSXV:SVA),TSXV:SVA,Biotechnology (Primary),3,25.07,28.1,0.3200000000000003,NA,8.388059701492537,NA,NA,NA,NA,78.34374999999993,-0.608955223880597,NA,NA,NA,NA,NA,NA,NA,NA,0.3934000000000001,-0.09999999999999987
"MabVax Therapeutics Holdings, Inc. (OTCPK:MBVX)",OTCPK:MBVX,Biotechnology (Primary),3,26.72,28.2,4.359999999999999,NA,4.828767123287672,NA,NA,NA,50.13133208255159,6.128440366972478,-2.2945205479452055,NA,0,-48.41838649155722,NA,NA,NA,NA,-25.891181988742964,-12.007,-13.8
"Jaguar Animal Health, Inc. (NasdaqCM:JAGX)",NasdaqCM:JAGX,Pharmaceuticals (Primary),3,27.028999999999996,28.4,-0.2709999999999999,NA,25.818181818181817,5.148380952380951,NA,NA,214.51587301587298,NA,-12.636363636363635,NA,41.666666666666664,-43.869841269841274,NA,NA,NA,0.4,-81.74603174603175,4.7724,5.25
RXi Pharmaceuticals Corporation (NasdaqCM:RXII),NasdaqCM:RXII,Biotechnology (Primary),3,20.1,28.6,-0.6399999999999997,NA,3.6386768447837152,NA,NA,NA,314.0625,NA,-1.223918575063613,NA,0,-187,NA,NA,NA,NA,-150.46875,-2.338,-9.54
Critical Outcome Technologies Inc. (TSXV:COT),TSXV:COT,Biotechnology (Primary),3,27.46,29,-0.27,NA,22.834645669291337,NA,NA,NA,NA,NA,-2.3149606299212597,NA,NA,NA,NA,NA,NA,NA,NA,-0.27840000000000004,-2.62
Aeterna Zentaris Inc. (TSX:AEZ),TSX:AEZ,Biotechnology (Primary),3,-5.799999999999997,29.1,-20.4,NA,2.006896551724138,NA,NA,NA,-20.64056939501778,NA,-2.206896551724138,NA,67.61565836298932,-160.10676156583628,NA,NA,-0.659,NA,-121.70818505338079,-10.79,-15.100000000000001
"Protea Biosciences Group, Inc (OTCBB:PRGB)",OTCBB:PRGB,Biotechnology (Primary),3,37.237,29.9,1.7770000000000006,NA,NA,NA,NA,NA,19.91283422459893,20.954980303882945,1.906474820143885,NA,1.1229946524064172,-4.679679144385026,NA,NA,NA,NA,-4.721925133689839,0.07900000000000018,-5.98
BELLUS Health Inc. (TSX:BLU),TSX:BLU,Biotechnology (Primary),3,19.799999999999997,30.4,-2.389999999999999,NA,3.702801461632155,18.165137614678894,NA,NA,8.646288209606986,NA,-0.09622411693057246,NA,0.47598253275109176,-8.279781659388647,NA,NA,0.368,NA,-0.519650655021834,-17.770699999999998,1.09
"HedgePath Pharmaceuticals, Inc. (OTCPK:HPPI)",OTCPK:HPPI,Pharmaceuticals (Primary),3,30.335,30.7,-0.303,NA,495.1612903225806,27.830275229357795,NA,NA,NA,NA,-54.03225806451613,NA,NA,NA,NA,NA,NA,NA,NA,0.7400000000000001,1.09
"Acura Pharmaceuticals, Inc. (NasdaqCM:ACUR)",NasdaqCM:ACUR,Pharmaceuticals (Primary),3,28.82,31.2,2.67,NA,6.178217821782178,NA,NA,NA,4.524332810047095,10.794007490636705,-1.39009900990099,NA,0.5243328100470958,-0.7703296703296704,NA,NA,0.086,NA,-0.9403453689167975,1.0829999999999997,-2.2700000000000005
"Hemispherx Biopharma, Inc. (AMEX:HEB)",AMEX:HEB,Biotechnology (Primary),3,15.621999999999996,31.7,8.921999999999997,NA,1.268,NA,NA,NA,92.98809523809521,1.7509527011880746,-0.6759999999999999,NA,53.57142857142857,-101.95833333333331,NA,NA,0.0401,NA,-108.92857142857143,1.1710000000000012,-8.7
"CohBar, Inc. (TSXV:COB.U)",TSXV:COB.U,Biotechnology (Primary),3,31.115,32.1,0.08500000000000019,NA,30,NA,NA,NA,NA,366.0588235294109,-2.3831775700934577,NA,NA,NA,NA,NA,NA,NA,NA,0.808,-1.53
"GenVec, Inc. (NasdaqCM:GNVC)",NasdaqCM:GNVC,Biotechnology (Primary),3,17.8,32.5,-1.3999999999999986,NA,2.443609022556391,NA,NA,NA,4.129930394431555,NA,-0.24661654135338343,NA,0,-4.77262180974478,NA,NA,-0.19,NA,-0.9303944315545244,-16.56,-3.85
"Cardax, Inc. (OTCBB:CDXI)",OTCBB:CDXI,Pharmaceuticals (Primary),3,32.471000000000004,32.6,-3.339,NA,NA,NA,NA,NA,NA,NA,1.6791277258566977,NA,NA,NA,NA,NA,NA,NA,NA,0.3423,-4.777
IntelGenx Technologies Corp. (OTCPK:IGXT),OTCPK:IGXT,Pharmaceuticals (Primary),3,28.700000000000003,33.1,0.16999999999999993,NA,7.2428884026258205,270.75471698113216,NA,NA,11.526104417670682,168.82352941176478,-0.22319474835886213,NA,0.41365461847389556,-0.3892771084337349,NA,NA,0.233,NA,-0.38473895582329315,-0.011300000000000088,0.10599999999999998
Aeolus Pharmaceuticals Inc. (OTCPK:AOLS),OTCPK:AOLS,Pharmaceuticals (Primary),3,31.680000000000003,33.2,0.07000000000000006,NA,20.88050314465409,NA,NA,NA,6.901960784313727,452.5714285714282,-1.7106918238993711,NA,0,-0.7918300653594772,NA,NA,NA,NA,-0.5925925925925927,-0.9145000000000001,0
AmpliPhi Biosciences Corporation (AMEX:APHB),AMEX:APHB,Biotechnology (Primary),3,26.72,33.3,11.12,1.982142857142857,1.8813559322033897,NA,NA,NA,65.49019607843137,2.402877697841727,0.9491525423728814,NA,0,-26.47058823529412,0,0,NA,NA,-26.47058823529412,0,-10.6
Enzon Pharmaceuticals Inc. (NasdaqCM:ENZN),NasdaqCM:ENZN,Biotechnology (Primary),3,-1.2000000000000028,33.4,-5,1.374485596707819,1.1283783783783783,NA,NA,NA,-0.04858299595141712,NA,0.8209459459459459,NA,0,-0.5616194331983805,0.3633744855967078,0.3633744855967078,-0.145,NA,0.9433198380566802,-37.172,0
"Cymabay Therapeutics, Inc. (NasdaqCM:CBAY)",NasdaqCM:CBAY,Pharmaceuticals (Primary),3,3.210000000000001,33.5,-16.389999999999997,NA,2.4100719424460433,NA,NA,NA,NA,NA,-1.6115107913669062,NA,NA,NA,NA,NA,NA,NA,NA,2.123,-22.2
OrganiGram Holdings Inc. (TSXV:OGI),TSXV:OGI,Pharmaceuticals (Primary),3,28.69,34,1.6700000000000008,NA,4.871060171919771,NA,NA,NA,115.22088353413655,17.179640718562865,-1.991404011461318,NA,0,-11.04417670682731,NA,NA,NA,NA,-11.04417670682731,0,-2.45
Portage Biotech Inc. (OTCPK:PTGE.F),OTCPK:PTGE.F,Biotechnology (Primary),3,32.68,34.4,2.4000000000000004,NA,8.349514563106796,11.115646258503402,NA,NA,NA,13.616666666666665,-0.7572815533980582,NA,NA,NA,NA,NA,NA,NA,NA,2.643,2.94
"Heat Biologics, Inc. (NasdaqCM:HTBX)",NasdaqCM:HTBX,Biotechnology (Primary),3,23.310000000000002,35,-0.6899999999999995,NA,3.1818181818181817,NA,NA,NA,NA,NA,-1.3818181818181818,NA,NA,NA,NA,NA,NA,NA,NA,1.8849999999999998,-13.03
Luckycom Inc (OTCBB:LKYM),OTCBB:LKYM,Pharmaceuticals (Primary),3,35.342,35,0.006999999999999992,NA,NA,NA,NA,NA,NA,5048.857142857149,1.0388059701492536,NA,NA,NA,NA,NA,NA,NA,NA,0,-0.326
"Cannabis Science, Inc. (OTCPK:CBIS)",OTCPK:CBIS,Pharmaceuticals (Primary),3,36.980000000000004,35.2,-0.7899999999999998,NA,NA,NA,NA,NA,NA,NA,7.743190661478599,NA,NA,NA,NA,NA,NA,NA,NA,0.4355,-12.051
Medicure Inc. (TSXV:MPH),TSXV:MPH,Biotechnology (Primary),3,39.433,35.2,0.8530000000000002,19.887005649717516,NA,14.287318840579712,24.645625,41.033298647242454,5.062002567394095,46.22860492379835,-0.5236686390532544,1.1266119577960139,0.1489088575096277,-0.6077535301668803,0,0,NA,NA,0.12336328626444158,-5.695399999999998,2.76
"Emisphere Technologies, Inc. (OTCPK:EMIS)",OTCPK:EMIS,Pharmaceuticals (Primary),3,76.61999999999999,35.8,-71.18,NA,NA,NA,NA,NA,815.1063829787233,NA,0.3553571428571428,NA,7.0638297872340425,-230.74042553191487,NA,NA,-0.0805,NA,-156.38297872340425,-6.9896,-13.936
"Immune Pharmaceuticals, Inc. (NasdaqCM:IMNP)",NasdaqCM:IMNP,Biotechnology (Primary),3,32.709999999999994,35.9,14.309999999999999,NA,2.051428571428571,NA,NA,NA,NA,2.285814116002795,-1.457142857142857,NA,NA,NA,NA,NA,NA,NA,NA,5.154,-9.61
"ImmunoCellular Therapeutics, Ltd. (AMEX:IMUC)",AMEX:IMUC,Biotechnology (Primary),3,13.7,36.9,0.10000000000000142,NA,1.5836909871244633,NA,NA,NA,NA,136.99999999999804,-0.3690987124463519,NA,NA,NA,NA,NA,NA,NA,NA,4.0934,-4.05
Discovery Laboratories Inc. (NasdaqCM:DSCO),NasdaqCM:DSCO,Biotechnology (Primary),3,12.899999999999999,37.2,-5.1000000000000085,NA,1.9375000000000002,NA,NA,NA,6.515151515151515,NA,-2.369791666666667,NA,0,-28.464646464646464,NA,NA,NA,NA,-21.565656565656568,-13.66,-41.7
"NephroGenex, Inc. (NasdaqCM:NRX)",NasdaqCM:NRX,Biotechnology (Primary),3,15.240000000000006,37.2,-2.66,NA,1.9274611398963732,NA,NA,NA,NA,NA,-1.0984455958549222,NA,NA,NA,NA,NA,NA,NA,NA,2.564,-17.529999999999998
"Onconova Therapeutics, Inc. (NasdaqGS:ONTX)",NasdaqGS:ONTX,Biotechnology (Primary),3,-6.399999999999999,37.2,-20,NA,1.576271186440678,NA,NA,NA,-13.76344086021505,NA,-2.097457627118644,NA,82.36559139784946,-61.93548387096775,NA,NA,NA,NA,-106.66666666666666,20.799999999999997,-11
biOasis Technologies Inc. (TSXV:BTI),TSXV:BTI,Biotechnology (Primary),3,36.39,37.7,0.29000000000000004,NA,23.5625,NA,NA,NA,NA,125.48275862068964,-1.4499999999999997,NA,NA,NA,NA,NA,NA,NA,NA,0.32330000000000003,-1.26
"TapImmune, Inc. (OTCPK:TPIV)",OTCPK:TPIV,Biotechnology (Primary),3,38.31099999999999,38.4,-1.109,NA,NA,40.11623036649214,NA,NA,NA,NA,20.98039215686274,NA,NA,NA,NA,NA,NA,NA,NA,0.589,0.955
"Panacea Global, Inc. (OTCPK:PANG)",OTCPK:PANG,Biotechnology (Primary),3,36.809999999999995,38.4,49.11,NA,0.757396449704142,NA,NA,NA,NA,0.7495418448381184,-0.0650887573964497,NA,NA,NA,NA,NA,NA,NA,NA,0,-3.19
Vical Incorporated (NasdaqGS:VICL),NasdaqGS:VICL,Biotechnology (Primary),3,-5.299999999999997,38.7,7.899999999999999,NA,0.7456647398843932,NA,NA,NA,-0.2789473684210525,NA,-0.22157996146435455,NA,0,-0.969363157894737,NA,NA,0.17800000000000002,NA,-0.5947368421052632,-7.117900000000001,-10.1
Oncolytics Biotech Inc. (TSX:ONC),TSX:ONC,Biotechnology (Primary),3,25.6,39.6,-2.0999999999999996,NA,3.327731092436975,NA,NA,NA,NA,NA,-1.0672268907563025,NA,NA,NA,NA,NA,NA,NA,NA,-6.196,-3.889999999999999
SteadyMed Ltd. (NasdaqGM:STDY),NasdaqGM:STDY,Pharmaceuticals (Primary),3,34.712,40.1,0.03200000000000003,NA,7.398523985239852,NA,NA,NA,NA,1084.749999999999,-4.317343173431734,NA,NA,NA,NA,NA,NA,0.35,NA,14.991,-4
"Relmada Therapeutics, Inc. (OTCPK:RLMD)",OTCPK:RLMD,Pharmaceuticals (Primary),3,17.964000000000006,40.2,-13.426,NA,4.562996594778661,NA,NA,NA,NA,NA,-2.3609534619750283,NA,NA,NA,NA,NA,NA,NA,NA,7.6583000000000006,-9.23
"AntriaBio, Inc. (OTCPK:ANTB)",OTCPK:ANTB,Biotechnology (Primary),3,35.497,40.6,3.947,NA,4.486187845303867,NA,NA,NA,NA,8.993412718520394,-1.2596685082872927,NA,NA,NA,NA,NA,NA,NA,NA,4.528700000000001,-5.6000000000000005
Repros Therapeutics Inc. (NasdaqCM:RPRX),NasdaqCM:RPRX,Pharmaceuticals (Primary),3,-6,40.6,-2.6000000000000014,NA,0.9227272727272727,NA,NA,NA,NA,NA,-0.7113636363636364,NA,NA,NA,NA,NA,NA,0.27899999999999997,NA,10.672,-5.5
Regenerx Biopharmaceuticals Inc. (OTCPK:RGRX),OTCPK:RGRX,Biotechnology (Primary),3,40.422000000000004,40.7,-1.988,NA,NA,NA,NA,NA,898.2666666666668,NA,2.274853801169591,NA,0,-109.64444444444443,NA,NA,0.322,NA,-38.44444444444444,-3.2039999999999997,-1.72
"Biocept, Inc. (NasdaqCM:BIOC)",NasdaqCM:BIOC,Biotechnology (Primary),3,40.839999999999996,41.3,-0.681,NA,NA,NA,NA,NA,130.47923322683704,NA,70.58823529411764,NA,13.099041533546325,-42.17252396166134,NA,NA,NA,0.4,-47.92332268370607,1.7999999999999998,-10.6
"CASI Pharmaceuticals, Inc. (NasdaqCM:CASI)",NasdaqCM:CASI,Biotechnology (Primary),3,32.59,41.9,-9.732,NA,NA,NA,NA,NA,459.01408450704236,NA,63.981042654028435,NA,46.19718309859155,-205.81690140845072,NA,NA,-0.5770000000000001,NA,-102.3943661971831,-7.343,-3.93
Orgenesis Inc. (OTCPK:ORGS),OTCPK:ORGS,Biotechnology (Primary),3,43.44,42.3,-1.8399999999999999,NA,NA,NA,NA,NA,24.68181818181818,NA,1.0100671140939597,NA,0.2119318181818182,-3.1971590909090906,NA,NA,NA,NA,-3.1363636363636362,-0.10699999999999998,-3.8469999999999995
"Avant Diagnostics, Inc. (OTCBB:AVDX)",OTCBB:AVDX,Biotechnology (Primary),3,40.89,42.5,1.5199999999999998,NA,13.578274760383387,1635.6,NA,NA,NA,26.90131578947369,-1.1246006389776357,NA,NA,NA,NA,NA,NA,NA,NA,-0.001299999999999999,0.025
TetraLogic Pharmaceuticals Corporation (NasdaqGM:TLOG),NasdaqGM:TLOG,Biotechnology (Primary),3,20.599999999999994,42.9,11.099999999999994,NA,1.284431137724551,NA,NA,NA,NA,1.8558558558558562,-1.3712574850299402,NA,NA,NA,NA,NA,NA,NA,NA,20.452,-11.199999999999996
Celsion Corp. (NasdaqCM:CLSN),NasdaqCM:CLSN,Biotechnology (Primary),3,15.910000000000004,43.1,5.609999999999999,NA,1.3140243902439026,NA,NA,NA,31.820000000000007,2.836007130124778,-0.7957317073170733,NA,29.4,-38.634,NA,NA,NA,NA,-44.2,2.7829999999999995,-7
"Matinas BioPharma Holdings, Inc. (OTCPK:MTNB)",OTCPK:MTNB,Biotechnology (Primary),3,40.61,43.2,-0.3599999999999999,NA,19.372197309417043,NA,NA,NA,300.8148148148148,NA,-4.753363228699551,NA,38.37037037037037,-47.571851851851854,NA,NA,NA,NA,-80.74074074074073,4.477799999999999,-5.620000000000001
"Citius Pharmaceuticals, Inc. (OTCPK:CTXR)",OTCPK:CTXR,Pharmaceuticals (Primary),3,42.35,43.3,-1.6920000000000002,NA,NA,57.38482384823848,NA,NA,NA,NA,3.1266846361185983,NA,NA,NA,NA,NA,NA,NA,NA,0.6142,0.738
StemCells Inc. (NasdaqCM:STEM),NasdaqCM:STEM,Biotechnology (Primary),3,33.6,43.5,-4.030000000000001,NA,7.410562180579216,NA,NA,NA,32.94117647058824,NA,-5.24701873935264,NA,24.11764705882353,-26.7578431372549,NA,NA,-0.0236,NA,-33.627450980392155,7.0070000000000014,-8.600000000000001
"Cleveland BioLabs, Inc. (NasdaqCM:CBLI)",NasdaqCM:CBLI,Biotechnology (Primary),3,44.75,43.7,2.8400000000000003,NA,24.41340782122905,NA,NA,NA,16.332116788321166,15.757042253521124,-0.5134078212290503,NA,0,-4.781021897810218,NA,NA,-0.299,NA,-4.781021897810218,0,-13.4
IntelliPharmaCeutics International Inc. (TSX:I),TSX:I,Pharmaceuticals (Primary),3,41.31,44.1,2.119999999999999,NA,8.981670061099797,NA,NA,NA,8.624217118997914,19.485849056603783,-1.130346232179226,NA,0,-1.2520459290187889,NA,NA,NA,NA,-1.0647181628392484,-0.8972999999999999,-4.71
Acerus Pharmaceuticals Corporation (TSX:ASP),TSX:ASP,Pharmaceuticals (Primary),3,37.3,44.5,9.299999999999997,NA,2.696969696969697,NA,NA,NA,3.62135922330097,4.010752688172044,-0.8666666666666667,NA,0.3553398058252427,-1.1329320388349513,NA,NA,NA,NA,-0.7543689320388348,-3.8992000000000013,-1.54
"Catalyst Biosciences, Inc. (NasdaqCM:CBIO)",NasdaqCM:CBIO,Biotechnology (Primary),3,43.86,45.4,-1.624,NA,NA,NA,NA,NA,15.94909090909091,NA,87.97619047619047,NA,0,-3.152727272727273,NA,NA,NA,NA,-3.152727272727273,0,-8.17
InSite Vision Incorporated (OTCPK:INSV),OTCPK:INSV,Pharmaceuticals (Primary),3,49.440000000000005,45.9,-3.96,NA,NA,NA,NA,NA,11.035714285714286,NA,1.76,NA,2.299107142857143,-2.481473214285714,NA,NA,-0.155,NA,-2.5446428571428568,0.28300000000000125,-0.7999999999999989
"SIGA Technologies, Inc. (OTCPK:SIGA.Q)",OTCPK:SIGA.Q,Biotechnology (Primary),3,-51.71,46,-344.21,NA,NA,NA,NA,NA,-10.70600414078675,NA,0.15578093306288032,NA,0,-3.602484472049689,NA,NA,-0.248,NA,-3.602484472049689,0,-17.1
Mettrum Health Corp. (TSXV:MT),TSXV:MT,Pharmaceuticals (Primary),3,30.57,46.1,11.869999999999997,NA,1.6824817518248176,NA,NA,NA,10.614583333333334,2.5754001684919974,-0.2259124087591241,NA,0,-1.9479166666666667,NA,NA,NA,NA,-1.9479166666666667,0,-5.24
Del Mar Pharmaceuticals Inc. (OTCPK:DMPI),OTCPK:DMPI,Biotechnology (Primary),3,44.85,46.6,-1.238,NA,91.015625,17.51953125,NA,NA,NA,NA,-9.375,NA,NA,NA,NA,NA,NA,NA,NA,1.8324,2.56
"ARCA biopharma, Inc. (NasdaqCM:ABIO)",NasdaqCM:ABIO,Biotechnology (Primary),3,32,47.4,-0.7000000000000011,NA,3.2244897959183674,NA,NA,NA,NA,NA,-0.7074829931972789,NA,NA,NA,NA,NA,NA,NA,NA,1.2594000000000003,-3.9300000000000006
"ContraVir Pharmaceuticals, Inc. (NasdaqCM:CTRV)",NasdaqCM:CTRV,Pharmaceuticals (Primary),3,43.44,48,-1.1199999999999997,NA,13.953488372093023,NA,NA,NA,NA,NA,-4.156976744186046,NA,NA,NA,NA,NA,NA,NA,NA,8.15,-5.5
Aurora Cannabis Inc. (DB:21P),DB:21P,Pharmaceuticals (Primary),3,49.669999999999995,48.8,2.53,NA,29.397590361445783,NA,NA,NA,NA,19.632411067193676,0,NA,NA,NA,NA,NA,NA,NA,NA,0,0
Oragenics Inc. (AMEX:OGEN),AMEX:OGEN,Biotechnology (Primary),3,39.265,49.6,-0.03500000000000014,NA,4.815533980582524,NA,NA,NA,38.12135922330097,NA,-0.9592233009708738,NA,7.213592233009709,-5.7223300970873785,NA,NA,-0.0174,NA,-9.611650485436893,4.006,-2.42
"Aphria, Inc. (TSXV:APH)",TSXV:APH,Pharmaceuticals (Primary),3,44.46,50.1,5.06,NA,4.682242990654206,NA,NA,NA,39.34513274336284,8.786561264822135,-0.38224299065420564,NA,0.10442477876106195,-1.6123893805309737,NA,NA,NA,NA,-1.7168141592920354,0.118,-1.4820000000000002
"iBio, Inc. (AMEX:IBIO)",AMEX:IBIO,Biotechnology (Primary),3,40.809999999999995,50.3,1.709999999999999,NA,4.491071428571429,NA,NA,NA,22.059459459459458,23.865497076023402,-0.5919642857142857,NA,1.8918918918918919,-2.751081081081081,NA,NA,NA,NA,-3.605405405405405,1.5805,-2.8
Brainstorm Cell Therapeutics Inc. (NasdaqCM:BCLI),NasdaqCM:BCLI,Biotechnology (Primary),3,42.46,51,-1.8599999999999994,NA,7.634730538922156,NA,NA,NA,NA,NA,-1.444610778443114,NA,NA,NA,NA,NA,NA,NA,NA,4.0585,-3.7200000000000006
"Eleven Biotherapeutics, Inc. (NasdaqGM:EBIO)",NasdaqGM:EBIO,Biotechnology (Primary),3,7.799999999999997,51.9,-7.300000000000004,NA,1.4103260869565217,NA,NA,NA,6.141732283464565,NA,-0.8750000000000001,NA,0,-27.276377952755908,NA,NA,NA,NA,-26.535433070866144,-0.9410000000000001,-33.3
"Mount TAM Biotechnologies, Inc. (OTCPK:MNTM)",OTCPK:MNTM,Biotechnology (Primary),3,52.552,52.5,-0.20400000000000001,NA,NA,NA,NA,NA,NA,NA,2.41796875,NA,NA,NA,NA,NA,NA,NA,NA,0,0
Vericel Corporation (NasdaqCM:VCEL),NasdaqCM:VCEL,Biotechnology (Primary),3,22.852,53,5.452000000000002,NA,1.4887640449438202,4.231851851851853,NA,NA,0.4682786885245902,4.191489361702127,-0.45786516853932585,NA,0.4385245901639344,-0.2334016393442623,NA,NA,NA,NA,-0.3524590163934426,5.809999999999999,5.399999999999999
"CareDx, Inc (NasdaqGM:CDNA)",NasdaqGM:CDNA,Biotechnology (Primary),3,28.4,53.3,16.4,NA,1.2905569007263922,NA,NA,NA,0.9793103448275862,1.7317073170731707,-0.10290556900726393,NA,0,-0.2629310344827586,NA,NA,NA,0.2,-0.19,-2.1149999999999998,-4.86
"Viking Therapeutics, Inc. (NasdaqCM:VKTX)",NasdaqCM:VKTX,Biotechnology (Primary),3,54.114,53.3,-1.036,NA,NA,26.01634615384615,NA,NA,NA,NA,6.702702702702703,NA,NA,NA,NA,NA,NA,NA,NA,-0.15870000000000006,2.08
Nuvo Research Inc. (OTCPK:NRIF.F),OTCPK:NRIF.F,Pharmaceuticals (Primary),3,3.3830000000000027,53.5,-2.016999999999996,1.7833333333333334,1.1122661122661122,NA,NA,NA,0.2967543859649125,NA,0.6237006237006237,NA,0,-1.3717543859649124,0,0,-0.191,NA,-1.087719298245614,-3.2380000000000004,-12
ImmunoVaccine Inc. (TSX:IMV),TSX:IMV,Biotechnology (Primary),3,47.65,54.1,0.29999999999999893,NA,8.014814814814814,NA,NA,NA,NA,158.83333333333388,-0.9037037037037037,NA,NA,NA,NA,NA,NA,NA,NA,1.4400000000000002,-2.7600000000000002
Palatin Technologies Inc. (AMEX:PTN),AMEX:PTN,Biotechnology (Primary),3,37.349999999999994,54.8,-5.2500000000000036,NA,4.491803278688525,NA,NA,NA,2.8730769230769226,NA,-1.4508196721311475,NA,0,-1.4115384615384616,NA,NA,-0.018000000000000002,NA,-1.330769230769231,-1.05,-17.2
"Manhattan Scientifics, Inc. (OTCPK:MHTX)",OTCPK:MHTX,Biotechnology (Primary),3,56.33,55.9,0.6560000000000001,5.652173913043478,247.34513274336283,NA,NA,NA,161.40401146131805,85.86890243902437,43.76106194690266,NA,6.217765042979943,-8.196848137535818,0,0,-0.182,NA,-13.209169054441263,1.7492999999999999,-1.87
Histogenics Corporation (NasdaqGM:HSGX),NasdaqGM:HSGX,Biotechnology (Primary),3,-0.3500000000000014,56.5,-2.6499999999999986,NA,1.0424354243542435,NA,NA,NA,NA,NA,-0.4926199261992619,NA,NA,NA,NA,NA,NA,NA,NA,23.785999999999998,-6.300000000000004
Adamis Pharmaceuticals Corporation (NasdaqCM:ADMP),NasdaqCM:ADMP,Pharmaceuticals (Primary),3,53.12,56.9,5.720000000000001,NA,5.989473684210526,NA,NA,NA,NA,9.286713286713285,-1.5578947368421054,NA,NA,NA,NA,NA,NA,NA,NA,3.9731000000000005,-7.67
"Pulmatrix, Inc. (NasdaqCM:PULM)",NasdaqCM:PULM,Pharmaceuticals (Primary),3,97.34900000000002,58.1,-2.650999999999996,NA,NA,NA,NA,NA,157.26817447495964,NA,0.7255369928400954,NA,0,-18.416801292407108,NA,NA,NA,NA,-18.416801292407108,0,-11.1
"Xenetic Biosciences, Inc. (OTCPK:XBIO)",OTCPK:XBIO,Biotechnology (Primary),3,56.385000000000005,58.5,8.385,NA,5.571428571428571,NA,NA,NA,NA,6.7245080500894465,-1.0476190476190477,NA,NA,NA,NA,NA,NA,NA,NA,3.0310000000000006,-3.869999999999999
"OncoGenex Pharmaceuticals, Inc. (NasdaqCM:OGXI)",NasdaqCM:OGXI,Biotechnology (Primary),3,11.899999999999999,59,-13,NA,1.7302052785923754,NA,NA,NA,0.7484276729559748,NA,-0.6187683284457478,NA,0,-1.8318867924528304,NA,NA,-0.131,NA,-1.559748427672956,-4.327,-24.5
"Celator Pharmaceuticals, Inc. (NasdaqCM:CPXX)",NasdaqCM:CPXX,Biotechnology (Primary),3,37.49999999999999,59.8,-0.3999999999999986,NA,2.730593607305936,NA,NA,NA,NA,NA,-0.7990867579908676,NA,NA,NA,NA,NA,NA,NA,NA,6.327999999999999,-7.5
"Cancer Genetics, Inc. (NasdaqCM:CGIX)",NasdaqCM:CGIX,Biotechnology (Primary),3,41.71999999999999,60.4,15.920000000000002,NA,1.745664739884393,NA,NA,NA,2.6405063291139235,2.620603015075376,-0.5549132947976878,NA,0.3449367088607595,-0.9848607594936709,NA,NA,NA,0.4,-1.240506329113924,4.0392,-12.850000000000001
"Cytori Therapeutics, Inc. (NasdaqGM:CYTX)",NasdaqGM:CYTX,Biotechnology (Primary),3,72.2,61.4,5.1,NA,NA,NA,NA,NA,6.74766355140187,14.15686274509804,5.719298245614035,NA,0,-3.1887850467289724,NA,NA,-0.0017499999999999998,NA,-2.383177570093458,-8.620000000000001,-24.5
"MEI Pharma, Inc. (NasdaqCM:MEIP)",NasdaqCM:MEIP,Biotechnology (Primary),3,-2,61.8,-4,NA,1.0334448160535117,NA,NA,NA,NA,NA,-0.5468227424749165,NA,NA,NA,NA,NA,NA,NA,NA,16.066000000000003,-8.900000000000002
"Corbus Pharmaceuticals Holdings, Inc. (NasdaqCM:CRBP)",NasdaqCM:CRBP,Biotechnology (Primary),3,56.184,62.3,-0.25599999999999934,NA,10.631399317406142,NA,NA,NA,492.84210526315786,NA,-1.0273037542662116,NA,11.052631578947368,-44.917543859649115,NA,NA,NA,NA,-54.21052631578947,1.0594,-4.890000000000001
"Stellar Biotechnologies, Inc. (TSXV:KLH)",TSXV:KLH,Biotechnology (Primary),3,49.7,63.6,-6.2,NA,8.25974025974026,NA,NA,NA,NA,NA,0,NA,NA,NA,NA,NA,NA,NA,NA,-0.49210000000000004,0
"Aytu BioScience, Inc. (OTCPK:AYTU)",OTCPK:AYTU,Pharmaceuticals (Primary),3,56.85,64.2,8.25,NA,4.115384615384616,NA,NA,NA,216.98473282442748,6.890909090909091,-0.4948717948717949,NA,13.053435114503817,-18.912213740458014,NA,NA,NA,NA,-29.12213740458015,2.675,-4.09
VBI Vaccines Inc (NasdaqCM:VBIV),NasdaqCM:VBIV,Biotechnology (Primary),3,53.85,64.3,0.25,NA,6.009345794392524,NA,NA,NA,214.5418326693227,215.4,-1.4672897196261683,NA,12.669322709163348,-49.410358565737056,NA,NA,NA,NA,-59.36254980079681,2.498,-11.620000000000001
"CoLucid Pharmaceuticals, Inc. (NasdaqGM:CLCD)",NasdaqGM:CLCD,Biotechnology (Primary),3,64.89600000000002,64.9,-1.794,NA,NA,NA,NA,NA,NA,NA,6.592178770949721,NA,NA,NA,NA,NA,NA,NA,NA,8.3078,-3.3100000000000005
"Galectin Therapeutics, Inc. (NasdaqCM:GALT)",NasdaqCM:GALT,Biotechnology (Primary),3,36.1,65.2,-1.1000000000000014,NA,2.3285714285714287,NA,NA,NA,NA,NA,-0.5964285714285714,NA,NA,NA,NA,NA,NA,NA,NA,6.3740000000000006,-6.699999999999999
"Capricor Therapeutics, Inc. (NasdaqCM:CAPR)",NasdaqCM:CAPR,Biotechnology (Primary),3,67.32,66.2,-5.129999999999999,NA,NA,NA,NA,NA,11.64705882352941,NA,1.6159999999999999,NA,0,-1.7006920415224913,NA,NA,NA,NA,-1.7006920415224913,0,-9.75
vTv Therapeutics Inc. (NasdaqGM:VTVT),NasdaqGM:VTVT,Biotechnology (Primary),3,101.92,67.1,-25.88,NA,NA,NA,NA,NA,68.40268456375838,NA,0.5568369028006589,NA,0,-20,NA,NA,NA,NA,-20,0,-29.1
"Apricus Biosciences, Inc. (NasdaqCM:APRI)",NasdaqCM:APRI,Pharmaceuticals (Primary),3,60.98,67.6,-4.7,NA,35.20833333333333,NA,NA,NA,12.864978902953585,NA,-16.71875,NA,5.084388185654008,-3.157594936708861,NA,NA,0.0738,NA,-6.793248945147679,17.233,-7.799999999999997
"AVEO Pharmaceuticals, Inc. (NasdaqGS:AVEO)",NasdaqGS:AVEO,Biotechnology (Primary),3,36.400000000000006,68,-11,NA,3.3009708737864076,NA,NA,NA,28.888888888888893,NA,-2.1699029126213594,NA,0,-38.69047619047619,NA,NA,-0.496,NA,-27.619047619047617,-13.95,-24.6
"Ocera Therapeutics, Inc. (NasdaqGM:OCRX)",NasdaqGM:OCRX,Pharmaceuticals (Primary),3,21,68.2,2.8999999999999986,NA,1.3612774451097804,NA,NA,NA,62.31454005934717,7.241379310344831,-0.499001996007984,NA,45.994065281899104,-35.35311572700297,NA,NA,NA,NA,-74.48071216617211,13.186,-9.399999999999999
CEL-SCI Corporation (AMEX:CVM),AMEX:CVM,Biotechnology (Primary),3,61.71,69.1,3.01,NA,6.644230769230768,NA,NA,NA,78.01517067003792,20.50166112956811,-3.0865384615384617,NA,0,-48.63590391908976,NA,NA,0.455,NA,-43.61567635903919,-3.971,-34.2
Canadian Cannabis Corp. (OTCPK:CCAN),OTCPK:CCAN,Pharmaceuticals (Primary),3,79.182,69.2,13.392,NA,20.29325513196481,NA,NA,NA,248.21943573667713,5.912634408602151,-4.604105571847507,NA,0,-36.67711598746081,NA,NA,NA,NA,-36.67711598746081,0,-11.6
"Sunesis Pharmaceuticals, Inc. (NasdaqCM:SNSS)",NasdaqCM:SNSS,Biotechnology (Primary),3,35.66000000000001,69.4,-19.939999999999998,NA,5.028985507246377,NA,NA,NA,10.306358381502893,NA,-2.5144927536231885,NA,6.8497109826589595,-9.76878612716763,NA,NA,1.315,NA,-12.6878612716763,10.1,-20.099999999999998
"Aldeyra Therapeutics, Inc. (NasdaqCM:ALDX)",NasdaqCM:ALDX,Biotechnology (Primary),3,62.81999999999999,70.1,-0.9999999999999991,NA,11.162420382165603,12.589178356713425,NA,NA,NA,NA,-1.4044585987261147,NA,NA,NA,NA,NA,NA,NA,NA,4.2811,4.99
"NanoViricides, Inc. (AMEX:NNVC)",AMEX:NNVC,Biotechnology (Primary),3,47.28,71.6,7.480000000000004,NA,2.251572327044025,NA,NA,NA,NA,6.320855614973259,-0.06918238993710692,NA,NA,NA,NA,NA,NA,NA,NA,0.9805000000000001,-3.25
"Imprimis Pharmaceuticals, Inc. (NasdaqCM:IMMY)",NasdaqCM:IMMY,Pharmaceuticals (Primary),3,63.53300000000001,71.7,-0.017000000000001236,NA,8.797546012269938,NA,NA,NA,14.055973451327437,NA,-1.4723926380368098,NA,0.07676991150442478,-2.764026548672567,NA,NA,NA,0.15,-2.610619469026549,-0.6934000000000002,-11.153
"Verastem, Inc. (NasdaqGM:VSTM)",NasdaqGM:VSTM,Biotechnology (Primary),3,-20,72.7,-3.9000000000000057,NA,0.8186936936936937,NA,NA,NA,NA,NA,-0.6509009009009009,NA,NA,NA,NA,NA,NA,NA,NA,30.915999999999997,-17.1
"Caladrius Biosciences, Inc. (NasdaqCM:CLBS)",NasdaqCM:CLBS,Biotechnology (Primary),3,63.89999999999999,73.6,48.400000000000006,NA,1.2667814113597244,NA,NA,NA,3.4728260869565215,1.3202479338842972,-1.117039586919105,NA,1.548913043478261,-2.4681086956521745,NA,NA,-0.17,NA,-3.597826086956522,20.7868,-35.2
BioSyent Inc. (TSXV:RX),TSXV:RX,Pharmaceuticals (Primary),3,67.19999999999999,74.1,0.14999999999999947,25.909090909090907,10.51063829787234,17.09923664122137,17.27506426735218,17.31958762886598,6.165137614678898,448.00000000000153,0.4056737588652482,25.86666666666676,0.0036697247706422016,0.35842201834862386,0,0,0.61,NA,0.35596330275229354,0.0268,3.93
Aptose Biosciences Inc. (TSX:APS),TSX:APS,Biotechnology (Primary),3,49.053999999999995,75.1,-0.7459999999999987,NA,2.968379446640316,NA,NA,NA,NA,NA,-0.45454545454545453,NA,NA,NA,NA,NA,NA,NA,NA,-0.5640000000000005,-8.24
"Mast Therapeutics, Inc. (AMEX:MSTX)",AMEX:MSTX,Biotechnology (Primary),3,18.200000000000003,75.5,1.4000000000000057,NA,1.2862010221465077,NA,NA,NA,NA,12.999999999999948,-0.594548551959114,NA,NA,NA,NA,NA,NA,NA,NA,12.863,-10.2
CytoDyn Inc. (OTCPK:CYDY),OTCPK:CYDY,Biotechnology (Primary),3,79.62,76.4,-7.4799999999999995,NA,NA,NA,NA,NA,NA,NA,2.85981308411215,NA,NA,NA,NA,NA,NA,NA,NA,17.2749,-4.5
Transition Therapeutics Inc. (TSX:TTH),TSX:TTH,Biotechnology (Primary),3,45.3,77.8,-3.1000000000000014,NA,2.6462585034013606,NA,NA,NA,NA,NA,-1.3979591836734695,NA,NA,NA,NA,NA,NA,NA,NA,26.561,-3.8999999999999986
Conatus Pharmaceuticals Inc. (NasdaqGM:CNAT),NasdaqGM:CNAT,Biotechnology (Primary),3,41.800000000000004,77.9,-2.8999999999999986,NA,2.3463855421686746,NA,NA,NA,NA,NA,-0.716867469879518,NA,NA,NA,NA,NA,NA,NA,NA,12.013,-8
"Biota Pharmaceuticals, Inc. (NasdaqGS:BOTA)",NasdaqGS:BOTA,Biotechnology (Primary),3,21.4,78,12.899999999999999,NA,1.1223021582733812,1.6850393700787398,NA,NA,0.8699186991869917,1.6589147286821706,-0.2748201438848921,NA,0.8048780487804877,-0.36280487804878037,NA,NA,-0.166,NA,-0.33333333333333326,-0.7249999999999979,12.700000000000001
"IsoRay, Inc. (AMEX:ISR)",AMEX:ISR,Biotechnology (Primary),3,65.2,79.8,6.200000000000001,NA,3.8365384615384612,NA,NA,NA,14.456762749445678,10.516129032258062,-0.17692307692307693,NA,0.13636363636363638,-0.9875609756097561,NA,NA,-0.031400000000000004,NA,-0.9623059866962306,-0.11390000000000011,-3.0250000000000004
"PharmaCyte Biotech, Inc. (OTCPK:PMCB)",OTCPK:PMCB,Biotechnology (Primary),3,78,80.7,3.24,NA,13.585858585858585,21.487603305785125,NA,NA,NA,24.074074074074073,-1.6531986531986531,NA,NA,NA,NA,NA,NA,NA,NA,3.4047,3.63
"Vaccinogen, Inc. (OTCPK:VGEN)",OTCPK:VGEN,Biotechnology (Primary),3,81.16,81.2,52.86,NA,1.5349716446124764,NA,NA,NA,NA,1.5353764661369655,-0.42344045368620037,NA,NA,NA,NA,NA,NA,NA,NA,7.9510000000000005,-6.6
"Rexahn Pharmaceuticals, Inc. (AMEX:RNN)",AMEX:RNN,Biotechnology (Primary),3,49,81.7,-6.100000000000001,NA,3.071428571428571,NA,NA,NA,NA,NA,-0.43609022556390975,NA,NA,NA,NA,NA,NA,NA,NA,6.049999999999999,-6
Titan Pharmaceuticals Inc. (NasdaqCM:TTNP),NasdaqCM:TTNP,Pharmaceuticals (Primary),3,69.8,85.3,-6.890000000000001,NA,9.907084785133566,NA,NA,NA,19.999999999999996,NA,-0.8060394889663184,NA,0,-1.346704871060172,NA,NA,-0.0163,NA,-1.346704871060172,0,-4.34
Pain Therapeutics Inc. (NasdaqGS:PTIE),NasdaqGS:PTIE,Pharmaceuticals (Primary),3,44.99999999999999,85.6,-0.5,NA,2.134663341645885,NA,NA,NA,NA,NA,-0.28927680798004984,NA,NA,NA,NA,NA,NA,NA,NA,0,-11.7
"Athersys, Inc. (NasdaqCM:ATHX)",NasdaqCM:ATHX,Biotechnology (Primary),3,61.383,87.3,-5.017000000000003,NA,4.177033492822967,NA,NA,NA,41.475,NA,-1.1866028708133973,NA,0,-25.38918918918919,NA,NA,-0.21600000000000003,NA,-19.12162162162162,-9.276,-28
MediciNova Inc. (NasdaqGM:MNOV),NasdaqGM:MNOV,Biotechnology (Primary),3,77,88.7,10.3,NA,4.031818181818182,NA,NA,NA,NA,7.475728155339805,-0.3859090909090909,NA,NA,NA,NA,NA,NA,NA,NA,-13.919999999999998,-8.44
"Tenax Therapeutics, Inc. (NasdaqCM:TENX)",NasdaqCM:TENX,Biotechnology (Primary),3,72.69999999999999,89.7,53.4,NA,1.2741477272727273,NA,NA,NA,1483.6734693877547,1.3614232209737827,-0.21164772727272727,NA,0,-305.9530612244898,NA,NA,-0.0191,NA,-289.7959183673469,-0.7916999999999998,-14.1
"SCYNEXIS, Inc. (NasdaqGM:SCYX)",NasdaqGM:SCYX,Pharmaceuticals (Primary),3,58.599999999999994,90.8,1.1999999999999957,NA,2.718562874251497,NA,NA,NA,3.0842105263157893,48.8333333333335,-0.6826347305389222,NA,0.6421052631578947,-0.42936842105263157,NA,NA,NA,NA,-0.9578947368421052,10.042,-5
"Ohr Pharmaceutical, Inc. (NasdaqCM:OHRP)",NasdaqCM:OHRP,Biotechnology (Primary),3,77.94399999999999,91.1,13.644000000000002,NA,3.399253731343283,NA,NA,NA,NA,5.712694224567574,-0.5373134328358209,NA,NA,NA,NA,NA,NA,NA,NA,6.9921999999999995,-7.620000000000001
"BIND Therapeutics, Inc. (NasdaqGS:BIND)",NasdaqGS:BIND,Biotechnology (Primary),3,53.669999999999995,91.3,-0.4299999999999926,NA,2.454301075268817,NA,NA,NA,4.472499999999999,NA,-1.0053763440860215,NA,0.44249999999999995,-2.840833333333333,NA,NA,NA,NA,-3.283333333333333,5.31,-31.99
Synta Pharmaceuticals Corp. (NasdaqGM:SNTA),NasdaqGM:SNTA,Biotechnology (Primary),3,9,92.8,-18.700000000000003,NA,1.4254992319508448,NA,NA,NA,NA,NA,-1.241167434715822,NA,NA,NA,NA,NA,NA,NA,NA,0,-78.5
"CorMedix, Inc. (AMEX:CRMD)",AMEX:CRMD,Biotechnology (Primary),3,88.75999999999999,93.1,-0.71,NA,25.647382920110193,NA,NA,NA,307.1280276816609,NA,-4.65564738292011,NA,13.252595155709344,-42.46712802768166,NA,NA,NA,NA,-47.05882352941177,1.327,-9.67
Theratechnologies Inc. (TSX:TH),TSX:TH,Biotechnology (Primary),3,90.41,93.2,4.11,NA,13.507246376811594,47.33507853403141,47.33507853403141,202.25950782997762,5.050837988826816,21.997566909975667,-0.2768115942028985,0.10875912408759124,0,0.04508379888268156,NA,NA,0.281,NA,0.024972067039106146,0.36,1.91
Pivot Pharmaceuticals Inc. (OTCPK:PVOT.F),OTCPK:PVOT.F,Pharmaceuticals (Primary),3,93.29899999999999,93.3,-0.055,NA,NA,NA,NA,NA,NA,NA,80.92592592592592,NA,NA,NA,NA,NA,NA,NA,NA,-0.0261,-3.39
"Recro Pharma, Inc. (NasdaqCM:REPH)",NasdaqCM:REPH,Biotechnology (Primary),3,74.2,93.9,-0.8000000000000007,NA,4.968253968253969,115.93750000000006,NA,NA,3.967914438502674,NA,-0.7195767195767196,NA,0.42085561497326207,-0.12291978609625666,NA,NA,NA,NA,-0.48609625668449197,6.7914,0.6399999999999997
"Actinium Pharmaceuticals, Inc. (AMEX:ATNM)",AMEX:ATNM,Biotechnology (Primary),3,89.77400000000002,96.2,-8.346,NA,NA,NA,NA,NA,NA,NA,10.364583333333332,NA,NA,NA,NA,NA,NA,NA,NA,13.1733,-11.6
Aurinia Pharmaceuticals Inc. (TSX:AUP),TSX:AUP,Biotechnology (Primary),3,63.89999999999999,96.6,1.1999999999999957,NA,2.849557522123894,NA,NA,NA,244.8275862068965,53.250000000000185,-0.38053097345132747,NA,0,-114.04980842911878,NA,NA,-0.425,NA,-78.92720306513411,-9.167,-19.1
Aradigm Corporation (NasdaqCM:ARDM),NasdaqCM:ARDM,Pharmaceuticals (Primary),3,48.8,96.8,-8.899999999999999,NA,2.475703324808184,NA,NA,NA,1.4610778443113772,NA,-0.10358056265984654,NA,0,-0.4059880239520959,NA,NA,0.303,NA,-0.11856287425149702,-9.600000000000001,-3.64
"ADMA Biologics, Inc. (NasdaqCM:ADMA)",NasdaqCM:ADMA,Biotechnology (Primary),3,90.9,98,-1.0899999999999963,NA,16.306156405990016,NA,NA,NA,16.03174603174603,NA,-2.529118136439268,NA,1.1128747795414462,-1.7794885361552029,NA,NA,NA,NA,-2.380952380952381,3.4102999999999994,-6.79
Tribute Pharmaceuticals Canada Inc. (TSXV:TRX),TSXV:TRX,Pharmaceuticals (Primary),3,109.17,99,36.37,NA,3.7786259541984735,141.22897800776195,141.22897800776195,NA,6.384210526315789,3.0016497113005225,-0.3583969465648855,NA,0,-0.07021637426900584,NA,NA,0.43,NA,-0.06491228070175438,-0.09070000000000002,0.773
"Marinus Pharmaceuticals, Inc. (NasdaqGM:MRNS)",NasdaqGM:MRNS,Pharmaceuticals (Primary),3,57.8,100.5,-1.5,NA,2.4393203883495143,NA,NA,NA,NA,NA,-0.5048543689320388,NA,NA,NA,NA,NA,NA,NA,NA,13.6412,-5.5
"Achaogen, Inc. (NasdaqGM:AKAO)",NasdaqGM:AKAO,Pharmaceuticals (Primary),3,37.7,101.4,0.8999999999999915,NA,1.5696594427244583,NA,NA,NA,1.4669260700389106,41.88888888888929,-0.3126934984520124,NA,0,-0.83852140077821,NA,NA,NA,NA,-0.7937743190661478,-1.15,-20
"Provectus Biopharmaceuticals, Inc. (AMEX:PVCT)",AMEX:PVCT,Pharmaceuticals (Primary),3,85.9,103.3,7.800000000000001,NA,4.099206349206349,NA,NA,NA,NA,11.012820512820513,-0.4761904761904762,NA,NA,NA,NA,NA,NA,NA,NA,2.298,-9.57
ContraFect Corporation (NasdaqCM:CFRX),NasdaqCM:CFRX,Biotechnology (Primary),3,76.5,103.9,-1.7999999999999972,NA,4.05859375,NA,NA,NA,NA,NA,-1.29296875,NA,NA,NA,NA,NA,NA,NA,NA,7.351,-9.7
"Cumberland Pharmaceuticals, Inc. (NasdaqGS:CPIX)",NasdaqGS:CPIX,Pharmaceuticals (Primary),3,50.2,104.9,26.099999999999994,56.096256684491976,1.2982673267326734,5.553097345132744,10.795698924731182,21.73160173160173,1.3678474114441417,1.923371647509579,0.023143564356435647,0.0885057471264368,0.1196185286103542,0.07365122615803814,0,3.2566844919786093,-0.040999999999999995,NA,0.06294277929155313,0.3929999999999998,9.04
"Argos Therapeutics, Inc. (NasdaqGM:ARGS)",NasdaqGM:ARGS,Biotechnology (Primary),3,72.09999999999998,105.1,-1.6000000000000085,NA,3.3471337579617835,NA,NA,NA,72.97570850202428,NA,-2.1815286624203822,NA,57.99595141700404,-23.18825910931175,NA,NA,NA,NA,-67.20647773279353,43.489999999999995,-8.5
"Carbylan Therapeutics, Inc. (NasdaqGM:CBYL)",NasdaqGM:CBYL,Pharmaceuticals (Primary),3,106.13999999999999,105.6,0.004000000000000448,NA,NA,NA,NA,NA,3316.8749999999995,26534.999999997028,42.72388059701492,NA,409.375,-194.8125,NA,NA,NA,NA,-562.5,11.766,-4.799999999999999
Cerulean Pharma Inc. (NasdaqGM:CERU),NasdaqGM:CERU,Biotechnology (Primary),3,57.82000000000001,105.9,-2.7800000000000082,NA,2.337748344370861,NA,NA,NA,NA,NA,-0.6931567328918322,NA,NA,NA,NA,NA,NA,NA,NA,14.190000000000001,-10.3
"Kindred Biosciences, Inc. (NasdaqCM:KIN)",NasdaqCM:KIN,Biotechnology (Primary),3,5.099999999999994,106.1,-2,NA,1.0717171717171716,NA,NA,NA,NA,NA,-0.2676767676767677,NA,NA,NA,NA,NA,NA,0.15,NA,16.186,-8.100000000000001
"OncBioMune Pharmaceuticals, Inc. (OTCPK:OBMP)",OTCPK:OBMP,Biotechnology (Primary),3,107.58,107.6,-0.15900000000000003,NA,NA,1582.0588235294117,NA,NA,NA,NA,2.6330935251798557,NA,NA,NA,NA,NA,NA,NA,NA,0.054700000000000006,0.068
"Neuralstem, Inc. (NasdaqCM:CUR)",NasdaqCM:CUR,Biotechnology (Primary),3,92.38999999999999,111.1,-1.0100000000000016,NA,6.27683615819209,NA,NA,NA,6159.333333333333,NA,-1.1581920903954803,NA,733.3333333333334,-861.7866666666666,NA,NA,NA,NA,-1226.6666666666665,5.4732,-7
Trillium Therapeutics Inc. (TSX:TR),TSX:TR,Biotechnology (Primary),3,89.04400000000001,111.4,-1.3560000000000016,NA,5.3047619047619055,NA,NA,NA,NA,NA,-0.6476190476190476,NA,NA,NA,NA,NA,NA,NA,NA,9.1419,-1.700000000000001
"PharmAthene, Inc. (AMEX:PIP)",AMEX:PIP,Biotechnology (Primary),3,93.946,111.8,0.44599999999999795,NA,6.109289617486338,NA,NA,NA,8.540545454545454,210.64125560538213,-0.44480874316939895,NA,0,-1.3037272727272726,NA,NA,-0.128,NA,-0.48454545454545456,-9.011,-5.18
Cipher Pharmaceuticals Inc. (TSX:CPH),TSX:CPH,Pharmaceuticals (Primary),3,67,112.4,8.800000000000004,10.311926605504587,2.07380073800738,4.868124682118724,4.962962962962963,5.677966101694915,2.4814814814814814,7.61363636363636,0.2011070110701107,1.3409090909090904,0.00974074074074074,0.4467777777777778,0,0,0.462,NA,0.43703703703703706,0.263,13.763
"Catabasis Pharmaceuticals, Inc. (NasdaqGM:CATB)",NasdaqGM:CATB,Biotechnology (Primary),3,103.85,113.8,-2.75,NA,15.805555555555555,NA,NA,NA,NA,NA,-3.6944444444444446,NA,NA,NA,NA,NA,NA,NA,NA,14.610000000000001,-7.199999999999999
"Zynerba Pharmaceuticals, Inc. (NasdaqGM:ZYNE)",NasdaqGM:ZYNE,Pharmaceuticals (Primary),3,105.27,114.6,-0.8599999999999994,NA,13.530106257378982,NA,NA,NA,167.09523809523807,NA,-0.8311688311688311,NA,5.73015873015873,-6.150476190476191,NA,NA,NA,NA,-11.174603174603174,3.1652,-3.4200000000000004
"RenovaCare, Inc. (OTCBB:RCAR)",OTCBB:RCAR,Biotechnology (Primary),3,114.517,115.2,-0.20900000000000007,NA,243.03797468354432,113.38316831683167,NA,NA,NA,NA,-4.240506329113924,NA,NA,NA,NA,NA,NA,NA,NA,0.9087000000000001,1.01
"Dipexium Pharmaceuticals, Inc. (NasdaqCM:DPRX)",NasdaqCM:DPRX,Pharmaceuticals (Primary),3,92.3,119.3,-1.1000000000000014,NA,4.6061776061776065,10.871613663133097,NA,NA,NA,NA,-0.5907335907335908,NA,NA,NA,NA,NA,NA,0.4,NA,7.2614,8.49
"Neothetics, Inc. (NasdaqGM:NEOT)",NasdaqGM:NEOT,Biotechnology (Primary),3,53.639999999999986,119.8,-0.960000000000008,NA,1.8374233128834354,NA,NA,NA,NA,NA,-0.35736196319018404,NA,NA,NA,NA,NA,NA,NA,NA,13.017,-5.899999999999999
Xenon Pharmaceuticals Inc. (NasdaqGM:XENE),NasdaqGM:XENE,Biotechnology (Primary),3,37.2,121.2,-11.200000000000003,49.876543209876544,1.664835164835165,2.852760736196319,10.21978021978022,13.478260869565219,1.4252873563218391,NA,0.033379120879120885,NA,0.36015325670498083,0.39750957854406127,0,0,NA,NA,0.1057471264367816,7.615,13.040000000000001
"GlycoMimetics, Inc. (NasdaqGM:GLYC)",NasdaqGM:GLYC,Biotechnology (Primary),3,72.2,127.4,-4.400000000000006,NA,2.507874015748032,5.640625000000001,NA,NA,3.6100000000000003,NA,-0.2106299212598425,NA,1.17,0.3872999999999999,NA,NA,NA,NA,-0.54,18.546,12.799999999999999
"Nivalis Therapeutics, Inc. (NasdaqGM:NVLS)",NasdaqGM:NVLS,Biotechnology (Primary),3,100.10000000000001,127.9,-1.6999999999999993,NA,4.900383141762452,NA,NA,NA,NA,NA,-0.7547892720306513,NA,NA,NA,NA,NA,NA,NA,NA,10.370000000000001,-5.1
"Juniper Pharmaceuticals, Inc. (NasdaqGS:JNP)",NasdaqGS:JNP,Pharmaceuticals (Primary),3,115.42999999999999,128.7,28.13,57.713004484304925,3.108695652173913,12.92609182530795,24.301052631578944,43.07089552238806,3.094638069705094,4.1034482758620685,0.05386473429951691,0.09527195165303946,0.11206434316353887,0.06132975871313673,0,0,0.025099999999999997,NA,0.07184986595174264,-0.3924000000000003,8.93
"Bio-Path Holdings, Inc. (NasdaqCM:BPTH)",NasdaqCM:BPTH,Pharmaceuticals (Primary),3,115.4,129.3,1,NA,8.677852348993289,NA,NA,NA,NA,115.4,-0.3523489932885906,NA,NA,NA,NA,NA,NA,NA,NA,1.5576,-2.75
Helix Biopharma Corp. (TSX:HBP),TSX:HBP,Biotechnology (Primary),3,124.08000000000001,129.3,0.03000000000000025,NA,24.62857142857143,NA,NA,NA,NA,4135.999999999966,-1.2780952380952382,NA,NA,NA,NA,NA,NA,NA,NA,-2.2189999999999994,-2.8899999999999997
"EPIRUS Biopharmaceuticals, Inc. (NasdaqCM:EPRS)",NasdaqCM:EPRS,Biotechnology (Primary),3,116.58000000000001,130.8,18.18,NA,4.037037037037037,NA,NA,NA,1575.4054054054056,6.412541254125413,-1.4537037037037037,NA,266.2162162162162,-253.86486486486484,NA,NA,NA,NA,-470.27027027027026,16.014,-14.7
Resverlogix Corp. (TSX:RVX),TSX:RVX,Biotechnology (Primary),3,187.10000000000002,130.8,-17.400000000000002,NA,NA,NA,NA,NA,NA,NA,0.30257801899592945,NA,NA,NA,NA,NA,NA,NA,NA,-6.9689999999999985,-4.320000000000001
"TRACON Pharmaceuticals, Inc. (NasdaqGM:TCON)",NasdaqGM:TCON,Biotechnology (Primary),3,105.93,132,-8.370000000000001,NA,7.457627118644068,NA,NA,NA,14.124,NA,-0.6440677966101696,NA,0.4986666666666667,-0.9757333333333332,NA,NA,NA,NA,-1.3866666666666667,3.0820000000000003,-6.5600000000000005
Merus Labs International Inc. (TSX:MSL),TSX:MSL,Pharmaceuticals (Primary),3,189,132,159.5,NA,1.2878048780487805,9.593908629441625,9.593908629441625,81.81818181818181,6.077170418006431,1.1849529780564263,-0.032878048780487806,0.014482758620689656,0,0.0742347266881029,NA,NA,NA,0.20800000000000002,0.07427652733118971,-0.0013,19.7
ESSA Pharma Inc. (TSX:EPI),TSX:EPI,Biotechnology (Primary),3,129.59,133.3,-1.73,NA,67.32323232323233,NA,NA,NA,NA,NA,-5.151515151515151,NA,NA,NA,NA,NA,NA,NA,NA,4.9277999999999995,-3.71
"Fate Therapeutics, Inc. (NasdaqGM:FATE)",NasdaqGM:FATE,Biotechnology (Primary),3,103.9,133.4,-1.1999999999999957,NA,4.713780918727915,NA,NA,NA,315.80547112462006,NA,-1.0070671378091873,NA,0,-80.54711246200607,NA,NA,NA,NA,-80.54711246200607,0,-25.9
"Minerva Neurosciences, Inc. (NasdaqGM:NERV)",NasdaqGM:NERV,Biotechnology (Primary),3,115.19999999999999,133.7,33,NA,2.596116504854369,NA,NA,NA,NA,3.4909090909090907,-0.9184466019417475,NA,NA,NA,NA,NA,NA,NA,NA,31.724900000000005,-10.599999999999994
Nymox Pharmaceutical Corporation (NasdaqCM:NYMX),NasdaqCM:NYMX,Biotechnology (Primary),3,133.987,133.9,-3.693,NA,NA,NA,NA,NA,32.679756097560976,NA,6.058201058201058,NA,0.6341463414634148,-6.151707317073171,NA,NA,0.474,NA,-5.609756097560976,-2.222,-20.299999999999997
Tonix Pharmaceuticals Holding Corp (NasdaqGM:TNXP),NasdaqGM:TNXP,Biotechnology (Primary),3,95.99999999999999,134.2,-2.1000000000000014,NA,3.717451523545706,NA,NA,NA,NA,NA,-1.0498614958448753,NA,NA,NA,NA,NA,NA,NA,NA,23.9394,-11.099999999999998
"Fortress Biotech, Inc. (NasdaqCM:FBIO)",NasdaqCM:FBIO,Biotechnology (Primary),3,79.10000000000001,134.9,14.700000000000003,NA,1.9134751773049645,NA,NA,NA,158.20000000000002,5.3809523809523805,-0.375886524822695,NA,32.4,-40.308,NA,NA,NA,NA,-58,8.846,-12.7
Abeona Therapeutics Inc. (NasdaqCM:ABEO),NasdaqCM:ABEO,Biotechnology (Primary),3,125.20000000000002,136.3,-6.279999999999999,NA,28.278008298755186,NA,NA,NA,123.96039603960398,NA,-4.045643153526971,NA,1.1584158415841583,-8.138316831683168,NA,NA,0.17300000000000001,NA,-7.158415841584159,-0.9896999999999996,-5.8
"Genocea Biosciences, Inc. (NasdaqGM:GNCA)",NasdaqGM:GNCA,Biotechnology (Primary),3,105.5,141.1,-3.1000000000000014,NA,4.341538461538462,NA,NA,NA,193.93382352941174,NA,-1.3292307692307692,NA,0,-76.65441176470588,NA,NA,NA,NA,-76.65441176470588,0,-41
ArQule Inc. (NasdaqGM:ARQL),NasdaqGM:ARQL,Biotechnology (Primary),3,87.3,146.5,-18.700000000000003,NA,3.617283950617284,NA,NA,NA,7.591304347826087,NA,-0.4567901234567901,NA,0,-1.6956521739130435,NA,NA,-0.158,NA,-1.6956521739130435,0,-19.2
"Mirna Therapeutics, Inc. (NasdaqGM:MIRN)",NasdaqGM:MIRN,Biotechnology (Primary),3,137.58,146.9,-1.9900000000000002,NA,20.040927694406548,NA,NA,NA,NA,NA,-2.7012278308321966,NA,NA,NA,NA,NA,NA,NA,NA,12.338999999999999,-3.6000000000000014
"TrovaGene, Inc. (NasdaqCM:TROV)",NasdaqCM:TROV,Biotechnology (Primary),3,135.1,147.4,-3.9499999999999993,NA,17.652694610778443,NA,NA,NA,465.86206896551727,NA,-3.281437125748503,NA,0,-69.73862068965518,NA,NA,NA,NA,-68.62068965517241,-0.3242,-19.6
"Alimera Sciences, Inc. (NasdaqGM:ALIM)",NasdaqGM:ALIM,Pharmaceuticals (Primary),3,105.7,148.3,6.8999999999999915,NA,2.9959595959595964,NA,NA,NA,7.60431654676259,15.318840579710164,-0.7010101010101011,NA,0.9928057553956835,-2.801438848920863,NA,NA,NA,NA,-2.899280575539568,1.360000000000003,-24.7
Telesta Therapeutics Inc. (TSX:TST),TSX:TST,Biotechnology (Primary),3,158.29999999999998,151.6,2.1100000000000003,NA,NA,NA,NA,NA,NA,75.02369668246443,2.766884531590414,NA,NA,NA,NA,NA,NA,NA,NA,-3.4299999999999997,-3.3200000000000003
GTX Inc. (NasdaqCM:GTXI),NasdaqCM:GTXI,Biotechnology (Primary),3,105.10000000000001,154.4,-31.499999999999996,NA,8.674157303370787,NA,NA,NA,NA,NA,-1.6853932584269662,NA,NA,NA,NA,NA,NA,NA,NA,0,-21.1
QLT Inc. (TSX:QLT),TSX:QLT,Biotechnology (Primary),3,-1.4000000000000057,154.5,0.5999999999999943,NA,0.987220447284345,NA,NA,NA,NA,NA,-0.021533546325878596,NA,NA,NA,NA,NA,NA,NA,NA,-4.476000000000001,-16.83
Strongbridge Biopharma plc (NasdaqGS:SBBP),NasdaqGS:SBBP,Biotechnology (Primary),3,138.7,154.7,3.6000000000000014,NA,7.8928571428571415,NA,NA,NA,NA,38.52777777777776,-1.3979591836734693,NA,NA,NA,NA,NA,NA,NA,NA,11.948,-12.5
VIVUS Inc. (NasdaqGS:VVUS),NasdaqGS:VVUS,Pharmaceuticals (Primary),3,83.19999999999999,155,10.699999999999989,NA,1.878787878787879,NA,NA,NA,0.7509025270758122,7.775700934579446,-1.286060606060606,NA,0.08104693140794224,-0.5987364620938628,NA,NA,NA,NA,-0.37815884476534295,-24.439999999999994,-31.419999999999998
Protalex Inc. (OTCPK:PRTX),OTCPK:PRTX,Biotechnology (Primary),3,168.072,156.5,-1.0279999999999996,NA,NA,NA,NA,NA,NA,NA,0.8809523809523809,NA,NA,NA,NA,NA,NA,NA,NA,-0.6469999999999998,-7.789999999999999
"Calithera Biosciences, Inc. (NasdaqGS:CALA)",NasdaqGS:CALA,Biotechnology (Primary),3,57.400000000000006,159.4,-1.5999999999999943,NA,1.5876494023904382,NA,NA,NA,NA,NA,-0.27589641434262946,NA,NA,NA,NA,NA,NA,0.75,NA,16.714,-7.399999999999999
"Assembly Biosciences, Inc. (NasdaqCM:ASMB)",NasdaqCM:ASMB,Pharmaceuticals (Primary),3,130.4,159.5,29.5,NA,2.7218430034129693,NA,NA,NA,NA,4.420338983050848,-0.5341296928327645,NA,NA,NA,NA,NA,NA,NA,NA,7.073,-16
"Stemline Therapeutics, Inc. (NasdaqCM:STML)",NasdaqCM:STML,Biotechnology (Primary),3,106.20000000000002,160.3,1.2999999999999972,NA,2.893501805054152,NA,NA,NA,243.57798165137618,81.69230769230788,-0.5703971119133574,NA,6.674311926605505,-68.70022935779816,NA,NA,NA,NA,-72.93577981651376,1.8467000000000002,-28.79
Cardiome Pharma Corp. (TSX:COM),TSX:COM,Pharmaceuticals (Primary),3,163.9,164.6,16.400000000000002,NA,9.625730994152045,NA,NA,NA,6.303846153846154,9.993902439024389,-1.2923976608187133,NA,0.13384615384615384,-0.6628192307692308,NA,NA,-0.19699999999999998,NA,-0.7692307692307693,2.7667,-14.32
"Corium International, Inc. (NasdaqGM:CORI)",NasdaqGM:CORI,Pharmaceuticals (Primary),3,178.1,174.6,15.300000000000004,NA,14.796610169491524,NA,NA,NA,4.1709601873536295,11.64052287581699,-2.2203389830508473,NA,0.3583138173302108,-0.1264871194379391,NA,NA,NA,NA,-0.44730679156908665,13.699000000000002,-1.0999999999999979
XOMA Corporation (NasdaqGM:XOMA),NasdaqGM:XOMA,Biotechnology (Primary),3,133.79999999999998,176.7,-39.800000000000004,NA,56.99999999999999,NA,NA,NA,9.10204081632653,NA,-21.67741935483871,NA,3.5918367346938775,-4.896598639455783,NA,NA,-0.251,NA,-5.741496598639457,12.419999999999995,-29.799999999999997
"Agile Therapeutics, Inc. (NasdaqGM:AGRX)",NasdaqGM:AGRX,Pharmaceuticals (Primary),3,155.90000000000003,181.3,10.599999999999994,NA,5.036111111111111,NA,NA,NA,NA,14.707547169811331,-0.8388888888888889,NA,NA,NA,NA,NA,NA,NA,NA,17.105,-6.399999999999999
"Ampio Pharmaceuticals, Inc. (AMEX:AMPE)",AMEX:AMPE,Pharmaceuticals (Primary),3,134.8,185.1,15.200000000000003,NA,2.8259541984732826,NA,NA,NA,541.3654618473896,8.868421052631579,-0.516030534351145,NA,88.35341365461848,-75.99598393574298,NA,NA,NA,NA,-140.56224899598394,16.076999999999998,-12.200000000000003
"Tobira Therapeutics, Inc. (NasdaqCM:TBRA)",NasdaqCM:TBRA,Biotechnology (Primary),3,224.11999999999998,185.7,-6.479999999999997,NA,NA,NA,NA,NA,NA,NA,0.6993318485523385,NA,NA,NA,NA,NA,NA,NA,NA,15.87,-7.100000000000001
"Fibrocell Science, Inc. (NasdaqCM:FCSC)",NasdaqCM:FCSC,Biotechnology (Primary),3,150.3,187.8,-7.100000000000001,NA,6.177631578947369,NA,NA,NA,369.2874692874693,NA,-0.8125,NA,31.941031941031945,-57.6928746928747,NA,NA,-0.153,NA,-65.35626535626537,3.1189999999999998,-13.399999999999999
"Pernix Therapeutics Holdings, Inc. (NasdaqGM:PTX)",NasdaqGM:PTX,Pharmaceuticals (Primary),3,445.40000000000003,188,341,NA,2.248803827751196,10.360548964875555,11.751978891820581,NA,2.679903730445247,1.306158357771261,-0.9019138755980862,NA,0.030625752105896513,-0.1674915764139591,NA,NA,0.434,NA,-0.190734055354994,3.8629,42.989999999999995
"Elite Pharmaceuticals, Inc. (OTCPK:ELTP)",OTCPK:ELTP,Pharmaceuticals (Primary),3,184.82,188.6,-3.5109999999999997,3.817813765182186,701.1152416356877,45.634567901234576,NA,NA,16.95596330275229,NA,183.6431226765799,NA,1.201834862385321,-0.034229357798165216,0,0,0.266,NA,-0.8779816513761468,9.1969,4.049999999999999
Cellceutix Corporation (OTCPK:CTIX),OTCPK:CTIX,Biotechnology (Primary),3,182.71,189.1,0.629999999999999,NA,26.93732193732194,NA,NA,NA,NA,290.01587301587347,-1.8660968660968662,NA,NA,NA,NA,NA,NA,NA,NA,8.6211,-2.0999999999999996
CytRx Corporation (NasdaqCM:CYTR),NasdaqCM:CYTR,Biotechnology (Primary),3,111.7,189.5,-9.899999999999991,NA,2.7908689248895433,NA,NA,NA,1117,NA,-0.7113402061855669,NA,417.99999999999994,-287.44,NA,NA,-0.573,NA,-560,27.255999999999997,-14
"Ocata Therapeutics, Inc. (NasdaqGM:OCAT)",NasdaqGM:OCAT,Biotechnology (Primary),3,185.58,190,-7.16,NA,NA,NA,NA,NA,1174.5569620253166,NA,9.051094890510948,NA,74.0506329113924,-132.7721518987342,NA,NA,-0.34299999999999997,NA,-155.0632911392405,3.5220000000000002,-12.600000000000001
"Asterias Biotherapeutics, Inc. (AMEX:AST)",AMEX:AST,Biotechnology (Primary),3,173.878,191,15.478000000000002,NA,5.858895705521472,102.28117647058816,NA,NA,64.63866171003717,11.233880346297969,-0.3558282208588957,NA,5.687732342007435,-1.993308550185873,NA,NA,NA,NA,-7.026022304832713,13.538,1.700000000000001
"AcelRx Pharmaceuticals, Inc. (NasdaqGM:ACRX)",NasdaqGM:ACRX,Pharmaceuticals (Primary),3,143.9,194.4,-3.8000000000000114,NA,4.162740899357601,NA,NA,NA,8.084269662921349,NA,-0.5931477516059956,NA,0,-1.5506179775280897,NA,NA,NA,NA,-1.3146067415730336,-4.2010000000000005,-21.5
Cynapsus Therapeutics Inc. (TSX:CTH),TSX:CTH,Pharmaceuticals (Primary),3,179.70000000000002,194.8,-1.6999999999999993,NA,14.537313432835822,NA,NA,NA,NA,NA,-1.3656716417910448,NA,NA,NA,NA,NA,NA,NA,NA,11.6554,-7.499999999999998
"Cidara Therapeutics, Inc. (NasdaqGM:CDTX)",NasdaqGM:CDTX,Biotechnology (Primary),3,175.2,198,-1.6999999999999993,NA,9.38388625592417,NA,NA,NA,NA,NA,-1,NA,NA,NA,NA,NA,NA,NA,NA,13.8468,-6.200000000000001
POZEN Inc. (NasdaqGS:POZN),NasdaqGS:POZN,Pharmaceuticals (Primary),3,155.39999999999998,198.7,3.4000000000000057,NA,4.254817987152034,11.392961876832844,18.566308243727597,18.61077844311377,5.755555555555555,45.705882352941096,-0.05438972162740899,2.455882352941172,0.19518518518518516,-0.07922222222222226,NA,NA,-0.128,NA,0.30925925925925923,-10.489,13.639999999999999
Canopy Growth Corporation (TSXV:CGC),TSXV:CGC,Pharmaceuticals (Primary),3,183.80999999999997,199.2,17.310000000000002,NA,6.091743119266054,NA,NA,NA,67.0839416058394,10.618717504332754,-0.12996941896024464,NA,0.05620437956204379,-0.9999270072992699,NA,NA,NA,NA,-1.0510948905109487,0.1402,-2.146
"Flex Pharma, Inc. (NasdaqGM:FLKS)",NasdaqGM:FLKS,Pharmaceuticals (Primary),3,170.79999999999998,204.7,0.6000000000000014,NA,5.933333333333333,NA,NA,NA,NA,284.66666666666595,-0.5913043478260869,NA,NA,NA,NA,NA,NA,NA,NA,9.189,-10.729999999999999
Acucela Inc. (TSE:4589),TSE:4589,Pharmaceuticals (Primary),3,108.39999999999999,212.2,80.60000000000001,NA,1.150759219088937,NA,NA,NA,3.5894039735099335,1.344913151364764,-0.08568329718004339,NA,0.043046357615894044,-0.39493377483443715,NA,NA,NA,NA,-0.40728476821192056,0.3729999999999999,-10.5
Heska Corporation (NasdaqCM:HSKA),NasdaqCM:HSKA,Pharmaceuticals (Primary),3,207.808,213,63.608000000000004,67.83439490445859,3.0959302325581395,19.660170293282874,22.810976948408342,41.98141414141414,2.2368998923573735,3.267010438938498,0.04563953488372093,0.07782039994969187,0.01571582346609257,0.046719052744886976,0,0,0.0592,0.251,0.053283100107642624,-0.6097999999999999,10.57
Synthetic Biologics Inc. (AMEX:SYN),AMEX:SYN,Biotechnology (Primary),3,199.5,217,-7.9399999999999995,NA,22.698744769874477,NA,NA,NA,NA,NA,-3.9121338912133887,NA,NA,NA,NA,NA,NA,NA,NA,17.5235,-7
"Endocyte, Inc. (NasdaqGS:ECYT)",NasdaqGS:ECYT,Pharmaceuticals (Primary),3,92.30000000000001,217.4,79.9,NA,1.0604878048780488,NA,NA,NA,23.426395939086298,1.1551939924906134,-0.17170731707317075,NA,0,-8.891675126903554,NA,NA,0.056100000000000004,NA,-8.883248730964468,-0.0332,-34.1
Lipocine Inc. (NasdaqCM:LPCN),NasdaqCM:LPCN,Pharmaceuticals (Primary),3,192.70000000000002,220.4,-1.3000000000000007,NA,8.34848484848485,NA,NA,NA,NA,NA,-0.5795454545454546,NA,NA,NA,NA,NA,NA,NA,NA,1.5940000000000003,-12.81
Egalet Corporation (NasdaqGM:EGLT),NasdaqGM:EGLT,Pharmaceuticals (Primary),3,171.2,223.9,-8.400000000000006,NA,5.054176072234763,NA,NA,NA,58.630136986301366,NA,-1.182844243792325,NA,9.45205479452055,-9.29486301369863,NA,NA,NA,NA,-17.465753424657535,23.859,-21.6
"Neos Therapeutics, Inc. (NasdaqGM:NEOS)",NasdaqGM:NEOS,Pharmaceuticals (Primary),3,238.6,230.1,21.7,NA,17.431818181818183,NA,NA,NA,102.8448275862069,10.995391705069125,-1.696969696969697,NA,5,-4.550431034482759,NA,NA,NA,NA,-8.663793103448278,9.543,-6.200000000000001
"Avalanche Biotechnologies, Inc. (NasdaqGM:AAVL)",NasdaqGM:AAVL,Biotechnology (Primary),3,73,232.4,-9.900000000000006,NA,1.554515050167224,NA,NA,NA,89.79089790897909,NA,-0.2535117056856187,NA,0,-46.494464944649444,NA,NA,NA,NA,-46.494464944649444,0,-37.4
"T2 Biosystems, Inc. (NasdaqGM:TTOO)",NasdaqGM:TTOO,Biotechnology (Primary),3,180.7,233.5,0.20000000000000284,NA,4.40566037735849,NA,NA,NA,94.11458333333333,903.4999999999872,-0.7981132075471697,NA,2.1614583333333335,-19.036458333333336,NA,NA,NA,NA,-21.197916666666668,4.15,-35.25
Applied Genetic Technologies Corporation (NasdaqGM:AGTC),NasdaqGM:AGTC,Biotechnology (Primary),3,172.9,234.5,23.9,NA,2.742690058479532,NA,NA,NA,73.57446808510639,7.234309623430963,-0.28421052631578947,NA,0,-10.425531914893616,NA,NA,NA,NA,-10.425531914893616,0,-24.2
"Dicerna Pharmaceuticals, Inc. (NasdaqGS:DRNA)",NasdaqGS:DRNA,Biotechnology (Primary),3,138.70000000000002,234.8,2.200000000000003,NA,2.3886063072227874,NA,NA,NA,753.8043478260871,63.04545454545447,-0.5696846388606307,NA,0,-305.4347826086957,NA,NA,NA,NA,-305.4347826086957,0,-55.4
Proteon Therapeutics Inc (NasdaqGM:PRTO),NasdaqGM:PRTO,Biotechnology (Primary),3,154.4,238,-1.0999999999999943,NA,2.8848484848484848,NA,NA,NA,52.33898305084745,NA,-0.09212121212121212,NA,3.1762711864406774,-1.6823728813559322,NA,NA,NA,NA,-4.305084745762711,7.736999999999999,-3.33
"Ocular Therapeutix, Inc. (NasdaqGM:OCUL)",NasdaqGM:OCUL,Pharmaceuticals (Primary),3,178.60000000000002,238.5,-1.1999999999999886,NA,4.063032367972743,NA,NA,NA,116.73202614379086,NA,-0.5587734241908006,NA,0,-20.326797385620914,NA,NA,NA,NA,-20.326797385620914,0,-30.4
"Peregrine Pharmaceuticals, Inc. (NasdaqCM:PPHM)",NasdaqCM:PPHM,Biotechnology (Primary),3,174.1,242.1,-9,NA,4.103389830508474,NA,NA,NA,5.616129032258065,NA,-0.864406779661017,NA,1.506451612903226,-0.9199999999999998,NA,NA,0.0487,NA,-1.6483870967741936,22.580000000000005,-3.3999999999999986
DURECT Corporation (NasdaqGM:DRRX),NasdaqGM:DRRX,Pharmaceuticals (Primary),3,230.5,243.4,5.599999999999994,NA,13.156756756756756,NA,NA,NA,12.664835164835166,41.16071428571433,-1.2324324324324325,NA,0.03510989010989011,-1.1022527472527472,NA,NA,-0.0821,NA,-1.1373626373626373,0.639,-19.561
"Medgenics, Inc. (AMEX:MDGN)",AMEX:MDGN,Biotechnology (Primary),3,211.2,244.5,-3.599999999999998,NA,8.232323232323232,NA,NA,NA,NA,NA,-1.2693602693602695,NA,NA,NA,NA,NA,NA,NA,NA,11.7682,-12.999999999999998
"KemPharm, Inc. (NasdaqGM:KMPH)",NasdaqGM:KMPH,Pharmaceuticals (Primary),3,253.8,246,-3.3999999999999986,NA,NA,NA,NA,NA,NA,NA,4.883928571428572,NA,NA,NA,NA,NA,NA,0.64,NA,12.104000000000001,-6.9
"Anthera Pharmaceuticals, Inc. (NasdaqGM:ANTH)",NasdaqGM:ANTH,Biotechnology (Primary),3,244.06,246.7,-4.9,NA,NA,NA,NA,NA,457.04119850187266,NA,13.716814159292037,NA,36.51685393258427,-64.88389513108613,NA,NA,NA,NA,-54.49438202247191,-5.547999999999998,-9.3
"Tokai Pharmaceuticals, Inc. (NasdaqGM:TKAI)",NasdaqGM:TKAI,Biotechnology (Primary),3,142.60000000000002,247.9,-1.7999999999999972,NA,2.3951690821256038,NA,NA,NA,NA,NA,-0.336231884057971,NA,NA,NA,NA,NA,NA,NA,NA,19.583,-11.899999999999999
"Rigel Pharmaceuticals, Inc. (NasdaqGS:RIGL)",NasdaqGS:RIGL,Biotechnology (Primary),3,105.5,248.7,-15,NA,1.9399375975039002,NA,NA,NA,6.762820512820513,NA,-0.5873634945397816,NA,0,-4.846153846153846,NA,NA,-0.218,NA,-4.846153846153846,0,-73.7
"Vital Therapies, Inc. (NasdaqGS:VTL)",NasdaqGS:VTL,Biotechnology (Primary),4,149.5,251.7,-4.6000000000000085,NA,2.578893442622951,NA,NA,NA,NA,NA,-0.5799180327868853,NA,NA,NA,NA,NA,NA,NA,NA,37.208,-11.200000000000003
Cellular Biomedicine Group Inc. (NasdaqGM:CBMG),NasdaqGM:CBMG,Biotechnology (Primary),4,243.13599999999997,257.9,24.436000000000003,NA,6.57908163265306,NA,NA,NA,147.3551515151515,9.949909968898345,-0.45153061224489793,NA,2.5212121212121215,-7.296848484848485,NA,NA,NA,NA,-9.333333333333334,3.3602,-9.54
Invitae Corporation (NYSE:NVTA),NYSE:NVTA,Biotechnology (Primary),4,155.14000000000004,258.6,15.240000000000009,NA,2.1786015164279697,NA,NA,NA,36.76303317535546,10.179790026246716,-0.5964616680707666,NA,7.654028436018957,-10.086729857819906,NA,NA,NA,NA,-16.70616113744076,27.933999999999997,-34.60000000000001
Aquinox Pharmaceuticals Inc. (NasdaqGM:AQXP),NasdaqGM:AQXP,Biotechnology (Primary),4,226.4,265.5,-3,NA,7.354570637119113,NA,NA,NA,NA,NA,-0.706371191135734,NA,NA,NA,NA,NA,NA,NA,NA,15.767000000000001,-5
"MyoKardia, Inc. (NasdaqGS:MYOK)",NasdaqGS:MYOK,Pharmaceuticals (Primary),4,222.50000000000003,266.1,-28.900000000000002,NA,18.102040816326532,NA,NA,NA,17.115384615384617,NA,-1.1224489795918369,NA,0,-1.2692307692307692,NA,NA,NA,NA,-1.2692307692307692,0,-15.7
CTI BioPharma Corp. (NasdaqCM:CTIC),NasdaqCM:CTIC,Biotechnology (Primary),4,213.19999999999996,266.7,-15.000000000000007,NA,6.927272727272727,20.499999999999986,NA,NA,3.4836601307189534,NA,-2.550649350649351,NA,1.2287581699346406,-0.6272875816993463,NA,NA,1.794,NA,-1.0751633986928104,27.410000000000004,10.400000000000006
"Aratana Therapeutics, Inc. (NasdaqGM:PETX)",NasdaqGM:PETX,Pharmaceuticals (Primary),4,192.00000000000003,275.1,98.70000000000002,NA,1.5132013201320131,NA,NA,NA,283.60413589364845,1.9452887537993921,-0.20407040704070406,NA,36.041358936484485,-37.428360413589374,NA,NA,NA,0.175,-67.50369276218612,20.360999999999997,-19.4
"Catalyst Pharmaceuticals, Inc. (NasdaqCM:CPRX)",NasdaqCM:CPRX,Biotechnology (Primary),4,236.2,275.5,-4.099999999999994,NA,7.826704545454545,NA,NA,NA,NA,NA,-0.5255681818181818,NA,NA,NA,NA,NA,NA,NA,NA,5.617999999999999,-7.100000000000001
"Zafgen, Inc. (NasdaqGS:ZFGN)",NasdaqGS:ZFGN,Biotechnology (Primary),4,167.86,275.8,-3.539999999999992,NA,2.6417624521072796,NA,NA,NA,NA,NA,-0.5440613026819923,NA,NA,NA,NA,NA,NA,NA,NA,36.214000000000006,-13.699999999999996
"Vitae Pharmaceuticals, Inc. (NasdaqGM:VTAE)",NasdaqGM:VTAE,Biotechnology (Primary),4,219.7,280.2,-1.7999999999999972,NA,4.773424190800681,NA,NA,NA,33.037593984962406,NA,-0.48722316865417375,NA,0,-4.2406015037593985,NA,NA,NA,NA,-4.2406015037593985,0,-27.9
"Galena Biopharma, Inc. (NasdaqCM:GALE)",NasdaqCM:GALE,Biotechnology (Primary),4,267.7,283,21.8,NA,7.628032345013477,NA,NA,NA,24.559633027522935,12.279816513761467,-1.0862533692722371,NA,2.4495412844036695,-2.321559633027523,NA,NA,NA,NA,-3.853211009174312,16.695,-14.000000000000004
"Akebia Therapeutics, Inc. (NasdaqGM:AKBA)",NasdaqGM:AKBA,Biotechnology (Primary),4,177.9,286.8,-4.800000000000011,NA,2.7550432276657064,NA,NA,NA,NA,NA,-0.3948126801152738,NA,NA,NA,NA,NA,NA,NA,NA,22.826999999999998,-13.499999999999996
Immunomedics Inc. (NasdaqGM:IMMU),NasdaqGM:IMMU,Biotechnology (Primary),4,284,287,-7.530000000000001,NA,NA,NA,NA,NA,50.26548672566371,NA,10.596026490066224,NA,0,-8.176991150442477,NA,NA,-0.37799999999999995,NA,-8.176991150442477,0,-45.6
Immune Design Corp. (NasdaqGM:IMDZ),NasdaqGM:IMDZ,Biotechnology (Primary),4,211.79999999999998,287.2,-9.100000000000009,NA,4.33182503770739,NA,NA,NA,23.377483443708606,NA,-0.598793363499246,NA,3.388520971302428,-1.455849889624724,NA,NA,NA,NA,-4.370860927152318,26.41,-8.7
"Curis, Inc. (NasdaqGM:CRIS)",NasdaqGM:CRIS,Biotechnology (Primary),4,266.2,287.7,8.300000000000004,NA,9.654362416107382,NA,NA,NA,35.49333333333333,32.07228915662649,-1.7181208053691275,NA,0,-3.7329333333333334,NA,NA,-0.131,NA,-3.146666666666667,-4.397,-23.4
Threshold Pharmaceuticals Inc. (NasdaqCM:THLD),NasdaqCM:THLD,Biotechnology (Primary),4,229.4,288,-82.6,NA,NA,40.245614035087726,NA,NA,15.60544217687075,NA,1.3291666666666666,NA,2.5510204081632653,-1.4659863945578235,NA,NA,NA,NA,-2.238095238095238,11.349999999999994,5.699999999999999
"BioDelivery Sciences International, Inc. (NasdaqCM:BDSI)",NasdaqCM:BDSI,Pharmaceuticals (Primary),4,230.8,289.1,-3.9000000000000057,NA,5.314338235294119,NA,NA,NA,12.020833333333334,NA,-1.2922794117647058,NA,0,-3.4385416666666666,NA,NA,-0.217,0.25,-3.328125,-2.12,-62.7
"Kura Oncology, Inc. (OTCBB:KURO)",OTCBB:KURO,Pharmaceuticals (Primary),4,291.60999999999996,290.2,-2.0200000000000005,NA,NA,NA,NA,NA,NA,NA,3.206997084548105,NA,NA,NA,NA,NA,NA,NA,NA,7.164,-3.8400000000000007
"Organovo Holdings, Inc. (AMEX:ONVO)",AMEX:ONVO,Biotechnology (Primary),4,241.00500000000002,291.1,-1.394999999999996,NA,5.977412731006161,NA,NA,NA,309.7750642673522,NA,-0.6591375770020533,NA,0,-41.58598971722365,NA,NA,NA,NA,-41.516709511568116,-0.0539,-31.8
"Aclaris Therapeutics, Inc. (NasdaqGS:ACRS)",NasdaqGS:ACRS,Pharmaceuticals (Primary),4,278.4,294.5,-0.20000000000000107,NA,18.52201257861635,NA,NA,NA,NA,NA,-0.660377358490566,NA,NA,NA,NA,NA,NA,NA,NA,6.68,-2.8200000000000003
Inotek Pharmaceuticals Corporation (NasdaqGM:ITEK),NasdaqGM:ITEK,Biotechnology (Primary),4,298.53,295,-0.75,NA,NA,57.40961538461538,NA,NA,NA,NA,1.9602803738317758,NA,NA,NA,NA,NA,NA,NA,NA,3.754,5.2
"Zogenix, Inc. (NasdaqGM:ZGNX)",NasdaqGM:ZGNX,Pharmaceuticals (Primary),4,276.4,295.4,36.3,18.122699386503065,5.341772151898734,NA,NA,NA,7.197916666666666,7.6143250688705235,0.29475587703435807,NA,0.6406250000000001,-2.5364583333333335,0,0,0.38299999999999995,NA,-2.643229166666667,4.099999999999998,-75.30000000000001
"Adamas Pharmaceuticals, Inc. (NasdaqGM:ADMS)",NasdaqGM:ADMS,Biotechnology (Primary),4,174.29999999999998,296.7,24.69999999999999,NA,2.016995241332427,15.025862068965518,NA,NA,5.604501607717041,7.056680161943323,-0.17743031951053706,NA,0.9710610932475884,0.21816720257234726,NA,NA,NA,NA,-0.607717041800643,25.685,11.599999999999998
"Navidea Biopharmaceuticals, Inc (AMEX:NAVB)",AMEX:NAVB,Biotechnology (Primary),4,328.31999999999994,299.9,-1.3800000000000026,NA,NA,NA,NA,NA,34.81654294803817,NA,1.0302013422818792,NA,1.346765641569459,-1.9358430540827143,NA,NA,0.134,NA,-2.2163308589607635,2.6450000000000014,-7.699999999999999
aTyr Pharma Inc. (NasdaqGS:LIFE),NasdaqGS:LIFE,Biotechnology (Primary),4,297.00000000000006,302.6,-0.6699999999999999,NA,61.379310344827594,NA,NA,NA,NA,NA,-6.653144016227181,NA,NA,NA,NA,NA,NA,NA,NA,18.965,-8.399999999999999
"ChemoCentryx, Inc. (NasdaqGS:CCXI)",NasdaqGS:CCXI,Biotechnology (Primary),4,231.1,304.5,35.19999999999999,NA,2.8038674033149174,NA,NA,NA,NA,6.565340909090911,-0.4346224677716391,NA,NA,NA,NA,NA,NA,NA,NA,-10.940000000000001,-47.1
Oncothyreon Inc (NasdaqGS:ONTY),NasdaqGS:ONTY,Biotechnology (Primary),4,250.82999999999998,308.5,33.629999999999995,NA,3.3789704271631984,NA,NA,NA,NA,7.458519179304194,-0.5815991237677985,NA,NA,NA,NA,NA,NA,NA,NA,25.647000000000002,-8.100000000000001
"Dimension Therapeutics, Inc. (NasdaqGS:DMTX)",NasdaqGS:DMTX,Biotechnology (Primary),4,298.32,314.7,-20.919999999999998,NA,NA,NA,NA,NA,50.30691399662732,NA,4.955947136563877,NA,0,-3.7774030354131534,NA,NA,NA,NA,-3.7774030354131534,0,-22
"Ignyta, Inc. (NasdaqCM:RXDX)",NasdaqCM:RXDX,Biotechnology (Primary),4,267.5,316.3,7.099999999999994,NA,5.658318425760287,NA,NA,NA,NA,37.6760563380282,-1.2003577817531306,NA,NA,NA,NA,NA,NA,NA,NA,49.4672,-11.100000000000001
"Lion Biotechnologies, Inc. (NasdaqGM:LBIO)",NasdaqGM:LBIO,Biotechnology (Primary),4,271.8,316.7,-0.10000000000000142,NA,7.069196428571429,NA,NA,NA,NA,NA,-0.43080357142857145,NA,NA,NA,NA,NA,NA,NA,NA,7.5669,-10.569999999999999
Arbutus Biopharma Corporation (NasdaqCM:ABUS),NasdaqCM:ABUS,Biotechnology (Primary),4,204.5,316.7,-24.200000000000003,NA,3.598863636363636,NA,NA,NA,12.172619047619047,NA,-0.4727272727272727,NA,0,-2.0892857142857144,NA,NA,0.10800000000000001,NA,-2.0892857142857144,0,-34.5
Arrowhead Research Corp. (NasdaqGS:ARWR),NasdaqGS:ARWR,Biotechnology (Primary),4,165.12,318.3,12.820000000000022,NA,1.9174698795180725,NA,NA,NA,432.25130890052355,12.879875195007779,-0.5397590361445783,NA,117.5392670157068,-111.1170157068063,NA,NA,0.153,NA,-205.23560209424085,35.9533,-31.800000000000004
"Versartis, Inc. (NasdaqGS:VSAR)",NasdaqGS:VSAR,Biotechnology (Primary),4,162.50000000000003,333.1,-3.1999999999999886,NA,1.9898446833930705,NA,NA,NA,NA,NA,-0.46415770609318996,NA,NA,NA,NA,NA,NA,NA,NA,49.513,-19.599999999999994
"Paratek Pharmaceuticals, Inc. (NasdaqGM:PRTK)",NasdaqGM:PRTK,Pharmaceuticals (Primary),4,237.4,333.3,-0.7000000000000028,NA,3.5010504201680672,NA,NA,NA,59.35,NA,-0.4275210084033614,NA,0,-7.5,NA,NA,NA,NA,-7.5,0,-29.4
"BioTime, Inc. (AMEX:BTX)",AMEX:BTX,Biotechnology (Primary),4,319.42699999999996,348.4,33.727000000000004,NA,5.5566188197767135,NA,NA,NA,50.38280757097791,9.470957986183175,-0.6172248803827751,NA,6.056782334384858,-4.162744479495268,NA,NA,0.191,NA,-8.438485804416404,27.108199999999997,-6.800000000000004
"Sorrento Therapeutics, Inc. (NasdaqCM:SRNE)",NasdaqCM:SRNE,Biotechnology (Primary),4,292.5,352.3,48.89999999999999,NA,3.2410303587856486,NA,NA,NA,69.31279620853081,5.981595092024541,-0.34498620055197793,NA,0,-8.95260663507109,NA,NA,1.37,NA,-8.909952606635072,-0.18,-34.5
"Spectrum Pharmaceuticals, Inc. (NasdaqGS:SPPI)",NasdaqGS:SPPI,Biotechnology (Primary),4,317.20000000000005,354.1,217.7,NA,1.3908091123330717,5.3671742808798655,NA,NA,1.7286103542234335,1.4570509875976116,-0.16653574234092694,NA,0.3923705722070845,-0.02032697547683922,NA,NA,0.36200000000000004,NA,-0.21907356948228884,36.470000000000006,59.1
"Tetraphase Pharmaceuticals, Inc. (NasdaqGS:TTPH)",NasdaqGS:TTPH,Pharmaceuticals (Primary),4,247.86,364.3,-7.840000000000003,NA,3.3545119705340705,NA,NA,NA,20.151219512195123,NA,-0.7882136279926335,NA,1.3414634146341462,-5.585365853658536,NA,NA,NA,NA,-6.926829268292683,16.5,-68.6
"Idera Pharmaceuticals, Inc. (NasdaqCM:IDRA)",NasdaqCM:IDRA,Biotechnology (Primary),4,327.07,367.4,3.069999999999993,NA,8.465437788018432,NA,NA,NA,4606.619718309859,106.53745928338786,-1.0737327188940093,NA,277.46478873239437,-550.6760563380283,NA,NA,-0.695,NA,-657.7464788732395,7.6019999999999985,-26.7
"Flexion Therapeutics, Inc. (NasdaqGM:FLXN)",NasdaqGM:FLXN,Biotechnology (Primary),4,226.29,374.3,-3.109999999999985,NA,2.583160800552105,NA,NA,NA,NA,NA,-0.25189786059351277,NA,NA,NA,NA,NA,NA,NA,NA,21.266000000000002,-10
"OvaScience, Inc. (NasdaqGM:OVAS)",NasdaqGM:OVAS,Biotechnology (Primary),4,321.7,381.9,-4.900000000000006,NA,6.905967450271247,NA,NA,NA,7148.888888888889,NA,-1.2025316455696202,NA,497.77777777777777,-1040.177777777778,NA,NA,NA,0.295,-1437.7777777777778,17.892,-41.6
Regulus Therapeutics Inc. (NasdaqGM:RGLS),NasdaqGM:RGLS,Biotechnology (Primary),4,246.3,382.6,-4.299999999999983,NA,2.8984848484848484,NA,NA,NA,18.518796992481203,NA,-0.5113636363636364,NA,0,-3.8045112781954886,NA,NA,NA,NA,-3.8045112781954886,0,-49.1
"Xenoport, Inc. (NasdaqGS:XNPT)",NasdaqGS:XNPT,Pharmaceuticals (Primary),4,285.79999999999995,387.9,-11,NA,4.257958287596049,NA,NA,NA,5.312267657992565,NA,-0.5960482985729967,NA,0,-0.9814126394052045,NA,NA,0.515,NA,-0.9814126394052045,0,-52.3
"SciClone Pharmaceuticals, Inc. (NasdaqGS:SCLN)",NasdaqGS:SCLN,Pharmaceuticals (Primary),4,304.09999999999997,390.4,69.00000000000001,23.804878048780488,2.5138441725692204,6.335416666666666,10.860714285714284,11.221402214022138,2.0658967391304346,4.407246376811592,0.10560206052801029,0.39275362318840573,0.13586956521739132,0.22690896739130434,0,1.2865853658536588,0.147,NA,0.18410326086956524,6.300999999999998,48
"Bellicum Pharmaceuticals, Inc. (NasdaqGM:BLCM)",NasdaqGM:BLCM,Biotechnology (Primary),4,201.6,393.2,0,NA,2.0521920668058455,NA,NA,NA,232.79445727482678,NA,-0.5046972860125262,NA,0,-31.87066974595843,NA,NA,NA,NA,-31.87066974595843,0,-26.9
"Cytokinetics, Incorporated (NasdaqCM:CYTK)",NasdaqCM:CYTK,Biotechnology (Primary),4,317.2,400.4,8.899999999999991,NA,4.3474484256243215,NA,NA,NA,7.793611793611793,35.64044943820228,-0.21498371335504887,NA,0,-1.0737100737100738,NA,NA,0.747,NA,-0.49140049140049136,-23.7,-19.4
"CytomX Therapeutics, Inc. (NasdaqGS:CTMX)",NasdaqGS:CTMX,Biotechnology (Primary),4,340.98,402,-62.67000000000001,NA,NA,681.96,NA,NA,45.10317460317461,NA,12.363636363636363,NA,2.380952380952381,-0.5846560846560847,NA,NA,NA,NA,-2.4470899470899474,14.08,0.5
Agenus Inc. (NasdaqCM:AGEN),NasdaqCM:AGEN,Biotechnology (Primary),4,368.53,402.7,-11.170000000000002,NA,17.508695652173913,NA,NA,NA,19.60265957446808,NA,-4.27391304347826,NA,0,-4.229255319148936,NA,NA,0.452,NA,-3.5106382978723403,-13.51,-64.1
"Teligent, Inc. (NasdaqGS:TLGT)",NasdaqGS:TLGT,Pharmaceuticals (Primary),4,391.6,405.5,25.19999999999999,21.684491978609625,10.37084398976982,91.28205128205128,91.28205128205128,106.12466124661248,8.721603563474389,15.539682539682548,0.47826086956521735,0.1464285714285715,0,0.0754966592427617,0,0,0.516,0.15,0.0821826280623608,-0.30019999999999997,4.29
Anavex Life Sciences Corp. (NasdaqCM:AVXL),NasdaqCM:AVXL,Biotechnology (Primary),4,400.196,407,-6.611,NA,2108.8082901554403,NA,NA,NA,NA,NA,-85.4922279792746,NA,NA,NA,NA,NA,NA,NA,NA,0.48039999999999994,-1.9099999999999997
BioSpecifics Technologies Corp. (NasdaqGM:BSTC),NasdaqGM:BSTC,Biotechnology (Primary),4,392,412.7,9.600000000000001,55.77027027027027,13.62046204620462,31.385108086469174,34.3859649122807,35,20.63157894736842,40.83333333333333,0.24422442244224424,1.1666666666666665,0.05736842105263158,0.5878578947368421,0,0.1054054054054054,0.301,NA,0.5894736842105263,-0.03069999999999995,12.49
"Advaxis, Inc. (NasdaqCM:ADXS)",NasdaqCM:ADXS,Biotechnology (Primary),4,395.563,413.1,3.062999999999999,NA,20.053398058252426,NA,NA,NA,NA,129.1423441070846,-1.8300970873786409,NA,NA,NA,NA,NA,NA,NA,NA,14.921000000000001,-19.4
"Natera, Inc. (NasdaqGS:NTRA)",NasdaqGS:NTRA,Biotechnology (Primary),4,355.90000000000003,416.3,8.899999999999991,NA,6.007215007215008,24.680998613037453,NA,NA,1.886062533121357,39.98876404494386,-0.3564213564213564,NA,0.11234764175940647,0.026560678325384203,NA,NA,NA,NA,-0.06677265500794913,17.612,14.419999999999998
"Orexigen Therapeutics, Inc. (NasdaqGS:OREX)",NasdaqGS:OREX,Biotechnology (Primary),4,294.70000000000005,416.3,-99.3,NA,18.668161434977577,NA,NA,NA,4.64826498422713,NA,-1.2511210762331837,NA,0.16246056782334387,-0.19733438485804417,NA,NA,2.728,NA,-0.3280757097791798,8.289000000000001,-10.3
Regenxbio Inc. (NasdaqGS:RGNX),NasdaqGS:RGNX,Biotechnology (Primary),4,419.51,416.8,-2.99,NA,NA,NA,NA,NA,115.25,NA,2.526315789473684,NA,0,-3.873626373626373,NA,NA,NA,-0.294,-3.873626373626373,0,0
"Loxo Oncology, Inc. (NasdaqGM:LOXO)",NasdaqGM:LOXO,Biotechnology (Primary),4,310.59999999999997,416.9,6.400000000000006,NA,3.699201419698314,16.09326424870466,NA,NA,NA,48.53124999999995,-0.24933451641526178,NA,NA,NA,NA,NA,NA,NA,NA,16.39,19.3
Pfenex Inc. (AMEX:PFNX),AMEX:PFNX,Biotechnology (Primary),4,380.41,422.3,18.009999999999998,NA,7.050083472454091,NA,NA,NA,41.84928492849285,21.12215435868962,-0.3005008347245409,NA,0.9801980198019802,-1.1216721672167216,NA,NA,NA,NA,-1.9801980198019802,7.804,-8.09
Cara Therapeutics Inc. (NasdaqGM:CARA),NasdaqGM:CARA,Biotechnology (Primary),4,370,422.7,-1,NA,8.176015473887814,NA,NA,NA,108.82352941176471,NA,-0.4081237911025145,NA,0.9794117647058824,-5.668529411764706,NA,NA,NA,NA,-6.294117647058823,2.1270000000000002,-17.270000000000003
"Collegium Pharmaceutical, Inc. (NasdaqGS:COLL)",NasdaqGS:COLL,Pharmaceuticals (Primary),4,434.47,423.1,-0.8299999999999992,NA,NA,NA,NA,NA,NA,NA,1.5081967213114753,NA,NA,NA,NA,NA,NA,0.2,NA,8.28,-6.699999999999999
Corcept Therapeutics Incorporated (NasdaqCM:CORT),NasdaqCM:CORT,Pharmaceuticals (Primary),4,448.59999999999997,438.9,6.309999999999999,NA,NA,320.42857142857133,NA,NA,11.682291666666666,71.09350237717909,4.926253687315634,NA,0.3802083333333333,-0.40432291666666675,NA,NA,NA,NA,-0.34895833333333337,-2.126000000000003,1.4000000000000004
"Aegerion Pharmaceuticals, Inc. (NasdaqGS:AEGR)",NasdaqGS:AEGR,Biotechnology (Primary),4,286.6,443.6,3.300000000000068,NA,2.7673112913287583,6.702525724976614,NA,NA,1.3086757990867581,86.84848484848305,-0.2557704304429195,NA,0.19817351598173516,0.06610776255707762,NA,NA,NA,NA,-0.05570776255707762,26.677599999999998,42.76
"Ardelyx, Inc. (NasdaqGM:ARDX)",NasdaqGM:ARDX,Biotechnology (Primary),4,341.4,448.7,-46.599999999999994,278.695652173913,7.3920922570016465,23.924316748423266,157.32718894009216,198.48837209302326,8.984210526315788,NA,0.02652388797364086,NA,0.31842105263157894,0.2920526315789474,0,0.0012422360248447205,NA,NA,0.04526315789473684,9.378,14.27
"XBiotech, Inc. (NasdaqGS:XBIT)",NasdaqGS:XBIT,Biotechnology (Primary),4,393.7,451,1.7000000000000028,NA,7.6440677966101696,NA,NA,NA,NA,231.58823529411725,-0.47796610169491527,NA,NA,NA,NA,NA,NA,NA,NA,16.002,-7.900000000000002
"Edge Therapeutics, Inc. (NasdaqGS:EDGE)",NasdaqGS:EDGE,Biotechnology (Primary),4,442.49,453.4,-1.9499999999999993,NA,50.60267857142856,NA,NA,NA,NA,NA,-1.8638392857142854,NA,NA,NA,NA,NA,NA,NA,NA,9.634,-5.399999999999999
"Vanda Pharmaceuticals, Inc. (NasdaqGM:VNDA)",NasdaqGM:VNDA,Biotechnology (Primary),4,337.5,467.3,31,8.867172675521822,2.9060945273631837,108.87096774193556,NA,NA,4.2240300375469335,10.887096774193548,0.3277363184079602,NA,0.23654568210262825,-0.41335419274092616,0,0,0.259,NA,-0.30663329161451813,-8.527000000000001,3.099999999999998
"Northwest Biotherapeutics, Inc. (NasdaqCM:NWBO)",NasdaqCM:NWBO,Biotechnology (Primary),4,486.1,473.8,-22.700000000000003,NA,NA,NA,NA,NA,238.2843137254902,NA,5.057142857142857,NA,0,-58.148039215686275,NA,NA,1.8969999999999998,NA,-55.73529411764706,-4.922,-113.7
"Xencor, Inc. (NasdaqGM:XNCR)",NasdaqGM:XNCR,Biotechnology (Primary),4,422.2,476.8,4.699999999999996,NA,8.040472175379428,NA,NA,NA,46.80709534368071,89.82978723404263,-0.38617200674536256,NA,0,-2.5055432372505546,NA,NA,NA,NA,-2.5055432372505546,0,-21.7
"Inovio Pharmaceuticals, Inc. (NasdaqGS:INO)",NasdaqGS:INO,Biotechnology (Primary),4,386.70000000000005,480.3,17.900000000000006,NA,4.307623318385651,NA,NA,NA,26.12837837837838,21.603351955307257,-0.28161434977578476,NA,0,-2.959459459459459,NA,NA,0.11,NA,-2.959459459459459,0,-42.1
Verseon Corporation (AIM:VSN),AIM:VSN,Biotechnology (Primary),4,482.723,480.7,-2.3169999999999997,NA,NA,NA,NA,NA,NA,NA,1.5115207373271888,NA,NA,NA,NA,NA,NA,NA,NA,3.2249999999999996,-5.68
"Trevena, Inc. (NasdaqGS:TRVN)",NasdaqGS:TRVN,Biotechnology (Primary),4,377.1,482.2,-5.900000000000006,NA,4.860887096774193,NA,NA,NA,150.84,NA,-0.5372983870967741,NA,0,-21.36,NA,NA,NA,NA,-21.36,0,-53.2
"Cocrystal Pharma, Inc. (OTCBB:COCP)",OTCBB:COCP,Pharmaceuticals (Primary),4,494.05,500,178.95000000000002,NA,2.704164413196322,NA,NA,NA,7968.548387096775,2.7608270466610785,-0.1276365603028664,NA,0,-150.48387096774192,NA,NA,NA,NA,-143.06451612903226,-0.45999999999999996,-8.69
"Karyopharm Therapeutics, Inc. (NasdaqGS:KPTI)",NasdaqGS:KPTI,Biotechnology (Primary),5,296,501.7,1.1000000000000227,NA,2.426015473887814,NA,NA,NA,1591.3978494623657,269.09090909090355,-0.504835589941973,NA,0,-563.9784946236559,NA,NA,NA,NA,-563.9784946236559,0,-104.3
La Jolla Pharmaceutical Co. (NasdaqCM:LJPC),NasdaqCM:LJPC,Biotechnology (Primary),5,453.4,502,-0.10000000000000142,NA,10.350515463917526,NA,NA,NA,NA,NA,-0.6494845360824743,NA,NA,NA,NA,NA,NA,NA,NA,0.3500000000000014,-13.2
Raptor Pharmaceuticals Corp. (NasdaqGM:RPTP),NasdaqGM:RPTP,Biotechnology (Primary),5,478.19999999999993,507.8,19.30000000000001,NA,10.384458077709612,53.73033707865169,NA,NA,5.639150943396226,24.77720207253884,-1.1983640081799591,NA,0.6049528301886792,-0.08074292452830191,NA,NA,NA,NA,-0.5165094339622641,36.952999999999996,8.899999999999999
Keryx Biopharmaceuticals Inc. (NasdaqCM:KERX),NasdaqCM:KERX,Biotechnology (Primary),5,426.49999999999994,512.3,-12.299999999999997,NA,6.970068027210884,NA,NA,NA,50.35419126328216,NA,-1.708843537414966,NA,3.482880755608028,-14.744391971664697,NA,NA,NA,NA,-14.20306965761511,-4.584999999999994,-90.2
"ANI Pharmaceuticals, Inc. (NasdaqGM:ANIP)",NasdaqGM:ANIP,Pharmaceuticals (Primary),5,454.4000000000001,512.7,81.5,15.3044776119403,3.667381974248927,9.991204925241865,10.64168618266979,12.215053763440862,5.730138713745273,5.575460122699387,0.2396280400572246,0.4564417177914111,0.03505674653215637,0.49615510718789413,0,0,NA,0.228,0.4691046658259774,2.1451,45.480000000000004
"Infinity Pharmaceuticals, Inc. (NasdaqGS:INFI)",NasdaqGS:INFI,Biotechnology (Primary),5,195.36999999999995,521.4,-116.53,NA,2.488782816229117,NA,NA,NA,1.1215269804822041,NA,-0.3288782816229117,NA,0,-0.5632606199770379,NA,NA,0.22699999999999998,NA,-0.3593570608495982,-35.519999999999996,-60.9
Omeros Corporation (NasdaqGM:OMER),NasdaqGM:OMER,Pharmaceuticals (Primary),5,548.21,522.4,-16.89,NA,NA,NA,NA,NA,138.088161209068,NA,1.7423887587822013,NA,5.239294710327456,-16.804534005037784,NA,NA,0.17800000000000002,NA,-17.884130982367758,4.285999999999998,-49.900000000000006
"Arena Pharmaceuticals, Inc. (NasdaqGS:ARNA)",NasdaqGS:ARNA,Biotechnology (Primary),5,430.7000000000001,523.2,-45.19999999999999,NA,11.061310782241016,NA,NA,NA,11.10051546391753,NA,-1.9830866807610994,NA,0,-2.7398453608247424,NA,NA,0.304,NA,-2.7087628865979383,-1.206,-95.4
"Otonomy, Inc. (NasdaqGM:OTIC)",NasdaqGM:OTIC,Biotechnology (Primary),5,376.6,532.6,-2.4000000000000057,NA,3.467447916666667,NA,NA,NA,NA,NA,-0.3020833333333333,NA,NA,NA,NA,NA,NA,0.172,NA,24.738,-13.399999999999999
"ProNAi Therapeutics, Inc. (NasdaqGM:DNAI)",NasdaqGM:DNAI,Biotechnology (Primary),5,494.3,533.5,-0.8000000000000043,NA,13.893229166666668,NA,NA,NA,NA,NA,-0.8046875,NA,NA,NA,NA,NA,NA,0.23399999999999999,NA,23.406000000000002,-5.399999999999999
"Chiasma, Inc. (NasdaqGS:CHMA)",NasdaqGS:CHMA,Biotechnology (Primary),5,495.8,536,-7.700000000000003,NA,16.49230769230769,NA,NA,NA,190.69230769230768,NA,-0.6184615384615385,NA,0.07153846153846154,-7.813076923076923,NA,NA,NA,NA,-7.884615384615384,0.186,-20.114
"Progenics Pharmaceuticals, Inc. (NasdaqGS:PGNX)",NasdaqGS:PGNX,Biotechnology (Primary),5,421.49999999999994,540.8,5.6000000000000085,189.75438596491225,4.32986389111289,NA,NA,NA,9.734411085450345,75.26785714285703,0.022818254603682947,NA,0,-0.02471131639722864,0,0,0.10400000000000001,NA,-0.02471131639722864,0,-0.537
"Concert Pharmaceuticals, Inc. (NasdaqGM:CNCE)",NasdaqGM:CNCE,Biotechnology (Primary),5,469.6000000000001,541.7,-17.300000000000004,35.40522875816993,9.885036496350367,NA,NA,NA,45.59223300970874,NA,0.2791970802919708,NA,0,-3.2718446601941746,0,0,NA,NA,-3.2718446601941746,0,-32.9
"Sagent Pharmaceuticals, Inc. (NasdaqGS:SGNT)",NasdaqGS:SGNT,Pharmaceuticals (Primary),5,483.05000000000007,549.2,209.65,21.28682170542636,1.9912980420594635,9.39785992217899,20.381856540084392,41.64224137931035,1.51568873548792,2.304078225614119,0.09354604786076867,0.05533031242547102,0.08691559460307499,0.08643238155004707,0,0,0.45,0.07,0.036397866331973644,15.946,51.4
Sangamo Biosciences Inc. (NasdaqGS:SGMO),NasdaqGS:SGMO,Biotechnology (Primary),5,373,552,27.599999999999994,NA,2.6718296224588576,NA,NA,NA,8.215859030837004,13.514492753623191,-0.15004840271055178,NA,0,-0.9792951541850221,NA,NA,0.115,NA,-0.7819383259911894,-8.96,-34.6
Blueprint Medicines Corporation (NasdaqGS:BPMC),NasdaqGS:BPMC,Biotechnology (Primary),5,525.7399999999999,563.9,-2.3600000000000065,NA,15.751396648044693,NA,NA,NA,157.4071856287425,NA,-1.3826815642458101,NA,9.520958083832335,-6.368263473053891,NA,NA,NA,NA,-14.461077844311378,27.03,-15.8
"Amphastar Pharmaceuticals, Inc. (NasdaqGS:AMPH)",NasdaqGS:AMPH,Pharmaceuticals (Primary),5,544.0000000000001,568.1,257.79999999999995,NA,2.0152536360411495,29.24731182795699,NA,NA,2.4038886433937257,2.1101629169899154,-0.053919829726853497,NA,0.14803358373840034,-0.0517454706142289,NA,NA,NA,NA,-0.12814847547503314,17.29,18.6
"Intersect ENT, Inc. (NasdaqGM:XENT)",NasdaqGM:XENT,Pharmaceuticals (Primary),5,531,579.4,5.399999999999999,NA,10.769516728624536,NA,NA,NA,10.641282565130261,98.33333333333336,-0.3847583643122677,NA,0.2545090180360721,-0.22060120240480968,NA,NA,NA,0.2,-0.41683366733466937,9.791999999999998,-7.5
Geron Corporation (NasdaqGS:GERN),NasdaqGS:GERN,Biotechnology (Primary),5,430.6,582,-20.700000000000017,NA,4.452945677123183,NA,NA,NA,381.06194690265494,NA,-0.28462127008416227,NA,9.91150442477876,-30.787610619469028,NA,NA,-0.179,NA,-32.30088495575222,1.7100000000000009,-25.3
"Esperion Therapeutics, Inc. (NasdaqGM:ESPR)",NasdaqGM:ESPR,Biotechnology (Primary),5,495.54,596.4,32.739999999999995,NA,4.4640718562874255,NA,NA,NA,NA,15.135613927916925,-0.3226047904191617,NA,NA,NA,NA,NA,NA,NA,NA,0,-42.7
"Enanta Pharmaceuticals, Inc. (NasdaqGS:ENTA)",NasdaqGS:ENTA,Biotechnology (Primary),5,507.902,598.5,59.60199999999999,8.788546255506608,3.9846870838881494,3.7073138686131384,4.389818496110631,4.4127019982623805,3.4064520456069753,8.521559679205398,0.4533954727030626,1.9311432502265027,0.14285714285714288,0.8796109993293093,0,0,NA,NA,0.7719651240778002,16.05,137
"Osiris Therapeutics, Inc. (NasdaqGM:OSIR)",NasdaqGM:OSIR,Biotechnology (Primary),5,583.317,622.7,44.617000000000004,155.675,7.413095238095239,36.2759328358209,83.09358974358975,97.54464882943144,7.183706896551724,13.073873187350111,0.047619047619047616,0.1340296299616738,0.11157635467980295,0.1585591133004926,0,0,0.136,NA,0.07364532019704434,6.8950000000000005,16.08
"Aerie Pharmaceuticals, Inc. (NasdaqGM:AERI)",NasdaqGM:AERI,Pharmaceuticals (Primary),5,609.9000000000001,625.6,12.299999999999983,NA,22.342857142857145,NA,NA,NA,NA,49.585365853658615,-2.3464285714285715,NA,NA,NA,NA,NA,NA,NA,NA,33.923,-26.699999999999996
Knight Therapeutics Inc. (TSX:GUD),TSX:GUD,Biotechnology (Primary),5,266.6,633.6,46.60000000000002,5.346835443037975,1.5319148936170213,NA,NA,NA,476.9230769230769,5.721030042918453,0.28650870406189555,NA,2.2003577817531306,-11.751162790697673,0,0,NA,NA,-13.792486583184257,1.1411,-6.390000000000001
"OncoMed Pharmaceuticals, Inc. (NasdaqGS:OMED)",NasdaqGS:OMED,Biotechnology (Primary),5,402.6,634.6,-155.6,NA,8.306282722513089,NA,NA,NA,9.608591885441529,NA,-0.7421465968586387,NA,0.8377088305489261,-0.9241050119331742,NA,NA,NA,NA,-1.3675417661097853,18.580000000000002,-20.699999999999996
"Epizyme, Inc. (NasdaqGS:EPZM)",NasdaqGS:EPZM,Biotechnology (Primary),5,445.1,635.2,-29.799999999999983,NA,3.962570180910792,NA,NA,NA,22.034653465346537,NA,-0.7598253275109169,NA,1.2425742574257428,-5.119851485148515,NA,NA,NA,NA,-6.03960396039604,18.579,-95.9
"Aimmune Therapeutics, Inc. (NasdaqGS:AIMT)",NasdaqGS:AIMT,Biotechnology (Primary),5,688.9300000000001,691.2,-1.599,NA,1030.1043219076007,NA,NA,NA,NA,NA,-26.229508196721312,NA,NA,NA,NA,NA,NA,NA,NA,8.953,-7.4
"TG Therapeutics, Inc. (NasdaqCM:TGTX)",NasdaqCM:TGTX,Biotechnology (Primary),5,618.775,697.3,1.5750000000000028,NA,8.705368289637953,NA,NA,NA,4070.8881578947367,392.87301587301516,-0.8476903870162299,NA,326.97368421052636,-169.27039473684212,NA,NA,NA,NA,-446.71052631578954,42.1709,-18.200000000000003
Genomic Health Inc. (NasdaqGS:GHDX),NasdaqGS:GHDX,Biotechnology (Primary),5,598.1999999999999,701.9,41.8,NA,4.824054982817869,30.5204081632653,NA,NA,2.1595667870036097,14.311004784688995,-0.21512027491408936,NA,0.16101083032490976,-0.07139711191335739,NA,NA,0.111,0.15,-0.11480144404332131,12.023000000000003,19.6
"Mirati Therapeutics, Inc. (NasdaqCM:MRTX)",NasdaqCM:MRTX,Biotechnology (Primary),5,681.3000000000001,710.6,-1.1999999999999993,NA,25.288256227758005,NA,NA,NA,NA,NA,-1.6512455516014233,NA,NA,NA,NA,NA,NA,NA,NA,14.340999999999994,-14.899999999999999
"BioCryst Pharmaceuticals, Inc. (NasdaqGS:BCRX)",NasdaqGS:BCRX,Biotechnology (Primary),5,679.3000000000001,722.1,32.8,NA,9.551587301587302,NA,NA,NA,16.408212560386474,20.71036585365854,-0.4060846560846561,NA,0,-0.8671497584541062,NA,NA,-0.16,-0.222,-0.8671497584541062,0,-35.7
"Relypsa, Inc. (NasdaqGS:RLYP)",NasdaqGS:RLYP,Pharmaceuticals (Primary),5,614.5,734.4,-1.4000000000000057,NA,6.19746835443038,NA,NA,NA,NA,NA,-0.9789029535864979,NA,NA,NA,NA,NA,NA,NA,NA,47.38,-44
"PDL BioPharma, Inc. (NasdaqGS:PDLI)",NasdaqGS:PDLI,Biotechnology (Primary),5,893.5,735.5,618.3999999999999,2.2977194626679163,1.5975238922675934,1.9824717106722876,1.9824717106722876,1.933982683982684,1.7852147852147853,1.444857697283312,0.6952649869678541,0.7470892626131955,0,0.9230769230769231,0.3049047172758513,0.3049047172758513,0.09910000000000001,NA,0.9230769230769231,0,450.7
"Synergy Pharmaceuticals, Inc. (NasdaqGS:SGYP)",NasdaqGS:SGYP,Biotechnology (Primary),5,742.5,738.9,-1.5600000000000023,NA,NA,NA,NA,NA,NA,NA,22.209302325581394,NA,NA,NA,NA,NA,NA,NA,NA,64.094,-17.39999999999999
"Retrophin, Inc. (NasdaqGM:RTRX)",NasdaqGM:RTRX,Biotechnology (Primary),5,806.7,750.7,18.7,NA,NA,93.80232558139534,NA,NA,12.624413145539908,43.13903743315508,0.8820375335120644,NA,0.758998435054773,-0.09631142410015649,NA,NA,NA,NA,-0.7683881064162754,42.9457,8.600000000000001
Array BioPharma Inc. (NasdaqGM:ARRY),NasdaqGM:ARRY,Biotechnology (Primary),5,683.3,754.3,-28.30000000000001,80.50160085378869,17.665105386416858,NA,NA,NA,13.165703275529864,NA,0.21943793911007023,NA,1.048169556840077,-2.1362235067437383,0,0,-0.00743,NA,-2.023121387283237,-5.8700000000000045,-46.9
"Foundation Medicine, Inc. (NasdaqGS:FMI)",NasdaqGS:FMI,Biotechnology (Primary),5,711.5,783.6,14.100000000000009,NA,9.090487238979119,NA,NA,NA,9.252275682704811,50.46099290780139,-0.8851508120649652,NA,0.44213263979193757,-0.667516254876463,NA,NA,NA,-0.37,-1.0065019505851756,26.068,-35.099999999999994
"Atara Biotherapeutics, Inc. (NasdaqGS:ATRA)",NasdaqGS:ATRA,Biotechnology (Primary),5,722.1999999999999,826.3,-0.8999999999999915,NA,8.006782945736433,NA,NA,NA,NA,NA,-0.39341085271317827,NA,NA,NA,NA,NA,NA,NA,NA,20.0017,-14.299999999999997
"Dermira, Inc. (NasdaqGS:DERM)",NasdaqGS:DERM,Pharmaceuticals (Primary),5,734.34,829.6,58.33999999999999,NA,5.401041666666667,NA,NA,NA,100.59452054794521,12.587247171751804,-0.2981770833333333,NA,0,-6.315068493150685,NA,NA,NA,NA,-6.315068493150685,0,-46
"Supernus Pharmaceuticals, Inc. (NasdaqGM:SUPN)",NasdaqGM:SUPN,Pharmaceuticals (Primary),5,786.8000000000001,834.2,24.000000000000014,23.766381766381766,11.683473389355742,12.629213483146069,19.05084745762712,19.47524752475248,5.370648464163823,32.78333333333332,0.49159663865546216,1.6833333333333322,0.14334470989761092,0.2791126279863481,0,0,NA,0.7,0.2757679180887372,0.490000000000002,62.3
"MiMedx Group, Inc. (NasdaqCM:MDXG)",NasdaqCM:MDXG,Biotechnology (Primary),5,799.3000000000001,851.6,37,42.79396984924624,9.536394176931692,25.198612862547293,33.58403361344538,37.525821596244135,4.567428571428572,21.602702702702704,0.22284434490481522,0.5756756756756757,0.04525714285714286,0.15101714285714285,0,1.0753768844221105,2.171,0.15,0.12171428571428572,5.128,31.72
"Tyme Technologies, Inc. (OTCPK:TYMI)",OTCPK:TYMI,Pharmaceuticals (Primary),5,882.94,881.6,-1.1300000000000001,NA,NA,NA,NA,NA,NA,NA,3.935222672064777,NA,NA,NA,NA,NA,NA,NA,NA,1.7190999999999999,-3.2200000000000006
"Five Prime Therapeutics, Inc. (NasdaqGS:FPRX)",NasdaqGS:FPRX,Biotechnology (Primary),5,742,891.1,-63.89999999999999,NA,10.458920187793428,NA,NA,NA,34.835680751173705,NA,-0.48591549295774644,NA,0,-1.9577464788732395,NA,NA,NA,NA,-1.9577464788732395,0,-40.1
"Sucampo Pharmaceuticals, Inc. (NasdaqGM:SCMP)",NasdaqGM:SCMP,Pharmaceuticals (Primary),5,842.6999999999999,910.9,14.099999999999994,34.11610486891386,11.068043742405832,15.936081694402418,17.519750519750517,17.70378151260504,6.418126428027417,59.76595744680853,0.3244228432563791,3.3758865248226964,0.0364051789794364,0.38910129474485905,0,0,0.17600000000000002,0.46799999999999997,0.3625285605483625,3.4890000000000003,52.88
"PTC Therapeutics, Inc. (NasdaqGS:PTCT)",NasdaqGS:PTCT,Biotechnology (Primary),5,621,936.2,-16.69999999999999,NA,3.136348408710218,NA,NA,NA,21.713286713286713,NA,-0.4381909547738694,NA,0,-4.7727272727272725,NA,NA,NA,NA,-4.7727272727272725,0,-134.1
Dynavax Technologies Corporation (NasdaqCM:DVAX),NasdaqCM:DVAX,Biotechnology (Primary),5,828.8599999999999,942,-12.64,NA,9.373134328358208,NA,NA,NA,124.45345345345343,NA,-1.0139303482587065,NA,0,-18.37237237237237,NA,NA,-0.157,NA,-15.345345345345345,-20.16,-100.8
Exact Sciences Corporation (NasdaqCM:EXAS),NasdaqCM:EXAS,Biotechnology (Primary),5,677.56,956.6,9.95999999999998,NA,3.3100346020761244,NA,NA,NA,25.56830188679245,68.02811244979934,-0.5200692041522492,NA,1.1056603773584905,-5.18622641509434,NA,NA,0.385,0.225,-5.70566037735849,13.765,-115.10000000000001
"Revance Therapeutics, Inc. (NasdaqGM:RVNC)",NasdaqGM:RVNC,Pharmaceuticals (Primary),5,794.64,962.1,8.939999999999998,NA,5.454081632653061,NA,NA,NA,2648.8,88.88590604026848,-0.3424036281179138,NA,107.00000000000001,-125.20000000000002,NA,NA,NA,NA,-198,21.84,-25.199999999999996
ProMetic Life Sciences Inc. (TSX:PLI),TSX:PLI,Biotechnology (Primary),5,990.7,994,86.9,NA,11.019955654101995,NA,NA,NA,69.76760563380283,11.400460299194476,-0.36585365853658536,NA,0,-2.4225352112676055,NA,NA,0.0248,NA,-2.4225352112676055,0,-32.9
"NantKwest, Inc. (NasdaqGS:NK)",NasdaqGS:NK,Biotechnology (Primary),6,986.265,1045.1,-0.4350000000000023,NA,17.89554794520548,NA,NA,NA,2231.3687782805428,NA,-2.0736301369863015,NA,8.099547511312217,-263.17782805429863,NA,NA,NA,-0.018000000000000002,-270.81447963800906,3.3754,-115.02
Theravance Inc. (NasdaqGS:THRX),NasdaqGS:THRX,Pharmaceuticals (Primary),6,1530.1999999999998,1045.1,261.8,NA,NA,105.53103448275861,105.53103448275861,106.26388888888887,39.84895833333333,5.844919786096256,0.1746529332736229,0.05500381970970206,0,0.375,NA,NA,0.127,NA,0.375,0,14.5
"Lexicon Pharmaceuticals, Inc. (NasdaqGS:LXRX)",NasdaqGS:LXRX,Biotechnology (Primary),6,825.7000000000002,1056.9,52.80000000000001,NA,3.721478873239437,NA,NA,NA,34.261410788381745,15.638257575757576,-0.35070422535211265,NA,0,-3.1825726141078836,NA,NA,0.303,-0.9129999999999999,-3.1825726141078836,0,-75.4
"ImmunoGen, Inc. (NasdaqGS:IMGN)",NasdaqGS:IMGN,Biotechnology (Primary),6,780.4999999999999,1058.6,-243.00000000000003,NA,30.159544159544154,NA,NA,NA,8.950688073394494,NA,-2.056980056980057,NA,0,-0.7018348623853211,NA,NA,0.506,NA,-0.7018348623853211,0,-55.9
"Cempra, Inc. (NasdaqGS:CEMP)",NasdaqGS:CEMP,Pharmaceuticals (Primary),6,984.6999999999999,1065.3,-19.599999999999994,NA,17.463934426229507,NA,NA,NA,41.02916666666666,NA,-1.4245901639344263,NA,0,-3.685416666666667,NA,NA,NA,NA,-3.5124999999999997,-4.15,-84.2
"Heron Therapeutics, Inc. (NasdaqCM:HRTX)",NasdaqCM:HRTX,Biotechnology (Primary),6,994.4999999999998,1065.6,-8,NA,16.887480190174326,NA,NA,NA,NA,NA,-1.323296354992076,NA,NA,NA,NA,NA,NA,0.725,NA,0,-81.2
Eagle Pharmaceuticals Inc. (NasdaqGM:EGRX),NasdaqGM:EGRX,Biotechnology (Primary),6,1044.6999999999998,1079.6,-7,NA,38.69534050179211,87.78991596638653,NA,NA,19.382189239332092,NA,-0.17526881720430107,NA,0.3673469387755102,0.17198515769944345,NA,NA,NA,NA,-0.1469387755102041,17.19,11.9
"Amicus Therapeutics, Inc. (NasdaqGM:FOLD)",NasdaqGM:FOLD,Biotechnology (Primary),6,953.4000000000001,1090.7,-15.099999999999994,NA,8.925531914893616,NA,NA,NA,3253.9249146757684,NA,-0.7348608837970539,NA,102.04778156996588,-275.5597269624574,NA,NA,-0.648,NA,-299.65870307167233,7.061,-56.300000000000004
"Acceleron Pharma, Inc. (NasdaqGM:XLRN)",NasdaqGM:XLRN,Biotechnology (Primary),6,916.0999999999999,1092.6,-20.19999999999999,NA,6.9904030710172735,NA,NA,NA,52.64942528735632,NA,-0.32309660908509275,NA,1.9195402298850575,-1.802298850574713,NA,NA,NA,NA,-3.109195402298851,22.74,-19.5
"Coherus Biosciences, Inc. (NasdaqGM:CHRS)",NasdaqGM:CHRS,Biotechnology (Primary),6,952.4,1102.8,-83.60000000000001,NA,16.508982035928145,NA,NA,NA,27.05681818181818,NA,-2.0434131736526946,NA,0.5482954545454545,-3.1919886363636363,NA,NA,NA,NA,-3.6505681818181817,16.142,-108.10000000000001
"Merrimack Pharmaceuticals, Inc. (NasdaqGM:MACK)",NasdaqGM:MACK,Biotechnology (Primary),6,1108.2,1112,-105.89999999999999,NA,NA,NA,NA,NA,9.781112091791703,NA,0.931439764936337,NA,0,-0.6831421006178289,NA,NA,NA,NA,-0.6831421006178289,0,-74.4
Repligen Corporation (NasdaqGS:RGEN),NasdaqGS:RGEN,Biotechnology (Primary),6,1077.2,1135.7,53.2,149.2378449408673,10.167412712623097,41.751937984496124,53.86,69.05128205128206,14.576454668470905,20.24812030075188,0.06812891674127126,0.2932330827067669,0.07848443843031122,0.16500676589986465,0,0,NA,0.175,0.21109607577807846,-3.4059999999999997,25.8
"TherapeuticsMD, Inc. (AMEX:TXMD)",AMEX:TXMD,Pharmaceuticals (Primary),6,1086.3999999999999,1137.8,-3,NA,23.50826446280992,NA,NA,NA,61.03370786516853,NA,-1.7004132231404958,NA,4.01123595505618,-0.9576516853932575,NA,NA,NA,NA,-4.623595505617978,65.25380000000001,-10.899999999999991
DepoMed Inc. (NasdaqGS:DEPO),NasdaqGS:DEPO,Pharmaceuticals (Primary),6,810.8000000000001,1140.3,34.89999999999998,16.81858407079646,3.1292535675082327,3.828139754485364,4.021825396825397,4.902055622732769,2.174892703862661,23.23209169054443,0.18605927552140505,4.739255014326651,0.027360515021459225,0.4306625536480687,0,0,0.374,0.89,0.4436695278969957,-4.849000000000002,211.79999999999998
"MacroGenics, Inc. (NasdaqGS:MGNX)",NasdaqGS:MGNX,Biotechnology (Primary),6,983.4999999999999,1141.1,-36.3,1414.0024783147458,9.407254740313272,321.40522875816987,321.40522875816987,1098.8826815642456,9.651619234543668,NA,0.00665292662819456,NA,0,0.008783120706575073,0,0.023543990086741014,NA,NA,0.008783120706575073,0,3.06
"Sarepta Therapeutics, Inc. (NasdaqGS:SRPT)",NasdaqGS:SRPT,Biotechnology (Primary),6,944.73,1148.7,43.72999999999999,NA,4.637464675010094,NA,NA,NA,866.7247706422017,21.60370455065173,-0.7149777957206298,NA,0,-162.11009174311926,NA,NA,-0.42100000000000004,NA,-158.80733944954127,-3.6,-168.3
NewLink Genetics Corporation (NasdaqGM:NLNK),NasdaqGM:NLNK,Biotechnology (Primary),6,952.6300000000001,1154.3,2.1299999999999955,10.687962962962963,5.6638861629048085,5.794586374695864,7.244334600760457,7.311051419800461,4.140069534984789,447.24413145540007,0.5299313052011776,61.17370892018793,0.1429813124728379,0.7013733159495873,0,0,1.6469999999999998,NA,0.5662755323772274,31.086,164.4
Momenta Pharmaceuticals Inc. (NasdaqGS:MNTA),NasdaqGS:MNTA,Biotechnology (Primary),6,971.5,1163,14.900000000000006,NA,5.63468992248062,93.41346153846155,NA,NA,11.56547619047619,65.20134228187916,-0.33527131782945735,NA,0.8488095238095238,-0.28599285714285727,NA,NA,0.391,NA,-0.8321428571428572,45.876599999999996,10.399999999999999
"Achillion Pharmaceuticals, Inc. (NasdaqGS:ACHN)",NasdaqGS:ACHN,Biotechnology (Primary),6,1031.474,1183.9,-8.926000000000016,NA,8.250174216027876,NA,NA,NA,1450.7369901547117,NA,-0.5958188153310104,NA,0,-120.9563994374121,NA,NA,0.21600000000000003,NA,-120.9563994374121,0,-85.4
"Seres Therapeutics, Inc. (NasdaqGS:MCRB)",NasdaqGS:MCRB,Biotechnology (Primary),6,1088,1199.7,-0.7999999999999972,NA,10.81785392245266,NA,NA,NA,NA,NA,-0.29666366095581603,NA,NA,NA,NA,NA,NA,NA,NA,20.141,-9.100000000000001
Insmed Incorporated (NasdaqGS:INSM),NasdaqGS:INSM,Biotechnology (Primary),6,1100.3,1234.6,51.900000000000006,NA,6.630504833512353,NA,NA,NA,NA,21.200385356454717,-0.5241675617615468,NA,NA,NA,NA,NA,NA,NA,NA,9.218,-75.3
"Celldex Therapeutics, Inc. (NasdaqGS:CLDX)",NasdaqGS:CLDX,Biotechnology (Primary),6,1073.8,1274.8,10.699999999999989,NA,6.021728861596599,NA,NA,NA,204.92366412213738,100.35514018691599,-0.5781766650921115,NA,0,-25.4030534351145,NA,NA,-0.19399999999999998,NA,-24.064885496183205,-7.0120000000000005,-122.5
"Emergent BioSolutions, Inc. (NYSE:EBS)",NYSE:EBS,Biotechnology (Primary),6,1258.7,1288.2,523.7,28.948314606741572,2.328633405639913,11.432334241598548,11.432334241598548,16.649470899470902,2.6459953752364935,2.4034752721023485,0.0804410701373825,0.1443574565590987,0,0.1589236914021442,0,0.0044943820224719105,0.182,0.255,0.1589236914021442,0,110.1
Phibro Animal Health Corporation (NasdaqGM:PAHC),NasdaqGM:PAHC,Pharmaceuticals (Primary),6,1572.8999999999999,1312.6,289.90000000000003,21.76782752902156,44.34459459459459,14.686274509803921,14.686274509803921,17.792986425339365,2.1011220945765428,5.425664022076577,2.037162162162162,0.30493273542600896,0,0.11720545017365751,0.25870646766169153,0.25870646766169153,NA,0.111,0.11808709591236977,-0.6599999999999999,107.1
MannKind Corp. (NasdaqGM:MNKD),NasdaqGM:MNKD,Biotechnology (Primary),6,1424.2,1323.1,27.300000000000026,NA,NA,NA,NA,NA,NA,52.16849816849812,1.7953929539295395,NA,NA,NA,NA,NA,NA,NA,NA,-91.29999999999998,-50.1
Ariad Pharmaceuticals Inc. (NasdaqGS:ARIA),NasdaqGS:ARIA,Biotechnology (Primary),6,1154.8,1350.6,-115,NA,16.715346534653463,NA,NA,NA,7.745137491616365,NA,-2.1905940594059405,NA,1.0663983903420524,-0.6167002012072436,NA,NA,-0.037599999999999995,NA,-1.1522468142186453,79.85,-3.3000000000000114
"Exelixis, Inc. (NasdaqGS:EXEL)",NasdaqGS:EXEL,Biotechnology (Primary),6,1603.8000000000002,1386.4,102.59999999999997,NA,NA,NA,NA,NA,51.73548387096775,15.631578947368428,1.7334494773519165,NA,4.196774193548387,-6.594838709677418,NA,NA,-0.303,NA,-4.635483870967741,-60.73999999999998,-11.700000000000017
"AMAG Pharmaceuticals, Inc. (NasdaqGS:AMAG)",NasdaqGS:AMAG,Biotechnology (Primary),6,1751.3,1400.2,811.0999999999999,8.304863582443653,3.043913043478261,8.9856336582863,9.944917660420217,15.89201451905626,4.827177508269019,2.1591665639255333,0.3665217391304348,0.1358648748612995,0.05181918412348401,0.3035281146637266,0,0,0.423,NA,0.30374862183020945,-0.0799999999999983,194.9
"Spark Therapeutics, Inc. (NasdaqGS:ONCE)",NasdaqGS:ONCE,Biotechnology (Primary),6,1351.8000000000002,1426.4,-19.39999999999999,NA,25.84057971014493,NA,NA,NA,323.3971291866029,NA,-0.7210144927536231,NA,6.818181818181818,-3.0928229665071783,NA,NA,NA,NA,-9.377990430622011,26.272,-9.700000000000003
"Global Blood Therapeutics, Inc. (NasdaqGS:GBT)",NasdaqGS:GBT,Biotechnology (Primary),6,1418.5,1470.6,0.6999999999999957,NA,27.852272727272727,NA,NA,NA,NA,2026.4285714285838,-0.5018939393939394,NA,NA,NA,NA,NA,NA,NA,NA,18.38,-4.5
"FibroGen, Inc. (NasdaqGS:FGEN)",NasdaqGS:FGEN,Biotechnology (Primary),6,1441.4,1507.5,174.59999999999997,NA,6.262982966348152,NA,NA,NA,8.65186074429772,8.25544100801833,-0.3298712089738264,NA,0,-0.42316926770708285,NA,NA,NA,NA,-0.42316926770708285,0,-65.1
Alder Biopharmaceuticals Inc. (NasdaqGM:ALDR),NasdaqGM:ALDR,Biotechnology (Primary),6,1478.3,1534.2,3.3000000000000043,NA,25.91554054054054,138.15887850467288,NA,NA,32.70575221238938,447.9696969696964,-0.17905405405405403,NA,0.4668141592920354,0.059955752212389433,NA,NA,NA,NA,-0.24557522123893802,13.810000000000002,10.700000000000001
"Sage Therapeutics, Inc. (NasdaqGM:SAGE)",NasdaqGM:SAGE,Biotechnology (Primary),6,1428.7,1556.5,-5.8999999999999915,NA,12.768662838392125,NA,NA,NA,NA,NA,-0.5225594749794914,NA,NA,NA,NA,NA,NA,NA,NA,42.427,-16.700000000000003
"Acorda Therapeutics, Inc. (NasdaqGS:ACOR)",NasdaqGS:ACOR,Biotechnology (Primary),6,1571.3000000000002,1587.9,523.6999999999999,728.394495412844,2.938922820655192,7.821304131408663,22.51146131805158,28.36281588447654,3.2762718932443704,3.000381898033226,0.004034795483990376,0.10578575520336071,0.2733527939949958,0.3117389491242702,0,0,0.282,0.29,0.11551292743953294,94.11,200.89999999999998
"ZIOPHARM Oncology, Inc. (NasdaqCM:ZIOP)",NasdaqCM:ZIOP,Biotechnology (Primary),6,1560.1000000000001,1602.9,-9,NA,47.42307692307693,NA,NA,NA,1026.3815789473686,NA,-3.221893491124261,NA,0,-79.39144736842105,NA,NA,NA,NA,-75.65789473684211,-5.675,-114.5
Nektar Therapeutics (NasdaqGS:NKTR),NasdaqGS:NKTR,Pharmaceuticals (Primary),6,1518.8000000000002,1622.9,-67.80000000000001,266.4860426929393,44.70798898071626,7.015242494226329,27.81684981684982,35.820754716981135,5.349771046143009,NA,0.16776859504132233,NA,0.5702712222613597,0.22839027826699554,0,0,0.17800000000000002,NA,0.14934836209933075,22.440000000000026,216.5
"Ironwood Pharmaceuticals, Inc. (NasdaqGS:IRWD)",NasdaqGS:IRWD,Biotechnology (Primary),6,1560.1,1631.1,17.599999999999966,NA,18.409706546275395,NA,NA,NA,13.966875559534467,88.64204545454562,-1.8160270880361176,NA,0,-1.2533572068039391,NA,NA,0.218,NA,-1.2533572068039391,0,-127.9
"ZS Pharma, Inc. (NasdaqGM:ZSPH)",NasdaqGM:ZSPH,Pharmaceuticals (Primary),6,1592.8000000000002,1684.7,4.900000000000006,NA,17.403925619834713,NA,NA,NA,NA,325.06122448979556,-0.9473140495867769,NA,NA,NA,NA,NA,NA,NA,NA,51.961000000000006,-23
"Aduro BioTech, Inc. (NasdaqGS:ADRO)",NasdaqGS:ADRO,Biotechnology (Primary),6,1608.7,1728.2,-40.7,NA,21.931472081218274,NA,NA,NA,50.588050314465406,NA,-0.6154822335025381,NA,0,-0.7327044025157233,NA,NA,NA,NA,-0.7327044025157233,0,-22.9
"Lannett Company, Inc. (NYSE:LCI)",NYSE:LCI,Pharmaceuticals (Primary),6,1520.6100000000001,1733.4,251.01,11.563709139426285,3.73738680465718,5.707995495495497,6.440533672172809,6.597006507592192,3.7379793510324486,6.057965818094897,0.3231996550237171,0.9182901079638262,0.07448377581120944,0.6108947885939037,0,0.0008072048032021347,0.266,0.14300000000000002,0.5666175024582104,18.012,266.4
Concordia Healthcare Corp. (TSX:CXR),TSX:CXR,Pharmaceuticals (Primary),6,1973,1757.1,473.49999999999994,90.5721649484536,6.821040372670806,15.796637309847878,17.429328621908127,23.799758745476478,10.206932229694774,4.166842661034847,0.07531055900621117,0.17507919746568112,0.06052767718572167,0.483585100879462,0.44484536082474235,0.44484536082474235,NA,0.38299999999999995,0.4288670460424211,10.577,124.9
"Tesaro, Inc. (NasdaqGS:TSRO)",NasdaqGS:TSRO,Biotechnology (Primary),6,1699.4,1840.8,-17.299999999999983,NA,14.833199033037873,NA,NA,NA,19533.333333333336,NA,-1.8017727639000807,NA,1636.7816091954026,-958.8057471264368,NA,NA,NA,NA,-2304.5977011494256,117.0839,-57.5
Ophthotech Corporation (NasdaqGS:OPHT),NasdaqGS:OPHT,Biotechnology (Primary),6,1545.1,1883.7,-210.10000000000002,NA,14.659143968871597,NA,NA,NA,18.285207100591716,NA,-0.4171206225680934,NA,0,-0.6365680473372781,NA,NA,NA,0.13,-0.6201183431952663,-1.3900000000000001,-51.9
Ligand Pharmaceuticals Incorporated (NasdaqGM:LGND),NasdaqGM:LGND,Biotechnology (Primary),6,1916.4999999999998,1887.6,53.29999999999998,57.724770642201825,77.36065573770492,77.5910931174089,77.5910931174089,86.71945701357464,26.99295774647887,35.95684803001877,1.3401639344262297,0.41463414634146356,0,0.09014084507042257,0,2.079510703363914,0.161,0.35,0.31126760563380285,-15.7,24.7
"Pacira Pharmaceuticals, Inc. (NasdaqGS:PCRX)",NasdaqGS:PCRX,Pharmaceuticals (Primary),6,1862.9,1916.2,117.80000000000001,187.86274509803923,11.199298655756868,64.01718213058419,64.01718213058419,102.35714285714286,7.713871635610767,15.81409168081494,0.05961426066627703,0.15449915110356535,0,0.07533954451345755,0,0,0.7070000000000001,0.5760000000000001,0.0753623188405797,-0.0055,29.1
"Chimerix, Inc. (NasdaqGM:CMRX)",NasdaqGM:CMRX,Biotechnology (Primary),6,1707.3,1937.6,44.30000000000004,NA,7.056081573197377,NA,NA,NA,221.15284974093265,38.539503386004476,-0.30699198834668606,NA,0,-11.062176165803109,NA,NA,NA,NA,-11.062176165803109,0,-84.9
"INSYS Therapeutics, Inc. (NasdaqGM:INSY)",NasdaqGM:INSY,Biotechnology (Primary),6,1917.3999999999999,2000.3,82.79999999999998,55.25690607734806,12.071816535908269,15.690671031096562,25.94587280108254,27.352353780313837,7.0183016105417275,23.157004830917877,0.21846710923355464,0.8466183574879228,0.1767935578330893,0.39242679355783305,0,0,NA,0.31,0.256588579795022,37.111,122.2
"Novavax, Inc. (NasdaqGS:NVAX)",NasdaqGS:NVAX,Biotechnology (Primary),6,1900.1980000000003,2067.3,62.49799999999999,NA,9.003919860627178,NA,NA,NA,48.97417525773197,30.40414093250985,-0.41942508710801396,NA,0,-2.632422680412371,NA,NA,1.507,NA,-2.4896907216494846,-5.537999999999999,-90.2
"Halozyme Therapeutics, Inc. (NasdaqGS:HALO)",NasdaqGS:HALO,Biotechnology (Primary),6,2026.2000000000003,2111.9,-44.3,NA,51.012077294685994,NA,NA,NA,18.936448598130845,NA,-0.9082125603864735,NA,0,-0.30628691588785045,NA,NA,0.46,NA,-0.2934579439252336,-1.3726999999999998,-29.6
"Intra-Cellular Therapies, Inc. (NasdaqGS:ITCI)",NasdaqGS:ITCI,Pharmaceuticals (Primary),6,2071.9,2201.5,-9,NA,18.254560530679935,NA,NA,NA,8254.581673306773,NA,-0.5422885572139304,NA,0,-262.54980079681275,NA,NA,NA,NA,-262.54980079681275,0,-65.8
Indivior PLC (LSE:INDV),LSE:INDV,Pharmaceuticals (Primary),6,2772.2,2367.2,-70,7.538853503184713,NA,4.428434504792332,5.60040404040404,5.898297872340425,2.620226843100189,NA,-0.6610526315789473,NA,0.12381852551984877,0.5428166351606805,1.5923566878980893,1.5923566878980893,NA,-0.439,0.444234404536862,104.3,626
The Medicines Company (NasdaqGS:MDCO),NasdaqGS:MDCO,Pharmaceuticals (Primary),6,2264.2,2388.2,796.0999999999999,NA,2.5955874361482443,NA,NA,NA,4.710214270855003,2.844115060921995,-0.16519943484403868,NA,0.2991470771791138,-0.39369669232369464,NA,NA,0.0273,NA,-0.4782608695652174,40.650000000000006,-55.69999999999999
Impax Laboratories Inc. (NasdaqGS:IPXL),NasdaqGS:IPXL,Pharmaceuticals (Primary),6,2048.6,2463.5,473,321.1864406779661,2.774524158125915,12.12189349112426,19.290018832391713,35.44290657439446,3.1687548337200306,4.331078224101479,0.008638360175695461,0.12219873150105708,0.097138437741686,0.09470997679814386,0,0,-0.0206,0.23600000000000002,0.0894044856921887,3.430000000000007,169
Cepheid (NasdaqGS:CPHD),NasdaqGS:CPHD,Biotechnology (Primary),6,2560.2,2575.4,339,NA,7.271033314511576,21.16742455560149,306.61077844311376,NA,4.894284075702542,7.55221238938053,-0.17645398080180688,NA,0.21525520932900016,0.07176448097878035,NA,NA,0.20800000000000002,0.18600000000000003,-0.04645383291913592,61.84,120.94999999999999
"Prestige Brands Holdings, Inc. (NYSE:PBH)",NYSE:PBH,Pharmaceuticals (Primary),6,4169.4,2602,2195,29.669327251995437,4.145952836201402,16.079444658696488,16.079444658696488,17.45979899497487,5.478123768230192,1.8994988610478358,0.13973868706182282,0.10879271070615035,0,0.3137564052029957,0,0.03557582668187001,0.20800000000000002,0.12,0.3137564052029957,0,259.3
"Portola Pharmaceuticals, Inc. (NasdaqGS:PTLA)",NasdaqGS:PTLA,Biotechnology (Primary),6,2318.8999999999996,2628.2,38.5,NA,7.556641748131109,NA,NA,NA,242.05636743215027,60.23116883116882,-0.5184013801035078,NA,0,-18.83089770354906,NA,NA,NA,NA,-18.83089770354906,0,-178.9
"Radius Health, Inc. (NasdaqGM:RDUS)",NasdaqGM:RDUS,Biotechnology (Primary),6,2795.6,2876.5,-17.39999999999999,NA,45.2992125984252,NA,NA,NA,NA,NA,-1.1874015748031497,NA,NA,NA,NA,NA,NA,0.0273,NA,30.84,-19.099999999999994
"Myriad Genetics, Inc. (NasdaqGS:MYGN)",NasdaqGS:MYGN,Biotechnology (Primary),6,2758.1,2902.9,517.3,36.19576059850374,4.38438302371243,11.005985634477254,15.751570531125072,18.37508327781479,3.814271884939842,5.331722404794124,0.12112973871016462,0.29016044848250533,0.10441156133314894,0.2430230950076061,0,2.6271820448877805,0.14800000000000002,0.174,0.20757848153782324,25.629999999999995,250.6
"Agios Pharmaceuticals, Inc. (NasdaqGS:AGIO)",NasdaqGS:AGIO,Biotechnology (Primary),6,2574.8,2916.9,82.29999999999995,NA,6.872997172478795,NA,NA,NA,26.820833333333336,31.28554070473878,-0.14090480678605088,NA,0,-0.6333333333333333,NA,NA,NA,NA,-0.6333333333333333,0,-59
"Puma Biotechnology, Inc. (NYSE:PBYI)",NYSE:PBYI,Biotechnology (Primary),6,2834.7999999999997,2976.1,-24.30000000000001,NA,25.436752136752137,NA,NA,NA,NA,NA,-1.7136752136752136,NA,NA,NA,NA,NA,NA,-0.9590000000000001,NA,153.86739999999998,-24.600000000000023
"bluebird bio, Inc. (NasdaqGS:BLUE)",NasdaqGS:BLUE,Biotechnology (Primary),6,2586.3,3059.9,17.69999999999999,NA,6.228170160797883,NA,NA,NA,107.7625,146.1186440677967,-0.23040911866476693,NA,0,-4.179166666666666,NA,NA,NA,NA,-4.179166666666666,0,-93.6
"Akorn, Inc. (NasdaqGS:AKRX)",NasdaqGS:AKRX,Pharmaceuticals (Primary),6,4142.400000000001,3095.4,1433.8,87.68838526912182,8.00258531540848,17.44168421052632,19.886701872299568,27.671342685370746,6.984319676277188,2.8891058725066263,0.09126163391933816,0.10440786720602593,0.04923284437700219,0.28152082279548135,0,0,0.509,0.259,0.25240263024785026,17.27,237.5
"Kite Pharma, Inc. (NasdaqGS:KITE)",NasdaqGS:KITE,Biotechnology (Primary),6,2796.3,3163.3,-4.399999999999977,NA,8.723938223938223,NA,NA,NA,384.1071428571429,NA,-0.15995587424158852,NA,3.1730769230769234,-5.467032967032966,NA,NA,NA,NA,-8.228021978021978,20.1,-35.1
"Catalent, Inc. (NYSE:CTLT)",NYSE:CTLT,Pharmaceuticals (Primary),6,5163.400000000001,3426.8,2376.3999999999996,16.14891611687088,5.356048765239138,11.980046403712299,12.329035339063994,18.57338129496403,2.8202971378632298,2.172782359872076,0.33166614567052205,0.1169836727823599,0.006663753550360498,0.15681669215643437,0,0.048539114043355334,NA,0.096,0.1518461874590343,9.1,431
ACADIA Pharmaceuticals Inc. (NasdaqGS:ACAD),NasdaqGS:ACAD,Biotechnology (Primary),6,3724.2,4046.7,-13,NA,13.074959612277867,NA,NA,NA,55585.074626865666,NA,-0.42940226171243945,NA,0,-1870.9462686567163,NA,NA,-0.622,NA,-1859.7014925373132,-0.7534,-124.1
"Clovis Oncology, Inc. (NasdaqGS:CLVS)",NasdaqGS:CLVS,Biotechnology (Primary),6,3862.3,4057.5,136.40000000000003,NA,12.236127864897465,NA,NA,NA,NA,28.315982404692075,-0.6911942098914354,NA,NA,NA,NA,NA,NA,NA,NA,169.446,-27
Intrexon Corporation (NYSE:XON),NYSE:XON,Biotechnology (Primary),6,3967.6,4070.9,306,NA,9.94600537503054,NA,NA,NA,30.287022900763358,12.966013071895425,-0.11605179574883948,NA,0,-1.049618320610687,NA,NA,NA,-0.742,-1.049618320610687,0,-123.5
"Intercept Pharmaceuticals, Inc. (NasdaqGS:ICPT)",NasdaqGS:ICPT,Biotechnology (Primary),6,3876.8,4116.5,-8.799999999999983,NA,17.828064097011694,NA,NA,NA,1394.5323741007196,NA,-0.6838458207016024,NA,38.63309352517986,-24.1546762589928,NA,NA,NA,NA,-57.44604316546763,92.55000000000001,-51.29999999999998
Ultragenyx Pharmaceutical Inc. (NasdaqGS:RARE),NasdaqGS:RARE,Biotechnology (Primary),6,4053.2,4240.7,-2.5999999999999943,NA,22.935100054083286,NA,NA,NA,NA,NA,-0.4532179556517036,NA,NA,NA,NA,NA,NA,NA,NA,57.687999999999995,-16.799999999999997
Neurocrine Biosciences Inc. (NasdaqGS:NBIX),NasdaqGS:NBIX,Biotechnology (Primary),6,4324.599999999999,4518.4,14.899999999999977,NA,21.650215620507904,NA,NA,NA,218.41414141414137,290.2416107382554,-0.37901293723047436,NA,2.2474747474747474,-2.522727272727273,NA,NA,-0.00805,NA,-4.237373737373738,33.95,-38.5
"Anacor Pharmaceuticals, Inc. (NasdaqGM:ANAC)",NasdaqGM:ANAC,Biotechnology (Primary),6,5017.2,5103.2,-7.199999999999989,NA,64.76142131979695,NA,NA,NA,70.86440677966101,NA,-0.666243654822335,NA,0.021610169491525427,-0.7227401129943504,NA,NA,0.179,NA,-0.7443502824858758,1.53,-50.57
Dyax Corp. (NasdaqGM:DYAX),NasdaqGM:DYAX,Biotechnology (Primary),6,5071.2,5173.7,3.3000000000000114,NA,48.900756143667294,NA,NA,NA,52.012307692307694,1536.7272727272673,-0.28071833648393196,NA,0,-0.3678974358974359,NA,NA,0.15,0.307,-0.19179487179487179,-17.169999999999998,-17.7
"Opko Health, Inc. (NYSE:OPK)",NYSE:OPK,Biotechnology (Primary),6,5324.900000000001,5274.5,886.1,NA,6.311475409836065,NA,NA,NA,45.202886247877764,6.009366888613024,-0.3129113318176379,NA,0.44227504244482174,-0.6267147707979627,NA,NA,0.439,0.0375,-0.9320882852292021,35.973,-42.699999999999996
Juno Therapeutics Inc. (NasdaqGS:JUNO),NasdaqGS:JUNO,Biotechnology (Primary),6,4960.299999999999,5395.9,-47.10000000000002,NA,13.889060489060489,NA,NA,NA,396.82399999999996,NA,-0.8818532818532819,NA,25.055999999999997,-3.836000000000004,NA,NA,NA,NA,-26.368000000000002,281.65,-13.800000000000011
"Seattle Genetics, Inc. (NasdaqGS:SGEN)",NasdaqGS:SGEN,Biotechnology (Primary),6,5650.8,5964.2,-102.59999999999997,NA,28.293168880455404,NA,NA,NA,17.786591123701605,NA,-0.5801707779886147,NA,0,-0.4091281082782499,NA,NA,0.213,NA,-0.3887315077116777,-6.4799999999999995,-109.4
"Isis Pharmaceuticals, Inc. (NasdaqGS:ISIS)",NasdaqGS:ISIS,Biotechnology (Primary),6,5879.1,6232,-95.10000000000002,267.46781115879827,24.17377812257564,167.9742857142857,167.9742857142857,233.29761904761907,18.84931067649888,NA,0.09038013964313421,NA,0,0.08079512664315486,0,0,0.226,NA,0.08079512664315486,0,35
United Therapeutics Corporation (NasdaqGS:UTHR),NasdaqGS:UTHR,Biotechnology (Primary),6,6415,6984,673.4000000000001,10.535525720319807,5.6213779781068896,6.4343029087261785,8.480962453728186,8.878892733564014,4.558698123934053,9.526284526284526,0.5335640695428203,1.0729135729135728,0.17097782831154062,0.5819215463331439,0,0.7156433851259617,0.212,0.05,0.5134309266628766,96.38,997
"Medivation, Inc. (NasdaqGS:MDVN)",NasdaqGS:MDVN,Biotechnology (Primary),6,6994.900000000001,7256.1,188.09999999999997,27.391845979614953,16.149788559982195,23.262055204522785,23.262055204522785,23.743720298710116,8.966670939623127,37.18713450292399,0.5895837970175828,1.5661881977671455,0,0.3689321881810025,0,0,0.629,0.591,0.37764389180874247,-6.795999999999999,300.7
"Alnylam Pharmaceuticals, Inc. (NasdaqGS:ALNY)",NasdaqGS:ALNY,Biotechnology (Primary),6,7178.400000000001,7875.1,239.5999999999999,NA,8.410872583573642,1071.4029850746288,NA,NA,115.40836012861736,29.959933222036742,-0.20068354159991458,NA,3.337620578778135,-1.567363344051447,NA,NA,-0.0943,NA,-3.4742765273311895,118.60999999999999,6.699999999999989
BioMarin Pharmaceutical Inc. (NasdaqGS:BMRN),NasdaqGS:BMRN,Biotechnology (Primary),6,18553.5,18840.7,1240.7,NA,12.33110805681,NA,NA,NA,20.75799955247259,14.95405819295559,-0.20302375809935203,NA,0,-0.2675095099574849,NA,NA,0.198,0.25,-0.2675095099574849,0,-190.9
Incyte Corporation (NasdaqGS:INCY),NasdaqGS:INCY,Biotechnology (Primary),6,21864,21775.2,7.2000000000000455,NA,NA,NA,NA,NA,34.49668665194068,3036.6666666666474,1.0490196078431373,NA,0,-0.06326917008520039,NA,NA,0.475,0.578,-0.06326917008520039,0,-28.9
Zoetis Inc. (NYSE:ZTS),NYSE:ZTS,Pharmaceuticals (Primary),6,24841.3,22073.3,4105,49.82686230248307,16.509573672400897,13.90111919418019,17.630447125621007,20.59809286898839,5.163437954687175,6.051473812423873,0.33133881824981304,0.29378806333739343,0.07856994387861152,0.2799625857410102,0,0,NA,0.13,0.25067553523176056,140.9,1787
Baxalta Incorporated (NYSE:BXLT),NYSE:BXLT,Biotechnology (Primary),6,23891.8,23617.8,6021,14.542980295566503,4.1095876109274405,8.529739378793288,11.51967213114754,12.956507592190889,3.9373434410019774,3.9680783922936387,0.28258221680876977,0.3062614183690417,0.11980883322346737,0.39245220830586686,0,0,NA,0.075,0.3038892551087673,537.4,2801
Vertex Pharmaceuticals Incorporated (NasdaqGS:VRTX),NasdaqGS:VRTX,Biotechnology (Primary),6,30629.200000000004,31191.4,534,NA,28.454114212734904,NA,NA,NA,40.35467720685113,57.35805243445694,-0.6014413428206531,NA,0,-0.9519104084321476,NA,NA,0.467,0.313,-0.7404479578392622,-160.5,-500.2
"Valeant Pharmaceuticals International, Inc. (NYSE:VRX)",NYSE:VRX,Pharmaceuticals (Primary),6,49367,34471.4,20330.1,56.96810444554619,6.3430674395068545,9.36897441736886,9.929801271220532,17.46082835213808,4.944561853346821,2.4282713808589236,0.11134418989787469,0.13906965533863583,0.029807393756072154,0.30316503240151843,0,0.08263097008758882,0.615,0.228,0.2831802566080067,199.53000000000003,5269.200000000001
"Alexion Pharmaceuticals, Inc. (NasdaqGS:ALXN)",NasdaqGS:ALXN,Biotechnology (Primary),6,38932.6,40729.6,1505,176.24231934227606,12.334827377347063,26.208414675193538,46.45894988066826,49.3567444219067,15.556239261597476,25.868837209302324,0.06998788612961841,0.5241196013289037,0.2587205817716866,0.5062732249170896,0,0,0.382,0.23800000000000002,0.3151796060254925,478.25,1485.5
"Regeneron Pharmaceuticals, Inc. (NasdaqGS:REGN)",NasdaqGS:REGN,Biotechnology (Primary),6,60735.9,61177.3,2100.9,134.72208764589297,24.063761161153288,54.88018433179723,54.88018433179723,57.99837662337662,17.88296086918117,28.90946737112666,0.17861778704322856,0.4984530439335523,0,0.3083355416188205,0,0.5252147104162078,0.509,0.23399999999999999,0.3083355416188205,0,1106.7
Biogen Inc. (NasdaqGS:BIIB),NasdaqGS:BIIB,Biotechnology (Primary),6,66297.3,67557.5,9553.800000000001,18.771708021895577,6.247225818383577,8.882155919668815,12.069635347448525,13.55440382728165,6.2769051609055015,6.939364441374113,0.33280007397817646,0.5119638259122024,0.18662955283513694,0.5371744255403754,0,0.9794659479285337,0.18,0.133,0.4630897264748487,782.49,7464.099999999999
Eli Lilly and Company (NYSE:LLY),NYSE:LLY,Pharmaceuticals (Primary),6,90290.90000000001,87013.8,18665.2,36.8937036251855,5.654616229424035,9.170778528261643,17.01162483985229,23.247483199876413,4.582270964860641,4.837392580845638,0.1532677848467322,0.20808242076163128,0.23029881650798803,0.20787793589249093,0.8985372058511765,1.2362942548229805,-0.028999999999999998,0.154,0.19710826008404214,212.20999999999913,9845.5
Celgene Corporation (NasdaqGS:CELG),NasdaqGS:CELG,Biotechnology (Primary),6,99885.4,100556.7,5853.500000000001,45.75959044368601,15.411460887690044,19.3310367517563,31.161602296125285,35.280234529528116,11.85400472330679,17.064217989237203,0.33679193231976456,0.483676432903391,0.23280680725822725,0.4538302695133095,0,1.2697155858930602,0.221,0.205,0.3359956327213605,992.9100000000001,5167.1
AbbVie Inc. (NYSE:ABBV),NYSE:ABBV,Biotechnology (Primary),6,111548.4,104911.4,8379,37.242243521476745,60.22468427095293,8.962590390486904,13.177601890135852,14.483043365359647,5.090977134772489,13.312853562477622,1.6171067738231917,0.9192027688268289,0.18168956232029573,0.46339555474419236,0,0,NA,0.154,0.35151293870658573,2451.46,12446
Bristol-Myers Squibb Company (NYSE:BMY),NYSE:BMY,Pharmaceuticals (Primary),6,110089.8,109689.8,15383,61.797070422535214,7.320950410465194,12.590324794144557,24.656170212765957,29.45940594059406,6.6595971205613695,7.156588441786388,0.11846759660949076,0.24293050770330885,0.2588470146996552,0.2812292057346803,1.3842253521126762,1.3842253521126762,-0.0316,0.218,0.22606012945375356,912,8744
Amgen Inc. (NasdaqGS:AMGN),NasdaqGS:AMGN,Biotechnology (Primary),6,126124,122435,29467,19.032333281517175,4.749592675925207,8.74040194040194,12.243859819435006,15.106479817942269,5.877988535209955,4.280177826042692,0.24955388315617968,0.2833338989377948,0.1924313743766603,0.4296360162184835,0,0,0.0739,0.0944,0.38910378897329545,869.6999999999998,14430
Allergan plc (NYSE:AGN),NYSE:AGN,Pharmaceuticals (Primary),6,139252.5,123959.8,43628.2,NA,4.374717227506132,16.583008824264944,19.319159267480575,53.149809160305345,7.854415314847821,3.1918002576315323,-0.08931552293059943,0.06005290156366754,0.06708142499379555,0.19585542494867225,NA,NA,0.41,0.128,0.14777880558626447,852.36,8397.3
Merck & Co. Inc. (NYSE:MRK),NYSE:MRK,Pharmaceuticals (Primary),6,160923.8,155224.8,54490,14.397996475280586,3.1814228033858702,7.589671272933075,11.062335876813087,18.983579096378435,4.046870363384886,2.9532721600293628,0.2209628824988215,0.15556982932648192,0.16738337734188358,0.22947416069407772,0,0,-0.02,0.07629999999999999,0.21317741732679493,648.04,21203
Gilead Sciences Inc. (NasdaqGS:GILD),NasdaqGS:GILD,Biotechnology (Primary),6,166566.4,164290.4,18110,9.714427625354777,10.375798913729948,6.586828431101163,7.435402512298119,7.806092417283719,5.29673418768086,9.197482054113749,1.068081343943413,1.1782440640530094,0.09177346010748243,0.7338483798136548,0,0,0.315,0.08380000000000001,0.6785384933379973,1739.33,25287.8
Pfizer Inc. (NYSE:PFE),NYSE:PFE,Pharmaceuticals (Primary),6,216770.2,216227.2,72165,25.864497607655505,3.0190053335567284,8.119038166223454,11.212445042155899,14.932162292484675,4.523396352405993,3.0038134829903695,0.11672391164725922,0.20116399916857203,0.15370810901047535,0.29953257376570264,0,0,-0.06269999999999999,0.0817,0.3029297608613998,-162.80000000000018,26699
Johnson & Johnson (NYSE:JNJ),NYSE:JNJ,Pharmaceuticals (Primary),6,268377.6,282698.6,55431,19.211593611960584,4.05291031081546,8.554958401071053,11.899334929502526,14.23753846153846,3.805856743763915,4.841651783298154,0.21096169285468516,0.34006241994551784,0.12503367982188693,0.2866060666222329,0.5475365273530411,0.964593951749915,0.0245,0.053899999999999997,0.2673114284498773,1360.6000000000004,31371
,,0,1,1,,,,,,,,,,,,,,,,,,,,
,,1.00001,10,2,,,,,,,,,,,,,,,,,,,,
,,10.00001,250,3,,,,,,,,,,,,,,,,,,,,
,,250.00001,500,4,,,,,,,,,,,,,,,,,,,,
,,500.00001,1000,5,,,,,,,,,,,,,,,,,,,,
,,1000.00001,9999999999,6,,,,,,,,,,,,,,,,,,,,
